title,stars_in_movie,critic_score,audience_score,awards_all,nomination_count,award_count,awards_won,awards_nominated,worldwide_gross,production_budget
M*A*S*H,,84.0,83.0,"Oscars - ACTRESS IN A SUPPORTING ROLE(Nominated)
Oscars - DIRECTING(Nominated)
Oscars - FILM EDITING(Nominated)
Oscars - BEST PICTURE(Nominated)
Oscars - WRITING (Screenplay--based on material from another medium)(Won)
BAFTAs - Film | Direction in 1971(Nominated)
BAFTAs - Film | Film in 1971(Nominated)
BAFTAs - Film | Film Editing in 1971(Nominated)
BAFTAs - Film | Soundtrack in 1971(Nominated)
BAFTAs - Film | United Nations Award - for the best Film embodying one or more of the principles of the United Nations Charter in 1971(Won)
Golden Globes - Best Motion Picture - Musical or Comedy(Won)
Golden Globes - Best Performance by an Actor in a Motion Picture - Musical or Comedy(Nominated)
Golden Globes - Best Performance by an Actor in a Motion Picture - Musical or Comedy(Nominated)
Golden Globes - Best Performance by an Actress in a Supporting Role in any Motion Picture(Nominated)
Golden Globes - Best Director - Motion Picture(Nominated)
Golden Globes - Best Screenplay - Motion Picture(Nominated)",16,3,"Oscars - WRITING (Screenplay--based on material from another medium)(Won)
BAFTAs - Film | United Nations Award - for the best Film embodying one or more of the principles of the United Nations Charter in 1971(Won)
Golden Globes - Best Motion Picture - Musical or Comedy(Won)","Oscars - ACTRESS IN A SUPPORTING ROLE(Nominated)
Oscars - DIRECTING(Nominated)
Oscars - FILM EDITING(Nominated)
Oscars - BEST PICTURE(Nominated)
BAFTAs - Film | Direction in 1971(Nominated)
BAFTAs - Film | Film in 1971(Nominated)
BAFTAs - Film | Film Editing in 1971(Nominated)
BAFTAs - Film | Soundtrack in 1971(Nominated)
Golden Globes - Best Performance by an Actor in a Motion Picture - Musical or Comedy(Nominated)
Golden Globes - Best Performance by an Actor in a Motion Picture - Musical or Comedy(Nominated)
Golden Globes - Best Performance by an Actress in a Supporting Role in any Motion Picture(Nominated)
Golden Globes - Best Director - Motion Picture(Nominated)
Golden Globes - Best Screenplay - Motion Picture(Nominated)",81600193.0,"$3,500,000"
Patton,,91.0,93.0,"Oscars - ACTOR(Won)
Oscars - ART DIRECTION(Won)
Oscars - CINEMATOGRAPHY(Nominated)
Oscars - DIRECTING(Won)
Oscars - FILM EDITING(Won)
Oscars - MUSIC (Original Score)(Nominated)
Oscars - BEST PICTURE(Won)
Oscars - SOUND(Won)
Oscars - SPECIAL VISUAL EFFECTS(Nominated)
Oscars - WRITING (Story and Screenplay--based on factual material or material not previously published or produced)(Won)
Golden Globes - Best Motion Picture - Drama(Nominated)
Golden Globes - Best Performance by an Actor in a Motion Picture - Drama(Won)
Golden Globes - Best Director - Motion Picture(Nominated)",13,8,"Oscars - ACTOR(Won)
Oscars - ART DIRECTION(Won)
Oscars - DIRECTING(Won)
Oscars - FILM EDITING(Won)
Oscars - BEST PICTURE(Won)
Oscars - SOUND(Won)
Oscars - WRITING (Story and Screenplay--based on factual material or material not previously published or produced)(Won)
Golden Globes - Best Performance by an Actor in a Motion Picture - Drama(Won)","Oscars - CINEMATOGRAPHY(Nominated)
Oscars - MUSIC (Original Score)(Nominated)
Oscars - SPECIAL VISUAL EFFECTS(Nominated)
Golden Globes - Best Motion Picture - Drama(Nominated)
Golden Globes - Best Director - Motion Picture(Nominated)",62500000.0,"$12,000,000"
Tora! Tora! Tora!,,55.0,81.0,"Oscars - ART DIRECTION(Nominated)
Oscars - CINEMATOGRAPHY(Nominated)
Oscars - FILM EDITING(Nominated)
Oscars - SOUND(Nominated)
Oscars - SPECIAL VISUAL EFFECTS(Won)",5,1,Oscars - SPECIAL VISUAL EFFECTS(Won),"Oscars - ART DIRECTION(Nominated)
Oscars - CINEMATOGRAPHY(Nominated)
Oscars - FILM EDITING(Nominated)
Oscars - SOUND(Nominated)",29548291.0,"$25,000,000"
Catch-22,,81.0,76.0,"Golden Globes - Best Television Limited Series or Motion Picture Made for Television(Nominated)
Golden Globes - Best Performance by an Actor in a Limited Series or a Motion Picture Made for Television(Nominated)",2,0,,"Golden Globes - Best Television Limited Series or Motion Picture Made for Television(Nominated)
Golden Globes - Best Performance by an Actor in a Limited Series or a Motion Picture Made for Television(Nominated)",24911670.0,"$18,000,000"
The Molly Maguires,,90.0,62.0,Oscars - ART DIRECTION(Nominated),1,0,,Oscars - ART DIRECTION(Nominated),,"$11,000,000"
The Ballad of Cable Hogue,,94.0,81.0,,0,0,,,,"$3,716,946"
Waterloo,,30.0,83.0,"BAFTAs - Film | Art Direction in 1971(Won)
BAFTAs - Film | Cinematography in 1971(Nominated)
BAFTAs - Film | Costume Design in 1971(Won)",3,2,"BAFTAs - Film | Art Direction in 1971(Won)
BAFTAs - Film | Costume Design in 1971(Won)",BAFTAs - Film | Cinematography in 1971(Nominated),,"$25,000,000"
Beneath the Planet of the Apes,,37.0,38.0,,0,0,,,,"$3,000,000"
Beyond the Valley of the Dolls,,76.0,72.0,,0,0,,,,"$1,000,000"
Darling Lili,,40.0,69.0,"Oscars - COSTUME DESIGN(Nominated)
Oscars - MUSIC (Original Song Score)(Nominated)
Oscars - MUSIC (Song--Original for the Picture)(Nominated)
Golden Globes - Best Motion Picture - Musical or Comedy(Nominated)
Golden Globes - Best Original Song - Motion Picture(Won)
Golden Globes - Actress In A Leading Role - Musical Or Comedy(Nominated)",6,1,Golden Globes - Best Original Song - Motion Picture(Won),"Oscars - COSTUME DESIGN(Nominated)
Oscars - MUSIC (Original Song Score)(Nominated)
Oscars - MUSIC (Song--Original for the Picture)(Nominated)
Golden Globes - Best Motion Picture - Musical or Comedy(Nominated)
Golden Globes - Actress In A Leading Role - Musical Or Comedy(Nominated)",,"$22,000,000"
Joe,,75.0,64.0,Oscars - WRITING (Story and Screenplay--based on factual material or material not previously published or produced)(Nominated),1,0,,Oscars - WRITING (Story and Screenplay--based on factual material or material not previously published or produced)(Nominated),19319254.0,"$4,000,000"
The Deep End,,82.0,59.0,,0,0,,,,"$3,000,000"
Fiddler on the Roof,,81.0,92.0,"Oscars - ACTOR(Nominated)
Oscars - ACTOR IN A SUPPORTING ROLE(Nominated)
Oscars - ART DIRECTION(Nominated)
Oscars - CINEMATOGRAPHY(Won)
Oscars - DIRECTING(Nominated)
Oscars - MUSIC (Scoring: Adaptation and Original Song Score)(Won)
Oscars - BEST PICTURE(Nominated)
Oscars - SOUND(Won)
Golden Globes - Best Motion Picture - Musical or Comedy(Won)
Golden Globes - Best Performance by an Actor in a Motion Picture - Musical or Comedy(Won)
Golden Globes - Best Performance by an Actor in a Supporting Role in any Motion Picture(Nominated)
Golden Globes - Best Director - Motion Picture(Nominated)",12,5,"Oscars - CINEMATOGRAPHY(Won)
Oscars - MUSIC (Scoring: Adaptation and Original Song Score)(Won)
Oscars - SOUND(Won)
Golden Globes - Best Motion Picture - Musical or Comedy(Won)
Golden Globes - Best Performance by an Actor in a Motion Picture - Musical or Comedy(Won)","Oscars - ACTOR(Nominated)
Oscars - ACTOR IN A SUPPORTING ROLE(Nominated)
Oscars - ART DIRECTION(Nominated)
Oscars - DIRECTING(Nominated)
Oscars - BEST PICTURE(Nominated)
Golden Globes - Best Performance by an Actor in a Supporting Role in any Motion Picture(Nominated)
Golden Globes - Best Director - Motion Picture(Nominated)",80501127.0,"$9,000,000"
Diamonds Are Forever,,64.0,57.0,Oscars - SOUND(Nominated),1,0,,Oscars - SOUND(Nominated),115999985.0,"$7,200,000"
The French Connection,,96.0,87.0,"Oscars - ACTOR(Won)
Oscars - ACTOR IN A SUPPORTING ROLE(Nominated)
Oscars - CINEMATOGRAPHY(Nominated)
Oscars - DIRECTING(Won)
Oscars - FILM EDITING(Won)
Oscars - BEST PICTURE(Won)
Oscars - SOUND(Nominated)
Oscars - WRITING (Screenplay--based on material from another medium)(Won)
BAFTAs - Film | Direction in 1973(Nominated)
BAFTAs - Film | Film in 1973(Nominated)
BAFTAs - Film | Film Editing in 1973(Won)
BAFTAs - Film | Soundtrack in 1973(Nominated)",12,6,"Oscars - ACTOR(Won)
Oscars - DIRECTING(Won)
Oscars - FILM EDITING(Won)
Oscars - BEST PICTURE(Won)
Oscars - WRITING (Screenplay--based on material from another medium)(Won)
BAFTAs - Film | Film Editing in 1973(Won)","Oscars - ACTOR IN A SUPPORTING ROLE(Nominated)
Oscars - CINEMATOGRAPHY(Nominated)
Oscars - SOUND(Nominated)
BAFTAs - Film | Direction in 1973(Nominated)
BAFTAs - Film | Film in 1973(Nominated)
BAFTAs - Film | Soundtrack in 1973(Nominated)",41162088.0,"$2,200,000"
Get Carter,Michael Caine,87.0,84.0,,0,0,,,19417182.0,"$40,000,000"
The Andromeda Strain,,68.0,72.0,"Oscars - ART DIRECTION(Nominated)
Oscars - FILM EDITING(Nominated)",2,0,,"Oscars - ART DIRECTION(Nominated)
Oscars - FILM EDITING(Nominated)",,"$6,500,000"
Bananas,,83.0,74.0,,0,0,,,,"$2,000,000"
The Beguiled,,78.0,48.0,,0,0,,,28039038.0,"$10,000,000"
Wuthering Heights,Tom Hardy,31.0,66.0,"Oscars - ACTOR(Nominated)
Oscars - ACTRESS IN A SUPPORTING ROLE(Nominated)
Oscars - ART DIRECTION(Nominated)
Oscars - CINEMATOGRAPHY (Black-and-White)(Won)
Oscars - DIRECTING(Nominated)
Oscars - MUSIC (Original Score)(Nominated)
Oscars - OUTSTANDING PRODUCTION(Nominated)
Oscars - WRITING (Screenplay)(Nominated)
Golden Globes - Best Original Score - Motion Picture(Nominated)",9,1,Oscars - CINEMATOGRAPHY (Black-and-White)(Won),"Oscars - ACTOR(Nominated)
Oscars - ACTRESS IN A SUPPORTING ROLE(Nominated)
Oscars - ART DIRECTION(Nominated)
Oscars - DIRECTING(Nominated)
Oscars - MUSIC (Original Score)(Nominated)
Oscars - OUTSTANDING PRODUCTION(Nominated)
Oscars - WRITING (Screenplay)(Nominated)
Golden Globes - Best Original Score - Motion Picture(Nominated)",,"$8,000,000"
Willard,,64.0,51.0,,0,0,,,,"$20,000,000"
Shaft,"Christian Bale, Samuel L. Jackson",34.0,94.0,"Oscars - MUSIC (Original Dramatic Score)(Nominated)
Oscars - MUSIC (Song--Original for the Picture)(Won)
BAFTAs - Film | Anthony Asquith Memorial Award in 1972(Nominated)
Golden Globes - Best Original Score - Motion Picture(Won)
Golden Globes - Best Original Song - Motion Picture(Nominated)
Golden Globes - New Star Of The Year - Actor(Nominated)",6,2,"Oscars - MUSIC (Song--Original for the Picture)(Won)
Golden Globes - Best Original Score - Motion Picture(Won)","Oscars - MUSIC (Original Dramatic Score)(Nominated)
BAFTAs - Film | Anthony Asquith Memorial Award in 1972(Nominated)
Golden Globes - Best Original Song - Motion Picture(Nominated)
Golden Globes - New Star Of The Year - Actor(Nominated)",107190108.0,"$53,012,938"
Shaft,"Christian Bale, Samuel L. Jackson",34.0,94.0,"Oscars - MUSIC (Original Dramatic Score)(Nominated)
Oscars - MUSIC (Song--Original for the Picture)(Won)
BAFTAs - Film | Anthony Asquith Memorial Award in 1972(Nominated)
Golden Globes - Best Original Score - Motion Picture(Won)
Golden Globes - Best Original Song - Motion Picture(Nominated)
Golden Globes - New Star Of The Year - Actor(Nominated)",6,2,"Oscars - MUSIC (Song--Original for the Picture)(Won)
Golden Globes - Best Original Score - Motion Picture(Won)","Oscars - MUSIC (Original Dramatic Score)(Nominated)
BAFTAs - Film | Anthony Asquith Memorial Award in 1972(Nominated)
Golden Globes - Best Original Song - Motion Picture(Nominated)
Golden Globes - New Star Of The Year - Actor(Nominated)",107190108.0,"$30,000,000"
The Hunting Party,,20.0,54.0,,0,0,,,,"$40,000,000"
See No Evil,,10.0,50.0,,0,0,,,18828036.0,"$8,000,000"
Lady and the Tramp,,93.0,80.0,,0,0,,,93638221.0,"$60,000,000"
Mary Queen of Scots,,62.0,41.0,"Oscars - COSTUME DESIGN(Nominated)
Oscars - MAKEUP AND HAIRSTYLING(Nominated)
BAFTAs - Film | Costume Design in 2019(Nominated)
BAFTAs - Film | Make Up and Hair in 2019(Nominated)",4,0,,"Oscars - COSTUME DESIGN(Nominated)
Oscars - MAKEUP AND HAIRSTYLING(Nominated)
BAFTAs - Film | Costume Design in 2019(Nominated)
BAFTAs - Film | Make Up and Hair in 2019(Nominated)",48481754.0,"$25,000,000"
Straw Dogs,,82.0,82.0,Oscars - MUSIC (Original Dramatic Score)(Nominated),1,0,,Oscars - MUSIC (Original Dramatic Score)(Nominated),,"$25,000,000"
The Godfather,"Al Pacino, Marlon Brando",97.0,98.0,"Oscars - ACTOR(Won)
Oscars - ACTOR IN A SUPPORTING ROLE(Nominated)
Oscars - ACTOR IN A SUPPORTING ROLE(Nominated)
Oscars - ACTOR IN A SUPPORTING ROLE(Nominated)
Oscars - COSTUME DESIGN(Nominated)
Oscars - DIRECTING(Nominated)
Oscars - FILM EDITING(Nominated)
Oscars - MUSIC (Original Dramatic Score)(Nominated)
Oscars - BEST PICTURE(Won)
Oscars - SOUND(Nominated)
Oscars - WRITING (Screenplay--based on material from another medium)(Won)
BAFTAs - Film | Anthony Asquith Memorial Award in 1973(Won)
BAFTAs - Film | Costume Design in 1973(Nominated)",13,4,"Oscars - ACTOR(Won)
Oscars - BEST PICTURE(Won)
Oscars - WRITING (Screenplay--based on material from another medium)(Won)
BAFTAs - Film | Anthony Asquith Memorial Award in 1973(Won)","Oscars - ACTOR IN A SUPPORTING ROLE(Nominated)
Oscars - ACTOR IN A SUPPORTING ROLE(Nominated)
Oscars - ACTOR IN A SUPPORTING ROLE(Nominated)
Oscars - COSTUME DESIGN(Nominated)
Oscars - DIRECTING(Nominated)
Oscars - FILM EDITING(Nominated)
Oscars - MUSIC (Original Dramatic Score)(Nominated)
Oscars - SOUND(Nominated)
BAFTAs - Film | Costume Design in 1973(Nominated)",270007394.0,"$7,000,000"
Getaway,,3.0,36.0,,0,0,,,,"$18,000,000"
Silent Running,,71.0,66.0,,0,0,,,,"$1,100,000"
Frenzy,,91.0,78.0,"Golden Globes - Best Motion Picture - Drama(Nominated)
Golden Globes - Best Director - Motion Picture(Nominated)
Golden Globes - Best Screenplay - Motion Picture(Nominated)
Golden Globes - Best Original Score - Motion Picture(Nominated)",4,0,,"Golden Globes - Best Motion Picture - Drama(Nominated)
Golden Globes - Best Director - Motion Picture(Nominated)
Golden Globes - Best Screenplay - Motion Picture(Nominated)
Golden Globes - Best Original Score - Motion Picture(Nominated)",,"$3,500,000"
Conquest of the Planet of the Apes,,52.0,46.0,,0,0,,,,"$1,700,000"
The Man,Samuel L. Jackson,12.0,41.0,,0,0,,,,"$20,000,000"
Superfly,,93.0,70.0,,0,0,,,20739323.0,"$16,000,000"
The Last House on the Left,,43.0,52.0,,0,0,,,46526243.0,"$15,000,000"
Solaris,,66.0,59.0,,0,0,,,,"$47,000,000"
Dumbo,,95.0,70.0,"Oscars - MUSIC (Scoring of a Musical Picture)(Won)
Oscars - MUSIC (Song)(Nominated)",2,1,Oscars - MUSIC (Scoring of a Musical Picture)(Won),Oscars - MUSIC (Song)(Nominated),353166307.0,"$170,000,000"
1776,,68.0,84.0,"Oscars - CINEMATOGRAPHY(Nominated)
Golden Globes - Best Motion Picture - Musical or Comedy(Nominated)",2,0,,"Oscars - CINEMATOGRAPHY(Nominated)
Golden Globes - Best Motion Picture - Musical or Comedy(Nominated)",,"$4,000,000"
The Mechanic,Jason Statham,53.0,51.0,,0,0,,,76347393.0,"$42,500,000"
The Exorcist,,78.0,87.0,"Oscars - ACTOR IN A SUPPORTING ROLE(Nominated)
Oscars - ACTRESS(Nominated)
Oscars - ACTRESS IN A SUPPORTING ROLE(Nominated)
Oscars - ART DIRECTION(Nominated)
Oscars - CINEMATOGRAPHY(Nominated)
Oscars - DIRECTING(Nominated)
Oscars - FILM EDITING(Nominated)
Oscars - BEST PICTURE(Nominated)
Oscars - SOUND(Won)
Oscars - WRITING (Screenplay--based on material from another medium)(Won)
BAFTAs - Film | Soundtrack in 1975(Nominated)",11,2,"Oscars - SOUND(Won)
Oscars - WRITING (Screenplay--based on material from another medium)(Won)","Oscars - ACTOR IN A SUPPORTING ROLE(Nominated)
Oscars - ACTRESS(Nominated)
Oscars - ACTRESS IN A SUPPORTING ROLE(Nominated)
Oscars - ART DIRECTION(Nominated)
Oscars - CINEMATOGRAPHY(Nominated)
Oscars - DIRECTING(Nominated)
Oscars - FILM EDITING(Nominated)
Oscars - BEST PICTURE(Nominated)
BAFTAs - Film | Soundtrack in 1975(Nominated)",428887784.0,"$12,000,000"
Papillon,,72.0,90.0,"Oscars - MUSIC (Original Dramatic Score)(Nominated)
Golden Globes - Best Performance by an Actor in a Motion Picture - Drama(Nominated)",2,0,,"Oscars - MUSIC (Original Dramatic Score)(Nominated)
Golden Globes - Best Performance by an Actor in a Motion Picture - Drama(Nominated)",53292989.0,"$13,500,000"
Live and Let Die,,67.0,64.0,Oscars - MUSIC (Song)(Nominated),1,0,,Oscars - MUSIC (Song)(Nominated),161800000.0,"$7,000,000"
Serpico,,93.0,88.0,"Oscars - ACTOR(Nominated)
Oscars - WRITING (Screenplay--based on material from another medium)(Nominated)
BAFTAs - Film | Anthony Asquith Memorial Award in 1975(Nominated)
Golden Globes - Best Motion Picture - Drama(Nominated)
Golden Globes - Best Performance by an Actor in a Motion Picture - Drama(Won)",5,1,Golden Globes - Best Performance by an Actor in a Motion Picture - Drama(Won),"Oscars - ACTOR(Nominated)
Oscars - WRITING (Screenplay--based on material from another medium)(Nominated)
BAFTAs - Film | Anthony Asquith Memorial Award in 1975(Nominated)
Golden Globes - Best Motion Picture - Drama(Nominated)",27301609.0,"$3,000,000"
Walking Tall,Dwayne Johnson,26.0,59.0,,0,0,,,47856383.0,"$56,000,000"
Slither,,87.0,63.0,,0,0,,,,"$15,250,000"
The Crazies,,71.0,48.0,,0,0,,,56445534.0,"$19,000,000"
Pat Garrett and Billy the Kid,,57.0,82.0,,0,0,,,,"$4,638,783"
Battle for the Planet of the Apes,,36.0,30.0,,0,0,,,,"$1,800,000"
High Plains Drifter,,94.0,86.0,,0,0,,,,"$5,500,000"
The Outfit,,80.0,73.0,,0,0,,,,"$5,000,000"
Sleeper,,100.0,81.0,,0,0,,,18344866.0,"$2,000,000"
Blazing Saddles,,89.0,91.0,"Oscars - ACTRESS IN A SUPPORTING ROLE(Nominated)
Oscars - FILM EDITING(Nominated)
Oscars - MUSIC (Song)(Nominated)
BAFTAs - Film | Screenplay in 1975(Nominated)",4,0,,"Oscars - ACTRESS IN A SUPPORTING ROLE(Nominated)
Oscars - FILM EDITING(Nominated)
Oscars - MUSIC (Song)(Nominated)
BAFTAs - Film | Screenplay in 1975(Nominated)",119879266.0,"$2,600,000"
Young Frankenstein,,95.0,92.0,"Oscars - SOUND(Nominated)
Oscars - WRITING (Screenplay Adapted from Other Material)(Nominated)
Golden Globes - Best Performance by an Actress in a Motion Picture - Musical or Comedy(Nominated)
Golden Globes - Best Performance by an Actress in a Supporting Role in any Motion Picture(Nominated)",4,0,,"Oscars - SOUND(Nominated)
Oscars - WRITING (Screenplay Adapted from Other Material)(Nominated)
Golden Globes - Best Performance by an Actress in a Motion Picture - Musical or Comedy(Nominated)
Golden Globes - Best Performance by an Actress in a Supporting Role in any Motion Picture(Nominated)",86328827.0,"$2,800,000"
Earthquake,,44.0,36.0,"Oscars - ART DIRECTION(Nominated)
Oscars - CINEMATOGRAPHY(Nominated)
Oscars - FILM EDITING(Nominated)
Oscars - SOUND(Won)
Oscars - SPECIAL ACHIEVEMENT AWARD (Visual Effects)(Won)
BAFTAs - Film | Soundtrack in 1975(Nominated)
Golden Globes - Best Motion Picture - Drama(Nominated)
Golden Globes - Best Original Score - Motion Picture(Nominated)",8,2,"Oscars - SOUND(Won)
Oscars - SPECIAL ACHIEVEMENT AWARD (Visual Effects)(Won)","Oscars - ART DIRECTION(Nominated)
Oscars - CINEMATOGRAPHY(Nominated)
Oscars - FILM EDITING(Nominated)
BAFTAs - Film | Soundtrack in 1975(Nominated)
Golden Globes - Best Motion Picture - Drama(Nominated)
Golden Globes - Best Original Score - Motion Picture(Nominated)",79700000.0,"$7,000,000"
The Longest Yard,Adam Sandler,31.0,62.0,"Oscars - FILM EDITING(Nominated)
Golden Globes - Best Motion Picture - Musical or Comedy(Won)
Golden Globes - Best Performance by an Actor in a Motion Picture - Musical or Comedy(Nominated)
Golden Globes - Best Performance by an Actor in a Supporting Role in any Motion Picture(Nominated)
Golden Globes - New Star Of The Year - Actor(Nominated)",5,1,Golden Globes - Best Motion Picture - Musical or Comedy(Won),"Oscars - FILM EDITING(Nominated)
Golden Globes - Best Performance by an Actor in a Motion Picture - Musical or Comedy(Nominated)
Golden Globes - Best Performance by an Actor in a Supporting Role in any Motion Picture(Nominated)
Golden Globes - New Star Of The Year - Actor(Nominated)",191558505.0,"$82,000,000"
Murder on the Orient Express,,90.0,78.0,"Oscars - ACTOR(Nominated)
Oscars - ACTRESS IN A SUPPORTING ROLE(Won)
Oscars - CINEMATOGRAPHY(Nominated)
Oscars - COSTUME DESIGN(Nominated)
Oscars - MUSIC (Original Dramatic Score)(Nominated)
Oscars - WRITING (Screenplay Adapted from Other Material)(Nominated)",6,1,Oscars - ACTRESS IN A SUPPORTING ROLE(Won),"Oscars - ACTOR(Nominated)
Oscars - CINEMATOGRAPHY(Nominated)
Oscars - COSTUME DESIGN(Nominated)
Oscars - MUSIC (Original Dramatic Score)(Nominated)
Oscars - WRITING (Screenplay Adapted from Other Material)(Nominated)",351767147.0,"$55,000,000"
The Conversation,Harrison Ford,97.0,89.0,"Oscars - BEST PICTURE(Nominated)
Oscars - SOUND(Nominated)
Oscars - WRITING (Original Screenplay)(Nominated)
BAFTAs - Film | Direction in 1975(Nominated)
BAFTAs - Film | Film Editing in 1975(Won)
BAFTAs - Film | Screenplay in 1975(Nominated)
BAFTAs - Film | Soundtrack in 1975(Won)",7,2,"BAFTAs - Film | Film Editing in 1975(Won)
BAFTAs - Film | Soundtrack in 1975(Won)","Oscars - BEST PICTURE(Nominated)
Oscars - SOUND(Nominated)
Oscars - WRITING (Original Screenplay)(Nominated)
BAFTAs - Film | Direction in 1975(Nominated)
BAFTAs - Film | Screenplay in 1975(Nominated)",,"$1,600,000"
Chinatown,,98.0,93.0,"Oscars - ACTOR(Nominated)
Oscars - ACTRESS(Nominated)
Oscars - ART DIRECTION(Nominated)
Oscars - CINEMATOGRAPHY(Nominated)
Oscars - COSTUME DESIGN(Nominated)
Oscars - DIRECTING(Nominated)
Oscars - FILM EDITING(Nominated)
Oscars - MUSIC (Original Dramatic Score)(Nominated)
Oscars - BEST PICTURE(Nominated)
Oscars - SOUND(Nominated)
Oscars - WRITING (Original Screenplay)(Won)
BAFTAs - Film | Anthony Asquith Memorial Award in 1975(Nominated)
BAFTAs - Film | Art Direction in 1975(Nominated)
BAFTAs - Film | Cinematography in 1975(Nominated)
BAFTAs - Film | Costume Design in 1975(Nominated)
BAFTAs - Film | Direction in 1975(Won)
BAFTAs - Film | Film in 1975(Nominated)
BAFTAs - Film | Film Editing in 1975(Nominated)
Golden Globes - Best Motion Picture - Drama(Won)
Golden Globes - Best Performance by an Actress in a Motion Picture - Drama(Nominated)
Golden Globes - Best Performance by an Actor in a Motion Picture - Drama(Won)
Golden Globes - Best Performance by an Actor in a Supporting Role in any Motion Picture(Nominated)
Golden Globes - Best Director - Motion Picture(Won)
Golden Globes - Best Screenplay - Motion Picture(Won)
Golden Globes - Best Original Score - Motion Picture(Nominated)",25,6,"Oscars - WRITING (Original Screenplay)(Won)
BAFTAs - Film | Direction in 1975(Won)
Golden Globes - Best Motion Picture - Drama(Won)
Golden Globes - Best Performance by an Actor in a Motion Picture - Drama(Won)
Golden Globes - Best Director - Motion Picture(Won)
Golden Globes - Best Screenplay - Motion Picture(Won)","Oscars - ACTOR(Nominated)
Oscars - ACTRESS(Nominated)
Oscars - ART DIRECTION(Nominated)
Oscars - CINEMATOGRAPHY(Nominated)
Oscars - COSTUME DESIGN(Nominated)
Oscars - DIRECTING(Nominated)
Oscars - FILM EDITING(Nominated)
Oscars - MUSIC (Original Dramatic Score)(Nominated)
Oscars - BEST PICTURE(Nominated)
Oscars - SOUND(Nominated)
BAFTAs - Film | Anthony Asquith Memorial Award in 1975(Nominated)
BAFTAs - Film | Art Direction in 1975(Nominated)
BAFTAs - Film | Cinematography in 1975(Nominated)
BAFTAs - Film | Costume Design in 1975(Nominated)
BAFTAs - Film | Film in 1975(Nominated)
BAFTAs - Film | Film Editing in 1975(Nominated)
Golden Globes - Best Performance by an Actress in a Motion Picture - Drama(Nominated)
Golden Globes - Best Performance by an Actor in a Supporting Role in any Motion Picture(Nominated)
Golden Globes - Best Original Score - Motion Picture(Nominated)",23170994.0,"$6,000,000"
Death Wish,,66.0,69.0,,0,0,,,48575965.0,"$30,000,000"
The Taking of Pelham One Two Three,,98.0,88.0,,0,0,,,,"$3,800,000"
Black Christmas,,14.0,38.0,,0,0,,,18526087.0,"$9,000,000"
Black Christmas,,14.0,38.0,,0,0,,,18526087.0,"$5,000,000"
Benji,,86.0,55.0,"Oscars - MUSIC (Song)(Nominated)
Golden Globes - Best Original Song - Motion Picture(Won)",2,1,Golden Globes - Best Original Song - Motion Picture(Won),Oscars - MUSIC (Song)(Nominated),31559560.0,"$6,000,000"
Stardust,"Robert De Niro, Ian McKellen",77.0,86.0,,0,0,,,137022245.0,"$70,000,000"
Open Season,,49.0,57.0,,0,0,,,191932158.0,"$85,000,000"
Jaws,,97.0,90.0,"Oscars - FILM EDITING(Won)
Oscars - MUSIC (Original Score)(Won)
Oscars - BEST PICTURE(Nominated)
Oscars - SOUND(Won)
BAFTAs - Film | Direction in 1976(Nominated)
BAFTAs - Film | Film in 1976(Nominated)
BAFTAs - Film | Film Editing in 1976(Nominated)
BAFTAs - Film | Screenplay in 1976(Nominated)
BAFTAs - Film | Soundtrack in 1976(Nominated)
Golden Globes - Best Motion Picture - Drama(Nominated)
Golden Globes - Best Director - Motion Picture(Nominated)
Golden Globes - Best Screenplay - Motion Picture(Nominated)
Golden Globes - Best Original Score - Motion Picture(Won)",13,4,"Oscars - FILM EDITING(Won)
Oscars - MUSIC (Original Score)(Won)
Oscars - SOUND(Won)
Golden Globes - Best Original Score - Motion Picture(Won)","Oscars - BEST PICTURE(Nominated)
BAFTAs - Film | Direction in 1976(Nominated)
BAFTAs - Film | Film in 1976(Nominated)
BAFTAs - Film | Film Editing in 1976(Nominated)
BAFTAs - Film | Screenplay in 1976(Nominated)
BAFTAs - Film | Soundtrack in 1976(Nominated)
Golden Globes - Best Motion Picture - Drama(Nominated)
Golden Globes - Best Director - Motion Picture(Nominated)
Golden Globes - Best Screenplay - Motion Picture(Nominated)",484351938.0,"$12,000,000"
The Return of the Pink Panther,,86.0,82.0,,0,0,,,41833424.0,"$5,000,000"
The Rocky Horror Picture Show,,80.0,85.0,,0,0,,,115619948.0,"$1,200,000"
The Stepford Wives,"Nicole Kidman, Matthew Broderick",26.0,30.0,,0,0,,,96150482.0,"$100,000,000"
Love and Death,,100.0,90.0,,0,0,,,20123742.0,"$3,000,000"
Bug,,61.0,34.0,,0,0,,,,"$4,000,000"
Rollerball,,67.0,62.0,"BAFTAs - Film | Art Direction in 1976(Won)
BAFTAs - Film | Cinematography in 1976(Nominated)
BAFTAs - Film | Film Editing in 1976(Nominated)
BAFTAs - Film | Soundtrack in 1976(Nominated)",4,1,BAFTAs - Film | Art Direction in 1976(Won),"BAFTAs - Film | Cinematography in 1976(Nominated)
BAFTAs - Film | Film Editing in 1976(Nominated)
BAFTAs - Film | Soundtrack in 1976(Nominated)",30000000.0,"$70,000,000"
Overlord,,89.0,73.0,,0,0,,,39178189.0,"$38,000,000"
Barry Lyndon,,87.0,92.0,"Oscars - ART DIRECTION(Won)
Oscars - CINEMATOGRAPHY(Won)
Oscars - COSTUME DESIGN(Won)
Oscars - DIRECTING(Nominated)
Oscars - MUSIC (Scoring: Original Song Score and Adaptation -or- Scoring: Adaptation)(Won)
Oscars - BEST PICTURE(Nominated)
Oscars - WRITING (Screenplay Adapted from Other Material)(Nominated)
BAFTAs - Film | Art Direction in 1976(Nominated)
BAFTAs - Film | Cinematography in 1976(Won)
BAFTAs - Film | Costume Design in 1976(Nominated)
BAFTAs - Film | Direction in 1976(Won)
BAFTAs - Film | Film in 1976(Nominated)
Golden Globes - Best Motion Picture - Drama(Nominated)
Golden Globes - Best Director - Motion Picture(Nominated)",14,6,"Oscars - ART DIRECTION(Won)
Oscars - CINEMATOGRAPHY(Won)
Oscars - COSTUME DESIGN(Won)
Oscars - MUSIC (Scoring: Original Song Score and Adaptation -or- Scoring: Adaptation)(Won)
BAFTAs - Film | Cinematography in 1976(Won)
BAFTAs - Film | Direction in 1976(Won)","Oscars - DIRECTING(Nominated)
Oscars - BEST PICTURE(Nominated)
Oscars - WRITING (Screenplay Adapted from Other Material)(Nominated)
BAFTAs - Film | Art Direction in 1976(Nominated)
BAFTAs - Film | Costume Design in 1976(Nominated)
BAFTAs - Film | Film in 1976(Nominated)
Golden Globes - Best Motion Picture - Drama(Nominated)
Golden Globes - Best Director - Motion Picture(Nominated)",20221274.0,"$11,000,000"
Killer Elite,"Jason Statham, Robert De Niro",28.0,42.0,,0,0,,,65409046.0,"$70,000,000"
Snow White and the Seven Dwarfs,,97.0,78.0,"Oscars - MUSIC (Scoring)(Nominated)
Oscars - SPECIAL AWARD(Won)",2,1,Oscars - SPECIAL AWARD(Won),Oscars - MUSIC (Scoring)(Nominated),187171725.0,"$1,488,000"
King Kong,Adrien Brody,84.0,50.0,"Oscars - CINEMATOGRAPHY(Nominated)
Oscars - SOUND(Nominated)
Oscars - SPECIAL ACHIEVEMENT AWARD (Visual Effects)(Won)
Oscars - ART DIRECTION(Nominated)
Oscars - SOUND EDITING(Won)
Oscars - SOUND MIXING(Won)
Oscars - VISUAL EFFECTS(Won)
BAFTAs - Film | Production Design in 1977(Nominated)",8,4,"Oscars - SPECIAL ACHIEVEMENT AWARD (Visual Effects)(Won)
Oscars - SOUND EDITING(Won)
Oscars - SOUND MIXING(Won)
Oscars - VISUAL EFFECTS(Won)","Oscars - CINEMATOGRAPHY(Nominated)
Oscars - SOUND(Nominated)
Oscars - ART DIRECTION(Nominated)
BAFTAs - Film | Production Design in 1977(Nominated)",556906378.0,"$207,000,000"
King Kong,Adrien Brody,84.0,50.0,"Oscars - CINEMATOGRAPHY(Nominated)
Oscars - SOUND(Nominated)
Oscars - SPECIAL ACHIEVEMENT AWARD (Visual Effects)(Won)
Oscars - ART DIRECTION(Nominated)
Oscars - SOUND EDITING(Won)
Oscars - SOUND MIXING(Won)
Oscars - VISUAL EFFECTS(Won)
BAFTAs - Film | Production Design in 1977(Nominated)",8,4,"Oscars - SPECIAL ACHIEVEMENT AWARD (Visual Effects)(Won)
Oscars - SOUND EDITING(Won)
Oscars - SOUND MIXING(Won)
Oscars - VISUAL EFFECTS(Won)","Oscars - CINEMATOGRAPHY(Nominated)
Oscars - SOUND(Nominated)
Oscars - ART DIRECTION(Nominated)
BAFTAs - Film | Production Design in 1977(Nominated)",556906378.0,"$23,000,000"
The Omen,,26.0,40.0,"Oscars - MUSIC (Original Score)(Won)
Oscars - MUSIC (Original Song)(Nominated)",2,1,Oscars - MUSIC (Original Score)(Won),Oscars - MUSIC (Original Song)(Nominated),119295584.0,"$25,000,000"
The Omen,,26.0,40.0,"Oscars - MUSIC (Original Score)(Won)
Oscars - MUSIC (Original Song)(Nominated)",2,1,Oscars - MUSIC (Original Score)(Won),Oscars - MUSIC (Original Song)(Nominated),119295584.0,"$2,800,000"
Midway,,41.0,71.0,,0,0,,,126787360.0,"$100,000,000"
Taxi Driver,Robert De Niro,89.0,93.0,"Oscars - ACTOR IN A LEADING ROLE(Nominated)
Oscars - ACTRESS IN A SUPPORTING ROLE(Nominated)
Oscars - MUSIC (Original Score)(Nominated)
Oscars - BEST PICTURE(Nominated)
BAFTAs - Film | Anthony Asquith Memorial Award in 1977(Won)
BAFTAs - Film | Direction in 1977(Nominated)
BAFTAs - Film | Film in 1977(Nominated)
BAFTAs - Film | Film Editing in 1977(Nominated)
Golden Globes - Best Performance by an Actor in a Motion Picture - Drama(Nominated)
Golden Globes - Best Screenplay - Motion Picture(Nominated)",10,1,BAFTAs - Film | Anthony Asquith Memorial Award in 1977(Won),"Oscars - ACTOR IN A LEADING ROLE(Nominated)
Oscars - ACTRESS IN A SUPPORTING ROLE(Nominated)
Oscars - MUSIC (Original Score)(Nominated)
Oscars - BEST PICTURE(Nominated)
BAFTAs - Film | Direction in 1977(Nominated)
BAFTAs - Film | Film in 1977(Nominated)
BAFTAs - Film | Film Editing in 1977(Nominated)
Golden Globes - Best Performance by an Actor in a Motion Picture - Drama(Nominated)
Golden Globes - Best Screenplay - Motion Picture(Nominated)",28507510.0,"$1,900,000"
Robin and Marian,,73.0,53.0,,0,0,,,,"$5,000,000"
Family Plot,,93.0,62.0,Golden Globes - Best Performance by an Actress in a Motion Picture - Musical or Comedy(Nominated),1,0,,Golden Globes - Best Performance by an Actress in a Motion Picture - Musical or Comedy(Nominated),,"$3,000,000"
Premonition,,8.0,50.0,,0,0,,,84146832.0,"$20,000,000"
Silent Movie,,79.0,72.0,"Golden Globes - Best Motion Picture - Musical or Comedy(Nominated)
Golden Globes - Best Performance by an Actor in a Motion Picture - Musical or Comedy(Nominated)
Golden Globes - Best Performance by an Actress in a Supporting Role in any Motion Picture(Nominated)
Golden Globes - Best Performance by an Actor in a Supporting Role in any Motion Picture(Nominated)",4,0,,"Golden Globes - Best Motion Picture - Musical or Comedy(Nominated)
Golden Globes - Best Performance by an Actor in a Motion Picture - Musical or Comedy(Nominated)
Golden Globes - Best Performance by an Actress in a Supporting Role in any Motion Picture(Nominated)
Golden Globes - Best Performance by an Actor in a Supporting Role in any Motion Picture(Nominated)",36145695.0,"$4,400,000"
The Killer Inside Me,,56.0,40.0,,0,0,,,,"$13,000,000"
Up,,98.0,90.0,"Oscars - SHORT FILM (Live Action)(Won)
Oscars - ANIMATED FEATURE FILM(Won)
Oscars - MUSIC (Original Score)(Won)
Oscars - BEST PICTURE(Nominated)
Oscars - SOUND EDITING(Nominated)
Oscars - WRITING (Original Screenplay)(Nominated)
Golden Globes - Best Motion Picture - Animated(Won)
Golden Globes - Best Original Score - Motion Picture(Won)",8,5,"Oscars - SHORT FILM (Live Action)(Won)
Oscars - ANIMATED FEATURE FILM(Won)
Oscars - MUSIC (Original Score)(Won)
Golden Globes - Best Motion Picture - Animated(Won)
Golden Globes - Best Original Score - Motion Picture(Won)","Oscars - BEST PICTURE(Nominated)
Oscars - SOUND EDITING(Nominated)
Oscars - WRITING (Original Screenplay)(Nominated)",731463377.0,"$175,000,000"
Carrie,,50.0,44.0,"Oscars - ART DIRECTION (Black-and-White)(Nominated)
Oscars - COSTUME DESIGN (Black-and-White)(Nominated)
Oscars - ACTRESS IN A LEADING ROLE(Nominated)
Oscars - ACTRESS IN A SUPPORTING ROLE(Nominated)
BAFTAs - Film | Film From Any Source in 1953(Nominated)
Golden Globes - Best Performance by an Actress in a Supporting Role in any Motion Picture(Nominated)",6,0,,"Oscars - ART DIRECTION (Black-and-White)(Nominated)
Oscars - COSTUME DESIGN (Black-and-White)(Nominated)
Oscars - ACTRESS IN A LEADING ROLE(Nominated)
Oscars - ACTRESS IN A SUPPORTING ROLE(Nominated)
BAFTAs - Film | Film From Any Source in 1953(Nominated)
Golden Globes - Best Performance by an Actress in a Supporting Role in any Motion Picture(Nominated)",82409520.0,"$30,000,000"
Carrie,,50.0,44.0,"Oscars - ART DIRECTION (Black-and-White)(Nominated)
Oscars - COSTUME DESIGN (Black-and-White)(Nominated)
Oscars - ACTRESS IN A LEADING ROLE(Nominated)
Oscars - ACTRESS IN A SUPPORTING ROLE(Nominated)
BAFTAs - Film | Film From Any Source in 1953(Nominated)
Golden Globes - Best Performance by an Actress in a Supporting Role in any Motion Picture(Nominated)",6,0,,"Oscars - ART DIRECTION (Black-and-White)(Nominated)
Oscars - COSTUME DESIGN (Black-and-White)(Nominated)
Oscars - ACTRESS IN A LEADING ROLE(Nominated)
Oscars - ACTRESS IN A SUPPORTING ROLE(Nominated)
BAFTAs - Film | Film From Any Source in 1953(Nominated)
Golden Globes - Best Performance by an Actress in a Supporting Role in any Motion Picture(Nominated)",82409520.0,"$1,800,000"
Network,,91.0,93.0,"Oscars - ACTOR IN A LEADING ROLE(Won)
Oscars - ACTOR IN A LEADING ROLE(Nominated)
Oscars - ACTOR IN A SUPPORTING ROLE(Nominated)
Oscars - ACTRESS IN A LEADING ROLE(Won)
Oscars - ACTRESS IN A SUPPORTING ROLE(Won)
Oscars - CINEMATOGRAPHY(Nominated)
Oscars - DIRECTING(Nominated)
Oscars - FILM EDITING(Nominated)
Oscars - BEST PICTURE(Nominated)
Oscars - WRITING (Screenplay Written Directly for the Screen--based on factual material or on story material not previously published or produced)(Won)
BAFTAs - Film | Direction in 1978(Nominated)
BAFTAs - Film | Film in 1978(Nominated)
BAFTAs - Film | Film Editing in 1978(Nominated)
BAFTAs - Film | Screenplay in 1978(Nominated)
BAFTAs - Film | Soundtrack in 1978(Nominated)
Golden Globes - Best Motion Picture - Drama(Nominated)
Golden Globes - Best Performance by an Actress in a Motion Picture - Drama(Won)
Golden Globes - Best Performance by an Actor in a Motion Picture - Drama(Won)
Golden Globes - Best Director - Motion Picture(Won)
Golden Globes - Best Screenplay - Motion Picture(Won)",20,8,"Oscars - ACTOR IN A LEADING ROLE(Won)
Oscars - ACTRESS IN A LEADING ROLE(Won)
Oscars - ACTRESS IN A SUPPORTING ROLE(Won)
Oscars - WRITING (Screenplay Written Directly for the Screen--based on factual material or on story material not previously published or produced)(Won)
Golden Globes - Best Performance by an Actress in a Motion Picture - Drama(Won)
Golden Globes - Best Performance by an Actor in a Motion Picture - Drama(Won)
Golden Globes - Best Director - Motion Picture(Won)
Golden Globes - Best Screenplay - Motion Picture(Won)","Oscars - ACTOR IN A LEADING ROLE(Nominated)
Oscars - ACTOR IN A SUPPORTING ROLE(Nominated)
Oscars - CINEMATOGRAPHY(Nominated)
Oscars - DIRECTING(Nominated)
Oscars - FILM EDITING(Nominated)
Oscars - BEST PICTURE(Nominated)
BAFTAs - Film | Direction in 1978(Nominated)
BAFTAs - Film | Film in 1978(Nominated)
BAFTAs - Film | Film Editing in 1978(Nominated)
BAFTAs - Film | Screenplay in 1978(Nominated)
BAFTAs - Film | Soundtrack in 1978(Nominated)
Golden Globes - Best Motion Picture - Drama(Nominated)",23698846.0,"$3,800,000"
Freaky Friday,,88.0,58.0,,0,0,,,160822438.0,"$26,000,000"
Close Encounters of the Third Kind,,90.0,85.0,"Oscars - ACTRESS IN A SUPPORTING ROLE(Nominated)
Oscars - ART DIRECTION(Nominated)
Oscars - CINEMATOGRAPHY(Won)
Oscars - DIRECTING(Nominated)
Oscars - FILM EDITING(Nominated)
Oscars - MUSIC (Original Score)(Nominated)
Oscars - SOUND(Nominated)
Oscars - VISUAL EFFECTS(Nominated)
Oscars - SPECIAL ACHIEVEMENT AWARD (Sound Effects Editing)(Won)
Golden Globes - Best Motion Picture - Drama(Nominated)
Golden Globes - Best Director - Motion Picture(Nominated)
Golden Globes - Best Screenplay - Motion Picture(Nominated)
Golden Globes - Best Original Score - Motion Picture(Nominated)",13,2,"Oscars - CINEMATOGRAPHY(Won)
Oscars - SPECIAL ACHIEVEMENT AWARD (Sound Effects Editing)(Won)","Oscars - ACTRESS IN A SUPPORTING ROLE(Nominated)
Oscars - ART DIRECTION(Nominated)
Oscars - DIRECTING(Nominated)
Oscars - FILM EDITING(Nominated)
Oscars - MUSIC (Original Score)(Nominated)
Oscars - SOUND(Nominated)
Oscars - VISUAL EFFECTS(Nominated)
Golden Globes - Best Motion Picture - Drama(Nominated)
Golden Globes - Best Director - Motion Picture(Nominated)
Golden Globes - Best Screenplay - Motion Picture(Nominated)
Golden Globes - Best Original Score - Motion Picture(Nominated)",340800479.0,"$20,000,000"
The Deep,,42.0,38.0,"Oscars - SOUND(Nominated)
BAFTAs - Film | Cinematography in 1978(Nominated)",2,0,,"Oscars - SOUND(Nominated)
BAFTAs - Film | Cinematography in 1978(Nominated)",50681884.0,"$100,000,000"
The Spy Who Loved Me,,82.0,77.0,"Oscars - ART DIRECTION(Nominated)
Oscars - MUSIC (Original Score)(Nominated)
Oscars - MUSIC (Original Song)(Nominated)
BAFTAs - Film | Anthony Asquith Award for Original Film Music in 1978(Nominated)
BAFTAs - Film | Production Design in 1978(Nominated)",5,0,,"Oscars - ART DIRECTION(Nominated)
Oscars - MUSIC (Original Score)(Nominated)
Oscars - MUSIC (Original Song)(Nominated)
BAFTAs - Film | Anthony Asquith Award for Original Film Music in 1978(Nominated)
BAFTAs - Film | Production Design in 1978(Nominated)",185400000.0,"$14,000,000"
Annie Hall,"Sigourney Weaver, Jeff Goldblum",97.0,92.0,"Oscars - ACTOR IN A LEADING ROLE(Nominated)
Oscars - ACTRESS IN A LEADING ROLE(Won)
Oscars - DIRECTING(Won)
Oscars - BEST PICTURE(Won)
Oscars - WRITING (Screenplay Written Directly for the Screen--based on factual material or on story material not previously published or produced)(Won)
BAFTAs - Film | Direction in 1978(Won)
BAFTAs - Film | Film in 1978(Won)
BAFTAs - Film | Film Editing in 1978(Won)
BAFTAs - Film | Screenplay in 1978(Won)
Golden Globes - Best Motion Picture - Musical or Comedy(Nominated)
Golden Globes - Best Performance by an Actress in a Motion Picture - Musical or Comedy(Won)
Golden Globes - Best Performance by an Actor in a Motion Picture - Musical or Comedy(Nominated)
Golden Globes - Best Director - Motion Picture(Nominated)
Golden Globes - Best Screenplay - Motion Picture(Nominated)",14,9,"Oscars - ACTRESS IN A LEADING ROLE(Won)
Oscars - DIRECTING(Won)
Oscars - BEST PICTURE(Won)
Oscars - WRITING (Screenplay Written Directly for the Screen--based on factual material or on story material not previously published or produced)(Won)
BAFTAs - Film | Direction in 1978(Won)
BAFTAs - Film | Film in 1978(Won)
BAFTAs - Film | Film Editing in 1978(Won)
BAFTAs - Film | Screenplay in 1978(Won)
Golden Globes - Best Performance by an Actress in a Motion Picture - Musical or Comedy(Won)","Oscars - ACTOR IN A LEADING ROLE(Nominated)
Golden Globes - Best Motion Picture - Musical or Comedy(Nominated)
Golden Globes - Best Performance by an Actor in a Motion Picture - Musical or Comedy(Nominated)
Golden Globes - Best Director - Motion Picture(Nominated)
Golden Globes - Best Screenplay - Motion Picture(Nominated)",38252270.0,"$4,000,000"
The Sentinel,,35.0,41.0,,0,0,,,78080697.0,"$60,000,000"
Cinderella,,98.0,80.0,"Oscars - MUSIC (Scoring of a Musical Picture)(Nominated)
Oscars - MUSIC (Song)(Nominated)
Oscars - SOUND RECORDING(Nominated)
Oscars - COSTUME DESIGN(Nominated)
BAFTAs - Film | Costume Design in 2016(Nominated)",5,0,,"Oscars - MUSIC (Scoring of a Musical Picture)(Nominated)
Oscars - MUSIC (Song)(Nominated)
Oscars - SOUND RECORDING(Nominated)
Oscars - COSTUME DESIGN(Nominated)
BAFTAs - Film | Costume Design in 2016(Nominated)",542351353.0,"$95,000,000"
Cinderella,,98.0,80.0,"Oscars - MUSIC (Scoring of a Musical Picture)(Nominated)
Oscars - MUSIC (Song)(Nominated)
Oscars - SOUND RECORDING(Nominated)
Oscars - COSTUME DESIGN(Nominated)
BAFTAs - Film | Costume Design in 2016(Nominated)",5,0,,"Oscars - MUSIC (Scoring of a Musical Picture)(Nominated)
Oscars - MUSIC (Song)(Nominated)
Oscars - SOUND RECORDING(Nominated)
Oscars - COSTUME DESIGN(Nominated)
BAFTAs - Film | Costume Design in 2016(Nominated)",542351353.0,"$2,900,000"
Exorcist II: The Heretic,,11.0,13.0,,0,0,,,25011000.0,"$14,000,000"
"New York, New York",Robert De Niro,57.0,58.0,"BAFTAs - Film | Costume Design in 1978(Nominated)
BAFTAs - Film | Soundtrack in 1978(Nominated)
Golden Globes - Best Motion Picture - Musical or Comedy(Nominated)
Golden Globes - Best Performance by an Actress in a Motion Picture - Musical or Comedy(Nominated)
Golden Globes - Best Performance by an Actor in a Motion Picture - Musical or Comedy(Nominated)
Golden Globes - Best Original Song - Motion Picture(Nominated)",6,0,,"BAFTAs - Film | Costume Design in 1978(Nominated)
BAFTAs - Film | Soundtrack in 1978(Nominated)
Golden Globes - Best Motion Picture - Musical or Comedy(Nominated)
Golden Globes - Best Performance by an Actress in a Motion Picture - Musical or Comedy(Nominated)
Golden Globes - Best Performance by an Actor in a Motion Picture - Musical or Comedy(Nominated)
Golden Globes - Best Original Song - Motion Picture(Nominated)",,"$14,000,000"
The Hills Have Eyes,,52.0,58.0,,0,0,,,70355813.0,"$17,000,000"
Suspiria,,65.0,72.0,,0,0,,,,"$20,000,000"
The Yellow Handkerchief,,65.0,60.0,,0,0,,,,"$15,500,000"
Damnation Alley,,45.0,34.0,,0,0,,,,"$17,000,000"
The Hobbit: An Unexpected Journey,"Elijah Wood, Benedict Cumberbatch, Ian McKellen",64.0,83.0,"Oscars - MAKEUP AND HAIRSTYLING(Nominated)
Oscars - PRODUCTION DESIGN(Nominated)
Oscars - VISUAL EFFECTS(Nominated)",3,0,,"Oscars - MAKEUP AND HAIRSTYLING(Nominated)
Oscars - PRODUCTION DESIGN(Nominated)
Oscars - VISUAL EFFECTS(Nominated)",1014938545.0,"$200,000,000"
High Anxiety,,75.0,67.0,"Golden Globes - Best Motion Picture - Musical or Comedy(Nominated)
Golden Globes - Best Performance by an Actor in a Motion Picture - Musical or Comedy(Nominated)",2,0,,"Golden Globes - Best Motion Picture - Musical or Comedy(Nominated)
Golden Globes - Best Performance by an Actor in a Motion Picture - Musical or Comedy(Nominated)",31063038.0,"$3,400,000"
Grease,,66.0,87.0,"Oscars - MUSIC (Original Song)(Nominated)
Golden Globes - Best Motion Picture - Musical or Comedy(Nominated)
Golden Globes - Best Performance by an Actress in a Motion Picture - Musical or Comedy(Nominated)
Golden Globes - Best Performance by an Actor in a Motion Picture - Musical or Comedy(Nominated)
Golden Globes - Best Original Song - Motion Picture(Nominated)
Golden Globes - Best Original Song - Motion Picture(Nominated)",6,0,,"Oscars - MUSIC (Original Song)(Nominated)
Golden Globes - Best Motion Picture - Musical or Comedy(Nominated)
Golden Globes - Best Performance by an Actress in a Motion Picture - Musical or Comedy(Nominated)
Golden Globes - Best Performance by an Actor in a Motion Picture - Musical or Comedy(Nominated)
Golden Globes - Best Original Song - Motion Picture(Nominated)
Golden Globes - Best Original Song - Motion Picture(Nominated)",394278547.0,"$6,000,000"
Heaven Can Wait,,86.0,69.0,"Oscars - CINEMATOGRAPHY (Color)(Nominated)
Oscars - DIRECTING(Nominated)
Oscars - OUTSTANDING MOTION PICTURE(Nominated)
Oscars - ACTOR IN A LEADING ROLE(Nominated)
Oscars - ACTOR IN A SUPPORTING ROLE(Nominated)
Oscars - ACTRESS IN A SUPPORTING ROLE(Nominated)
Oscars - ART DIRECTION(Won)
Oscars - CINEMATOGRAPHY(Nominated)
Oscars - DIRECTING(Nominated)
Oscars - MUSIC (Original Score)(Nominated)
Oscars - BEST PICTURE(Nominated)
Oscars - WRITING (Screenplay Based on Material from Another Medium)(Nominated)
Golden Globes - Best Motion Picture - Musical or Comedy(Won)
Golden Globes - Best Performance by an Actor in a Motion Picture - Musical or Comedy(Won)
Golden Globes - Best Performance by an Actress in a Supporting Role in any Motion Picture(Won)",15,4,"Oscars - ART DIRECTION(Won)
Golden Globes - Best Motion Picture - Musical or Comedy(Won)
Golden Globes - Best Performance by an Actor in a Motion Picture - Musical or Comedy(Won)
Golden Globes - Best Performance by an Actress in a Supporting Role in any Motion Picture(Won)","Oscars - CINEMATOGRAPHY (Color)(Nominated)
Oscars - DIRECTING(Nominated)
Oscars - OUTSTANDING MOTION PICTURE(Nominated)
Oscars - ACTOR IN A LEADING ROLE(Nominated)
Oscars - ACTOR IN A SUPPORTING ROLE(Nominated)
Oscars - ACTRESS IN A SUPPORTING ROLE(Nominated)
Oscars - CINEMATOGRAPHY(Nominated)
Oscars - DIRECTING(Nominated)
Oscars - MUSIC (Original Score)(Nominated)
Oscars - BEST PICTURE(Nominated)
Oscars - WRITING (Screenplay Based on Material from Another Medium)(Nominated)",98800000.0,"$15,000,000"
Jaws 2,,62.0,39.0,,0,0,,,208900376.0,"$20,000,000"
The Deer Hunter,"Meryl Streep, Robert De Niro",86.0,91.0,"Oscars - ACTOR IN A LEADING ROLE(Nominated)
Oscars - ACTOR IN A SUPPORTING ROLE(Won)
Oscars - ACTRESS IN A SUPPORTING ROLE(Nominated)
Oscars - CINEMATOGRAPHY(Nominated)
Oscars - DIRECTING(Won)
Oscars - FILM EDITING(Won)
Oscars - BEST PICTURE(Won)
Oscars - SOUND(Won)
Oscars - WRITING (Screenplay Written Directly for the Screen)(Nominated)
BAFTAs - Film | Cinematography in 1980(Won)
BAFTAs - Film | Direction in 1980(Nominated)
BAFTAs - Film | Film in 1980(Nominated)
BAFTAs - Film | Film Editing in 1980(Won)
BAFTAs - Film | Screenplay in 1980(Nominated)
BAFTAs - Film | Soundtrack in 1980(Nominated)",15,7,"Oscars - ACTOR IN A SUPPORTING ROLE(Won)
Oscars - DIRECTING(Won)
Oscars - FILM EDITING(Won)
Oscars - BEST PICTURE(Won)
Oscars - SOUND(Won)
BAFTAs - Film | Cinematography in 1980(Won)
BAFTAs - Film | Film Editing in 1980(Won)","Oscars - ACTOR IN A LEADING ROLE(Nominated)
Oscars - ACTRESS IN A SUPPORTING ROLE(Nominated)
Oscars - CINEMATOGRAPHY(Nominated)
Oscars - WRITING (Screenplay Written Directly for the Screen)(Nominated)
BAFTAs - Film | Direction in 1980(Nominated)
BAFTAs - Film | Film in 1980(Nominated)
BAFTAs - Film | Screenplay in 1980(Nominated)
BAFTAs - Film | Soundtrack in 1980(Nominated)",50065119.0,"$15,000,000"
Coming Home,,83.0,83.0,"Oscars - ACTOR IN A LEADING ROLE(Won)
Oscars - ACTOR IN A SUPPORTING ROLE(Nominated)
Oscars - ACTRESS IN A LEADING ROLE(Won)
Oscars - ACTRESS IN A SUPPORTING ROLE(Nominated)
Oscars - DIRECTING(Nominated)
Oscars - FILM EDITING(Nominated)
Oscars - BEST PICTURE(Nominated)
Oscars - WRITING (Screenplay Written Directly for the Screen)(Won)
Golden Globes - Best Motion Picture - Drama(Nominated)
Golden Globes - Best Performance by an Actress in a Motion Picture - Drama(Won)
Golden Globes - Best Performance by an Actor in a Motion Picture - Drama(Won)
Golden Globes - Best Performance by an Actor in a Supporting Role in any Motion Picture(Nominated)
Golden Globes - Best Director - Motion Picture(Nominated)
Golden Globes - Best Screenplay - Motion Picture(Nominated)",14,5,"Oscars - ACTOR IN A LEADING ROLE(Won)
Oscars - ACTRESS IN A LEADING ROLE(Won)
Oscars - WRITING (Screenplay Written Directly for the Screen)(Won)
Golden Globes - Best Performance by an Actress in a Motion Picture - Drama(Won)
Golden Globes - Best Performance by an Actor in a Motion Picture - Drama(Won)","Oscars - ACTOR IN A SUPPORTING ROLE(Nominated)
Oscars - ACTRESS IN A SUPPORTING ROLE(Nominated)
Oscars - DIRECTING(Nominated)
Oscars - FILM EDITING(Nominated)
Oscars - BEST PICTURE(Nominated)
Golden Globes - Best Motion Picture - Drama(Nominated)
Golden Globes - Best Performance by an Actor in a Supporting Role in any Motion Picture(Nominated)
Golden Globes - Best Director - Motion Picture(Nominated)
Golden Globes - Best Screenplay - Motion Picture(Nominated)",32653142.0,"$3,000,000"
Dawn of the Dead,,76.0,77.0,,0,0,,,103452875.0,"$28,000,000"
Dawn of the Dead,,76.0,77.0,,0,0,,,103452875.0,"$1,500,000"
Capricorn One,,65.0,58.0,,0,0,,,,"$5,000,000"
Days of Heaven,,94.0,89.0,"Oscars - CINEMATOGRAPHY(Won)
Oscars - COSTUME DESIGN(Nominated)
Oscars - MUSIC (Original Score)(Nominated)
Oscars - SOUND(Nominated)
Golden Globes - Best Motion Picture - Drama(Nominated)
Golden Globes - Best Director - Motion Picture(Nominated)",6,1,Oscars - CINEMATOGRAPHY(Won),"Oscars - COSTUME DESIGN(Nominated)
Oscars - MUSIC (Original Score)(Nominated)
Oscars - SOUND(Nominated)
Golden Globes - Best Motion Picture - Drama(Nominated)
Golden Globes - Best Director - Motion Picture(Nominated)",,"$3,000,000"
Death on the Nile,,80.0,79.0,Oscars - COSTUME DESIGN(Won),1,1,Oscars - COSTUME DESIGN(Won),,130298184.0,"$90,000,000"
The Wiz,,44.0,65.0,"Oscars - ART DIRECTION(Nominated)
Oscars - CINEMATOGRAPHY(Nominated)
Oscars - COSTUME DESIGN(Nominated)
Oscars - MUSIC (Adaptation Score)(Nominated)",4,0,,"Oscars - ART DIRECTION(Nominated)
Oscars - CINEMATOGRAPHY(Nominated)
Oscars - COSTUME DESIGN(Nominated)
Oscars - MUSIC (Adaptation Score)(Nominated)",22000000.0,"$24,000,000"
I Spit on Your Grave,,51.0,40.0,,0,0,,,,"$1,750,000"
Pinocchio,,0.0,33.0,"Oscars - MUSIC (Original Score)(Won)
Oscars - MUSIC (Song)(Won)
Oscars - COSTUME DESIGN(Nominated)
Oscars - MAKEUP AND HAIRSTYLING(Nominated)",4,2,"Oscars - MUSIC (Original Score)(Won)
Oscars - MUSIC (Song)(Won)","Oscars - COSTUME DESIGN(Nominated)
Oscars - MAKEUP AND HAIRSTYLING(Nominated)",84300000.0,"$45,000,000"
Pinocchio,,0.0,33.0,"Oscars - MUSIC (Original Score)(Won)
Oscars - MUSIC (Song)(Won)
Oscars - COSTUME DESIGN(Nominated)
Oscars - MAKEUP AND HAIRSTYLING(Nominated)",4,2,"Oscars - MUSIC (Original Score)(Won)
Oscars - MUSIC (Song)(Won)","Oscars - COSTUME DESIGN(Nominated)
Oscars - MAKEUP AND HAIRSTYLING(Nominated)",84300000.0,"$13,200,000"
Pinocchio,,0.0,33.0,"Oscars - MUSIC (Original Score)(Won)
Oscars - MUSIC (Song)(Won)
Oscars - COSTUME DESIGN(Nominated)
Oscars - MAKEUP AND HAIRSTYLING(Nominated)",4,2,"Oscars - MUSIC (Original Score)(Won)
Oscars - MUSIC (Song)(Won)","Oscars - COSTUME DESIGN(Nominated)
Oscars - MAKEUP AND HAIRSTYLING(Nominated)",84300000.0,"$2,289,247"
The Amityville Horror,Ryan Reynolds,31.0,52.0,Oscars - MUSIC (Original Score)(Nominated),1,0,,Oscars - MUSIC (Original Score)(Nominated),109175673.0,"$18,500,000"
Star Trek: The Motion Picture,,53.0,42.0,Golden Globes - Best Original Score - Motion Picture(Nominated),1,0,,Golden Globes - Best Original Score - Motion Picture(Nominated),139000000.0,"$35,000,000"
Alien,Sigourney Weaver,93.0,94.0,"Oscars - ART DIRECTION(Nominated)
Oscars - VISUAL EFFECTS(Won)
BAFTAs - Film | Anthony Asquith Award for Original Film Music in 1980(Nominated)
BAFTAs - Film | Costume Design in 1980(Nominated)
BAFTAs - Film | Film Editing in 1980(Nominated)
BAFTAs - Film | Production Design in 1980(Won)
BAFTAs - Film | Soundtrack in 1980(Won)
Golden Globes - Best Original Score - Motion Picture(Nominated)",8,3,"Oscars - VISUAL EFFECTS(Won)
BAFTAs - Film | Production Design in 1980(Won)
BAFTAs - Film | Soundtrack in 1980(Won)","Oscars - ART DIRECTION(Nominated)
BAFTAs - Film | Anthony Asquith Award for Original Film Music in 1980(Nominated)
BAFTAs - Film | Costume Design in 1980(Nominated)
BAFTAs - Film | Film Editing in 1980(Nominated)
Golden Globes - Best Original Score - Motion Picture(Nominated)",188034787.0,"$10,700,000"
Apocalypse Now,"Harrison Ford, Marlon Brando",97.0,94.0,"Oscars - ACTOR IN A SUPPORTING ROLE(Nominated)
Oscars - ART DIRECTION(Nominated)
Oscars - CINEMATOGRAPHY(Won)
Oscars - DIRECTING(Nominated)
Oscars - FILM EDITING(Nominated)
Oscars - BEST PICTURE(Nominated)
Oscars - SOUND(Won)
Oscars - WRITING (Screenplay Based on Material from Another Medium)(Nominated)
BAFTAs - Film | Anthony Asquith Award for Original Film Music in 1980(Nominated)
BAFTAs - Film | Cinematography in 1980(Nominated)
BAFTAs - Film | Direction in 1980(Won)
BAFTAs - Film | Film in 1980(Nominated)
BAFTAs - Film | Film Editing in 1980(Nominated)
BAFTAs - Film | Production Design in 1980(Nominated)
BAFTAs - Film | Soundtrack in 1980(Nominated)
Golden Globes - Best Motion Picture - Drama(Nominated)
Golden Globes - Best Performance by an Actor in a Supporting Role in any Motion Picture(Won)
Golden Globes - Best Director - Motion Picture(Won)
Golden Globes - Best Original Score - Motion Picture(Won)",19,6,"Oscars - CINEMATOGRAPHY(Won)
Oscars - SOUND(Won)
BAFTAs - Film | Direction in 1980(Won)
Golden Globes - Best Performance by an Actor in a Supporting Role in any Motion Picture(Won)
Golden Globes - Best Director - Motion Picture(Won)
Golden Globes - Best Original Score - Motion Picture(Won)","Oscars - ACTOR IN A SUPPORTING ROLE(Nominated)
Oscars - ART DIRECTION(Nominated)
Oscars - DIRECTING(Nominated)
Oscars - FILM EDITING(Nominated)
Oscars - BEST PICTURE(Nominated)
Oscars - WRITING (Screenplay Based on Material from Another Medium)(Nominated)
BAFTAs - Film | Anthony Asquith Award for Original Film Music in 1980(Nominated)
BAFTAs - Film | Cinematography in 1980(Nominated)
BAFTAs - Film | Film in 1980(Nominated)
BAFTAs - Film | Film Editing in 1980(Nominated)
BAFTAs - Film | Production Design in 1980(Nominated)
BAFTAs - Film | Soundtrack in 1980(Nominated)
Golden Globes - Best Motion Picture - Drama(Nominated)",85955386.0,"$31,500,000"
The Muppet Movie,,89.0,88.0,"Oscars - MUSIC (Original Song Score and Its Adaptation -or- Adaptation Score)(Nominated)
Oscars - MUSIC (Original Song)(Nominated)",2,0,,"Oscars - MUSIC (Original Song Score and Its Adaptation -or- Adaptation Score)(Nominated)
Oscars - MUSIC (Original Song)(Nominated)",76657000.0,"$8,000,000"
Dreamer: Inspired by a True Story,,64.0,78.0,,0,0,,,39498360.0,"$32,000,000"
Life of Brian,,96.0,93.0,,0,0,,,20548593.0,"$4,000,000"
The Tempest,,31.0,27.0,Oscars - COSTUME DESIGN(Nominated),1,0,,Oscars - COSTUME DESIGN(Nominated),,"$20,000,000"
When a Stranger Calls,,9.0,43.0,,0,0,,,67215435.0,"$15,000,000"
The Black Stallion,,90.0,83.0,"Oscars - ACTOR IN A SUPPORTING ROLE(Nominated)
Oscars - FILM EDITING(Nominated)
Oscars - SPECIAL ACHIEVEMENT AWARD (Sound Editing)(Won)
BAFTAs - Film | Cinematography in 1981(Nominated)",4,1,Oscars - SPECIAL ACHIEVEMENT AWARD (Sound Editing)(Won),"Oscars - ACTOR IN A SUPPORTING ROLE(Nominated)
Oscars - FILM EDITING(Nominated)
BAFTAs - Film | Cinematography in 1981(Nominated)",37799643.0,"$2,700,000"
Head Over Heels,,90.0,92.0,,0,0,,,,"$14,000,000"
The Rose,,74.0,81.0,"Oscars - ACTOR IN A SUPPORTING ROLE(Nominated)
Oscars - ACTRESS IN A LEADING ROLE(Nominated)
Oscars - FILM EDITING(Nominated)
Oscars - SOUND(Nominated)
BAFTAs - Film | Sound in 1981(Nominated)",5,0,,"Oscars - ACTOR IN A SUPPORTING ROLE(Nominated)
Oscars - ACTRESS IN A LEADING ROLE(Nominated)
Oscars - FILM EDITING(Nominated)
Oscars - SOUND(Nominated)
BAFTAs - Film | Sound in 1981(Nominated)",29200000.0,"$8,500,000"
1941,,39.0,48.0,"Oscars - CINEMATOGRAPHY(Nominated)
Oscars - SOUND(Nominated)
Oscars - VISUAL EFFECTS(Nominated)",3,0,,"Oscars - CINEMATOGRAPHY(Nominated)
Oscars - SOUND(Nominated)
Oscars - VISUAL EFFECTS(Nominated)",94875000.0,"$32,000,000"
Going in Style,,82.0,75.0,,0,0,,,80812424.0,"$24,000,000"
Airplane!,,97.0,89.0,"BAFTAs - Film | Screenplay in 1981(Nominated)
Golden Globes - Best Motion Picture - Musical or Comedy(Nominated)",2,0,,"BAFTAs - Film | Screenplay in 1981(Nominated)
Golden Globes - Best Motion Picture - Musical or Comedy(Nominated)",83454307.0,"$3,500,000"
Private Benjamin,,83.0,60.0,"Oscars - ACTRESS IN A LEADING ROLE(Nominated)
Oscars - ACTRESS IN A SUPPORTING ROLE(Nominated)
Oscars - WRITING (Screenplay Written Directly for the Screen)(Nominated)
Golden Globes - Best Performance by an Actress in a Motion Picture - Musical or Comedy(Nominated)",4,0,,"Oscars - ACTRESS IN A LEADING ROLE(Nominated)
Oscars - ACTRESS IN A SUPPORTING ROLE(Nominated)
Oscars - WRITING (Screenplay Written Directly for the Screen)(Nominated)
Golden Globes - Best Performance by an Actress in a Motion Picture - Musical or Comedy(Nominated)",69847348.0,"$15,000,000"
The Blue Lagoon,,12.0,53.0,Oscars - CINEMATOGRAPHY(Nominated),1,0,,Oscars - CINEMATOGRAPHY(Nominated),47923795.0,"$4,500,000"
The Blues Brothers,Carrie Fisher,72.0,92.0,,0,0,,,57246460.0,"$27,000,000"
Simon,,67.0,88.0,,0,0,,,,"$1,300,000"
2001: A Space Odyssey,,92.0,89.0,"Oscars - ART DIRECTION(Nominated)
Oscars - DIRECTING(Nominated)
Oscars - SPECIAL VISUAL EFFECTS(Won)
Oscars - WRITING (Story and Screenplay--written directly for the screen)(Nominated)
BAFTAs - Film | Art Direction in 1969(Won)
BAFTAs - Film | British Cinematography in 1969(Won)
BAFTAs - Film | Film in 1969(Nominated)
BAFTAs - Film | Soundtrack in 1969(Won)
BAFTAs - Film | United Nations Award - for the best Film embodying one or more of the principles of the United Nations Charter in 1969(Nominated)",9,4,"Oscars - SPECIAL VISUAL EFFECTS(Won)
BAFTAs - Film | Art Direction in 1969(Won)
BAFTAs - Film | British Cinematography in 1969(Won)
BAFTAs - Film | Soundtrack in 1969(Won)","Oscars - ART DIRECTION(Nominated)
Oscars - DIRECTING(Nominated)
Oscars - WRITING (Story and Screenplay--written directly for the screen)(Nominated)
BAFTAs - Film | Film in 1969(Nominated)
BAFTAs - Film | United Nations Award - for the best Film embodying one or more of the principles of the United Nations Charter in 1969(Nominated)",71777922.0,"$10,500,000"
The Fog,,4.0,19.0,,0,0,,,37048526.0,"$18,000,000"
The Fog,,4.0,19.0,,0,0,,,37048526.0,"$1,100,000"
The Ninth Configuration,,81.0,76.0,,0,0,,,,"$4,000,000"
Fame,,81.0,69.0,"Oscars - FILM EDITING(Nominated)
Oscars - MUSIC (Original Score)(Won)
Oscars - MUSIC (Original Song)(Won)
Oscars - MUSIC (Original Song)(Nominated)
Oscars - SOUND(Nominated)
Oscars - WRITING (Screenplay Written Directly for the Screen)(Nominated)
BAFTAs - Film | Direction in 1981(Nominated)
BAFTAs - Film | Editing in 1981(Nominated)
BAFTAs - Film | Original Film Music in 1981(Nominated)
BAFTAs - Film | Sound in 1981(Won)
Golden Globes - Best Motion Picture - Musical or Comedy(Nominated)
Golden Globes - Best Performance by an Actress in a Motion Picture - Musical or Comedy(Nominated)
Golden Globes - Best Original Score - Motion Picture(Nominated)
Golden Globes - Best Original Song - Motion Picture(Won)
Golden Globes - Best Television Series - Musical or Comedy(Won)
Golden Globes - Best Performance by an Actress in a Television Series - Musical or Comedy(Won)
Golden Globes - Best Television Series - Musical or Comedy(Won)
Golden Globes - Best Performance by an Actress in a Television Series - Musical or Comedy(Nominated)
Golden Globes - Best Television Series - Musical or Comedy(Nominated)
Golden Globes - Best Performance by an Actress in a Television Series - Musical or Comedy(Nominated)",20,7,"Oscars - MUSIC (Original Score)(Won)
Oscars - MUSIC (Original Song)(Won)
BAFTAs - Film | Sound in 1981(Won)
Golden Globes - Best Original Song - Motion Picture(Won)
Golden Globes - Best Television Series - Musical or Comedy(Won)
Golden Globes - Best Performance by an Actress in a Television Series - Musical or Comedy(Won)
Golden Globes - Best Television Series - Musical or Comedy(Won)","Oscars - FILM EDITING(Nominated)
Oscars - MUSIC (Original Song)(Nominated)
Oscars - SOUND(Nominated)
Oscars - WRITING (Screenplay Written Directly for the Screen)(Nominated)
BAFTAs - Film | Direction in 1981(Nominated)
BAFTAs - Film | Editing in 1981(Nominated)
BAFTAs - Film | Original Film Music in 1981(Nominated)
Golden Globes - Best Motion Picture - Musical or Comedy(Nominated)
Golden Globes - Best Performance by an Actress in a Motion Picture - Musical or Comedy(Nominated)
Golden Globes - Best Original Score - Motion Picture(Nominated)
Golden Globes - Best Performance by an Actress in a Television Series - Musical or Comedy(Nominated)
Golden Globes - Best Television Series - Musical or Comedy(Nominated)
Golden Globes - Best Performance by an Actress in a Television Series - Musical or Comedy(Nominated)",80227619.0,"$18,000,000"
The Long Riders,,81.0,73.0,,0,0,,,,"$10,000,000"
The Shining,,83.0,93.0,,0,0,,,46805191.0,"$19,000,000"
Galaxina,,17.0,22.0,,0,0,,,,"$5,500,000"
The Island,"Scarlett Johansson, Ewan McGregor",40.0,63.0,BAFTAs - Film | Film From Any Source in 1963(Nominated),1,0,,BAFTAs - Film | Film From Any Source in 1963(Nominated),163018913.0,"$120,000,000"
The Island,"Scarlett Johansson, Ewan McGregor",40.0,63.0,BAFTAs - Film | Film From Any Source in 1963(Nominated),1,0,,BAFTAs - Film | Film From Any Source in 1963(Nominated),163018913.0,"$22,000,000"
Can't Stop the Music,,22.0,37.0,,0,0,,,,"$20,000,000"
Alligator,,86.0,49.0,,0,0,,,,"$2,000,000"
Prom Night,,9.0,38.0,,0,0,,,57193655.0,"$18,000,000"
Caddyshack,,72.0,87.0,,0,0,,,39849764.0,"$6,000,000"
Dressed to Kill,Michael Caine,83.0,74.0,,0,0,,,31899000.0,"$6,500,000"
Raise the Titanic,,38.0,28.0,,0,0,,,,"$40,000,000"
Ordinary People,,89.0,88.0,"Oscars - ACTOR IN A SUPPORTING ROLE(Nominated)
Oscars - ACTOR IN A SUPPORTING ROLE(Won)
Oscars - ACTRESS IN A LEADING ROLE(Nominated)
Oscars - DIRECTING(Won)
Oscars - BEST PICTURE(Won)
Oscars - WRITING (Screenplay Based on Material from Another Medium)(Won)
Golden Globes - Best Motion Picture - Drama(Won)
Golden Globes - Best Performance by an Actress in a Motion Picture - Drama(Won)
Golden Globes - Best Performance by an Actor in a Motion Picture - Drama(Nominated)
Golden Globes - Best Performance by an Actor in a Supporting Role in any Motion Picture(Won)
Golden Globes - Best Performance by an Actor in a Supporting Role in any Motion Picture(Nominated)
Golden Globes - Best Director - Motion Picture(Won)
Golden Globes - Best Screenplay - Motion Picture(Nominated)
Golden Globes - New Star Of The Year - Actor(Won)",14,9,"Oscars - ACTOR IN A SUPPORTING ROLE(Won)
Oscars - DIRECTING(Won)
Oscars - BEST PICTURE(Won)
Oscars - WRITING (Screenplay Based on Material from Another Medium)(Won)
Golden Globes - Best Motion Picture - Drama(Won)
Golden Globes - Best Performance by an Actress in a Motion Picture - Drama(Won)
Golden Globes - Best Performance by an Actor in a Supporting Role in any Motion Picture(Won)
Golden Globes - Best Director - Motion Picture(Won)
Golden Globes - New Star Of The Year - Actor(Won)","Oscars - ACTOR IN A SUPPORTING ROLE(Nominated)
Oscars - ACTRESS IN A LEADING ROLE(Nominated)
Golden Globes - Best Performance by an Actor in a Motion Picture - Drama(Nominated)
Golden Globes - Best Performance by an Actor in a Supporting Role in any Motion Picture(Nominated)
Golden Globes - Best Screenplay - Motion Picture(Nominated)",52302978.0,"$6,200,000"
Somewhere in Time,,52.0,88.0,"Oscars - COSTUME DESIGN(Nominated)
Golden Globes - Best Original Score - Motion Picture(Nominated)",2,0,,"Oscars - COSTUME DESIGN(Nominated)
Golden Globes - Best Original Score - Motion Picture(Nominated)",,"$5,100,000"
Terror Train,,44.0,38.0,,0,0,,,,"$3,500,000"
Boogeyman,,13.0,21.0,,0,0,,,67192859.0,"$20,000,000"
Raging Bull,Robert De Niro,92.0,93.0,"Oscars - ACTOR IN A LEADING ROLE(Won)
Oscars - ACTOR IN A SUPPORTING ROLE(Nominated)
Oscars - ACTRESS IN A SUPPORTING ROLE(Nominated)
Oscars - CINEMATOGRAPHY(Nominated)
Oscars - DIRECTING(Nominated)
Oscars - FILM EDITING(Won)
Oscars - BEST PICTURE(Nominated)
Oscars - SOUND(Nominated)
BAFTAs - Film | Editing in 1982(Won)
Golden Globes - Best Motion Picture - Drama(Nominated)
Golden Globes - Best Performance by an Actor in a Motion Picture - Drama(Won)
Golden Globes - Best Performance by an Actress in a Supporting Role in any Motion Picture(Nominated)
Golden Globes - Best Performance by an Actor in a Supporting Role in any Motion Picture(Nominated)
Golden Globes - Best Director - Motion Picture(Nominated)
Golden Globes - Best Screenplay - Motion Picture(Nominated)
Golden Globes - New Star Of The Year - Actress(Nominated)",16,4,"Oscars - ACTOR IN A LEADING ROLE(Won)
Oscars - FILM EDITING(Won)
BAFTAs - Film | Editing in 1982(Won)
Golden Globes - Best Performance by an Actor in a Motion Picture - Drama(Won)","Oscars - ACTOR IN A SUPPORTING ROLE(Nominated)
Oscars - ACTRESS IN A SUPPORTING ROLE(Nominated)
Oscars - CINEMATOGRAPHY(Nominated)
Oscars - DIRECTING(Nominated)
Oscars - BEST PICTURE(Nominated)
Oscars - SOUND(Nominated)
Golden Globes - Best Motion Picture - Drama(Nominated)
Golden Globes - Best Performance by an Actress in a Supporting Role in any Motion Picture(Nominated)
Golden Globes - Best Performance by an Actor in a Supporting Role in any Motion Picture(Nominated)
Golden Globes - Best Director - Motion Picture(Nominated)
Golden Globes - Best Screenplay - Motion Picture(Nominated)
Golden Globes - New Star Of The Year - Actress(Nominated)",23417649.0,"$18,000,000"
Heaven's Gate,Willem Dafoe,57.0,54.0,Oscars - ART DIRECTION(Nominated),1,0,,Oscars - ART DIRECTION(Nominated),,"$44,000,000"
Babylon,,100.0,46.0,"Oscars - COSTUME DESIGN(Nominated)
Oscars - MUSIC (Original Score)(Nominated)
Oscars - PRODUCTION DESIGN(Nominated)",3,0,,"Oscars - COSTUME DESIGN(Nominated)
Oscars - MUSIC (Original Score)(Nominated)
Oscars - PRODUCTION DESIGN(Nominated)",64326615.0,"$80,000,000"
Superman II,,83.0,76.0,,0,0,,,190400000.0,"$54,000,000"
Raiders of the Lost Ark,Harrison Ford,93.0,96.0,"Oscars - ART DIRECTION(Won)
Oscars - CINEMATOGRAPHY(Nominated)
Oscars - DIRECTING(Nominated)
Oscars - FILM EDITING(Won)
Oscars - MUSIC (Original Score)(Nominated)
Oscars - BEST PICTURE(Nominated)
Oscars - SOUND(Won)
Oscars - VISUAL EFFECTS(Won)
Oscars - SPECIAL ACHIEVEMENT AWARD (Sound Effects Editing)(Won)
Golden Globes - Best Director - Motion Picture(Nominated)",10,5,"Oscars - ART DIRECTION(Won)
Oscars - FILM EDITING(Won)
Oscars - SOUND(Won)
Oscars - VISUAL EFFECTS(Won)
Oscars - SPECIAL ACHIEVEMENT AWARD (Sound Effects Editing)(Won)","Oscars - CINEMATOGRAPHY(Nominated)
Oscars - DIRECTING(Nominated)
Oscars - MUSIC (Original Score)(Nominated)
Oscars - BEST PICTURE(Nominated)
Golden Globes - Best Director - Motion Picture(Nominated)",367451914.0,"$20,000,000"
Stripes,,88.0,79.0,,0,0,,,85300000.0,"$10,000,000"
Chariots of Fire,,83.0,80.0,"Oscars - ACTOR IN A SUPPORTING ROLE(Nominated)
Oscars - COSTUME DESIGN(Won)
Oscars - DIRECTING(Nominated)
Oscars - FILM EDITING(Nominated)
Oscars - MUSIC (Original Score)(Won)
Oscars - BEST PICTURE(Won)
Oscars - WRITING (Screenplay Written Directly for the Screen)(Won)",7,4,"Oscars - COSTUME DESIGN(Won)
Oscars - MUSIC (Original Score)(Won)
Oscars - BEST PICTURE(Won)
Oscars - WRITING (Screenplay Written Directly for the Screen)(Won)","Oscars - ACTOR IN A SUPPORTING ROLE(Nominated)
Oscars - DIRECTING(Nominated)
Oscars - FILM EDITING(Nominated)",61924076.0,"$5,500,000"
For Your Eyes Only,,69.0,64.0,"Oscars - MUSIC (Original Song)(Nominated)
Golden Globes - Best Original Song - Motion Picture(Nominated)",2,0,,"Oscars - MUSIC (Original Song)(Nominated)
Golden Globes - Best Original Song - Motion Picture(Nominated)",195300000.0,"$28,000,000"
The Four Seasons,,76.0,75.0,,0,0,,,42488161.0,"$6,500,000"
Time Bandits,,91.0,77.0,,0,0,,,37400000.0,"$12,000,000"
Scream,,76.0,82.0,,0,0,,,173046640.0,"$24,000,000"
Scream,,76.0,82.0,,0,0,,,173046640.0,"$15,000,000"
My Bloody Valentine,,58.0,52.0,,0,0,,,102836002.0,"$14,000,000"
Nighthawks,,71.0,55.0,,0,0,,,19600000.0,"$5,000,000"
The Howling,,74.0,60.0,,0,0,,,17985130.0,"$1,000,000"
Lion of the Desert,,75.0,93.0,,0,0,,,,"$35,000,000"
Tuck Everlasting,Ben Kingsley,60.0,70.0,,0,0,,,19344615.0,"$15,000,000"
Clash of the Titans,"Ralph Fiennes, Liam Neeson, Nicholas Hoult, Sam Worthington",64.0,70.0,,0,0,,,493214888.0,"$125,000,000"
Clash of the Titans,"Ralph Fiennes, Liam Neeson, Nicholas Hoult, Sam Worthington",64.0,70.0,,0,0,,,493214888.0,"$15,000,000"
History of the World: Part I,,61.0,81.0,,0,0,,,31672000.0,"$11,000,000"
Dragonslayer,,84.0,63.0,"Oscars - MUSIC (Original Score)(Nominated)
Oscars - VISUAL EFFECTS(Nominated)",2,0,,"Oscars - MUSIC (Original Score)(Nominated)
Oscars - VISUAL EFFECTS(Nominated)",,"$18,000,000"
Endless Love,,26.0,51.0,"Oscars - MUSIC (Original Song)(Nominated)
Golden Globes - Best Original Song - Motion Picture(Nominated)",2,0,,"Oscars - MUSIC (Original Song)(Nominated)
Golden Globes - Best Original Song - Motion Picture(Nominated)",34718173.0,"$20,000,000"
Blow Out,,89.0,81.0,,0,0,,,,"$18,000,000"
Under the Rainbow,Carrie Fisher,0.0,48.0,,0,0,,,18826490.0,"$20,000,000"
Das Boot,,98.0,96.0,"Oscars - CINEMATOGRAPHY(Nominated)
Oscars - DIRECTING(Nominated)
Oscars - FILM EDITING(Nominated)
Oscars - SOUND(Nominated)
Oscars - SOUND EFFECTS EDITING(Nominated)
Oscars - WRITING (Screenplay Based on Material from Another Medium)(Nominated)",6,0,,"Oscars - CINEMATOGRAPHY(Nominated)
Oscars - DIRECTING(Nominated)
Oscars - FILM EDITING(Nominated)
Oscars - SOUND(Nominated)
Oscars - SOUND EFFECTS EDITING(Nominated)
Oscars - WRITING (Screenplay Based on Material from Another Medium)(Nominated)",84970337.0,"$12,000,000"
Mommie Dearest,,48.0,72.0,,0,0,,,25032000.0,"$5,000,000"
Halloween II,,33.0,63.0,,0,0,,,25533818.0,"$2,500,000"
Reds,,90.0,82.0,"Oscars - ACTOR IN A LEADING ROLE(Nominated)
Oscars - ACTOR IN A SUPPORTING ROLE(Nominated)
Oscars - ACTRESS IN A LEADING ROLE(Nominated)
Oscars - ACTRESS IN A SUPPORTING ROLE(Won)
Oscars - ART DIRECTION(Nominated)
Oscars - CINEMATOGRAPHY(Won)
Oscars - COSTUME DESIGN(Nominated)
Oscars - DIRECTING(Won)
Oscars - FILM EDITING(Nominated)
Oscars - BEST PICTURE(Nominated)
Oscars - SOUND(Nominated)
Oscars - WRITING (Screenplay Written Directly for the Screen)(Nominated)
BAFTAs - Film | Cinematography in 1983(Nominated)
BAFTAs - Film | Costume Design in 1983(Nominated)
BAFTAs - Film | Production Design in 1983(Nominated)
Golden Globes - Best Motion Picture - Drama(Nominated)
Golden Globes - Best Performance by an Actress in a Motion Picture - Drama(Nominated)
Golden Globes - Best Performance by an Actor in a Motion Picture - Drama(Nominated)
Golden Globes - Best Performance by an Actress in a Supporting Role in any Motion Picture(Nominated)
Golden Globes - Best Performance by an Actor in a Supporting Role in any Motion Picture(Nominated)
Golden Globes - Best Director - Motion Picture(Won)
Golden Globes - Best Screenplay - Motion Picture(Nominated)",22,4,"Oscars - ACTRESS IN A SUPPORTING ROLE(Won)
Oscars - CINEMATOGRAPHY(Won)
Oscars - DIRECTING(Won)
Golden Globes - Best Director - Motion Picture(Won)","Oscars - ACTOR IN A LEADING ROLE(Nominated)
Oscars - ACTOR IN A SUPPORTING ROLE(Nominated)
Oscars - ACTRESS IN A LEADING ROLE(Nominated)
Oscars - ART DIRECTION(Nominated)
Oscars - COSTUME DESIGN(Nominated)
Oscars - FILM EDITING(Nominated)
Oscars - BEST PICTURE(Nominated)
Oscars - SOUND(Nominated)
Oscars - WRITING (Screenplay Written Directly for the Screen)(Nominated)
BAFTAs - Film | Cinematography in 1983(Nominated)
BAFTAs - Film | Costume Design in 1983(Nominated)
BAFTAs - Film | Production Design in 1983(Nominated)
Golden Globes - Best Motion Picture - Drama(Nominated)
Golden Globes - Best Performance by an Actress in a Motion Picture - Drama(Nominated)
Golden Globes - Best Performance by an Actor in a Motion Picture - Drama(Nominated)
Golden Globes - Best Performance by an Actress in a Supporting Role in any Motion Picture(Nominated)
Golden Globes - Best Performance by an Actor in a Supporting Role in any Motion Picture(Nominated)
Golden Globes - Best Screenplay - Motion Picture(Nominated)",50000130.0,"$33,500,000"
Taps,,68.0,67.0,Golden Globes - Best Performance by an Actor in a Motion Picture - Drama(Nominated),1,0,,Golden Globes - Best Performance by an Actor in a Motion Picture - Drama(Nominated),35856053.0,"$14,000,000"
E.T. the Extra-Terrestrial,,99.0,72.0,,0,0,,,797307407.0,"$10,500,000"
Tootsie,,91.0,81.0,"Oscars - ACTOR IN A LEADING ROLE(Nominated)
Oscars - ACTRESS IN A SUPPORTING ROLE(Nominated)
Oscars - ACTRESS IN A SUPPORTING ROLE(Won)
Oscars - CINEMATOGRAPHY(Nominated)
Oscars - DIRECTING(Nominated)
Oscars - FILM EDITING(Nominated)
Oscars - MUSIC (Original Song)(Nominated)
Oscars - BEST PICTURE(Nominated)
Oscars - SOUND(Nominated)
Oscars - WRITING (Screenplay Written Directly for the Screen)(Nominated)
BAFTAs - Film | Adapted Screenplay in 1984(Nominated)
BAFTAs - Film | Costume Design in 1984(Nominated)
BAFTAs - Film | Direction in 1984(Nominated)
BAFTAs - Film | Film in 1984(Nominated)
Golden Globes - Best Motion Picture - Musical or Comedy(Won)
Golden Globes - Best Performance by an Actor in a Motion Picture - Musical or Comedy(Won)
Golden Globes - Best Performance by an Actress in a Supporting Role in any Motion Picture(Won)
Golden Globes - Best Director - Motion Picture(Nominated)
Golden Globes - Best Screenplay - Motion Picture(Nominated)",19,4,"Oscars - ACTRESS IN A SUPPORTING ROLE(Won)
Golden Globes - Best Motion Picture - Musical or Comedy(Won)
Golden Globes - Best Performance by an Actor in a Motion Picture - Musical or Comedy(Won)
Golden Globes - Best Performance by an Actress in a Supporting Role in any Motion Picture(Won)","Oscars - ACTOR IN A LEADING ROLE(Nominated)
Oscars - ACTRESS IN A SUPPORTING ROLE(Nominated)
Oscars - CINEMATOGRAPHY(Nominated)
Oscars - DIRECTING(Nominated)
Oscars - FILM EDITING(Nominated)
Oscars - MUSIC (Original Song)(Nominated)
Oscars - BEST PICTURE(Nominated)
Oscars - SOUND(Nominated)
Oscars - WRITING (Screenplay Written Directly for the Screen)(Nominated)
BAFTAs - Film | Adapted Screenplay in 1984(Nominated)
BAFTAs - Film | Costume Design in 1984(Nominated)
BAFTAs - Film | Direction in 1984(Nominated)
BAFTAs - Film | Film in 1984(Nominated)
Golden Globes - Best Director - Motion Picture(Nominated)
Golden Globes - Best Screenplay - Motion Picture(Nominated)",177200289.0,"$15,000,000"
Star Trek II: The Wrath of Khan,,87.0,90.0,,0,0,,,95800000.0,"$12,000,000"
Poltergeist,,88.0,79.0,"Oscars - MUSIC (Original Score)(Nominated)
Oscars - SOUND EFFECTS EDITING(Nominated)
Oscars - VISUAL EFFECTS(Nominated)
BAFTAs - Film | Special Visual Effects in 1983(Won)",4,1,BAFTAs - Film | Special Visual Effects in 1983(Won),"Oscars - MUSIC (Original Score)(Nominated)
Oscars - SOUND EFFECTS EDITING(Nominated)
Oscars - VISUAL EFFECTS(Nominated)",121788932.0,"$35,000,000"
Poltergeist,,88.0,79.0,"Oscars - MUSIC (Original Score)(Nominated)
Oscars - SOUND EFFECTS EDITING(Nominated)
Oscars - VISUAL EFFECTS(Nominated)
BAFTAs - Film | Special Visual Effects in 1983(Won)",4,1,BAFTAs - Film | Special Visual Effects in 1983(Won),"Oscars - MUSIC (Original Score)(Nominated)
Oscars - SOUND EFFECTS EDITING(Nominated)
Oscars - VISUAL EFFECTS(Nominated)",121788932.0,"$10,700,000"
The Best Little Whorehouse in Texas,,48.0,68.0,Oscars - ACTOR IN A SUPPORTING ROLE(Nominated),1,0,,Oscars - ACTOR IN A SUPPORTING ROLE(Nominated),69701637.0,"$20,500,000"
Annie,Cameron Diaz,49.0,69.0,"Oscars - ART DIRECTION(Nominated)
Oscars - MUSIC (Original Song Score and Its Adaptation -or- Adaptation Score)(Nominated)
Golden Globes - Best Performance by an Actress in a Motion Picture - Musical or Comedy(Nominated)
Golden Globes - Best Performance by an Actress in a Motion Picture - Musical or Comedy(Nominated)
Golden Globes - New Star Of The Year - Actress(Nominated)",5,0,,"Oscars - ART DIRECTION(Nominated)
Oscars - MUSIC (Original Song Score and Its Adaptation -or- Adaptation Score)(Nominated)
Golden Globes - Best Performance by an Actress in a Motion Picture - Musical or Comedy(Nominated)
Golden Globes - Best Performance by an Actress in a Motion Picture - Musical or Comedy(Nominated)
Golden Globes - New Star Of The Year - Actress(Nominated)",139829625.0,"$65,000,000"
The Border,,65.0,52.0,,0,0,,,,"$13,500,000"
Cat People,,92.0,73.0,"Golden Globes - Best Original Score - Motion Picture(Nominated)
Golden Globes - Best Original Song - Motion Picture(Nominated)",2,0,,"Golden Globes - Best Original Score - Motion Picture(Nominated)
Golden Globes - Best Original Song - Motion Picture(Nominated)",21000000.0,"$12,500,000"
Fantasia,,95.0,83.0,"Oscars - SPECIAL AWARD(Won)
Oscars - SPECIAL AWARD(Won)",2,2,"Oscars - SPECIAL AWARD(Won)
Oscars - SPECIAL AWARD(Won)",,83320832.0,"$2,280,000"
Diner,,92.0,77.0,"Oscars - WRITING (Screenplay Written Directly for the Screen)(Nominated)
Golden Globes - Best Motion Picture - Musical or Comedy(Nominated)",2,0,,"Oscars - WRITING (Screenplay Written Directly for the Screen)(Nominated)
Golden Globes - Best Motion Picture - Musical or Comedy(Nominated)",,"$5,000,000"
Conan the Barbarian,,67.0,74.0,Golden Globes - New Star Of The Year - Actress(Won),1,1,Golden Globes - New Star Of The Year - Actress(Won),,79114085.0,"$90,000,000"
Conan the Barbarian,,67.0,74.0,Golden Globes - New Star Of The Year - Actress(Won),1,1,Golden Globes - New Star Of The Year - Actress(Won),,79114085.0,"$20,000,000"
Firefox,,41.0,42.0,,0,0,,,45785720.0,"$21,000,000"
Blade Runner,Harrison Ford,89.0,91.0,"Oscars - ART DIRECTION(Nominated)
Oscars - VISUAL EFFECTS(Nominated)
BAFTAs - Film | Cinematography in 1983(Won)
BAFTAs - Film | Costume Design in 1983(Won)
BAFTAs - Film | Film Editing in 1983(Nominated)
BAFTAs - Film | Production Design in 1983(Won)
BAFTAs - Film | Score for a Film in 1983(Nominated)
BAFTAs - Film | Sound in 1983(Nominated)
BAFTAs - Film | Special Visual Effects in 1983(Nominated)
Golden Globes - Best Original Score - Motion Picture(Nominated)",10,3,"BAFTAs - Film | Cinematography in 1983(Won)
BAFTAs - Film | Costume Design in 1983(Won)
BAFTAs - Film | Production Design in 1983(Won)","Oscars - ART DIRECTION(Nominated)
Oscars - VISUAL EFFECTS(Nominated)
BAFTAs - Film | Film Editing in 1983(Nominated)
BAFTAs - Film | Score for a Film in 1983(Nominated)
BAFTAs - Film | Sound in 1983(Nominated)
BAFTAs - Film | Special Visual Effects in 1983(Nominated)
Golden Globes - Best Original Score - Motion Picture(Nominated)",39649582.0,"$28,000,000"
Megaforce,,6.0,44.0,,0,0,,,,"$18,000,000"
The Thing,,34.0,42.0,,0,0,,,27573078.0,"$38,000,000"
Tron,,73.0,69.0,"Oscars - COSTUME DESIGN(Nominated)
Oscars - SOUND(Nominated)
BAFTAs - Film | Special Visual Effects in 1983(Nominated)",3,0,,"Oscars - COSTUME DESIGN(Nominated)
Oscars - SOUND(Nominated)
BAFTAs - Film | Special Visual Effects in 1983(Nominated)",26919100.0,"$17,000,000"
Fast Times at Ridgemont High,,78.0,80.0,,0,0,,,27093116.0,"$4,500,000"
Class of 1984,,71.0,67.0,,0,0,,,,"$3,250,000"
First Blood,,86.0,86.0,,0,0,,,125212904.0,"$14,000,000"
Q,,73.0,43.0,,0,0,,,,"$1,200,000"
The Man From Snowy River,,85.0,89.0,,0,0,,,20659721.0,"$5,000,000"
Creepshow,,66.0,69.0,,0,0,,,20036244.0,"$8,000,000"
Alone in the Dark,,1.0,11.0,,0,0,,,,"$20,000,000"
Gandhi,Ben Kingsley,89.0,92.0,"Oscars - ACTOR IN A LEADING ROLE(Won)
Oscars - ART DIRECTION(Won)
Oscars - CINEMATOGRAPHY(Won)
Oscars - COSTUME DESIGN(Won)
Oscars - DIRECTING(Won)
Oscars - FILM EDITING(Won)
Oscars - MAKEUP(Nominated)
Oscars - MUSIC (Original Score)(Nominated)
Oscars - BEST PICTURE(Won)
Oscars - SOUND(Nominated)
Oscars - WRITING (Screenplay Written Directly for the Screen)(Won)
BAFTAs - Film | Cinematography in 1983(Nominated)
BAFTAs - Film | Costume Design in 1983(Nominated)
BAFTAs - Film | Direction in 1983(Won)
BAFTAs - Film | Film in 1983(Won)
BAFTAs - Film | Film Editing in 1983(Nominated)
BAFTAs - Film | Most Promising Newcomer To Leading Film Roles in 1983(Won)
BAFTAs - Film | Production Design in 1983(Nominated)
BAFTAs - Film | Score for a Film in 1983(Nominated)
BAFTAs - Film | Screenplay in 1983(Nominated)
BAFTAs - Film | Sound in 1983(Nominated)
Golden Globes - Best Performance by an Actor in a Motion Picture - Drama(Won)
Golden Globes - Best Director - Motion Picture(Won)
Golden Globes - Best Screenplay - Motion Picture(Won)
Golden Globes - New Star Of The Year - Actor(Won)",25,15,"Oscars - ACTOR IN A LEADING ROLE(Won)
Oscars - ART DIRECTION(Won)
Oscars - CINEMATOGRAPHY(Won)
Oscars - COSTUME DESIGN(Won)
Oscars - DIRECTING(Won)
Oscars - FILM EDITING(Won)
Oscars - BEST PICTURE(Won)
Oscars - WRITING (Screenplay Written Directly for the Screen)(Won)
BAFTAs - Film | Direction in 1983(Won)
BAFTAs - Film | Film in 1983(Won)
BAFTAs - Film | Most Promising Newcomer To Leading Film Roles in 1983(Won)
Golden Globes - Best Performance by an Actor in a Motion Picture - Drama(Won)
Golden Globes - Best Director - Motion Picture(Won)
Golden Globes - Best Screenplay - Motion Picture(Won)
Golden Globes - New Star Of The Year - Actor(Won)","Oscars - MAKEUP(Nominated)
Oscars - MUSIC (Original Score)(Nominated)
Oscars - SOUND(Nominated)
BAFTAs - Film | Cinematography in 1983(Nominated)
BAFTAs - Film | Costume Design in 1983(Nominated)
BAFTAs - Film | Film Editing in 1983(Nominated)
BAFTAs - Film | Production Design in 1983(Nominated)
BAFTAs - Film | Score for a Film in 1983(Nominated)
BAFTAs - Film | Screenplay in 1983(Nominated)
BAFTAs - Film | Sound in 1983(Nominated)",127767889.0,"$22,000,000"
The Verdict,,88.0,88.0,"Oscars - ACTOR IN A LEADING ROLE(Nominated)
Oscars - ACTOR IN A SUPPORTING ROLE(Nominated)
Oscars - DIRECTING(Nominated)
Oscars - BEST PICTURE(Nominated)
Oscars - WRITING (Screenplay Based on Material from Another Medium)(Nominated)",5,0,,"Oscars - ACTOR IN A LEADING ROLE(Nominated)
Oscars - ACTOR IN A SUPPORTING ROLE(Nominated)
Oscars - DIRECTING(Nominated)
Oscars - BEST PICTURE(Nominated)
Oscars - WRITING (Screenplay Based on Material from Another Medium)(Nominated)",53977250.0,"$16,000,000"
The Year of Living Dangerously,,88.0,77.0,Oscars - ACTRESS IN A SUPPORTING ROLE(Won),1,1,Oscars - ACTRESS IN A SUPPORTING ROLE(Won),,,"$6,000,000"
Flashdance,,37.0,61.0,"Oscars - CINEMATOGRAPHY(Nominated)
Oscars - FILM EDITING(Nominated)
Oscars - MUSIC (Original Song)(Won)
Oscars - MUSIC (Original Song)(Nominated)
BAFTAs - Film | Editing in 1984(Won)
BAFTAs - Film | Score For A Film in 1984(Nominated)
BAFTAs - Film | Sound in 1984(Nominated)
Golden Globes - Best Motion Picture - Musical or Comedy(Nominated)
Golden Globes - Best Performance by an Actress in a Motion Picture - Musical or Comedy(Nominated)
Golden Globes - Best Original Score - Motion Picture(Won)
Golden Globes - Best Original Song - Motion Picture(Won)
Golden Globes - Best Original Song - Motion Picture(Nominated)",12,4,"Oscars - MUSIC (Original Song)(Won)
BAFTAs - Film | Editing in 1984(Won)
Golden Globes - Best Original Score - Motion Picture(Won)
Golden Globes - Best Original Song - Motion Picture(Won)","Oscars - CINEMATOGRAPHY(Nominated)
Oscars - FILM EDITING(Nominated)
Oscars - MUSIC (Original Song)(Nominated)
BAFTAs - Film | Score For A Film in 1984(Nominated)
BAFTAs - Film | Sound in 1984(Nominated)
Golden Globes - Best Motion Picture - Musical or Comedy(Nominated)
Golden Globes - Best Performance by an Actress in a Motion Picture - Musical or Comedy(Nominated)
Golden Globes - Best Original Song - Motion Picture(Nominated)",201463574.0,"$7,000,000"
WarGames,Matthew Broderick,94.0,76.0,"Oscars - CINEMATOGRAPHY(Nominated)
Oscars - SOUND(Nominated)
Oscars - WRITING (Screenplay Written Directly for the Screen)(Nominated)",3,0,,"Oscars - CINEMATOGRAPHY(Nominated)
Oscars - SOUND(Nominated)
Oscars - WRITING (Screenplay Written Directly for the Screen)(Nominated)",74433837.0,"$12,000,000"
Octopussy,,42.0,47.0,,0,0,,,187500000.0,"$27,500,000"
Staying Alive,,0.0,40.0,Golden Globes - Best Original Song - Motion Picture(Nominated),1,0,,Golden Globes - Best Original Song - Motion Picture(Nominated),126041474.0,"$22,000,000"
Videodrome,,83.0,80.0,,0,0,,,,"$5,952,000"
The Outsiders,,70.0,82.0,,0,0,,,25776548.0,"$10,000,000"
Lone Wolf McQuade,,57.0,67.0,,0,0,,,,"$5,000,000"
Superman III,,29.0,23.0,,0,0,,,80200000.0,"$39,000,000"
Twilight Zone: The Movie,,60.0,55.0,,0,0,,,29500000.0,"$10,000,000"
Hercules,Dwayne Johnson,82.0,76.0,"Oscars - MUSIC (Original Song)(Nominated)
Golden Globes - Best Original Song - Motion Picture(Nominated)",2,0,,"Oscars - MUSIC (Original Song)(Nominated)
Golden Globes - Best Original Song - Motion Picture(Nominated)",250700000.0,"$100,000,000"
Hercules,Dwayne Johnson,82.0,76.0,"Oscars - MUSIC (Original Song)(Nominated)
Golden Globes - Best Original Song - Motion Picture(Nominated)",2,0,,"Oscars - MUSIC (Original Song)(Nominated)
Golden Globes - Best Original Song - Motion Picture(Nominated)",250700000.0,"$70,000,000"
Eddie and the Cruisers,,38.0,73.0,,0,0,,,,"$5,000,000"
Never Say Never Again,,71.0,37.0,Golden Globes - Best Performance by an Actress in a Supporting Role in any Motion Picture(Nominated),1,0,,Golden Globes - Best Performance by an Actress in a Supporting Role in any Motion Picture(Nominated),160000000.0,"$36,000,000"
The Dead Zone,,89.0,77.0,,0,0,,,20766000.0,"$10,000,000"
The Right Stuff,Jeff Goldblum,96.0,90.0,"Oscars - ACTOR IN A SUPPORTING ROLE(Nominated)
Oscars - ART DIRECTION(Nominated)
Oscars - CINEMATOGRAPHY(Nominated)
Oscars - FILM EDITING(Won)
Oscars - MUSIC (Original Score)(Won)
Oscars - BEST PICTURE(Nominated)
Oscars - SOUND(Won)
Oscars - SOUND EFFECTS EDITING(Won)",8,4,"Oscars - FILM EDITING(Won)
Oscars - MUSIC (Original Score)(Won)
Oscars - SOUND(Won)
Oscars - SOUND EFFECTS EDITING(Won)","Oscars - ACTOR IN A SUPPORTING ROLE(Nominated)
Oscars - ART DIRECTION(Nominated)
Oscars - CINEMATOGRAPHY(Nominated)
Oscars - BEST PICTURE(Nominated)",21500213.0,"$27,000,000"
Under Fire,,91.0,70.0,"Oscars - MUSIC (Original Score)(Nominated)
BAFTAs - Film | Editing in 1985(Nominated)
Golden Globes - Best Performance by an Actor in a Supporting Role in any Motion Picture(Nominated)
Golden Globes - Best Original Score - Motion Picture(Nominated)",4,0,,"Oscars - MUSIC (Original Score)(Nominated)
BAFTAs - Film | Editing in 1985(Nominated)
Golden Globes - Best Performance by an Actor in a Supporting Role in any Motion Picture(Nominated)
Golden Globes - Best Original Score - Motion Picture(Nominated)",,"$8,000,000"
From Russia With Love,,97.0,84.0,"BAFTAs - Film | British Cinematography - Colour in 1964(Won)
Golden Globes - Best Original Song - Motion Picture(Nominated)",2,1,BAFTAs - Film | British Cinematography - Colour in 1964(Won),Golden Globes - Best Original Song - Motion Picture(Nominated),78900000.0,"$2,000,000"
Scarface,Al Pacino,79.0,93.0,"Golden Globes - Best Performance by an Actor in a Motion Picture - Drama(Nominated)
Golden Globes - Best Performance by an Actor in a Supporting Role in any Motion Picture(Nominated)
Golden Globes - Best Original Score - Motion Picture(Nominated)",3,0,,"Golden Globes - Best Performance by an Actor in a Motion Picture - Drama(Nominated)
Golden Globes - Best Performance by an Actor in a Supporting Role in any Motion Picture(Nominated)
Golden Globes - Best Original Score - Motion Picture(Nominated)",45233082.0,"$25,000,000"
Yentl,,69.0,75.0,"Oscars - ACTRESS IN A SUPPORTING ROLE(Nominated)
Oscars - ART DIRECTION(Nominated)
Oscars - MUSIC (Original Song Score or Adaptation Score)(Won)
Oscars - MUSIC (Original Song)(Nominated)
Oscars - MUSIC (Original Song)(Nominated)
Golden Globes - Best Motion Picture - Musical or Comedy(Won)
Golden Globes - Best Performance by an Actress in a Motion Picture - Musical or Comedy(Nominated)
Golden Globes - Best Performance by an Actor in a Motion Picture - Musical or Comedy(Nominated)
Golden Globes - Best Director - Motion Picture(Won)
Golden Globes - Best Original Score - Motion Picture(Nominated)
Golden Globes - Best Original Song - Motion Picture(Nominated)",11,3,"Oscars - MUSIC (Original Song Score or Adaptation Score)(Won)
Golden Globes - Best Motion Picture - Musical or Comedy(Won)
Golden Globes - Best Director - Motion Picture(Won)","Oscars - ACTRESS IN A SUPPORTING ROLE(Nominated)
Oscars - ART DIRECTION(Nominated)
Oscars - MUSIC (Original Song)(Nominated)
Oscars - MUSIC (Original Song)(Nominated)
Golden Globes - Best Performance by an Actress in a Motion Picture - Musical or Comedy(Nominated)
Golden Globes - Best Performance by an Actor in a Motion Picture - Musical or Comedy(Nominated)
Golden Globes - Best Original Score - Motion Picture(Nominated)
Golden Globes - Best Original Song - Motion Picture(Nominated)",39012241.0,"$12,000,000"
Ghostbusters,"Chris Hemsworth, Sigourney Weaver",95.0,88.0,"Oscars - MUSIC (Original Song)(Nominated)
Oscars - VISUAL EFFECTS(Nominated)
BAFTAs - Film | Special Visual Effects in 1985(Nominated)
Golden Globes - Best Motion Picture - Musical or Comedy(Nominated)
Golden Globes - Best Performance by an Actor in a Motion Picture - Musical or Comedy(Nominated)
Golden Globes - Best Original Song - Motion Picture(Nominated)",6,0,,"Oscars - MUSIC (Original Song)(Nominated)
Oscars - VISUAL EFFECTS(Nominated)
BAFTAs - Film | Special Visual Effects in 1985(Nominated)
Golden Globes - Best Motion Picture - Musical or Comedy(Nominated)
Golden Globes - Best Performance by an Actor in a Motion Picture - Musical or Comedy(Nominated)
Golden Globes - Best Original Song - Motion Picture(Nominated)",295582480.0,"$144,000,000"
Ghostbusters,"Chris Hemsworth, Sigourney Weaver",95.0,88.0,"Oscars - MUSIC (Original Song)(Nominated)
Oscars - VISUAL EFFECTS(Nominated)
BAFTAs - Film | Special Visual Effects in 1985(Nominated)
Golden Globes - Best Motion Picture - Musical or Comedy(Nominated)
Golden Globes - Best Performance by an Actor in a Motion Picture - Musical or Comedy(Nominated)
Golden Globes - Best Original Song - Motion Picture(Nominated)",6,0,,"Oscars - MUSIC (Original Song)(Nominated)
Oscars - VISUAL EFFECTS(Nominated)
BAFTAs - Film | Special Visual Effects in 1985(Nominated)
Golden Globes - Best Motion Picture - Musical or Comedy(Nominated)
Golden Globes - Best Performance by an Actor in a Motion Picture - Musical or Comedy(Nominated)
Golden Globes - Best Original Song - Motion Picture(Nominated)",295582480.0,"$30,000,000"
Beverly Hills Cop,,82.0,82.0,"Oscars - WRITING (Screenplay Written Directly for the Screen)(Nominated)
BAFTAs - Film | Score For A Film in 1986(Nominated)
Golden Globes - Best Motion Picture - Musical or Comedy(Nominated)
Golden Globes - Best Performance by an Actor in a Motion Picture - Musical or Comedy(Nominated)",4,0,,"Oscars - WRITING (Screenplay Written Directly for the Screen)(Nominated)
BAFTAs - Film | Score For A Film in 1986(Nominated)
Golden Globes - Best Motion Picture - Musical or Comedy(Nominated)
Golden Globes - Best Performance by an Actor in a Motion Picture - Musical or Comedy(Nominated)",316300000.0,"$15,000,000"
Indiana Jones and the Temple of Doom,Harrison Ford,77.0,82.0,"Oscars - MUSIC (Original Score)(Nominated)
Oscars - VISUAL EFFECTS(Won)",2,1,Oscars - VISUAL EFFECTS(Won),Oscars - MUSIC (Original Score)(Nominated),333080271.0,"$28,000,000"
Gremlins,,86.0,78.0,,0,0,,,164029770.0,"$11,000,000"
The Karate Kid,,90.0,82.0,Oscars - ACTOR IN A SUPPORTING ROLE(Nominated),1,0,,Oscars - ACTOR IN A SUPPORTING ROLE(Nominated),351774938.0,"$40,000,000"
The Karate Kid,,90.0,82.0,Oscars - ACTOR IN A SUPPORTING ROLE(Nominated),1,0,,Oscars - ACTOR IN A SUPPORTING ROLE(Nominated),351774938.0,"$8,000,000"
Police Academy,,56.0,64.0,,0,0,,,81198894.0,"$4,500,000"
Footloose,,55.0,71.0,"Oscars - MUSIC (Original Song)(Nominated)
Oscars - MUSIC (Original Song)(Nominated)
Golden Globes - Best Original Song - Motion Picture(Nominated)",3,0,,"Oscars - MUSIC (Original Song)(Nominated)
Oscars - MUSIC (Original Song)(Nominated)
Golden Globes - Best Original Song - Motion Picture(Nominated)",80009427.0,"$24,000,000"
Footloose,,55.0,71.0,"Oscars - MUSIC (Original Song)(Nominated)
Oscars - MUSIC (Original Song)(Nominated)
Golden Globes - Best Original Song - Motion Picture(Nominated)",3,0,,"Oscars - MUSIC (Original Song)(Nominated)
Oscars - MUSIC (Original Song)(Nominated)
Golden Globes - Best Original Song - Motion Picture(Nominated)",80009427.0,"$8,200,000"
Star Trek III: The Search for Spock,,79.0,68.0,,0,0,,,87000000.0,"$18,000,000"
Splash,Tom Hanks,91.0,62.0,"Oscars - WRITING (Screenplay Written Directly for the Screen)(Nominated)
Golden Globes - Best Motion Picture - Musical or Comedy(Nominated)",2,0,,"Oscars - WRITING (Screenplay Written Directly for the Screen)(Nominated)
Golden Globes - Best Motion Picture - Musical or Comedy(Nominated)",62599495.0,"$8,000,000"
Repo Man,,98.0,78.0,,0,0,,,,"$1,500,000"
The Hotel New Hampshire,,71.0,50.0,,0,0,,,,"$7,500,000"
Firestarter,,40.0,53.0,,0,0,,,,"$15,000,000"
Firestarter,,40.0,53.0,,0,0,,,,"$12,000,000"
Once Upon a Time in America,Robert De Niro,86.0,93.0,"Golden Globes - Best Director - Motion Picture(Nominated)
Golden Globes - Best Original Score - Motion Picture(Nominated)",2,0,,"Golden Globes - Best Director - Motion Picture(Nominated)
Golden Globes - Best Original Score - Motion Picture(Nominated)",,"$30,000,000"
Conan the Destroyer,,26.0,38.0,,0,0,,,26400000.0,"$18,000,000"
The Neverending Story,,83.0,81.0,,0,0,,,21454405.0,"$27,000,000"
Red Dawn,,50.0,65.0,,0,0,,,48164150.0,"$65,000,000"
Sheena,,11.0,33.0,,0,0,,,,"$25,000,000"
C.H.U.D.,,29.0,33.0,,0,0,,,,"$1,250,000"
Amadeus,,89.0,95.0,"Oscars - ACTOR IN A LEADING ROLE(Won)
Oscars - ACTOR IN A LEADING ROLE(Nominated)
Oscars - ART DIRECTION(Won)
Oscars - CINEMATOGRAPHY(Nominated)
Oscars - COSTUME DESIGN(Won)
Oscars - DIRECTING(Won)
Oscars - FILM EDITING(Nominated)
Oscars - MAKEUP(Won)
Oscars - BEST PICTURE(Won)
Oscars - SOUND(Won)
Oscars - WRITING (Screenplay Based on Material from Another Medium)(Won)
BAFTAs - Film | Adapted Screenplay in 1986(Nominated)
BAFTAs - Film | Cinematography in 1986(Won)
BAFTAs - Film | Costume Design in 1986(Nominated)
BAFTAs - Film | Editing in 1986(Won)
BAFTAs - Film | Film in 1986(Nominated)
BAFTAs - Film | Production Design in 1986(Nominated)
BAFTAs - Film | Sound in 1986(Won)
Golden Globes - Best Motion Picture - Drama(Won)
Golden Globes - Best Performance by an Actor in a Motion Picture - Drama(Won)
Golden Globes - Best Performance by an Actor in a Motion Picture - Drama(Nominated)
Golden Globes - Best Performance by an Actor in a Supporting Role in any Motion Picture(Nominated)
Golden Globes - Best Director - Motion Picture(Won)
Golden Globes - Best Screenplay - Motion Picture(Won)",24,15,"Oscars - ACTOR IN A LEADING ROLE(Won)
Oscars - ART DIRECTION(Won)
Oscars - COSTUME DESIGN(Won)
Oscars - DIRECTING(Won)
Oscars - MAKEUP(Won)
Oscars - BEST PICTURE(Won)
Oscars - SOUND(Won)
Oscars - WRITING (Screenplay Based on Material from Another Medium)(Won)
BAFTAs - Film | Cinematography in 1986(Won)
BAFTAs - Film | Editing in 1986(Won)
BAFTAs - Film | Sound in 1986(Won)
Golden Globes - Best Motion Picture - Drama(Won)
Golden Globes - Best Performance by an Actor in a Motion Picture - Drama(Won)
Golden Globes - Best Director - Motion Picture(Won)
Golden Globes - Best Screenplay - Motion Picture(Won)","Oscars - ACTOR IN A LEADING ROLE(Nominated)
Oscars - CINEMATOGRAPHY(Nominated)
Oscars - FILM EDITING(Nominated)
BAFTAs - Film | Adapted Screenplay in 1986(Nominated)
BAFTAs - Film | Costume Design in 1986(Nominated)
BAFTAs - Film | Film in 1986(Nominated)
BAFTAs - Film | Production Design in 1986(Nominated)
Golden Globes - Best Performance by an Actor in a Motion Picture - Drama(Nominated)
Golden Globes - Best Performance by an Actor in a Supporting Role in any Motion Picture(Nominated)",52025100.0,"$18,000,000"
Heartbreakers,"Carrie Fisher, Sigourney Weaver",80.0,53.0,,0,0,,,57753825.0,"$38,000,000"
Body Double,,78.0,65.0,Golden Globes - Best Performance by an Actress in a Supporting Role in any Motion Picture(Nominated),1,0,,Golden Globes - Best Performance by an Actress in a Supporting Role in any Motion Picture(Nominated),,"$10,000,000"
The Terminator,,100.0,89.0,,0,0,,,78019031.0,"$6,400,000"
The Killing Fields,,93.0,91.0,"Oscars - ACTOR IN A LEADING ROLE(Nominated)
Oscars - ACTOR IN A SUPPORTING ROLE(Won)
Oscars - CINEMATOGRAPHY(Won)
Oscars - DIRECTING(Nominated)
Oscars - FILM EDITING(Won)
Oscars - BEST PICTURE(Nominated)
Oscars - WRITING (Screenplay Based on Material from Another Medium)(Nominated)
BAFTAs - Film | Adapted Screenplay in 1985(Won)
BAFTAs - Film | Cinematography in 1985(Won)
BAFTAs - Film | Direction in 1985(Nominated)
BAFTAs - Film | Editing in 1985(Won)
BAFTAs - Film | Film in 1985(Won)
BAFTAs - Film | Production Design in 1985(Won)
BAFTAs - Film | Score For A Film in 1985(Nominated)
BAFTAs - Film | Sound in 1985(Won)
BAFTAs - Film | Special Visual Effects in 1985(Nominated)",16,9,"Oscars - ACTOR IN A SUPPORTING ROLE(Won)
Oscars - CINEMATOGRAPHY(Won)
Oscars - FILM EDITING(Won)
BAFTAs - Film | Adapted Screenplay in 1985(Won)
BAFTAs - Film | Cinematography in 1985(Won)
BAFTAs - Film | Editing in 1985(Won)
BAFTAs - Film | Film in 1985(Won)
BAFTAs - Film | Production Design in 1985(Won)
BAFTAs - Film | Sound in 1985(Won)","Oscars - ACTOR IN A LEADING ROLE(Nominated)
Oscars - DIRECTING(Nominated)
Oscars - BEST PICTURE(Nominated)
Oscars - WRITING (Screenplay Based on Material from Another Medium)(Nominated)
BAFTAs - Film | Direction in 1985(Nominated)
BAFTAs - Film | Score For A Film in 1985(Nominated)
BAFTAs - Film | Special Visual Effects in 1985(Nominated)",34609720.0,"$16,000,000"
A Nightmare on Elm Street,Johnny Depp,95.0,84.0,,0,0,,,117729618.0,"$35,000,000"
A Nightmare on Elm Street,Johnny Depp,95.0,84.0,,0,0,,,117729618.0,"$1,800,000"
The Cotton Club,,74.0,57.0,"Oscars - ART DIRECTION(Nominated)
Oscars - FILM EDITING(Nominated)
BAFTAs - Film | Costume Design in 1986(Won)
BAFTAs - Film | Sound in 1986(Nominated)",4,1,BAFTAs - Film | Costume Design in 1986(Won),"Oscars - ART DIRECTION(Nominated)
Oscars - FILM EDITING(Nominated)
BAFTAs - Film | Sound in 1986(Nominated)",25928721.0,"$48,000,000"
A Passage to India,,76.0,79.0,"Oscars - ACTRESS IN A LEADING ROLE(Nominated)
Oscars - ACTRESS IN A SUPPORTING ROLE(Won)
Oscars - ART DIRECTION(Nominated)
Oscars - CINEMATOGRAPHY(Nominated)
Oscars - COSTUME DESIGN(Nominated)
Oscars - DIRECTING(Nominated)
Oscars - FILM EDITING(Nominated)
Oscars - MUSIC (Original Score)(Won)
Oscars - BEST PICTURE(Nominated)
Oscars - SOUND(Nominated)
Oscars - WRITING (Screenplay Based on Material from Another Medium)(Nominated)",11,2,"Oscars - ACTRESS IN A SUPPORTING ROLE(Won)
Oscars - MUSIC (Original Score)(Won)","Oscars - ACTRESS IN A LEADING ROLE(Nominated)
Oscars - ART DIRECTION(Nominated)
Oscars - CINEMATOGRAPHY(Nominated)
Oscars - COSTUME DESIGN(Nominated)
Oscars - DIRECTING(Nominated)
Oscars - FILM EDITING(Nominated)
Oscars - BEST PICTURE(Nominated)
Oscars - SOUND(Nominated)
Oscars - WRITING (Screenplay Based on Material from Another Medium)(Nominated)",27187896.0,"$27,500,000"
Back to the Future,,93.0,95.0,"Oscars - MUSIC (Original Song)(Nominated)
Oscars - SOUND(Nominated)
Oscars - SOUND EFFECTS EDITING(Won)
Oscars - WRITING (Screenplay Written Directly for the Screen)(Nominated)",4,1,Oscars - SOUND EFFECTS EDITING(Won),"Oscars - MUSIC (Original Song)(Nominated)
Oscars - SOUND(Nominated)
Oscars - WRITING (Screenplay Written Directly for the Screen)(Nominated)",388862657.0,"$19,000,000"
Rambo: First Blood Part II,,33.0,60.0,Oscars - SOUND EFFECTS EDITING(Nominated),1,0,,Oscars - SOUND EFFECTS EDITING(Nominated),300400000.0,"$44,000,000"
The Color Purple,,82.0,95.0,"Oscars - ACTRESS IN A LEADING ROLE(Nominated)
Oscars - ACTRESS IN A SUPPORTING ROLE(Nominated)
Oscars - ACTRESS IN A SUPPORTING ROLE(Nominated)
Oscars - ART DIRECTION(Nominated)
Oscars - CINEMATOGRAPHY(Nominated)
Oscars - COSTUME DESIGN(Nominated)
Oscars - MAKEUP(Nominated)
Oscars - MUSIC (Original Score)(Nominated)
Oscars - MUSIC (Original Song)(Nominated)
Oscars - BEST PICTURE(Nominated)
Oscars - WRITING (Screenplay Based on Material from Another Medium)(Nominated)
Oscars - ACTRESS IN A SUPPORTING ROLE(Nominated)
BAFTAs - Film | Adapted Screenplay in 1987(Nominated)",13,0,,"Oscars - ACTRESS IN A LEADING ROLE(Nominated)
Oscars - ACTRESS IN A SUPPORTING ROLE(Nominated)
Oscars - ACTRESS IN A SUPPORTING ROLE(Nominated)
Oscars - ART DIRECTION(Nominated)
Oscars - CINEMATOGRAPHY(Nominated)
Oscars - COSTUME DESIGN(Nominated)
Oscars - MAKEUP(Nominated)
Oscars - MUSIC (Original Score)(Nominated)
Oscars - MUSIC (Original Song)(Nominated)
Oscars - BEST PICTURE(Nominated)
Oscars - WRITING (Screenplay Based on Material from Another Medium)(Nominated)
Oscars - ACTRESS IN A SUPPORTING ROLE(Nominated)
BAFTAs - Film | Adapted Screenplay in 1987(Nominated)",94029472.0,"$15,000,000"
Out of Africa,Meryl Streep,62.0,82.0,"Oscars - ACTOR IN A SUPPORTING ROLE(Nominated)
Oscars - ACTRESS IN A LEADING ROLE(Nominated)
Oscars - ART DIRECTION(Won)
Oscars - CINEMATOGRAPHY(Won)
Oscars - COSTUME DESIGN(Nominated)
Oscars - DIRECTING(Won)
Oscars - FILM EDITING(Nominated)
Oscars - MUSIC (Original Score)(Won)
Oscars - BEST PICTURE(Won)
Oscars - SOUND(Won)
Oscars - WRITING (Screenplay Based on Material from Another Medium)(Won)
Golden Globes - Best Motion Picture - Drama(Won)
Golden Globes - Best Performance by an Actress in a Motion Picture - Drama(Nominated)
Golden Globes - Best Performance by an Actor in a Supporting Role in any Motion Picture(Won)
Golden Globes - Best Director - Motion Picture(Nominated)
Golden Globes - Best Screenplay - Motion Picture(Nominated)
Golden Globes - Best Original Score - Motion Picture(Won)",17,10,"Oscars - ART DIRECTION(Won)
Oscars - CINEMATOGRAPHY(Won)
Oscars - DIRECTING(Won)
Oscars - MUSIC (Original Score)(Won)
Oscars - BEST PICTURE(Won)
Oscars - SOUND(Won)
Oscars - WRITING (Screenplay Based on Material from Another Medium)(Won)
Golden Globes - Best Motion Picture - Drama(Won)
Golden Globes - Best Performance by an Actor in a Supporting Role in any Motion Picture(Won)
Golden Globes - Best Original Score - Motion Picture(Won)","Oscars - ACTOR IN A SUPPORTING ROLE(Nominated)
Oscars - ACTRESS IN A LEADING ROLE(Nominated)
Oscars - COSTUME DESIGN(Nominated)
Oscars - FILM EDITING(Nominated)
Golden Globes - Best Performance by an Actress in a Motion Picture - Drama(Nominated)
Golden Globes - Best Director - Motion Picture(Nominated)
Golden Globes - Best Screenplay - Motion Picture(Nominated)",258210860.0,"$28,000,000"
The Goonies,,77.0,91.0,,0,0,,,69649283.0,"$19,000,000"
Water,,91.0,90.0,Oscars - FOREIGN LANGUAGE FILM(Nominated),1,0,,Oscars - FOREIGN LANGUAGE FILM(Nominated),,"$3,000,000"
Blood Simple,,94.0,88.0,,0,0,,,,"$1,500,000"
The Last Dragon,,61.0,86.0,,0,0,,,33000750.0,"$10,000,000"
Ladyhawke,Matthew Broderick,67.0,74.0,"Oscars - SOUND(Nominated)
Oscars - SOUND EFFECTS EDITING(Nominated)",2,0,,"Oscars - SOUND(Nominated)
Oscars - SOUND EFFECTS EDITING(Nominated)",18400000.0,"$20,000,000"
Creature,,90.0,80.0,,0,0,,,,"$3,000,000"
Pale Rider,,93.0,83.0,,0,0,,,41410568.0,"$6,900,000"
Mad Max Beyond Thunderdome,,79.0,49.0,Golden Globes - Best Original Song - Motion Picture(Nominated),1,0,,Golden Globes - Best Original Song - Motion Picture(Nominated),36230294.0,"$10,000,000"
Silverado,Jeff Goldblum,78.0,80.0,"Oscars - MUSIC (Original Score)(Nominated)
Oscars - SOUND(Nominated)",2,0,,"Oscars - MUSIC (Original Score)(Nominated)
Oscars - SOUND(Nominated)",33200000.0,"$26,000,000"
The Return of the Living Dead,,91.0,79.0,,0,0,,,,"$4,000,000"
Krush Groove,,43.0,81.0,,0,0,,,,"$3,000,000"
Fever Pitch,,66.0,60.0,,0,0,,,50071069.0,"$40,000,000"
Young Sherlock Holmes,,68.0,63.0,Oscars - VISUAL EFFECTS(Nominated),1,0,,Oscars - VISUAL EFFECTS(Nominated),19739000.0,"$18,000,000"
Legend,Tom Hardy,41.0,73.0,"Oscars - MAKEUP(Nominated)
BAFTAs - Film | Costume Design in 1986(Nominated)
BAFTAs - Film | Special Visual Effects in 1986(Nominated)",3,0,,"Oscars - MAKEUP(Nominated)
BAFTAs - Film | Costume Design in 1986(Nominated)
BAFTAs - Film | Special Visual Effects in 1986(Nominated)",42280444.0,"$25,000,000"
Legend,Tom Hardy,41.0,73.0,"Oscars - MAKEUP(Nominated)
BAFTAs - Film | Costume Design in 1986(Nominated)
BAFTAs - Film | Special Visual Effects in 1986(Nominated)",3,0,,"Oscars - MAKEUP(Nominated)
BAFTAs - Film | Costume Design in 1986(Nominated)
BAFTAs - Film | Special Visual Effects in 1986(Nominated)",42280444.0,"$25,000,000"
Top Gun,,57.0,83.0,"Oscars - FILM EDITING(Nominated)
Oscars - MUSIC (Original Song)(Won)
Oscars - SOUND(Nominated)
Oscars - SOUND EFFECTS EDITING(Nominated)
Golden Globes - Best Original Score - Motion Picture(Nominated)
Golden Globes - Best Original Song - Motion Picture(Won)",6,2,"Oscars - MUSIC (Original Song)(Won)
Golden Globes - Best Original Song - Motion Picture(Won)","Oscars - FILM EDITING(Nominated)
Oscars - SOUND(Nominated)
Oscars - SOUND EFFECTS EDITING(Nominated)
Golden Globes - Best Original Score - Motion Picture(Nominated)",357463748.0,"$15,000,000"
Crocodile Dundee,,89.0,59.0,"BAFTAs - Film | Original Screenplay in 1987(Nominated)
Golden Globes - Best Motion Picture - Musical or Comedy(Nominated)
Golden Globes - Best Performance by an Actor in a Motion Picture - Musical or Comedy(Won)
Golden Globes - Best Performance by an Actress in a Supporting Role in any Motion Picture(Nominated)",4,1,Golden Globes - Best Performance by an Actor in a Motion Picture - Musical or Comedy(Won),"BAFTAs - Film | Original Screenplay in 1987(Nominated)
Golden Globes - Best Motion Picture - Musical or Comedy(Nominated)
Golden Globes - Best Performance by an Actress in a Supporting Role in any Motion Picture(Nominated)",328203506.0,"$8,800,000"
Platoon,"Willem Dafoe, Johnny Depp",89.0,93.0,"Oscars - ACTOR IN A SUPPORTING ROLE(Nominated)
Oscars - ACTOR IN A SUPPORTING ROLE(Nominated)
Oscars - CINEMATOGRAPHY(Nominated)
Oscars - DIRECTING(Won)
Oscars - FILM EDITING(Won)
Oscars - BEST PICTURE(Won)
Oscars - SOUND(Won)
Oscars - WRITING (Screenplay Written Directly for the Screen)(Nominated)
BAFTAs - Film | Cinematography in 1988(Nominated)
BAFTAs - Film | Editing in 1988(Won)
Golden Globes - Best Motion Picture - Drama(Won)
Golden Globes - Best Performance by an Actor in a Supporting Role in any Motion Picture(Won)
Golden Globes - Best Director - Motion Picture(Won)
Golden Globes - Best Screenplay - Motion Picture(Nominated)",14,8,"Oscars - DIRECTING(Won)
Oscars - FILM EDITING(Won)
Oscars - BEST PICTURE(Won)
Oscars - SOUND(Won)
BAFTAs - Film | Editing in 1988(Won)
Golden Globes - Best Motion Picture - Drama(Won)
Golden Globes - Best Performance by an Actor in a Supporting Role in any Motion Picture(Won)
Golden Globes - Best Director - Motion Picture(Won)","Oscars - ACTOR IN A SUPPORTING ROLE(Nominated)
Oscars - ACTOR IN A SUPPORTING ROLE(Nominated)
Oscars - CINEMATOGRAPHY(Nominated)
Oscars - WRITING (Screenplay Written Directly for the Screen)(Nominated)
BAFTAs - Film | Cinematography in 1988(Nominated)
Golden Globes - Best Screenplay - Motion Picture(Nominated)",137979020.0,"$6,000,000"
Star Trek IV: The Voyage Home,,82.0,81.0,"Oscars - CINEMATOGRAPHY(Nominated)
Oscars - MUSIC (Original Score)(Nominated)
Oscars - SOUND(Nominated)
Oscars - SOUND EFFECTS EDITING(Nominated)",4,0,,"Oscars - CINEMATOGRAPHY(Nominated)
Oscars - MUSIC (Original Score)(Nominated)
Oscars - SOUND(Nominated)
Oscars - SOUND EFFECTS EDITING(Nominated)",133000000.0,"$24,000,000"
The Golden Child,,20.0,47.0,,0,0,,,79817937.0,"$12,000,000"
The Clan of the Cave Bear,,10.0,47.0,Oscars - MAKEUP(Nominated),1,0,,Oscars - MAKEUP(Nominated),,"$15,000,000"
F/X,,89.0,54.0,,0,0,,,20603715.0,"$10,000,000"
Salvador,,90.0,85.0,"Oscars - ACTOR IN A LEADING ROLE(Nominated)
Oscars - WRITING (Screenplay Written Directly for the Screen)(Nominated)",2,0,,"Oscars - ACTOR IN A LEADING ROLE(Nominated)
Oscars - WRITING (Screenplay Written Directly for the Screen)(Nominated)",,"$4,500,000"
Highlander,,70.0,79.0,,0,0,,,,"$16,000,000"
A Room with a View,,60.0,20.0,"Oscars - ACTOR IN A SUPPORTING ROLE(Nominated)
Oscars - ACTRESS IN A SUPPORTING ROLE(Nominated)
Oscars - ART DIRECTION(Won)
Oscars - CINEMATOGRAPHY(Nominated)
Oscars - COSTUME DESIGN(Won)
Oscars - DIRECTING(Nominated)
Oscars - BEST PICTURE(Nominated)
Oscars - WRITING (Screenplay Based on Material from Another Medium)(Won)",8,3,"Oscars - ART DIRECTION(Won)
Oscars - COSTUME DESIGN(Won)
Oscars - WRITING (Screenplay Based on Material from Another Medium)(Won)","Oscars - ACTOR IN A SUPPORTING ROLE(Nominated)
Oscars - ACTRESS IN A SUPPORTING ROLE(Nominated)
Oscars - CINEMATOGRAPHY(Nominated)
Oscars - DIRECTING(Nominated)
Oscars - BEST PICTURE(Nominated)",21042007.0,"$3,000,000"
8 Million Ways to Die,,0.0,39.0,,0,0,,,,"$18,000,000"
Cobra,,18.0,43.0,,0,0,,,49042224.0,"$25,000,000"
Big Trouble,,14.0,25.0,,0,0,,,,"$45,000,000"
Legal Eagles,,44.0,32.0,,0,0,,,49851591.0,"$40,000,000"
Big Trouble in Little China,,74.0,82.0,,0,0,,,,"$25,000,000"
The Patriot,Heath Ledger,100.0,58.0,"Oscars - ACTOR(Nominated)
Oscars - ART DIRECTION(Nominated)
Oscars - DIRECTING(Nominated)
Oscars - OUTSTANDING PICTURE(Nominated)
Oscars - WRITING(Won)
Oscars - CINEMATOGRAPHY(Nominated)
Oscars - MUSIC (Original Score)(Nominated)
Oscars - SOUND(Nominated)",8,1,Oscars - WRITING(Won),"Oscars - ACTOR(Nominated)
Oscars - ART DIRECTION(Nominated)
Oscars - DIRECTING(Nominated)
Oscars - OUTSTANDING PICTURE(Nominated)
Oscars - CINEMATOGRAPHY(Nominated)
Oscars - MUSIC (Original Score)(Nominated)
Oscars - SOUND(Nominated)",215300000.0,"$110,000,000"
Howard the Duck,,13.0,38.0,,0,0,,,,"$30,000,000"
Transformers,,57.0,85.0,"Oscars - SOUND EDITING(Nominated)
Oscars - SOUND MIXING(Nominated)
Oscars - VISUAL EFFECTS(Nominated)",3,0,,"Oscars - SOUND EDITING(Nominated)
Oscars - SOUND MIXING(Nominated)
Oscars - VISUAL EFFECTS(Nominated)",708272592.0,"$151,000,000"
Shanghai Surprise,,20.0,16.0,,0,0,,,,"$17,000,000"
Down by Law,,88.0,93.0,,0,0,,,,"$1,100,000"
The Color of Money,,88.0,73.0,"Oscars - ACTOR IN A LEADING ROLE(Won)
Oscars - ACTRESS IN A SUPPORTING ROLE(Nominated)
Oscars - ART DIRECTION(Nominated)
Oscars - WRITING (Screenplay Based on Material from Another Medium)(Nominated)",4,1,Oscars - ACTOR IN A LEADING ROLE(Won),"Oscars - ACTRESS IN A SUPPORTING ROLE(Nominated)
Oscars - ART DIRECTION(Nominated)
Oscars - WRITING (Screenplay Based on Material from Another Medium)(Nominated)",52293000.0,"$10,000,000"
Peggy Sue Got Married,,87.0,55.0,"Oscars - ACTRESS IN A LEADING ROLE(Nominated)
Oscars - CINEMATOGRAPHY(Nominated)
Oscars - COSTUME DESIGN(Nominated)
Golden Globes - Best Motion Picture - Musical or Comedy(Nominated)
Golden Globes - Best Performance by an Actress in a Motion Picture - Musical or Comedy(Nominated)",5,0,,"Oscars - ACTRESS IN A LEADING ROLE(Nominated)
Oscars - CINEMATOGRAPHY(Nominated)
Oscars - COSTUME DESIGN(Nominated)
Golden Globes - Best Motion Picture - Musical or Comedy(Nominated)
Golden Globes - Best Performance by an Actress in a Motion Picture - Musical or Comedy(Nominated)",41382841.0,"$18,000,000"
King Kong Lives,,8.0,17.0,,0,0,,,,"$10,000,000"
Little Shop of Horrors,,91.0,79.0,"Oscars - MUSIC (Original Song)(Nominated)
Oscars - VISUAL EFFECTS(Nominated)
Golden Globes - Best Motion Picture - Musical or Comedy(Nominated)
Golden Globes - Best Original Score - Motion Picture(Nominated)",4,0,,"Oscars - MUSIC (Original Song)(Nominated)
Oscars - VISUAL EFFECTS(Nominated)
Golden Globes - Best Motion Picture - Musical or Comedy(Nominated)
Golden Globes - Best Original Score - Motion Picture(Nominated)",38947189.0,"$30,000,000"
Witchboard,,50.0,41.0,,0,0,,,,"$2,000,000"
The Untouchables,Robert De Niro,83.0,89.0,"Oscars - ACTOR IN A SUPPORTING ROLE(Won)
Oscars - ART DIRECTION(Nominated)
Oscars - COSTUME DESIGN(Nominated)
Oscars - MUSIC (Original Score)(Nominated)
BAFTAs - Film | Costume Design in 1988(Nominated)
BAFTAs - Film | Production Design in 1988(Nominated)
BAFTAs - Film | Score For A Film in 1988(Won)",7,2,"Oscars - ACTOR IN A SUPPORTING ROLE(Won)
BAFTAs - Film | Score For A Film in 1988(Won)","Oscars - ART DIRECTION(Nominated)
Oscars - COSTUME DESIGN(Nominated)
Oscars - MUSIC (Original Score)(Nominated)
BAFTAs - Film | Costume Design in 1988(Nominated)
BAFTAs - Film | Production Design in 1988(Nominated)",76271995.0,"$25,000,000"
Lethal Weapon,,80.0,86.0,Oscars - SOUND(Nominated),1,0,,Oscars - SOUND(Nominated),120192350.0,"$15,000,000"
The Stepfather,,89.0,65.0,,0,0,,,29227561.0,"$20,000,000"
Radio Days,,93.0,84.0,"Oscars - ART DIRECTION(Nominated)
Oscars - WRITING (Screenplay Written Directly for the Screen)(Nominated)
BAFTAs - Film | Costume Design in 1988(Won)
BAFTAs - Film | Editing in 1988(Nominated)
BAFTAs - Film | Film in 1988(Nominated)
BAFTAs - Film | Original Screenplay in 1988(Nominated)
BAFTAs - Film | Production Design in 1988(Won)
BAFTAs - Film | Sound in 1988(Nominated)",8,2,"BAFTAs - Film | Costume Design in 1988(Won)
BAFTAs - Film | Production Design in 1988(Won)","Oscars - ART DIRECTION(Nominated)
Oscars - WRITING (Screenplay Written Directly for the Screen)(Nominated)
BAFTAs - Film | Editing in 1988(Nominated)
BAFTAs - Film | Film in 1988(Nominated)
BAFTAs - Film | Original Screenplay in 1988(Nominated)
BAFTAs - Film | Sound in 1988(Nominated)",,"$16,000,000"
Creepshow 2,,29.0,41.0,,0,0,,,,"$3,500,000"
Malone,,29.0,36.0,,0,0,,,,"$10,000,000"
River's Edge,,88.0,75.0,,0,0,,,,"$1,900,000"
Ishtar,,41.0,39.0,,0,0,,,,"$40,000,000"
Predator,,80.0,87.0,Oscars - VISUAL EFFECTS(Nominated),1,0,,Oscars - VISUAL EFFECTS(Nominated),98267558.0,"$18,000,000"
Spaceballs,,52.0,83.0,,0,0,,,38119483.0,"$22,700,000"
The Brave Little Toaster,,77.0,81.0,,0,0,,,,"$2,300,000"
Full Metal Jacket,,90.0,94.0,"Oscars - WRITING (Screenplay Based on Material from Another Medium)(Nominated)
BAFTAs - Film | Sound in 1988(Nominated)
Golden Globes - Best Performance by an Actor in a Supporting Role in any Motion Picture(Nominated)",3,0,,"Oscars - WRITING (Screenplay Based on Material from Another Medium)(Nominated)
BAFTAs - Film | Sound in 1988(Nominated)
Golden Globes - Best Performance by an Actor in a Supporting Role in any Motion Picture(Nominated)",48845082.0,"$30,000,000"
RoboCop,"Samuel L. Jackson, Michael Keaton, Gary Oldman",49.0,49.0,"Oscars - FILM EDITING(Nominated)
Oscars - SOUND(Nominated)
Oscars - SPECIAL ACHIEVEMENT AWARD (Sound Effects Editing)(Won)",3,1,Oscars - SPECIAL ACHIEVEMENT AWARD (Sound Effects Editing)(Won),"Oscars - FILM EDITING(Nominated)
Oscars - SOUND(Nominated)",242981799.0,"$120,000,000"
RoboCop,"Samuel L. Jackson, Michael Keaton, Gary Oldman",49.0,49.0,"Oscars - FILM EDITING(Nominated)
Oscars - SOUND(Nominated)
Oscars - SPECIAL ACHIEVEMENT AWARD (Sound Effects Editing)(Won)",3,1,Oscars - SPECIAL ACHIEVEMENT AWARD (Sound Effects Editing)(Won),"Oscars - FILM EDITING(Nominated)
Oscars - SOUND(Nominated)",242981799.0,"$13,000,000"
La Bamba,,83.0,78.0,Golden Globes - Best Motion Picture - Drama(Nominated),1,0,,Golden Globes - Best Motion Picture - Drama(Nominated),54215416.0,"$6,500,000"
Superman IV: The Quest for Peace,,10.0,16.0,,0,0,,,36700000.0,"$17,000,000"
The Living Daylights,,73.0,66.0,,0,0,,,191199996.0,"$40,000,000"
The Lost Boys,,77.0,85.0,,0,0,,,33283628.0,"$8,500,000"
The Spirit,"Scarlett Johansson, Samuel L. Jackson",14.0,25.0,,0,0,,,39006188.0,"$60,000,000"
Hellraiser,,70.0,73.0,,0,0,,,,"$1,000,000"
Maurice,Ben Kingsley,82.0,87.0,Oscars - COSTUME DESIGN(Nominated),1,0,,Oscars - COSTUME DESIGN(Nominated),,"$2,600,000"
The Princess Bride,,96.0,94.0,Oscars - MUSIC (Original Song)(Nominated),1,0,,Oscars - MUSIC (Original Song)(Nominated),31046220.0,"$15,000,000"
Cry Freedom,Denzel Washington,74.0,87.0,"Oscars - ACTOR IN A SUPPORTING ROLE(Nominated)
Oscars - MUSIC (Original Score)(Nominated)
Oscars - MUSIC (Original Song)(Nominated)
BAFTAs - Film | Cinematography in 1988(Nominated)
BAFTAs - Film | Editing in 1988(Nominated)
BAFTAs - Film | Film in 1988(Nominated)
BAFTAs - Film | Score For A Film in 1988(Nominated)
BAFTAs - Film | Sound in 1988(Won)
Golden Globes - Best Motion Picture - Drama(Nominated)
Golden Globes - Best Performance by an Actor in a Motion Picture - Drama(Nominated)
Golden Globes - Best Director - Motion Picture(Nominated)
Golden Globes - Best Original Score - Motion Picture(Nominated)",12,1,BAFTAs - Film | Sound in 1988(Won),"Oscars - ACTOR IN A SUPPORTING ROLE(Nominated)
Oscars - MUSIC (Original Score)(Nominated)
Oscars - MUSIC (Original Song)(Nominated)
BAFTAs - Film | Cinematography in 1988(Nominated)
BAFTAs - Film | Editing in 1988(Nominated)
BAFTAs - Film | Film in 1988(Nominated)
BAFTAs - Film | Score For A Film in 1988(Nominated)
Golden Globes - Best Motion Picture - Drama(Nominated)
Golden Globes - Best Performance by an Actor in a Motion Picture - Drama(Nominated)
Golden Globes - Best Director - Motion Picture(Nominated)
Golden Globes - Best Original Score - Motion Picture(Nominated)",25899797.0,"$29,000,000"
The Running Man,,67.0,61.0,BAFTAs - Film | British Cinematography - Colour in 1964(Nominated),1,0,,BAFTAs - Film | British Cinematography - Colour in 1964(Nominated),38122000.0,"$30,000,000"
The Last Emperor,,86.0,88.0,"Oscars - ART DIRECTION(Won)
Oscars - CINEMATOGRAPHY(Won)
Oscars - COSTUME DESIGN(Won)
Oscars - DIRECTING(Won)
Oscars - FILM EDITING(Won)
Oscars - MUSIC (Original Score)(Won)
Oscars - BEST PICTURE(Won)
Oscars - SOUND(Won)
Oscars - WRITING (Screenplay Based on Material from Another Medium)(Won)
BAFTAs - Film | Cinematography in 1989(Nominated)
BAFTAs - Film | Costume Design in 1989(Won)
BAFTAs - Film | Editing in 1989(Nominated)
BAFTAs - Film | Film in 1989(Won)
BAFTAs - Film | Production Design in 1989(Nominated)
BAFTAs - Film | Score For A Film in 1989(Nominated)
BAFTAs - Film | Sound in 1989(Nominated)",16,11,"Oscars - ART DIRECTION(Won)
Oscars - CINEMATOGRAPHY(Won)
Oscars - COSTUME DESIGN(Won)
Oscars - DIRECTING(Won)
Oscars - FILM EDITING(Won)
Oscars - MUSIC (Original Score)(Won)
Oscars - BEST PICTURE(Won)
Oscars - SOUND(Won)
Oscars - WRITING (Screenplay Based on Material from Another Medium)(Won)
BAFTAs - Film | Costume Design in 1989(Won)
BAFTAs - Film | Film in 1989(Won)","BAFTAs - Film | Cinematography in 1989(Nominated)
BAFTAs - Film | Editing in 1989(Nominated)
BAFTAs - Film | Production Design in 1989(Nominated)
BAFTAs - Film | Score For A Film in 1989(Nominated)
BAFTAs - Film | Sound in 1989(Nominated)",44005435.0,"$25,000,000"
Teen Wolf Too,,8.0,18.0,,0,0,,,,"$3,000,000"
Wall Street,,79.0,81.0,"Oscars - ACTOR IN A LEADING ROLE(Won)
Golden Globes - Best Performance by an Actor in a Motion Picture - Drama(Won)",2,2,"Oscars - ACTOR IN A LEADING ROLE(Won)
Golden Globes - Best Performance by an Actor in a Motion Picture - Drama(Won)",,43848100.0,"$16,500,000"
Overboard,,46.0,74.0,,0,0,,,91244913.0,"$12,000,000"
Rain Man,,88.0,90.0,"Oscars - ACTOR IN A LEADING ROLE(Won)
Oscars - ART DIRECTION(Nominated)
Oscars - CINEMATOGRAPHY(Nominated)
Oscars - DIRECTING(Won)
Oscars - FILM EDITING(Nominated)
Oscars - MUSIC (Original Score)(Nominated)
Oscars - BEST PICTURE(Won)
Oscars - WRITING (Screenplay Written Directly for the Screen)(Won)
BAFTAs - Film | Editing in 1990(Nominated)
BAFTAs - Film | Original Screenplay in 1990(Nominated)
Golden Globes - Best Motion Picture - Drama(Won)
Golden Globes - Best Performance by an Actor in a Motion Picture - Drama(Won)
Golden Globes - Best Director - Motion Picture(Nominated)
Golden Globes - Best Screenplay - Motion Picture(Nominated)",14,6,"Oscars - ACTOR IN A LEADING ROLE(Won)
Oscars - DIRECTING(Won)
Oscars - BEST PICTURE(Won)
Oscars - WRITING (Screenplay Written Directly for the Screen)(Won)
Golden Globes - Best Motion Picture - Drama(Won)
Golden Globes - Best Performance by an Actor in a Motion Picture - Drama(Won)","Oscars - ART DIRECTION(Nominated)
Oscars - CINEMATOGRAPHY(Nominated)
Oscars - FILM EDITING(Nominated)
Oscars - MUSIC (Original Score)(Nominated)
BAFTAs - Film | Editing in 1990(Nominated)
BAFTAs - Film | Original Screenplay in 1990(Nominated)
Golden Globes - Best Director - Motion Picture(Nominated)
Golden Globes - Best Screenplay - Motion Picture(Nominated)",412800000.0,"$25,000,000"
Big,Tom Hanks,98.0,82.0,"Oscars - ACTOR IN A LEADING ROLE(Nominated)
Oscars - WRITING (Screenplay Written Directly for the Screen)(Nominated)
Golden Globes - Best Motion Picture - Musical or Comedy(Nominated)
Golden Globes - Best Performance by an Actor in a Motion Picture - Musical or Comedy(Won)",4,1,Golden Globes - Best Performance by an Actor in a Motion Picture - Musical or Comedy(Won),"Oscars - ACTOR IN A LEADING ROLE(Nominated)
Oscars - WRITING (Screenplay Written Directly for the Screen)(Nominated)
Golden Globes - Best Motion Picture - Musical or Comedy(Nominated)",151665347.0,"$18,000,000"
Die Hard,,94.0,94.0,"Oscars - FILM EDITING(Nominated)
Oscars - SOUND(Nominated)
Oscars - SOUND EFFECTS EDITING(Nominated)
Oscars - VISUAL EFFECTS(Nominated)",4,0,,"Oscars - FILM EDITING(Nominated)
Oscars - SOUND(Nominated)
Oscars - SOUND EFFECTS EDITING(Nominated)
Oscars - VISUAL EFFECTS(Nominated)",143651650.0,"$28,000,000"
Cocktail,,9.0,58.0,Golden Globes - Best Original Song - Motion Picture(Nominated),1,0,,Golden Globes - Best Original Song - Motion Picture(Nominated),78222753.0,"$20,000,000"
Beetlejuice,"Winona Ryder, Michael Keaton",86.0,82.0,Oscars - MAKEUP(Won),1,1,Oscars - MAKEUP(Won),,78103190.0,"$15,000,000"
Action Jackson,,19.0,35.0,,0,0,,,20274718.0,"$7,000,000"
School Daze,Samuel L. Jackson,58.0,79.0,,0,0,,,,"$6,000,000"
The In Crowd,,2.0,38.0,,0,0,,,,"$15,000,000"
Bloodsport,,48.0,74.0,,0,0,,,,"$1,500,000"
Hairspray,,92.0,84.0,"Golden Globes - Best Motion Picture - Musical or Comedy(Nominated)
Golden Globes - Best Performance by an Actress in a Motion Picture - Musical or Comedy(Nominated)
Golden Globes - Best Performance by an Actor in a Supporting Role in any Motion Picture(Nominated)",3,0,,"Golden Globes - Best Motion Picture - Musical or Comedy(Nominated)
Golden Globes - Best Performance by an Actress in a Motion Picture - Musical or Comedy(Nominated)
Golden Globes - Best Performance by an Actor in a Supporting Role in any Motion Picture(Nominated)",202822861.0,"$75,000,000"
Prison,Viggo Mortensen,40.0,34.0,,0,0,,,,"$4,000,000"
Pulse,,11.0,27.0,,0,0,,,30241435.0,"$20,500,000"
Tracker,,85.0,53.0,,0,0,,,,"$6,500,000"
Lady in White,,71.0,69.0,,0,0,,,,"$4,700,000"
The Unholy,,25.0,45.0,,0,0,,,30792024.0,"$10,000,000"
Rambo III,,41.0,45.0,,0,0,,,188715611.0,"$58,000,000"
Poltergeist III,,16.0,22.0,,0,0,,,,"$9,500,000"
Phantasm II,,33.0,57.0,,0,0,,,,"$3,000,000"
Midnight Run,Robert De Niro,95.0,87.0,"Golden Globes - Best Motion Picture - Musical or Comedy(Nominated)
Golden Globes - Best Performance by an Actor in a Motion Picture - Musical or Comedy(Nominated)",2,0,,"Golden Globes - Best Motion Picture - Musical or Comedy(Nominated)
Golden Globes - Best Performance by an Actor in a Motion Picture - Musical or Comedy(Nominated)",81613606.0,"$30,000,000"
The Last Temptation of Christ,Willem Dafoe,82.0,84.0,Oscars - DIRECTING(Nominated),1,0,,Oscars - DIRECTING(Nominated),,"$7,000,000"
Young Guns,,43.0,76.0,,0,0,,,44726644.0,"$13,000,000"
A Nightmare on Elm Street 4: The Dream Master,,57.0,43.0,,0,0,,,,"$13,000,000"
Beast,,92.0,73.0,"BAFTAs - Film | Outstanding British Film in 2019(Nominated)
BAFTAs - Film | Outstanding Debut by a British Writer, Director or Producer in 2019(Won)",2,1,"BAFTAs - Film | Outstanding Debut by a British Writer, Director or Producer in 2019(Won)",BAFTAs - Film | Outstanding British Film in 2019(Nominated),59168339.0,"$36,000,000"
Madame Sousatzka,,78.0,65.0,"Golden Globes - Best Performance by an Actress in a Motion Picture - Drama(Won)
Golden Globes - Best Original Score - Motion Picture(Nominated)",2,1,Golden Globes - Best Performance by an Actress in a Motion Picture - Drama(Won),Golden Globes - Best Original Score - Motion Picture(Nominated),,"$9,000,000"
Halloween 4: The Return of Michael Myers,,39.0,53.0,,0,0,,,17768757.0,"$5,000,000"
Mystic Pizza,Matt Damon,78.0,55.0,,0,0,,,,"$6,000,000"
They Live,,86.0,80.0,,0,0,,,,"$4,000,000"
The Land Before Time,,65.0,79.0,,0,0,,,82458636.0,"$12,300,000"
Scrooged,,71.0,71.0,Oscars - MAKEUP(Nominated),1,0,,Oscars - MAKEUP(Nominated),59450796.0,"$32,000,000"
My Stepmother Is an Alien,,20.0,30.0,,0,0,,,,"$16,000,000"
Talk Radio,,82.0,80.0,,0,0,,,,"$4,000,000"
Indiana Jones and the Last Crusade,Harrison Ford,84.0,94.0,"Oscars - MUSIC (Original Score)(Nominated)
Oscars - SOUND(Nominated)
Oscars - SOUND EFFECTS EDITING(Won)",3,1,Oscars - SOUND EFFECTS EDITING(Won),"Oscars - MUSIC (Original Score)(Nominated)
Oscars - SOUND(Nominated)",474171806.0,"$48,000,000"
Driving Miss Daisy,,85.0,81.0,"Oscars - ACTOR IN A LEADING ROLE(Nominated)
Oscars - ACTOR IN A SUPPORTING ROLE(Nominated)
Oscars - ACTRESS IN A LEADING ROLE(Won)
Oscars - ART DIRECTION(Nominated)
Oscars - COSTUME DESIGN(Nominated)
Oscars - FILM EDITING(Nominated)
Oscars - MAKEUP(Won)
Oscars - BEST PICTURE(Won)
Oscars - WRITING (Screenplay Based on Material from Another Medium)(Won)
BAFTAs - Film | Adapted Screenplay in 1991(Nominated)
BAFTAs - Film | Film in 1991(Nominated)
Golden Globes - Best Motion Picture - Musical or Comedy(Won)
Golden Globes - Best Performance by an Actress in a Motion Picture - Musical or Comedy(Won)
Golden Globes - Best Performance by an Actor in a Motion Picture - Musical or Comedy(Won)",14,7,"Oscars - ACTRESS IN A LEADING ROLE(Won)
Oscars - MAKEUP(Won)
Oscars - BEST PICTURE(Won)
Oscars - WRITING (Screenplay Based on Material from Another Medium)(Won)
Golden Globes - Best Motion Picture - Musical or Comedy(Won)
Golden Globes - Best Performance by an Actress in a Motion Picture - Musical or Comedy(Won)
Golden Globes - Best Performance by an Actor in a Motion Picture - Musical or Comedy(Won)","Oscars - ACTOR IN A LEADING ROLE(Nominated)
Oscars - ACTOR IN A SUPPORTING ROLE(Nominated)
Oscars - ART DIRECTION(Nominated)
Oscars - COSTUME DESIGN(Nominated)
Oscars - FILM EDITING(Nominated)
BAFTAs - Film | Adapted Screenplay in 1991(Nominated)
BAFTAs - Film | Film in 1991(Nominated)",106593296.0,"$7,500,000"
Dead Poets Society,,84.0,92.0,"Oscars - ACTOR IN A LEADING ROLE(Nominated)
Oscars - DIRECTING(Nominated)
Oscars - BEST PICTURE(Nominated)
Oscars - WRITING (Screenplay Written Directly for the Screen)(Won)
BAFTAs - Film | Editing in 1990(Nominated)
BAFTAs - Film | Film in 1990(Won)
BAFTAs - Film | Original Film Score in 1990(Won)
BAFTAs - Film | Original Screenplay in 1990(Nominated)
Golden Globes - Best Motion Picture - Drama(Nominated)
Golden Globes - Best Performance by an Actor in a Motion Picture - Drama(Nominated)
Golden Globes - Best Director - Motion Picture(Nominated)
Golden Globes - Best Screenplay - Motion Picture(Nominated)",12,3,"Oscars - WRITING (Screenplay Written Directly for the Screen)(Won)
BAFTAs - Film | Film in 1990(Won)
BAFTAs - Film | Original Film Score in 1990(Won)","Oscars - ACTOR IN A LEADING ROLE(Nominated)
Oscars - DIRECTING(Nominated)
Oscars - BEST PICTURE(Nominated)
BAFTAs - Film | Editing in 1990(Nominated)
BAFTAs - Film | Original Screenplay in 1990(Nominated)
Golden Globes - Best Motion Picture - Drama(Nominated)
Golden Globes - Best Performance by an Actor in a Motion Picture - Drama(Nominated)
Golden Globes - Best Director - Motion Picture(Nominated)
Golden Globes - Best Screenplay - Motion Picture(Nominated)",239500000.0,"$16,400,000"
Lawrence of Arabia,,93.0,93.0,"Oscars - ACTOR(Nominated)
Oscars - ACTOR IN A SUPPORTING ROLE(Nominated)
Oscars - ART DIRECTION (Color)(Won)
Oscars - CINEMATOGRAPHY (Color)(Won)
Oscars - DIRECTING(Won)
Oscars - FILM EDITING(Won)
Oscars - MUSIC (Music Score--substantially original)(Won)
Oscars - BEST PICTURE(Won)
Oscars - SOUND(Won)
Oscars - WRITING (Screenplay--based on material from another medium)(Nominated)",10,7,"Oscars - ART DIRECTION (Color)(Won)
Oscars - CINEMATOGRAPHY (Color)(Won)
Oscars - DIRECTING(Won)
Oscars - FILM EDITING(Won)
Oscars - MUSIC (Music Score--substantially original)(Won)
Oscars - BEST PICTURE(Won)
Oscars - SOUND(Won)","Oscars - ACTOR(Nominated)
Oscars - ACTOR IN A SUPPORTING ROLE(Nominated)
Oscars - WRITING (Screenplay--based on material from another medium)(Nominated)",69995047.0,"$15,000,000"
New York Stories,Kirsten Dunst,76.0,56.0,,0,0,,,,"$15,000,000"
Troop Beverly Hills,,14.0,62.0,,0,0,,,,"$18,000,000"
Major League,,83.0,84.0,,0,0,,,49793054.0,"$11,000,000"
Pet Sematary,,56.0,60.0,,0,0,,,111809732.0,"$21,000,000"
Pet Sematary,,56.0,60.0,,0,0,,,111809732.0,"$11,500,000"
Road House,,59.0,53.0,,0,0,,,30050028.0,"$10,000,000"
Star Trek V: The Final Frontier,,23.0,25.0,,0,0,,,70200000.0,"$30,000,000"
Do the Right Thing,Samuel L. Jackson,92.0,89.0,"Oscars - ACTOR IN A SUPPORTING ROLE(Nominated)
Oscars - WRITING (Screenplay Written Directly for the Screen)(Nominated)",2,0,,"Oscars - ACTOR IN A SUPPORTING ROLE(Nominated)
Oscars - WRITING (Screenplay Written Directly for the Screen)(Nominated)",26051502.0,"$6,000,000"
Licence to Kill,,80.0,61.0,,0,0,,,156167015.0,"$42,000,000"
UHF,,63.0,77.0,,0,0,,,,"$5,000,000"
The Abyss,,80.0,25.0,"Oscars - ART DIRECTION(Nominated)
Oscars - CINEMATOGRAPHY(Nominated)
Oscars - SOUND(Nominated)
Oscars - VISUAL EFFECTS(Won)",4,1,Oscars - VISUAL EFFECTS(Won),"Oscars - ART DIRECTION(Nominated)
Oscars - CINEMATOGRAPHY(Nominated)
Oscars - SOUND(Nominated)",54793997.0,"$70,000,000"
"Sex, Lies, and Videotape",,96.0,79.0,"Golden Globes - Best Performance by an Actress in a Motion Picture - Drama(Nominated)
Golden Globes - Best Performance by an Actress in a Supporting Role in any Motion Picture(Nominated)
Golden Globes - Best Screenplay - Motion Picture(Nominated)",3,0,,"Golden Globes - Best Performance by an Actress in a Motion Picture - Drama(Nominated)
Golden Globes - Best Performance by an Actress in a Supporting Role in any Motion Picture(Nominated)
Golden Globes - Best Screenplay - Motion Picture(Nominated)",36741667.0,"$1,200,000"
Sea of Love,"Al Pacino, Samuel L. Jackson",75.0,66.0,Golden Globes - Best Performance by an Actor in a Motion Picture - Drama(Nominated),1,0,,Golden Globes - Best Performance by an Actor in a Motion Picture - Drama(Nominated),110879513.0,"$19,000,000"
Black Rain,,54.0,55.0,"Oscars - SOUND(Nominated)
Oscars - SOUND EFFECTS EDITING(Nominated)",2,0,,"Oscars - SOUND(Nominated)
Oscars - SOUND EFFECTS EDITING(Nominated)",133892212.0,"$30,000,000"
Breaking In,,80.0,43.0,,0,0,,,51485382.0,"$6,000,000"
Halloween 5: The Revenge of Michael Myers,,12.0,36.0,,0,0,,,,"$6,000,000"
The Phantom of the Opera,,33.0,84.0,"Oscars - ART DIRECTION(Nominated)
Oscars - CINEMATOGRAPHY(Nominated)
Oscars - MUSIC (Original Song)(Nominated)
Golden Globes - Best Motion Picture - Musical or Comedy(Nominated)
Golden Globes - Best Performance by an Actress in a Motion Picture - Musical or Comedy(Nominated)
Golden Globes - Best Original Song - Motion Picture(Nominated)",6,0,,"Oscars - ART DIRECTION(Nominated)
Oscars - CINEMATOGRAPHY(Nominated)
Oscars - MUSIC (Original Song)(Nominated)
Golden Globes - Best Motion Picture - Musical or Comedy(Nominated)
Golden Globes - Best Performance by an Actress in a Motion Picture - Musical or Comedy(Nominated)
Golden Globes - Best Original Song - Motion Picture(Nominated)",153907999.0,"$55,000,000"
Harlem Nights,,26.0,80.0,Oscars - COSTUME DESIGN(Nominated),1,0,,Oscars - COSTUME DESIGN(Nominated),95857262.0,"$30,000,000"
Born on the Fourth of July,Willem Dafoe,84.0,76.0,"Oscars - ACTOR IN A LEADING ROLE(Nominated)
Oscars - CINEMATOGRAPHY(Nominated)
Oscars - DIRECTING(Won)
Oscars - FILM EDITING(Won)
Oscars - MUSIC (Original Score)(Nominated)
Oscars - BEST PICTURE(Nominated)
Oscars - SOUND(Nominated)
Oscars - WRITING (Screenplay Based on Material from Another Medium)(Nominated)
Golden Globes - Best Motion Picture - Drama(Won)
Golden Globes - Best Performance by an Actor in a Motion Picture - Drama(Won)
Golden Globes - Best Director - Motion Picture(Won)
Golden Globes - Best Screenplay - Motion Picture(Won)
Golden Globes - Best Original Score - Motion Picture(Nominated)",13,6,"Oscars - DIRECTING(Won)
Oscars - FILM EDITING(Won)
Golden Globes - Best Motion Picture - Drama(Won)
Golden Globes - Best Performance by an Actor in a Motion Picture - Drama(Won)
Golden Globes - Best Director - Motion Picture(Won)
Golden Globes - Best Screenplay - Motion Picture(Won)","Oscars - ACTOR IN A LEADING ROLE(Nominated)
Oscars - CINEMATOGRAPHY(Nominated)
Oscars - MUSIC (Original Score)(Nominated)
Oscars - BEST PICTURE(Nominated)
Oscars - SOUND(Nominated)
Oscars - WRITING (Screenplay Based on Material from Another Medium)(Nominated)
Golden Globes - Best Original Score - Motion Picture(Nominated)",70001698.0,"$14,000,000"
Tango & Cash,,31.0,52.0,,0,0,,,63408614.0,"$55,000,000"
Home Alone,,66.0,80.0,"Oscars - MUSIC (Original Score)(Nominated)
Oscars - MUSIC (Original Song)(Nominated)
Golden Globes - Best Motion Picture - Musical or Comedy(Nominated)
Golden Globes - Best Performance by an Actor in a Motion Picture - Musical or Comedy(Nominated)",4,0,,"Oscars - MUSIC (Original Score)(Nominated)
Oscars - MUSIC (Original Song)(Nominated)
Golden Globes - Best Motion Picture - Musical or Comedy(Nominated)
Golden Globes - Best Performance by an Actor in a Motion Picture - Musical or Comedy(Nominated)",476678838.0,"$15,000,000"
Pretty Woman,,65.0,68.0,"Oscars - ACTRESS IN A LEADING ROLE(Nominated)
BAFTAs - Film | Costume Design in 1991(Nominated)
BAFTAs - Film | Film in 1991(Nominated)
BAFTAs - Film | Original Screenplay in 1991(Nominated)
Golden Globes - Best Motion Picture - Musical or Comedy(Nominated)
Golden Globes - Best Performance by an Actress in a Motion Picture - Musical or Comedy(Won)
Golden Globes - Best Performance by an Actor in a Motion Picture - Musical or Comedy(Nominated)
Golden Globes - Best Performance by an Actor in a Supporting Role in any Motion Picture(Nominated)",8,1,Golden Globes - Best Performance by an Actress in a Motion Picture - Musical or Comedy(Won),"Oscars - ACTRESS IN A LEADING ROLE(Nominated)
BAFTAs - Film | Costume Design in 1991(Nominated)
BAFTAs - Film | Film in 1991(Nominated)
BAFTAs - Film | Original Screenplay in 1991(Nominated)
Golden Globes - Best Motion Picture - Musical or Comedy(Nominated)
Golden Globes - Best Performance by an Actor in a Motion Picture - Musical or Comedy(Nominated)
Golden Globes - Best Performance by an Actor in a Supporting Role in any Motion Picture(Nominated)",432566361.0,"$14,000,000"
TMNT,Chris Evans,36.0,60.0,,0,0,,,96096018.0,"$35,000,000"
The Hunt for Red October,,88.0,88.0,"Oscars - FILM EDITING(Nominated)
Oscars - SOUND(Nominated)
Oscars - SOUND EFFECTS EDITING(Won)",3,1,Oscars - SOUND EFFECTS EDITING(Won),"Oscars - FILM EDITING(Nominated)
Oscars - SOUND(Nominated)",200500000.0,"$30,000,000"
Total Recall,,82.0,79.0,"Oscars - SOUND(Nominated)
Oscars - SOUND EFFECTS EDITING(Nominated)
Oscars - SPECIAL ACHIEVEMENT AWARD (Visual Effects)(Won)",3,1,Oscars - SPECIAL ACHIEVEMENT AWARD (Visual Effects)(Won),"Oscars - SOUND(Nominated)
Oscars - SOUND EFFECTS EDITING(Nominated)",261399684.0,"$125,000,000"
Total Recall,,82.0,79.0,"Oscars - SOUND(Nominated)
Oscars - SOUND EFFECTS EDITING(Nominated)
Oscars - SPECIAL ACHIEVEMENT AWARD (Visual Effects)(Won)",3,1,Oscars - SPECIAL ACHIEVEMENT AWARD (Visual Effects)(Won),"Oscars - SOUND(Nominated)
Oscars - SOUND EFFECTS EDITING(Nominated)",261399684.0,"$65,000,000"
Die Hard 2,,69.0,70.0,,0,0,,,239813888.0,"$70,000,000"
Kindergarten Cop,,54.0,52.0,,0,0,,,202000000.0,"$26,000,000"
Tremors,,88.0,75.0,,0,0,,,,"$10,000,000"
The Guardian,,37.0,80.0,,0,0,,,94973540.0,"$70,000,000"
Spaced Invaders,,8.0,51.0,,0,0,,,,"$3,000,000"
Gremlins 2: The New Batch,,71.0,59.0,,0,0,,,41476097.0,"$50,000,000"
Days of Thunder,Nicole Kidman,38.0,60.0,Oscars - SOUND(Nominated),1,0,,Oscars - SOUND(Nominated),157670733.0,"$60,000,000"
The Adventures of Ford Fairlane,,25.0,68.0,,0,0,,,20423389.0,"$49,000,000"
Arachnophobia,,93.0,55.0,,0,0,,,53208180.0,"$31,000,000"
Mo' Better Blues,"Denzel Washington, Samuel L. Jackson",71.0,75.0,,0,0,,,,"$10,000,000"
Flatliners,,50.0,59.0,Oscars - SOUND EFFECTS EDITING(Nominated),1,0,,Oscars - SOUND EFFECTS EDITING(Nominated),61308153.0,"$26,000,000"
Flatliners,,50.0,59.0,Oscars - SOUND EFFECTS EDITING(Nominated),1,0,,Oscars - SOUND EFFECTS EDITING(Nominated),61308153.0,"$20,000,000"
The Witches,,94.0,70.0,,0,0,,,29100000.0,"$100,000,000"
Goodfellas,,95.0,97.0,"BAFTAs - Film | Adapted Screenplay in 1991(Won)
BAFTAs - Film | Cinematography in 1991(Nominated)
BAFTAs - Film | Costume Design in 1991(Won)
BAFTAs - Film | Editing in 1991(Won)
BAFTAs - Film | Film in 1991(Won)",5,4,"BAFTAs - Film | Adapted Screenplay in 1991(Won)
BAFTAs - Film | Costume Design in 1991(Won)
BAFTAs - Film | Editing in 1991(Won)
BAFTAs - Film | Film in 1991(Won)",BAFTAs - Film | Cinematography in 1991(Nominated),47103483.0,"$25,000,000"
Ambulance,,68.0,88.0,,0,0,,,52181095.0,"$40,000,000"
Night of the Living Dead,,95.0,87.0,,0,0,,,30087064.0,"$4,200,000"
Quigley Down Under,,52.0,74.0,,0,0,,,21413105.0,"$20,000,000"
Child's Play 2,,44.0,52.0,,0,0,,,34166572.0,"$13,000,000"
Predator 2,,30.0,44.0,,0,0,,,54768418.0,"$35,000,000"
The Rookie,,84.0,70.0,,0,0,,,80491516.0,"$22,000,000"
Edward Scissorhands,"Winona Ryder, Johnny Depp",90.0,91.0,"Oscars - MAKEUP(Nominated)
BAFTAs - Film | Costume Design in 1992(Nominated)
BAFTAs - Film | Make-Up in 1992(Nominated)
BAFTAs - Film | Production Design in 1992(Won)
Golden Globes - Best Performance by an Actor in a Motion Picture - Musical or Comedy(Nominated)",5,1,BAFTAs - Film | Production Design in 1992(Won),"Oscars - MAKEUP(Nominated)
BAFTAs - Film | Costume Design in 1992(Nominated)
BAFTAs - Film | Make-Up in 1992(Nominated)
Golden Globes - Best Performance by an Actor in a Motion Picture - Musical or Comedy(Nominated)",53980220.0,"$20,000,000"
Hamlet,,100.0,91.0,"Oscars - ACTOR(Won)
Oscars - ACTRESS IN A SUPPORTING ROLE(Nominated)
Oscars - ART DIRECTION (Black-and-White)(Won)
Oscars - COSTUME DESIGN (Black-and-White)(Won)
Oscars - DIRECTING(Nominated)
Oscars - MUSIC (Music Score of a Dramatic or Comedy Picture)(Nominated)
Oscars - BEST MOTION PICTURE(Won)
Oscars - ART DIRECTION(Nominated)
Oscars - COSTUME DESIGN(Nominated)
Oscars - ART DIRECTION(Nominated)
Oscars - COSTUME DESIGN(Nominated)
Oscars - MUSIC (Original Dramatic Score)(Nominated)
Oscars - WRITING (Screenplay Based on Material Previously Produced or Published)(Nominated)
BAFTAs - Film | British Film in 1949(Nominated)
BAFTAs - Film | Film From Any Source in 1949(Won)",15,5,"Oscars - ACTOR(Won)
Oscars - ART DIRECTION (Black-and-White)(Won)
Oscars - COSTUME DESIGN (Black-and-White)(Won)
Oscars - BEST MOTION PICTURE(Won)
BAFTAs - Film | Film From Any Source in 1949(Won)","Oscars - ACTRESS IN A SUPPORTING ROLE(Nominated)
Oscars - DIRECTING(Nominated)
Oscars - MUSIC (Music Score of a Dramatic or Comedy Picture)(Nominated)
Oscars - ART DIRECTION(Nominated)
Oscars - COSTUME DESIGN(Nominated)
Oscars - ART DIRECTION(Nominated)
Oscars - COSTUME DESIGN(Nominated)
Oscars - MUSIC (Original Dramatic Score)(Nominated)
Oscars - WRITING (Screenplay Based on Material Previously Produced or Published)(Nominated)
BAFTAs - Film | British Film in 1949(Nominated)",22493727.0,"$18,000,000"
Hamlet,,100.0,91.0,"Oscars - ACTOR(Won)
Oscars - ACTRESS IN A SUPPORTING ROLE(Nominated)
Oscars - ART DIRECTION (Black-and-White)(Won)
Oscars - COSTUME DESIGN (Black-and-White)(Won)
Oscars - DIRECTING(Nominated)
Oscars - MUSIC (Music Score of a Dramatic or Comedy Picture)(Nominated)
Oscars - BEST MOTION PICTURE(Won)
Oscars - ART DIRECTION(Nominated)
Oscars - COSTUME DESIGN(Nominated)
Oscars - ART DIRECTION(Nominated)
Oscars - COSTUME DESIGN(Nominated)
Oscars - MUSIC (Original Dramatic Score)(Nominated)
Oscars - WRITING (Screenplay Based on Material Previously Produced or Published)(Nominated)
BAFTAs - Film | British Film in 1949(Nominated)
BAFTAs - Film | Film From Any Source in 1949(Won)",15,5,"Oscars - ACTOR(Won)
Oscars - ART DIRECTION (Black-and-White)(Won)
Oscars - COSTUME DESIGN (Black-and-White)(Won)
Oscars - BEST MOTION PICTURE(Won)
BAFTAs - Film | Film From Any Source in 1949(Won)","Oscars - ACTRESS IN A SUPPORTING ROLE(Nominated)
Oscars - DIRECTING(Nominated)
Oscars - MUSIC (Music Score of a Dramatic or Comedy Picture)(Nominated)
Oscars - ART DIRECTION(Nominated)
Oscars - COSTUME DESIGN(Nominated)
Oscars - ART DIRECTION(Nominated)
Oscars - COSTUME DESIGN(Nominated)
Oscars - MUSIC (Original Dramatic Score)(Nominated)
Oscars - WRITING (Screenplay Based on Material Previously Produced or Published)(Nominated)
BAFTAs - Film | British Film in 1949(Nominated)",22493727.0,"$2,000,000"
Terminator 2: Judgment Day,,91.0,95.0,"Oscars - CINEMATOGRAPHY(Nominated)
Oscars - FILM EDITING(Nominated)
Oscars - MAKEUP(Won)
Oscars - SOUND(Won)
Oscars - SOUND EFFECTS EDITING(Won)
Oscars - VISUAL EFFECTS(Won)",6,4,"Oscars - MAKEUP(Won)
Oscars - SOUND(Won)
Oscars - SOUND EFFECTS EDITING(Won)
Oscars - VISUAL EFFECTS(Won)","Oscars - CINEMATOGRAPHY(Nominated)
Oscars - FILM EDITING(Nominated)",515344899.0,"$100,000,000"
Robin Hood: Prince of Thieves,,51.0,72.0,"Oscars - MUSIC (Original Song)(Nominated)
Golden Globes - Best Original Score - Motion Picture(Nominated)
Golden Globes - Best Original Song - Motion Picture(Nominated)",3,0,,"Oscars - MUSIC (Original Song)(Nominated)
Golden Globes - Best Original Score - Motion Picture(Nominated)
Golden Globes - Best Original Song - Motion Picture(Nominated)",390500000.0,"$50,000,000"
The Silence of the Lambs,,95.0,95.0,"Oscars - ACTOR IN A LEADING ROLE(Won)
Oscars - ACTRESS IN A LEADING ROLE(Won)
Oscars - DIRECTING(Won)
Oscars - FILM EDITING(Nominated)
Oscars - BEST PICTURE(Won)
Oscars - SOUND(Nominated)
Oscars - WRITING (Screenplay Based on Material Previously Produced or Published)(Won)",7,5,"Oscars - ACTOR IN A LEADING ROLE(Won)
Oscars - ACTRESS IN A LEADING ROLE(Won)
Oscars - DIRECTING(Won)
Oscars - BEST PICTURE(Won)
Oscars - WRITING (Screenplay Based on Material Previously Produced or Published)(Won)","Oscars - FILM EDITING(Nominated)
Oscars - SOUND(Nominated)",275726375.0,"$20,000,000"
Hook,Carrie Fisher,29.0,76.0,"Oscars - ART DIRECTION(Nominated)
Oscars - COSTUME DESIGN(Nominated)
Oscars - MAKEUP(Nominated)
Oscars - MUSIC (Original Song)(Nominated)
Oscars - VISUAL EFFECTS(Nominated)
Golden Globes - Best Performance by an Actor in a Motion Picture - Musical or Comedy(Nominated)",6,0,,"Oscars - ART DIRECTION(Nominated)
Oscars - COSTUME DESIGN(Nominated)
Oscars - MAKEUP(Nominated)
Oscars - MUSIC (Original Song)(Nominated)
Oscars - VISUAL EFFECTS(Nominated)
Golden Globes - Best Performance by an Actor in a Motion Picture - Musical or Comedy(Nominated)",300854823.0,"$70,000,000"
The Addams Family,,45.0,69.0,"Oscars - COSTUME DESIGN(Nominated)
BAFTAs - Film | Make-Up in 1992(Nominated)
BAFTAs - Film | Production Design in 1992(Nominated)",3,0,,"Oscars - COSTUME DESIGN(Nominated)
BAFTAs - Film | Make-Up in 1992(Nominated)
BAFTAs - Film | Production Design in 1992(Nominated)",200588546.0,"$30,000,000"
The Addams Family,,45.0,69.0,"Oscars - COSTUME DESIGN(Nominated)
BAFTAs - Film | Make-Up in 1992(Nominated)
BAFTAs - Film | Production Design in 1992(Nominated)",3,0,,"Oscars - COSTUME DESIGN(Nominated)
BAFTAs - Film | Make-Up in 1992(Nominated)
BAFTAs - Film | Production Design in 1992(Nominated)",200588546.0,"$24,000,000"
Warlock,,56.0,48.0,,0,0,,,,"$7,000,000"
Flight of the Intruder,Willem Dafoe,25.0,51.0,,0,0,,,,"$35,000,000"
The Doors,,56.0,79.0,,0,0,,,34484565.0,"$40,000,000"
Hudson Hawk,,31.0,56.0,,0,0,,,,"$65,000,000"
Point Break,,69.0,79.0,,0,0,,,133782481.0,"$100,000,000"
Point Break,,69.0,79.0,,0,0,,,133782481.0,"$24,000,000"
Bill & Ted's Bogus Journey,,56.0,56.0,,0,0,,,37540012.0,"$20,000,000"
Return to the Blue Lagoon,,0.0,41.0,,0,0,,,,"$11,000,000"
Double Impact,,33.0,42.0,,0,0,,,29090445.0,"$16,000,000"
Harley Davidson and the Marlboro Man,,29.0,65.0,,0,0,,,,"$23,000,000"
The Fisher King,,85.0,85.0,"Oscars - ACTOR IN A LEADING ROLE(Nominated)
Oscars - ACTRESS IN A SUPPORTING ROLE(Won)
Oscars - ART DIRECTION(Nominated)
Oscars - MUSIC (Original Score)(Nominated)
Oscars - WRITING (Screenplay Written Directly for the Screen)(Nominated)
BAFTAs - Film | Original Screenplay in 1992(Nominated)",6,1,Oscars - ACTRESS IN A SUPPORTING ROLE(Won),"Oscars - ACTOR IN A LEADING ROLE(Nominated)
Oscars - ART DIRECTION(Nominated)
Oscars - MUSIC (Original Score)(Nominated)
Oscars - WRITING (Screenplay Written Directly for the Screen)(Nominated)
BAFTAs - Film | Original Screenplay in 1992(Nominated)",41798224.0,"$24,000,000"
My Own Private Idaho,,80.0,80.0,,0,0,,,,"$2,500,000"
House Party 2,,27.0,65.0,,0,0,,,19438638.0,"$5,000,000"
Hitman,,16.0,57.0,,0,0,,,99135571.0,"$24,000,000"
Star Trek VI: The Undiscovered Country,,83.0,84.0,,0,0,,,96900000.0,"$27,000,000"
The Prince of Tides,,69.0,70.0,"Oscars - ACTOR IN A LEADING ROLE(Nominated)
Oscars - ACTRESS IN A SUPPORTING ROLE(Nominated)
Oscars - ART DIRECTION(Nominated)
Oscars - CINEMATOGRAPHY(Nominated)
Oscars - MUSIC (Original Score)(Nominated)
Oscars - BEST PICTURE(Nominated)
Oscars - WRITING (Screenplay Based on Material Previously Produced or Published)(Nominated)",7,0,,"Oscars - ACTOR IN A LEADING ROLE(Nominated)
Oscars - ACTRESS IN A SUPPORTING ROLE(Nominated)
Oscars - ART DIRECTION(Nominated)
Oscars - CINEMATOGRAPHY(Nominated)
Oscars - MUSIC (Original Score)(Nominated)
Oscars - BEST PICTURE(Nominated)
Oscars - WRITING (Screenplay Based on Material Previously Produced or Published)(Nominated)",74787599.0,"$30,000,000"
Fried Green Tomatoes,,76.0,87.0,"Oscars - ACTRESS IN A SUPPORTING ROLE(Nominated)
Oscars - WRITING (Screenplay Based on Material Previously Produced or Published)(Nominated)
Golden Globes - Best Motion Picture - Musical or Comedy(Nominated)
Golden Globes - Best Performance by an Actress in a Motion Picture - Musical or Comedy(Nominated)
Golden Globes - Best Performance by an Actress in a Supporting Role in any Motion Picture(Nominated)",5,0,,"Oscars - ACTRESS IN A SUPPORTING ROLE(Nominated)
Oscars - WRITING (Screenplay Based on Material Previously Produced or Published)(Nominated)
Golden Globes - Best Motion Picture - Musical or Comedy(Nominated)
Golden Globes - Best Performance by an Actress in a Motion Picture - Musical or Comedy(Nominated)
Golden Globes - Best Performance by an Actress in a Supporting Role in any Motion Picture(Nominated)",81204830.0,"$11,000,000"
Aladdin,,57.0,94.0,"Oscars - MUSIC (Original Score)(Won)
Oscars - MUSIC (Original Song)(Nominated)
Oscars - MUSIC (Original Song)(Won)
Oscars - SOUND(Nominated)
Oscars - SOUND EFFECTS EDITING(Nominated)
BAFTAs - Film | Score for a Film in 1994(Nominated)
Golden Globes - Best Motion Picture - Musical or Comedy(Nominated)
Golden Globes - Best Original Score - Motion Picture(Won)
Golden Globes - Best Original Song - Motion Picture(Won)
Golden Globes - Best Original Song - Motion Picture(Nominated)
Golden Globes - Best Original Song - Motion Picture(Nominated)
Golden Globes - Special Achievement Award(Nominated)",12,4,"Oscars - MUSIC (Original Score)(Won)
Oscars - MUSIC (Original Song)(Won)
Golden Globes - Best Original Score - Motion Picture(Won)
Golden Globes - Best Original Song - Motion Picture(Won)","Oscars - MUSIC (Original Song)(Nominated)
Oscars - SOUND(Nominated)
Oscars - SOUND EFFECTS EDITING(Nominated)
BAFTAs - Film | Score for a Film in 1994(Nominated)
Golden Globes - Best Motion Picture - Musical or Comedy(Nominated)
Golden Globes - Best Original Song - Motion Picture(Nominated)
Golden Globes - Best Original Song - Motion Picture(Nominated)
Golden Globes - Special Achievement Award(Nominated)",1042126107.0,"$182,000,000"
Aladdin,,57.0,94.0,"Oscars - MUSIC (Original Score)(Won)
Oscars - MUSIC (Original Song)(Nominated)
Oscars - MUSIC (Original Song)(Won)
Oscars - SOUND(Nominated)
Oscars - SOUND EFFECTS EDITING(Nominated)
BAFTAs - Film | Score for a Film in 1994(Nominated)
Golden Globes - Best Motion Picture - Musical or Comedy(Nominated)
Golden Globes - Best Original Score - Motion Picture(Won)
Golden Globes - Best Original Song - Motion Picture(Won)
Golden Globes - Best Original Song - Motion Picture(Nominated)
Golden Globes - Best Original Song - Motion Picture(Nominated)
Golden Globes - Special Achievement Award(Nominated)",12,4,"Oscars - MUSIC (Original Score)(Won)
Oscars - MUSIC (Original Song)(Won)
Golden Globes - Best Original Score - Motion Picture(Won)
Golden Globes - Best Original Song - Motion Picture(Won)","Oscars - MUSIC (Original Song)(Nominated)
Oscars - SOUND(Nominated)
Oscars - SOUND EFFECTS EDITING(Nominated)
BAFTAs - Film | Score for a Film in 1994(Nominated)
Golden Globes - Best Motion Picture - Musical or Comedy(Nominated)
Golden Globes - Best Original Song - Motion Picture(Nominated)
Golden Globes - Best Original Song - Motion Picture(Nominated)
Golden Globes - Special Achievement Award(Nominated)",1042126107.0,"$28,000,000"
Home Alone 2: Lost in New York,,35.0,62.0,,0,0,,,358994850.0,"$20,000,000"
Batman Returns,Michael Keaton,82.0,73.0,"Oscars - MAKEUP(Nominated)
Oscars - VISUAL EFFECTS(Nominated)
BAFTAs - Film | Make-Up in 1993(Nominated)",3,0,,"Oscars - MAKEUP(Nominated)
Oscars - VISUAL EFFECTS(Nominated)
BAFTAs - Film | Make-Up in 1993(Nominated)",266970061.0,"$80,000,000"
Lethal Weapon 3,,58.0,61.0,,0,0,,,319700000.0,"$35,000,000"
Wayne's World,Mike Myers,79.0,84.0,,0,0,,,183097323.0,"$20,000,000"
A League of Their Own,Tom Hanks,81.0,84.0,,0,0,,,132440066.0,"$40,000,000"
Radio Flyer,"Tom Hanks, Elijah Wood",35.0,72.0,,0,0,,,,"$35,000,000"
Memoirs of an Invisible Man,,26.0,32.0,,0,0,,,,"$40,000,000"
Gladiator,Joaquin Phoenix,80.0,87.0,"Oscars - ACTOR IN A LEADING ROLE(Won)
Oscars - ACTOR IN A SUPPORTING ROLE(Nominated)
Oscars - ART DIRECTION(Nominated)
Oscars - CINEMATOGRAPHY(Nominated)
Oscars - COSTUME DESIGN(Won)
Oscars - DIRECTING(Nominated)
Oscars - FILM EDITING(Nominated)
Oscars - MUSIC (Original Score)(Nominated)
Oscars - BEST PICTURE(Won)
Oscars - SOUND(Won)
Oscars - VISUAL EFFECTS(Won)
Oscars - WRITING (Screenplay Written Directly for the Screen)(Nominated)
BAFTAs - Film | Anthony Asquith Award for Original Film Music in 2001(Nominated)
BAFTAs - Film | Cinematography in 2001(Won)
BAFTAs - Film | Costume Design in 2001(Nominated)
BAFTAs - Film | David Lean Award for Achievement in Direction in 2001(Nominated)
BAFTAs - Film | Editing in 2001(Won)
BAFTAs - Film | Film in 2001(Won)
BAFTAs - Film | Make-Up And Hair in 2001(Nominated)
BAFTAs - Film | Orange Film Of The Year in 2001(Won)
BAFTAs - Film | Original Screenplay in 2001(Nominated)
BAFTAs - Film | Production Design in 2001(Won)
BAFTAs - Film | Sound in 2001(Nominated)
Golden Globes - Best Motion Picture - Drama(Won)
Golden Globes - Best Performance by an Actor in a Motion Picture - Drama(Nominated)
Golden Globes - Best Performance by an Actor in a Supporting Role in any Motion Picture(Nominated)
Golden Globes - Best Director - Motion Picture(Nominated)
Golden Globes - Best Original Score - Motion Picture(Won)
Golden Globes - Best Original Score - Motion Picture(Won)",29,13,"Oscars - ACTOR IN A LEADING ROLE(Won)
Oscars - COSTUME DESIGN(Won)
Oscars - BEST PICTURE(Won)
Oscars - SOUND(Won)
Oscars - VISUAL EFFECTS(Won)
BAFTAs - Film | Cinematography in 2001(Won)
BAFTAs - Film | Editing in 2001(Won)
BAFTAs - Film | Film in 2001(Won)
BAFTAs - Film | Orange Film Of The Year in 2001(Won)
BAFTAs - Film | Production Design in 2001(Won)
Golden Globes - Best Motion Picture - Drama(Won)
Golden Globes - Best Original Score - Motion Picture(Won)
Golden Globes - Best Original Score - Motion Picture(Won)","Oscars - ACTOR IN A SUPPORTING ROLE(Nominated)
Oscars - ART DIRECTION(Nominated)
Oscars - CINEMATOGRAPHY(Nominated)
Oscars - DIRECTING(Nominated)
Oscars - FILM EDITING(Nominated)
Oscars - MUSIC (Original Score)(Nominated)
Oscars - WRITING (Screenplay Written Directly for the Screen)(Nominated)
BAFTAs - Film | Anthony Asquith Award for Original Film Music in 2001(Nominated)
BAFTAs - Film | Costume Design in 2001(Nominated)
BAFTAs - Film | David Lean Award for Achievement in Direction in 2001(Nominated)
BAFTAs - Film | Make-Up And Hair in 2001(Nominated)
BAFTAs - Film | Original Screenplay in 2001(Nominated)
BAFTAs - Film | Sound in 2001(Nominated)
Golden Globes - Best Performance by an Actor in a Motion Picture - Drama(Nominated)
Golden Globes - Best Performance by an Actor in a Supporting Role in any Motion Picture(Nominated)
Golden Globes - Best Director - Motion Picture(Nominated)",451683599.0,"$103,000,000"
The Lawnmower Man,,37.0,31.0,,0,0,,,32100816.0,"$10,000,000"
Howards End,,94.0,81.0,"Oscars - ACTRESS IN A LEADING ROLE(Won)
Oscars - ACTRESS IN A SUPPORTING ROLE(Nominated)
Oscars - ART DIRECTION(Won)
Oscars - CINEMATOGRAPHY(Nominated)
Oscars - COSTUME DESIGN(Nominated)
Oscars - DIRECTING(Nominated)
Oscars - MUSIC (Original Score)(Nominated)
Oscars - BEST PICTURE(Nominated)
Oscars - WRITING (Screenplay Based on Material Previously Produced or Published)(Won)
BAFTAs - Film | Adapted Screenplay in 1993(Nominated)
BAFTAs - Film | Cinematography in 1993(Nominated)
BAFTAs - Film | Costume Design in 1993(Nominated)
BAFTAs - Film | David Lean Award for Achievement in Direction in 1993(Nominated)
BAFTAs - Film | Editing in 1993(Nominated)
BAFTAs - Film | Film in 1993(Won)
BAFTAs - Film | Make-Up in 1993(Nominated)
BAFTAs - Film | Production Design in 1993(Nominated)
Golden Globes - Best Motion Picture - Drama(Nominated)
Golden Globes - Best Performance by an Actress in a Motion Picture - Drama(Won)
Golden Globes - Best Director - Motion Picture(Nominated)
Golden Globes - Best Screenplay - Motion Picture(Nominated)",21,5,"Oscars - ACTRESS IN A LEADING ROLE(Won)
Oscars - ART DIRECTION(Won)
Oscars - WRITING (Screenplay Based on Material Previously Produced or Published)(Won)
BAFTAs - Film | Film in 1993(Won)
Golden Globes - Best Performance by an Actress in a Motion Picture - Drama(Won)","Oscars - ACTRESS IN A SUPPORTING ROLE(Nominated)
Oscars - CINEMATOGRAPHY(Nominated)
Oscars - COSTUME DESIGN(Nominated)
Oscars - DIRECTING(Nominated)
Oscars - MUSIC (Original Score)(Nominated)
Oscars - BEST PICTURE(Nominated)
BAFTAs - Film | Adapted Screenplay in 1993(Nominated)
BAFTAs - Film | Cinematography in 1993(Nominated)
BAFTAs - Film | Costume Design in 1993(Nominated)
BAFTAs - Film | David Lean Award for Achievement in Direction in 1993(Nominated)
BAFTAs - Film | Editing in 1993(Nominated)
BAFTAs - Film | Make-Up in 1993(Nominated)
BAFTAs - Film | Production Design in 1993(Nominated)
Golden Globes - Best Motion Picture - Drama(Nominated)
Golden Globes - Best Director - Motion Picture(Nominated)
Golden Globes - Best Screenplay - Motion Picture(Nominated)",26354917.0,"$8,000,000"
My Cousin Vinny,,87.0,87.0,Oscars - ACTRESS IN A SUPPORTING ROLE(Won),1,1,Oscars - ACTRESS IN A SUPPORTING ROLE(Won),,52929168.0,"$11,000,000"
Proof,,62.0,59.0,Golden Globes - Best Performance by an Actress in a Motion Picture - Drama(Nominated),1,0,,Golden Globes - Best Performance by an Actress in a Motion Picture - Drama(Nominated),,"$20,000,000"
The Player,,97.0,84.0,"Oscars - DIRECTING(Nominated)
Oscars - FILM EDITING(Nominated)
Oscars - WRITING (Screenplay Based on Material Previously Produced or Published)(Nominated)
BAFTAs - Film | Adapted Screenplay in 1993(Won)
BAFTAs - Film | David Lean Award for Achievement in Direction in 1993(Won)
BAFTAs - Film | Editing in 1993(Nominated)
BAFTAs - Film | Film in 1993(Nominated)",7,2,"BAFTAs - Film | Adapted Screenplay in 1993(Won)
BAFTAs - Film | David Lean Award for Achievement in Direction in 1993(Won)","Oscars - DIRECTING(Nominated)
Oscars - FILM EDITING(Nominated)
Oscars - WRITING (Screenplay Based on Material Previously Produced or Published)(Nominated)
BAFTAs - Film | Editing in 1993(Nominated)
BAFTAs - Film | Film in 1993(Nominated)",28876702.0,"$8,000,000"
Night on Earth,,76.0,91.0,,0,0,,,,"$2,000,000"
Alien 3,,49.0,46.0,Oscars - VISUAL EFFECTS(Nominated),1,0,,Oscars - VISUAL EFFECTS(Nominated),158500000.0,"$55,000,000"
Patriot Games,"Harrison Ford, Samuel L. Jackson",72.0,73.0,,0,0,,,178100000.0,"$45,000,000"
Buffy the Vampire Slayer,,36.0,43.0,Golden Globes - Best Performance by an Actress In A Television Series - Drama(Nominated),1,0,,Golden Globes - Best Performance by an Actress In A Television Series - Drama(Nominated),,"$7,000,000"
Death Becomes Her,Meryl Streep,55.0,62.0,"Oscars - VISUAL EFFECTS(Won)
Golden Globes - Best Performance by an Actress in a Motion Picture - Musical or Comedy(Nominated)",2,1,Oscars - VISUAL EFFECTS(Won),Golden Globes - Best Performance by an Actress in a Motion Picture - Musical or Comedy(Nominated),149022650.0,"$55,000,000"
Raising Cain,,62.0,40.0,,0,0,,,21171695.0,"$11,000,000"
Light Sleeper,Willem Dafoe,87.0,65.0,,0,0,,,,"$5,000,000"
Glengarry Glen Ross,Al Pacino,95.0,88.0,"Oscars - ACTOR IN A SUPPORTING ROLE(Nominated)
Golden Globes - Best Performance by an Actor in a Supporting Role in any Motion Picture(Nominated)",2,0,,"Oscars - ACTOR IN A SUPPORTING ROLE(Nominated)
Golden Globes - Best Performance by an Actor in a Supporting Role in any Motion Picture(Nominated)",,"$12,500,000"
Hero,,94.0,87.0,Oscars - FOREIGN LANGUAGE FILM(Nominated),1,0,,Oscars - FOREIGN LANGUAGE FILM(Nominated),69671205.0,"$42,000,000"
The Mighty Ducks,,23.0,65.0,,0,0,,,50752337.0,"$10,000,000"
Reservoir Dogs,,90.0,94.0,,0,0,,,,"$1,200,000"
Bram Stoker's Dracula,,74.0,79.0,"Oscars - ART DIRECTION(Nominated)
Oscars - COSTUME DESIGN(Won)
Oscars - MAKEUP(Won)
Oscars - SOUND EFFECTS EDITING(Won)
BAFTAs - Film | Costume Design in 1994(Nominated)
BAFTAs - Film | Make-Up in 1994(Nominated)
BAFTAs - Film | Production Design in 1994(Nominated)",7,3,"Oscars - COSTUME DESIGN(Won)
Oscars - MAKEUP(Won)
Oscars - SOUND EFFECTS EDITING(Won)","Oscars - ART DIRECTION(Nominated)
BAFTAs - Film | Costume Design in 1994(Nominated)
BAFTAs - Film | Make-Up in 1994(Nominated)
BAFTAs - Film | Production Design in 1994(Nominated)",215862666.0,"$40,000,000"
The Crying Game,,95.0,78.0,"Oscars - ACTOR IN A LEADING ROLE(Nominated)
Oscars - ACTOR IN A SUPPORTING ROLE(Nominated)
Oscars - DIRECTING(Nominated)
Oscars - FILM EDITING(Nominated)
Oscars - BEST PICTURE(Nominated)
Oscars - WRITING (Screenplay Written Directly for the Screen)(Won)
BAFTAs - Film | Alexander Korda Award for the outstanding British Film of the Year in 1993(Won)
BAFTAs - Film | David Lean Award for Achievement in Direction in 1993(Nominated)
BAFTAs - Film | Film in 1993(Nominated)
BAFTAs - Film | Original Screenplay in 1993(Nominated)",10,2,"Oscars - WRITING (Screenplay Written Directly for the Screen)(Won)
BAFTAs - Film | Alexander Korda Award for the outstanding British Film of the Year in 1993(Won)","Oscars - ACTOR IN A LEADING ROLE(Nominated)
Oscars - ACTOR IN A SUPPORTING ROLE(Nominated)
Oscars - DIRECTING(Nominated)
Oscars - FILM EDITING(Nominated)
Oscars - BEST PICTURE(Nominated)
BAFTAs - Film | David Lean Award for Achievement in Direction in 1993(Nominated)
BAFTAs - Film | Film in 1993(Nominated)
BAFTAs - Film | Original Screenplay in 1993(Nominated)",62546832.0,"$4,000,000"
The Muppet Christmas Carol,Michael Caine,77.0,86.0,,0,0,,,31724550.0,"$12,000,000"
Hoffa,,52.0,58.0,"Oscars - CINEMATOGRAPHY(Nominated)
Oscars - MAKEUP(Nominated)
Golden Globes - Best Performance by an Actor in a Motion Picture - Drama(Nominated)",3,0,,"Oscars - CINEMATOGRAPHY(Nominated)
Oscars - MAKEUP(Nominated)
Golden Globes - Best Performance by an Actor in a Motion Picture - Drama(Nominated)",28391473.0,"$35,000,000"
Trespass,,70.0,47.0,,0,0,,,,"$35,000,000"
Jurassic Park,"Samuel L. Jackson, Jeff Goldblum",92.0,91.0,"Oscars - SOUND(Won)
Oscars - SOUND EFFECTS EDITING(Won)
Oscars - VISUAL EFFECTS(Won)
BAFTAs - Film | Lloyds Bank People's Vote For The Most Popular Film in 1994(Won)
BAFTAs - Film | Sound in 1994(Nominated)",5,4,"Oscars - SOUND(Won)
Oscars - SOUND EFFECTS EDITING(Won)
Oscars - VISUAL EFFECTS(Won)
BAFTAs - Film | Lloyds Bank People's Vote For The Most Popular Film in 1994(Won)",BAFTAs - Film | Sound in 1994(Nominated),1058454230.0,"$63,000,000"
Mrs. Doubtfire,,70.0,77.0,"Oscars - MAKEUP(Won)
Golden Globes - Best Motion Picture - Musical or Comedy(Won)
Golden Globes - Best Performance by an Actor in a Motion Picture - Musical or Comedy(Won)",3,3,"Oscars - MAKEUP(Won)
Golden Globes - Best Motion Picture - Musical or Comedy(Won)
Golden Globes - Best Performance by an Actor in a Motion Picture - Musical or Comedy(Won)",,441286003.0,"$25,000,000"
The Pelican Brief,Denzel Washington,55.0,61.0,,0,0,,,187995859.0,"$45,000,000"
Sommersby,,63.0,59.0,,0,0,,,140081992.0,"$30,000,000"
Dead Alive,,89.0,87.0,,0,0,,,,"$3,000,000"
Groundhog Day,,94.0,88.0,BAFTAs - Film | Original Screenplay in 1994(Won),1,1,BAFTAs - Film | Original Screenplay in 1994(Won),,71112677.0,"$14,600,000"
Army of Darkness,,68.0,87.0,,0,0,,,21502976.0,"$11,000,000"
Teenage Mutant Ninja Turtles III,,19.0,33.0,,0,0,,,42273609.0,"$21,000,000"
The Adventures of Huck Finn,Elijah Wood,75.0,50.0,,0,0,,,24103594.0,"$6,500,000"
The Dark Half,,62.0,41.0,,0,0,,,,"$15,000,000"
Excessive Force,,20.0,36.0,,0,0,,,,"$13,000,000"
Menace II Society,Samuel L. Jackson,84.0,93.0,,0,0,,,27731527.0,"$3,500,000"
Super Mario Bros.,,29.0,29.0,,0,0,,,20844907.0,"$42,000,000"
Last Action Hero,Ian McKellen,42.0,48.0,,0,0,,,137298489.0,"$85,000,000"
What's Love Got to Do With It,,97.0,88.0,,0,0,,,39147078.0,"$15,000,000"
Free Willy,,71.0,50.0,,0,0,,,153698625.0,"$20,000,000"
Hocus Pocus,,40.0,72.0,,0,0,,,51742971.0,"$28,000,000"
Poetic Justice,,34.0,83.0,"Oscars - MUSIC (Original Song)(Nominated)
Golden Globes - Best Original Song - Motion Picture(Nominated)",2,0,,"Oscars - MUSIC (Original Song)(Nominated)
Golden Globes - Best Original Song - Motion Picture(Nominated)",27450453.0,"$14,000,000"
Jason Goes to Hell: The Final Friday,,16.0,23.0,,0,0,,,,"$3,000,000"
Only the Strong,,13.0,77.0,,0,0,,,,"$6,000,000"
True Romance,"Brad Pitt, John Cena, Samuel L. Jackson, Gary Oldman",93.0,93.0,,0,0,,,,"$12,500,000"
The Age of Innocence,Winona Ryder,88.0,75.0,"Oscars - ACTRESS IN A SUPPORTING ROLE(Nominated)
Oscars - ART DIRECTION(Nominated)
Oscars - COSTUME DESIGN(Won)
Oscars - MUSIC (Original Score)(Nominated)
Oscars - WRITING (Screenplay Based on Material Previously Produced or Published)(Nominated)",5,1,Oscars - COSTUME DESIGN(Won),"Oscars - ACTRESS IN A SUPPORTING ROLE(Nominated)
Oscars - ART DIRECTION(Nominated)
Oscars - MUSIC (Original Score)(Nominated)
Oscars - WRITING (Screenplay Based on Material Previously Produced or Published)(Nominated)",32021688.0,"$34,000,000"
Dazed and Confused,,93.0,90.0,,0,0,,,,"$6,900,000"
Warlock: The Armageddon,,0.0,41.0,,0,0,,,,"$3,000,000"
Rudy,,77.0,90.0,,0,0,,,22750363.0,"$12,000,000"
RoboCop 3,,9.0,15.0,,0,0,,,,"$22,000,000"
The Remains of the Day,,96.0,90.0,"Oscars - ACTOR IN A LEADING ROLE(Nominated)
Oscars - ACTRESS IN A LEADING ROLE(Nominated)
Oscars - ART DIRECTION(Nominated)
Oscars - COSTUME DESIGN(Nominated)
Oscars - DIRECTING(Nominated)
Oscars - MUSIC (Original Score)(Nominated)
Oscars - BEST PICTURE(Nominated)
Oscars - WRITING (Screenplay Based on Material Previously Produced or Published)(Nominated)",8,0,,"Oscars - ACTOR IN A LEADING ROLE(Nominated)
Oscars - ACTRESS IN A LEADING ROLE(Nominated)
Oscars - ART DIRECTION(Nominated)
Oscars - COSTUME DESIGN(Nominated)
Oscars - DIRECTING(Nominated)
Oscars - MUSIC (Original Score)(Nominated)
Oscars - BEST PICTURE(Nominated)
Oscars - WRITING (Screenplay Based on Material Previously Produced or Published)(Nominated)",63954968.0,"$15,000,000"
The Piano,,90.0,86.0,"Oscars - ACTRESS IN A LEADING ROLE(Won)
Oscars - ACTRESS IN A SUPPORTING ROLE(Won)
Oscars - CINEMATOGRAPHY(Nominated)
Oscars - COSTUME DESIGN(Nominated)
Oscars - DIRECTING(Nominated)
Oscars - FILM EDITING(Nominated)
Oscars - BEST PICTURE(Nominated)
Oscars - WRITING (Screenplay Written Directly for the Screen)(Won)
BAFTAs - Film | Cinematography in 1994(Nominated)
BAFTAs - Film | Costume Design in 1994(Won)
BAFTAs - Film | David Lean Award for Achievement in Direction in 1994(Nominated)
BAFTAs - Film | Editing in 1994(Nominated)
BAFTAs - Film | Film in 1994(Nominated)
BAFTAs - Film | Original Screenplay in 1994(Nominated)
BAFTAs - Film | Production Design in 1994(Won)
BAFTAs - Film | Score for a Film in 1994(Nominated)
BAFTAs - Film | Sound in 1994(Nominated)
Golden Globes - Best Motion Picture - Drama(Nominated)
Golden Globes - Best Performance by an Actress in a Motion Picture - Drama(Won)
Golden Globes - Best Performance by an Actress in a Supporting Role in any Motion Picture(Nominated)
Golden Globes - Best Director - Motion Picture(Nominated)
Golden Globes - Best Screenplay - Motion Picture(Nominated)
Golden Globes - Best Original Score - Motion Picture(Nominated)",23,6,"Oscars - ACTRESS IN A LEADING ROLE(Won)
Oscars - ACTRESS IN A SUPPORTING ROLE(Won)
Oscars - WRITING (Screenplay Written Directly for the Screen)(Won)
BAFTAs - Film | Costume Design in 1994(Won)
BAFTAs - Film | Production Design in 1994(Won)
Golden Globes - Best Performance by an Actress in a Motion Picture - Drama(Won)","Oscars - CINEMATOGRAPHY(Nominated)
Oscars - COSTUME DESIGN(Nominated)
Oscars - DIRECTING(Nominated)
Oscars - FILM EDITING(Nominated)
Oscars - BEST PICTURE(Nominated)
BAFTAs - Film | Cinematography in 1994(Nominated)
BAFTAs - Film | David Lean Award for Achievement in Direction in 1994(Nominated)
BAFTAs - Film | Editing in 1994(Nominated)
BAFTAs - Film | Film in 1994(Nominated)
BAFTAs - Film | Original Screenplay in 1994(Nominated)
BAFTAs - Film | Score for a Film in 1994(Nominated)
BAFTAs - Film | Sound in 1994(Nominated)
Golden Globes - Best Motion Picture - Drama(Nominated)
Golden Globes - Best Performance by an Actress in a Supporting Role in any Motion Picture(Nominated)
Golden Globes - Best Director - Motion Picture(Nominated)
Golden Globes - Best Screenplay - Motion Picture(Nominated)
Golden Globes - Best Original Score - Motion Picture(Nominated)",40212480.0,"$7,000,000"
Addams Family Values,,75.0,63.0,"Oscars - ART DIRECTION(Nominated)
BAFTAs - Film | Make-Up in 1994(Nominated)
Golden Globes - Best Performance by an Actress in a Motion Picture - Musical or Comedy(Nominated)",3,0,,"Oscars - ART DIRECTION(Nominated)
BAFTAs - Film | Make-Up in 1994(Nominated)
Golden Globes - Best Performance by an Actress in a Motion Picture - Musical or Comedy(Nominated)",46293855.0,"$47,000,000"
What's Eating Gilbert Grape,"Leonardo DiCaprio, Johnny Depp",90.0,89.0,"Oscars - ACTOR IN A SUPPORTING ROLE(Nominated)
Golden Globes - Best Performance by an Actor in a Supporting Role in any Motion Picture(Nominated)",2,0,,"Oscars - ACTOR IN A SUPPORTING ROLE(Nominated)
Golden Globes - Best Performance by an Actor in a Supporting Role in any Motion Picture(Nominated)",,"$11,000,000"
Philadelphia,"Denzel Washington, Tom Hanks",81.0,89.0,"Oscars - ACTOR IN A LEADING ROLE(Won)
Oscars - MAKEUP(Nominated)
Oscars - MUSIC (Original Song)(Nominated)
Oscars - MUSIC (Original Song)(Won)
Oscars - WRITING (Screenplay Written Directly for the Screen)(Nominated)
BAFTAs - Film | Original Screenplay in 1995(Nominated)
Golden Globes - Best Performance by an Actor in a Motion Picture - Drama(Won)
Golden Globes - Best Screenplay - Motion Picture(Nominated)
Golden Globes - Best Original Song - Motion Picture(Won)",9,4,"Oscars - ACTOR IN A LEADING ROLE(Won)
Oscars - MUSIC (Original Song)(Won)
Golden Globes - Best Performance by an Actor in a Motion Picture - Drama(Won)
Golden Globes - Best Original Song - Motion Picture(Won)","Oscars - MAKEUP(Nominated)
Oscars - MUSIC (Original Song)(Nominated)
Oscars - WRITING (Screenplay Written Directly for the Screen)(Nominated)
BAFTAs - Film | Original Screenplay in 1995(Nominated)
Golden Globes - Best Screenplay - Motion Picture(Nominated)",201324422.0,"$26,000,000"
Shadowlands,,97.0,89.0,"Oscars - ACTRESS IN A LEADING ROLE(Nominated)
Oscars - WRITING (Screenplay Based on Material Previously Produced or Published)(Nominated)
BAFTAs - Film | Adapted Screenplay in 1994(Nominated)
BAFTAs - Film | Alexander Korda Award for the outstanding British Film of the Year in 1994(Won)
BAFTAs - Film | David Lean Award for Achievement in Direction in 1994(Nominated)
BAFTAs - Film | Film in 1994(Nominated)",6,1,BAFTAs - Film | Alexander Korda Award for the outstanding British Film of the Year in 1994(Won),"Oscars - ACTRESS IN A LEADING ROLE(Nominated)
Oscars - WRITING (Screenplay Based on Material Previously Produced or Published)(Nominated)
BAFTAs - Film | Adapted Screenplay in 1994(Nominated)
BAFTAs - Film | David Lean Award for Achievement in Direction in 1994(Nominated)
BAFTAs - Film | Film in 1994(Nominated)",25842377.0,"$22,000,000"
Tombstone,,73.0,94.0,,0,0,,,56505065.0,"$25,000,000"
Forrest Gump,Tom Hanks,76.0,95.0,"Oscars - ACTOR IN A LEADING ROLE(Won)
Oscars - ACTOR IN A SUPPORTING ROLE(Nominated)
Oscars - ART DIRECTION(Nominated)
Oscars - CINEMATOGRAPHY(Nominated)
Oscars - DIRECTING(Won)
Oscars - FILM EDITING(Won)
Oscars - MAKEUP(Nominated)
Oscars - MUSIC (Original Score)(Nominated)
Oscars - BEST PICTURE(Won)
Oscars - SOUND(Nominated)
Oscars - SOUND EFFECTS EDITING(Nominated)
Oscars - VISUAL EFFECTS(Won)
Oscars - WRITING (Screenplay Based on Material Previously Produced or Published)(Won)
BAFTAs - Film | Adapted Screenplay in 1995(Nominated)
BAFTAs - Film | Cinematography in 1995(Nominated)
BAFTAs - Film | David Lean Award for Achievement in Direction in 1995(Nominated)
BAFTAs - Film | Editing in 1995(Nominated)
BAFTAs - Film | Film in 1995(Nominated)
Golden Globes - Best Motion Picture - Drama(Won)
Golden Globes - Best Performance by an Actor in a Motion Picture - Drama(Won)
Golden Globes - Best Performance by an Actress in a Supporting Role in any Motion Picture(Nominated)
Golden Globes - Best Performance by an Actor in a Supporting Role in any Motion Picture(Nominated)
Golden Globes - Best Director - Motion Picture(Won)
Golden Globes - Best Screenplay - Motion Picture(Nominated)
Golden Globes - Best Original Score - Motion Picture(Nominated)",25,9,"Oscars - ACTOR IN A LEADING ROLE(Won)
Oscars - DIRECTING(Won)
Oscars - FILM EDITING(Won)
Oscars - BEST PICTURE(Won)
Oscars - VISUAL EFFECTS(Won)
Oscars - WRITING (Screenplay Based on Material Previously Produced or Published)(Won)
Golden Globes - Best Motion Picture - Drama(Won)
Golden Globes - Best Performance by an Actor in a Motion Picture - Drama(Won)
Golden Globes - Best Director - Motion Picture(Won)","Oscars - ACTOR IN A SUPPORTING ROLE(Nominated)
Oscars - ART DIRECTION(Nominated)
Oscars - CINEMATOGRAPHY(Nominated)
Oscars - MAKEUP(Nominated)
Oscars - MUSIC (Original Score)(Nominated)
Oscars - SOUND(Nominated)
Oscars - SOUND EFFECTS EDITING(Nominated)
BAFTAs - Film | Adapted Screenplay in 1995(Nominated)
BAFTAs - Film | Cinematography in 1995(Nominated)
BAFTAs - Film | David Lean Award for Achievement in Direction in 1995(Nominated)
BAFTAs - Film | Editing in 1995(Nominated)
BAFTAs - Film | Film in 1995(Nominated)
Golden Globes - Best Performance by an Actress in a Supporting Role in any Motion Picture(Nominated)
Golden Globes - Best Performance by an Actor in a Supporting Role in any Motion Picture(Nominated)
Golden Globes - Best Screenplay - Motion Picture(Nominated)
Golden Globes - Best Original Score - Motion Picture(Nominated)",679835137.0,"$55,000,000"
The Lion King,Matthew Broderick,92.0,93.0,"Oscars - MUSIC (Original Score)(Won)
Oscars - MUSIC (Original Song)(Won)
Oscars - MUSIC (Original Song)(Nominated)
Oscars - MUSIC (Original Song)(Nominated)
Oscars - VISUAL EFFECTS(Nominated)
BAFTAs - Film | Anthony Asquith Award for Original Film Music in 1995(Nominated)
BAFTAs - Film | Sound in 1995(Nominated)
BAFTAs - Film | Special Visual Effects in 2020(Nominated)
Golden Globes - Best Motion Picture - Musical or Comedy(Won)
Golden Globes - Best Original Score - Motion Picture(Won)
Golden Globes - Best Original Song - Motion Picture(Won)
Golden Globes - Best Original Song - Motion Picture(Nominated)",12,5,"Oscars - MUSIC (Original Score)(Won)
Oscars - MUSIC (Original Song)(Won)
Golden Globes - Best Motion Picture - Musical or Comedy(Won)
Golden Globes - Best Original Score - Motion Picture(Won)
Golden Globes - Best Original Song - Motion Picture(Won)","Oscars - MUSIC (Original Song)(Nominated)
Oscars - MUSIC (Original Song)(Nominated)
Oscars - VISUAL EFFECTS(Nominated)
BAFTAs - Film | Anthony Asquith Award for Original Film Music in 1995(Nominated)
BAFTAs - Film | Sound in 1995(Nominated)
BAFTAs - Film | Special Visual Effects in 2020(Nominated)
Golden Globes - Best Original Song - Motion Picture(Nominated)",1661454403.0,"$260,000,000"
The Lion King,Matthew Broderick,92.0,93.0,"Oscars - MUSIC (Original Score)(Won)
Oscars - MUSIC (Original Song)(Won)
Oscars - MUSIC (Original Song)(Nominated)
Oscars - MUSIC (Original Song)(Nominated)
Oscars - VISUAL EFFECTS(Nominated)
BAFTAs - Film | Anthony Asquith Award for Original Film Music in 1995(Nominated)
BAFTAs - Film | Sound in 1995(Nominated)
BAFTAs - Film | Special Visual Effects in 2020(Nominated)
Golden Globes - Best Motion Picture - Musical or Comedy(Won)
Golden Globes - Best Original Score - Motion Picture(Won)
Golden Globes - Best Original Song - Motion Picture(Won)
Golden Globes - Best Original Song - Motion Picture(Nominated)",12,5,"Oscars - MUSIC (Original Score)(Won)
Oscars - MUSIC (Original Song)(Won)
Golden Globes - Best Motion Picture - Musical or Comedy(Won)
Golden Globes - Best Original Score - Motion Picture(Won)
Golden Globes - Best Original Song - Motion Picture(Won)","Oscars - MUSIC (Original Song)(Nominated)
Oscars - MUSIC (Original Song)(Nominated)
Oscars - VISUAL EFFECTS(Nominated)
BAFTAs - Film | Anthony Asquith Award for Original Film Music in 1995(Nominated)
BAFTAs - Film | Sound in 1995(Nominated)
BAFTAs - Film | Special Visual Effects in 2020(Nominated)
Golden Globes - Best Original Song - Motion Picture(Nominated)",1661454403.0,"$79,300,000"
True Lies,,70.0,76.0,"Oscars - VISUAL EFFECTS(Nominated)
Golden Globes - Best Performance by an Actress in a Motion Picture - Musical or Comedy(Won)",2,1,Golden Globes - Best Performance by an Actress in a Motion Picture - Musical or Comedy(Won),Oscars - VISUAL EFFECTS(Nominated),365300000.0,"$100,000,000"
The Santa Clause,,73.0,66.0,,0,0,,,190506000.0,"$22,000,000"
The Flintstones,,23.0,25.0,,0,0,,,358500000.0,"$45,000,000"
Dumb & Dumber,,68.0,84.0,,0,0,,,246490802.0,"$16,000,000"
Clear and Present Danger,"Harrison Ford, Willem Dafoe",81.0,74.0,"Oscars - SOUND(Nominated)
Oscars - SOUND EFFECTS EDITING(Nominated)",2,0,,"Oscars - SOUND(Nominated)
Oscars - SOUND EFFECTS EDITING(Nominated)",207500000.0,"$62,000,000"
Pulp Fiction,"Samuel L. Jackson, Uma Thurman",92.0,96.0,"Oscars - ACTOR IN A LEADING ROLE(Nominated)
Oscars - ACTOR IN A SUPPORTING ROLE(Nominated)
Oscars - ACTRESS IN A SUPPORTING ROLE(Nominated)
Oscars - DIRECTING(Nominated)
Oscars - FILM EDITING(Nominated)
Oscars - BEST PICTURE(Nominated)
Oscars - WRITING (Screenplay Written Directly for the Screen)(Won)
BAFTAs - Film | Cinematography in 1995(Nominated)
BAFTAs - Film | David Lean Award for Achievement in Direction in 1995(Nominated)
BAFTAs - Film | Editing in 1995(Nominated)
BAFTAs - Film | Film in 1995(Nominated)
BAFTAs - Film | Original Screenplay in 1995(Won)
BAFTAs - Film | Sound in 1995(Nominated)
Golden Globes - Best Motion Picture - Drama(Nominated)
Golden Globes - Best Performance by an Actor in a Motion Picture - Drama(Nominated)
Golden Globes - Best Performance by an Actress in a Supporting Role in any Motion Picture(Nominated)
Golden Globes - Best Performance by an Actor in a Supporting Role in any Motion Picture(Nominated)
Golden Globes - Best Director - Motion Picture(Nominated)
Golden Globes - Best Screenplay - Motion Picture(Won)",19,3,"Oscars - WRITING (Screenplay Written Directly for the Screen)(Won)
BAFTAs - Film | Original Screenplay in 1995(Won)
Golden Globes - Best Screenplay - Motion Picture(Won)","Oscars - ACTOR IN A LEADING ROLE(Nominated)
Oscars - ACTOR IN A SUPPORTING ROLE(Nominated)
Oscars - ACTRESS IN A SUPPORTING ROLE(Nominated)
Oscars - DIRECTING(Nominated)
Oscars - FILM EDITING(Nominated)
Oscars - BEST PICTURE(Nominated)
BAFTAs - Film | Cinematography in 1995(Nominated)
BAFTAs - Film | David Lean Award for Achievement in Direction in 1995(Nominated)
BAFTAs - Film | Editing in 1995(Nominated)
BAFTAs - Film | Film in 1995(Nominated)
BAFTAs - Film | Sound in 1995(Nominated)
Golden Globes - Best Motion Picture - Drama(Nominated)
Golden Globes - Best Performance by an Actor in a Motion Picture - Drama(Nominated)
Golden Globes - Best Performance by an Actress in a Supporting Role in any Motion Picture(Nominated)
Golden Globes - Best Performance by an Actor in a Supporting Role in any Motion Picture(Nominated)
Golden Globes - Best Director - Motion Picture(Nominated)",212891598.0,"$8,000,000"
Ace Ventura: Pet Detective,,47.0,57.0,,0,0,,,107217396.0,"$12,000,000"
Romeo Is Bleeding,Gary Oldman,27.0,61.0,,0,0,,,,"$10,000,000"
On Deadly Ground,Michael Caine,14.0,35.0,,0,0,,,38590458.0,"$50,000,000"
Midnight Cowboy,,89.0,88.0,"Oscars - ACTOR(Nominated)
Oscars - ACTOR(Nominated)
Oscars - ACTRESS IN A SUPPORTING ROLE(Nominated)
Oscars - DIRECTING(Won)
Oscars - FILM EDITING(Nominated)
Oscars - BEST PICTURE(Won)
Oscars - WRITING (Screenplay--based on material from another medium)(Won)
BAFTAs - Film | Direction in 1970(Won)
BAFTAs - Film | Editing in 1970(Won)
BAFTAs - Film | Film in 1970(Won)
BAFTAs - Film | Screenplay in 1970(Won)
BAFTAs - Film | United Nations Award - for the best Film embodying one or more of the principles of the United Nations Charter in 1970(Nominated)
Golden Globes - Best Motion Picture - Drama(Nominated)
Golden Globes - Best Performance by an Actor in a Motion Picture - Drama(Nominated)
Golden Globes - Best Performance by an Actor in a Motion Picture - Drama(Nominated)
Golden Globes - Best Performance by an Actress in a Supporting Role in any Motion Picture(Nominated)
Golden Globes - Best Director - Motion Picture(Nominated)
Golden Globes - Best Screenplay - Motion Picture(Nominated)
Golden Globes - New Star Of The Year - Actor(Won)",19,8,"Oscars - DIRECTING(Won)
Oscars - BEST PICTURE(Won)
Oscars - WRITING (Screenplay--based on material from another medium)(Won)
BAFTAs - Film | Direction in 1970(Won)
BAFTAs - Film | Editing in 1970(Won)
BAFTAs - Film | Film in 1970(Won)
BAFTAs - Film | Screenplay in 1970(Won)
Golden Globes - New Star Of The Year - Actor(Won)","Oscars - ACTOR(Nominated)
Oscars - ACTOR(Nominated)
Oscars - ACTRESS IN A SUPPORTING ROLE(Nominated)
Oscars - FILM EDITING(Nominated)
BAFTAs - Film | United Nations Award - for the best Film embodying one or more of the principles of the United Nations Charter in 1970(Nominated)
Golden Globes - Best Motion Picture - Drama(Nominated)
Golden Globes - Best Performance by an Actor in a Motion Picture - Drama(Nominated)
Golden Globes - Best Performance by an Actor in a Motion Picture - Drama(Nominated)
Golden Globes - Best Performance by an Actress in a Supporting Role in any Motion Picture(Nominated)
Golden Globes - Best Director - Motion Picture(Nominated)
Golden Globes - Best Screenplay - Motion Picture(Nominated)",44796719.0,"$3,600,000"
Four Weddings and a Funeral,,92.0,74.0,"Oscars - BEST PICTURE(Nominated)
Oscars - WRITING (Screenplay Written Directly for the Screen)(Nominated)
Golden Globes - Best Motion Picture - Musical or Comedy(Nominated)
Golden Globes - Best Performance by an Actress in a Motion Picture - Musical or Comedy(Nominated)
Golden Globes - Best Performance by an Actor in a Motion Picture - Musical or Comedy(Won)
Golden Globes - Best Screenplay - Motion Picture(Nominated)",6,1,Golden Globes - Best Performance by an Actor in a Motion Picture - Musical or Comedy(Won),"Oscars - BEST PICTURE(Nominated)
Oscars - WRITING (Screenplay Written Directly for the Screen)(Nominated)
Golden Globes - Best Motion Picture - Musical or Comedy(Nominated)
Golden Globes - Best Performance by an Actress in a Motion Picture - Musical or Comedy(Nominated)
Golden Globes - Best Screenplay - Motion Picture(Nominated)",242895809.0,"$4,500,000"
The Hudsucker Proxy,,63.0,79.0,,0,0,,,,"$40,000,000"
Serial Mom,,63.0,72.0,,0,0,,,,"$13,000,000"
The Inkwell,,22.0,82.0,,0,0,,,,"$8,000,000"
No Escape,,59.0,41.0,,0,0,,,42844516.0,"$5,000,000"
3 Ninjas Kick Back,,15.0,40.0,,0,0,,,,"$20,000,000"
Crooklyn,,79.0,90.0,,0,0,,,,"$14,000,000"
The Crow,,86.0,90.0,,0,0,,,52297695.0,"$50,000,000"
The Crow,,86.0,90.0,,0,0,,,52297695.0,"$23,000,000"
Renaissance Man,Mark Wahlberg,12.0,53.0,,0,0,,,24172899.0,"$40,000,000"
The Client,,80.0,68.0,Oscars - ACTRESS IN A LEADING ROLE(Nominated),1,0,,Oscars - ACTRESS IN A LEADING ROLE(Nominated),117615211.0,"$45,000,000"
Killing Zoe,,36.0,64.0,,0,0,,,,"$1,500,000"
Timecop,,42.0,36.0,,0,0,,,102053581.0,"$28,000,000"
The Shawshank Redemption,,89.0,98.0,"Oscars - ACTOR IN A LEADING ROLE(Nominated)
Oscars - CINEMATOGRAPHY(Nominated)
Oscars - FILM EDITING(Nominated)
Oscars - MUSIC (Original Score)(Nominated)
Oscars - BEST PICTURE(Nominated)
Oscars - SOUND(Nominated)
Oscars - WRITING (Screenplay Based on Material Previously Produced or Published)(Nominated)",7,0,,"Oscars - ACTOR IN A LEADING ROLE(Nominated)
Oscars - CINEMATOGRAPHY(Nominated)
Oscars - FILM EDITING(Nominated)
Oscars - MUSIC (Original Score)(Nominated)
Oscars - BEST PICTURE(Nominated)
Oscars - SOUND(Nominated)
Oscars - WRITING (Screenplay Based on Material Previously Produced or Published)(Nominated)",28784937.0,"$25,000,000"
Ed Wood,Johnny Depp,92.0,88.0,"Oscars - ACTOR IN A SUPPORTING ROLE(Won)
Oscars - MAKEUP(Won)
BAFTAs - Film | Make-Up And Hair in 1996(Nominated)
Golden Globes - Best Motion Picture - Musical or Comedy(Nominated)
Golden Globes - Best Performance by an Actor in a Motion Picture - Musical or Comedy(Nominated)
Golden Globes - Best Performance by an Actor in a Supporting Role in any Motion Picture(Won)",6,3,"Oscars - ACTOR IN A SUPPORTING ROLE(Won)
Oscars - MAKEUP(Won)
Golden Globes - Best Performance by an Actor in a Supporting Role in any Motion Picture(Won)","BAFTAs - Film | Make-Up And Hair in 1996(Nominated)
Golden Globes - Best Motion Picture - Musical or Comedy(Nominated)
Golden Globes - Best Performance by an Actor in a Motion Picture - Musical or Comedy(Nominated)",,"$18,000,000"
The River Wild,Meryl Streep,63.0,52.0,,0,0,,,94215000.0,"$45,000,000"
Bullets Over Broadway,,95.0,83.0,"BAFTAs - Film | Original Screenplay in 1996(Nominated)
Golden Globes - Best Performance by an Actress in a Supporting Role in any Motion Picture(Won)",2,1,Golden Globes - Best Performance by an Actress in a Supporting Role in any Motion Picture(Won),BAFTAs - Film | Original Screenplay in 1996(Nominated),,"$20,000,000"
Stargate,,53.0,73.0,,0,0,,,196565669.0,"$55,000,000"
War,Jason Statham,13.0,51.0,,0,0,,,40686409.0,"$25,000,000"
Heavenly Creatures,,95.0,83.0,Oscars - WRITING (Screenplay Written Directly for the Screen)(Nominated),1,0,,Oscars - WRITING (Screenplay Written Directly for the Screen)(Nominated),,"$5,000,000"
Disclosure,,59.0,41.0,,0,0,,,212200000.0,"$55,000,000"
Legends of the Fall,Brad Pitt,59.0,87.0,"Oscars - ART DIRECTION(Nominated)
Oscars - CINEMATOGRAPHY(Won)
Oscars - SOUND(Nominated)
Golden Globes - Best Motion Picture - Drama(Nominated)
Golden Globes - Best Performance by an Actor in a Motion Picture - Drama(Nominated)
Golden Globes - Best Director - Motion Picture(Nominated)
Golden Globes - Best Original Score - Motion Picture(Nominated)",7,1,Oscars - CINEMATOGRAPHY(Won),"Oscars - ART DIRECTION(Nominated)
Oscars - SOUND(Nominated)
Golden Globes - Best Motion Picture - Drama(Nominated)
Golden Globes - Best Performance by an Actor in a Motion Picture - Drama(Nominated)
Golden Globes - Best Director - Motion Picture(Nominated)
Golden Globes - Best Original Score - Motion Picture(Nominated)",160502573.0,"$30,000,000"
Toy Story,Tom Hanks,100.0,92.0,"Oscars - MUSIC (Original Musical or Comedy Score)(Nominated)
Oscars - MUSIC (Original Song)(Nominated)
Oscars - WRITING (Screenplay Written Directly for the Screen)(Nominated)
Oscars - SPECIAL ACHIEVEMENT AWARD(Won)
Golden Globes - Best Motion Picture - Musical or Comedy(Nominated)
Golden Globes - Best Original Song - Motion Picture(Nominated)",6,1,Oscars - SPECIAL ACHIEVEMENT AWARD(Won),"Oscars - MUSIC (Original Musical or Comedy Score)(Nominated)
Oscars - MUSIC (Original Song)(Nominated)
Oscars - WRITING (Screenplay Written Directly for the Screen)(Nominated)
Golden Globes - Best Motion Picture - Musical or Comedy(Nominated)
Golden Globes - Best Original Song - Motion Picture(Nominated)",365270951.0,"$30,000,000"
Batman Forever,Nicole Kidman,41.0,32.0,"Oscars - CINEMATOGRAPHY(Nominated)
Oscars - SOUND(Nominated)
Oscars - SOUND EFFECTS EDITING(Nominated)
Golden Globes - Best Original Song - Motion Picture(Nominated)",4,0,,"Oscars - CINEMATOGRAPHY(Nominated)
Oscars - SOUND(Nominated)
Oscars - SOUND EFFECTS EDITING(Nominated)
Golden Globes - Best Original Song - Motion Picture(Nominated)",336688945.0,"$100,000,000"
Apollo 13,Tom Hanks,96.0,87.0,"Oscars - ACTOR IN A SUPPORTING ROLE(Nominated)
Oscars - ACTRESS IN A SUPPORTING ROLE(Nominated)
Oscars - ART DIRECTION(Nominated)
Oscars - FILM EDITING(Won)
Oscars - MUSIC (Original Dramatic Score)(Nominated)
Oscars - BEST PICTURE(Nominated)
Oscars - SOUND(Won)
Oscars - VISUAL EFFECTS(Nominated)
Oscars - WRITING (Screenplay Based on Material Previously Produced or Published)(Nominated)
BAFTAs - Film | Cinematography in 1996(Nominated)
BAFTAs - Film | Editing in 1996(Nominated)
BAFTAs - Film | Production Design in 1996(Won)
BAFTAs - Film | Sound in 1996(Nominated)
Golden Globes - Best Motion Picture - Drama(Nominated)
Golden Globes - Best Performance by an Actress in a Supporting Role in any Motion Picture(Nominated)
Golden Globes - Best Performance by an Actor in a Supporting Role in any Motion Picture(Nominated)
Golden Globes - Best Director - Motion Picture(Nominated)",17,3,"Oscars - FILM EDITING(Won)
Oscars - SOUND(Won)
BAFTAs - Film | Production Design in 1996(Won)","Oscars - ACTOR IN A SUPPORTING ROLE(Nominated)
Oscars - ACTRESS IN A SUPPORTING ROLE(Nominated)
Oscars - ART DIRECTION(Nominated)
Oscars - MUSIC (Original Dramatic Score)(Nominated)
Oscars - BEST PICTURE(Nominated)
Oscars - VISUAL EFFECTS(Nominated)
Oscars - WRITING (Screenplay Based on Material Previously Produced or Published)(Nominated)
BAFTAs - Film | Cinematography in 1996(Nominated)
BAFTAs - Film | Editing in 1996(Nominated)
BAFTAs - Film | Sound in 1996(Nominated)
Golden Globes - Best Motion Picture - Drama(Nominated)
Golden Globes - Best Performance by an Actress in a Supporting Role in any Motion Picture(Nominated)
Golden Globes - Best Performance by an Actor in a Supporting Role in any Motion Picture(Nominated)
Golden Globes - Best Director - Motion Picture(Nominated)",335802271.0,"$65,000,000"
Ace Ventura: When Nature Calls,,21.0,72.0,,0,0,,,212400000.0,"$30,000,000"
Jumanji: Welcome to the Jungle,,76.0,87.0,,0,0,,,961632807.0,"$90,000,000"
Casper,,52.0,50.0,,0,0,,,282808653.0,"$55,000,000"
Before Sunrise,,100.0,93.0,,0,0,,,,"$2,500,000"
Man of the House,,9.0,46.0,,0,0,,,40029009.0,"$50,000,000"
The Wild Bunch,,91.0,90.0,"Oscars - MUSIC (Original Score--for a motion picture [not a musical])(Nominated)
Oscars - WRITING (Story and Screenplay--based on material not previously published or produced)(Nominated)",2,0,,"Oscars - MUSIC (Original Score--for a motion picture [not a musical])(Nominated)
Oscars - WRITING (Story and Screenplay--based on material not previously published or produced)(Nominated)",,"$6,000,000"
Outbreak,,59.0,56.0,,0,0,,,190023573.0,"$50,000,000"
Exotica,,95.0,83.0,,0,0,,,,"$1,500,000"
Jefferson in Paris,,31.0,35.0,,0,0,,,,"$14,000,000"
Tank Girl,,45.0,62.0,,0,0,,,,"$25,000,000"
Don Juan DeMarco,"Johnny Depp, Marlon Brando",72.0,68.0,"Oscars - MUSIC (Original Song)(Nominated)
Golden Globes - Best Original Score - Motion Picture(Nominated)
Golden Globes - Best Original Song - Motion Picture(Nominated)",3,0,,"Oscars - MUSIC (Original Song)(Nominated)
Golden Globes - Best Original Score - Motion Picture(Nominated)
Golden Globes - Best Original Song - Motion Picture(Nominated)",22032635.0,"$25,000,000"
Friday,,76.0,91.0,,0,0,,,27936778.0,"$3,500,000"
Crimson Tide,"Denzel Washington, Viggo Mortensen",89.0,83.0,"Oscars - FILM EDITING(Nominated)
Oscars - SOUND(Nominated)
Oscars - SOUND EFFECTS EDITING(Nominated)",3,0,,"Oscars - FILM EDITING(Nominated)
Oscars - SOUND(Nominated)
Oscars - SOUND EFFECTS EDITING(Nominated)",159387195.0,"$55,000,000"
The Perez Family,,60.0,58.0,,0,0,,,,"$11,000,000"
The Bridges of Madison County,Meryl Streep,90.0,87.0,Oscars - ACTRESS IN A LEADING ROLE(Nominated),1,0,,Oscars - ACTRESS IN A LEADING ROLE(Nominated),175516617.0,"$22,000,000"
Congo,,20.0,29.0,,0,0,,,152022333.0,"$50,000,000"
Safe,Jason Statham,87.0,75.0,,0,0,,,41495213.0,"$33,000,000"
The Infiltrator,,71.0,71.0,,0,0,,,22152137.0,"$47,500,000"
Judge Dredd,,22.0,30.0,,0,0,,,113487912.0,"$85,000,000"
First Knight,,44.0,54.0,,0,0,,,127361412.0,"$75,000,000"
Species,Ben Kingsley,42.0,31.0,,0,0,,,113354449.0,"$35,000,000"
The Indian in the Cupboard,,70.0,41.0,,0,0,,,35627222.0,"$45,000,000"
Under Siege 2: Dark Territory,,34.0,38.0,,0,0,,,104324083.0,"$60,000,000"
Clueless,,81.0,76.0,,0,0,,,57956789.0,"$13,700,000"
Kids,,47.0,77.0,,0,0,,,20412216.0,"$1,500,000"
The Net,,43.0,44.0,,0,0,,,110521733.0,"$22,000,000"
Waterworld,,47.0,43.0,Oscars - SOUND(Nominated),1,0,,Oscars - SOUND(Nominated),264246220.0,"$175,000,000"
Virtuosity,Denzel Washington,32.0,32.0,,0,0,,,23998226.0,"$30,000,000"
Dangerous Minds,,34.0,64.0,,0,0,,,178919401.0,"$23,000,000"
Mortal Kombat,,47.0,57.0,,0,0,,,122133227.0,"$55,000,000"
Mortal Kombat,,47.0,57.0,,0,0,,,122133227.0,"$20,000,000"
Desperado,,70.0,79.0,,0,0,,,25532388.0,"$7,000,000"
The Thief and the Cobbler,Matthew Broderick,60.0,73.0,,0,0,,,,"$24,000,000"
The Usual Suspects,,87.0,96.0,"Oscars - ACTOR IN A SUPPORTING ROLE(Won)
Oscars - WRITING (Screenplay Written Directly for the Screen)(Won)
BAFTAs - Film | Editing in 1996(Won)
BAFTAs - Film | Film in 1996(Nominated)
BAFTAs - Film | Original Screenplay in 1996(Won)",5,4,"Oscars - ACTOR IN A SUPPORTING ROLE(Won)
Oscars - WRITING (Screenplay Written Directly for the Screen)(Won)
BAFTAs - Film | Editing in 1996(Won)
BAFTAs - Film | Original Screenplay in 1996(Won)",BAFTAs - Film | Film in 1996(Nominated),34449356.0,"$6,000,000"
Showgirls,,23.0,38.0,,0,0,,,37750754.0,"$40,000,000"
Halloween: The Curse of Michael Myers,,8.0,36.0,,0,0,,,,"$5,000,000"
Assassins,,16.0,45.0,,0,0,,,83306268.0,"$50,000,000"
Jade,,16.0,43.0,,0,0,,,,"$50,000,000"
Get Shorty,,89.0,70.0,"Golden Globes - Best Motion Picture - Musical or Comedy(Nominated)
Golden Globes - Best Performance by an Actor in a Motion Picture - Musical or Comedy(Won)
Golden Globes - Best Screenplay - Motion Picture(Nominated)",3,1,Golden Globes - Best Performance by an Actor in a Motion Picture - Musical or Comedy(Won),"Golden Globes - Best Motion Picture - Musical or Comedy(Nominated)
Golden Globes - Best Screenplay - Motion Picture(Nominated)",115021008.0,"$30,250,000"
Mallrats,,58.0,82.0,,0,0,,,,"$6,100,000"
Leaving Las Vegas,Mariska Hargitay,91.0,85.0,"Oscars - ACTOR IN A LEADING ROLE(Won)
Oscars - ACTRESS IN A LEADING ROLE(Nominated)
Oscars - DIRECTING(Nominated)
Oscars - WRITING (Screenplay Based on Material Previously Produced or Published)(Nominated)
BAFTAs - Film | Adapted Screenplay in 1996(Nominated)
Golden Globes - Best Motion Picture - Drama(Nominated)
Golden Globes - Best Performance by an Actress in a Motion Picture - Drama(Nominated)
Golden Globes - Best Performance by an Actor in a Motion Picture - Drama(Won)
Golden Globes - Best Director - Motion Picture(Nominated)",9,2,"Oscars - ACTOR IN A LEADING ROLE(Won)
Golden Globes - Best Performance by an Actor in a Motion Picture - Drama(Won)","Oscars - ACTRESS IN A LEADING ROLE(Nominated)
Oscars - DIRECTING(Nominated)
Oscars - WRITING (Screenplay Based on Material Previously Produced or Published)(Nominated)
BAFTAs - Film | Adapted Screenplay in 1996(Nominated)
Golden Globes - Best Motion Picture - Drama(Nominated)
Golden Globes - Best Performance by an Actress in a Motion Picture - Drama(Nominated)
Golden Globes - Best Director - Motion Picture(Nominated)",49800000.0,"$4,000,000"
Vampire in Brooklyn,,11.0,31.0,,0,0,,,19637147.0,"$14,000,000"
The American President,,91.0,77.0,Oscars - MUSIC (Original Musical or Comedy Score)(Nominated),1,0,,Oscars - MUSIC (Original Musical or Comedy Score)(Nominated),107822813.0,"$62,000,000"
Money Train,,22.0,29.0,,0,0,,,77224232.0,"$68,000,000"
Nixon,,75.0,74.0,"Oscars - ACTOR IN A LEADING ROLE(Nominated)
Oscars - ACTRESS IN A SUPPORTING ROLE(Nominated)
Oscars - MUSIC (Original Dramatic Score)(Nominated)
Oscars - WRITING (Screenplay Written Directly for the Screen)(Nominated)
Golden Globes - Best Performance by an Actor in a Motion Picture - Drama(Nominated)",5,0,,"Oscars - ACTOR IN A LEADING ROLE(Nominated)
Oscars - ACTRESS IN A SUPPORTING ROLE(Nominated)
Oscars - MUSIC (Original Dramatic Score)(Nominated)
Oscars - WRITING (Screenplay Written Directly for the Screen)(Nominated)
Golden Globes - Best Performance by an Actor in a Motion Picture - Drama(Nominated)",34668249.0,"$45,000,000"
Cutthroat Island,,40.0,40.0,,0,0,,,18517322.0,"$92,000,000"
Four Rooms,,13.0,69.0,,0,0,,,,"$4,000,000"
12 Monkeys,,88.0,88.0,"Oscars - ACTOR IN A SUPPORTING ROLE(Nominated)
Oscars - COSTUME DESIGN(Nominated)",2,0,,"Oscars - ACTOR IN A SUPPORTING ROLE(Nominated)
Oscars - COSTUME DESIGN(Nominated)",168841459.0,"$29,000,000"
Mission: Impossible,,65.0,71.0,"Golden Globes - Television Series(Won)
Golden Globes - Actor In A Television Series(Won)
Golden Globes - Actress In A Television Series(Nominated)
Golden Globes - Actor In A Television Series(Nominated)
Golden Globes - Actor In A Television Series - Drama(Nominated)
Golden Globes - Best Performance by an Actor In A Television Series - Drama(Won)
Golden Globes - Actress In A Supporting Role - Television Series(Nominated)
Golden Globes - Actress In A Leading Role - Drama Series Or Television Movie(Nominated)",8,3,"Golden Globes - Television Series(Won)
Golden Globes - Actor In A Television Series(Won)
Golden Globes - Best Performance by an Actor In A Television Series - Drama(Won)","Golden Globes - Actress In A Television Series(Nominated)
Golden Globes - Actor In A Television Series(Nominated)
Golden Globes - Actor In A Television Series - Drama(Nominated)
Golden Globes - Actress In A Supporting Role - Television Series(Nominated)
Golden Globes - Actress In A Leading Role - Drama Series Or Television Movie(Nominated)",457697994.0,"$80,000,000"
Jerry Maguire,,84.0,79.0,"Oscars - ACTOR IN A LEADING ROLE(Nominated)
Oscars - ACTOR IN A SUPPORTING ROLE(Won)
Oscars - FILM EDITING(Nominated)
Oscars - BEST PICTURE(Nominated)
Oscars - WRITING (Screenplay Written Directly for the Screen)(Nominated)
Golden Globes - Best Motion Picture - Musical or Comedy(Nominated)
Golden Globes - Best Performance by an Actor in a Motion Picture - Musical or Comedy(Won)
Golden Globes - Best Performance by an Actor in a Supporting Role in any Motion Picture(Nominated)",8,2,"Oscars - ACTOR IN A SUPPORTING ROLE(Won)
Golden Globes - Best Performance by an Actor in a Motion Picture - Musical or Comedy(Won)","Oscars - ACTOR IN A LEADING ROLE(Nominated)
Oscars - FILM EDITING(Nominated)
Oscars - BEST PICTURE(Nominated)
Oscars - WRITING (Screenplay Written Directly for the Screen)(Nominated)
Golden Globes - Best Motion Picture - Musical or Comedy(Nominated)
Golden Globes - Best Performance by an Actor in a Supporting Role in any Motion Picture(Nominated)",273552592.0,"$50,000,000"
The Nutty Professor,,82.0,67.0,Oscars - MAKEUP(Won),1,1,Oscars - MAKEUP(Won),,273814019.0,"$55,000,000"
From Dusk Till Dawn,George Clooney,63.0,76.0,,0,0,,,25736162.0,"$20,000,000"
The Juror,Joseph Gordon-Levitt,22.0,31.0,,0,0,,,22730924.0,"$44,000,000"
White Squall,,57.0,65.0,,0,0,,,,"$38,000,000"
City Hall,Al Pacino,58.0,37.0,,0,0,,,20278055.0,"$40,000,000"
Happy Gilmore,Adam Sandler,62.0,85.0,,0,0,,,41004412.0,"$10,000,000"
Bottle Rocket,,86.0,79.0,,0,0,,,,"$5,000,000"
Mary Reilly,,26.0,40.0,,0,0,,,,"$47,000,000"
Unforgettable,,24.0,49.0,,0,0,,,,"$18,000,000"
Unforgettable,,24.0,49.0,,0,0,,,,"$12,000,000"
Up Close & Personal,,32.0,66.0,Golden Globes - Best Original Song - Motion Picture(Nominated),1,0,,Golden Globes - Best Original Song - Motion Picture(Nominated),100645801.0,"$60,000,000"
Fargo,,95.0,92.0,"Oscars - ACTOR IN A SUPPORTING ROLE(Nominated)
Oscars - ACTRESS IN A LEADING ROLE(Won)
Oscars - CINEMATOGRAPHY(Nominated)
Oscars - DIRECTING(Nominated)
Oscars - FILM EDITING(Nominated)
Oscars - BEST PICTURE(Nominated)
Oscars - WRITING (Screenplay Written Directly for the Screen)(Won)
Golden Globes - Best Motion Picture - Musical or Comedy(Nominated)
Golden Globes - Best Performance by an Actress in a Motion Picture - Musical or Comedy(Nominated)
Golden Globes - Best Director - Motion Picture(Nominated)
Golden Globes - Best Screenplay - Motion Picture(Nominated)
Golden Globes - Best Television Limited Series or Motion Picture Made for Television(Won)
Golden Globes - Best Performance by an Actress in a Limited Series or a Motion Picture Made for Television(Nominated)
Golden Globes - Best Performance by an Actor in a Limited Series or a Motion Picture Made for Television(Won)
Golden Globes - Best Performance by an Actor in a Limited Series or a Motion Picture Made for Television(Nominated)
Golden Globes - Best Performance by an Actor in a Supporting Role in a Series, Limited Series or Motion Picture Made for Television(Nominated)
Golden Globes - Best Television Limited Series or Motion Picture Made for Television(Nominated)
Golden Globes - Best Performance by an Actress in a Limited Series or a Motion Picture Made for Television(Nominated)
Golden Globes - Best Performance by an Actor in a Limited Series or a Motion Picture Made for Television(Nominated)
Golden Globes - Best Television Limited Series or Motion Picture Made for Television(Nominated)
Golden Globes - Best Performance by an Actor in a Limited Series or a Motion Picture Made for Television(Won)
Golden Globes - Best Performance by an Actor in a Supporting Role in a Series, Limited Series or Motion Picture Made for Television(Nominated)",22,5,"Oscars - ACTRESS IN A LEADING ROLE(Won)
Oscars - WRITING (Screenplay Written Directly for the Screen)(Won)
Golden Globes - Best Television Limited Series or Motion Picture Made for Television(Won)
Golden Globes - Best Performance by an Actor in a Limited Series or a Motion Picture Made for Television(Won)
Golden Globes - Best Performance by an Actor in a Limited Series or a Motion Picture Made for Television(Won)","Oscars - ACTOR IN A SUPPORTING ROLE(Nominated)
Oscars - CINEMATOGRAPHY(Nominated)
Oscars - DIRECTING(Nominated)
Oscars - FILM EDITING(Nominated)
Oscars - BEST PICTURE(Nominated)
Golden Globes - Best Motion Picture - Musical or Comedy(Nominated)
Golden Globes - Best Performance by an Actress in a Motion Picture - Musical or Comedy(Nominated)
Golden Globes - Best Director - Motion Picture(Nominated)
Golden Globes - Best Screenplay - Motion Picture(Nominated)
Golden Globes - Best Performance by an Actress in a Limited Series or a Motion Picture Made for Television(Nominated)
Golden Globes - Best Performance by an Actor in a Limited Series or a Motion Picture Made for Television(Nominated)
Golden Globes - Best Performance by an Actor in a Supporting Role in a Series, Limited Series or Motion Picture Made for Television(Nominated)
Golden Globes - Best Television Limited Series or Motion Picture Made for Television(Nominated)
Golden Globes - Best Performance by an Actress in a Limited Series or a Motion Picture Made for Television(Nominated)
Golden Globes - Best Performance by an Actor in a Limited Series or a Motion Picture Made for Television(Nominated)
Golden Globes - Best Television Limited Series or Motion Picture Made for Television(Nominated)
Golden Globes - Best Performance by an Actor in a Supporting Role in a Series, Limited Series or Motion Picture Made for Television(Nominated)",51203507.0,"$7,000,000"
Executive Decision,,62.0,53.0,,0,0,,,122079192.0,"$55,000,000"
Girl 6,,39.0,36.0,,0,0,,,,"$12,000,000"
Sgt. Bilko,,30.0,47.0,,0,0,,,37956589.0,"$39,000,000"
Faithful,,6.0,49.0,,0,0,,,,"$13,000,000"
Mrs. Winterbourne,,15.0,63.0,,0,0,,,,"$25,000,000"
The Craft,,57.0,65.0,,0,0,,,55669466.0,"$15,000,000"
The Pallbearer,,48.0,18.0,,0,0,,,,"$8,000,000"
Spy Hard,,7.0,31.0,,0,0,,,26936265.0,"$18,000,000"
Dragonheart,,50.0,60.0,Oscars - VISUAL EFFECTS(Nominated),1,0,,Oscars - VISUAL EFFECTS(Nominated),104364680.0,"$57,000,000"
The Cable Guy,Matthew Broderick,55.0,51.0,,0,0,,,102825796.0,"$47,000,000"
Eraser,,43.0,40.0,Oscars - SOUND EFFECTS EDITING(Nominated),1,0,,Oscars - SOUND EFFECTS EDITING(Nominated),234400000.0,"$100,000,000"
Striptease,,13.0,24.0,,0,0,,,113309743.0,"$50,000,000"
Phenomenon,,49.0,59.0,,0,0,,,152036382.0,"$32,000,000"
Courage Under Fire,"Matt Damon, Denzel Washington",86.0,66.0,,0,0,,,100833145.0,"$46,000,000"
Multiplicity,Michael Keaton,45.0,49.0,,0,0,,,20133326.0,"$45,000,000"
Fled,,18.0,23.0,,0,0,,,19892205.0,"$30,000,000"
Trainspotting,Ewan McGregor,90.0,93.0,"Oscars - WRITING (Screenplay Based on Material Previously Produced or Published)(Nominated)
BAFTAs - Film | Adapted Screenplay in 1996(Won)
BAFTAs - Film | Alexander Korda Award for the outstanding British Film of the Year in 1996(Nominated)",3,1,BAFTAs - Film | Adapted Screenplay in 1996(Won),"Oscars - WRITING (Screenplay Based on Material Previously Produced or Published)(Nominated)
BAFTAs - Film | Alexander Korda Award for the outstanding British Film of the Year in 1996(Nominated)",71548935.0,"$3,100,000"
Basquiat,"Willem Dafoe, Gary Oldman",67.0,77.0,,0,0,,,,"$3,000,000"
Kansas City,,60.0,43.0,,0,0,,,,"$19,000,000"
Tin Cup,,72.0,65.0,Golden Globes - Best Performance by an Actor in a Motion Picture - Musical or Comedy(Nominated),1,0,,Golden Globes - Best Performance by an Actor in a Motion Picture - Musical or Comedy(Nominated),75854588.0,"$45,000,000"
Gotti,,60.0,83.0,"Golden Globes - Best Television Limited Series or Motion Picture Made for Television(Nominated)
Golden Globes - Best Performance by an Actor in a Limited Series or a Motion Picture Made for Television(Nominated)
Golden Globes - Best Performance by an Actor in a Supporting Role in a Series, Limited Series or Motion Picture Made for Television(Nominated)",3,0,,"Golden Globes - Best Television Limited Series or Motion Picture Made for Television(Nominated)
Golden Globes - Best Performance by an Actor in a Limited Series or a Motion Picture Made for Television(Nominated)
Golden Globes - Best Performance by an Actor in a Supporting Role in a Series, Limited Series or Motion Picture Made for Television(Nominated)",,"$10,000,000"
She's the One,Cameron Diaz,62.0,41.0,,0,0,,,,"$3,500,000"
Stonewall,,67.0,68.0,,0,0,,,,"$2,000,000"
Bogus,,41.0,45.0,,0,0,,,,"$32,000,000"
Maximum Risk,,34.0,35.0,,0,0,,,51702929.0,"$25,000,000"
The First Wives Club,,50.0,68.0,Oscars - MUSIC (Original Musical or Comedy Score)(Nominated),1,0,,Oscars - MUSIC (Original Musical or Comedy Score)(Nominated),181489203.0,"$30,000,000"
Last Man Standing,,42.0,51.0,,0,0,,,18149997.0,"$67,000,000"
Extreme Measures,,56.0,41.0,,0,0,,,,"$38,000,000"
Secrets & Lies,,96.0,91.0,"Oscars - ACTRESS IN A LEADING ROLE(Nominated)
Oscars - ACTRESS IN A SUPPORTING ROLE(Nominated)
Oscars - DIRECTING(Nominated)
Oscars - BEST PICTURE(Nominated)
Oscars - WRITING (Screenplay Written Directly for the Screen)(Nominated)
Golden Globes - Best Motion Picture - Drama(Nominated)
Golden Globes - Best Performance by an Actress in a Motion Picture - Drama(Won)
Golden Globes - Best Performance by an Actress in a Supporting Role in any Motion Picture(Nominated)",8,1,Golden Globes - Best Performance by an Actress in a Motion Picture - Drama(Won),"Oscars - ACTRESS IN A LEADING ROLE(Nominated)
Oscars - ACTRESS IN A SUPPORTING ROLE(Nominated)
Oscars - DIRECTING(Nominated)
Oscars - BEST PICTURE(Nominated)
Oscars - WRITING (Screenplay Written Directly for the Screen)(Nominated)
Golden Globes - Best Motion Picture - Drama(Nominated)
Golden Globes - Best Performance by an Actress in a Supporting Role in any Motion Picture(Nominated)",,"$4,500,000"
Bound,,87.0,83.0,,0,0,,,,"$4,500,000"
The Glimmer Man,,11.0,38.0,,0,0,,,36404841.0,"$45,000,000"
That Thing You Do!,Tom Hanks,93.0,78.0,"Oscars - MUSIC (Original Song)(Nominated)
Golden Globes - Best Original Song - Motion Picture(Nominated)",2,0,,"Oscars - MUSIC (Original Song)(Nominated)
Golden Globes - Best Original Song - Motion Picture(Nominated)",34557416.0,"$2,500,000"
The Ghost and the Darkness,,50.0,75.0,Oscars - SOUND EFFECTS EDITING(Won),1,1,Oscars - SOUND EFFECTS EDITING(Won),,38564422.0,"$55,000,000"
The Long Kiss Goodnight,Samuel L. Jackson,68.0,70.0,,0,0,,,33447612.0,"$65,000,000"
Michael Collins,Liam Neeson,78.0,84.0,"Oscars - CINEMATOGRAPHY(Nominated)
Oscars - MUSIC (Original Dramatic Score)(Nominated)
Golden Globes - Best Performance by an Actor in a Motion Picture - Drama(Nominated)
Golden Globes - Best Original Score - Motion Picture(Nominated)",4,0,,"Oscars - CINEMATOGRAPHY(Nominated)
Oscars - MUSIC (Original Dramatic Score)(Nominated)
Golden Globes - Best Performance by an Actor in a Motion Picture - Drama(Nominated)
Golden Globes - Best Original Score - Motion Picture(Nominated)",27798183.0,"$25,000,000"
Trees Lounge,Samuel L. Jackson,81.0,78.0,,0,0,,,,"$1,300,000"
Get on the Bus,,89.0,71.0,,0,0,,,,"$2,400,000"
The Funeral,,80.0,68.0,,0,0,,,,"$12,500,000"
Set It Off,,70.0,89.0,,0,0,,,36049108.0,"$9,000,000"
The English Patient,"Willem Dafoe, Ralph Fiennes",86.0,83.0,"Oscars - ACTOR IN A LEADING ROLE(Nominated)
Oscars - ACTRESS IN A LEADING ROLE(Nominated)
Oscars - ACTRESS IN A SUPPORTING ROLE(Won)
Oscars - ART DIRECTION(Won)
Oscars - CINEMATOGRAPHY(Won)
Oscars - COSTUME DESIGN(Won)
Oscars - DIRECTING(Won)
Oscars - FILM EDITING(Won)
Oscars - MUSIC (Original Dramatic Score)(Won)
Oscars - BEST PICTURE(Won)
Oscars - SOUND(Won)
Oscars - WRITING (Screenplay Based on Material Previously Produced or Published)(Nominated)
Golden Globes - Best Motion Picture - Drama(Won)
Golden Globes - Best Performance by an Actress in a Motion Picture - Drama(Nominated)
Golden Globes - Best Performance by an Actor in a Motion Picture - Drama(Nominated)
Golden Globes - Best Performance by an Actress in a Supporting Role in any Motion Picture(Nominated)
Golden Globes - Best Director - Motion Picture(Nominated)
Golden Globes - Best Screenplay - Motion Picture(Nominated)
Golden Globes - Best Original Score - Motion Picture(Won)",19,11,"Oscars - ACTRESS IN A SUPPORTING ROLE(Won)
Oscars - ART DIRECTION(Won)
Oscars - CINEMATOGRAPHY(Won)
Oscars - COSTUME DESIGN(Won)
Oscars - DIRECTING(Won)
Oscars - FILM EDITING(Won)
Oscars - MUSIC (Original Dramatic Score)(Won)
Oscars - BEST PICTURE(Won)
Oscars - SOUND(Won)
Golden Globes - Best Motion Picture - Drama(Won)
Golden Globes - Best Original Score - Motion Picture(Won)","Oscars - ACTOR IN A LEADING ROLE(Nominated)
Oscars - ACTRESS IN A LEADING ROLE(Nominated)
Oscars - WRITING (Screenplay Based on Material Previously Produced or Published)(Nominated)
Golden Globes - Best Performance by an Actress in a Motion Picture - Drama(Nominated)
Golden Globes - Best Performance by an Actor in a Motion Picture - Drama(Nominated)
Golden Globes - Best Performance by an Actress in a Supporting Role in any Motion Picture(Nominated)
Golden Globes - Best Director - Motion Picture(Nominated)
Golden Globes - Best Screenplay - Motion Picture(Nominated)",231710008.0,"$35,000,000"
The Mirror Has Two Faces,,54.0,71.0,"Oscars - ACTRESS IN A SUPPORTING ROLE(Nominated)
Oscars - MUSIC (Original Song)(Nominated)
Golden Globes - Best Performance by an Actress in a Motion Picture - Musical or Comedy(Nominated)
Golden Globes - Best Performance by an Actress in a Supporting Role in any Motion Picture(Won)
Golden Globes - Best Original Score - Motion Picture(Nominated)
Golden Globes - Best Original Song - Motion Picture(Nominated)",6,1,Golden Globes - Best Performance by an Actress in a Supporting Role in any Motion Picture(Won),"Oscars - ACTRESS IN A SUPPORTING ROLE(Nominated)
Oscars - MUSIC (Original Song)(Nominated)
Golden Globes - Best Performance by an Actress in a Motion Picture - Musical or Comedy(Nominated)
Golden Globes - Best Original Score - Motion Picture(Nominated)
Golden Globes - Best Original Song - Motion Picture(Nominated)",41267469.0,"$42,000,000"
Space Jam,,43.0,63.0,,0,0,,,250180384.0,"$80,000,000"
Jingle All the Way,,20.0,41.0,,0,0,,,129832389.0,"$60,000,000"
Shine,,91.0,90.0,"Oscars - ACTOR IN A LEADING ROLE(Won)
Oscars - ACTOR IN A SUPPORTING ROLE(Nominated)
Oscars - DIRECTING(Nominated)
Oscars - FILM EDITING(Nominated)
Oscars - MUSIC (Original Dramatic Score)(Nominated)
Oscars - BEST PICTURE(Nominated)
Oscars - WRITING (Screenplay Written Directly for the Screen)(Nominated)
Golden Globes - Best Motion Picture - Drama(Nominated)
Golden Globes - Best Performance by an Actor in a Motion Picture - Drama(Won)
Golden Globes - Best Director - Motion Picture(Nominated)
Golden Globes - Best Screenplay - Motion Picture(Nominated)
Golden Globes - Best Original Score - Motion Picture(Nominated)",12,2,"Oscars - ACTOR IN A LEADING ROLE(Won)
Golden Globes - Best Performance by an Actor in a Motion Picture - Drama(Won)","Oscars - ACTOR IN A SUPPORTING ROLE(Nominated)
Oscars - DIRECTING(Nominated)
Oscars - FILM EDITING(Nominated)
Oscars - MUSIC (Original Dramatic Score)(Nominated)
Oscars - BEST PICTURE(Nominated)
Oscars - WRITING (Screenplay Written Directly for the Screen)(Nominated)
Golden Globes - Best Motion Picture - Drama(Nominated)
Golden Globes - Best Director - Motion Picture(Nominated)
Golden Globes - Best Screenplay - Motion Picture(Nominated)
Golden Globes - Best Original Score - Motion Picture(Nominated)",36675932.0,"$5,500,000"
Star Trek: First Contact,,93.0,89.0,Oscars - MAKEUP(Nominated),1,0,,Oscars - MAKEUP(Nominated),150000000.0,"$46,000,000"
Sling Blade,,97.0,92.0,"Oscars - ACTOR IN A LEADING ROLE(Nominated)
Oscars - WRITING (Screenplay Based on Material Previously Produced or Published)(Won)",2,1,Oscars - WRITING (Screenplay Based on Material Previously Produced or Published)(Won),Oscars - ACTOR IN A LEADING ROLE(Nominated),34175000.0,"$4,833,610"
Daylight,Viggo Mortensen,26.0,37.0,Oscars - SOUND EFFECTS EDITING(Nominated),1,0,,Oscars - SOUND EFFECTS EDITING(Nominated),158908290.0,"$80,000,000"
Everyone Says I Love You,"Natalie Portman, Edward Norton",77.0,68.0,Golden Globes - Best Motion Picture - Musical or Comedy(Nominated),1,0,,Golden Globes - Best Motion Picture - Musical or Comedy(Nominated),34600000.0,"$20,000,000"
Mars Attacks!,Natalie Portman,56.0,53.0,,0,0,,,101371017.0,"$80,000,000"
Marvin's Room,"Leonardo DiCaprio, Meryl Streep, Robert De Niro",84.0,63.0,"Oscars - ACTRESS IN A LEADING ROLE(Nominated)
Golden Globes - Best Performance by an Actress in a Motion Picture - Drama(Nominated)",2,0,,"Oscars - ACTRESS IN A LEADING ROLE(Nominated)
Golden Globes - Best Performance by an Actress in a Motion Picture - Drama(Nominated)",,"$23,000,000"
Ghosts of Mississippi,,43.0,62.0,"Oscars - ACTOR IN A SUPPORTING ROLE(Nominated)
Oscars - MAKEUP(Nominated)
Golden Globes - Best Performance by an Actor in a Supporting Role in any Motion Picture(Nominated)",3,0,,"Oscars - ACTOR IN A SUPPORTING ROLE(Nominated)
Oscars - MAKEUP(Nominated)
Golden Globes - Best Performance by an Actor in a Supporting Role in any Motion Picture(Nominated)",,"$36,000,000"
My Fellow Americans,,47.0,64.0,,0,0,,,22331846.0,"$21,500,000"
Evita,,64.0,68.0,"Oscars - ART DIRECTION(Nominated)
Oscars - CINEMATOGRAPHY(Nominated)
Oscars - FILM EDITING(Nominated)
Oscars - MUSIC (Original Song)(Won)
Oscars - SOUND(Nominated)
Golden Globes - Best Motion Picture - Musical or Comedy(Won)
Golden Globes - Best Performance by an Actress in a Motion Picture - Musical or Comedy(Won)
Golden Globes - Best Performance by an Actor in a Motion Picture - Musical or Comedy(Nominated)
Golden Globes - Best Director - Motion Picture(Nominated)
Golden Globes - Best Original Song - Motion Picture(Won)",10,4,"Oscars - MUSIC (Original Song)(Won)
Golden Globes - Best Motion Picture - Musical or Comedy(Won)
Golden Globes - Best Performance by an Actress in a Motion Picture - Musical or Comedy(Won)
Golden Globes - Best Original Song - Motion Picture(Won)","Oscars - ART DIRECTION(Nominated)
Oscars - CINEMATOGRAPHY(Nominated)
Oscars - FILM EDITING(Nominated)
Oscars - SOUND(Nominated)
Golden Globes - Best Performance by an Actor in a Motion Picture - Musical or Comedy(Nominated)
Golden Globes - Best Director - Motion Picture(Nominated)",151947179.0,"$55,000,000"
Titanic,Leonardo DiCaprio,88.0,69.0,"Oscars - ART DIRECTION (Black-and-White)(Nominated)
Oscars - WRITING (Story and Screenplay)(Won)
Oscars - ACTRESS IN A LEADING ROLE(Nominated)
Oscars - ACTRESS IN A SUPPORTING ROLE(Nominated)
Oscars - ART DIRECTION(Won)
Oscars - CINEMATOGRAPHY(Won)
Oscars - COSTUME DESIGN(Won)
Oscars - DIRECTING(Won)
Oscars - FILM EDITING(Won)
Oscars - MAKEUP(Nominated)
Oscars - MUSIC (Original Dramatic Score)(Won)
Oscars - MUSIC (Original Song)(Won)
Oscars - BEST PICTURE(Won)
Oscars - SOUND(Won)
Oscars - SOUND EFFECTS EDITING(Won)
Oscars - VISUAL EFFECTS(Won)
Golden Globes - Best Motion Picture - Drama(Won)
Golden Globes - Best Performance by an Actress in a Motion Picture - Drama(Nominated)
Golden Globes - Best Performance by an Actor in a Motion Picture - Drama(Nominated)
Golden Globes - Best Performance by an Actress in a Supporting Role in any Motion Picture(Nominated)
Golden Globes - Best Director - Motion Picture(Won)
Golden Globes - Best Screenplay - Motion Picture(Nominated)
Golden Globes - Best Original Score - Motion Picture(Won)
Golden Globes - Best Original Song - Motion Picture(Won)",24,16,"Oscars - WRITING (Story and Screenplay)(Won)
Oscars - ART DIRECTION(Won)
Oscars - CINEMATOGRAPHY(Won)
Oscars - COSTUME DESIGN(Won)
Oscars - DIRECTING(Won)
Oscars - FILM EDITING(Won)
Oscars - MUSIC (Original Dramatic Score)(Won)
Oscars - MUSIC (Original Song)(Won)
Oscars - BEST PICTURE(Won)
Oscars - SOUND(Won)
Oscars - SOUND EFFECTS EDITING(Won)
Oscars - VISUAL EFFECTS(Won)
Golden Globes - Best Motion Picture - Drama(Won)
Golden Globes - Best Director - Motion Picture(Won)
Golden Globes - Best Original Score - Motion Picture(Won)
Golden Globes - Best Original Song - Motion Picture(Won)","Oscars - ART DIRECTION (Black-and-White)(Nominated)
Oscars - ACTRESS IN A LEADING ROLE(Nominated)
Oscars - ACTRESS IN A SUPPORTING ROLE(Nominated)
Oscars - MAKEUP(Nominated)
Golden Globes - Best Performance by an Actress in a Motion Picture - Drama(Nominated)
Golden Globes - Best Performance by an Actor in a Motion Picture - Drama(Nominated)
Golden Globes - Best Performance by an Actress in a Supporting Role in any Motion Picture(Nominated)
Golden Globes - Best Screenplay - Motion Picture(Nominated)",2223048786.0,"$200,000,000"
Men in Black,Will Smith,91.0,80.0,"Oscars - SHORT SUBJECT (Comedy)(Nominated)
Oscars - ART DIRECTION(Nominated)
Oscars - MAKEUP(Won)
Oscars - MUSIC (Original Musical or Comedy Score)(Nominated)
Golden Globes - Best Motion Picture - Musical or Comedy(Nominated)",5,1,Oscars - MAKEUP(Won),"Oscars - SHORT SUBJECT (Comedy)(Nominated)
Oscars - ART DIRECTION(Nominated)
Oscars - MUSIC (Original Musical or Comedy Score)(Nominated)
Golden Globes - Best Motion Picture - Musical or Comedy(Nominated)",587790539.0,"$90,000,000"
The Lost World: Jurassic Park,Jeff Goldblum,53.0,51.0,Oscars - VISUAL EFFECTS(Nominated),1,0,,Oscars - VISUAL EFFECTS(Nominated),618638999.0,"$75,000,000"
Liar Liar,,83.0,75.0,Golden Globes - Best Performance by an Actor in a Motion Picture - Musical or Comedy(Nominated),1,0,,Golden Globes - Best Performance by an Actor in a Motion Picture - Musical or Comedy(Nominated),302710615.0,"$45,000,000"
Air Force One,"Harrison Ford, Gary Oldman",79.0,66.0,"Oscars - FILM EDITING(Nominated)
Oscars - SOUND(Nominated)",2,0,,"Oscars - FILM EDITING(Nominated)
Oscars - SOUND(Nominated)",315268353.0,"$85,000,000"
Good Will Hunting,Matt Damon,97.0,94.0,"Oscars - ACTOR IN A LEADING ROLE(Nominated)
Oscars - ACTOR IN A SUPPORTING ROLE(Won)
Oscars - ACTRESS IN A SUPPORTING ROLE(Nominated)
Oscars - DIRECTING(Nominated)
Oscars - FILM EDITING(Nominated)
Oscars - MUSIC (Original Dramatic Score)(Nominated)
Oscars - MUSIC (Original Song)(Nominated)
Oscars - BEST PICTURE(Nominated)
Oscars - WRITING (Screenplay Written Directly for the Screen)(Won)
Golden Globes - Best Motion Picture - Drama(Nominated)
Golden Globes - Best Performance by an Actor in a Motion Picture - Drama(Nominated)
Golden Globes - Best Performance by an Actor in a Supporting Role in any Motion Picture(Nominated)
Golden Globes - Best Screenplay - Motion Picture(Won)",13,3,"Oscars - ACTOR IN A SUPPORTING ROLE(Won)
Oscars - WRITING (Screenplay Written Directly for the Screen)(Won)
Golden Globes - Best Screenplay - Motion Picture(Won)","Oscars - ACTOR IN A LEADING ROLE(Nominated)
Oscars - ACTRESS IN A SUPPORTING ROLE(Nominated)
Oscars - DIRECTING(Nominated)
Oscars - FILM EDITING(Nominated)
Oscars - MUSIC (Original Dramatic Score)(Nominated)
Oscars - MUSIC (Original Song)(Nominated)
Oscars - BEST PICTURE(Nominated)
Golden Globes - Best Motion Picture - Drama(Nominated)
Golden Globes - Best Performance by an Actor in a Motion Picture - Drama(Nominated)
Golden Globes - Best Performance by an Actor in a Supporting Role in any Motion Picture(Nominated)",225925989.0,"$10,000,000"
My Best Friend's Wedding,Cameron Diaz,74.0,73.0,"Oscars - MUSIC (Original Musical or Comedy Score)(Nominated)
Golden Globes - Best Motion Picture - Musical or Comedy(Nominated)
Golden Globes - Best Performance by an Actress in a Motion Picture - Musical or Comedy(Nominated)
Golden Globes - Best Performance by an Actor in a Supporting Role in any Motion Picture(Nominated)",4,0,,"Oscars - MUSIC (Original Musical or Comedy Score)(Nominated)
Golden Globes - Best Motion Picture - Musical or Comedy(Nominated)
Golden Globes - Best Performance by an Actress in a Motion Picture - Musical or Comedy(Nominated)
Golden Globes - Best Performance by an Actor in a Supporting Role in any Motion Picture(Nominated)",298923419.0,"$46,000,000"
Tomorrow Never Dies,,57.0,53.0,Golden Globes - Best Original Song - Motion Picture(Nominated),1,0,,Golden Globes - Best Original Song - Motion Picture(Nominated),339504276.0,"$110,000,000"
Face/Off,,93.0,82.0,Oscars - SOUND EFFECTS EDITING(Nominated),1,0,,Oscars - SOUND EFFECTS EDITING(Nominated),241199984.0,"$80,000,000"
The Relic,,37.0,34.0,,0,0,,,33956608.0,"$60,000,000"
Dead Silence,,21.0,51.0,,0,0,,,20614661.0,"$20,000,000"
Albino Alligator,Viggo Mortensen,50.0,42.0,,0,0,,,,"$5,000,000"
Prefontaine,,56.0,78.0,,0,0,,,,"$8,000,000"
Shadow Conspiracy,,7.0,18.0,,0,0,,,,"$45,000,000"
Waiting for Guffman,,91.0,91.0,,0,0,,,,"$4,000,000"
Absolute Power,,56.0,52.0,,0,0,,,50068310.0,"$50,000,000"
Blood and Wine,Michael Caine,63.0,36.0,,0,0,,,,"$26,000,000"
Donnie Brasco,"Al Pacino, Johnny Depp",88.0,89.0,Oscars - WRITING (Screenplay Based on Material Previously Produced or Published)(Nominated),1,0,,Oscars - WRITING (Screenplay Based on Material Previously Produced or Published)(Nominated),65303052.0,"$35,000,000"
Hard Eight,,82.0,83.0,,0,0,,,,"$3,000,000"
Kama Sutra,,40.0,71.0,,0,0,,,,"$3,000,000"
Smilla's Sense of Snow,,53.0,57.0,,0,0,,,,"$35,000,000"
Love Jones,,76.0,97.0,,0,0,,,,"$10,000,000"
Selena,,66.0,78.0,Golden Globes - Best Performance by an Actress in a Motion Picture - Musical or Comedy(Nominated),1,0,,Golden Globes - Best Performance by an Actress in a Motion Picture - Musical or Comedy(Nominated),35868790.0,"$20,000,000"
Cats Don't Dance,,71.0,80.0,,0,0,,,,"$32,000,000"
The Devil's Own,"Brad Pitt, Harrison Ford",37.0,41.0,,0,0,,,140900000.0,"$90,000,000"
The Saint,,30.0,63.0,,0,0,,,169400000.0,"$90,000,000"
Anaconda,,41.0,24.0,,0,0,,,136998907.0,"$45,000,000"
Grosse Pointe Blank,,82.0,86.0,,0,0,,,31070412.0,"$15,000,000"
8 Heads in a Duffel Bag,,10.0,35.0,,0,0,,,,"$3,000,000"
Volcano,,86.0,75.0,,0,0,,,120100000.0,"$90,000,000"
Austin Powers: International Man of Mystery,"Carrie Fisher, Mike Myers",73.0,77.0,,0,0,,,,"$18,000,000"
Warriors of Virtue,,18.0,47.0,,0,0,,,,"$35,000,000"
The Fifth Element,Gary Oldman,71.0,86.0,Oscars - SOUND EFFECTS EDITING(Nominated),1,0,,Oscars - SOUND EFFECTS EDITING(Nominated),263892271.0,"$95,000,000"
Underworld,,31.0,79.0,Oscars - WRITING (Original Story)(Won),1,1,Oscars - WRITING (Original Story)(Won),,95708457.0,"$22,000,000"
Con Air,,58.0,75.0,"Oscars - MUSIC (Original Song)(Nominated)
Oscars - SOUND(Nominated)",2,0,,"Oscars - MUSIC (Original Song)(Nominated)
Oscars - SOUND(Nominated)",224117573.0,"$80,000,000"
Speed 2: Cruise Control,Willem Dafoe,4.0,16.0,,0,0,,,150468000.0,"$110,000,000"
Ulee's Gold,,94.0,75.0,"Oscars - ACTOR IN A LEADING ROLE(Nominated)
Golden Globes - Best Performance by an Actor in a Motion Picture - Drama(Won)",2,1,Golden Globes - Best Performance by an Actor in a Motion Picture - Drama(Won),Oscars - ACTOR IN A LEADING ROLE(Nominated),,"$2,700,000"
Air Bud,,48.0,38.0,,0,0,,,29175259.0,"$3,000,000"
Spawn,,17.0,36.0,,0,0,,,87949859.0,"$40,000,000"
Conspiracy Theory,,57.0,64.0,,0,0,,,142783718.0,"$80,000,000"
The Full Monty,,96.0,79.0,"Oscars - DIRECTING(Nominated)
Oscars - MUSIC (Original Musical or Comedy Score)(Won)
Oscars - BEST PICTURE(Nominated)
Oscars - WRITING (Screenplay Written Directly for the Screen)(Nominated)",4,1,Oscars - MUSIC (Original Musical or Comedy Score)(Won),"Oscars - DIRECTING(Nominated)
Oscars - BEST PICTURE(Nominated)
Oscars - WRITING (Screenplay Written Directly for the Screen)(Nominated)",261249383.0,"$3,500,000"
Cop Land,Robert De Niro,75.0,67.0,,0,0,,,63706632.0,"$15,000,000"
Event Horizon,,35.0,61.0,,0,0,,,26673954.0,"$60,000,000"
Lucky Break,,33.0,54.0,,0,0,,,,"$6,000,000"
G.I. Jane,Viggo Mortensen,53.0,53.0,,0,0,,,48169156.0,"$50,000,000"
Money Talks,,15.0,71.0,,0,0,,,41076865.0,"$25,000,000"
The Game,,77.0,84.0,,0,0,,,80369970.0,"$50,000,000"
L.A. Confidential,,99.0,94.0,"Oscars - ACTRESS IN A SUPPORTING ROLE(Won)
Oscars - ART DIRECTION(Nominated)
Oscars - CINEMATOGRAPHY(Nominated)
Oscars - DIRECTING(Nominated)
Oscars - FILM EDITING(Nominated)
Oscars - MUSIC (Original Dramatic Score)(Nominated)
Oscars - BEST PICTURE(Nominated)
Oscars - SOUND(Nominated)
Oscars - WRITING (Screenplay Based on Material Previously Produced or Published)(Won)
Golden Globes - Best Motion Picture - Drama(Nominated)
Golden Globes - Best Performance by an Actress in a Supporting Role in any Motion Picture(Won)
Golden Globes - Best Director - Motion Picture(Nominated)
Golden Globes - Best Screenplay - Motion Picture(Nominated)
Golden Globes - Best Original Score - Motion Picture(Nominated)",14,3,"Oscars - ACTRESS IN A SUPPORTING ROLE(Won)
Oscars - WRITING (Screenplay Based on Material Previously Produced or Published)(Won)
Golden Globes - Best Performance by an Actress in a Supporting Role in any Motion Picture(Won)","Oscars - ART DIRECTION(Nominated)
Oscars - CINEMATOGRAPHY(Nominated)
Oscars - DIRECTING(Nominated)
Oscars - FILM EDITING(Nominated)
Oscars - MUSIC (Original Dramatic Score)(Nominated)
Oscars - BEST PICTURE(Nominated)
Oscars - SOUND(Nominated)
Golden Globes - Best Motion Picture - Drama(Nominated)
Golden Globes - Best Director - Motion Picture(Nominated)
Golden Globes - Best Screenplay - Motion Picture(Nominated)
Golden Globes - Best Original Score - Motion Picture(Nominated)",126204977.0,"$35,000,000"
In & Out,,73.0,52.0,"Oscars - ACTRESS IN A SUPPORTING ROLE(Nominated)
Golden Globes - Best Performance by an Actor in a Motion Picture - Musical or Comedy(Nominated)
Golden Globes - Best Performance by an Actress in a Supporting Role in any Motion Picture(Nominated)",3,0,,"Oscars - ACTRESS IN A SUPPORTING ROLE(Nominated)
Golden Globes - Best Performance by an Actor in a Motion Picture - Musical or Comedy(Nominated)
Golden Globes - Best Performance by an Actress in a Supporting Role in any Motion Picture(Nominated)",83226569.0,"$35,000,000"
The Ice Storm,"Elijah Wood, Tobey Maguire, Sigourney Weaver",86.0,82.0,,0,0,,,,"$18,000,000"
Soul Food,,82.0,86.0,,0,0,,,43492389.0,"$7,500,000"
Kiss the Girls,,34.0,62.0,,0,0,,,60527873.0,"$27,000,000"
Boogie Nights,Mark Wahlberg,94.0,89.0,"Oscars - ACTOR IN A SUPPORTING ROLE(Nominated)
Oscars - ACTRESS IN A SUPPORTING ROLE(Nominated)
Oscars - WRITING (Screenplay Written Directly for the Screen)(Nominated)
Golden Globes - Best Performance by an Actress in a Supporting Role in any Motion Picture(Nominated)
Golden Globes - Best Performance by an Actor in a Supporting Role in any Motion Picture(Won)",5,1,Golden Globes - Best Performance by an Actor in a Supporting Role in any Motion Picture(Won),"Oscars - ACTOR IN A SUPPORTING ROLE(Nominated)
Oscars - ACTRESS IN A SUPPORTING ROLE(Nominated)
Oscars - WRITING (Screenplay Written Directly for the Screen)(Nominated)
Golden Globes - Best Performance by an Actress in a Supporting Role in any Motion Picture(Nominated)",43111725.0,"$15,000,000"
I Know What You Did Last Summer,,46.0,41.0,,0,0,,,125250091.0,"$17,000,000"
Gattaca,Uma Thurman,82.0,87.0,"Oscars - ART DIRECTION(Nominated)
Golden Globes - Best Original Score - Motion Picture(Nominated)",2,0,,"Oscars - ART DIRECTION(Nominated)
Golden Globes - Best Original Score - Motion Picture(Nominated)",,"$36,000,000"
Critical Care,,59.0,30.0,,0,0,,,,"$12,000,000"
Switchback,,31.0,46.0,,0,0,,,,"$38,000,000"
Eve's Bayou,Samuel L. Jackson,83.0,89.0,,0,0,,,,"$5,000,000"
Mad City,,33.0,42.0,,0,0,,,,"$50,000,000"
Starship Troopers,,72.0,70.0,Oscars - VISUAL EFFECTS(Nominated),1,0,,Oscars - VISUAL EFFECTS(Nominated),121099956.0,"$105,000,000"
The Jackal,,24.0,51.0,,0,0,,,159356941.0,"$60,000,000"
The Man Who Knew Too Little,,37.0,69.0,,0,0,,,,"$20,000,000"
Midnight in the Garden of Good and Evil,,50.0,65.0,,0,0,,,25078937.0,"$35,000,000"
The Sweet Hereafter,,98.0,86.0,"Oscars - DIRECTING(Nominated)
Oscars - WRITING (Screenplay Based on Material Previously Produced or Published)(Nominated)",2,0,,"Oscars - DIRECTING(Nominated)
Oscars - WRITING (Screenplay Based on Material Previously Produced or Published)(Nominated)",,"$5,000,000"
Flubber,,23.0,33.0,,0,0,,,177993801.0,"$80,000,000"
Amistad,,78.0,79.0,"Oscars - ACTOR IN A SUPPORTING ROLE(Nominated)
Oscars - CINEMATOGRAPHY(Nominated)
Oscars - COSTUME DESIGN(Nominated)
Oscars - MUSIC (Original Dramatic Score)(Nominated)
Golden Globes - Best Motion Picture - Drama(Nominated)
Golden Globes - Best Performance by an Actor in a Motion Picture - Drama(Nominated)
Golden Globes - Best Performance by an Actor in a Supporting Role in any Motion Picture(Nominated)
Golden Globes - Best Director - Motion Picture(Nominated)",8,0,,"Oscars - ACTOR IN A SUPPORTING ROLE(Nominated)
Oscars - CINEMATOGRAPHY(Nominated)
Oscars - COSTUME DESIGN(Nominated)
Oscars - MUSIC (Original Dramatic Score)(Nominated)
Golden Globes - Best Motion Picture - Drama(Nominated)
Golden Globes - Best Performance by an Actor in a Motion Picture - Drama(Nominated)
Golden Globes - Best Performance by an Actor in a Supporting Role in any Motion Picture(Nominated)
Golden Globes - Best Director - Motion Picture(Nominated)",65542212.0,"$40,000,000"
Deconstructing Harry,"Tobey Maguire, Jennifer Garner",73.0,82.0,Oscars - WRITING (Screenplay Written Directly for the Screen)(Nominated),1,0,,Oscars - WRITING (Screenplay Written Directly for the Screen)(Nominated),,"$20,000,000"
Scream 2,,82.0,58.0,,0,0,,,172363301.0,"$24,000,000"
The Apostle,,88.0,79.0,Oscars - ACTOR IN A LEADING ROLE(Nominated),1,0,,Oscars - ACTOR IN A LEADING ROLE(Nominated),21277770.0,"$5,000,000"
Mouse Hunt,,44.0,49.0,,0,0,,,61894591.0,"$38,000,000"
Jackie Brown,"Robert De Niro, Samuel L. Jackson, Michael Keaton",88.0,85.0,"Oscars - ACTOR IN A SUPPORTING ROLE(Nominated)
Golden Globes - Best Performance by an Actress in a Motion Picture - Musical or Comedy(Nominated)
Golden Globes - Best Performance by an Actor in a Motion Picture - Musical or Comedy(Nominated)",3,0,,"Oscars - ACTOR IN A SUPPORTING ROLE(Nominated)
Golden Globes - Best Performance by an Actress in a Motion Picture - Musical or Comedy(Nominated)
Golden Globes - Best Performance by an Actor in a Motion Picture - Musical or Comedy(Nominated)",74727492.0,"$12,000,000"
Kundun,,74.0,78.0,"Oscars - ART DIRECTION(Nominated)
Oscars - CINEMATOGRAPHY(Nominated)
Oscars - COSTUME DESIGN(Nominated)
Oscars - MUSIC (Original Dramatic Score)(Nominated)
Golden Globes - Best Original Score - Motion Picture(Nominated)",5,0,,"Oscars - ART DIRECTION(Nominated)
Oscars - CINEMATOGRAPHY(Nominated)
Oscars - COSTUME DESIGN(Nominated)
Oscars - MUSIC (Original Dramatic Score)(Nominated)
Golden Globes - Best Original Score - Motion Picture(Nominated)",,"$28,000,000"
The Postman,,14.0,51.0,,0,0,,,20841123.0,"$80,000,000"
Wag the Dog,"Kirsten Dunst, Robert De Niro",86.0,76.0,"Oscars - ACTOR IN A LEADING ROLE(Nominated)
Oscars - WRITING (Screenplay Based on Material Previously Produced or Published)(Nominated)
Golden Globes - Best Motion Picture - Musical or Comedy(Nominated)
Golden Globes - Best Performance by an Actor in a Motion Picture - Musical or Comedy(Nominated)
Golden Globes - Best Screenplay - Motion Picture(Nominated)",5,0,,"Oscars - ACTOR IN A LEADING ROLE(Nominated)
Oscars - WRITING (Screenplay Based on Material Previously Produced or Published)(Nominated)
Golden Globes - Best Motion Picture - Musical or Comedy(Nominated)
Golden Globes - Best Performance by an Actor in a Motion Picture - Musical or Comedy(Nominated)
Golden Globes - Best Screenplay - Motion Picture(Nominated)",64252038.0,"$15,000,000"
Oscar and Lucinda,Ralph Fiennes,67.0,65.0,Oscars - COSTUME DESIGN(Nominated),1,0,,Oscars - COSTUME DESIGN(Nominated),,"$12,500,000"
Saving Private Ryan,"Matt Damon, Tom Hanks",94.0,95.0,"Oscars - ACTOR IN A LEADING ROLE(Nominated)
Oscars - ART DIRECTION(Nominated)
Oscars - CINEMATOGRAPHY(Won)
Oscars - DIRECTING(Won)
Oscars - FILM EDITING(Won)
Oscars - MAKEUP(Nominated)
Oscars - MUSIC (Original Dramatic Score)(Nominated)
Oscars - BEST PICTURE(Nominated)
Oscars - SOUND(Won)
Oscars - SOUND EFFECTS EDITING(Won)
Oscars - WRITING (Screenplay Written Directly for the Screen)(Nominated)
Golden Globes - Best Motion Picture - Drama(Won)
Golden Globes - Best Performance by an Actor in a Motion Picture - Drama(Nominated)
Golden Globes - Best Director - Motion Picture(Won)
Golden Globes - Best Screenplay - Motion Picture(Nominated)
Golden Globes - Best Original Score - Motion Picture(Nominated)",16,7,"Oscars - CINEMATOGRAPHY(Won)
Oscars - DIRECTING(Won)
Oscars - FILM EDITING(Won)
Oscars - SOUND(Won)
Oscars - SOUND EFFECTS EDITING(Won)
Golden Globes - Best Motion Picture - Drama(Won)
Golden Globes - Best Director - Motion Picture(Won)","Oscars - ACTOR IN A LEADING ROLE(Nominated)
Oscars - ART DIRECTION(Nominated)
Oscars - MAKEUP(Nominated)
Oscars - MUSIC (Original Dramatic Score)(Nominated)
Oscars - BEST PICTURE(Nominated)
Oscars - WRITING (Screenplay Written Directly for the Screen)(Nominated)
Golden Globes - Best Performance by an Actor in a Motion Picture - Drama(Nominated)
Golden Globes - Best Screenplay - Motion Picture(Nominated)
Golden Globes - Best Original Score - Motion Picture(Nominated)",485035085.0,"$65,000,000"
Armageddon,,43.0,73.0,"Oscars - MUSIC (Original Song)(Nominated)
Oscars - SOUND(Nominated)
Oscars - SOUND EFFECTS EDITING(Nominated)
Oscars - VISUAL EFFECTS(Nominated)",4,0,,"Oscars - MUSIC (Original Song)(Nominated)
Oscars - SOUND(Nominated)
Oscars - SOUND EFFECTS EDITING(Nominated)
Oscars - VISUAL EFFECTS(Nominated)",554600000.0,"$140,000,000"
There's Something About Mary,Cameron Diaz,84.0,61.0,"Golden Globes - Best Motion Picture - Musical or Comedy(Nominated)
Golden Globes - Best Performance by an Actress in a Motion Picture - Musical or Comedy(Nominated)",2,0,,"Golden Globes - Best Motion Picture - Musical or Comedy(Nominated)
Golden Globes - Best Performance by an Actress in a Motion Picture - Musical or Comedy(Nominated)",369884651.0,"$22,000,000"
The Waterboy,Adam Sandler,33.0,71.0,,0,0,,,190191646.0,"$23,000,000"
Rush Hour,,62.0,78.0,,0,0,,,245300000.0,"$35,000,000"
Deep Impact,Elijah Wood,45.0,43.0,,0,0,,,349464664.0,"$80,000,000"
Godzilla,,20.0,28.0,,0,0,,,529076069.0,"$160,000,000"
Godzilla,,20.0,28.0,,0,0,,,529076069.0,"$125,000,000"
Patch Adams,,21.0,73.0,"Oscars - MUSIC (Original Musical or Comedy Score)(Nominated)
Golden Globes - Best Motion Picture - Musical or Comedy(Nominated)
Golden Globes - Best Performance by an Actor in a Motion Picture - Musical or Comedy(Nominated)",3,0,,"Oscars - MUSIC (Original Musical or Comedy Score)(Nominated)
Golden Globes - Best Motion Picture - Musical or Comedy(Nominated)
Golden Globes - Best Performance by an Actor in a Motion Picture - Musical or Comedy(Nominated)",202173000.0,"$50,000,000"
Half Baked,,28.0,81.0,,0,0,,,,"$8,000,000"
Hard Rain,,34.0,34.0,,0,0,,,19870567.0,"$70,000,000"
Spice World,,35.0,45.0,,0,0,,,56042592.0,"$25,000,000"
Deep Rising,,36.0,43.0,,0,0,,,,"$45,000,000"
Zero Effect,,66.0,76.0,,0,0,,,,"$5,000,000"
The Replacement Killers,,37.0,47.0,,0,0,,,19035741.0,"$30,000,000"
Sphere,Samuel L. Jackson,13.0,38.0,,0,0,,,50168294.0,"$73,000,000"
Dark City,,76.0,85.0,,0,0,,,27257061.0,"$27,000,000"
The Big Lebowski,,80.0,93.0,,0,0,,,47597102.0,"$15,000,000"
Twilight,Robert Pattinson,49.0,72.0,,0,0,,,402278564.0,"$37,000,000"
Twilight,Robert Pattinson,49.0,72.0,,0,0,,,402278564.0,"$20,000,000"
U.S. Marshals,,30.0,53.0,,0,0,,,57833603.0,"$60,000,000"
Chairman of the Board,,11.0,20.0,,0,0,,,,"$7,000,000"
Primary Colors,,80.0,64.0,"Oscars - ACTRESS IN A SUPPORTING ROLE(Nominated)
Oscars - WRITING (Screenplay Based on Material Previously Produced or Published)(Nominated)
Golden Globes - Best Performance by an Actor in a Motion Picture - Musical or Comedy(Nominated)
Golden Globes - Best Performance by an Actress in a Supporting Role in any Motion Picture(Nominated)",4,0,,"Oscars - ACTRESS IN A SUPPORTING ROLE(Nominated)
Oscars - WRITING (Screenplay Based on Material Previously Produced or Published)(Nominated)
Golden Globes - Best Performance by an Actor in a Motion Picture - Musical or Comedy(Nominated)
Golden Globes - Best Performance by an Actress in a Supporting Role in any Motion Picture(Nominated)",39017984.0,"$65,000,000"
Wild Things,,64.0,54.0,,0,0,,,55576210.0,"$20,000,000"
Meet the Deedles,,10.0,38.0,,0,0,,,,"$24,000,000"
The Newton Boys,,65.0,44.0,,0,0,,,,"$27,000,000"
The Proposition,,85.0,85.0,,0,0,,,,"$20,000,000"
Barney's Great Adventure,,32.0,44.0,,0,0,,,,"$15,000,000"
Mercury Rising,,21.0,40.0,,0,0,,,32983332.0,"$60,000,000"
The Spanish Prisoner,,89.0,81.0,,0,0,,,,"$10,000,000"
The Players Club,,35.0,85.0,,0,0,,,23047939.0,"$5,000,000"
City of Angels,,58.0,82.0,Golden Globes - Best Original Song - Motion Picture(Nominated),1,0,,Golden Globes - Best Original Song - Motion Picture(Nominated),198750909.0,"$55,000,000"
The Big Hit,Mark Wahlberg,41.0,57.0,,0,0,,,27073371.0,"$13,000,000"
Sliding Doors,,65.0,77.0,,0,0,,,58809149.0,"$6,000,000"
He Got Game,Denzel Washington,80.0,83.0,,0,0,,,22411948.0,"$25,000,000"
Woo,,10.0,62.0,,0,0,,,,"$13,000,000"
Bulworth,,76.0,68.0,"Oscars - WRITING (Screenplay Written Directly for the Screen)(Nominated)
Golden Globes - Best Motion Picture - Musical or Comedy(Nominated)
Golden Globes - Best Performance by an Actor in a Motion Picture - Musical or Comedy(Nominated)
Golden Globes - Best Screenplay - Motion Picture(Nominated)",4,0,,"Oscars - WRITING (Screenplay Written Directly for the Screen)(Nominated)
Golden Globes - Best Motion Picture - Musical or Comedy(Nominated)
Golden Globes - Best Performance by an Actor in a Motion Picture - Musical or Comedy(Nominated)
Golden Globes - Best Screenplay - Motion Picture(Nominated)",29203383.0,"$30,000,000"
Clockwatchers,,86.0,61.0,,0,0,,,,"$2,000,000"
The Horse Whisperer,Scarlett Johansson,73.0,72.0,Oscars - MUSIC (Original Song)(Nominated),1,0,,Oscars - MUSIC (Original Song)(Nominated),186883563.0,"$60,000,000"
Quest for Camelot,Gary Oldman,43.0,60.0,Oscars - MUSIC (Original Song)(Nominated),1,0,,Oscars - MUSIC (Original Song)(Nominated),38172500.0,"$40,000,000"
Fear and Loathing in Las Vegas,"Tobey Maguire, Johnny Depp, Cameron Diaz",51.0,89.0,,0,0,,,,"$18,500,000"
Hope Floats,,27.0,72.0,,0,0,,,81529000.0,"$30,000,000"
The Truman Show,,94.0,89.0,"Oscars - ACTOR IN A SUPPORTING ROLE(Nominated)
Oscars - DIRECTING(Nominated)
Oscars - WRITING (Screenplay Written Directly for the Screen)(Nominated)
Golden Globes - Best Motion Picture - Drama(Nominated)
Golden Globes - Best Performance by an Actor in a Motion Picture - Drama(Won)
Golden Globes - Best Performance by an Actor in a Supporting Role in any Motion Picture(Won)
Golden Globes - Best Director - Motion Picture(Nominated)
Golden Globes - Best Screenplay - Motion Picture(Nominated)
Golden Globes - Best Original Score - Motion Picture(Won)",9,3,"Golden Globes - Best Performance by an Actor in a Motion Picture - Drama(Won)
Golden Globes - Best Performance by an Actor in a Supporting Role in any Motion Picture(Won)
Golden Globes - Best Original Score - Motion Picture(Won)","Oscars - ACTOR IN A SUPPORTING ROLE(Nominated)
Oscars - DIRECTING(Nominated)
Oscars - WRITING (Screenplay Written Directly for the Screen)(Nominated)
Golden Globes - Best Motion Picture - Drama(Nominated)
Golden Globes - Best Director - Motion Picture(Nominated)
Golden Globes - Best Screenplay - Motion Picture(Nominated)",264118201.0,"$60,000,000"
The Land Girls,,61.0,52.0,,0,0,,,,"$8,000,000"
"Six Days, Seven Nights",,38.0,36.0,,0,0,,,164800000.0,"$80,000,000"
Mulan,,86.0,85.0,"Oscars - MUSIC (Original Musical or Comedy Score)(Nominated)
Oscars - COSTUME DESIGN(Nominated)
Oscars - VISUAL EFFECTS(Nominated)
Golden Globes - Best Original Score - Motion Picture(Nominated)
Golden Globes - Best Original Song - Motion Picture(Nominated)",5,0,,"Oscars - MUSIC (Original Musical or Comedy Score)(Nominated)
Oscars - COSTUME DESIGN(Nominated)
Oscars - VISUAL EFFECTS(Nominated)
Golden Globes - Best Original Score - Motion Picture(Nominated)
Golden Globes - Best Original Song - Motion Picture(Nominated)",303500000.0,"$200,000,000"
Mulan,,86.0,85.0,"Oscars - MUSIC (Original Musical or Comedy Score)(Nominated)
Oscars - COSTUME DESIGN(Nominated)
Oscars - VISUAL EFFECTS(Nominated)
Golden Globes - Best Original Score - Motion Picture(Nominated)
Golden Globes - Best Original Song - Motion Picture(Nominated)",5,0,,"Oscars - MUSIC (Original Musical or Comedy Score)(Nominated)
Oscars - COSTUME DESIGN(Nominated)
Oscars - VISUAL EFFECTS(Nominated)
Golden Globes - Best Original Score - Motion Picture(Nominated)
Golden Globes - Best Original Song - Motion Picture(Nominated)",303500000.0,"$90,000,000"
Smoke Signals,,90.0,82.0,,0,0,,,,"$2,000,000"
Lethal Weapon 4,,52.0,64.0,,0,0,,,285400000.0,"$140,000,000"
Small Soldiers,Kirsten Dunst,49.0,45.0,,0,0,,,71743823.0,"$40,000,000"
The Mask of Zorro,,84.0,73.0,"Oscars - SOUND(Nominated)
Oscars - SOUND EFFECTS EDITING(Nominated)",2,0,,"Oscars - SOUND(Nominated)
Oscars - SOUND EFFECTS EDITING(Nominated)",233700000.0,"$65,000,000"
Disturbing Behavior,,35.0,40.0,,0,0,,,19014238.0,"$15,000,000"
The Negotiator,Samuel L. Jackson,74.0,79.0,,0,0,,,49105766.0,"$50,000,000"
Ever After: A Cinderella Story,,91.0,84.0,,0,0,,,65705772.0,"$26,000,000"
Snake Eyes,,43.0,35.0,,0,0,,,103891409.0,"$73,000,000"
How Stella Got Her Groove Back,,50.0,66.0,,0,0,,,37672944.0,"$20,000,000"
Slums of Beverly Hills,,81.0,68.0,,0,0,,,,"$5,000,000"
Dead Man on Campus,,15.0,55.0,,0,0,,,,"$14,000,000"
54,"Mark Ruffalo, Mike Myers",15.0,36.0,,0,0,,,,"$13,000,000"
Knock Off,,10.0,26.0,,0,0,,,,"$35,000,000"
Simon Birch,,44.0,77.0,,0,0,,,18310591.0,"$20,000,000"
Without Limits,,79.0,91.0,Golden Globes - Best Performance by an Actor in a Supporting Role in any Motion Picture(Nominated),1,0,,Golden Globes - Best Performance by an Actor in a Supporting Role in any Motion Picture(Nominated),,"$25,000,000"
One True Thing,Meryl Streep,87.0,71.0,"Oscars - ACTRESS IN A LEADING ROLE(Nominated)
Golden Globes - Best Performance by an Actress in a Motion Picture - Drama(Nominated)",2,0,,"Oscars - ACTRESS IN A LEADING ROLE(Nominated)
Golden Globes - Best Performance by an Actress in a Motion Picture - Drama(Nominated)",26708196.0,"$30,000,000"
Clay Pigeons,Joaquin Phoenix,61.0,68.0,,0,0,,,,"$8,000,000"
Snitch,Dwayne Johnson,90.0,67.0,,0,0,,,57907734.0,"$15,000,000"
Ronin,Robert De Niro,70.0,80.0,,0,0,,,70692101.0,"$55,000,000"
Urban Legend,,28.0,37.0,,0,0,,,72571864.0,"$14,000,000"
Antz,,92.0,52.0,,0,0,,,152457863.0,"$60,000,000"
What Dreams May Come,,52.0,84.0,"Oscars - ART DIRECTION(Nominated)
Oscars - VISUAL EFFECTS(Won)",2,1,Oscars - VISUAL EFFECTS(Won),Oscars - ART DIRECTION(Nominated),71485043.0,"$80,000,000"
Holy Man,Jeff Goldblum,12.0,25.0,,0,0,,,,"$60,000,000"
Rushmore,Jason Schwartzman,90.0,91.0,Golden Globes - Best Performance by an Actor in a Supporting Role in any Motion Picture(Nominated),1,0,,Golden Globes - Best Performance by an Actor in a Supporting Role in any Motion Picture(Nominated),19080435.0,"$10,000,000"
Bride of Chucky,,48.0,50.0,,0,0,,,50692188.0,"$25,000,000"
Practical Magic,Nicole Kidman,24.0,73.0,,0,0,,,68336997.0,"$60,000,000"
American History X,Edward Norton,84.0,96.0,Oscars - ACTOR IN A LEADING ROLE(Nominated),1,0,,Oscars - ACTOR IN A LEADING ROLE(Nominated),,"$10,000,000"
Living Out Loud,,60.0,62.0,,0,0,,,,"$12,000,000"
Belly,,23.0,87.0,,0,0,,,,"$3,000,000"
Gods and Monsters,Ian McKellen,96.0,82.0,"Oscars - ACTOR IN A LEADING ROLE(Nominated)
Oscars - ACTRESS IN A SUPPORTING ROLE(Nominated)
Oscars - WRITING (Screenplay Based on Material Previously Produced or Published)(Won)
Golden Globes - Best Motion Picture - Drama(Nominated)
Golden Globes - Best Performance by an Actor in a Motion Picture - Drama(Nominated)
Golden Globes - Best Performance by an Actress in a Supporting Role in any Motion Picture(Won)",6,2,"Oscars - WRITING (Screenplay Based on Material Previously Produced or Published)(Won)
Golden Globes - Best Performance by an Actress in a Supporting Role in any Motion Picture(Won)","Oscars - ACTOR IN A LEADING ROLE(Nominated)
Oscars - ACTRESS IN A SUPPORTING ROLE(Nominated)
Golden Globes - Best Motion Picture - Drama(Nominated)
Golden Globes - Best Performance by an Actor in a Motion Picture - Drama(Nominated)",,"$3,500,000"
Velvet Goldmine,"Christian Bale, Ewan McGregor",63.0,80.0,Oscars - COSTUME DESIGN(Nominated),1,0,,Oscars - COSTUME DESIGN(Nominated),,"$9,000,000"
I Still Know What You Did Last Summer,,7.0,29.0,,0,0,,,40020622.0,"$24,000,000"
Meet Joe Black,Brad Pitt,46.0,81.0,,0,0,,,44650003.0,"$85,000,000"
Enemy of the State,Will Smith,71.0,78.0,,0,0,,,250649836.0,"$85,000,000"
The Rugrats Movie,,59.0,50.0,,0,0,,,140894685.0,"$28,000,000"
Waking Ned Devine,,84.0,88.0,,0,0,,,55193251.0,"$3,000,000"
Babe: Pig in the City,,65.0,41.0,Oscars - MUSIC (Original Song)(Nominated),1,0,,Oscars - MUSIC (Original Song)(Nominated),69131860.0,"$80,000,000"
Home Fries,,31.0,34.0,,0,0,,,,"$15,000,000"
Very Bad Things,Cameron Diaz,41.0,58.0,,0,0,,,21094974.0,"$10,000,000"
Little Voice,"Michael Caine, Ewan McGregor",80.0,74.0,"Oscars - ACTRESS IN A SUPPORTING ROLE(Nominated)
Golden Globes - Best Performance by an Actress in a Motion Picture - Musical or Comedy(Nominated)
Golden Globes - Best Performance by an Actor in a Motion Picture - Musical or Comedy(Won)
Golden Globes - Best Performance by an Actress in a Supporting Role in any Motion Picture(Nominated)",4,1,Golden Globes - Best Performance by an Actor in a Motion Picture - Musical or Comedy(Won),"Oscars - ACTRESS IN A SUPPORTING ROLE(Nominated)
Golden Globes - Best Performance by an Actress in a Motion Picture - Musical or Comedy(Nominated)
Golden Globes - Best Performance by an Actress in a Supporting Role in any Motion Picture(Nominated)",21787233.0,"$6,000,000"
Psycho,,97.0,95.0,"Oscars - ACTRESS IN A SUPPORTING ROLE(Nominated)
Oscars - ART DIRECTION (Black-and-White)(Nominated)
Oscars - CINEMATOGRAPHY (Black-and-White)(Nominated)
Oscars - DIRECTING(Nominated)
Golden Globes - Best Performance by an Actress in a Supporting Role in any Motion Picture(Won)",5,1,Golden Globes - Best Performance by an Actress in a Supporting Role in any Motion Picture(Won),"Oscars - ACTRESS IN A SUPPORTING ROLE(Nominated)
Oscars - ART DIRECTION (Black-and-White)(Nominated)
Oscars - CINEMATOGRAPHY (Black-and-White)(Nominated)
Oscars - DIRECTING(Nominated)",37226218.0,"$20,000,000"
Shakespeare in Love,,92.0,80.0,"Oscars - ACTOR IN A SUPPORTING ROLE(Nominated)
Oscars - ACTRESS IN A LEADING ROLE(Won)
Oscars - ACTRESS IN A SUPPORTING ROLE(Won)
Oscars - ART DIRECTION(Won)
Oscars - CINEMATOGRAPHY(Nominated)
Oscars - COSTUME DESIGN(Won)
Oscars - DIRECTING(Nominated)
Oscars - FILM EDITING(Nominated)
Oscars - MAKEUP(Nominated)
Oscars - MUSIC (Original Musical or Comedy Score)(Won)
Oscars - BEST PICTURE(Won)
Oscars - SOUND(Nominated)
Oscars - WRITING (Screenplay Written Directly for the Screen)(Won)
Golden Globes - Best Motion Picture - Musical or Comedy(Won)
Golden Globes - Best Performance by an Actress in a Motion Picture - Musical or Comedy(Won)
Golden Globes - Best Performance by an Actress in a Supporting Role in any Motion Picture(Nominated)
Golden Globes - Best Performance by an Actor in a Supporting Role in any Motion Picture(Nominated)
Golden Globes - Best Director - Motion Picture(Nominated)
Golden Globes - Best Screenplay - Motion Picture(Won)",19,10,"Oscars - ACTRESS IN A LEADING ROLE(Won)
Oscars - ACTRESS IN A SUPPORTING ROLE(Won)
Oscars - ART DIRECTION(Won)
Oscars - COSTUME DESIGN(Won)
Oscars - MUSIC (Original Musical or Comedy Score)(Won)
Oscars - BEST PICTURE(Won)
Oscars - WRITING (Screenplay Written Directly for the Screen)(Won)
Golden Globes - Best Motion Picture - Musical or Comedy(Won)
Golden Globes - Best Performance by an Actress in a Motion Picture - Musical or Comedy(Won)
Golden Globes - Best Screenplay - Motion Picture(Won)","Oscars - ACTOR IN A SUPPORTING ROLE(Nominated)
Oscars - CINEMATOGRAPHY(Nominated)
Oscars - DIRECTING(Nominated)
Oscars - FILM EDITING(Nominated)
Oscars - MAKEUP(Nominated)
Oscars - SOUND(Nominated)
Golden Globes - Best Performance by an Actress in a Supporting Role in any Motion Picture(Nominated)
Golden Globes - Best Performance by an Actor in a Supporting Role in any Motion Picture(Nominated)
Golden Globes - Best Director - Motion Picture(Nominated)",279500000.0,"$26,000,000"
Star Trek: Insurrection,,55.0,44.0,,0,0,,,117800000.0,"$70,000,000"
The Prince of Egypt,"Ralph Fiennes, Jeff Goldblum",79.0,90.0,"Oscars - MUSIC (Original Musical or Comedy Score)(Nominated)
Oscars - MUSIC (Original Song)(Won)
Golden Globes - Best Original Score - Motion Picture(Nominated)
Golden Globes - Best Original Song - Motion Picture(Nominated)",4,1,Oscars - MUSIC (Original Song)(Won),"Oscars - MUSIC (Original Musical or Comedy Score)(Nominated)
Golden Globes - Best Original Score - Motion Picture(Nominated)
Golden Globes - Best Original Song - Motion Picture(Nominated)",218613188.0,"$60,000,000"
The Faculty,Elijah Wood,58.0,57.0,,0,0,,,40283321.0,"$15,000,000"
Stepmom,,44.0,75.0,Golden Globes - Best Performance by an Actress in a Motion Picture - Drama(Nominated),1,0,,Golden Globes - Best Performance by an Actress in a Motion Picture - Drama(Nominated),159745279.0,"$50,000,000"
The Sixth Sense,,86.0,90.0,"Oscars - ACTOR IN A SUPPORTING ROLE(Nominated)
Oscars - ACTRESS IN A SUPPORTING ROLE(Nominated)
Oscars - DIRECTING(Nominated)
Oscars - FILM EDITING(Nominated)
Oscars - BEST PICTURE(Nominated)
Oscars - WRITING (Screenplay Written Directly for the Screen)(Nominated)",6,0,,"Oscars - ACTOR IN A SUPPORTING ROLE(Nominated)
Oscars - ACTRESS IN A SUPPORTING ROLE(Nominated)
Oscars - DIRECTING(Nominated)
Oscars - FILM EDITING(Nominated)
Oscars - BEST PICTURE(Nominated)
Oscars - WRITING (Screenplay Written Directly for the Screen)(Nominated)",672806292.0,"$40,000,000"
Toy Story 2,Tom Hanks,100.0,87.0,"Oscars - MUSIC (Original Song)(Nominated)
Golden Globes - Best Motion Picture - Musical or Comedy(Won)
Golden Globes - Best Original Song - Motion Picture(Nominated)",3,1,Golden Globes - Best Motion Picture - Musical or Comedy(Won),"Oscars - MUSIC (Original Song)(Nominated)
Golden Globes - Best Original Song - Motion Picture(Nominated)",511358276.0,"$90,000,000"
Austin Powers: The Spy Who Shagged Me,Mike Myers,53.0,71.0,"Oscars - MAKEUP(Nominated)
Golden Globes - Best Original Song - Motion Picture(Nominated)",2,0,,"Oscars - MAKEUP(Nominated)
Golden Globes - Best Original Song - Motion Picture(Nominated)",312383487.0,"$35,000,000"
The Matrix,Carrie-Anne Moss,83.0,85.0,"Oscars - FILM EDITING(Won)
Oscars - SOUND(Won)
Oscars - SOUND EFFECTS EDITING(Won)
Oscars - VISUAL EFFECTS(Won)",4,4,"Oscars - FILM EDITING(Won)
Oscars - SOUND(Won)
Oscars - SOUND EFFECTS EDITING(Won)
Oscars - VISUAL EFFECTS(Won)",,466281862.0,"$65,000,000"
Tarzan,,89.0,75.0,"Oscars - MUSIC (Original Song)(Won)
Golden Globes - Best Original Song - Motion Picture(Won)",2,2,"Oscars - MUSIC (Original Song)(Won)
Golden Globes - Best Original Song - Motion Picture(Won)",,448191819.0,"$145,000,000"
Big Daddy,Adam Sandler,39.0,74.0,,0,0,,,228641283.0,"$30,000,000"
The Mummy,,62.0,75.0,Oscars - SOUND(Nominated),1,0,,Oscars - SOUND(Nominated),422538025.0,"$195,000,000"
The Mummy,,62.0,75.0,Oscars - SOUND(Nominated),1,0,,Oscars - SOUND(Nominated),422538025.0,"$80,000,000"
Runaway Bride,,46.0,52.0,,0,0,,,310138178.0,"$70,000,000"
In Dreams,Robert Downey Jr.,25.0,40.0,,0,0,,,,"$30,000,000"
Varsity Blues,,45.0,76.0,,0,0,,,54294169.0,"$16,000,000"
Simply Irresistible,,16.0,54.0,,0,0,,,,"$6,000,000"
Message in a Bottle,,32.0,66.0,,0,0,,,52880016.0,"$30,000,000"
My Favorite Martian,,12.0,31.0,,0,0,,,36850101.0,"$60,000,000"
Jawbreaker,,14.0,55.0,,0,0,,,,"$3,000,000"
Office Space,,81.0,93.0,,0,0,,,,"$10,000,000"
200 Cigarettes,,30.0,59.0,,0,0,,,,"$6,000,000"
8MM,Joaquin Phoenix,23.0,52.0,,0,0,,,96398826.0,"$40,000,000"
Lansky,,40.0,24.0,,0,0,,,,"$5,000,000"
Analyze This,Robert De Niro,69.0,62.0,"Golden Globes - Best Motion Picture - Musical or Comedy(Nominated)
Golden Globes - Best Performance by an Actor in a Motion Picture - Musical or Comedy(Nominated)",2,0,,"Golden Globes - Best Motion Picture - Musical or Comedy(Nominated)
Golden Globes - Best Performance by an Actor in a Motion Picture - Musical or Comedy(Nominated)",176885658.0,"$30,000,000"
Cruel Intentions,,53.0,80.0,,0,0,,,76238901.0,"$11,000,000"
"Lock, Stock and Two Smoking Barrels",Jason Statham,75.0,93.0,,0,0,,,28356188.0,"$1,350,000"
Baby Geniuses,,2.0,25.0,,0,0,,,27151490.0,"$13,000,000"
The Corruptor,Mark Wahlberg,48.0,43.0,,0,0,,,,"$10,000,000"
The Deep End of the Ocean,,42.0,58.0,,0,0,,,,"$40,000,000"
The Rage: Carrie 2,,23.0,33.0,,0,0,,,,"$21,000,000"
Wing Commander,,10.0,26.0,,0,0,,,,"$30,000,000"
Ravenous,,52.0,78.0,,0,0,,,,"$12,000,000"
Doug's 1st Movie,,28.0,28.0,,0,0,,,19421271.0,"$5,000,000"
EDtv,,63.0,30.0,,0,0,,,35319689.0,"$60,000,000"
10 Things I Hate About You,"Heath Ledger, Joseph Gordon-Levitt",71.0,69.0,,0,0,,,60413950.0,"$13,000,000"
Foolish,,0.0,67.0,,0,0,,,,"$1,600,000"
Life,,52.0,77.0,Oscars - MAKEUP(Nominated),1,0,,Oscars - MAKEUP(Nominated),101815660.0,"$75,000,000"
Life,,52.0,77.0,Oscars - MAKEUP(Nominated),1,0,,Oscars - MAKEUP(Nominated),101815660.0,"$58,000,000"
Election,Matthew Broderick,92.0,79.0,"Oscars - WRITING (Screenplay Based on Material Previously Produced or Published)(Nominated)
Golden Globes - Best Performance by an Actress in a Motion Picture - Musical or Comedy(Nominated)",2,0,,"Oscars - WRITING (Screenplay Based on Material Previously Produced or Published)(Nominated)
Golden Globes - Best Performance by an Actress in a Motion Picture - Musical or Comedy(Nominated)",,"$8,500,000"
eXistenZ,Willem Dafoe,75.0,69.0,,0,0,,,,"$20,700,000"
Pushing Tin,,48.0,42.0,,0,0,,,,"$33,000,000"
Entrapment,,40.0,50.0,,0,0,,,211700000.0,"$66,000,000"
Idle Hands,,16.0,58.0,,0,0,,,,"$15,000,000"
The Love Letter,,33.0,38.0,,0,0,,,,"$15,000,000"
The Loss of Sexual Innocence,,47.0,60.0,,0,0,,,,"$4,000,000"
Notting Hill,,84.0,79.0,"Golden Globes - Best Motion Picture - Musical or Comedy(Nominated)
Golden Globes - Best Performance by an Actress in a Motion Picture - Musical or Comedy(Nominated)
Golden Globes - Best Performance by an Actor in a Motion Picture - Musical or Comedy(Nominated)",3,0,,"Golden Globes - Best Motion Picture - Musical or Comedy(Nominated)
Golden Globes - Best Performance by an Actress in a Motion Picture - Musical or Comedy(Nominated)
Golden Globes - Best Performance by an Actor in a Motion Picture - Musical or Comedy(Nominated)",363713167.0,"$42,000,000"
Instinct,,26.0,67.0,,0,0,,,34105207.0,"$55,000,000"
"South Park: Bigger, Longer & Uncut","George Clooney, Winona Ryder",81.0,88.0,Oscars - MUSIC (Original Song)(Nominated),1,0,,Oscars - MUSIC (Original Song)(Nominated),52037603.0,"$21,000,000"
Wild Wild West,Will Smith,16.0,28.0,,0,0,,,221229335.0,"$175,000,000"
Summer of Sam,Adrien Brody,50.0,60.0,,0,0,,,19288130.0,"$22,000,000"
American Pie,,62.0,61.0,,0,0,,,234723148.0,"$12,000,000"
Arlington Road,,63.0,74.0,,0,0,,,24419219.0,"$21,500,000"
Muppets From Space,,63.0,58.0,,0,0,,,,"$24,000,000"
Eyes Wide Shut,Nicole Kidman,76.0,74.0,Golden Globes - Best Original Score - Motion Picture(Nominated),1,0,,Golden Globes - Best Original Score - Motion Picture(Nominated),104364755.0,"$65,000,000"
Lake Placid,Mariska Hargitay,47.0,37.0,,0,0,,,31770413.0,"$27,000,000"
The Wood,,61.0,92.0,,0,0,,,25059640.0,"$6,000,000"
Drop Dead Gorgeous,Kirsten Dunst,47.0,75.0,,0,0,,,,"$10,000,000"
Inspector Gadget,Matthew Broderick,20.0,18.0,,0,0,,,97387965.0,"$75,000,000"
Illuminata,,46.0,67.0,,0,0,,,,"$10,000,000"
The Iron Giant,,96.0,90.0,,0,0,,,31709604.0,"$50,000,000"
Mystery Men,,60.0,57.0,,0,0,,,33462011.0,"$68,000,000"
The Thomas Crown Affair,,70.0,74.0,"Oscars - MUSIC (Original Score--for a motion picture [not a musical])(Nominated)
Oscars - MUSIC (Song--Original for the Picture)(Won)
BAFTAs - Film | Anthony Asquith Award for Original Film Music in 1970(Nominated)",3,1,Oscars - MUSIC (Song--Original for the Picture)(Won),"Oscars - MUSIC (Original Score--for a motion picture [not a musical])(Nominated)
BAFTAs - Film | Anthony Asquith Award for Original Film Music in 1970(Nominated)",124304264.0,"$48,000,000"
Bowfinger,Robert Downey Jr.,81.0,61.0,,0,0,,,98699769.0,"$55,000,000"
Brokedown Palace,,31.0,66.0,,0,0,,,,"$25,000,000"
Detroit Rock City,,50.0,82.0,,0,0,,,,"$16,000,000"
Mickey Blue Eyes,,45.0,42.0,,0,0,,,53864342.0,"$40,000,000"
The 13th Warrior,,33.0,66.0,,0,0,,,61698899.0,"$125,000,000"
The Astronaut's Wife,Johnny Depp,15.0,33.0,,0,0,,,,"$34,000,000"
Dudley Do-Right,,16.0,24.0,,0,0,,,,"$22,000,000"
The Muse,,53.0,34.0,,0,0,,,,"$15,000,000"
Chill Factor,,10.0,30.0,,0,0,,,,"$34,000,000"
Outside Providence,,52.0,65.0,,0,0,,,,"$7,000,000"
Love Stinks,,19.0,63.0,,0,0,,,,"$4,000,000"
Stigmata,,22.0,63.0,,0,0,,,89441732.0,"$32,000,000"
Stir of Echoes,,68.0,70.0,,0,0,,,23059379.0,"$12,000,000"
Blue Streak,,35.0,64.0,,0,0,,,117448157.0,"$36,000,000"
Breakfast of Champions,,25.0,31.0,,0,0,,,,"$12,000,000"
For Love of the Game,,46.0,75.0,,0,0,,,46112640.0,"$50,000,000"
Jakob the Liar,,29.0,63.0,,0,0,,,,"$15,000,000"
Mumford,,58.0,65.0,,0,0,,,,"$28,700,000"
The Adventures of Elmo in Grouchland,,77.0,64.0,,0,0,,,,"$17,000,000"
American Beauty,,87.0,93.0,"Oscars - ACTOR IN A LEADING ROLE(Won)
Oscars - ACTRESS IN A LEADING ROLE(Nominated)
Oscars - CINEMATOGRAPHY(Won)
Oscars - DIRECTING(Won)
Oscars - FILM EDITING(Nominated)
Oscars - MUSIC (Original Score)(Nominated)
Oscars - BEST PICTURE(Won)
Oscars - WRITING (Screenplay Written Directly for the Screen)(Won)
Golden Globes - Best Motion Picture - Drama(Won)
Golden Globes - Best Performance by an Actress in a Motion Picture - Drama(Nominated)
Golden Globes - Best Performance by an Actor in a Motion Picture - Drama(Nominated)
Golden Globes - Best Director - Motion Picture(Won)
Golden Globes - Best Screenplay - Motion Picture(Won)
Golden Globes - Best Original Score - Motion Picture(Nominated)",14,8,"Oscars - ACTOR IN A LEADING ROLE(Won)
Oscars - CINEMATOGRAPHY(Won)
Oscars - DIRECTING(Won)
Oscars - BEST PICTURE(Won)
Oscars - WRITING (Screenplay Written Directly for the Screen)(Won)
Golden Globes - Best Motion Picture - Drama(Won)
Golden Globes - Best Director - Motion Picture(Won)
Golden Globes - Best Screenplay - Motion Picture(Won)","Oscars - ACTRESS IN A LEADING ROLE(Nominated)
Oscars - FILM EDITING(Nominated)
Oscars - MUSIC (Original Score)(Nominated)
Golden Globes - Best Performance by an Actress in a Motion Picture - Drama(Nominated)
Golden Globes - Best Performance by an Actor in a Motion Picture - Drama(Nominated)
Golden Globes - Best Original Score - Motion Picture(Nominated)",356258047.0,"$15,000,000"
Drive Me Crazy,,29.0,53.0,,0,0,,,22591451.0,"$8,000,000"
"Mystery, Alaska",Mike Myers,37.0,66.0,,0,0,,,,"$28,000,000"
Three Kings,"George Clooney, Mark Wahlberg",94.0,77.0,,0,0,,,107752036.0,"$48,000,000"
The Limey,,92.0,78.0,,0,0,,,,"$10,000,000"
Random Hearts,Harrison Ford,18.0,24.0,,0,0,,,63200000.0,"$64,000,000"
Fight Club,"Brad Pitt, Edward Norton",80.0,96.0,Oscars - SOUND EFFECTS EDITING(Nominated),1,0,,Oscars - SOUND EFFECTS EDITING(Nominated),100820947.0,"$65,000,000"
The Omega Code,,8.0,31.0,,0,0,,,,"$7,200,000"
The Story of Us,,26.0,58.0,,0,0,,,27100030.0,"$50,000,000"
The Straight Story,,95.0,91.0,"Oscars - ACTOR IN A LEADING ROLE(Nominated)
Golden Globes - Best Performance by an Actor in a Motion Picture - Drama(Nominated)
Golden Globes - Best Original Score - Motion Picture(Nominated)",3,0,,"Oscars - ACTOR IN A LEADING ROLE(Nominated)
Golden Globes - Best Performance by an Actor in a Motion Picture - Drama(Nominated)
Golden Globes - Best Original Score - Motion Picture(Nominated)",,"$10,000,000"
Bats,,17.0,14.0,,0,0,,,,"$6,500,000"
The Best Man,,72.0,86.0,Oscars - ACTOR IN A SUPPORTING ROLE(Nominated),1,0,,Oscars - ACTOR IN A SUPPORTING ROLE(Nominated),34572780.0,"$9,000,000"
Boys Don't Cry,,90.0,87.0,"Oscars - ACTRESS IN A LEADING ROLE(Won)
Oscars - ACTRESS IN A SUPPORTING ROLE(Nominated)
Golden Globes - Best Performance by an Actress in a Motion Picture - Drama(Won)
Golden Globes - Best Performance by an Actress in a Supporting Role in any Motion Picture(Nominated)",4,2,"Oscars - ACTRESS IN A LEADING ROLE(Won)
Golden Globes - Best Performance by an Actress in a Motion Picture - Drama(Won)","Oscars - ACTRESS IN A SUPPORTING ROLE(Nominated)
Golden Globes - Best Performance by an Actress in a Supporting Role in any Motion Picture(Nominated)",20741000.0,"$2,000,000"
Crazy in Alabama,,30.0,64.0,,0,0,,,,"$15,000,000"
Molly,,14.0,52.0,,0,0,,,,"$21,000,000"
Three to Tango,,29.0,48.0,,0,0,,,,"$20,000,000"
Being John Malkovich,"Brad Pitt, Winona Ryder, Cameron Diaz",94.0,87.0,"Oscars - ACTRESS IN A SUPPORTING ROLE(Nominated)
Oscars - DIRECTING(Nominated)
Oscars - WRITING (Screenplay Written Directly for the Screen)(Nominated)
Golden Globes - Best Motion Picture - Musical or Comedy(Nominated)
Golden Globes - Best Performance by an Actress in a Supporting Role in any Motion Picture(Nominated)
Golden Globes - Best Performance by an Actress in a Supporting Role in any Motion Picture(Nominated)
Golden Globes - Best Screenplay - Motion Picture(Nominated)",7,0,,"Oscars - ACTRESS IN A SUPPORTING ROLE(Nominated)
Oscars - DIRECTING(Nominated)
Oscars - WRITING (Screenplay Written Directly for the Screen)(Nominated)
Golden Globes - Best Motion Picture - Musical or Comedy(Nominated)
Golden Globes - Best Performance by an Actress in a Supporting Role in any Motion Picture(Nominated)
Golden Globes - Best Performance by an Actress in a Supporting Role in any Motion Picture(Nominated)
Golden Globes - Best Screenplay - Motion Picture(Nominated)",32382381.0,"$13,000,000"
House on Haunted Hill,,79.0,73.0,,0,0,,,65090541.0,"$19,000,000"
The Bone Collector,Denzel Washington,29.0,63.0,,0,0,,,151463090.0,"$48,000,000"
The Insider,Al Pacino,96.0,90.0,"Oscars - ACTOR IN A LEADING ROLE(Nominated)
Oscars - CINEMATOGRAPHY(Nominated)
Oscars - DIRECTING(Nominated)
Oscars - FILM EDITING(Nominated)
Oscars - BEST PICTURE(Nominated)
Oscars - SOUND(Nominated)
Oscars - WRITING (Screenplay Based on Material Previously Produced or Published)(Nominated)
Golden Globes - Best Motion Picture - Drama(Nominated)
Golden Globes - Best Performance by an Actor in a Motion Picture - Drama(Nominated)
Golden Globes - Best Director - Motion Picture(Nominated)
Golden Globes - Best Screenplay - Motion Picture(Nominated)
Golden Globes - Best Original Score - Motion Picture(Nominated)",12,0,,"Oscars - ACTOR IN A LEADING ROLE(Nominated)
Oscars - CINEMATOGRAPHY(Nominated)
Oscars - DIRECTING(Nominated)
Oscars - FILM EDITING(Nominated)
Oscars - BEST PICTURE(Nominated)
Oscars - SOUND(Nominated)
Oscars - WRITING (Screenplay Based on Material Previously Produced or Published)(Nominated)
Golden Globes - Best Motion Picture - Drama(Nominated)
Golden Globes - Best Performance by an Actor in a Motion Picture - Drama(Nominated)
Golden Globes - Best Director - Motion Picture(Nominated)
Golden Globes - Best Screenplay - Motion Picture(Nominated)
Golden Globes - Best Original Score - Motion Picture(Nominated)",60265197.0,"$68,000,000"
Light It Up,,39.0,75.0,,0,0,,,,"$13,000,000"
Dogma,Matt Damon,68.0,85.0,,0,0,,,43948865.0,"$10,000,000"
Felicia's Journey,,88.0,71.0,,0,0,,,,"$15,000,000"
The Messenger: The Story of Joan of Arc,,32.0,58.0,,0,0,,,,"$50,000,000"
Sleepy Hollow,,70.0,80.0,"Oscars - ART DIRECTION(Won)
Oscars - CINEMATOGRAPHY(Nominated)
Oscars - COSTUME DESIGN(Nominated)",3,1,Oscars - ART DIRECTION(Won),"Oscars - CINEMATOGRAPHY(Nominated)
Oscars - COSTUME DESIGN(Nominated)",207068340.0,"$70,000,000"
End of Days,,11.0,33.0,,0,0,,,212026975.0,"$100,000,000"
Flawless,Robert De Niro,40.0,54.0,,0,0,,,,"$27,000,000"
Cradle Will Rock,,65.0,71.0,,0,0,,,,"$32,000,000"
Deuce Bigalow: Male Gigolo,Amy Poehler,22.0,42.0,,0,0,,,92935067.0,"$18,000,000"
The Green Mile,Tom Hanks,79.0,94.0,"Oscars - ACTOR IN A SUPPORTING ROLE(Nominated)
Oscars - BEST PICTURE(Nominated)
Oscars - SOUND(Nominated)
Oscars - WRITING (Screenplay Based on Material Previously Produced or Published)(Nominated)",4,0,,"Oscars - ACTOR IN A SUPPORTING ROLE(Nominated)
Oscars - BEST PICTURE(Nominated)
Oscars - SOUND(Nominated)
Oscars - WRITING (Screenplay Based on Material Previously Produced or Published)(Nominated)",290701374.0,"$60,000,000"
Bicentennial Man,,37.0,59.0,Oscars - MAKEUP(Nominated),1,0,,Oscars - MAKEUP(Nominated),87420776.0,"$90,000,000"
Fantasia 2000,,80.0,75.0,,0,0,,,60518248.0,"$80,000,000"
Magnolia,,82.0,89.0,"Oscars - ACTOR IN A SUPPORTING ROLE(Nominated)
Oscars - MUSIC (Original Song)(Nominated)
Oscars - WRITING (Screenplay Written Directly for the Screen)(Nominated)
Golden Globes - Best Performance by an Actor in a Supporting Role in any Motion Picture(Won)
Golden Globes - Best Original Song - Motion Picture(Nominated)",5,1,Golden Globes - Best Performance by an Actor in a Supporting Role in any Motion Picture(Won),"Oscars - ACTOR IN A SUPPORTING ROLE(Nominated)
Oscars - MUSIC (Original Song)(Nominated)
Oscars - WRITING (Screenplay Written Directly for the Screen)(Nominated)
Golden Globes - Best Original Song - Motion Picture(Nominated)",48446802.0,"$37,000,000"
Stuart Little,,67.0,41.0,Oscars - VISUAL EFFECTS(Nominated),1,0,,Oscars - VISUAL EFFECTS(Nominated),298815224.0,"$105,000,000"
"Girl, Interrupted",Winona Ryder,53.0,84.0,"Oscars - ACTRESS IN A SUPPORTING ROLE(Won)
Golden Globes - Best Performance by an Actress in a Supporting Role in any Motion Picture(Won)",2,2,"Oscars - ACTRESS IN A SUPPORTING ROLE(Won)
Golden Globes - Best Performance by an Actress in a Supporting Role in any Motion Picture(Won)",,48308749.0,"$24,000,000"
Any Given Sunday,"Al Pacino, Cameron Diaz",52.0,73.0,,0,0,,,100230832.0,"$60,000,000"
Snow Falling on Cedars,,39.0,67.0,Oscars - CINEMATOGRAPHY(Nominated),1,0,,Oscars - CINEMATOGRAPHY(Nominated),,"$36,000,000"
The Big Tease,,56.0,54.0,,0,0,,,,"$4,000,000"
Angela's Ashes,,52.0,81.0,"Oscars - MUSIC (Original Score)(Nominated)
Golden Globes - Best Original Score - Motion Picture(Nominated)",2,0,,"Oscars - MUSIC (Original Score)(Nominated)
Golden Globes - Best Original Score - Motion Picture(Nominated)",,"$25,000,000"
Galaxy Quest,Sigourney Weaver,90.0,79.0,,0,0,,,90523726.0,"$45,000,000"
The Talented Mr. Ripley,Matt Damon,85.0,80.0,"Oscars - ACTOR IN A SUPPORTING ROLE(Nominated)
Oscars - ART DIRECTION(Nominated)
Oscars - COSTUME DESIGN(Nominated)
Oscars - MUSIC (Original Score)(Nominated)
Oscars - WRITING (Screenplay Based on Material Previously Produced or Published)(Nominated)
Golden Globes - Best Motion Picture - Drama(Nominated)
Golden Globes - Best Performance by an Actor in a Motion Picture - Drama(Nominated)
Golden Globes - Best Performance by an Actor in a Supporting Role in any Motion Picture(Nominated)
Golden Globes - Best Director - Motion Picture(Nominated)
Golden Globes - Best Original Score - Motion Picture(Nominated)",10,0,,"Oscars - ACTOR IN A SUPPORTING ROLE(Nominated)
Oscars - ART DIRECTION(Nominated)
Oscars - COSTUME DESIGN(Nominated)
Oscars - MUSIC (Original Score)(Nominated)
Oscars - WRITING (Screenplay Based on Material Previously Produced or Published)(Nominated)
Golden Globes - Best Motion Picture - Drama(Nominated)
Golden Globes - Best Performance by an Actor in a Motion Picture - Drama(Nominated)
Golden Globes - Best Performance by an Actor in a Supporting Role in any Motion Picture(Nominated)
Golden Globes - Best Director - Motion Picture(Nominated)
Golden Globes - Best Original Score - Motion Picture(Nominated)",128792130.0,"$40,000,000"
How the Grinch Stole Christmas,,49.0,58.0,,0,0,,,347522208.0,"$123,000,000"
Cast Away,Tom Hanks,89.0,84.0,"Oscars - ACTOR IN A LEADING ROLE(Nominated)
Oscars - SOUND(Nominated)
Golden Globes - Best Performance by an Actor in a Motion Picture - Drama(Won)",3,1,Golden Globes - Best Performance by an Actor in a Motion Picture - Drama(Won),"Oscars - ACTOR IN A LEADING ROLE(Nominated)
Oscars - SOUND(Nominated)",427230516.0,"$85,000,000"
What Women Want,,54.0,54.0,Golden Globes - Best Performance by an Actor in a Motion Picture - Musical or Comedy(Nominated),1,0,,Golden Globes - Best Performance by an Actor in a Motion Picture - Musical or Comedy(Nominated),374105123.0,"$65,000,000"
The Perfect Storm,"George Clooney, Mark Wahlberg",46.0,63.0,"Oscars - SOUND(Nominated)
Oscars - VISUAL EFFECTS(Nominated)
BAFTAs - Film | Sound in 2001(Nominated)",3,0,,"Oscars - SOUND(Nominated)
Oscars - VISUAL EFFECTS(Nominated)
BAFTAs - Film | Sound in 2001(Nominated)",328711434.0,"$120,000,000"
Meet the Parents,Robert De Niro,85.0,79.0,Oscars - MUSIC (Original Song)(Nominated),1,0,,Oscars - MUSIC (Original Song)(Nominated),330425040.0,"$55,000,000"
X-Men,"Hugh Jackman, Ian McKellen",82.0,83.0,,0,0,,,296872367.0,"$75,000,000"
Scary Movie,,51.0,43.0,,0,0,,,277200000.0,"$19,000,000"
What Lies Beneath,Harrison Ford,47.0,58.0,,0,0,,,288693989.0,"$90,000,000"
Next Friday,,21.0,76.0,,0,0,,,59675307.0,"$9,500,000"
The Boondock Saints,Willem Dafoe,26.0,91.0,,0,0,,,,"$7,000,000"
Down to You,,3.0,48.0,,0,0,,,20035310.0,"$9,000,000"
Isn't She Great,,24.0,37.0,,0,0,,,,"$36,000,000"
Gun Shy,Liam Neeson,26.0,36.0,,0,0,,,,"$10,000,000"
Scream 3,Carrie Fisher,41.0,38.0,,0,0,,,161838076.0,"$40,000,000"
The Beach,Leonardo DiCaprio,21.0,57.0,,0,0,,,39778599.0,"$50,000,000"
Snow Day,,29.0,27.0,,0,0,,,62452927.0,"$13,000,000"
The Tigger Movie,,62.0,62.0,,0,0,,,96147688.0,"$20,000,000"
Hanging Up,,12.0,34.0,,0,0,,,51867723.0,"$40,000,000"
Pitch Black,,60.0,77.0,,0,0,,,53182088.0,"$23,000,000"
The Whole Nine Yards,,43.0,64.0,,0,0,,,85527867.0,"$24,000,000"
Wonder Boys,"Robert Downey Jr., Tobey Maguire",81.0,83.0,"Oscars - FILM EDITING(Nominated)
Oscars - MUSIC (Original Song)(Won)
Oscars - WRITING (Screenplay Based on Material Previously Produced or Published)(Nominated)
BAFTAs - Film | Adapted Screenplay in 2001(Nominated)
Golden Globes - Best Motion Picture - Drama(Nominated)
Golden Globes - Best Performance by an Actor in a Motion Picture - Drama(Nominated)
Golden Globes - Best Screenplay - Motion Picture(Nominated)
Golden Globes - Best Original Song - Motion Picture(Won)",8,2,"Oscars - MUSIC (Original Song)(Won)
Golden Globes - Best Original Song - Motion Picture(Won)","Oscars - FILM EDITING(Nominated)
Oscars - WRITING (Screenplay Based on Material Previously Produced or Published)(Nominated)
BAFTAs - Film | Adapted Screenplay in 2001(Nominated)
Golden Globes - Best Motion Picture - Drama(Nominated)
Golden Globes - Best Performance by an Actor in a Motion Picture - Drama(Nominated)
Golden Globes - Best Screenplay - Motion Picture(Nominated)",33422485.0,"$35,000,000"
Reindeer Games,,25.0,27.0,,0,0,,,23360779.0,"$36,000,000"
3 Strikes,,0.0,67.0,,0,0,,,,"$4,000,000"
Drowning Mona,,29.0,47.0,,0,0,,,,"$16,000,000"
My Dog Skip,,73.0,68.0,,0,0,,,35795319.0,"$7,000,000"
The Next Best Thing,,19.0,35.0,,0,0,,,24355762.0,"$25,000,000"
Mission to Mars,,24.0,30.0,,0,0,,,106000000.0,"$90,000,000"
The Ninth Gate,Johnny Depp,43.0,58.0,,0,0,,,58394308.0,"$38,000,000"
Erin Brockovich,,85.0,81.0,"Oscars - ACTOR IN A SUPPORTING ROLE(Nominated)
Oscars - ACTRESS IN A LEADING ROLE(Won)
Oscars - DIRECTING(Nominated)
Oscars - BEST PICTURE(Nominated)
Oscars - WRITING (Screenplay Written Directly for the Screen)(Nominated)
BAFTAs - Film | David Lean Award for Achievement in Direction in 2001(Nominated)
BAFTAs - Film | Editing in 2001(Nominated)
BAFTAs - Film | Film in 2001(Nominated)
BAFTAs - Film | Original Screenplay in 2001(Nominated)
Golden Globes - Best Motion Picture - Drama(Nominated)
Golden Globes - Best Performance by an Actress in a Motion Picture - Drama(Won)
Golden Globes - Best Performance by an Actor in a Supporting Role in any Motion Picture(Nominated)
Golden Globes - Best Director - Motion Picture(Nominated)",13,2,"Oscars - ACTRESS IN A LEADING ROLE(Won)
Golden Globes - Best Performance by an Actress in a Motion Picture - Drama(Won)","Oscars - ACTOR IN A SUPPORTING ROLE(Nominated)
Oscars - DIRECTING(Nominated)
Oscars - BEST PICTURE(Nominated)
Oscars - WRITING (Screenplay Written Directly for the Screen)(Nominated)
BAFTAs - Film | David Lean Award for Achievement in Direction in 2001(Nominated)
BAFTAs - Film | Editing in 2001(Nominated)
BAFTAs - Film | Film in 2001(Nominated)
BAFTAs - Film | Original Screenplay in 2001(Nominated)
Golden Globes - Best Motion Picture - Drama(Nominated)
Golden Globes - Best Performance by an Actor in a Supporting Role in any Motion Picture(Nominated)
Golden Globes - Best Director - Motion Picture(Nominated)",257805243.0,"$50,000,000"
Final Destination,,36.0,68.0,,0,0,,,112036870.0,"$23,000,000"
Romeo Must Die,,32.0,61.0,,0,0,,,91036760.0,"$25,000,000"
Ghost Dog: The Way of the Samurai,,84.0,86.0,,0,0,,,,"$2,000,000"
Here on Earth,,17.0,60.0,,0,0,,,,"$15,000,000"
The Road to El Dorado,,49.0,66.0,,0,0,,,65700000.0,"$95,000,000"
The Skulls,,9.0,43.0,,0,0,,,35007180.0,"$15,000,000"
Ready to Rumble,John Cena,23.0,52.0,,0,0,,,,"$24,000,000"
Return to Me,,62.0,80.0,,0,0,,,32662299.0,"$24,000,000"
Rules of Engagement,,37.0,55.0,,0,0,,,71719931.0,"$60,000,000"
28 Days,Viggo Mortensen,33.0,50.0,,0,0,,,62063972.0,"$43,000,000"
American Psycho,"Christian Bale, Willem Dafoe",68.0,85.0,,0,0,,,34270285.0,"$8,000,000"
Keeping the Faith,Edward Norton,69.0,59.0,,0,0,,,45336404.0,"$29,000,000"
Gossip,,28.0,47.0,,0,0,,,,"$14,000,000"
Love & Basketball,,85.0,95.0,,0,0,,,27709625.0,"$15,000,000"
U-571,,68.0,62.0,"Oscars - SOUND(Nominated)
Oscars - SOUND EDITING(Won)",2,1,Oscars - SOUND EDITING(Won),Oscars - SOUND(Nominated),127630030.0,"$62,000,000"
The Virgin Suicides,Kirsten Dunst,80.0,81.0,,0,0,,,,"$6,000,000"
The Flintstones in Viva Rock Vegas,,25.0,20.0,,0,0,,,59431365.0,"$58,000,000"
Frequency,Michael Cera,70.0,81.0,Golden Globes - Best Original Song - Motion Picture(Nominated),1,0,,Golden Globes - Best Original Song - Motion Picture(Nominated),68079671.0,"$31,000,000"
I Dreamed of Africa,,10.0,56.0,,0,0,,,,"$34,000,000"
Center Stage,,41.0,82.0,,0,0,,,21361109.0,"$18,000,000"
Held Up,,17.0,42.0,,0,0,,,,"$8,000,000"
Small Time Crooks,,66.0,57.0,Golden Globes - Best Performance by an Actress in a Motion Picture - Musical or Comedy(Nominated),1,0,,Golden Globes - Best Performance by an Actress in a Motion Picture - Musical or Comedy(Nominated),29934477.0,"$18,000,000"
Shanghai Noon,,80.0,65.0,,0,0,,,71189835.0,"$55,000,000"
Big Momma's House,,30.0,57.0,,0,0,,,173559438.0,"$33,000,000"
Sunshine,Chris Evans,77.0,73.0,"Golden Globes - Best Motion Picture - Drama(Nominated)
Golden Globes - Best Director - Motion Picture(Nominated)
Golden Globes - Best Original Score - Motion Picture(Nominated)",3,0,,"Golden Globes - Best Motion Picture - Drama(Nominated)
Golden Globes - Best Director - Motion Picture(Nominated)
Golden Globes - Best Original Score - Motion Picture(Nominated)",32030610.0,"$40,000,000"
Boys and Girls,,11.0,50.0,Oscars - SHORT FILM (Live Action)(Won),1,1,Oscars - SHORT FILM (Live Action)(Won),,21799652.0,"$16,000,000"
Jesus' Son,,79.0,83.0,,0,0,,,,"$2,500,000"
Titan A.E.,Matt Damon,50.0,61.0,,0,0,,,36751979.0,"$75,000,000"
Chicken Run,,97.0,65.0,"BAFTAs - Film | Alexander Korda Award for the outstanding British Film of the Year in 2001(Nominated)
Golden Globes - Best Motion Picture - Musical or Comedy(Nominated)",2,0,,"BAFTAs - Film | Alexander Korda Award for the outstanding British Film of the Year in 2001(Nominated)
Golden Globes - Best Motion Picture - Musical or Comedy(Nominated)",227793915.0,"$42,000,000"
"Me, Myself & Irene",,48.0,57.0,,0,0,,,149270999.0,"$51,000,000"
But I'm a Cheerleader,,43.0,75.0,,0,0,,,,"$1,200,000"
Thomas and the Magic Railroad,,21.0,42.0,,0,0,,,,"$19,000,000"
Nutty Professor II: The Klumps,,27.0,33.0,,0,0,,,166307945.0,"$84,000,000"
Wonderland,Carrie Fisher,34.0,65.0,,0,0,,,,"$5,500,000"
Coyote Ugly,,23.0,71.0,,0,0,,,113916474.0,"$45,000,000"
Hollow Man,,26.0,28.0,Oscars - VISUAL EFFECTS(Nominated),1,0,,Oscars - VISUAL EFFECTS(Nominated),191200000.0,"$90,000,000"
Space Cowboys,,78.0,53.0,Oscars - SOUND EDITING(Nominated),1,0,,Oscars - SOUND EDITING(Nominated),128874043.0,"$65,000,000"
Autumn in New York,Winona Ryder,20.0,53.0,,0,0,,,90717684.0,"$40,000,000"
Bless the Child,,4.0,43.0,,0,0,,,40435694.0,"$40,000,000"
Cecil B. Demented,,52.0,67.0,,0,0,,,,"$10,000,000"
The Replacements,,41.0,66.0,,0,0,,,50054511.0,"$50,000,000"
The Original Kings of Comedy,,83.0,79.0,,0,0,,,38236338.0,"$3,000,000"
Highlander: Endgame,,11.0,38.0,,0,0,,,,"$15,000,000"
Whipped,,13.0,32.0,,0,0,,,,"$3,000,000"
Nurse Betty,,83.0,45.0,Golden Globes - Best Performance by an Actress in a Motion Picture - Musical or Comedy(Won),1,1,Golden Globes - Best Performance by an Actress in a Motion Picture - Musical or Comedy(Won),,27732366.0,"$24,000,000"
The Watcher,,11.0,28.0,,0,0,,,47267829.0,"$33,000,000"
The Way of the Gun,,46.0,70.0,,0,0,,,,"$9,000,000"
Almost Famous,,91.0,92.0,"Oscars - ACTRESS IN A SUPPORTING ROLE(Nominated)
Oscars - ACTRESS IN A SUPPORTING ROLE(Nominated)
Oscars - FILM EDITING(Nominated)
Oscars - WRITING (Screenplay Written Directly for the Screen)(Won)
BAFTAs - Film | Anthony Asquith Award for Original Film Music in 2001(Nominated)
BAFTAs - Film | Film in 2001(Nominated)
BAFTAs - Film | Original Screenplay in 2001(Won)
BAFTAs - Film | Sound in 2001(Won)
Golden Globes - Best Motion Picture - Musical or Comedy(Won)
Golden Globes - Best Performance by an Actress in a Supporting Role in any Motion Picture(Won)
Golden Globes - Best Performance by an Actress in a Supporting Role in any Motion Picture(Nominated)
Golden Globes - Best Screenplay - Motion Picture(Nominated)",12,5,"Oscars - WRITING (Screenplay Written Directly for the Screen)(Won)
BAFTAs - Film | Original Screenplay in 2001(Won)
BAFTAs - Film | Sound in 2001(Won)
Golden Globes - Best Motion Picture - Musical or Comedy(Won)
Golden Globes - Best Performance by an Actress in a Supporting Role in any Motion Picture(Won)","Oscars - ACTRESS IN A SUPPORTING ROLE(Nominated)
Oscars - ACTRESS IN A SUPPORTING ROLE(Nominated)
Oscars - FILM EDITING(Nominated)
BAFTAs - Film | Anthony Asquith Award for Original Film Music in 2001(Nominated)
BAFTAs - Film | Film in 2001(Nominated)
Golden Globes - Best Performance by an Actress in a Supporting Role in any Motion Picture(Nominated)
Golden Globes - Best Screenplay - Motion Picture(Nominated)",47371191.0,"$60,000,000"
Urban Legends: Final Cut,,10.0,20.0,,0,0,,,38574362.0,"$15,000,000"
Woman on Top,,35.0,42.0,,0,0,,,,"$8,000,000"
Best in Show,,93.0,88.0,Golden Globes - Best Motion Picture - Musical or Comedy(Nominated),1,0,,Golden Globes - Best Motion Picture - Musical or Comedy(Nominated),20695413.0,"$6,000,000"
Remember the Titans,"Denzel Washington, Ryan Gosling",71.0,93.0,,0,0,,,136771683.0,"$30,000,000"
Bamboozled,,53.0,74.0,,0,0,,,,"$10,000,000"
Dancer in the Dark,,70.0,91.0,Oscars - MUSIC (Original Song)(Nominated),1,0,,Oscars - MUSIC (Original Song)(Nominated),45556774.0,"$12,500,000"
Digimon: The Movie,,24.0,66.0,,0,0,,,,"$5,000,000"
Billy Elliot,,85.0,89.0,"Oscars - ACTRESS IN A SUPPORTING ROLE(Nominated)
Oscars - DIRECTING(Nominated)
Oscars - WRITING (Screenplay Written Directly for the Screen)(Nominated)
BAFTAs - Film | Alexander Korda Award for the outstanding British Film of the Year in 2001(Won)
BAFTAs - Film | Anthony Asquith Award for Original Film Music in 2001(Nominated)
BAFTAs - Film | Cinematography in 2001(Nominated)
BAFTAs - Film | David Lean Award for Achievement in Direction in 2001(Nominated)
BAFTAs - Film | Editing in 2001(Nominated)
BAFTAs - Film | Film in 2001(Nominated)
BAFTAs - Film | Original Screenplay in 2001(Nominated)
BAFTAs - Film | Sound in 2001(Nominated)
Golden Globes - Best Motion Picture - Drama(Nominated)
Golden Globes - Best Performance by an Actress in a Supporting Role in any Motion Picture(Nominated)",13,1,BAFTAs - Film | Alexander Korda Award for the outstanding British Film of the Year in 2001(Won),"Oscars - ACTRESS IN A SUPPORTING ROLE(Nominated)
Oscars - DIRECTING(Nominated)
Oscars - WRITING (Screenplay Written Directly for the Screen)(Nominated)
BAFTAs - Film | Anthony Asquith Award for Original Film Music in 2001(Nominated)
BAFTAs - Film | Cinematography in 2001(Nominated)
BAFTAs - Film | David Lean Award for Achievement in Direction in 2001(Nominated)
BAFTAs - Film | Editing in 2001(Nominated)
BAFTAs - Film | Film in 2001(Nominated)
BAFTAs - Film | Original Screenplay in 2001(Nominated)
BAFTAs - Film | Sound in 2001(Nominated)
Golden Globes - Best Motion Picture - Drama(Nominated)
Golden Globes - Best Performance by an Actress in a Supporting Role in any Motion Picture(Nominated)",109252972.0,"$5,000,000"
The Yards,"Mark Wahlberg, Joaquin Phoenix",64.0,51.0,,0,0,,,,"$20,000,000"
Book of Shadows: Blair Witch 2,,14.0,18.0,,0,0,,,47721314.0,"$15,000,000"
The Little Vampire,,55.0,55.0,,0,0,,,,"$22,000,000"
Lucky Numbers,,23.0,19.0,,0,0,,,,"$65,000,000"
Requiem for a Dream,,78.0,93.0,Oscars - ACTRESS IN A LEADING ROLE(Nominated),1,0,,Oscars - ACTRESS IN A LEADING ROLE(Nominated),,"$4,500,000"
Charlie's Angels,Cameron Diaz,68.0,45.0,"Golden Globes - Best Television Series - Drama(Nominated)
Golden Globes - Best Performance by an Actress In A Television Series - Drama(Nominated)
Golden Globes - Best Performance by an Actress In A Television Series - Drama(Nominated)
Golden Globes - Best Television Series - Drama(Nominated)
Golden Globes - Best Performance by an Actress In A Television Series - Drama(Nominated)
Golden Globes - Best Performance by an Actress In A Television Series - Drama(Nominated)
Golden Globes - Best Performance by an Actor in a Supporting Role in a Series, Limited Series or Motion Picture Made for Television(Nominated)",7,0,,"Golden Globes - Best Television Series - Drama(Nominated)
Golden Globes - Best Performance by an Actress In A Television Series - Drama(Nominated)
Golden Globes - Best Performance by an Actress In A Television Series - Drama(Nominated)
Golden Globes - Best Television Series - Drama(Nominated)
Golden Globes - Best Performance by an Actress In A Television Series - Drama(Nominated)
Golden Globes - Best Performance by an Actress In A Television Series - Drama(Nominated)
Golden Globes - Best Performance by an Actor in a Supporting Role in a Series, Limited Series or Motion Picture Made for Television(Nominated)",259736090.0,"$90,000,000"
The Legend of Bagger Vance,"Will Smith, Matt Damon",43.0,65.0,,0,0,,,39235486.0,"$60,000,000"
Little Nicky,Adam Sandler,22.0,55.0,,0,0,,,58270391.0,"$80,000,000"
Men of Honor,Robert De Niro,42.0,81.0,,0,0,,,82339483.0,"$32,000,000"
Red Planet,Carrie-Anne Moss,14.0,28.0,,0,0,,,33463969.0,"$80,000,000"
You Can Count on Me,"Mark Ruffalo, Matthew Broderick",95.0,88.0,"Oscars - ACTRESS IN A LEADING ROLE(Nominated)
Oscars - WRITING (Screenplay Written Directly for the Screen)(Nominated)",2,0,,"Oscars - ACTRESS IN A LEADING ROLE(Nominated)
Oscars - WRITING (Screenplay Written Directly for the Screen)(Nominated)",,"$1,200,000"
The 6th Day,,40.0,33.0,,0,0,,,96024898.0,"$82,000,000"
Bounce,,53.0,33.0,,0,0,,,53425292.0,"$35,000,000"
102 Dalmatians,,30.0,32.0,Oscars - COSTUME DESIGN(Nominated),1,0,,Oscars - COSTUME DESIGN(Nominated),66941559.0,"$85,000,000"
Quills,"Joaquin Phoenix, Michael Caine",75.0,83.0,"Oscars - ACTOR IN A LEADING ROLE(Nominated)
Oscars - ART DIRECTION(Nominated)
Oscars - COSTUME DESIGN(Nominated)
BAFTAs - Film | Costume Design in 2001(Nominated)
BAFTAs - Film | Make-Up And Hair in 2001(Nominated)
BAFTAs - Film | Production Design in 2001(Nominated)
Golden Globes - Best Performance by an Actor in a Motion Picture - Drama(Nominated)
Golden Globes - Best Screenplay - Motion Picture(Nominated)",8,0,,"Oscars - ACTOR IN A LEADING ROLE(Nominated)
Oscars - ART DIRECTION(Nominated)
Oscars - COSTUME DESIGN(Nominated)
BAFTAs - Film | Costume Design in 2001(Nominated)
BAFTAs - Film | Make-Up And Hair in 2001(Nominated)
BAFTAs - Film | Production Design in 2001(Nominated)
Golden Globes - Best Performance by an Actor in a Motion Picture - Drama(Nominated)
Golden Globes - Best Screenplay - Motion Picture(Nominated)",,"$13,500,000"
Unbreakable,Samuel L. Jackson,70.0,77.0,,0,0,,,248099143.0,"$73,243,106"
Snatch,"Brad Pitt, Jason Statham",74.0,93.0,,0,0,,,83593107.0,"$10,000,000"
Proof of Life,,39.0,43.0,,0,0,,,62761005.0,"$65,000,000"
Vertical Limit,,49.0,41.0,,0,0,,,213500000.0,"$75,000,000"
Chocolat,"Johnny Depp, Carrie-Anne Moss",63.0,83.0,"Oscars - ACTRESS IN A LEADING ROLE(Nominated)
Oscars - ACTRESS IN A SUPPORTING ROLE(Nominated)
Oscars - MUSIC (Original Score)(Nominated)
Oscars - BEST PICTURE(Nominated)
Oscars - WRITING (Screenplay Based on Material Previously Produced or Published)(Nominated)
BAFTAs - Film | Adapted Screenplay in 2001(Nominated)
BAFTAs - Film | Cinematography in 2001(Nominated)
BAFTAs - Film | Costume Design in 2001(Nominated)
BAFTAs - Film | Make-Up And Hair in 2001(Nominated)
BAFTAs - Film | Production Design in 2001(Nominated)
Golden Globes - Best Motion Picture - Musical or Comedy(Nominated)
Golden Globes - Best Performance by an Actress in a Motion Picture - Musical or Comedy(Nominated)
Golden Globes - Best Performance by an Actress in a Supporting Role in any Motion Picture(Nominated)
Golden Globes - Best Original Score - Motion Picture(Nominated)",14,0,,"Oscars - ACTRESS IN A LEADING ROLE(Nominated)
Oscars - ACTRESS IN A SUPPORTING ROLE(Nominated)
Oscars - MUSIC (Original Score)(Nominated)
Oscars - BEST PICTURE(Nominated)
Oscars - WRITING (Screenplay Based on Material Previously Produced or Published)(Nominated)
BAFTAs - Film | Adapted Screenplay in 2001(Nominated)
BAFTAs - Film | Cinematography in 2001(Nominated)
BAFTAs - Film | Costume Design in 2001(Nominated)
BAFTAs - Film | Make-Up And Hair in 2001(Nominated)
BAFTAs - Film | Production Design in 2001(Nominated)
Golden Globes - Best Motion Picture - Musical or Comedy(Nominated)
Golden Globes - Best Performance by an Actress in a Motion Picture - Musical or Comedy(Nominated)
Golden Globes - Best Performance by an Actress in a Supporting Role in any Motion Picture(Nominated)
Golden Globes - Best Original Score - Motion Picture(Nominated)",152500343.0,"$25,000,000"
"Dude, Where's My Car?",,16.0,47.0,,0,0,,,73180297.0,"$13,000,000"
The Emperor's New Groove,,86.0,84.0,"Oscars - MUSIC (Original Song)(Nominated)
Golden Globes - Best Original Song - Motion Picture(Nominated)",2,0,,"Oscars - MUSIC (Original Song)(Nominated)
Golden Globes - Best Original Song - Motion Picture(Nominated)",169630573.0,"$100,000,000"
Pollock,,79.0,74.0,"Oscars - ACTOR IN A LEADING ROLE(Nominated)
Oscars - ACTRESS IN A SUPPORTING ROLE(Won)",2,1,Oscars - ACTRESS IN A SUPPORTING ROLE(Won),Oscars - ACTOR IN A LEADING ROLE(Nominated),,"$6,000,000"
Finding Forrester,Matt Damon,74.0,79.0,,0,0,,,80013623.0,"$43,000,000"
The Family Man,,53.0,67.0,,0,0,,,124715863.0,"$60,000,000"
The House of Mirth,,82.0,72.0,,0,0,,,,"$10,000,000"
Miss Congeniality,Michael Caine,41.0,69.0,"Golden Globes - Best Performance by an Actress in a Motion Picture - Musical or Comedy(Nominated)
Golden Globes - Best Original Song - Motion Picture(Nominated)",2,0,,"Golden Globes - Best Performance by an Actress in a Motion Picture - Musical or Comedy(Nominated)
Golden Globes - Best Original Song - Motion Picture(Nominated)",213420951.0,"$45,000,000"
"O Brother, Where Art Thou?",George Clooney,78.0,89.0,"Oscars - CINEMATOGRAPHY(Nominated)
Oscars - WRITING (Screenplay Based on Material Previously Produced or Published)(Nominated)
Golden Globes - Best Motion Picture - Musical or Comedy(Nominated)
Golden Globes - Best Performance by an Actor in a Motion Picture - Musical or Comedy(Won)",4,1,Golden Globes - Best Performance by an Actor in a Motion Picture - Musical or Comedy(Won),"Oscars - CINEMATOGRAPHY(Nominated)
Oscars - WRITING (Screenplay Based on Material Previously Produced or Published)(Nominated)
Golden Globes - Best Motion Picture - Musical or Comedy(Nominated)",75763814.0,"$26,000,000"
Thirteen Days,,83.0,80.0,,0,0,,,66554547.0,"$80,000,000"
All the Pretty Horses,Matt Damon,32.0,42.0,,0,0,,,18120267.0,"$45,000,000"
The Claim,,62.0,48.0,,0,0,,,,"$13,000,000"
Shadow of the Vampire,Willem Dafoe,82.0,74.0,"Oscars - ACTOR IN A SUPPORTING ROLE(Nominated)
Oscars - MAKEUP(Nominated)
Golden Globes - Best Performance by an Actor in a Supporting Role in any Motion Picture(Nominated)",3,0,,"Oscars - ACTOR IN A SUPPORTING ROLE(Nominated)
Oscars - MAKEUP(Nominated)
Golden Globes - Best Performance by an Actor in a Supporting Role in any Motion Picture(Nominated)",,"$8,000,000"
The Lord of the Rings: The Fellowship of the Ring,"Elijah Wood, Ian McKellen, Viggo Mortensen",92.0,95.0,"Oscars - ACTOR IN A SUPPORTING ROLE(Nominated)
Oscars - ART DIRECTION(Nominated)
Oscars - CINEMATOGRAPHY(Won)
Oscars - COSTUME DESIGN(Nominated)
Oscars - DIRECTING(Nominated)
Oscars - FILM EDITING(Nominated)
Oscars - MAKEUP(Won)
Oscars - MUSIC (Original Score)(Won)
Oscars - MUSIC (Original Song)(Nominated)
Oscars - BEST PICTURE(Nominated)
Oscars - SOUND(Nominated)
Oscars - VISUAL EFFECTS(Won)
Oscars - WRITING (Screenplay Based on Material Previously Produced or Published)(Nominated)
Golden Globes - Best Motion Picture - Drama(Nominated)
Golden Globes - Best Director - Motion Picture(Nominated)
Golden Globes - Best Original Score - Motion Picture(Nominated)
Golden Globes - Best Original Song - Motion Picture(Nominated)",17,4,"Oscars - CINEMATOGRAPHY(Won)
Oscars - MAKEUP(Won)
Oscars - MUSIC (Original Score)(Won)
Oscars - VISUAL EFFECTS(Won)","Oscars - ACTOR IN A SUPPORTING ROLE(Nominated)
Oscars - ART DIRECTION(Nominated)
Oscars - COSTUME DESIGN(Nominated)
Oscars - DIRECTING(Nominated)
Oscars - FILM EDITING(Nominated)
Oscars - MUSIC (Original Song)(Nominated)
Oscars - BEST PICTURE(Nominated)
Oscars - SOUND(Nominated)
Oscars - WRITING (Screenplay Based on Material Previously Produced or Published)(Nominated)
Golden Globes - Best Motion Picture - Drama(Nominated)
Golden Globes - Best Director - Motion Picture(Nominated)
Golden Globes - Best Original Score - Motion Picture(Nominated)
Golden Globes - Best Original Song - Motion Picture(Nominated)",,"$93,000,000"
Shrek,"Mike Myers, Cameron Diaz",88.0,90.0,"Oscars - ANIMATED FEATURE FILM(Won)
Oscars - WRITING (Screenplay Based on Material Previously Produced or Published)(Nominated)
Golden Globes - Best Motion Picture - Musical or Comedy(Nominated)",3,1,Oscars - ANIMATED FEATURE FILM(Won),"Oscars - WRITING (Screenplay Based on Material Previously Produced or Published)(Nominated)
Golden Globes - Best Motion Picture - Musical or Comedy(Nominated)",492534844.0,"$50,000,000"
"Monsters, Inc.",,96.0,90.0,"Oscars - ANIMATED FEATURE FILM(Nominated)
Oscars - MUSIC (Original Score)(Nominated)
Oscars - MUSIC (Original Song)(Won)
Oscars - SOUND EDITING(Nominated)",4,1,Oscars - MUSIC (Original Song)(Won),"Oscars - ANIMATED FEATURE FILM(Nominated)
Oscars - MUSIC (Original Score)(Nominated)
Oscars - SOUND EDITING(Nominated)",560483719.0,"$115,000,000"
Rush Hour 2,,50.0,74.0,,0,0,,,347425832.0,"$90,000,000"
The Mummy Returns,Dwayne Johnson,46.0,63.0,,0,0,,,435040395.0,"$98,000,000"
Jurassic Park III,,49.0,37.0,,0,0,,,365900000.0,"$93,000,000"
Antitrust,,24.0,50.0,,0,0,,,17865209.0,"$30,000,000"
Save the Last Dance,,54.0,59.0,,0,0,,,122244329.0,"$13,000,000"
The Pledge,,78.0,59.0,,0,0,,,29406132.0,"$45,000,000"
The Wedding Planner,,17.0,59.0,,0,0,,,94728529.0,"$28,000,000"
Valentine,,11.0,33.0,,0,0,,,20384136.0,"$10,000,000"
Saving Silverman,,18.0,51.0,,0,0,,,25873142.0,"$22,000,000"
Recess: School's Out,,60.0,56.0,,0,0,,,44451470.0,"$10,000,000"
3000 Miles to Graceland,,15.0,46.0,,0,0,,,18708848.0,"$62,000,000"
Monkeybone,,20.0,27.0,,0,0,,,,"$75,000,000"
The Caveman's Valentine,Samuel L. Jackson,45.0,51.0,,0,0,,,,"$13,500,000"
The Mexican,Brad Pitt,54.0,44.0,,0,0,,,145238250.0,"$40,000,000"
See Spot Run,,23.0,44.0,,0,0,,,43057552.0,"$16,000,000"
15 Minutes,Robert De Niro,32.0,37.0,,0,0,,,56331864.0,"$42,000,000"
Get Over It,Kirsten Dunst,43.0,51.0,,0,0,,,19860259.0,"$10,000,000"
Elling,,85.0,91.0,Oscars - FOREIGN LANGUAGE FILM(Nominated),1,0,,Oscars - FOREIGN LANGUAGE FILM(Nominated),,"$2,100,000"
Enemy at the Gates,,54.0,82.0,,0,0,,,96971293.0,"$85,000,000"
Exit Wounds,,33.0,45.0,,0,0,,,79958599.0,"$33,000,000"
Memento,Carrie-Anne Moss,94.0,94.0,"Oscars - FILM EDITING(Nominated)
Oscars - WRITING (Screenplay Written Directly for the Screen)(Nominated)
Golden Globes - Best Screenplay - Motion Picture(Nominated)",3,0,,"Oscars - FILM EDITING(Nominated)
Oscars - WRITING (Screenplay Written Directly for the Screen)(Nominated)
Golden Globes - Best Screenplay - Motion Picture(Nominated)",39719431.0,"$5,000,000"
Say It Isn't So,,8.0,32.0,,0,0,,,,"$25,000,000"
Spy Kids,George Clooney,93.0,47.0,,0,0,,,197692062.0,"$35,000,000"
The Tailor of Panama,Daniel Radcliffe,75.0,46.0,,0,0,,,27491653.0,"$18,000,000"
Tomcats,,14.0,42.0,,0,0,,,,"$11,000,000"
Along Came a Spider,,32.0,53.0,,0,0,,,105159085.0,"$28,000,000"
Blow,Johnny Depp,56.0,87.0,,0,0,,,83282296.0,"$30,000,000"
Just Visiting,,33.0,53.0,,0,0,,,,"$40,000,000"
Joe Dirt,,9.0,63.0,,0,0,,,30987695.0,"$16,000,000"
Josie and the Pussycats,,53.0,52.0,,0,0,,,,"$22,000,000"
Kingdom Come,,27.0,72.0,,0,0,,,23393939.0,"$7,000,000"
Crocodile Dundee in Los Angeles,,11.0,25.0,,0,0,,,39393111.0,"$25,000,000"
Freddy Got Fingered,,10.0,56.0,,0,0,,,,"$15,000,000"
Driven,,64.0,62.0,,0,0,,,54616869.0,"$72,000,000"
The Forsaken,,7.0,41.0,,0,0,,,,"$5,000,000"
Town & Country,,13.0,14.0,,0,0,,,,"$105,000,000"
What's the Worst That Could Happen?,,10.0,35.0,,0,0,,,38462071.0,"$30,000,000"
Swordfish,Hugh Jackman,26.0,59.0,,0,0,,,147080413.0,"$80,000,000"
Atlantis: The Lost Empire,,49.0,55.0,,0,0,,,186049020.0,"$90,000,000"
Lara Croft: Tomb Raider,,20.0,47.0,,0,0,,,273330185.0,"$94,000,000"
Sexy Beast,Ben Kingsley,87.0,85.0,"Oscars - ACTOR IN A SUPPORTING ROLE(Nominated)
BAFTAs - Film | Alexander Korda Award for the outstanding British Film of the Year in 2001(Nominated)
Golden Globes - Best Performance by an Actor in a Supporting Role in any Motion Picture(Nominated)",3,0,,"Oscars - ACTOR IN A SUPPORTING ROLE(Nominated)
BAFTAs - Film | Alexander Korda Award for the outstanding British Film of the Year in 2001(Nominated)
Golden Globes - Best Performance by an Actor in a Supporting Role in any Motion Picture(Nominated)",,"$4,300,000"
Dr. Dolittle 2,,41.0,26.0,,0,0,,,176101721.0,"$72,000,000"
The Fast and the Furious,,54.0,74.0,,0,0,,,206458372.0,"$38,000,000"
Baby Boy,,71.0,87.0,,0,0,,,28734552.0,"$16,000,000"
Pootie Tang,,27.0,63.0,,0,0,,,,"$3,500,000"
Cats & Dogs,"Tobey Maguire, Jeff Goldblum",52.0,32.0,,0,0,,,200700000.0,"$60,000,000"
Scary Movie 2,,13.0,52.0,,0,0,,,141189101.0,"$45,000,000"
Kiss of the Dragon,,52.0,68.0,,0,0,,,36833473.0,"$25,000,000"
Final Fantasy: The Spirits Within,,44.0,48.0,,0,0,,,85131830.0,"$137,000,000"
Legally Blonde,,71.0,72.0,"Golden Globes - Best Motion Picture - Musical or Comedy(Nominated)
Golden Globes - Best Performance by an Actress in a Motion Picture - Musical or Comedy(Nominated)",2,0,,"Golden Globes - Best Motion Picture - Musical or Comedy(Nominated)
Golden Globes - Best Performance by an Actress in a Motion Picture - Musical or Comedy(Nominated)",141809235.0,"$18,000,000"
Made,,71.0,66.0,,0,0,,,,"$5,000,000"
The Score,"Robert De Niro, Edward Norton, Marlon Brando",56.0,45.0,,0,0,,,113542091.0,"$68,000,000"
Ghost World,Scarlett Johansson,93.0,84.0,"Oscars - WRITING (Screenplay Based on Material Previously Produced or Published)(Nominated)
Golden Globes - Best Performance by an Actress in a Motion Picture - Musical or Comedy(Nominated)
Golden Globes - Best Performance by an Actor in a Supporting Role in any Motion Picture(Nominated)",3,0,,"Oscars - WRITING (Screenplay Based on Material Previously Produced or Published)(Nominated)
Golden Globes - Best Performance by an Actress in a Motion Picture - Musical or Comedy(Nominated)
Golden Globes - Best Performance by an Actor in a Supporting Role in any Motion Picture(Nominated)",,"$5,500,000"
Hedwig and the Angry Inch,,92.0,93.0,Golden Globes - Best Performance by an Actor in a Motion Picture - Musical or Comedy(Nominated),1,0,,Golden Globes - Best Performance by an Actor in a Motion Picture - Musical or Comedy(Nominated),,"$6,000,000"
Original Sin,,12.0,61.0,,0,0,,,,"$26,000,000"
The Princess Diaries,,49.0,68.0,,0,0,,,165334774.0,"$30,000,000"
American Pie 2,,51.0,68.0,,0,0,,,286500000.0,"$30,000,000"
Osmosis Jones,,55.0,42.0,,0,0,,,,"$70,000,000"
American Outlaws,,13.0,67.0,,0,0,,,,"$35,000,000"
Captain Corelli's Mandolin,Christian Bale,28.0,50.0,,0,0,,,62097495.0,"$57,000,000"
Rat Race,,45.0,64.0,,0,0,,,86607223.0,"$48,000,000"
Bubble Boy,Jake Gyllenhaal,31.0,48.0,,0,0,,,,"$13,000,000"
The Curse of the Jade Scorpion,,45.0,53.0,,0,0,,,18496522.0,"$26,000,000"
Jay and Silent Bob Strike Back,"Matt Damon, Carrie Fisher, Mark Hamill",52.0,75.0,,0,0,,,33762400.0,"$22,000,000"
Summer Catch,,8.0,41.0,,0,0,,,19693891.0,"$17,000,000"
Jeepers Creepers,,45.0,49.0,,0,0,,,58939035.0,"$10,000,000"
The Musketeer,,11.0,33.0,,0,0,,,27053815.0,"$40,000,000"
Rock Star,Mark Wahlberg,53.0,59.0,,0,0,,,19317765.0,"$38,000,000"
Soul Survivors,,4.0,26.0,,0,0,,,,"$14,000,000"
Two Can Play That Game,,40.0,83.0,,0,0,,,22391450.0,"$13,000,000"
The Glass House,,22.0,39.0,,0,0,,,22861785.0,"$22,000,000"
Hardball,,41.0,70.0,,0,0,,,43728560.0,"$21,000,000"
Glitter,,6.0,48.0,,0,0,,,,"$8,500,000"
Dinner Rush,,91.0,85.0,,0,0,,,,"$2,000,000"
Hearts in Atlantis,,49.0,64.0,,0,0,,,30885781.0,"$31,000,000"
Zoolander,"Natalie Portman, Winona Ryder",65.0,80.0,,0,0,,,60780981.0,"$28,000,000"
Joy Ride,,74.0,66.0,,0,0,,,22204890.0,"$23,000,000"
Max Keeble's Big Move,,29.0,38.0,,0,0,,,,"$12,000,000"
Serendipity,,59.0,79.0,,0,0,,,77477297.0,"$28,000,000"
Training Day,Denzel Washington,74.0,89.0,"Oscars - ACTOR IN A LEADING ROLE(Won)
Oscars - ACTOR IN A SUPPORTING ROLE(Nominated)
Golden Globes - Best Performance by an Actor in a Motion Picture - Drama(Nominated)",3,1,Oscars - ACTOR IN A LEADING ROLE(Won),"Oscars - ACTOR IN A SUPPORTING ROLE(Nominated)
Golden Globes - Best Performance by an Actor in a Motion Picture - Drama(Nominated)",104505352.0,"$45,000,000"
Bandits,,64.0,58.0,"Golden Globes - Best Performance by an Actress in a Motion Picture - Musical or Comedy(Nominated)
Golden Globes - Best Performance by an Actor in a Motion Picture - Musical or Comedy(Nominated)",2,0,,"Golden Globes - Best Performance by an Actress in a Motion Picture - Musical or Comedy(Nominated)
Golden Globes - Best Performance by an Actor in a Motion Picture - Musical or Comedy(Nominated)",71523271.0,"$75,000,000"
Corky Romano,,7.0,39.0,,0,0,,,25116103.0,"$11,000,000"
From Hell,Johnny Depp,57.0,66.0,,0,0,,,68712365.0,"$35,000,000"
The Last Castle,Mark Ruffalo,52.0,74.0,,0,0,,,20541668.0,"$60,000,000"
Donnie Darko,Jake Gyllenhaal,87.0,80.0,,0,0,,,,"$4,500,000"
K-PAX,,42.0,74.0,,0,0,,,64978140.0,"$48,000,000"
Thirteen Ghosts,,19.0,49.0,,0,0,,,68467960.0,"$19,000,000"
Bones,,26.0,40.0,,0,0,,,,"$10,000,000"
Wasabi,,43.0,69.0,,0,0,,,,"$15,300,000"
Domestic Disturbance,,23.0,37.0,,0,0,,,54207112.0,"$53,000,000"
The One,Jason Statham,13.0,51.0,,0,0,,,72689126.0,"$49,000,000"
Life as a House,,47.0,88.0,Golden Globes - Best Performance by an Actor in a Supporting Role in any Motion Picture(Nominated),1,0,,Golden Globes - Best Performance by an Actor in a Supporting Role in any Motion Picture(Nominated),23889158.0,"$18,000,000"
Shallow Hal,,49.0,45.0,,0,0,,,70836296.0,"$40,000,000"
Novocaine,,38.0,37.0,,0,0,,,33545800.0,"$6,000,000"
Black Knight,,15.0,34.0,,0,0,,,33422806.0,"$35,000,000"
Out Cold,,8.0,84.0,,0,0,,,,"$11,000,000"
Spy Game,Brad Pitt,64.0,75.0,,0,0,,,143049560.0,"$90,000,000"
In the Bedroom,,93.0,81.0,"Oscars - ACTOR IN A LEADING ROLE(Nominated)
Oscars - ACTRESS IN A LEADING ROLE(Nominated)
Oscars - ACTRESS IN A SUPPORTING ROLE(Nominated)
Oscars - BEST PICTURE(Nominated)
Oscars - WRITING (Screenplay Based on Material Previously Produced or Published)(Nominated)
Golden Globes - Best Motion Picture - Drama(Nominated)
Golden Globes - Best Performance by an Actress in a Motion Picture - Drama(Won)
Golden Globes - Best Performance by an Actress in a Supporting Role in any Motion Picture(Nominated)",8,1,Golden Globes - Best Performance by an Actress in a Motion Picture - Drama(Won),"Oscars - ACTOR IN A LEADING ROLE(Nominated)
Oscars - ACTRESS IN A LEADING ROLE(Nominated)
Oscars - ACTRESS IN A SUPPORTING ROLE(Nominated)
Oscars - BEST PICTURE(Nominated)
Oscars - WRITING (Screenplay Based on Material Previously Produced or Published)(Nominated)
Golden Globes - Best Motion Picture - Drama(Nominated)
Golden Globes - Best Performance by an Actress in a Supporting Role in any Motion Picture(Nominated)",42137871.0,"$1,700,000"
Texas Rangers,,2.0,29.0,,0,0,,,,"$38,000,000"
Not Another Teen Movie,Chris Evans,31.0,55.0,,0,0,,,62401343.0,"$15,000,000"
The Royal Tenenbaums,,81.0,89.0,Oscars - WRITING (Screenplay Written Directly for the Screen)(Nominated),1,0,,Oscars - WRITING (Screenplay Written Directly for the Screen)(Nominated),71430876.0,"$28,000,000"
The Other Side of Heaven,,30.0,74.0,,0,0,,,,"$7,000,000"
Vanilla Sky,Cameron Diaz,43.0,72.0,"Oscars - MUSIC (Original Song)(Nominated)
Golden Globes - Best Performance by an Actress in a Supporting Role in any Motion Picture(Nominated)
Golden Globes - Best Original Song - Motion Picture(Nominated)",3,0,,"Oscars - MUSIC (Original Song)(Nominated)
Golden Globes - Best Performance by an Actress in a Supporting Role in any Motion Picture(Nominated)
Golden Globes - Best Original Song - Motion Picture(Nominated)",202726605.0,"$70,000,000"
The Shipping News,,54.0,61.0,"Golden Globes - Best Performance by an Actor in a Motion Picture - Drama(Nominated)
Golden Globes - Best Original Score - Motion Picture(Nominated)",2,0,,"Golden Globes - Best Performance by an Actor in a Motion Picture - Drama(Nominated)
Golden Globes - Best Original Score - Motion Picture(Nominated)",24405825.0,"$35,000,000"
A Beautiful Mind,,74.0,93.0,"Oscars - ACTOR IN A LEADING ROLE(Nominated)
Oscars - ACTRESS IN A SUPPORTING ROLE(Won)
Oscars - DIRECTING(Won)
Oscars - FILM EDITING(Nominated)
Oscars - MAKEUP(Nominated)
Oscars - MUSIC (Original Score)(Nominated)
Oscars - BEST PICTURE(Won)
Oscars - WRITING (Screenplay Based on Material Previously Produced or Published)(Won)
Golden Globes - Best Motion Picture - Drama(Won)
Golden Globes - Best Performance by an Actor in a Motion Picture - Drama(Won)
Golden Globes - Best Performance by an Actress in a Supporting Role in any Motion Picture(Won)
Golden Globes - Best Director - Motion Picture(Nominated)
Golden Globes - Best Screenplay - Motion Picture(Won)
Golden Globes - Best Original Score - Motion Picture(Nominated)",14,8,"Oscars - ACTRESS IN A SUPPORTING ROLE(Won)
Oscars - DIRECTING(Won)
Oscars - BEST PICTURE(Won)
Oscars - WRITING (Screenplay Based on Material Previously Produced or Published)(Won)
Golden Globes - Best Motion Picture - Drama(Won)
Golden Globes - Best Performance by an Actor in a Motion Picture - Drama(Won)
Golden Globes - Best Performance by an Actress in a Supporting Role in any Motion Picture(Won)
Golden Globes - Best Screenplay - Motion Picture(Won)","Oscars - ACTOR IN A LEADING ROLE(Nominated)
Oscars - FILM EDITING(Nominated)
Oscars - MAKEUP(Nominated)
Oscars - MUSIC (Original Score)(Nominated)
Golden Globes - Best Director - Motion Picture(Nominated)
Golden Globes - Best Original Score - Motion Picture(Nominated)",317668058.0,"$78,000,000"
The Business of Strangers,,81.0,51.0,,0,0,,,,"$6,000,000"
How High,,25.0,79.0,,0,0,,,31222395.0,"$12,000,000"
Jimmy Neutron: Boy Genius,,74.0,53.0,Oscars - ANIMATED FEATURE FILM(Nominated),1,0,,Oscars - ANIMATED FEATURE FILM(Nominated),102992536.0,"$25,000,000"
Joe Somebody,,21.0,27.0,,0,0,,,24515990.0,"$38,000,000"
The Majestic,Matt Damon,42.0,60.0,,0,0,,,37306334.0,"$72,000,000"
Ali,Will Smith,68.0,65.0,"Oscars - ACTOR IN A LEADING ROLE(Nominated)
Oscars - ACTOR IN A SUPPORTING ROLE(Nominated)
Golden Globes - Best Performance by an Actor in a Motion Picture - Drama(Nominated)
Golden Globes - Best Performance by an Actor in a Supporting Role in any Motion Picture(Nominated)
Golden Globes - Best Original Score - Motion Picture(Nominated)",5,0,,"Oscars - ACTOR IN A LEADING ROLE(Nominated)
Oscars - ACTOR IN A SUPPORTING ROLE(Nominated)
Golden Globes - Best Performance by an Actor in a Motion Picture - Drama(Nominated)
Golden Globes - Best Performance by an Actor in a Supporting Role in any Motion Picture(Nominated)
Golden Globes - Best Original Score - Motion Picture(Nominated)",87683966.0,"$109,000,000"
Gosford Park,Tom Holland,87.0,78.0,"Oscars - ACTRESS IN A SUPPORTING ROLE(Nominated)
Oscars - ACTRESS IN A SUPPORTING ROLE(Nominated)
Oscars - ART DIRECTION(Nominated)
Oscars - COSTUME DESIGN(Nominated)
Oscars - DIRECTING(Nominated)
Oscars - BEST PICTURE(Nominated)
Oscars - WRITING (Screenplay Written Directly for the Screen)(Won)
Golden Globes - Best Motion Picture - Musical or Comedy(Nominated)
Golden Globes - Best Performance by an Actress in a Supporting Role in any Motion Picture(Nominated)
Golden Globes - Best Performance by an Actress in a Supporting Role in any Motion Picture(Nominated)
Golden Globes - Best Director - Motion Picture(Won)
Golden Globes - Best Screenplay - Motion Picture(Nominated)",12,2,"Oscars - WRITING (Screenplay Written Directly for the Screen)(Won)
Golden Globes - Best Director - Motion Picture(Won)","Oscars - ACTRESS IN A SUPPORTING ROLE(Nominated)
Oscars - ACTRESS IN A SUPPORTING ROLE(Nominated)
Oscars - ART DIRECTION(Nominated)
Oscars - COSTUME DESIGN(Nominated)
Oscars - DIRECTING(Nominated)
Oscars - BEST PICTURE(Nominated)
Golden Globes - Best Motion Picture - Musical or Comedy(Nominated)
Golden Globes - Best Performance by an Actress in a Supporting Role in any Motion Picture(Nominated)
Golden Globes - Best Performance by an Actress in a Supporting Role in any Motion Picture(Nominated)
Golden Globes - Best Screenplay - Motion Picture(Nominated)",58271886.0,"$18,000,000"
Monster's Ball,Heath Ledger,85.0,67.0,"Oscars - ACTRESS IN A LEADING ROLE(Won)
Oscars - WRITING (Screenplay Written Directly for the Screen)(Nominated)
Golden Globes - Best Performance by an Actress in a Motion Picture - Drama(Nominated)",3,1,Oscars - ACTRESS IN A LEADING ROLE(Won),"Oscars - WRITING (Screenplay Written Directly for the Screen)(Nominated)
Golden Globes - Best Performance by an Actress in a Motion Picture - Drama(Nominated)",43766463.0,"$4,000,000"
I Am Sam,,36.0,86.0,Oscars - ACTOR IN A LEADING ROLE(Nominated),1,0,,Oscars - ACTOR IN A LEADING ROLE(Nominated),92542418.0,"$22,000,000"
Black Hawk Down,"Tom Hardy, Ewan McGregor",77.0,88.0,"Oscars - CINEMATOGRAPHY(Nominated)
Oscars - DIRECTING(Nominated)
Oscars - FILM EDITING(Won)
Oscars - SOUND(Won)",4,2,"Oscars - FILM EDITING(Won)
Oscars - SOUND(Won)","Oscars - CINEMATOGRAPHY(Nominated)
Oscars - DIRECTING(Nominated)",159691085.0,"$95,000,000"
Spider-Man,"Kirsten Dunst, Willem Dafoe, Tobey Maguire",90.0,67.0,"Oscars - SOUND(Nominated)
Oscars - VISUAL EFFECTS(Nominated)",2,0,,"Oscars - SOUND(Nominated)
Oscars - VISUAL EFFECTS(Nominated)",822652858.0,"$139,000,000"
The Lord of the Rings: The Two Towers,"Elijah Wood, Ian McKellen, Viggo Mortensen",95.0,95.0,"Oscars - ART DIRECTION(Nominated)
Oscars - FILM EDITING(Nominated)
Oscars - BEST PICTURE(Nominated)
Oscars - SOUND(Nominated)
Oscars - SOUND EDITING(Won)
Oscars - VISUAL EFFECTS(Won)",6,2,"Oscars - SOUND EDITING(Won)
Oscars - VISUAL EFFECTS(Won)","Oscars - ART DIRECTION(Nominated)
Oscars - FILM EDITING(Nominated)
Oscars - BEST PICTURE(Nominated)
Oscars - SOUND(Nominated)",921711177.0,"$94,000,000"
Harry Potter and the Chamber of Secrets,"Emma Watson, Rupert Grint, Daniel Radcliffe",82.0,80.0,,0,0,,,876152709.0,"$100,000,000"
My Big Fat Greek Wedding,,76.0,73.0,"Oscars - WRITING (Original Screenplay)(Nominated)
Golden Globes - Best Motion Picture - Musical or Comedy(Nominated)
Golden Globes - Best Performance by an Actress in a Motion Picture - Musical or Comedy(Nominated)",3,0,,"Oscars - WRITING (Original Screenplay)(Nominated)
Golden Globes - Best Motion Picture - Musical or Comedy(Nominated)
Golden Globes - Best Performance by an Actress in a Motion Picture - Musical or Comedy(Nominated)",374890034.0,"$5,000,000"
Signs,Joaquin Phoenix,75.0,67.0,,0,0,,,408250578.0,"$70,702,619"
Austin Powers in Goldmember,"Michael Caine, Mike Myers",53.0,44.0,,0,0,,,296338663.0,"$63,000,000"
Ice Age,,77.0,82.0,Oscars - ANIMATED FEATURE FILM(Nominated),1,0,,Oscars - ANIMATED FEATURE FILM(Nominated),386116343.0,"$65,000,000"
Chicago,,86.0,83.0,"Oscars - ACTOR IN A SUPPORTING ROLE(Nominated)
Oscars - ACTRESS IN A LEADING ROLE(Nominated)
Oscars - ACTRESS IN A SUPPORTING ROLE(Nominated)
Oscars - ACTRESS IN A SUPPORTING ROLE(Won)
Oscars - ART DIRECTION(Won)
Oscars - CINEMATOGRAPHY(Nominated)
Oscars - COSTUME DESIGN(Won)
Oscars - DIRECTING(Nominated)
Oscars - FILM EDITING(Won)
Oscars - MUSIC (Original Song)(Nominated)
Oscars - BEST PICTURE(Won)
Oscars - SOUND(Won)
Oscars - WRITING (Adapted Screenplay)(Nominated)
Golden Globes - Best Motion Picture - Musical or Comedy(Won)
Golden Globes - Best Performance by an Actress in a Motion Picture - Musical or Comedy(Won)
Golden Globes - Best Performance by an Actress in a Motion Picture - Musical or Comedy(Nominated)
Golden Globes - Best Performance by an Actor in a Motion Picture - Musical or Comedy(Won)
Golden Globes - Best Performance by an Actress in a Supporting Role in any Motion Picture(Nominated)
Golden Globes - Best Performance by an Actor in a Supporting Role in any Motion Picture(Nominated)
Golden Globes - Best Director - Motion Picture(Nominated)
Golden Globes - Best Screenplay - Motion Picture(Nominated)",21,9,"Oscars - ACTRESS IN A SUPPORTING ROLE(Won)
Oscars - ART DIRECTION(Won)
Oscars - COSTUME DESIGN(Won)
Oscars - FILM EDITING(Won)
Oscars - BEST PICTURE(Won)
Oscars - SOUND(Won)
Golden Globes - Best Motion Picture - Musical or Comedy(Won)
Golden Globes - Best Performance by an Actress in a Motion Picture - Musical or Comedy(Won)
Golden Globes - Best Performance by an Actor in a Motion Picture - Musical or Comedy(Won)","Oscars - ACTOR IN A SUPPORTING ROLE(Nominated)
Oscars - ACTRESS IN A LEADING ROLE(Nominated)
Oscars - ACTRESS IN A SUPPORTING ROLE(Nominated)
Oscars - CINEMATOGRAPHY(Nominated)
Oscars - DIRECTING(Nominated)
Oscars - MUSIC (Original Song)(Nominated)
Oscars - WRITING (Adapted Screenplay)(Nominated)
Golden Globes - Best Performance by an Actress in a Motion Picture - Musical or Comedy(Nominated)
Golden Globes - Best Performance by an Actress in a Supporting Role in any Motion Picture(Nominated)
Golden Globes - Best Performance by an Actor in a Supporting Role in any Motion Picture(Nominated)
Golden Globes - Best Director - Motion Picture(Nominated)
Golden Globes - Best Screenplay - Motion Picture(Nominated)",306770545.0,"$30,000,000"
Impostor,,25.0,41.0,,0,0,,,,"$40,000,000"
Orange County,,47.0,61.0,,0,0,,,43308707.0,"$18,000,000"
Snow Dogs,,26.0,40.0,,0,0,,,116898028.0,"$32,000,000"
The Mothman Prophecies,,52.0,56.0,,0,0,,,56438555.0,"$42,000,000"
A Walk to Remember,,29.0,78.0,,0,0,,,46060861.0,"$11,000,000"
Birthday Girl,Nicole Kidman,59.0,39.0,,0,0,,,,"$13,000,000"
Slackers,"Jason Schwartzman, Cameron Diaz",10.0,50.0,,0,0,,,,"$11,000,000"
Big Fat Liar,,46.0,44.0,,0,0,,,52461017.0,"$15,000,000"
Hart's War,Sam Worthington,60.0,48.0,,0,0,,,33076815.0,"$70,000,000"
Super Troopers,,36.0,90.0,,0,0,,,23182223.0,"$1,200,000"
Dragonfly,,7.0,62.0,,0,0,,,30317425.0,"$60,000,000"
Queen of the Damned,,17.0,66.0,,0,0,,,30307804.0,"$35,000,000"
40 Days and 40 Nights,,39.0,43.0,,0,0,,,95092667.0,"$17,000,000"
We Were Soldiers,,64.0,84.0,,0,0,,,114658262.0,"$70,000,000"
All About the Benjamins,,31.0,77.0,,0,0,,,25873145.0,"$14,000,000"
Kissing Jessica Stein,,83.0,65.0,,0,0,,,,"$1,500,000"
Resident Evil,,36.0,67.0,,0,0,,,103787401.0,"$35,000,000"
Sorority Boys,,12.0,54.0,,0,0,,,,"$12,000,000"
Stolen Summer,,36.0,66.0,,0,0,,,,"$1,500,000"
Clockstoppers,,29.0,30.0,,0,0,,,38788828.0,"$26,000,000"
Death to Smoochy,Edward Norton,42.0,66.0,,0,0,,,,"$50,000,000"
Panic Room,Nicole Kidman,76.0,64.0,,0,0,,,196308367.0,"$48,000,000"
High Crimes,,31.0,50.0,,0,0,,,63781100.0,"$42,000,000"
Changing Lanes,Samuel L. Jackson,78.0,53.0,,0,0,,,66790248.0,"$45,000,000"
Frailty,,75.0,79.0,,0,0,,,19947280.0,"$11,000,000"
The Sweetest Thing,Cameron Diaz,26.0,65.0,,0,0,,,63078756.0,"$43,000,000"
The Scorpion King,Dwayne Johnson,41.0,37.0,,0,0,,,165890634.0,"$60,000,000"
Jason X,,20.0,25.0,,0,0,,,,"$14,000,000"
The Salton Sea,,63.0,82.0,,0,0,,,,"$18,000,000"
Deuces Wild,,3.0,51.0,,0,0,,,,"$10,000,000"
Hollywood Ending,,47.0,49.0,,0,0,,,,"$16,000,000"
Unfaithful,,50.0,68.0,"Oscars - ACTRESS IN A LEADING ROLE(Nominated)
Golden Globes - Best Performance by an Actress in a Motion Picture - Drama(Nominated)",2,0,,"Oscars - ACTRESS IN A LEADING ROLE(Nominated)
Golden Globes - Best Performance by an Actress in a Motion Picture - Drama(Nominated)",119114494.0,"$50,000,000"
About a Boy,Nicholas Hoult,93.0,55.0,"Oscars - WRITING (Adapted Screenplay)(Nominated)
Golden Globes - Best Motion Picture - Musical or Comedy(Nominated)
Golden Globes - Best Performance by an Actor in a Motion Picture - Musical or Comedy(Nominated)",3,0,,"Oscars - WRITING (Adapted Screenplay)(Nominated)
Golden Globes - Best Motion Picture - Musical or Comedy(Nominated)
Golden Globes - Best Performance by an Actor in a Motion Picture - Musical or Comedy(Nominated)",130759651.0,"$27,000,000"
The Believer,Ryan Gosling,82.0,82.0,,0,0,,,,"$1,500,000"
The Importance of Being Earnest,,57.0,72.0,,0,0,,,,"$15,000,000"
Spirit: Stallion of the Cimarron,Matt Damon,69.0,77.0,"Oscars - ANIMATED FEATURE FILM(Nominated)
Golden Globes - Best Original Song - Motion Picture(Nominated)",2,0,,"Oscars - ANIMATED FEATURE FILM(Nominated)
Golden Globes - Best Original Song - Motion Picture(Nominated)",106515310.0,"$80,000,000"
Thirteen Conversations About One Thing,,83.0,71.0,,0,0,,,,"$3,000,000"
The Sum of All Fears,,59.0,49.0,,0,0,,,193500000.0,"$68,000,000"
Undercover Brother,,78.0,64.0,,0,0,,,40796145.0,"$25,000,000"
The Bourne Identity,Matt Damon,84.0,93.0,,0,0,,,214357371.0,"$60,000,000"
The Dangerous Lives of Altar Boys,,76.0,79.0,,0,0,,,,"$12,000,000"
Windtalkers,Mark Ruffalo,33.0,50.0,,0,0,,,77628265.0,"$115,000,000"
Juwanna Mann,,10.0,39.0,,0,0,,,,"$15,600,000"
Lilo & Stitch,,87.0,78.0,Oscars - ANIMATED FEATURE FILM(Nominated),1,0,,Oscars - ANIMATED FEATURE FILM(Nominated),245799997.0,"$80,000,000"
Minority Report,Cameron Diaz,89.0,80.0,Oscars - SOUND EDITING(Nominated),1,0,,Oscars - SOUND EDITING(Nominated),358824714.0,"$102,000,000"
Sunshine State,,80.0,58.0,,0,0,,,,"$5,600,000"
Hey Arnold! The Movie,,29.0,37.0,,0,0,,,,"$10,000,000"
Mr. Deeds,"Adam Sandler, Winona Ryder",22.0,59.0,,0,0,,,171269535.0,"$50,000,000"
Like Mike,,57.0,51.0,,0,0,,,62432423.0,"$30,000,000"
The Crocodile Hunter: Collision Course,,53.0,44.0,,0,0,,,33436931.0,"$12,500,000"
Halloween: Resurrection,,10.0,24.0,,0,0,,,37659652.0,"$15,000,000"
Reign of Fire,Christian Bale,42.0,49.0,,0,0,,,82150183.0,"$60,000,000"
Road to Perdition,Tom Hanks,81.0,86.0,"Oscars - ACTOR IN A SUPPORTING ROLE(Nominated)
Oscars - ART DIRECTION(Nominated)
Oscars - CINEMATOGRAPHY(Won)
Oscars - MUSIC (Original Score)(Nominated)
Oscars - SOUND(Nominated)
Oscars - SOUND EDITING(Nominated)
Golden Globes - Best Performance by an Actor in a Supporting Role in any Motion Picture(Nominated)",7,1,Oscars - CINEMATOGRAPHY(Won),"Oscars - ACTOR IN A SUPPORTING ROLE(Nominated)
Oscars - ART DIRECTION(Nominated)
Oscars - MUSIC (Original Score)(Nominated)
Oscars - SOUND(Nominated)
Oscars - SOUND EDITING(Nominated)
Golden Globes - Best Performance by an Actor in a Supporting Role in any Motion Picture(Nominated)",183354514.0,"$80,000,000"
Eight Legged Freaks,Scarlett Johansson,48.0,33.0,,0,0,,,36722311.0,"$30,000,000"
K-19: The Widowmaker,"Harrison Ford, Liam Neeson",60.0,52.0,,0,0,,,65716126.0,"$90,000,000"
Stuart Little 2,,81.0,41.0,,0,0,,,166000000.0,"$120,000,000"
The Country Bears,,29.0,34.0,,0,0,,,,"$20,000,000"
Full Frontal,Brad Pitt,39.0,27.0,,0,0,,,,"$2,000,000"
The Master of Disguise,,1.0,36.0,,0,0,,,40363530.0,"$16,000,000"
The Good Girl,Jake Gyllenhaal,82.0,59.0,,0,0,,,,"$8,000,000"
Blood Work,,52.0,40.0,,0,0,,,26199517.0,"$50,000,000"
The Adventures of Pluto Nash,,5.0,20.0,,0,0,,,,"$100,000,000"
Blue Crush,,61.0,58.0,,0,0,,,51618420.0,"$30,000,000"
Possession,,63.0,58.0,,0,0,,,,"$25,000,000"
One Hour Photo,,81.0,65.0,,0,0,,,52223306.0,"$12,000,000"
Serving Sara,,4.0,27.0,,0,0,,,20146150.0,"$29,000,000"
Undisputed,,49.0,46.0,,0,0,,,,"$20,000,000"
City by the Sea,,48.0,40.0,,0,0,,,22505932.0,"$40,000,000"
Swimfan,,15.0,32.0,,0,0,,,34084228.0,"$10,000,000"
Barbershop,,82.0,62.0,,0,0,,,77063461.0,"$12,000,000"
Igby Goes Down,Jeff Goldblum,75.0,80.0,"Golden Globes - Best Performance by an Actor in a Motion Picture - Musical or Comedy(Nominated)
Golden Globes - Best Performance by an Actress in a Supporting Role in any Motion Picture(Nominated)",2,0,,"Golden Globes - Best Performance by an Actor in a Motion Picture - Musical or Comedy(Nominated)
Golden Globes - Best Performance by an Actress in a Supporting Role in any Motion Picture(Nominated)",,"$9,000,000"
Stealing Harvard,,9.0,39.0,,0,0,,,,"$25,000,000"
Ballistic: Ecks vs. Sever,,0.0,20.0,,0,0,,,,"$70,000,000"
The Banger Sisters,,48.0,42.0,,0,0,,,38067218.0,"$10,000,000"
The Four Feathers,Heath Ledger,42.0,65.0,,0,0,,,29882645.0,"$35,000,000"
Secretary,,78.0,82.0,Golden Globes - Best Performance by an Actress in a Motion Picture - Musical or Comedy(Nominated),1,0,,Golden Globes - Best Performance by an Actress in a Motion Picture - Musical or Comedy(Nominated),,"$4,000,000"
Sweet Home Alabama,,38.0,78.0,,0,0,,,182365114.0,"$38,000,000"
The Tuxedo,,21.0,30.0,,0,0,,,104429625.0,"$60,000,000"
Jonah: A VeggieTales Movie,,66.0,75.0,,0,0,,,25608779.0,"$14,000,000"
Moonlight Mile,Jake Gyllenhaal,63.0,66.0,,0,0,,,,"$21,000,000"
Red Dragon,"Ralph Fiennes, Edward Norton",69.0,74.0,,0,0,,,206455420.0,"$78,000,000"
Bowling for Columbine,,95.0,83.0,Oscars - DOCUMENTARY (Feature)(Won),1,1,Oscars - DOCUMENTARY (Feature)(Won),,58240487.0,"$3,000,000"
Brown Sugar,,67.0,90.0,,0,0,,,28315272.0,"$8,000,000"
Knockaround Guys,,21.0,51.0,,0,0,,,,"$15,000,000"
The Rules of Attraction,,44.0,71.0,,0,0,,,,"$4,000,000"
The Transporter,Jason Statham,54.0,73.0,,0,0,,,43928932.0,"$21,000,000"
White Oleander,,69.0,81.0,,0,0,,,21657770.0,"$16,000,000"
Abandon,,16.0,31.0,,0,0,,,,"$25,000,000"
Auto Focus,Willem Dafoe,72.0,61.0,,0,0,,,,"$7,000,000"
Real Women Have Curves,,85.0,75.0,,0,0,,,,"$3,000,000"
The Ring,,71.0,48.0,,0,0,,,248218486.0,"$48,000,000"
Welcome to Collinwood,George Clooney,55.0,55.0,,0,0,,,,"$12,000,000"
Frida,Edward Norton,76.0,85.0,"Oscars - ACTRESS IN A LEADING ROLE(Nominated)
Oscars - ART DIRECTION(Nominated)
Oscars - COSTUME DESIGN(Nominated)
Oscars - MAKEUP(Won)
Oscars - MUSIC (Original Score)(Won)
Oscars - MUSIC (Original Song)(Nominated)
Golden Globes - Best Performance by an Actress in a Motion Picture - Drama(Nominated)
Golden Globes - Best Original Score - Motion Picture(Won)",8,3,"Oscars - MAKEUP(Won)
Oscars - MUSIC (Original Score)(Won)
Golden Globes - Best Original Score - Motion Picture(Won)","Oscars - ACTRESS IN A LEADING ROLE(Nominated)
Oscars - ART DIRECTION(Nominated)
Oscars - COSTUME DESIGN(Nominated)
Oscars - MUSIC (Original Song)(Nominated)
Golden Globes - Best Performance by an Actress in a Motion Picture - Drama(Nominated)",56131239.0,"$12,000,000"
Ghost Ship,,15.0,37.0,,0,0,,,68349884.0,"$20,000,000"
Jackass: The Movie,,49.0,75.0,,0,0,,,79282312.0,"$2,000,000"
Punch-Drunk Love,Adam Sandler,79.0,77.0,Golden Globes - Best Performance by an Actor in a Motion Picture - Musical or Comedy(Nominated),1,0,,Golden Globes - Best Performance by an Actor in a Motion Picture - Musical or Comedy(Nominated),24591031.0,"$25,000,000"
The Santa Clause 2,,56.0,43.0,,0,0,,,172844592.0,"$65,000,000"
I Spy,,15.0,33.0,"Golden Globes - Television Program(Nominated)
Golden Globes - Television Series(Won)
Golden Globes - Actor In A Television Series(Nominated)
Golden Globes - Actor In A Television Series(Nominated)",4,1,Golden Globes - Television Series(Won),"Golden Globes - Television Program(Nominated)
Golden Globes - Actor In A Television Series(Nominated)
Golden Globes - Actor In A Television Series(Nominated)",60279822.0,"$70,000,000"
8 Mile,,75.0,54.0,"Oscars - MUSIC (Original Song)(Won)
Golden Globes - Best Original Song - Motion Picture(Nominated)",2,1,Oscars - MUSIC (Original Song)(Won),Golden Globes - Best Original Song - Motion Picture(Nominated),245768384.0,"$41,000,000"
Far From Heaven,,87.0,79.0,"Golden Globes - Best Performance by an Actress in a Motion Picture - Drama(Nominated)
Golden Globes - Best Performance by an Actor in a Supporting Role in any Motion Picture(Nominated)
Golden Globes - Best Screenplay - Motion Picture(Nominated)
Golden Globes - Best Original Score - Motion Picture(Nominated)",4,0,,"Golden Globes - Best Performance by an Actress in a Motion Picture - Drama(Nominated)
Golden Globes - Best Performance by an Actor in a Supporting Role in any Motion Picture(Nominated)
Golden Globes - Best Screenplay - Motion Picture(Nominated)
Golden Globes - Best Original Score - Motion Picture(Nominated)",29027914.0,"$13,500,000"
Half Past Dead,,3.0,37.0,,0,0,,,19233280.0,"$25,000,000"
Die Another Day,,55.0,41.0,Golden Globes - Best Original Song - Motion Picture(Nominated),1,0,,Golden Globes - Best Original Song - Motion Picture(Nominated),431942139.0,"$142,000,000"
The Emperor's Club,,50.0,67.0,,0,0,,,,"$12,500,000"
Friday After Next,,26.0,75.0,,0,0,,,33526835.0,"$10,000,000"
Extreme Ops,,7.0,28.0,,0,0,,,,"$40,000,000"
They,,67.0,38.0,,0,0,,,,"$17,000,000"
Treasure Planet,Joseph Gordon-Levitt,69.0,72.0,Oscars - ANIMATED FEATURE FILM(Nominated),1,0,,Oscars - ANIMATED FEATURE FILM(Nominated),91800000.0,"$100,000,000"
Analyze That,Robert De Niro,26.0,39.0,,0,0,,,54994757.0,"$60,000,000"
Equilibrium,Christian Bale,40.0,81.0,,0,0,,,,"$20,000,000"
About Schmidt,,85.0,74.0,"Oscars - ACTOR IN A LEADING ROLE(Nominated)
Oscars - ACTRESS IN A SUPPORTING ROLE(Nominated)
Golden Globes - Best Motion Picture - Drama(Nominated)
Golden Globes - Best Performance by an Actor in a Motion Picture - Drama(Won)
Golden Globes - Best Performance by an Actress in a Supporting Role in any Motion Picture(Nominated)
Golden Globes - Best Director - Motion Picture(Nominated)
Golden Globes - Best Screenplay - Motion Picture(Won)",7,2,"Golden Globes - Best Performance by an Actor in a Motion Picture - Drama(Won)
Golden Globes - Best Screenplay - Motion Picture(Won)","Oscars - ACTOR IN A LEADING ROLE(Nominated)
Oscars - ACTRESS IN A SUPPORTING ROLE(Nominated)
Golden Globes - Best Motion Picture - Drama(Nominated)
Golden Globes - Best Performance by an Actress in a Supporting Role in any Motion Picture(Nominated)
Golden Globes - Best Director - Motion Picture(Nominated)",107054484.0,"$30,000,000"
Drumline,,82.0,70.0,,0,0,,,56398875.0,"$20,000,000"
Maid in Manhattan,Ralph Fiennes,38.0,44.0,,0,0,,,163838217.0,"$55,000,000"
Star Trek: Nemesis,Tom Hardy,38.0,49.0,,0,0,,,67312826.0,"$60,000,000"
25th Hour,Edward Norton,79.0,85.0,Golden Globes - Best Original Score - Motion Picture(Nominated),1,0,,Golden Globes - Best Original Score - Motion Picture(Nominated),25344490.0,"$4,500,000"
Antwone Fisher,Denzel Washington,78.0,86.0,,0,0,,,23367586.0,"$12,500,000"
Gangs of New York,"Leonardo DiCaprio, Liam Neeson, Cameron Diaz",73.0,81.0,"Oscars - ACTOR IN A LEADING ROLE(Nominated)
Oscars - ART DIRECTION(Nominated)
Oscars - CINEMATOGRAPHY(Nominated)
Oscars - COSTUME DESIGN(Nominated)
Oscars - DIRECTING(Nominated)
Oscars - FILM EDITING(Nominated)
Oscars - MUSIC (Original Song)(Nominated)
Oscars - BEST PICTURE(Nominated)
Oscars - SOUND(Nominated)
Oscars - WRITING (Original Screenplay)(Nominated)
Golden Globes - Best Motion Picture - Drama(Nominated)
Golden Globes - Best Performance by an Actor in a Motion Picture - Drama(Nominated)
Golden Globes - Best Performance by an Actress in a Supporting Role in any Motion Picture(Nominated)
Golden Globes - Best Director - Motion Picture(Won)
Golden Globes - Best Original Song - Motion Picture(Won)",15,2,"Golden Globes - Best Director - Motion Picture(Won)
Golden Globes - Best Original Song - Motion Picture(Won)","Oscars - ACTOR IN A LEADING ROLE(Nominated)
Oscars - ART DIRECTION(Nominated)
Oscars - CINEMATOGRAPHY(Nominated)
Oscars - COSTUME DESIGN(Nominated)
Oscars - DIRECTING(Nominated)
Oscars - FILM EDITING(Nominated)
Oscars - MUSIC (Original Song)(Nominated)
Oscars - BEST PICTURE(Nominated)
Oscars - SOUND(Nominated)
Oscars - WRITING (Original Screenplay)(Nominated)
Golden Globes - Best Motion Picture - Drama(Nominated)
Golden Globes - Best Performance by an Actor in a Motion Picture - Drama(Nominated)
Golden Globes - Best Performance by an Actress in a Supporting Role in any Motion Picture(Nominated)",183124621.0,"$97,000,000"
Narc,,84.0,79.0,,0,0,,,,"$7,500,000"
Two Weeks Notice,,42.0,59.0,,0,0,,,199043309.0,"$60,000,000"
The Wild Thornberrys Movie,,80.0,51.0,"Oscars - MUSIC (Original Song)(Nominated)
Golden Globes - Best Original Song - Motion Picture(Nominated)",2,0,,"Oscars - MUSIC (Original Song)(Nominated)
Golden Globes - Best Original Song - Motion Picture(Nominated)",60694737.0,"$25,000,000"
Catch Me if You Can,,96.0,89.0,,0,0,,,355612291.0,"$52,000,000"
The Pianist,Adrien Brody,95.0,96.0,"Oscars - ACTOR IN A LEADING ROLE(Won)
Oscars - CINEMATOGRAPHY(Nominated)
Oscars - COSTUME DESIGN(Nominated)
Oscars - DIRECTING(Won)
Oscars - FILM EDITING(Nominated)
Oscars - BEST PICTURE(Nominated)
Oscars - WRITING (Adapted Screenplay)(Won)",7,3,"Oscars - ACTOR IN A LEADING ROLE(Won)
Oscars - DIRECTING(Won)
Oscars - WRITING (Adapted Screenplay)(Won)","Oscars - CINEMATOGRAPHY(Nominated)
Oscars - COSTUME DESIGN(Nominated)
Oscars - FILM EDITING(Nominated)
Oscars - BEST PICTURE(Nominated)",111874038.0,"$35,000,000"
The Hours,"Nicole Kidman, Meryl Streep",80.0,84.0,"Oscars - ACTOR IN A SUPPORTING ROLE(Nominated)
Oscars - ACTRESS IN A LEADING ROLE(Won)
Oscars - ACTRESS IN A SUPPORTING ROLE(Nominated)
Oscars - COSTUME DESIGN(Nominated)
Oscars - DIRECTING(Nominated)
Oscars - FILM EDITING(Nominated)
Oscars - MUSIC (Original Score)(Nominated)
Oscars - BEST PICTURE(Nominated)
Oscars - WRITING (Adapted Screenplay)(Nominated)
Golden Globes - Best Motion Picture - Drama(Won)
Golden Globes - Best Performance by an Actress in a Motion Picture - Drama(Won)
Golden Globes - Best Performance by an Actress in a Motion Picture - Drama(Nominated)
Golden Globes - Best Performance by an Actor in a Supporting Role in any Motion Picture(Nominated)
Golden Globes - Best Director - Motion Picture(Nominated)
Golden Globes - Best Screenplay - Motion Picture(Nominated)
Golden Globes - Best Original Score - Motion Picture(Nominated)",16,3,"Oscars - ACTRESS IN A LEADING ROLE(Won)
Golden Globes - Best Motion Picture - Drama(Won)
Golden Globes - Best Performance by an Actress in a Motion Picture - Drama(Won)","Oscars - ACTOR IN A SUPPORTING ROLE(Nominated)
Oscars - ACTRESS IN A SUPPORTING ROLE(Nominated)
Oscars - COSTUME DESIGN(Nominated)
Oscars - DIRECTING(Nominated)
Oscars - FILM EDITING(Nominated)
Oscars - MUSIC (Original Score)(Nominated)
Oscars - BEST PICTURE(Nominated)
Oscars - WRITING (Adapted Screenplay)(Nominated)
Golden Globes - Best Performance by an Actress in a Motion Picture - Drama(Nominated)
Golden Globes - Best Performance by an Actor in a Supporting Role in any Motion Picture(Nominated)
Golden Globes - Best Director - Motion Picture(Nominated)
Golden Globes - Best Screenplay - Motion Picture(Nominated)
Golden Globes - Best Original Score - Motion Picture(Nominated)",97030468.0,"$25,000,000"
Sonny,,21.0,41.0,,0,0,,,,"$4,000,000"
Confessions of a Dangerous Mind,"Brad Pitt, George Clooney, Matt Damon, Michael Cera",80.0,75.0,,0,0,,,33013805.0,"$29,000,000"
The Lord of the Rings: The Return of the King,"Elijah Wood, Ian McKellen, Viggo Mortensen",94.0,86.0,"Oscars - ART DIRECTION(Won)
Oscars - COSTUME DESIGN(Won)
Oscars - DIRECTING(Won)
Oscars - FILM EDITING(Won)
Oscars - MAKEUP(Won)
Oscars - MUSIC (Original Score)(Won)
Oscars - MUSIC (Original Song)(Won)
Oscars - BEST PICTURE(Won)
Oscars - SOUND MIXING(Won)
Oscars - VISUAL EFFECTS(Won)
Oscars - WRITING (Adapted Screenplay)(Won)
Golden Globes - Best Motion Picture - Drama(Won)
Golden Globes - Best Director - Motion Picture(Won)
Golden Globes - Best Original Score - Motion Picture(Won)
Golden Globes - Best Original Song - Motion Picture(Won)",15,15,"Oscars - ART DIRECTION(Won)
Oscars - COSTUME DESIGN(Won)
Oscars - DIRECTING(Won)
Oscars - FILM EDITING(Won)
Oscars - MAKEUP(Won)
Oscars - MUSIC (Original Score)(Won)
Oscars - MUSIC (Original Song)(Won)
Oscars - BEST PICTURE(Won)
Oscars - SOUND MIXING(Won)
Oscars - VISUAL EFFECTS(Won)
Oscars - WRITING (Adapted Screenplay)(Won)
Golden Globes - Best Motion Picture - Drama(Won)
Golden Globes - Best Director - Motion Picture(Won)
Golden Globes - Best Original Score - Motion Picture(Won)
Golden Globes - Best Original Song - Motion Picture(Won)",,,"$94,000,000"
Finding Nemo,Willem Dafoe,99.0,86.0,"Oscars - ANIMATED FEATURE FILM(Won)
Oscars - MUSIC (Original Score)(Nominated)
Oscars - SOUND EDITING(Nominated)
Oscars - WRITING (Original Screenplay)(Nominated)
Golden Globes - Best Motion Picture - Musical or Comedy(Nominated)",5,1,Oscars - ANIMATED FEATURE FILM(Won),"Oscars - MUSIC (Original Score)(Nominated)
Oscars - SOUND EDITING(Nominated)
Oscars - WRITING (Original Screenplay)(Nominated)
Golden Globes - Best Motion Picture - Musical or Comedy(Nominated)",936094852.0,"$94,000,000"
The Matrix Reloaded,Carrie-Anne Moss,73.0,72.0,,0,0,,,738576929.0,"$150,000,000"
Bruce Almighty,,48.0,57.0,,0,0,,,484468608.0,"$81,000,000"
Elf,,86.0,79.0,,0,0,,,230942224.0,"$32,000,000"
Terminator 3: Rise of the Machines,,70.0,46.0,,0,0,,,433058296.0,"$170,000,000"
The Matrix Revolutions,Carrie-Anne Moss,34.0,60.0,,0,0,,,427300260.0,"$150,000,000"
Cheaper by the Dozen,,24.0,56.0,,0,0,,,190212113.0,"$40,000,000"
Just Married,,20.0,47.0,,0,0,,,101564935.0,"$19,000,000"
A Guy Thing,,25.0,35.0,,0,0,,,,"$20,000,000"
Kangaroo Jack,,9.0,29.0,,0,0,,,90558582.0,"$60,000,000"
Amen,,67.0,82.0,,0,0,,,,"$14,000,000"
Darkness Falls,,10.0,34.0,,0,0,,,47289758.0,"$7,000,000"
Final Destination 2,,50.0,58.0,,0,0,,,90396664.0,"$26,000,000"
How to Lose a Guy in 10 Days,,42.0,77.0,,0,0,,,178503788.0,"$50,000,000"
Shanghai Knights,,66.0,54.0,,0,0,,,88316835.0,"$50,000,000"
Daredevil,,43.0,35.0,,0,0,,,182782518.0,"$80,000,000"
The Jungle Book 2,,18.0,30.0,,0,0,,,139924202.0,"$20,000,000"
Dark Blue,,58.0,52.0,,0,0,,,,"$15,000,000"
Gods and Generals,,8.0,64.0,,0,0,,,,"$55,000,000"
The Life of David Gale,,19.0,81.0,,0,0,,,28920188.0,"$50,000,000"
Old School,,60.0,86.0,,0,0,,,86737464.0,"$24,000,000"
Cradle 2 the Grave,,26.0,52.0,,0,0,,,56434942.0,"$25,000,000"
Poolhall Junkies,,33.0,87.0,,0,0,,,,"$4,000,000"
Bringing Down the House,,34.0,49.0,,0,0,,,164675402.0,"$20,000,000"
Tears of the Sun,,34.0,69.0,,0,0,,,85632458.0,"$75,000,000"
Agent Cody Banks,,38.0,32.0,,0,0,,,58240458.0,"$25,000,000"
Boat Trip,,7.0,36.0,,0,0,,,,"$15,000,000"
Dreamcatcher,,28.0,35.0,,0,0,,,75685268.0,"$68,000,000"
Basic,Samuel L. Jackson,21.0,62.0,,0,0,,,42598498.0,"$50,000,000"
The Core,,39.0,34.0,,0,0,,,74120792.0,"$85,000,000"
Head of State,,30.0,46.0,,0,0,,,38283765.0,"$35,200,000"
Phone Booth,,72.0,64.0,,0,0,,,97837138.0,"$11,000,000"
What a Girl Wants,,36.0,62.0,,0,0,,,37216643.0,"$25,000,000"
Bulletproof Monk,,23.0,38.0,,0,0,,,26922492.0,"$52,000,000"
Chasing Papi,,14.0,40.0,,0,0,,,,"$9,000,000"
A Mighty Wind,,87.0,75.0,Oscars - MUSIC (Original Song)(Nominated),1,0,,Oscars - MUSIC (Original Song)(Nominated),18504539.0,"$6,000,000"
Holes,Sigourney Weaver,78.0,76.0,,0,0,,,71232214.0,"$20,000,000"
Confidence,,69.0,70.0,Oscars - FOREIGN LANGUAGE FILM(Nominated),1,0,,Oscars - FOREIGN LANGUAGE FILM(Nominated),,"$15,000,000"
The Good Thief,Ralph Fiennes,77.0,62.0,,0,0,,,,"$30,000,000"
Identity,,63.0,75.0,,0,0,,,82119036.0,"$28,000,000"
The Real Cancun,,34.0,30.0,,0,0,,,,"$4,000,000"
The Lizzie McGuire Movie,,40.0,49.0,,0,0,,,55534455.0,"$15,000,000"
Owning Mahowny,,78.0,75.0,,0,0,,,,"$10,000,000"
Daddy Day Care,,27.0,48.0,,0,0,,,164285587.0,"$60,000,000"
The Italian Job,"Jason Statham, Mark Wahlberg, Edward Norton",72.0,80.0,,0,0,,,176262839.0,"$60,000,000"
Wrong Turn,,41.0,54.0,,0,0,,,28649556.0,"$10,000,000"
2 Fast 2 Furious,John Cena,37.0,50.0,,0,0,,,236410607.0,"$76,000,000"
The Eye,,64.0,72.0,,0,0,,,57577765.0,"$12,000,000"
Whale Rider,,91.0,88.0,Oscars - ACTRESS IN A LEADING ROLE(Nominated),1,0,,Oscars - ACTRESS IN A LEADING ROLE(Nominated),39374600.0,"$4,300,000"
Dumb and Dumberer: When Harry Met Lloyd,,10.0,23.0,,0,0,,,28986358.0,"$30,000,000"
The Heart of Me,,50.0,61.0,,0,0,,,,"$7,000,000"
Hollywood Homicide,Harrison Ford,30.0,27.0,,0,0,,,50409753.0,"$75,000,000"
Rugrats Go Wild,,40.0,39.0,,0,0,,,55443032.0,"$25,000,000"
Alex & Emma,,11.0,41.0,,0,0,,,,"$30,000,000"
From Justin to Kelly,,8.0,39.0,,0,0,,,,"$12,000,000"
Hulk,,63.0,29.0,,0,0,,,245031679.0,"$137,000,000"
Charlie's Angels: Full Throttle,Cameron Diaz,41.0,40.0,,0,0,,,227163273.0,"$120,000,000"
"Legally Blonde 2: Red, White & Blonde",,36.0,39.0,,0,0,,,125339088.0,"$25,000,000"
Sinbad: Legend of the Seven Seas,Brad Pitt,45.0,57.0,,0,0,,,80767884.0,"$60,000,000"
Swimming Pool,,83.0,67.0,,0,0,,,24021282.0,"$7,800,000"
The League of Extraordinary Gentlemen,,17.0,44.0,,0,0,,,179265204.0,"$78,000,000"
Northfork,,57.0,66.0,,0,0,,,,"$1,900,000"
Bad Boys II,Will Smith,24.0,78.0,,0,0,,,273271982.0,"$130,000,000"
How to Deal,,27.0,64.0,,0,0,,,,"$16,000,000"
Johnny English,,33.0,51.0,,0,0,,,161735791.0,"$45,000,000"
Dirty Pretty Things,,94.0,82.0,Oscars - WRITING (Original Screenplay)(Nominated),1,0,,Oscars - WRITING (Original Screenplay)(Nominated),,"$10,000,000"
Masked and Anonymous,,25.0,45.0,,0,0,,,,"$7,500,000"
Seabiscuit,Tobey Maguire,78.0,76.0,"Oscars - ART DIRECTION(Nominated)
Oscars - CINEMATOGRAPHY(Nominated)
Oscars - COSTUME DESIGN(Nominated)
Oscars - FILM EDITING(Nominated)
Oscars - BEST PICTURE(Nominated)
Oscars - SOUND MIXING(Nominated)
Oscars - WRITING (Adapted Screenplay)(Nominated)
Golden Globes - Best Motion Picture - Drama(Nominated)
Golden Globes - Best Performance by an Actor in a Supporting Role in any Motion Picture(Nominated)",9,0,,"Oscars - ART DIRECTION(Nominated)
Oscars - CINEMATOGRAPHY(Nominated)
Oscars - COSTUME DESIGN(Nominated)
Oscars - FILM EDITING(Nominated)
Oscars - BEST PICTURE(Nominated)
Oscars - SOUND MIXING(Nominated)
Oscars - WRITING (Adapted Screenplay)(Nominated)
Golden Globes - Best Motion Picture - Drama(Nominated)
Golden Globes - Best Performance by an Actor in a Supporting Role in any Motion Picture(Nominated)",148715342.0,"$86,000,000"
American Wedding,,53.0,63.0,,0,0,,,232354205.0,"$55,000,000"
Gigli,Al Pacino,6.0,14.0,,0,0,,,,"$54,000,000"
S.W.A.T.,Samuel L. Jackson,48.0,52.0,,0,0,,,207154748.0,"$70,000,000"
American Splendor,Josh Hutcherson,94.0,86.0,"Oscars - WRITING (Adapted Screenplay)(Nominated)
Golden Globes - Best Performance by an Actress in a Supporting Role in any Motion Picture(Nominated)",2,0,,"Oscars - WRITING (Adapted Screenplay)(Nominated)
Golden Globes - Best Performance by an Actress in a Supporting Role in any Motion Picture(Nominated)",,"$2,000,000"
Freddy vs. Jason,,42.0,50.0,,0,0,,,114576403.0,"$25,000,000"
Open Range,,79.0,84.0,,0,0,,,68613992.0,"$26,000,000"
Thirteen,,81.0,77.0,"Oscars - ACTRESS IN A SUPPORTING ROLE(Nominated)
Golden Globes - Best Performance by an Actress in a Motion Picture - Drama(Nominated)
Golden Globes - Best Performance by an Actress in a Supporting Role in any Motion Picture(Nominated)",3,0,,"Oscars - ACTRESS IN A SUPPORTING ROLE(Nominated)
Golden Globes - Best Performance by an Actress in a Motion Picture - Drama(Nominated)
Golden Globes - Best Performance by an Actress in a Supporting Role in any Motion Picture(Nominated)",,"$2,000,000"
Marci X,,8.0,29.0,,0,0,,,,"$20,000,000"
My Boss's Daughter,,8.0,23.0,,0,0,,,,"$14,000,000"
Jeepers Creepers 2,,24.0,37.0,,0,0,,,119923801.0,"$25,000,000"
Dickie Roberts: Former Child Star,,22.0,46.0,,0,0,,,23734486.0,"$17,000,000"
The Order,Heath Ledger,13.0,28.0,,0,0,,,,"$35,000,000"
Party Monster,,29.0,75.0,,0,0,,,,"$5,000,000"
Lost in Translation,Scarlett Johansson,95.0,85.0,"Oscars - ACTOR IN A LEADING ROLE(Nominated)
Oscars - DIRECTING(Nominated)
Oscars - BEST PICTURE(Nominated)
Oscars - WRITING (Original Screenplay)(Won)
Golden Globes - Best Motion Picture - Musical or Comedy(Won)
Golden Globes - Best Performance by an Actress in a Motion Picture - Musical or Comedy(Nominated)
Golden Globes - Best Performance by an Actor in a Motion Picture - Musical or Comedy(Won)
Golden Globes - Best Director - Motion Picture(Nominated)
Golden Globes - Best Screenplay - Motion Picture(Won)",9,4,"Oscars - WRITING (Original Screenplay)(Won)
Golden Globes - Best Motion Picture - Musical or Comedy(Won)
Golden Globes - Best Performance by an Actor in a Motion Picture - Musical or Comedy(Won)
Golden Globes - Best Screenplay - Motion Picture(Won)","Oscars - ACTOR IN A LEADING ROLE(Nominated)
Oscars - DIRECTING(Nominated)
Oscars - BEST PICTURE(Nominated)
Golden Globes - Best Performance by an Actress in a Motion Picture - Musical or Comedy(Nominated)
Golden Globes - Best Director - Motion Picture(Nominated)",117085297.0,"$4,000,000"
Once Upon a Time in Mexico,"Willem Dafoe, Johnny Depp",66.0,64.0,,0,0,,,97413527.0,"$29,000,000"
Anything Else,,40.0,44.0,,0,0,,,,"$18,000,000"
Secondhand Lions,Michael Caine,60.0,84.0,,0,0,,,47902566.0,"$30,000,000"
Duplex,,35.0,40.0,,0,0,,,,"$40,000,000"
The Rundown,Dwayne Johnson,70.0,66.0,,0,0,,,80831893.0,"$85,000,000"
Under the Tuscan Sun,,62.0,78.0,,0,0,,,57490024.0,"$18,000,000"
Out of Time,Denzel Washington,64.0,58.0,,0,0,,,55489826.0,"$50,000,000"
Intolerable Cruelty,George Clooney,76.0,48.0,,0,0,,,121327628.0,"$60,000,000"
Mystic River,,89.0,89.0,"Oscars - ACTOR IN A LEADING ROLE(Won)
Oscars - ACTOR IN A SUPPORTING ROLE(Won)
Oscars - ACTRESS IN A SUPPORTING ROLE(Nominated)
Oscars - DIRECTING(Nominated)
Oscars - BEST PICTURE(Nominated)
Oscars - WRITING (Adapted Screenplay)(Nominated)
Golden Globes - Best Motion Picture - Drama(Nominated)
Golden Globes - Best Performance by an Actor in a Motion Picture - Drama(Won)
Golden Globes - Best Performance by an Actor in a Supporting Role in any Motion Picture(Won)
Golden Globes - Best Director - Motion Picture(Nominated)
Golden Globes - Best Screenplay - Motion Picture(Nominated)",11,4,"Oscars - ACTOR IN A LEADING ROLE(Won)
Oscars - ACTOR IN A SUPPORTING ROLE(Won)
Golden Globes - Best Performance by an Actor in a Motion Picture - Drama(Won)
Golden Globes - Best Performance by an Actor in a Supporting Role in any Motion Picture(Won)","Oscars - ACTRESS IN A SUPPORTING ROLE(Nominated)
Oscars - DIRECTING(Nominated)
Oscars - BEST PICTURE(Nominated)
Oscars - WRITING (Adapted Screenplay)(Nominated)
Golden Globes - Best Motion Picture - Drama(Nominated)
Golden Globes - Best Director - Motion Picture(Nominated)
Golden Globes - Best Screenplay - Motion Picture(Nominated)",156822020.0,"$30,000,000"
The Texas Chainsaw Massacre,,37.0,58.0,,0,0,,,107967319.0,"$9,000,000"
Veronica Guerin,,53.0,69.0,Golden Globes - Best Performance by an Actress in a Motion Picture - Drama(Nominated),1,0,,Golden Globes - Best Performance by an Actress in a Motion Picture - Drama(Nominated),,"$17,000,000"
In the Cut,Mark Ruffalo,34.0,34.0,,0,0,,,23693646.0,"$12,000,000"
Beyond Borders,,14.0,72.0,,0,0,,,,"$60,000,000"
Radio,,35.0,79.0,,0,0,,,53293628.0,"$35,000,000"
Scary Movie 3,Kevin Hart,35.0,54.0,,0,0,,,155200000.0,"$45,000,000"
The Singing Detective,"Robert Downey Jr., Adrien Brody",39.0,40.0,,0,0,,,,"$8,000,000"
Shattered Glass,,92.0,79.0,Golden Globes - Best Performance by an Actor in a Supporting Role in any Motion Picture(Nominated),1,0,,Golden Globes - Best Performance by an Actor in a Supporting Role in any Motion Picture(Nominated),,"$6,000,000"
Brother Bear,,37.0,66.0,Oscars - ANIMATED FEATURE FILM(Nominated),1,0,,Oscars - ANIMATED FEATURE FILM(Nominated),250397798.0,"$46,000,000"
Love Actually,Liam Neeson,64.0,72.0,"Golden Globes - Best Motion Picture - Musical or Comedy(Nominated)
Golden Globes - Best Screenplay - Motion Picture(Nominated)",2,0,,"Golden Globes - Best Motion Picture - Musical or Comedy(Nominated)
Golden Globes - Best Screenplay - Motion Picture(Nominated)",246479647.0,"$45,000,000"
Looney Tunes: Back in Action,,57.0,50.0,,0,0,,,54540662.0,"$80,000,000"
Master and Commander: The Far Side of the World,,85.0,80.0,"Oscars - ART DIRECTION(Nominated)
Oscars - CINEMATOGRAPHY(Won)
Oscars - COSTUME DESIGN(Nominated)
Oscars - DIRECTING(Nominated)
Oscars - FILM EDITING(Nominated)
Oscars - MAKEUP(Nominated)
Oscars - BEST PICTURE(Nominated)
Oscars - SOUND EDITING(Won)
Oscars - SOUND MIXING(Nominated)
Oscars - VISUAL EFFECTS(Nominated)
Golden Globes - Best Motion Picture - Drama(Nominated)
Golden Globes - Best Performance by an Actor in a Motion Picture - Drama(Nominated)
Golden Globes - Best Director - Motion Picture(Nominated)",13,2,"Oscars - CINEMATOGRAPHY(Won)
Oscars - SOUND EDITING(Won)","Oscars - ART DIRECTION(Nominated)
Oscars - COSTUME DESIGN(Nominated)
Oscars - DIRECTING(Nominated)
Oscars - FILM EDITING(Nominated)
Oscars - MAKEUP(Nominated)
Oscars - BEST PICTURE(Nominated)
Oscars - SOUND MIXING(Nominated)
Oscars - VISUAL EFFECTS(Nominated)
Golden Globes - Best Motion Picture - Drama(Nominated)
Golden Globes - Best Performance by an Actor in a Motion Picture - Drama(Nominated)
Golden Globes - Best Director - Motion Picture(Nominated)",,"$135,000,000"
21 Grams,,81.0,86.0,"Oscars - ACTOR IN A SUPPORTING ROLE(Nominated)
Oscars - ACTRESS IN A LEADING ROLE(Nominated)",2,0,,"Oscars - ACTOR IN A SUPPORTING ROLE(Nominated)
Oscars - ACTRESS IN A LEADING ROLE(Nominated)",59667625.0,"$20,000,000"
Gothika,Robert Downey Jr.,15.0,45.0,,0,0,,,141484812.0,"$40,000,000"
Bad Santa,,78.0,75.0,Golden Globes - Best Performance by an Actor in a Motion Picture - Musical or Comedy(Nominated),1,0,,Golden Globes - Best Performance by an Actor in a Motion Picture - Musical or Comedy(Nominated),77147031.0,"$18,000,000"
The Cooler,,77.0,69.0,Oscars - ACTOR IN A SUPPORTING ROLE(Nominated),1,0,,Oscars - ACTOR IN A SUPPORTING ROLE(Nominated),,"$4,000,000"
The Haunted Mansion,,13.0,31.0,,0,0,,,155750628.0,"$90,000,000"
Timeline,,13.0,45.0,,0,0,,,26703184.0,"$80,000,000"
Honey,,21.0,71.0,,0,0,,,62646763.0,"$18,000,000"
The Last Samurai,,66.0,83.0,"Oscars - ACTOR IN A SUPPORTING ROLE(Nominated)
Oscars - ART DIRECTION(Nominated)
Oscars - COSTUME DESIGN(Nominated)
Oscars - SOUND MIXING(Nominated)
Golden Globes - Best Performance by an Actor in a Motion Picture - Drama(Nominated)
Golden Globes - Best Performance by an Actor in a Supporting Role in any Motion Picture(Nominated)
Golden Globes - Best Original Score - Motion Picture(Nominated)",7,0,,"Oscars - ACTOR IN A SUPPORTING ROLE(Nominated)
Oscars - ART DIRECTION(Nominated)
Oscars - COSTUME DESIGN(Nominated)
Oscars - SOUND MIXING(Nominated)
Golden Globes - Best Performance by an Actor in a Motion Picture - Drama(Nominated)
Golden Globes - Best Performance by an Actor in a Supporting Role in any Motion Picture(Nominated)
Golden Globes - Best Original Score - Motion Picture(Nominated)",456810575.0,"$140,000,000"
Something's Gotta Give,,72.0,69.0,"Oscars - ACTRESS IN A LEADING ROLE(Nominated)
Golden Globes - Best Performance by an Actress in a Motion Picture - Musical or Comedy(Won)
Golden Globes - Best Performance by an Actor in a Motion Picture - Musical or Comedy(Nominated)",3,1,Golden Globes - Best Performance by an Actress in a Motion Picture - Musical or Comedy(Won),"Oscars - ACTRESS IN A LEADING ROLE(Nominated)
Golden Globes - Best Performance by an Actor in a Motion Picture - Musical or Comedy(Nominated)",266685242.0,"$80,000,000"
My Life Without Me,Mark Ruffalo,65.0,87.0,,0,0,,,,"$2,500,000"
Calendar Girls,,74.0,67.0,Golden Globes - Best Performance by an Actress in a Motion Picture - Musical or Comedy(Nominated),1,0,,Golden Globes - Best Performance by an Actress in a Motion Picture - Musical or Comedy(Nominated),93074616.0,"$10,000,000"
House of Sand and Fog,Ben Kingsley,74.0,83.0,"Oscars - ACTOR IN A LEADING ROLE(Nominated)
Oscars - ACTRESS IN A SUPPORTING ROLE(Nominated)
Oscars - MUSIC (Original Score)(Nominated)
Golden Globes - Best Performance by an Actor in a Motion Picture - Drama(Nominated)",4,0,,"Oscars - ACTOR IN A LEADING ROLE(Nominated)
Oscars - ACTRESS IN A SUPPORTING ROLE(Nominated)
Oscars - MUSIC (Original Score)(Nominated)
Golden Globes - Best Performance by an Actor in a Motion Picture - Drama(Nominated)",,"$16,500,000"
Mona Lisa Smile,Kirsten Dunst,34.0,60.0,Golden Globes - Best Original Song - Motion Picture(Nominated),1,0,,Golden Globes - Best Original Song - Motion Picture(Nominated),141205169.0,"$65,000,000"
Monster,,82.0,81.0,"Oscars - ACTRESS IN A LEADING ROLE(Won)
Golden Globes - Best Performance by an Actress in a Motion Picture - Drama(Won)",2,2,"Oscars - ACTRESS IN A LEADING ROLE(Won)
Golden Globes - Best Performance by an Actress in a Motion Picture - Drama(Won)",,64200321.0,"$5,000,000"
Cold Mountain,"Nicole Kidman, Natalie Portman",70.0,77.0,"Oscars - ACTOR IN A LEADING ROLE(Nominated)
Oscars - ACTRESS IN A SUPPORTING ROLE(Won)
Oscars - CINEMATOGRAPHY(Nominated)
Oscars - FILM EDITING(Nominated)
Oscars - MUSIC (Original Score)(Nominated)
Oscars - MUSIC (Original Song)(Nominated)
Oscars - MUSIC (Original Song)(Nominated)
Golden Globes - Best Motion Picture - Drama(Nominated)
Golden Globes - Best Performance by an Actress in a Motion Picture - Drama(Nominated)
Golden Globes - Best Performance by an Actor in a Motion Picture - Drama(Nominated)
Golden Globes - Best Performance by an Actress in a Supporting Role in any Motion Picture(Won)
Golden Globes - Best Director - Motion Picture(Nominated)
Golden Globes - Best Screenplay - Motion Picture(Nominated)
Golden Globes - Best Original Score - Motion Picture(Nominated)
Golden Globes - Best Original Song - Motion Picture(Nominated)",15,2,"Oscars - ACTRESS IN A SUPPORTING ROLE(Won)
Golden Globes - Best Performance by an Actress in a Supporting Role in any Motion Picture(Won)","Oscars - ACTOR IN A LEADING ROLE(Nominated)
Oscars - CINEMATOGRAPHY(Nominated)
Oscars - FILM EDITING(Nominated)
Oscars - MUSIC (Original Score)(Nominated)
Oscars - MUSIC (Original Song)(Nominated)
Oscars - MUSIC (Original Song)(Nominated)
Golden Globes - Best Motion Picture - Drama(Nominated)
Golden Globes - Best Performance by an Actress in a Motion Picture - Drama(Nominated)
Golden Globes - Best Performance by an Actor in a Motion Picture - Drama(Nominated)
Golden Globes - Best Director - Motion Picture(Nominated)
Golden Globes - Best Screenplay - Motion Picture(Nominated)
Golden Globes - Best Original Score - Motion Picture(Nominated)
Golden Globes - Best Original Song - Motion Picture(Nominated)",165173909.0,"$80,000,000"
Paycheck,Uma Thurman,27.0,45.0,,0,0,,,98819789.0,"$60,000,000"
Shrek 2,"Mike Myers, Cameron Diaz",89.0,69.0,"Oscars - ANIMATED FEATURE FILM(Nominated)
Oscars - MUSIC (Original Song)(Nominated)
Golden Globes - Best Original Song - Motion Picture(Nominated)",3,0,,"Oscars - ANIMATED FEATURE FILM(Nominated)
Oscars - MUSIC (Original Song)(Nominated)
Golden Globes - Best Original Song - Motion Picture(Nominated)",933848612.0,"$70,000,000"
Spider-Man 2,"Kirsten Dunst, Willem Dafoe, Tobey Maguire",93.0,82.0,"Oscars - SOUND EDITING(Nominated)
Oscars - SOUND MIXING(Nominated)
Oscars - VISUAL EFFECTS(Won)",3,1,Oscars - VISUAL EFFECTS(Won),"Oscars - SOUND EDITING(Nominated)
Oscars - SOUND MIXING(Nominated)",795888127.0,"$200,000,000"
The Passion of the Christ,,49.0,80.0,"Oscars - CINEMATOGRAPHY(Nominated)
Oscars - MAKEUP(Nominated)
Oscars - MUSIC (Original Score)(Nominated)",3,0,,"Oscars - CINEMATOGRAPHY(Nominated)
Oscars - MAKEUP(Nominated)
Oscars - MUSIC (Original Score)(Nominated)",622313635.0,"$25,000,000"
Meet the Fockers,Robert De Niro,39.0,58.0,,0,0,,,516567575.0,"$60,000,000"
The Incredibles,Samuel L. Jackson,97.0,75.0,"Oscars - ANIMATED FEATURE FILM(Won)
Oscars - SOUND EDITING(Won)
Oscars - SOUND MIXING(Nominated)
Oscars - WRITING (Original Screenplay)(Nominated)",4,2,"Oscars - ANIMATED FEATURE FILM(Won)
Oscars - SOUND EDITING(Won)","Oscars - SOUND MIXING(Nominated)
Oscars - WRITING (Original Screenplay)(Nominated)",631441092.0,"$92,000,000"
Harry Potter and the Prisoner of Azkaban,"Emma Watson, Rupert Grint, Daniel Radcliffe, Gary Oldman",90.0,86.0,"Oscars - MUSIC (Original Score)(Nominated)
Oscars - VISUAL EFFECTS(Nominated)",2,0,,"Oscars - MUSIC (Original Score)(Nominated)
Oscars - VISUAL EFFECTS(Nominated)",784234714.0,"$130,000,000"
The Day After Tomorrow,Jake Gyllenhaal,45.0,50.0,,0,0,,,555840117.0,"$125,000,000"
The Bourne Supremacy,Matt Damon,82.0,90.0,,0,0,,,311001124.0,"$85,000,000"
National Treasure,,46.0,76.0,,0,0,,,331323410.0,"$100,000,000"
The Polar Express,Tom Hanks,56.0,64.0,"Oscars - MUSIC (Original Song)(Nominated)
Oscars - SOUND EDITING(Nominated)
Oscars - SOUND MIXING(Nominated)
Golden Globes - Best Original Song - Motion Picture(Nominated)",4,0,,"Oscars - MUSIC (Original Song)(Nominated)
Oscars - SOUND EDITING(Nominated)
Oscars - SOUND MIXING(Nominated)
Golden Globes - Best Original Song - Motion Picture(Nominated)",320838625.0,"$170,000,000"
Chasing Liberty,,18.0,60.0,,0,0,,,,"$23,000,000"
My Baby's Daddy,,6.0,50.0,,0,0,,,,"$12,000,000"
Along Came Polly,Kevin Hart,27.0,47.0,,0,0,,,173044410.0,"$42,000,000"
D.E.B.S.,,42.0,56.0,,0,0,,,,"$3,500,000"
The Butterfly Effect,,34.0,81.0,,0,0,,,95638592.0,"$13,000,000"
The Big Bounce,,15.0,24.0,,0,0,,,,"$50,000,000"
You Got Served,,14.0,69.0,,0,0,,,50811858.0,"$8,000,000"
Barbershop 2: Back in Business,,69.0,48.0,,0,0,,,65842412.0,"$18,000,000"
Catch That Kid,,13.0,47.0,,0,0,,,,"$18,000,000"
Miracle,,81.0,90.0,,0,0,,,64474705.0,"$28,000,000"
50 First Dates,Adam Sandler,45.0,65.0,,0,0,,,196320329.0,"$75,000,000"
Against the Ropes,,12.0,29.0,,0,0,,,,"$39,000,000"
Confessions of a Teenage Drama Queen,,14.0,35.0,,0,0,,,33118854.0,"$15,000,000"
Eurotrip,,47.0,75.0,,0,0,,,20718223.0,"$25,000,000"
Welcome to Mooseport,,13.0,19.0,,0,0,,,,"$26,000,000"
Twisted,,2.0,31.0,,0,0,,,40119848.0,"$50,000,000"
Hidalgo,Viggo Mortensen,46.0,64.0,,0,0,,,108086731.0,"$78,000,000"
Starsky & Hutch,,63.0,49.0,Golden Globes - Best Television Series - Drama(Nominated),1,0,,Golden Globes - Best Television Series - Drama(Nominated),170200225.0,"$60,000,000"
Agent Cody Banks 2: Destination London,,13.0,31.0,,0,0,,,28703083.0,"$26,000,000"
Secret Window,Johnny Depp,45.0,65.0,,0,0,,,92110539.0,"$40,000,000"
Eternal Sunshine of the Spotless Mind,"Mark Ruffalo, Kirsten Dunst, Elijah Wood",92.0,94.0,"Oscars - ACTRESS IN A LEADING ROLE(Nominated)
Oscars - WRITING (Original Screenplay)(Won)",2,1,Oscars - WRITING (Original Screenplay)(Won),Oscars - ACTRESS IN A LEADING ROLE(Nominated),72401378.0,"$20,000,000"
Jersey Girl,"Will Smith, Matt Damon",43.0,48.0,,0,0,,,37066129.0,"$35,000,000"
The Ladykillers,Tom Hanks,54.0,43.0,"Oscars - WRITING (Screenplay--Original)(Nominated)
BAFTAs - Film | British Film in 1956(Nominated)
BAFTAs - Film | British Screenplay in 1956(Won)
BAFTAs - Film | Film From Any Source in 1956(Nominated)",4,1,BAFTAs - Film | British Screenplay in 1956(Won),"Oscars - WRITING (Screenplay--Original)(Nominated)
BAFTAs - Film | British Film in 1956(Nominated)
BAFTAs - Film | Film From Any Source in 1956(Nominated)",77392139.0,"$35,000,000"
Hellboy,,81.0,66.0,,0,0,,,99823958.0,"$60,000,000"
Hellboy,,81.0,66.0,,0,0,,,99823958.0,"$50,000,000"
Home on the Range,,52.0,29.0,,0,0,,,76482461.0,"$110,000,000"
The Prince & Me,,29.0,59.0,,0,0,,,30089110.0,"$30,000,000"
Johnson Family Vacation,,6.0,44.0,,0,0,,,31286759.0,"$12,000,000"
The Alamo,,29.0,46.0,"Oscars - ACTOR IN A SUPPORTING ROLE(Nominated)
Oscars - CINEMATOGRAPHY (Color)(Nominated)
Oscars - FILM EDITING(Nominated)
Oscars - MUSIC (Music Score of a Dramatic or Comedy Picture)(Nominated)
Oscars - MUSIC (Song)(Nominated)
Oscars - BEST MOTION PICTURE(Nominated)
Oscars - SOUND(Won)
Golden Globes - Best Original Score - Motion Picture(Won)",8,2,"Oscars - SOUND(Won)
Golden Globes - Best Original Score - Motion Picture(Won)","Oscars - ACTOR IN A SUPPORTING ROLE(Nominated)
Oscars - CINEMATOGRAPHY (Color)(Nominated)
Oscars - FILM EDITING(Nominated)
Oscars - MUSIC (Music Score of a Dramatic or Comedy Picture)(Nominated)
Oscars - MUSIC (Song)(Nominated)
Oscars - BEST MOTION PICTURE(Nominated)",23911362.0,"$92,000,000"
The Alamo,,29.0,46.0,"Oscars - ACTOR IN A SUPPORTING ROLE(Nominated)
Oscars - CINEMATOGRAPHY (Color)(Nominated)
Oscars - FILM EDITING(Nominated)
Oscars - MUSIC (Music Score of a Dramatic or Comedy Picture)(Nominated)
Oscars - MUSIC (Song)(Nominated)
Oscars - BEST MOTION PICTURE(Nominated)
Oscars - SOUND(Won)
Golden Globes - Best Original Score - Motion Picture(Won)",8,2,"Oscars - SOUND(Won)
Golden Globes - Best Original Score - Motion Picture(Won)","Oscars - ACTOR IN A SUPPORTING ROLE(Nominated)
Oscars - CINEMATOGRAPHY (Color)(Nominated)
Oscars - FILM EDITING(Nominated)
Oscars - MUSIC (Music Score of a Dramatic or Comedy Picture)(Nominated)
Oscars - MUSIC (Song)(Nominated)
Oscars - BEST MOTION PICTURE(Nominated)",23911362.0,"$12,000,000"
Ella Enchanted,,51.0,57.0,,0,0,,,24200318.0,"$35,000,000"
The Whole Ten Yards,,4.0,40.0,,0,0,,,26323969.0,"$30,000,000"
Connie and Carla,,44.0,70.0,,0,0,,,,"$20,000,000"
Man on Fire,Denzel Washington,39.0,89.0,,0,0,,,130968579.0,"$60,000,000"
Bobby Jones: Stroke of Genius,,27.0,62.0,,0,0,,,,"$17,000,000"
Godsend,Robert De Niro,4.0,20.0,,0,0,,,,"$30,000,000"
Laws of Attraction,,18.0,47.0,,0,0,,,29939591.0,"$32,000,000"
Mean Girls,"Rachel McAdams, Amy Poehler",84.0,66.0,,0,0,,,130125378.0,"$36,000,000"
Mean Girls,"Rachel McAdams, Amy Poehler",84.0,66.0,,0,0,,,130125378.0,"$18,000,000"
New York Minute,,11.0,47.0,,0,0,,,21156715.0,"$40,000,000"
Van Helsing,,24.0,57.0,,0,0,,,300150546.0,"$170,000,000"
Breakin' All the Rules,,31.0,57.0,,0,0,,,,"$9,000,000"
Troy,Brad Pitt,53.0,73.0,Oscars - COSTUME DESIGN(Nominated),1,0,,Oscars - COSTUME DESIGN(Nominated),483152040.0,"$150,000,000"
Raising Helen,,25.0,61.0,,0,0,,,49842431.0,"$50,000,000"
Saved!,,61.0,78.0,,0,0,,,,"$5,000,000"
Soul Plane,Kevin Hart,18.0,51.0,,0,0,,,,"$16,000,000"
The Chronicles of Riddick,,29.0,65.0,,0,0,,,107212751.0,"$120,000,000"
Garfield: The Movie,,14.0,38.0,,0,0,,,208094550.0,"$50,000,000"
Around the World in 80 Days,,32.0,34.0,"Oscars - ART DIRECTION (Color)(Nominated)
Oscars - CINEMATOGRAPHY (Color)(Won)
Oscars - COSTUME DESIGN (Color)(Nominated)
Oscars - DIRECTING(Nominated)
Oscars - FILM EDITING(Won)
Oscars - MUSIC (Music Score of a Dramatic or Comedy Picture)(Won)
Oscars - BEST MOTION PICTURE(Won)
Oscars - WRITING (Screenplay--Adapted)(Won)
Golden Globes - Best Motion Picture - Drama(Won)
Golden Globes - Best Performance by an Actor in a Motion Picture - Musical or Comedy(Won)
Golden Globes - Best Director - Motion Picture(Nominated)",11,7,"Oscars - CINEMATOGRAPHY (Color)(Won)
Oscars - FILM EDITING(Won)
Oscars - MUSIC (Music Score of a Dramatic or Comedy Picture)(Won)
Oscars - BEST MOTION PICTURE(Won)
Oscars - WRITING (Screenplay--Adapted)(Won)
Golden Globes - Best Motion Picture - Drama(Won)
Golden Globes - Best Performance by an Actor in a Motion Picture - Musical or Comedy(Won)","Oscars - ART DIRECTION (Color)(Nominated)
Oscars - COSTUME DESIGN (Color)(Nominated)
Oscars - DIRECTING(Nominated)
Golden Globes - Best Director - Motion Picture(Nominated)",72004159.0,"$110,000,000"
Around the World in 80 Days,,32.0,34.0,"Oscars - ART DIRECTION (Color)(Nominated)
Oscars - CINEMATOGRAPHY (Color)(Won)
Oscars - COSTUME DESIGN (Color)(Nominated)
Oscars - DIRECTING(Nominated)
Oscars - FILM EDITING(Won)
Oscars - MUSIC (Music Score of a Dramatic or Comedy Picture)(Won)
Oscars - BEST MOTION PICTURE(Won)
Oscars - WRITING (Screenplay--Adapted)(Won)
Golden Globes - Best Motion Picture - Drama(Won)
Golden Globes - Best Performance by an Actor in a Motion Picture - Musical or Comedy(Won)
Golden Globes - Best Director - Motion Picture(Nominated)",11,7,"Oscars - CINEMATOGRAPHY (Color)(Won)
Oscars - FILM EDITING(Won)
Oscars - MUSIC (Music Score of a Dramatic or Comedy Picture)(Won)
Oscars - BEST MOTION PICTURE(Won)
Oscars - WRITING (Screenplay--Adapted)(Won)
Golden Globes - Best Motion Picture - Drama(Won)
Golden Globes - Best Performance by an Actor in a Motion Picture - Musical or Comedy(Won)","Oscars - ART DIRECTION (Color)(Nominated)
Oscars - COSTUME DESIGN (Color)(Nominated)
Oscars - DIRECTING(Nominated)
Golden Globes - Best Director - Motion Picture(Nominated)",72004159.0,"$6,000,000"
Dodgeball: A True Underdog Story,,71.0,76.0,,0,0,,,167791704.0,"$30,000,000"
White Chicks,,15.0,55.0,,0,0,,,111448997.0,"$20,000,000"
Fahrenheit 9/11,Robert De Niro,82.0,70.0,,0,0,,,221148959.0,"$6,000,000"
The Notebook,"Ryan Gosling, Rachel McAdams",54.0,85.0,,0,0,,,116223302.0,"$30,000,000"
Two Brothers,,78.0,75.0,,0,0,,,62176754.0,"$72,000,000"
Before Sunset,,94.0,92.0,Oscars - WRITING (Adapted Screenplay)(Nominated),1,0,,Oscars - WRITING (Adapted Screenplay)(Nominated),,"$2,000,000"
De-Lovely,,48.0,66.0,"Golden Globes - Best Performance by an Actress in a Motion Picture - Musical or Comedy(Nominated)
Golden Globes - Best Performance by an Actor in a Motion Picture - Musical or Comedy(Nominated)",2,0,,"Golden Globes - Best Performance by an Actress in a Motion Picture - Musical or Comedy(Nominated)
Golden Globes - Best Performance by an Actor in a Motion Picture - Musical or Comedy(Nominated)",18524496.0,"$15,000,000"
Anchorman: The Legend of Ron Burgundy,,66.0,86.0,,0,0,,,89476265.0,"$25,000,000"
Sleepover,,15.0,54.0,,0,0,,,,"$10,000,000"
A Cinderella Story,,11.0,53.0,,0,0,,,70112484.0,"$19,000,000"
"I, Robot",Will Smith,57.0,70.0,Oscars - VISUAL EFFECTS(Nominated),1,0,,Oscars - VISUAL EFFECTS(Nominated),348629585.0,"$105,000,000"
Catwoman,,8.0,18.0,,0,0,,,82078046.0,"$100,000,000"
A Home at the End of the World,,50.0,67.0,,0,0,,,,"$6,500,000"
Garden State,Natalie Portman,86.0,88.0,,0,0,,,36028802.0,"$2,500,000"
Harold & Kumar Go to White Castle,Ryan Reynolds,75.0,80.0,,0,0,,,19474552.0,"$9,000,000"
The Manchurian Candidate,"Denzel Washington, Meryl Streep",80.0,63.0,"Oscars - ACTRESS IN A SUPPORTING ROLE(Nominated)
Oscars - FILM EDITING(Nominated)
BAFTAs - Film | Film From Any Source in 1963(Nominated)",3,0,,"Oscars - ACTRESS IN A SUPPORTING ROLE(Nominated)
Oscars - FILM EDITING(Nominated)
BAFTAs - Film | Film From Any Source in 1963(Nominated)",96135872.0,"$80,000,000"
Thunderbirds,Ben Kingsley,19.0,37.0,,0,0,,,28231444.0,"$55,000,000"
The Village,"Joaquin Phoenix, Sigourney Weaver, Adrien Brody",44.0,57.0,"Oscars - SHORT FILM (Animated)(Nominated)
Oscars - MUSIC (Original Score)(Nominated)
BAFTAs - Film | Short Animation in 1994(Nominated)",3,0,,"Oscars - SHORT FILM (Animated)(Nominated)
Oscars - MUSIC (Original Score)(Nominated)
BAFTAs - Film | Short Animation in 1994(Nominated)",257641634.0,"$71,682,975"
Collateral,"Jason Statham, Mark Ruffalo",86.0,84.0,"Oscars - ACTOR IN A SUPPORTING ROLE(Nominated)
Oscars - FILM EDITING(Nominated)
Golden Globes - Best Performance by an Actor in a Supporting Role in any Motion Picture(Nominated)",3,0,,"Oscars - ACTOR IN A SUPPORTING ROLE(Nominated)
Oscars - FILM EDITING(Nominated)
Golden Globes - Best Performance by an Actor in a Supporting Role in any Motion Picture(Nominated)",217602967.0,"$60,000,000"
Little Black Book,,22.0,37.0,,0,0,,,21758371.0,"$30,000,000"
The Princess Diaries 2: Royal Engagement,,26.0,59.0,,0,0,,,134713435.0,"$45,000,000"
Exorcist: The Beginning,,11.0,27.0,,0,0,,,43957541.0,"$78,000,000"
Without a Paddle,,14.0,68.0,,0,0,,,65121280.0,"$30,000,000"
Anacondas: The Hunt for the Blood Orchid,,26.0,27.0,,0,0,,,70326393.0,"$25,000,000"
Suspect Zero,"Ben Kingsley, Carrie-Anne Moss",18.0,38.0,,0,0,,,,"$27,000,000"
Vanity Fair,Robert Pattinson,51.0,50.0,,0,0,,,19123851.0,"$23,000,000"
The Cookout,,5.0,37.0,,0,0,,,,"$16,000,000"
Paparazzi,Tom Holland,18.0,38.0,,0,0,,,,"$20,000,000"
Wicker Park,,27.0,79.0,,0,0,,,21577076.0,"$30,000,000"
Cellular,"Jason Statham, Chris Evans",56.0,58.0,,0,0,,,61453420.0,"$45,000,000"
Resident Evil: Apocalypse,,19.0,60.0,,0,0,,,125168734.0,"$50,000,000"
Saving Face,,88.0,88.0,Oscars - DOCUMENTARY (Short Subject)(Won),1,1,Oscars - DOCUMENTARY (Short Subject)(Won),,,"$2,500,000"
Mr. 3000,,55.0,30.0,,0,0,,,21827296.0,"$30,000,000"
Wimbledon,Kirsten Dunst,61.0,57.0,,0,0,,,41666476.0,"$35,000,000"
First Daughter,,8.0,42.0,,0,0,,,,"$30,000,000"
The Forgotten,,31.0,36.0,,0,0,,,117211892.0,"$50,000,000"
The Last Shot,Matthew Broderick,62.0,32.0,,0,0,,,,"$40,000,000"
Shaun of the Dead,,92.0,93.0,,0,0,,,29911269.0,"$5,000,000"
I Heart Huckabees,"Mark Wahlberg, Jason Schwartzman",64.0,75.0,,0,0,,,20034713.0,"$22,000,000"
Ladder 49,Joaquin Phoenix,41.0,81.0,,0,0,,,102332848.0,"$60,000,000"
Shark Tale,"Will Smith, Robert De Niro",35.0,48.0,Oscars - ANIMATED FEATURE FILM(Nominated),1,0,,Oscars - ANIMATED FEATURE FILM(Nominated),371741123.0,"$75,000,000"
Bride & Prejudice,,64.0,70.0,,0,0,,,25269040.0,"$7,000,000"
Friday Night Lights,,82.0,85.0,,0,0,,,61950770.0,"$30,000,000"
Raise Your Voice,,16.0,71.0,,0,0,,,,"$15,000,000"
Being Julia,,77.0,74.0,"Oscars - ACTRESS IN A LEADING ROLE(Nominated)
Golden Globes - Best Performance by an Actress in a Motion Picture - Musical or Comedy(Won)",2,1,Golden Globes - Best Performance by an Actress in a Motion Picture - Musical or Comedy(Won),Oscars - ACTRESS IN A LEADING ROLE(Nominated),,"$18,000,000"
Shall We Dance?,,47.0,57.0,,0,0,,,170125882.0,"$40,000,000"
Team America: World Police,"George Clooney, Matt Damon",77.0,80.0,,0,0,,,50948811.0,"$20,000,000"
The Grudge,,41.0,46.0,,0,0,,,187281115.0,"$10,000,000"
The Grudge,,41.0,46.0,,0,0,,,187281115.0,"$10,000,000"
Sideways,,97.0,79.0,"Oscars - ACTOR IN A SUPPORTING ROLE(Nominated)
Oscars - ACTRESS IN A SUPPORTING ROLE(Nominated)
Oscars - DIRECTING(Nominated)
Oscars - BEST PICTURE(Nominated)
Oscars - WRITING (Adapted Screenplay)(Won)
Golden Globes - Best Motion Picture - Musical or Comedy(Won)
Golden Globes - Best Performance by an Actor in a Motion Picture - Musical or Comedy(Nominated)
Golden Globes - Best Performance by an Actress in a Supporting Role in any Motion Picture(Nominated)
Golden Globes - Best Performance by an Actor in a Supporting Role in any Motion Picture(Nominated)
Golden Globes - Best Director - Motion Picture(Nominated)
Golden Globes - Best Screenplay - Motion Picture(Won)
Golden Globes - Best Original Score - Motion Picture(Nominated)",12,3,"Oscars - WRITING (Adapted Screenplay)(Won)
Golden Globes - Best Motion Picture - Musical or Comedy(Won)
Golden Globes - Best Screenplay - Motion Picture(Won)","Oscars - ACTOR IN A SUPPORTING ROLE(Nominated)
Oscars - ACTRESS IN A SUPPORTING ROLE(Nominated)
Oscars - DIRECTING(Nominated)
Oscars - BEST PICTURE(Nominated)
Golden Globes - Best Performance by an Actor in a Motion Picture - Musical or Comedy(Nominated)
Golden Globes - Best Performance by an Actress in a Supporting Role in any Motion Picture(Nominated)
Golden Globes - Best Performance by an Actor in a Supporting Role in any Motion Picture(Nominated)
Golden Globes - Best Director - Motion Picture(Nominated)
Golden Globes - Best Original Score - Motion Picture(Nominated)",109726800.0,"$17,000,000"
Vera Drake,,93.0,84.0,"Oscars - ACTRESS IN A LEADING ROLE(Nominated)
Oscars - DIRECTING(Nominated)
Oscars - WRITING (Original Screenplay)(Nominated)
Golden Globes - Best Performance by an Actress in a Motion Picture - Drama(Nominated)",4,0,,"Oscars - ACTRESS IN A LEADING ROLE(Nominated)
Oscars - DIRECTING(Nominated)
Oscars - WRITING (Original Screenplay)(Nominated)
Golden Globes - Best Performance by an Actress in a Motion Picture - Drama(Nominated)",,"$11,000,000"
Birth,Nicole Kidman,39.0,43.0,Golden Globes - Best Performance by an Actress in a Motion Picture - Drama(Nominated),1,0,,Golden Globes - Best Performance by an Actress in a Motion Picture - Drama(Nominated),,"$20,000,000"
Ray,,79.0,87.0,"Oscars - ACTOR IN A LEADING ROLE(Won)
Oscars - COSTUME DESIGN(Nominated)
Oscars - DIRECTING(Nominated)
Oscars - FILM EDITING(Nominated)
Oscars - BEST PICTURE(Nominated)
Oscars - SOUND MIXING(Won)
Golden Globes - Best Motion Picture - Musical or Comedy(Nominated)
Golden Globes - Best Performance by an Actor in a Motion Picture - Musical or Comedy(Won)",8,3,"Oscars - ACTOR IN A LEADING ROLE(Won)
Oscars - SOUND MIXING(Won)
Golden Globes - Best Performance by an Actor in a Motion Picture - Musical or Comedy(Won)","Oscars - COSTUME DESIGN(Nominated)
Oscars - DIRECTING(Nominated)
Oscars - FILM EDITING(Nominated)
Oscars - BEST PICTURE(Nominated)
Golden Globes - Best Motion Picture - Musical or Comedy(Nominated)",124823094.0,"$40,000,000"
Saw,,50.0,84.0,,0,0,,,103880027.0,"$1,200,000"
Alfie,,48.0,51.0,"Oscars - ACTOR(Nominated)
Oscars - ACTRESS IN A SUPPORTING ROLE(Nominated)
Oscars - MUSIC (Song)(Nominated)
Oscars - BEST PICTURE(Nominated)
Oscars - WRITING (Screenplay--based on material from another medium)(Nominated)
BAFTAs - Film | British Cinematography - Colour in 1967(Nominated)
BAFTAs - Film | British Film in 1967(Nominated)
BAFTAs - Film | British Screenplay in 1967(Nominated)
BAFTAs - Film | Editing - for best film editing of a British Film in 1967(Nominated)",9,0,,"Oscars - ACTOR(Nominated)
Oscars - ACTRESS IN A SUPPORTING ROLE(Nominated)
Oscars - MUSIC (Song)(Nominated)
Oscars - BEST PICTURE(Nominated)
Oscars - WRITING (Screenplay--based on material from another medium)(Nominated)
BAFTAs - Film | British Cinematography - Colour in 1967(Nominated)
BAFTAs - Film | British Film in 1967(Nominated)
BAFTAs - Film | British Screenplay in 1967(Nominated)
BAFTAs - Film | Editing - for best film editing of a British Film in 1967(Nominated)",35195939.0,"$40,000,000"
After the Sunset,,18.0,52.0,,0,0,,,38329114.0,"$57,000,000"
Finding Neverland,Johnny Depp,83.0,87.0,"Oscars - ACTOR IN A LEADING ROLE(Nominated)
Oscars - ART DIRECTION(Nominated)
Oscars - COSTUME DESIGN(Nominated)
Oscars - FILM EDITING(Nominated)
Oscars - MUSIC (Original Score)(Won)
Oscars - BEST PICTURE(Nominated)
Oscars - WRITING (Adapted Screenplay)(Nominated)
Golden Globes - Best Motion Picture - Drama(Nominated)
Golden Globes - Best Performance by an Actor in a Motion Picture - Drama(Nominated)
Golden Globes - Best Director - Motion Picture(Nominated)
Golden Globes - Best Screenplay - Motion Picture(Nominated)
Golden Globes - Best Original Score - Motion Picture(Nominated)",12,1,Oscars - MUSIC (Original Score)(Won),"Oscars - ACTOR IN A LEADING ROLE(Nominated)
Oscars - ART DIRECTION(Nominated)
Oscars - COSTUME DESIGN(Nominated)
Oscars - FILM EDITING(Nominated)
Oscars - BEST PICTURE(Nominated)
Oscars - WRITING (Adapted Screenplay)(Nominated)
Golden Globes - Best Motion Picture - Drama(Nominated)
Golden Globes - Best Performance by an Actor in a Motion Picture - Drama(Nominated)
Golden Globes - Best Director - Motion Picture(Nominated)
Golden Globes - Best Screenplay - Motion Picture(Nominated)
Golden Globes - Best Original Score - Motion Picture(Nominated)",115036108.0,"$25,000,000"
Kinsey,Liam Neeson,90.0,75.0,"Oscars - ACTRESS IN A SUPPORTING ROLE(Nominated)
Golden Globes - Best Motion Picture - Drama(Nominated)
Golden Globes - Best Performance by an Actor in a Motion Picture - Drama(Nominated)
Golden Globes - Best Performance by an Actress in a Supporting Role in any Motion Picture(Nominated)",4,0,,"Oscars - ACTRESS IN A SUPPORTING ROLE(Nominated)
Golden Globes - Best Motion Picture - Drama(Nominated)
Golden Globes - Best Performance by an Actor in a Motion Picture - Drama(Nominated)
Golden Globes - Best Performance by an Actress in a Supporting Role in any Motion Picture(Nominated)",,"$11,000,000"
Seed of Chucky,,35.0,43.0,,0,0,,,24716190.0,"$29,000,000"
Alexander,,16.0,35.0,,0,0,,,167297191.0,"$155,000,000"
Closer,Natalie Portman,68.0,81.0,"Oscars - ACTOR IN A SUPPORTING ROLE(Nominated)
Oscars - ACTRESS IN A SUPPORTING ROLE(Nominated)
Golden Globes - Best Motion Picture - Drama(Nominated)
Golden Globes - Best Performance by an Actress in a Supporting Role in any Motion Picture(Won)
Golden Globes - Best Performance by an Actor in a Supporting Role in any Motion Picture(Won)
Golden Globes - Best Director - Motion Picture(Nominated)
Golden Globes - Best Screenplay - Motion Picture(Nominated)",7,2,"Golden Globes - Best Performance by an Actress in a Supporting Role in any Motion Picture(Won)
Golden Globes - Best Performance by an Actor in a Supporting Role in any Motion Picture(Won)","Oscars - ACTOR IN A SUPPORTING ROLE(Nominated)
Oscars - ACTRESS IN A SUPPORTING ROLE(Nominated)
Golden Globes - Best Motion Picture - Drama(Nominated)
Golden Globes - Best Director - Motion Picture(Nominated)
Golden Globes - Best Screenplay - Motion Picture(Nominated)",116148537.0,"$35,000,000"
House of Flying Daggers,,87.0,82.0,Oscars - CINEMATOGRAPHY(Nominated),1,0,,Oscars - CINEMATOGRAPHY(Nominated),92863945.0,"$12,000,000"
Blade: Trinity,Ryan Reynolds,24.0,58.0,,0,0,,,131353165.0,"$65,000,000"
Million Dollar Baby,,90.0,90.0,"Oscars - ACTOR IN A LEADING ROLE(Nominated)
Oscars - ACTOR IN A SUPPORTING ROLE(Won)
Oscars - ACTRESS IN A LEADING ROLE(Won)
Oscars - DIRECTING(Won)
Oscars - FILM EDITING(Nominated)
Oscars - BEST PICTURE(Won)
Oscars - WRITING (Adapted Screenplay)(Nominated)
Golden Globes - Best Motion Picture - Drama(Nominated)
Golden Globes - Best Performance by an Actress in a Motion Picture - Drama(Won)
Golden Globes - Best Performance by an Actor in a Supporting Role in any Motion Picture(Nominated)
Golden Globes - Best Director - Motion Picture(Won)
Golden Globes - Best Original Score - Motion Picture(Nominated)",12,6,"Oscars - ACTOR IN A SUPPORTING ROLE(Won)
Oscars - ACTRESS IN A LEADING ROLE(Won)
Oscars - DIRECTING(Won)
Oscars - BEST PICTURE(Won)
Golden Globes - Best Performance by an Actress in a Motion Picture - Drama(Won)
Golden Globes - Best Director - Motion Picture(Won)","Oscars - ACTOR IN A LEADING ROLE(Nominated)
Oscars - FILM EDITING(Nominated)
Oscars - WRITING (Adapted Screenplay)(Nominated)
Golden Globes - Best Motion Picture - Drama(Nominated)
Golden Globes - Best Performance by an Actor in a Supporting Role in any Motion Picture(Nominated)
Golden Globes - Best Original Score - Motion Picture(Nominated)",231928227.0,"$30,000,000"
Beyond the Sea,,42.0,64.0,Golden Globes - Best Performance by an Actor in a Motion Picture - Musical or Comedy(Nominated),1,0,,Golden Globes - Best Performance by an Actor in a Motion Picture - Musical or Comedy(Nominated),,"$24,000,000"
Flight of the Phoenix,,31.0,40.0,,0,0,,,34009180.0,"$75,000,000"
Spanglish,Adam Sandler,54.0,60.0,Golden Globes - Best Original Score - Motion Picture(Nominated),1,0,,Golden Globes - Best Original Score - Motion Picture(Nominated),54344321.0,"$75,000,000"
Hotel Rwanda,Joaquin Phoenix,91.0,94.0,"Oscars - ACTOR IN A LEADING ROLE(Nominated)
Oscars - ACTRESS IN A SUPPORTING ROLE(Nominated)
Oscars - WRITING (Original Screenplay)(Nominated)
Golden Globes - Best Motion Picture - Drama(Nominated)
Golden Globes - Best Performance by an Actor in a Motion Picture - Drama(Nominated)
Golden Globes - Best Original Song - Motion Picture(Nominated)",6,0,,"Oscars - ACTOR IN A LEADING ROLE(Nominated)
Oscars - ACTRESS IN A SUPPORTING ROLE(Nominated)
Oscars - WRITING (Original Screenplay)(Nominated)
Golden Globes - Best Motion Picture - Drama(Nominated)
Golden Globes - Best Performance by an Actor in a Motion Picture - Drama(Nominated)
Golden Globes - Best Original Song - Motion Picture(Nominated)",36520451.0,"$17,500,000"
The Aviator,"Leonardo DiCaprio, Willem Dafoe",87.0,79.0,"Oscars - ACTOR IN A LEADING ROLE(Nominated)
Oscars - ACTOR IN A SUPPORTING ROLE(Nominated)
Oscars - ACTRESS IN A SUPPORTING ROLE(Won)
Oscars - ART DIRECTION(Won)
Oscars - CINEMATOGRAPHY(Won)
Oscars - COSTUME DESIGN(Won)
Oscars - DIRECTING(Nominated)
Oscars - FILM EDITING(Won)
Oscars - BEST PICTURE(Nominated)
Oscars - SOUND MIXING(Nominated)
Oscars - WRITING (Original Screenplay)(Nominated)
Golden Globes - Best Motion Picture - Drama(Won)
Golden Globes - Best Performance by an Actor in a Motion Picture - Drama(Won)
Golden Globes - Best Performance by an Actress in a Supporting Role in any Motion Picture(Nominated)
Golden Globes - Best Director - Motion Picture(Nominated)
Golden Globes - Best Screenplay - Motion Picture(Nominated)
Golden Globes - Best Original Score - Motion Picture(Won)",17,8,"Oscars - ACTRESS IN A SUPPORTING ROLE(Won)
Oscars - ART DIRECTION(Won)
Oscars - CINEMATOGRAPHY(Won)
Oscars - COSTUME DESIGN(Won)
Oscars - FILM EDITING(Won)
Golden Globes - Best Motion Picture - Drama(Won)
Golden Globes - Best Performance by an Actor in a Motion Picture - Drama(Won)
Golden Globes - Best Original Score - Motion Picture(Won)","Oscars - ACTOR IN A LEADING ROLE(Nominated)
Oscars - ACTOR IN A SUPPORTING ROLE(Nominated)
Oscars - DIRECTING(Nominated)
Oscars - BEST PICTURE(Nominated)
Oscars - SOUND MIXING(Nominated)
Oscars - WRITING (Original Screenplay)(Nominated)
Golden Globes - Best Performance by an Actress in a Supporting Role in any Motion Picture(Nominated)
Golden Globes - Best Director - Motion Picture(Nominated)
Golden Globes - Best Screenplay - Motion Picture(Nominated)",208370892.0,"$110,000,000"
Darkness,,5.0,31.0,,0,0,,,34409206.0,"$10,600,000"
Fat Albert,,23.0,44.0,,0,0,,,48563556.0,"$45,000,000"
The Assassination of Richard Nixon,,68.0,69.0,,0,0,,,,"$4,600,000"
In Good Company,Scarlett Johansson,82.0,54.0,,0,0,,,63463195.0,"$26,000,000"
Harry Potter and the Goblet of Fire,"Emma Watson, Rupert Grint, Daniel Radcliffe, Robert Pattinson, Ralph Fiennes, Gary Oldman",88.0,74.0,Oscars - ART DIRECTION(Nominated),1,0,,Oscars - ART DIRECTION(Nominated),886112502.0,"$150,000,000"
War of the Worlds,Channing Tatum,76.0,42.0,"Oscars - SOUND EDITING(Nominated)
Oscars - SOUND MIXING(Nominated)
Oscars - VISUAL EFFECTS(Nominated)",3,0,,"Oscars - SOUND EDITING(Nominated)
Oscars - SOUND MIXING(Nominated)
Oscars - VISUAL EFFECTS(Nominated)",606836535.0,"$132,000,000"
Wedding Crashers,,75.0,70.0,,0,0,,,283218368.0,"$40,000,000"
Charlie and the Chocolate Factory,Johnny Depp,83.0,51.0,"Oscars - COSTUME DESIGN(Nominated)
Golden Globes - Best Performance by an Actor in a Motion Picture - Musical or Comedy(Nominated)",2,0,,"Oscars - COSTUME DESIGN(Nominated)
Golden Globes - Best Performance by an Actor in a Motion Picture - Musical or Comedy(Nominated)",475825484.0,"$150,000,000"
Batman Begins,"Christian Bale, Liam Neeson, Michael Caine, Gary Oldman",85.0,94.0,Oscars - CINEMATOGRAPHY(Nominated),1,0,,Oscars - CINEMATOGRAPHY(Nominated),356770593.0,"$150,000,000"
Madagascar,,55.0,67.0,,0,0,,,556559566.0,"$75,000,000"
White Noise,Michael Keaton,7.0,31.0,,0,0,,,92094360.0,"$10,000,000"
Coach Carter,"Channing Tatum, Samuel L. Jackson",64.0,85.0,,0,0,,,76665507.0,"$45,000,000"
Elektra,Jennifer Garner,11.0,29.0,,0,0,,,56824633.0,"$65,000,000"
Racing Stripes,,35.0,42.0,,0,0,,,89809433.0,"$30,000,000"
The Wedding Date,,11.0,67.0,,0,0,,,47175038.0,"$15,000,000"
Hitch,Will Smith,69.0,62.0,,0,0,,,366784257.0,"$55,000,000"
Pooh's Heffalump Movie,,80.0,68.0,,0,0,,,55686944.0,"$20,000,000"
Because of Winn-Dixie,,55.0,63.0,,0,0,,,33508485.0,"$15,000,000"
Constantine,,46.0,72.0,,0,0,,,221593554.0,"$75,000,000"
Son of the Mask,,6.0,16.0,,0,0,,,59918422.0,"$100,000,000"
Diary of a Mad Black Woman,,16.0,86.0,,0,0,,,50458356.0,"$5,500,000"
Be Cool,"Dwayne Johnson, Uma Thurman",30.0,42.0,,0,0,,,94944017.0,"$75,000,000"
The Jacket,Adrien Brody,44.0,73.0,,0,0,,,,"$28,500,000"
The Pacifier,,21.0,58.0,,0,0,,,198006880.0,"$56,000,000"
Robots,Ewan McGregor,64.0,54.0,,0,0,,,260636271.0,"$80,000,000"
Ice Princess,,52.0,58.0,,0,0,,,25732334.0,"$25,000,000"
The Ring Two,,21.0,33.0,,0,0,,,161941727.0,"$50,000,000"
Miss Congeniality 2: Armed and Fabulous,,15.0,43.0,,0,0,,,101292343.0,"$60,000,000"
Guess Who,,41.0,49.0,,0,0,,,102115888.0,"$35,000,000"
The Ballad of Jack and Rose,,47.0,61.0,,0,0,,,,"$1,500,000"
Sin City,Elijah Wood,76.0,78.0,,0,0,,,158527918.0,"$40,000,000"
The Upside of Anger,,74.0,63.0,,0,0,,,28915761.0,"$12,000,000"
The Interpreter,Nicole Kidman,58.0,54.0,,0,0,,,162753837.0,"$90,000,000"
King's Ransom,,2.0,32.0,,0,0,,,,"$25,000,000"
The Hitchhiker's Guide to the Galaxy,,60.0,65.0,,0,0,,,102746214.0,"$45,000,000"
XXX: State of the Union,,17.0,32.0,,0,0,,,71073932.0,"$60,000,000"
House of Wax,,28.0,43.0,,0,0,,,70064800.0,"$35,000,000"
Kingdom of Heaven,"Liam Neeson, Edward Norton",40.0,72.0,,0,0,,,218674938.0,"$110,000,000"
Mindhunters,,24.0,57.0,,0,0,,,,"$27,000,000"
Monster-in-Law,,18.0,55.0,,0,0,,,155931301.0,"$45,000,000"
The Sisterhood of the Traveling Pants,,82.0,78.0,,0,0,,,41560117.0,"$25,000,000"
Cinderella Man,,80.0,91.0,"Oscars - ACTOR IN A SUPPORTING ROLE(Nominated)
Oscars - FILM EDITING(Nominated)
Oscars - MAKEUP(Nominated)
Golden Globes - Best Performance by an Actor in a Motion Picture - Drama(Nominated)
Golden Globes - Best Performance by an Actor in a Supporting Role in any Motion Picture(Nominated)",5,0,,"Oscars - ACTOR IN A SUPPORTING ROLE(Nominated)
Oscars - FILM EDITING(Nominated)
Oscars - MAKEUP(Nominated)
Golden Globes - Best Performance by an Actor in a Motion Picture - Drama(Nominated)
Golden Globes - Best Performance by an Actor in a Supporting Role in any Motion Picture(Nominated)",105021488.0,"$88,000,000"
Lords of Dogtown,Heath Ledger,55.0,81.0,,0,0,,,,"$25,000,000"
The Perfect Man,,6.0,58.0,,0,0,,,19535005.0,"$10,000,000"
Herbie: Fully Loaded,,41.0,39.0,,0,0,,,144110682.0,"$50,000,000"
Bewitched,,24.0,28.0,"Golden Globes - Actress In A Television Series(Nominated)
Golden Globes - Actress In A Television Series(Nominated)
Golden Globes - Actress In A Television Series(Nominated)
Golden Globes - Best Performance by an Actress in a Television Series - Musical or Comedy(Nominated)",4,0,,"Golden Globes - Actress In A Television Series(Nominated)
Golden Globes - Actress In A Television Series(Nominated)
Golden Globes - Actress In A Television Series(Nominated)
Golden Globes - Best Performance by an Actress in a Television Series - Musical or Comedy(Nominated)",131159306.0,"$80,000,000"
Rebound,,14.0,38.0,,0,0,,,,"$45,000,000"
Dark Water,,47.0,28.0,,0,0,,,49473093.0,"$60,000,000"
Fantastic Four,,28.0,45.0,,0,0,,,333132750.0,"$87,500,000"
Hustle & Flow,,82.0,82.0,"Oscars - ACTOR IN A LEADING ROLE(Nominated)
Oscars - MUSIC (Original Song)(Won)
Golden Globes - Best Performance by an Actor in a Motion Picture - Drama(Nominated)",3,1,Oscars - MUSIC (Original Song)(Won),"Oscars - ACTOR IN A LEADING ROLE(Nominated)
Golden Globes - Best Performance by an Actor in a Motion Picture - Drama(Nominated)",23591783.0,"$2,800,000"
Must Love Dogs,,37.0,50.0,,0,0,,,58405313.0,"$35,000,000"
The Chumscrubber,"Ralph Fiennes, Carrie-Anne Moss",37.0,75.0,,0,0,,,,"$6,800,000"
The Dukes of Hazzard,,14.0,46.0,,0,0,,,109848461.0,"$53,000,000"
Four Brothers,Mark Wahlberg,53.0,80.0,,0,0,,,92494381.0,"$30,000,000"
The Great Raid,Sam Worthington,38.0,70.0,,0,0,,,,"$60,000,000"
Valiant,Ewan McGregor,32.0,29.0,,0,0,,,64188387.0,"$35,000,000"
The Brothers Grimm,"Matt Damon, Heath Ledger",38.0,39.0,,0,0,,,105299638.0,"$80,000,000"
The Cave,,12.0,28.0,Oscars - DOCUMENTARY (Feature)(Nominated),1,0,,Oscars - DOCUMENTARY (Feature)(Nominated),27147991.0,"$30,000,000"
Undiscovered,Carrie Fisher,8.0,48.0,,0,0,,,,"$9,000,000"
The Constant Gardener,Ralph Fiennes,83.0,82.0,"Oscars - ACTRESS IN A SUPPORTING ROLE(Won)
Oscars - FILM EDITING(Nominated)
Oscars - MUSIC (Original Score)(Nominated)
Oscars - WRITING (Adapted Screenplay)(Nominated)",4,1,Oscars - ACTRESS IN A SUPPORTING ROLE(Won),"Oscars - FILM EDITING(Nominated)
Oscars - MUSIC (Original Score)(Nominated)
Oscars - WRITING (Adapted Screenplay)(Nominated)",86301599.0,"$25,500,000"
A Sound of Thunder,Ben Kingsley,6.0,18.0,,0,0,,,,"$80,000,000"
Underclassman,,6.0,34.0,,0,0,,,,"$25,000,000"
Thumbsucker,,71.0,71.0,,0,0,,,,"$4,000,000"
The Exorcism of Emily Rose,,45.0,60.0,,0,0,,,144529078.0,"$18,000,000"
Cry Wolf,,23.0,51.0,,0,0,,,,"$1,000,000"
Just Like Heaven,Mark Ruffalo,54.0,75.0,,0,0,,,100687083.0,"$58,000,000"
Lord of War,,62.0,85.0,,0,0,,,60437727.0,"$42,000,000"
Flightplan,,37.0,48.0,,0,0,,,214392904.0,"$55,000,000"
Roll Bounce,,66.0,70.0,,0,0,,,,"$10,000,000"
The Greatest Game Ever Played,,63.0,82.0,,0,0,,,,"$25,000,000"
A History of Violence,Viggo Mortensen,88.0,76.0,"Oscars - ACTOR IN A SUPPORTING ROLE(Nominated)
Oscars - WRITING (Adapted Screenplay)(Nominated)
Golden Globes - Best Motion Picture - Drama(Nominated)
Golden Globes - Best Performance by an Actress in a Motion Picture - Drama(Nominated)",4,0,,"Oscars - ACTOR IN A SUPPORTING ROLE(Nominated)
Oscars - WRITING (Adapted Screenplay)(Nominated)
Golden Globes - Best Motion Picture - Drama(Nominated)
Golden Globes - Best Performance by an Actress in a Motion Picture - Drama(Nominated)",61477797.0,"$32,000,000"
Into the Blue,,21.0,57.0,,0,0,,,41982227.0,"$50,000,000"
Serenity,Morena Baccarin,82.0,91.0,,0,0,,,40319440.0,"$39,000,000"
Serenity,Morena Baccarin,82.0,91.0,,0,0,,,40319440.0,"$25,000,000"
The Squid and the Whale,,92.0,81.0,Oscars - WRITING (Original Screenplay)(Nominated),1,0,,Oscars - WRITING (Original Screenplay)(Nominated),,"$1,500,000"
Domino,,18.0,56.0,,0,0,,,23574057.0,"$50,000,000"
Elizabethtown,Kirsten Dunst,28.0,66.0,,0,0,,,50719373.0,"$54,000,000"
Doom,Dwayne Johnson,18.0,34.0,,0,0,,,58757178.0,"$70,000,000"
Take Me Home Tonight,Chris Pratt,28.0,42.0,,0,0,,,,"$19,000,000"
North Country,,70.0,76.0,"Oscars - ACTRESS IN A LEADING ROLE(Nominated)
Oscars - ACTRESS IN A SUPPORTING ROLE(Nominated)
Golden Globes - Best Performance by an Actress in a Motion Picture - Drama(Nominated)
Golden Globes - Best Performance by an Actress in a Supporting Role in any Motion Picture(Nominated)",4,0,,"Oscars - ACTRESS IN A LEADING ROLE(Nominated)
Oscars - ACTRESS IN A SUPPORTING ROLE(Nominated)
Golden Globes - Best Performance by an Actress in a Motion Picture - Drama(Nominated)
Golden Globes - Best Performance by an Actress in a Supporting Role in any Motion Picture(Nominated)",23676771.0,"$30,000,000"
Shopgirl,Jason Schwartzman,61.0,58.0,,0,0,,,,"$7,500,000"
The Legend of Zorro,,28.0,48.0,,0,0,,,141475336.0,"$80,000,000"
Saw II,,37.0,59.0,,0,0,,,152925093.0,"$5,000,000"
The Weather Man,"Nicholas Hoult, Michael Caine",60.0,56.0,,0,0,,,,"$20,000,000"
Chicken Little,,37.0,47.0,,0,0,,,310043823.0,"$150,000,000"
Get Rich or Die Tryin',,17.0,70.0,,0,0,,,46666955.0,"$40,000,000"
Derailed,,21.0,58.0,,0,0,,,57520063.0,"$22,000,000"
"Kiss Kiss, Bang Bang",,86.0,87.0,,0,0,,,,"$15,000,000"
Zathura,,76.0,51.0,,0,0,,,58545540.0,"$65,000,000"
Walk the Line,Joaquin Phoenix,82.0,90.0,"Oscars - ACTOR IN A LEADING ROLE(Nominated)
Oscars - ACTRESS IN A LEADING ROLE(Won)
Oscars - COSTUME DESIGN(Nominated)
Oscars - FILM EDITING(Nominated)
Oscars - SOUND MIXING(Nominated)",5,1,Oscars - ACTRESS IN A LEADING ROLE(Won),"Oscars - ACTOR IN A LEADING ROLE(Nominated)
Oscars - COSTUME DESIGN(Nominated)
Oscars - FILM EDITING(Nominated)
Oscars - SOUND MIXING(Nominated)",187707495.0,"$29,000,000"
Brokeback Mountain,"Jake Gyllenhaal, Heath Ledger",88.0,82.0,"Oscars - ACTOR IN A LEADING ROLE(Nominated)
Oscars - ACTOR IN A SUPPORTING ROLE(Nominated)
Oscars - ACTRESS IN A SUPPORTING ROLE(Nominated)
Oscars - CINEMATOGRAPHY(Nominated)
Oscars - DIRECTING(Won)
Oscars - MUSIC (Original Score)(Won)
Oscars - BEST PICTURE(Nominated)
Oscars - WRITING (Adapted Screenplay)(Won)
Golden Globes - Best Motion Picture - Drama(Won)
Golden Globes - Best Performance by an Actor in a Motion Picture - Drama(Nominated)
Golden Globes - Best Performance by an Actress in a Supporting Role in any Motion Picture(Nominated)
Golden Globes - Best Director - Motion Picture(Won)
Golden Globes - Best Screenplay - Motion Picture(Won)
Golden Globes - Best Original Score - Motion Picture(Nominated)
Golden Globes - Best Original Song - Motion Picture(Won)",15,7,"Oscars - DIRECTING(Won)
Oscars - MUSIC (Original Score)(Won)
Oscars - WRITING (Adapted Screenplay)(Won)
Golden Globes - Best Motion Picture - Drama(Won)
Golden Globes - Best Director - Motion Picture(Won)
Golden Globes - Best Screenplay - Motion Picture(Won)
Golden Globes - Best Original Song - Motion Picture(Won)","Oscars - ACTOR IN A LEADING ROLE(Nominated)
Oscars - ACTOR IN A SUPPORTING ROLE(Nominated)
Oscars - ACTRESS IN A SUPPORTING ROLE(Nominated)
Oscars - CINEMATOGRAPHY(Nominated)
Oscars - BEST PICTURE(Nominated)
Golden Globes - Best Performance by an Actor in a Motion Picture - Drama(Nominated)
Golden Globes - Best Performance by an Actress in a Supporting Role in any Motion Picture(Nominated)
Golden Globes - Best Original Score - Motion Picture(Nominated)",176980863.0,"$13,900,000"
Syriana,"George Clooney, Matt Damon",73.0,67.0,"Oscars - ACTOR IN A SUPPORTING ROLE(Won)
Oscars - WRITING (Original Screenplay)(Nominated)
Golden Globes - Best Performance by an Actor in a Supporting Role in any Motion Picture(Won)
Golden Globes - Best Original Score - Motion Picture(Nominated)",4,2,"Oscars - ACTOR IN A SUPPORTING ROLE(Won)
Golden Globes - Best Performance by an Actor in a Supporting Role in any Motion Picture(Won)","Oscars - WRITING (Original Screenplay)(Nominated)
Golden Globes - Best Original Score - Motion Picture(Nominated)",92690959.0,"$50,000,000"
The Family Stone,Rachel McAdams,52.0,63.0,,0,0,,,92357499.0,"$18,000,000"
Cheaper by the Dozen 2,,7.0,57.0,,0,0,,,135015330.0,"$60,000,000"
Memoirs of a Geisha,,36.0,83.0,"Oscars - ART DIRECTION(Won)
Oscars - CINEMATOGRAPHY(Won)
Oscars - COSTUME DESIGN(Won)
Oscars - MUSIC (Original Score)(Nominated)
Oscars - SOUND EDITING(Nominated)
Oscars - SOUND MIXING(Nominated)
Golden Globes - Best Performance by an Actress in a Motion Picture - Drama(Nominated)
Golden Globes - Best Original Score - Motion Picture(Won)",8,4,"Oscars - ART DIRECTION(Won)
Oscars - CINEMATOGRAPHY(Won)
Oscars - COSTUME DESIGN(Won)
Golden Globes - Best Original Score - Motion Picture(Won)","Oscars - MUSIC (Original Score)(Nominated)
Oscars - SOUND EDITING(Nominated)
Oscars - SOUND MIXING(Nominated)
Golden Globes - Best Performance by an Actress in a Motion Picture - Drama(Nominated)",161510853.0,"$85,000,000"
Munich,,78.0,83.0,"Oscars - DIRECTING(Nominated)
Oscars - FILM EDITING(Nominated)
Oscars - MUSIC (Original Score)(Nominated)
Oscars - BEST PICTURE(Nominated)
Oscars - WRITING (Adapted Screenplay)(Nominated)
Golden Globes - Best Director - Motion Picture(Nominated)
Golden Globes - Best Screenplay - Motion Picture(Nominated)",7,0,,"Oscars - DIRECTING(Nominated)
Oscars - FILM EDITING(Nominated)
Oscars - MUSIC (Original Score)(Nominated)
Oscars - BEST PICTURE(Nominated)
Oscars - WRITING (Adapted Screenplay)(Nominated)
Golden Globes - Best Director - Motion Picture(Nominated)
Golden Globes - Best Screenplay - Motion Picture(Nominated)",131492772.0,"$75,000,000"
Transamerica,,77.0,83.0,"Oscars - ACTRESS IN A LEADING ROLE(Nominated)
Oscars - MUSIC (Original Song)(Nominated)
Golden Globes - Best Performance by an Actress in a Motion Picture - Drama(Won)
Golden Globes - Best Original Song - Motion Picture(Nominated)",4,1,Golden Globes - Best Performance by an Actress in a Motion Picture - Drama(Won),"Oscars - ACTRESS IN A LEADING ROLE(Nominated)
Oscars - MUSIC (Original Song)(Nominated)
Golden Globes - Best Original Song - Motion Picture(Nominated)",,"$1,000,000"
Mrs. Henderson Presents,,68.0,72.0,"Oscars - ACTRESS IN A LEADING ROLE(Nominated)
Oscars - COSTUME DESIGN(Nominated)
Golden Globes - Best Motion Picture - Musical or Comedy(Nominated)
Golden Globes - Best Performance by an Actress in a Motion Picture - Musical or Comedy(Nominated)
Golden Globes - Best Performance by an Actor in a Supporting Role in any Motion Picture(Nominated)",5,0,,"Oscars - ACTRESS IN A LEADING ROLE(Nominated)
Oscars - COSTUME DESIGN(Nominated)
Golden Globes - Best Motion Picture - Musical or Comedy(Nominated)
Golden Globes - Best Performance by an Actress in a Motion Picture - Musical or Comedy(Nominated)
Golden Globes - Best Performance by an Actor in a Supporting Role in any Motion Picture(Nominated)",27836366.0,"$20,000,000"
Match Point,Scarlett Johansson,77.0,81.0,"Oscars - WRITING (Original Screenplay)(Nominated)
Golden Globes - Best Motion Picture - Drama(Nominated)
Golden Globes - Best Performance by an Actress in a Supporting Role in any Motion Picture(Nominated)
Golden Globes - Best Director - Motion Picture(Nominated)
Golden Globes - Best Screenplay - Motion Picture(Nominated)",5,0,,"Oscars - WRITING (Original Screenplay)(Nominated)
Golden Globes - Best Motion Picture - Drama(Nominated)
Golden Globes - Best Performance by an Actress in a Supporting Role in any Motion Picture(Nominated)
Golden Globes - Best Director - Motion Picture(Nominated)
Golden Globes - Best Screenplay - Motion Picture(Nominated)",87950928.0,"$15,000,000"
Night at the Museum,,42.0,67.0,,0,0,,,579446407.0,"$110,000,000"
Cars,"Tom Hanks, Michael Keaton",75.0,80.0,"Oscars - ANIMATED FEATURE FILM(Nominated)
Oscars - MUSIC (Original Song)(Nominated)
Golden Globes - Best Motion Picture - Animated(Won)",3,1,Golden Globes - Best Motion Picture - Animated(Won),"Oscars - ANIMATED FEATURE FILM(Nominated)
Oscars - MUSIC (Original Song)(Nominated)",461630558.0,"$70,000,000"
The Da Vinci Code,"Tom Hanks, Ian McKellen",25.0,57.0,,0,0,,,767820459.0,"$125,000,000"
Superman Returns,Marlon Brando,74.0,60.0,Oscars - VISUAL EFFECTS(Nominated),1,0,,Oscars - VISUAL EFFECTS(Nominated),391081192.0,"$232,000,000"
Happy Feet,"Hugh Jackman, Nicole Kidman, Elijah Wood",76.0,70.0,"Oscars - ANIMATED FEATURE FILM(Won)
Golden Globes - Best Motion Picture - Animated(Nominated)
Golden Globes - Best Original Song - Motion Picture(Won)",3,2,"Oscars - ANIMATED FEATURE FILM(Won)
Golden Globes - Best Original Song - Motion Picture(Won)",Golden Globes - Best Motion Picture - Animated(Nominated),385000315.0,"$85,000,000"
Casino Royale,,94.0,90.0,"Oscars - MUSIC (Song)(Nominated)
BAFTAs - Film | British Costume Design - Colour in 1968(Nominated)",2,0,,"Oscars - MUSIC (Song)(Nominated)
BAFTAs - Film | British Costume Design - Colour in 1968(Nominated)",594420216.0,"$102,000,000"
Casino Royale,,94.0,90.0,"Oscars - MUSIC (Song)(Nominated)
BAFTAs - Film | British Costume Design - Colour in 1968(Nominated)",2,0,,"Oscars - MUSIC (Song)(Nominated)
BAFTAs - Film | British Costume Design - Colour in 1968(Nominated)",594420216.0,"$12,000,000"
The Pursuit of Happyness,Will Smith,67.0,87.0,"Oscars - ACTOR IN A LEADING ROLE(Nominated)
Golden Globes - Best Performance by an Actor in a Motion Picture - Drama(Nominated)
Golden Globes - Best Original Song - Motion Picture(Nominated)",3,0,,"Oscars - ACTOR IN A LEADING ROLE(Nominated)
Golden Globes - Best Performance by an Actor in a Motion Picture - Drama(Nominated)
Golden Globes - Best Original Song - Motion Picture(Nominated)",307311093.0,"$55,000,000"
BloodRayne,Ben Kingsley,4.0,17.0,,0,0,,,,"$25,000,000"
Hostel,,59.0,53.0,,0,0,,,82241110.0,"$4,800,000"
Last Holiday,,100.0,77.0,,0,0,,,43343247.0,"$45,000,000"
End of the Spear,,42.0,82.0,,0,0,,,,"$10,000,000"
High School Musical,,67.0,74.0,,0,0,,,,"$4,200,000"
Underworld: Evolution,,17.0,72.0,,0,0,,,113417762.0,"$45,000,000"
Nanny McPhee,,74.0,64.0,,0,0,,,128745578.0,"$25,000,000"
Final Destination 3,,43.0,57.0,,0,0,,,112798051.0,"$25,000,000"
Firewall,Harrison Ford,19.0,37.0,,0,0,,,82751189.0,"$50,000,000"
The Pink Panther,Jason Statham,89.0,78.0,Oscars - MUSIC (Music Score--substantially original)(Nominated),1,0,,Oscars - MUSIC (Music Score--substantially original)(Nominated),158926474.0,"$80,000,000"
Eight Below,,73.0,79.0,,0,0,,,120455994.0,"$40,000,000"
Madea's Family Reunion,,26.0,93.0,,0,0,,,63320521.0,"$10,000,000"
16 Blocks,,55.0,57.0,,0,0,,,65595141.0,"$45,000,000"
Aquamarine,,53.0,62.0,,0,0,,,22978953.0,"$12,000,000"
Failure to Launch,,23.0,52.0,,0,0,,,128402901.0,"$50,000,000"
The Libertine,"Tom Holland, Johnny Depp",34.0,58.0,,0,0,,,,"$22,000,000"
The Shaggy Dog,Robert Downey Jr.,26.0,39.0,,0,0,,,87123569.0,"$60,000,000"
V for Vendetta,Natalie Portman,73.0,90.0,,0,0,,,130214162.0,"$50,000,000"
Inside Man,"Denzel Washington, Willem Dafoe",86.0,85.0,,0,0,,,185798265.0,"$50,000,000"
Larry the Cable Guy: Health Inspector,,5.0,52.0,,0,0,,,,"$17,000,000"
ATL,,62.0,86.0,,0,0,,,21170563.0,"$17,000,000"
Basic Instinct 2,,6.0,27.0,,0,0,,,35417162.0,"$70,000,000"
The Benchwarmers,,13.0,64.0,,0,0,,,65063726.0,"$35,000,000"
Lucky Number Slevin,Ben Kingsley,52.0,87.0,,0,0,,,55495466.0,"$27,000,000"
Phat Girlz,,21.0,65.0,,0,0,,,,"$3,000,000"
Take the Lead,,44.0,77.0,,0,0,,,65390493.0,"$30,000,000"
Scary Movie 4,Kevin Hart,34.0,51.0,,0,0,,,178710620.0,"$40,000,000"
The Wild,,19.0,36.0,,0,0,,,99010667.0,"$80,000,000"
Wild,,50.0,71.0,"Oscars - ACTRESS IN A LEADING ROLE(Nominated)
Oscars - ACTRESS IN A SUPPORTING ROLE(Nominated)
Golden Globes - Best Performance by an Actress in a Motion Picture - Drama(Nominated)",3,0,,"Oscars - ACTRESS IN A LEADING ROLE(Nominated)
Oscars - ACTRESS IN A SUPPORTING ROLE(Nominated)
Golden Globes - Best Performance by an Actress in a Motion Picture - Drama(Nominated)",52460543.0,"$15,000,000"
American Dreamz,Willem Dafoe,39.0,31.0,,0,0,,,,"$17,000,000"
Silent Hill,,32.0,63.0,,0,0,,,94704227.0,"$50,000,000"
Akeelah and the Bee,,86.0,81.0,,0,0,,,18959424.0,"$8,000,000"
Stick It,,32.0,73.0,,0,0,,,30399714.0,"$20,000,000"
United 93,,90.0,83.0,"Oscars - DIRECTING(Nominated)
Oscars - FILM EDITING(Nominated)",2,0,,"Oscars - DIRECTING(Nominated)
Oscars - FILM EDITING(Nominated)",77635035.0,"$18,000,000"
An American Haunting,,13.0,35.0,,0,0,,,30443277.0,"$14,000,000"
Hoot,,26.0,54.0,,0,0,,,,"$15,000,000"
Just My Luck,,14.0,48.0,,0,0,,,38159905.0,"$28,000,000"
Poseidon,,33.0,43.0,Oscars - VISUAL EFFECTS(Nominated),1,0,,Oscars - VISUAL EFFECTS(Nominated),181674817.0,"$160,000,000"
Over the Hedge,,75.0,71.0,,0,0,,,343397247.0,"$80,000,000"
An Inconvenient Truth,,93.0,79.0,"Oscars - DOCUMENTARY (Feature)(Won)
Oscars - MUSIC (Original Song)(Won)",2,2,"Oscars - DOCUMENTARY (Feature)(Won)
Oscars - MUSIC (Original Song)(Won)",,53365925.0,"$1,000,000"
The Break-Up,,34.0,46.0,,0,0,,,205727307.0,"$52,000,000"
The Fast and the Furious: Tokyo Drift,,37.0,69.0,,0,0,,,157794205.0,"$85,000,000"
The Lake House,,35.0,73.0,,0,0,,,114830111.0,"$40,000,000"
Nacho Libre,,40.0,55.0,,0,0,,,99296462.0,"$32,000,000"
Click,Adam Sandler,34.0,66.0,Oscars - MAKEUP(Nominated),1,0,,Oscars - MAKEUP(Nominated),237685089.0,"$82,500,000"
The Devil Wears Prada,"Meryl Streep, Emily Blunt",75.0,76.0,"Oscars - ACTRESS IN A LEADING ROLE(Nominated)
Oscars - COSTUME DESIGN(Nominated)",2,0,,"Oscars - ACTRESS IN A LEADING ROLE(Nominated)
Oscars - COSTUME DESIGN(Nominated)",326073155.0,"$35,000,000"
A Scanner Darkly,"Robert Downey Jr., Winona Ryder",68.0,74.0,,0,0,,,,"$20,000,000"
Little Man,,12.0,55.0,,0,0,,,101636047.0,"$64,000,000"
"You, Me and Dupree",,20.0,50.0,,0,0,,,130402010.0,"$54,000,000"
Lady in the Water,,25.0,49.0,,0,0,,,72785169.0,"$75,000,000"
Monster House,,75.0,64.0,"Oscars - ANIMATED FEATURE FILM(Nominated)
Golden Globes - Best Motion Picture - Animated(Nominated)",2,0,,"Oscars - ANIMATED FEATURE FILM(Nominated)
Golden Globes - Best Motion Picture - Animated(Nominated)",141267370.0,"$75,000,000"
Little Miss Sunshine,,91.0,91.0,"Oscars - ACTOR IN A SUPPORTING ROLE(Won)
Oscars - ACTRESS IN A SUPPORTING ROLE(Nominated)
Oscars - BEST PICTURE(Nominated)
Oscars - WRITING (Original Screenplay)(Won)
Golden Globes - Best Motion Picture - Musical or Comedy(Nominated)
Golden Globes - Best Performance by an Actress in a Motion Picture - Musical or Comedy(Nominated)",6,2,"Oscars - ACTOR IN A SUPPORTING ROLE(Won)
Oscars - WRITING (Original Screenplay)(Won)","Oscars - ACTRESS IN A SUPPORTING ROLE(Nominated)
Oscars - BEST PICTURE(Nominated)
Golden Globes - Best Motion Picture - Musical or Comedy(Nominated)
Golden Globes - Best Performance by an Actress in a Motion Picture - Musical or Comedy(Nominated)",100642353.0,"$8,000,000"
The Ant Bully,Meryl Streep,62.0,42.0,,0,0,,,49610898.0,"$45,000,000"
Miami Vice,,47.0,43.0,"Golden Globes - Best Television Series - Drama(Nominated)
Golden Globes - Best Performance by an Actor In A Television Series - Drama(Won)
Golden Globes - Best Performance by an Actor In A Television Series - Drama(Nominated)
Golden Globes - Best Performance by an Actor in a Supporting Role in a Series, Limited Series or Motion Picture Made for Television(Won)
Golden Globes - Best Television Series - Drama(Nominated)
Golden Globes - Best Performance by an Actor In A Television Series - Drama(Nominated)
Golden Globes - Best Performance by an Actor in a Supporting Role in a Series, Limited Series or Motion Picture Made for Television(Nominated)",7,2,"Golden Globes - Best Performance by an Actor In A Television Series - Drama(Won)
Golden Globes - Best Performance by an Actor in a Supporting Role in a Series, Limited Series or Motion Picture Made for Television(Won)","Golden Globes - Best Television Series - Drama(Nominated)
Golden Globes - Best Performance by an Actor In A Television Series - Drama(Nominated)
Golden Globes - Best Television Series - Drama(Nominated)
Golden Globes - Best Performance by an Actor In A Television Series - Drama(Nominated)
Golden Globes - Best Performance by an Actor in a Supporting Role in a Series, Limited Series or Motion Picture Made for Television(Nominated)",164920076.0,"$135,000,000"
Scoop,"Hugh Jackman, Scarlett Johansson",41.0,55.0,,0,0,,,40103262.0,"$4,000,000"
Barnyard: The Original Party Animals,,22.0,52.0,,0,0,,,118583844.0,"$51,000,000"
The Descent,,87.0,76.0,,0,0,,,57051053.0,"$7,000,000"
The Night Listener,,40.0,35.0,,0,0,,,,"$4,000,000"
Talladega Nights: The Ballad of Ricky Bobby,,71.0,73.0,,0,0,,,,"$73,000,000"
World Trade Center,,66.0,60.0,,0,0,,,163295654.0,"$65,000,000"
Step Up,Channing Tatum,21.0,83.0,,0,0,,,110989157.0,"$12,000,000"
Zoom,,4.0,33.0,,0,0,,,,"$35,000,000"
The Illusionist,Edward Norton,90.0,79.0,"Oscars - CINEMATOGRAPHY(Nominated)
Oscars - ANIMATED FEATURE FILM(Nominated)",2,0,,"Oscars - CINEMATOGRAPHY(Nominated)
Oscars - ANIMATED FEATURE FILM(Nominated)",83792062.0,"$16,500,000"
Snakes on a Plane,Samuel L. Jackson,69.0,49.0,,0,0,,,62020814.0,"$33,000,000"
Trust the Man,,29.0,35.0,,0,0,,,,"$9,000,000"
Beerfest,,40.0,75.0,,0,0,,,20159316.0,"$17,500,000"
Idlewild,,47.0,66.0,,0,0,,,,"$15,000,000"
Invincible,,72.0,73.0,Oscars - SHORT FILM (Live Action)(Nominated),1,0,,Oscars - SHORT FILM (Live Action)(Nominated),58501127.0,"$40,000,000"
Crank,Jason Statham,62.0,71.0,,0,0,,,43924923.0,"$12,000,000"
Crossover,,2.0,59.0,,0,0,,,,"$5,600,000"
Idiocracy,,71.0,60.0,,0,0,,,,"$2,400,000"
The Namesake,,85.0,79.0,,0,0,,,20288774.0,"$8,500,000"
The Covenant,,4.0,62.0,,0,0,,,38164784.0,"$20,000,000"
The Black Dahlia,Scarlett Johansson,32.0,27.0,Oscars - CINEMATOGRAPHY(Nominated),1,0,,Oscars - CINEMATOGRAPHY(Nominated),49238525.0,"$60,000,000"
Gridiron Gang,Dwayne Johnson,43.0,81.0,,0,0,,,41457834.0,"$30,000,000"
Bandidas,,56.0,43.0,,0,0,,,19282590.0,"$35,000,000"
Flyboys,,33.0,66.0,,0,0,,,,"$60,000,000"
The Last King of Scotland,,87.0,89.0,Oscars - ACTOR IN A LEADING ROLE(Won),1,1,Oscars - ACTOR IN A LEADING ROLE(Won),,49155371.0,"$6,000,000"
School for Scoundrels,,27.0,52.0,,0,0,,,17807569.0,"$20,000,000"
The Departed,"Mark Wahlberg, Matt Damon, John Cena, Leonardo DiCaprio",91.0,94.0,"Oscars - ACTOR IN A SUPPORTING ROLE(Nominated)
Oscars - DIRECTING(Won)
Oscars - FILM EDITING(Won)
Oscars - BEST PICTURE(Won)
Oscars - WRITING (Adapted Screenplay)(Won)",5,4,"Oscars - DIRECTING(Won)
Oscars - FILM EDITING(Won)
Oscars - BEST PICTURE(Won)
Oscars - WRITING (Adapted Screenplay)(Won)",Oscars - ACTOR IN A SUPPORTING ROLE(Nominated),289660619.0,"$90,000,000"
Employee of the Month,,20.0,53.0,,0,0,,,38364855.0,"$10,000,000"
Little Children,,80.0,82.0,"Oscars - ACTOR IN A SUPPORTING ROLE(Nominated)
Oscars - ACTRESS IN A LEADING ROLE(Nominated)
Oscars - WRITING (Adapted Screenplay)(Nominated)
Golden Globes - Best Motion Picture - Drama(Nominated)
Golden Globes - Best Performance by an Actress in a Motion Picture - Drama(Nominated)
Golden Globes - Best Screenplay - Motion Picture(Nominated)",6,0,,"Oscars - ACTOR IN A SUPPORTING ROLE(Nominated)
Oscars - ACTRESS IN A LEADING ROLE(Nominated)
Oscars - WRITING (Adapted Screenplay)(Nominated)
Golden Globes - Best Motion Picture - Drama(Nominated)
Golden Globes - Best Performance by an Actress in a Motion Picture - Drama(Nominated)
Golden Globes - Best Screenplay - Motion Picture(Nominated)",,"$14,000,000"
The Queen,,97.0,76.0,"Oscars - ACTRESS IN A LEADING ROLE(Won)
Oscars - COSTUME DESIGN(Nominated)
Oscars - DIRECTING(Nominated)
Oscars - MUSIC (Original Score)(Nominated)
Oscars - BEST PICTURE(Nominated)
Oscars - WRITING (Original Screenplay)(Nominated)",6,1,Oscars - ACTRESS IN A LEADING ROLE(Won),"Oscars - COSTUME DESIGN(Nominated)
Oscars - DIRECTING(Nominated)
Oscars - MUSIC (Original Score)(Nominated)
Oscars - BEST PICTURE(Nominated)
Oscars - WRITING (Original Screenplay)(Nominated)",128885873.0,"$15,000,000"
The Texas Chainsaw Massacre: The Beginning,,15.0,53.0,,0,0,,,,"$16,000,000"
The Grudge 2,,12.0,40.0,,0,0,,,70743839.0,"$20,000,000"
Infamous,Sigourney Weaver,74.0,69.0,,0,0,,,,"$13,000,000"
Man of the Year,"Jeff Goldblum, Amy Poehler",21.0,45.0,,0,0,,,41342180.0,"$20,000,000"
The Marine,John Cena,17.0,60.0,,0,0,,,22165608.0,"$15,000,000"
Flags of Our Fathers,,76.0,69.0,"Oscars - SOUND EDITING(Nominated)
Oscars - SOUND MIXING(Nominated)
Golden Globes - Best Director - Motion Picture(Nominated)",3,0,,"Oscars - SOUND EDITING(Nominated)
Oscars - SOUND MIXING(Nominated)
Golden Globes - Best Director - Motion Picture(Nominated)",63657941.0,"$53,000,000"
Flicka,Armie Hammer,54.0,82.0,,0,0,,,21896367.0,"$15,000,000"
The Prestige,"Hugh Jackman, Scarlett Johansson, Christian Bale, Michael Caine",77.0,92.0,"Oscars - ART DIRECTION(Nominated)
Oscars - CINEMATOGRAPHY(Nominated)",2,0,,"Oscars - ART DIRECTION(Nominated)
Oscars - CINEMATOGRAPHY(Nominated)",104407366.0,"$40,000,000"
Babel,Brad Pitt,69.0,77.0,"Oscars - ACTRESS IN A SUPPORTING ROLE(Nominated)
Oscars - ACTRESS IN A SUPPORTING ROLE(Nominated)
Oscars - DIRECTING(Nominated)
Oscars - FILM EDITING(Nominated)
Oscars - MUSIC (Original Score)(Won)
Oscars - BEST PICTURE(Nominated)
Oscars - WRITING (Original Screenplay)(Nominated)
Golden Globes - Best Motion Picture - Drama(Won)
Golden Globes - Best Performance by an Actress in a Supporting Role in any Motion Picture(Nominated)
Golden Globes - Best Performance by an Actress in a Supporting Role in any Motion Picture(Nominated)
Golden Globes - Best Performance by an Actor in a Supporting Role in any Motion Picture(Nominated)
Golden Globes - Best Director - Motion Picture(Nominated)
Golden Globes - Best Screenplay - Motion Picture(Nominated)
Golden Globes - Best Original Score - Motion Picture(Nominated)",14,2,"Oscars - MUSIC (Original Score)(Won)
Golden Globes - Best Motion Picture - Drama(Won)","Oscars - ACTRESS IN A SUPPORTING ROLE(Nominated)
Oscars - ACTRESS IN A SUPPORTING ROLE(Nominated)
Oscars - DIRECTING(Nominated)
Oscars - FILM EDITING(Nominated)
Oscars - BEST PICTURE(Nominated)
Oscars - WRITING (Original Screenplay)(Nominated)
Golden Globes - Best Performance by an Actress in a Supporting Role in any Motion Picture(Nominated)
Golden Globes - Best Performance by an Actress in a Supporting Role in any Motion Picture(Nominated)
Golden Globes - Best Performance by an Actor in a Supporting Role in any Motion Picture(Nominated)
Golden Globes - Best Director - Motion Picture(Nominated)
Golden Globes - Best Screenplay - Motion Picture(Nominated)
Golden Globes - Best Original Score - Motion Picture(Nominated)",132121212.0,"$20,000,000"
Catch a Fire,,75.0,71.0,,0,0,,,,"$14,000,000"
Running With Scissors,,32.0,56.0,Golden Globes - Best Performance by an Actress in a Motion Picture - Musical or Comedy(Nominated),1,0,,Golden Globes - Best Performance by an Actress in a Motion Picture - Musical or Comedy(Nominated),,"$12,000,000"
Flushed Away,"Hugh Jackman, Ian McKellen",73.0,65.0,,0,0,,,179357126.0,"$149,000,000"
Unknown,Liam Neeson,38.0,54.0,,0,0,,,136123083.0,"$40,000,000"
Unknown,Liam Neeson,38.0,54.0,,0,0,,,136123083.0,"$3,700,000"
Volver,,91.0,89.0,"Oscars - ACTRESS IN A LEADING ROLE(Nominated)
Golden Globes - Best Performance by an Actress in a Motion Picture - Drama(Nominated)",2,0,,"Oscars - ACTRESS IN A LEADING ROLE(Nominated)
Golden Globes - Best Performance by an Actress in a Motion Picture - Drama(Nominated)",87226613.0,"$9,400,000"
Come Early Morning,,84.0,49.0,,0,0,,,,"$6,000,000"
Harsh Times,Christian Bale,48.0,55.0,,0,0,,,,"$2,000,000"
The Return,,96.0,93.0,,0,0,,,,"$15,000,000"
Stranger Than Fiction,,73.0,85.0,Golden Globes - Best Performance by an Actor in a Motion Picture - Musical or Comedy(Nominated),1,0,,Golden Globes - Best Performance by an Actor in a Motion Picture - Musical or Comedy(Nominated),53572822.0,"$30,000,000"
For Your Consideration,,53.0,43.0,,0,0,,,,"$12,000,000"
Let's Go to Prison,,13.0,48.0,,0,0,,,,"$4,000,000"
Deck the Halls,Matthew Broderick,6.0,30.0,,0,0,,,46815807.0,"$51,000,000"
The Fountain,Hugh Jackman,53.0,74.0,Golden Globes - Best Original Score - Motion Picture(Nominated),1,0,,Golden Globes - Best Original Score - Motion Picture(Nominated),,"$35,000,000"
The Nativity Story,,38.0,76.0,,0,0,,,46309644.0,"$35,000,000"
Turistas,,19.0,28.0,,0,0,,,,"$10,000,000"
Miss Potter,Ewan McGregor,69.0,68.0,Golden Globes - Best Performance by an Actress in a Motion Picture - Musical or Comedy(Nominated),1,0,,Golden Globes - Best Performance by an Actress in a Motion Picture - Musical or Comedy(Nominated),35891257.0,"$30,000,000"
Apocalypto,,65.0,79.0,"Oscars - MAKEUP(Nominated)
Oscars - SOUND EDITING(Nominated)
Oscars - SOUND MIXING(Nominated)",3,0,,"Oscars - MAKEUP(Nominated)
Oscars - SOUND EDITING(Nominated)
Oscars - SOUND MIXING(Nominated)",121032272.0,"$40,000,000"
Blood Diamond,Leonardo DiCaprio,63.0,90.0,"Oscars - ACTOR IN A LEADING ROLE(Nominated)
Oscars - ACTOR IN A SUPPORTING ROLE(Nominated)
Oscars - FILM EDITING(Nominated)
Oscars - SOUND EDITING(Nominated)
Oscars - SOUND MIXING(Nominated)
Golden Globes - Best Performance by an Actor in a Motion Picture - Drama(Nominated)",6,0,,"Oscars - ACTOR IN A LEADING ROLE(Nominated)
Oscars - ACTOR IN A SUPPORTING ROLE(Nominated)
Oscars - FILM EDITING(Nominated)
Oscars - SOUND EDITING(Nominated)
Oscars - SOUND MIXING(Nominated)
Golden Globes - Best Performance by an Actor in a Motion Picture - Drama(Nominated)",171377916.0,"$100,000,000"
The Holiday,Cameron Diaz,50.0,80.0,,0,0,,,204920447.0,"$85,000,000"
Unaccompanied Minors,,30.0,53.0,,0,0,,,21970831.0,"$25,000,000"
Dreamgirls,,79.0,71.0,"Oscars - ACTOR IN A SUPPORTING ROLE(Nominated)
Oscars - ACTRESS IN A SUPPORTING ROLE(Won)
Oscars - ART DIRECTION(Nominated)
Oscars - COSTUME DESIGN(Nominated)
Oscars - MUSIC (Original Song)(Nominated)
Oscars - MUSIC (Original Song)(Nominated)
Oscars - MUSIC (Original Song)(Nominated)
Oscars - SOUND MIXING(Won)
Golden Globes - Best Motion Picture - Musical or Comedy(Won)
Golden Globes - Best Performance by an Actress in a Motion Picture - Musical or Comedy(Nominated)
Golden Globes - Best Performance by an Actress in a Supporting Role in any Motion Picture(Won)
Golden Globes - Best Performance by an Actor in a Supporting Role in any Motion Picture(Won)
Golden Globes - Best Original Song - Motion Picture(Nominated)",13,5,"Oscars - ACTRESS IN A SUPPORTING ROLE(Won)
Oscars - SOUND MIXING(Won)
Golden Globes - Best Motion Picture - Musical or Comedy(Won)
Golden Globes - Best Performance by an Actress in a Supporting Role in any Motion Picture(Won)
Golden Globes - Best Performance by an Actor in a Supporting Role in any Motion Picture(Won)","Oscars - ACTOR IN A SUPPORTING ROLE(Nominated)
Oscars - ART DIRECTION(Nominated)
Oscars - COSTUME DESIGN(Nominated)
Oscars - MUSIC (Original Song)(Nominated)
Oscars - MUSIC (Original Song)(Nominated)
Oscars - MUSIC (Original Song)(Nominated)
Golden Globes - Best Performance by an Actress in a Motion Picture - Musical or Comedy(Nominated)
Golden Globes - Best Original Song - Motion Picture(Nominated)",155620350.0,"$75,000,000"
Eragon,,16.0,46.0,,0,0,,,249488115.0,"$100,000,000"
The Good German,"George Clooney, Tobey Maguire",34.0,33.0,Oscars - MUSIC (Original Score)(Nominated),1,0,,Oscars - MUSIC (Original Score)(Nominated),,"$32,000,000"
The Painted Veil,Edward Norton,74.0,85.0,Golden Globes - Best Original Score - Motion Picture(Won),1,1,Golden Globes - Best Original Score - Motion Picture(Won),,,"$19,400,000"
Rocky Balboa,,78.0,76.0,,0,0,,,156229050.0,"$24,000,000"
Venus,,88.0,74.0,"Oscars - ACTOR IN A LEADING ROLE(Nominated)
Golden Globes - Best Performance by an Actor in a Motion Picture - Drama(Nominated)",2,0,,"Oscars - ACTOR IN A LEADING ROLE(Nominated)
Golden Globes - Best Performance by an Actor in a Motion Picture - Drama(Nominated)",,"$6,000,000"
The Good Shepherd,,56.0,51.0,Oscars - ART DIRECTION(Nominated),1,0,,Oscars - ART DIRECTION(Nominated),100378271.0,"$80,000,000"
We Are Marshall,,49.0,79.0,,0,0,,,43545364.0,"$65,000,000"
Children of Men,Michael Caine,92.0,85.0,"Oscars - CINEMATOGRAPHY(Nominated)
Oscars - FILM EDITING(Nominated)
Oscars - WRITING (Adapted Screenplay)(Nominated)",3,0,,"Oscars - CINEMATOGRAPHY(Nominated)
Oscars - FILM EDITING(Nominated)
Oscars - WRITING (Adapted Screenplay)(Nominated)",69845011.0,"$76,000,000"
Notes on a Scandal,,88.0,83.0,"Oscars - ACTRESS IN A LEADING ROLE(Nominated)
Oscars - ACTRESS IN A SUPPORTING ROLE(Nominated)
Oscars - MUSIC (Original Score)(Nominated)
Oscars - WRITING (Adapted Screenplay)(Nominated)",4,0,,"Oscars - ACTRESS IN A LEADING ROLE(Nominated)
Oscars - ACTRESS IN A SUPPORTING ROLE(Nominated)
Oscars - MUSIC (Original Score)(Nominated)
Oscars - WRITING (Adapted Screenplay)(Nominated)",50578411.0,"$27,500,000"
Perfume: The Story of a Murderer,,59.0,74.0,,0,0,,,133603463.0,"$63,700,000"
The Dead Girl,,76.0,65.0,,0,0,,,,"$3,300,000"
Spider-Man 3,"Kirsten Dunst, Willem Dafoe, Tobey Maguire",63.0,51.0,,0,0,,,895937268.0,"$258,000,000"
Shrek the Third,"Mike Myers, Cameron Diaz, Amy Poehler",42.0,52.0,,0,0,,,807330936.0,"$160,000,000"
Harry Potter and the Order of the Phoenix,"Emma Watson, Rupert Grint, Daniel Radcliffe, Ralph Fiennes, Gary Oldman",78.0,81.0,,0,0,,,,"$150,000,000"
The Bourne Ultimatum,Matt Damon,92.0,91.0,"Oscars - FILM EDITING(Won)
Oscars - SOUND EDITING(Won)
Oscars - SOUND MIXING(Won)",3,3,"Oscars - FILM EDITING(Won)
Oscars - SOUND EDITING(Won)
Oscars - SOUND MIXING(Won)",,444043396.0,"$130,000,000"
300,,61.0,89.0,,0,0,,,454161935.0,"$60,000,000"
Code Name: The Cleaner,,4.0,38.0,,0,0,,,,"$20,000,000"
Freedom Writers,,70.0,87.0,,0,0,,,43632609.0,"$21,000,000"
Happily N'Ever After,Sigourney Weaver,6.0,34.0,,0,0,,,37923818.0,"$47,000,000"
Stomp the Yard,,27.0,81.0,,0,0,,,75525718.0,"$14,000,000"
Blood and Chocolate,,11.0,52.0,,0,0,,,,"$15,000,000"
Epic Movie,,2.0,29.0,,0,0,,,86858578.0,"$20,000,000"
Smokin' Aces,Ryan Reynolds,31.0,62.0,,0,0,,,57263440.0,"$17,000,000"
Because I Said So,,4.0,65.0,,0,0,,,69538833.0,"$39,000,000"
Factory Girl,,20.0,60.0,,0,0,,,,"$7,000,000"
The Messengers,,11.0,44.0,,0,0,,,53774833.0,"$16,000,000"
Hannibal Rising,,16.0,55.0,,0,0,,,80583311.0,"$50,000,000"
Music and Lyrics,,63.0,68.0,,0,0,,,146196885.0,"$40,000,000"
Bridge to Terabithia,Josh Hutcherson,85.0,70.0,,0,0,,,137984788.0,"$25,000,000"
Ghost Rider,,27.0,48.0,,0,0,,,229545589.0,"$120,000,000"
The Number 23,,7.0,56.0,,0,0,,,77593167.0,"$32,000,000"
Black Snake Moan,Samuel L. Jackson,66.0,69.0,,0,0,,,,"$15,000,000"
Wild Hogs,,14.0,61.0,,0,0,,,253555383.0,"$60,000,000"
Zodiac,"Jake Gyllenhaal, Mark Ruffalo, Robert Downey Jr.",90.0,77.0,,0,0,,,83027938.0,"$85,000,000"
The Ultimate Gift,,33.0,84.0,,0,0,,,,"$9,000,000"
I Think I Love My Wife,,19.0,41.0,,0,0,,,,"$14,000,000"
The Wind That Shakes the Barley,,90.0,87.0,,0,0,,,25170688.0,"$8,300,000"
Reign Over Me,Adam Sandler,64.0,81.0,,0,0,,,20081987.0,"$20,000,000"
Shooter,Mark Wahlberg,48.0,80.0,,0,0,,,95538560.0,"$60,000,000"
Blades of Glory,Amy Poehler,70.0,68.0,,0,0,,,145594548.0,"$61,000,000"
The Reaping,,8.0,49.0,,0,0,,,62226214.0,"$40,000,000"
Grindhouse,,84.0,87.0,,0,0,,,50187789.0,"$53,000,000"
Disturbia,Carrie-Anne Moss,70.0,77.0,,0,0,,,118537627.0,"$20,000,000"
Slow Burn,,9.0,55.0,,0,0,,,,"$15,500,000"
Hot Fuzz,,91.0,89.0,,0,0,,,80695830.0,"$16,000,000"
In the Land of Women,,44.0,52.0,,0,0,,,,"$10,500,000"
Jindabyne,,65.0,49.0,,0,0,,,,"$10,800,000"
Next,,28.0,53.0,,0,0,,,73591500.0,"$70,000,000"
Waitress,,89.0,74.0,,0,0,,,22217183.0,"$1,500,000"
Lucky You,Robert Downey Jr.,28.0,28.0,,0,0,,,,"$55,000,000"
28 Weeks Later,,72.0,66.0,,0,0,,,64232714.0,"$15,000,000"
Georgia Rule,,19.0,52.0,,0,0,,,20819601.0,"$20,000,000"
The Wendell Baker Story,,40.0,40.0,,0,0,,,,"$8,000,000"
Gracie,,62.0,58.0,,0,0,,,,"$9,000,000"
Knocked Up,,89.0,83.0,,0,0,,,219265952.0,"$27,500,000"
Fantastic Four: Rise of the Silver Surfer,,38.0,51.0,,0,0,,,,"$120,000,000"
Nancy Drew,,50.0,59.0,,0,0,,,30703845.0,"$20,000,000"
1408,Samuel L. Jackson,80.0,61.0,,0,0,,,131263370.0,"$22,500,000"
Evan Almighty,,24.0,52.0,,0,0,,,174131329.0,"$175,000,000"
Live Free or Die Hard,,82.0,86.0,,0,0,,,382288147.0,"$110,000,000"
Evening,,27.0,48.0,,0,0,,,,"$30,000,000"
Ratatouille,,96.0,87.0,"Oscars - ANIMATED FEATURE FILM(Won)
Oscars - MUSIC (Original Score)(Nominated)
Oscars - SOUND EDITING(Nominated)
Oscars - SOUND MIXING(Nominated)
Oscars - WRITING (Original Screenplay)(Nominated)
Golden Globes - Best Motion Picture - Animated(Won)",6,2,"Oscars - ANIMATED FEATURE FILM(Won)
Golden Globes - Best Motion Picture - Animated(Won)","Oscars - MUSIC (Original Score)(Nominated)
Oscars - SOUND EDITING(Nominated)
Oscars - SOUND MIXING(Nominated)
Oscars - WRITING (Original Screenplay)(Nominated)",626549695.0,"$150,000,000"
Sicko,,91.0,87.0,Oscars - DOCUMENTARY (Feature)(Nominated),1,0,,Oscars - DOCUMENTARY (Feature)(Nominated),36535837.0,"$9,000,000"
License to Wed,,7.0,53.0,,0,0,,,70187088.0,"$35,000,000"
Rescue Dawn,Christian Bale,90.0,75.0,,0,0,,,,"$10,000,000"
I Now Pronounce You Chuck and Larry,,14.0,69.0,,0,0,,,185708462.0,"$85,000,000"
No Reservations,,42.0,62.0,,0,0,,,91943956.0,"$28,000,000"
The Simpsons Movie,Tom Hanks,87.0,77.0,,0,0,,,527071022.0,"$72,500,000"
Who's Your Caddy?,,6.0,59.0,,0,0,,,,"$7,000,000"
Becoming Jane,,58.0,74.0,,0,0,,,39380831.0,"$16,500,000"
Hot Rod,,39.0,64.0,,0,0,,,,"$25,000,000"
The Ten,Winona Ryder,35.0,40.0,,0,0,,,,"$5,250,000"
Daddy Day Camp,,1.0,38.0,,0,0,,,18209872.0,"$6,000,000"
Rush Hour 3,,17.0,63.0,,0,0,,,256585882.0,"$180,000,000"
Death at a Funeral,,62.0,79.0,,0,0,,,48977233.0,"$21,000,000"
Death at a Funeral,,62.0,79.0,,0,0,,,48977233.0,"$20,000,000"
High School Musical 2,,83.0,72.0,,0,0,,,,"$7,000,000"
The Invasion,Nicole Kidman,20.0,40.0,,0,0,,,40147042.0,"$80,000,000"
The Last Legion,Ben Kingsley,15.0,34.0,,0,0,,,25357771.0,"$67,000,000"
Superbad,"Emma Stone, Michael Cera",88.0,87.0,,0,0,,,169955142.0,"$17,500,000"
Resurrecting the Champ,Samuel L. Jackson,61.0,60.0,,0,0,,,,"$13,000,000"
September Dawn,,16.0,49.0,,0,0,,,,"$10,100,000"
Death Sentence,,20.0,60.0,,0,0,,,,"$20,000,000"
3:10 to Yuma,Christian Bale,89.0,86.0,"Oscars - MUSIC (Original Score)(Nominated)
Oscars - SOUND MIXING(Nominated)",2,0,,"Oscars - MUSIC (Original Score)(Nominated)
Oscars - SOUND MIXING(Nominated)",71171825.0,"$48,000,000"
Shoot 'Em Up,,67.0,65.0,,0,0,,,26796824.0,"$39,000,000"
The Brave One,,43.0,64.0,"Oscars - FILM EDITING(Nominated)
Oscars - SOUND RECORDING(Nominated)
Oscars - WRITING (Motion Picture Story)(Won)",3,1,Oscars - WRITING (Motion Picture Story)(Won),"Oscars - FILM EDITING(Nominated)
Oscars - SOUND RECORDING(Nominated)",69792704.0,"$70,000,000"
Eastern Promises,Viggo Mortensen,89.0,83.0,"Oscars - ACTOR IN A LEADING ROLE(Nominated)
Golden Globes - Best Motion Picture - Drama(Nominated)
Golden Globes - Best Performance by an Actor in a Motion Picture - Drama(Nominated)
Golden Globes - Best Original Score - Motion Picture(Nominated)",4,0,,"Oscars - ACTOR IN A LEADING ROLE(Nominated)
Golden Globes - Best Motion Picture - Drama(Nominated)
Golden Globes - Best Performance by an Actor in a Motion Picture - Drama(Nominated)
Golden Globes - Best Original Score - Motion Picture(Nominated)",56077088.0,"$50,000,000"
In the Valley of Elah,,74.0,77.0,Oscars - ACTOR IN A LEADING ROLE(Nominated),1,0,,Oscars - ACTOR IN A LEADING ROLE(Nominated),24489150.0,"$23,000,000"
Good Luck Chuck,,5.0,57.0,,0,0,,,60709968.0,"$25,000,000"
Into the Wild,,83.0,89.0,"Oscars - ACTOR IN A SUPPORTING ROLE(Nominated)
Oscars - FILM EDITING(Nominated)",2,0,,"Oscars - ACTOR IN A SUPPORTING ROLE(Nominated)
Oscars - FILM EDITING(Nominated)",56822960.0,"$20,000,000"
Resident Evil: Extinction,,24.0,58.0,,0,0,,,149871103.0,"$45,000,000"
Sydney White,,35.0,70.0,,0,0,,,,"$16,500,000"
The Kingdom,Jennifer Garner,52.0,76.0,,0,0,,,86802457.0,"$72,500,000"
The Good Night,,30.0,33.0,,0,0,,,,"$15,000,000"
Across the Universe,,53.0,82.0,Oscars - COSTUME DESIGN(Nominated),1,0,,Oscars - COSTUME DESIGN(Nominated),29367143.0,"$45,000,000"
Michael Clayton,George Clooney,90.0,69.0,"Oscars - ACTOR IN A LEADING ROLE(Nominated)
Oscars - ACTOR IN A SUPPORTING ROLE(Nominated)
Oscars - ACTRESS IN A SUPPORTING ROLE(Won)
Oscars - DIRECTING(Nominated)
Oscars - MUSIC (Original Score)(Nominated)
Oscars - BEST PICTURE(Nominated)
Oscars - WRITING (Original Screenplay)(Nominated)
Golden Globes - Best Motion Picture - Drama(Nominated)
Golden Globes - Best Performance by an Actor in a Motion Picture - Drama(Nominated)
Golden Globes - Best Performance by an Actress in a Supporting Role in any Motion Picture(Nominated)
Golden Globes - Best Performance by an Actor in a Supporting Role in any Motion Picture(Nominated)",11,1,Oscars - ACTRESS IN A SUPPORTING ROLE(Won),"Oscars - ACTOR IN A LEADING ROLE(Nominated)
Oscars - ACTOR IN A SUPPORTING ROLE(Nominated)
Oscars - DIRECTING(Nominated)
Oscars - MUSIC (Original Score)(Nominated)
Oscars - BEST PICTURE(Nominated)
Oscars - WRITING (Original Screenplay)(Nominated)
Golden Globes - Best Motion Picture - Drama(Nominated)
Golden Globes - Best Performance by an Actor in a Motion Picture - Drama(Nominated)
Golden Globes - Best Performance by an Actress in a Supporting Role in any Motion Picture(Nominated)
Golden Globes - Best Performance by an Actor in a Supporting Role in any Motion Picture(Nominated)",92987651.0,"$21,500,000"
We Own the Night,"Mark Wahlberg, Joaquin Phoenix",57.0,61.0,,0,0,,,55307857.0,"$28,000,000"
Why Did I Get Married?,,48.0,78.0,,0,0,,,55934178.0,"$15,000,000"
30 Days of Night,,51.0,56.0,,0,0,,,80276156.0,"$30,000,000"
Gone Baby Gone,,94.0,86.0,"Oscars - ACTRESS IN A SUPPORTING ROLE(Nominated)
Golden Globes - Best Performance by an Actress in a Supporting Role in any Motion Picture(Nominated)",2,0,,"Oscars - ACTRESS IN A SUPPORTING ROLE(Nominated)
Golden Globes - Best Performance by an Actress in a Supporting Role in any Motion Picture(Nominated)",34359030.0,"$19,000,000"
Rendition,"Jake Gyllenhaal, Meryl Streep",48.0,62.0,,0,0,,,26939925.0,"$27,500,000"
Things We Lost in the Fire,,65.0,73.0,,0,0,,,,"$16,000,000"
American Gangster,"John Cena, Denzel Washington",81.0,90.0,"Oscars - ACTRESS IN A SUPPORTING ROLE(Nominated)
Oscars - ART DIRECTION(Nominated)
Golden Globes - Best Motion Picture - Drama(Nominated)
Golden Globes - Best Performance by an Actor in a Motion Picture - Drama(Nominated)
Golden Globes - Best Director - Motion Picture(Nominated)",5,0,,"Oscars - ACTRESS IN A SUPPORTING ROLE(Nominated)
Oscars - ART DIRECTION(Nominated)
Golden Globes - Best Motion Picture - Drama(Nominated)
Golden Globes - Best Performance by an Actor in a Motion Picture - Drama(Nominated)
Golden Globes - Best Director - Motion Picture(Nominated)",267985456.0,"$100,000,000"
Bee Movie,"Jerry Seinfeld, Matthew Broderick",50.0,53.0,Golden Globes - Best Motion Picture - Animated(Nominated),1,0,,Golden Globes - Best Motion Picture - Animated(Nominated),287594577.0,"$150,000,000"
Martian Child,,35.0,72.0,,0,0,,,,"$27,000,000"
Lions for Lambs,"Meryl Streep, Andrew Garfield",27.0,47.0,,0,0,,,63211088.0,"$35,000,000"
No Country for Old Men,,93.0,86.0,"Oscars - ACTOR IN A SUPPORTING ROLE(Won)
Oscars - CINEMATOGRAPHY(Nominated)
Oscars - DIRECTING(Won)
Oscars - FILM EDITING(Nominated)
Oscars - BEST PICTURE(Won)
Oscars - SOUND EDITING(Nominated)
Oscars - SOUND MIXING(Nominated)
Oscars - WRITING (Adapted Screenplay)(Won)
Golden Globes - Best Motion Picture - Drama(Nominated)
Golden Globes - Best Performance by an Actor in a Supporting Role in any Motion Picture(Won)
Golden Globes - Best Director - Motion Picture(Nominated)
Golden Globes - Best Screenplay - Motion Picture(Won)",12,6,"Oscars - ACTOR IN A SUPPORTING ROLE(Won)
Oscars - DIRECTING(Won)
Oscars - BEST PICTURE(Won)
Oscars - WRITING (Adapted Screenplay)(Won)
Golden Globes - Best Performance by an Actor in a Supporting Role in any Motion Picture(Won)
Golden Globes - Best Screenplay - Motion Picture(Won)","Oscars - CINEMATOGRAPHY(Nominated)
Oscars - FILM EDITING(Nominated)
Oscars - SOUND EDITING(Nominated)
Oscars - SOUND MIXING(Nominated)
Golden Globes - Best Motion Picture - Drama(Nominated)
Golden Globes - Best Director - Motion Picture(Nominated)",164035753.0,"$25,000,000"
Southland Tales,"Dwayne Johnson, Amy Poehler",41.0,41.0,,0,0,,,,"$17,000,000"
Beowulf,,71.0,50.0,,0,0,,,195080579.0,"$150,000,000"
Love in the Time of Cholera,,27.0,45.0,Golden Globes - Best Original Song - Motion Picture(Nominated),1,0,,Golden Globes - Best Original Song - Motion Picture(Nominated),31077418.0,"$45,000,000"
August Rush,,37.0,82.0,Oscars - MUSIC (Original Song)(Nominated),1,0,,Oscars - MUSIC (Original Song)(Nominated),64605762.0,"$25,000,000"
Enchanted,,93.0,80.0,"Oscars - MUSIC (Original Song)(Nominated)
Oscars - MUSIC (Original Song)(Nominated)
Oscars - MUSIC (Original Song)(Nominated)
Golden Globes - Best Performance by an Actress in a Motion Picture - Musical or Comedy(Nominated)
Golden Globes - Best Original Song - Motion Picture(Nominated)",5,0,,"Oscars - MUSIC (Original Song)(Nominated)
Oscars - MUSIC (Original Song)(Nominated)
Oscars - MUSIC (Original Song)(Nominated)
Golden Globes - Best Performance by an Actress in a Motion Picture - Musical or Comedy(Nominated)
Golden Globes - Best Original Song - Motion Picture(Nominated)",340384141.0,"$85,000,000"
The Mist,,73.0,65.0,,0,0,,,57189408.0,"$13,000,000"
This Christmas,,55.0,81.0,,0,0,,,49733545.0,"$13,000,000"
The Savages,,90.0,75.0,"Oscars - ACTRESS IN A LEADING ROLE(Nominated)
Oscars - WRITING (Original Screenplay)(Nominated)",2,0,,"Oscars - ACTRESS IN A LEADING ROLE(Nominated)
Oscars - WRITING (Original Screenplay)(Nominated)",,"$9,000,000"
Awake,,23.0,55.0,,0,0,,,32968648.0,"$8,600,000"
Juno,"Michael Cera, Jennifer Garner",94.0,88.0,"Oscars - ACTRESS IN A LEADING ROLE(Nominated)
Oscars - DIRECTING(Nominated)
Oscars - BEST PICTURE(Nominated)
Oscars - WRITING (Original Screenplay)(Won)
Golden Globes - Best Motion Picture - Musical or Comedy(Nominated)
Golden Globes - Best Performance by an Actress in a Motion Picture - Musical or Comedy(Nominated)
Golden Globes - Best Screenplay - Motion Picture(Nominated)",7,1,Oscars - WRITING (Original Screenplay)(Won),"Oscars - ACTRESS IN A LEADING ROLE(Nominated)
Oscars - DIRECTING(Nominated)
Oscars - BEST PICTURE(Nominated)
Golden Globes - Best Motion Picture - Musical or Comedy(Nominated)
Golden Globes - Best Performance by an Actress in a Motion Picture - Musical or Comedy(Nominated)
Golden Globes - Best Screenplay - Motion Picture(Nominated)",231450102.0,"$7,000,000"
Atonement,Benedict Cumberbatch,83.0,80.0,"Oscars - ACTRESS IN A SUPPORTING ROLE(Nominated)
Oscars - ART DIRECTION(Nominated)
Oscars - CINEMATOGRAPHY(Nominated)
Oscars - COSTUME DESIGN(Nominated)
Oscars - MUSIC (Original Score)(Won)
Oscars - BEST PICTURE(Nominated)
Oscars - WRITING (Adapted Screenplay)(Nominated)
Golden Globes - Best Motion Picture - Drama(Won)
Golden Globes - Best Performance by an Actress in a Motion Picture - Drama(Nominated)
Golden Globes - Best Performance by an Actor in a Motion Picture - Drama(Nominated)
Golden Globes - Best Performance by an Actress in a Supporting Role in any Motion Picture(Nominated)
Golden Globes - Best Director - Motion Picture(Nominated)
Golden Globes - Best Screenplay - Motion Picture(Nominated)
Golden Globes - Best Original Score - Motion Picture(Won)",14,3,"Oscars - MUSIC (Original Score)(Won)
Golden Globes - Best Motion Picture - Drama(Won)
Golden Globes - Best Original Score - Motion Picture(Won)","Oscars - ACTRESS IN A SUPPORTING ROLE(Nominated)
Oscars - ART DIRECTION(Nominated)
Oscars - CINEMATOGRAPHY(Nominated)
Oscars - COSTUME DESIGN(Nominated)
Oscars - BEST PICTURE(Nominated)
Oscars - WRITING (Adapted Screenplay)(Nominated)
Golden Globes - Best Performance by an Actress in a Motion Picture - Drama(Nominated)
Golden Globes - Best Performance by an Actor in a Motion Picture - Drama(Nominated)
Golden Globes - Best Performance by an Actress in a Supporting Role in any Motion Picture(Nominated)
Golden Globes - Best Director - Motion Picture(Nominated)
Golden Globes - Best Screenplay - Motion Picture(Nominated)",129779728.0,"$30,000,000"
The Golden Compass,"Nicole Kidman, Ian McKellen",42.0,51.0,"Oscars - ART DIRECTION(Nominated)
Oscars - VISUAL EFFECTS(Won)",2,1,Oscars - VISUAL EFFECTS(Won),Oscars - ART DIRECTION(Nominated),367262558.0,"$205,000,000"
The Kite Runner,,65.0,84.0,"Oscars - MUSIC (Original Score)(Nominated)
Golden Globes - Best Original Score - Motion Picture(Nominated)",2,0,,"Oscars - MUSIC (Original Score)(Nominated)
Golden Globes - Best Original Score - Motion Picture(Nominated)",74180745.0,"$20,000,000"
The Bucket List,,41.0,77.0,,0,0,,,174807445.0,"$45,000,000"
The Great Debaters,Denzel Washington,80.0,86.0,,0,0,,,30261293.0,"$15,000,000"
There Will Be Blood,,91.0,86.0,"Oscars - ACTOR IN A LEADING ROLE(Won)
Oscars - ART DIRECTION(Nominated)
Oscars - CINEMATOGRAPHY(Won)
Oscars - DIRECTING(Nominated)
Oscars - FILM EDITING(Nominated)
Oscars - BEST PICTURE(Nominated)
Oscars - SOUND EDITING(Nominated)
Oscars - WRITING (Adapted Screenplay)(Nominated)
Golden Globes - Best Motion Picture - Drama(Nominated)
Golden Globes - Best Performance by an Actor in a Motion Picture - Drama(Won)",10,3,"Oscars - ACTOR IN A LEADING ROLE(Won)
Oscars - CINEMATOGRAPHY(Won)
Golden Globes - Best Performance by an Actor in a Motion Picture - Drama(Won)","Oscars - ART DIRECTION(Nominated)
Oscars - DIRECTING(Nominated)
Oscars - FILM EDITING(Nominated)
Oscars - BEST PICTURE(Nominated)
Oscars - SOUND EDITING(Nominated)
Oscars - WRITING (Adapted Screenplay)(Nominated)
Golden Globes - Best Motion Picture - Drama(Nominated)",77186081.0,"$25,000,000"
The Dark Knight,"Christian Bale, Heath Ledger, Michael Caine, Gary Oldman",94.0,94.0,"Oscars - ACTOR IN A SUPPORTING ROLE(Won)
Oscars - ART DIRECTION(Nominated)
Oscars - CINEMATOGRAPHY(Nominated)
Oscars - FILM EDITING(Nominated)
Oscars - MAKEUP(Nominated)
Oscars - SOUND EDITING(Won)
Oscars - SOUND MIXING(Nominated)
Oscars - VISUAL EFFECTS(Nominated)",8,2,"Oscars - ACTOR IN A SUPPORTING ROLE(Won)
Oscars - SOUND EDITING(Won)","Oscars - ART DIRECTION(Nominated)
Oscars - CINEMATOGRAPHY(Nominated)
Oscars - FILM EDITING(Nominated)
Oscars - MAKEUP(Nominated)
Oscars - SOUND MIXING(Nominated)
Oscars - VISUAL EFFECTS(Nominated)",1010086005.0,"$185,000,000"
Iron Man,"Robert Downey Jr., Samuel L. Jackson",94.0,91.0,"Oscars - SOUND EDITING(Nominated)
Oscars - VISUAL EFFECTS(Nominated)",2,0,,"Oscars - SOUND EDITING(Nominated)
Oscars - VISUAL EFFECTS(Nominated)",584877827.0,"$186,000,000"
Indiana Jones and the Kingdom of the Crystal Skull,Harrison Ford,77.0,53.0,,0,0,,,,"$185,000,000"
Hancock,Will Smith,42.0,59.0,,0,0,,,624234272.0,"$150,000,000"
Kung Fu Panda,,87.0,83.0,"Oscars - ANIMATED FEATURE FILM(Nominated)
Golden Globes - Best Motion Picture - Animated(Nominated)",2,0,,"Oscars - ANIMATED FEATURE FILM(Nominated)
Golden Globes - Best Motion Picture - Animated(Nominated)",632203486.0,"$130,000,000"
Madagascar: Escape 2 Africa,,64.0,66.0,,0,0,,,599680774.0,"$150,000,000"
Quantum of Solace,,64.0,58.0,,0,0,,,591692078.0,"$230,000,000"
One Missed Call,,0.0,29.0,,0,0,,,44513466.0,"$20,000,000"
27 Dresses,,41.0,57.0,,0,0,,,160247805.0,"$30,000,000"
Cloverfield,,78.0,68.0,,0,0,,,171302226.0,"$25,000,000"
Teeth,,80.0,45.0,,0,0,,,,"$2,000,000"
How She Move,,66.0,51.0,,0,0,,,,"$17,000,000"
Meet the Spartans,,2.0,25.0,,0,0,,,84646831.0,"$30,000,000"
Strange Wilderness,,2.0,35.0,,0,0,,,,"$20,000,000"
In Bruges,Ralph Fiennes,85.0,87.0,"Oscars - WRITING (Original Screenplay)(Nominated)
Golden Globes - Best Motion Picture - Musical or Comedy(Nominated)
Golden Globes - Best Performance by an Actor in a Motion Picture - Musical or Comedy(Won)
Golden Globes - Best Performance by an Actor in a Motion Picture - Musical or Comedy(Nominated)",4,1,Golden Globes - Best Performance by an Actor in a Motion Picture - Musical or Comedy(Won),"Oscars - WRITING (Original Screenplay)(Nominated)
Golden Globes - Best Motion Picture - Musical or Comedy(Nominated)
Golden Globes - Best Performance by an Actor in a Motion Picture - Musical or Comedy(Nominated)",34509748.0,"$15,000,000"
Welcome Home Roscoe Jenkins,,23.0,63.0,,0,0,,,43607627.0,"$27,500,000"
Jumper,Samuel L. Jackson,15.0,44.0,,0,0,,,222640812.0,"$82,500,000"
The Spiderwick Chronicles,,81.0,63.0,,0,0,,,162839667.0,"$92,500,000"
Step Up 2 the Streets,,28.0,76.0,,0,0,,,148586910.0,"$17,500,000"
Be Kind Rewind,Sigourney Weaver,65.0,56.0,,0,0,,,30894247.0,"$20,000,000"
Charlie Bartlett,Robert Downey Jr.,58.0,71.0,,0,0,,,,"$12,000,000"
U2 3D,,92.0,93.0,,0,0,,,26170402.0,"$15,000,000"
Vantage Point,Sigourney Weaver,34.0,57.0,,0,0,,,150886329.0,"$40,000,000"
Witless Protection,,4.0,46.0,,0,0,,,,"$7,500,000"
The Other Boleyn Girl,"Scarlett Johansson, Natalie Portman, Andrew Garfield, Benedict Cumberbatch",43.0,62.0,,0,0,,,78269970.0,"$40,000,000"
"10,000 B.C.",,9.0,37.0,,0,0,,,269065678.0,"$105,000,000"
Snow Angels,,67.0,67.0,,0,0,,,,"$1,500,000"
Doomsday,,50.0,44.0,,0,0,,,21621188.0,"$33,000,000"
Never Back Down,,21.0,34.0,,0,0,,,39319801.0,"$21,000,000"
Drillbit Taylor,,27.0,44.0,,0,0,,,49686263.0,"$40,000,000"
The Grand,,40.0,43.0,,0,0,,,,"$3,000,000"
Shutter,,63.0,77.0,,0,0,,,47782426.0,"$8,000,000"
Leatherheads,George Clooney,52.0,38.0,,0,0,,,41348628.0,"$58,000,000"
My Blueberry Nights,Natalie Portman,45.0,61.0,,0,0,,,22198996.0,"$10,000,000"
Nim's Island,,53.0,46.0,,0,0,,,101857425.0,"$37,000,000"
The Ruins,,50.0,30.0,,0,0,,,22910563.0,"$25,000,000"
Street Kings,Chris Evans,38.0,58.0,,0,0,,,65457811.0,"$20,000,000"
88 Minutes,Al Pacino,5.0,44.0,,0,0,,,32955399.0,"$30,000,000"
The Forbidden Kingdom,,63.0,60.0,,0,0,,,129059885.0,"$55,000,000"
Forgetting Sarah Marshall,,83.0,76.0,,0,0,,,105475310.0,"$30,000,000"
Baby Mama,"Sigourney Weaver, Amy Poehler",63.0,55.0,,0,0,,,64170447.0,"$30,000,000"
Deception,,53.0,21.0,,0,0,,,,"$25,000,000"
Rogue,,84.0,54.0,,0,0,,,,"$23,000,000"
Standard Operating Procedure,,79.0,79.0,,0,0,,,,"$5,000,000"
Made of Honor,,16.0,55.0,,0,0,,,106548738.0,"$40,000,000"
Redbelt,,68.0,65.0,,0,0,,,,"$7,000,000"
Speed Racer,,42.0,60.0,,0,0,,,93394462.0,"$120,000,000"
The Chronicles of Narnia: Prince Caspian,Liam Neeson,66.0,73.0,,0,0,,,417341288.0,"$225,000,000"
"War, Inc.",Ben Kingsley,29.0,38.0,,0,0,,,,"$10,000,000"
Savage Grace,,38.0,38.0,,0,0,,,,"$4,600,000"
Sex and the City,,50.0,77.0,,0,0,,,415247258.0,"$57,500,000"
The Strangers,,49.0,48.0,,0,0,,,83051676.0,"$9,000,000"
Mongol,,87.0,76.0,Oscars - FOREIGN LANGUAGE FILM(Nominated),1,0,,Oscars - FOREIGN LANGUAGE FILM(Nominated),27147349.0,"$18,000,000"
The Children of Huang Shi,,31.0,66.0,,0,0,,,,"$20,000,000"
The Incredible Hulk,"Robert Downey Jr., Edward Norton",67.0,69.0,,0,0,,,265573859.0,"$137,500,000"
Brick Lane,,68.0,60.0,,0,0,,,,"$2,500,000"
Get Smart,Dwayne Johnson,51.0,67.0,"Golden Globes - Television Program(Nominated)
Golden Globes - Actor In A Television Series(Nominated)",2,0,,"Golden Globes - Television Program(Nominated)
Golden Globes - Actor In A Television Series(Nominated)",226739416.0,"$80,000,000"
Kit Kittredge: An American Girl,,80.0,69.0,,0,0,,,,"$10,000,000"
The Love Guru,"Mariska Hargitay, Mike Myers, Ben Kingsley",13.0,33.0,,0,0,,,40159017.0,"$62,000,000"
The Wackness,Ben Kingsley,71.0,72.0,,0,0,,,,"$6,000,000"
Journey to the Center of the Earth,Josh Hutcherson,84.0,69.0,"Oscars - ART DIRECTION (Color)(Nominated)
Oscars - SOUND(Nominated)
Oscars - SPECIAL EFFECTS(Nominated)",3,0,,"Oscars - ART DIRECTION (Color)(Nominated)
Oscars - SOUND(Nominated)
Oscars - SPECIAL EFFECTS(Nominated)",243180937.0,"$45,000,000"
Meet Dave,Kevin Hart,20.0,35.0,,0,0,,,50648806.0,"$60,000,000"
Mamma Mia!,Meryl Streep,55.0,66.0,"Golden Globes - Best Motion Picture - Musical or Comedy(Nominated)
Golden Globes - Best Performance by an Actress in a Motion Picture - Musical or Comedy(Nominated)",2,0,,"Golden Globes - Best Motion Picture - Musical or Comedy(Nominated)
Golden Globes - Best Performance by an Actress in a Motion Picture - Musical or Comedy(Nominated)",583178277.0,"$52,000,000"
Transsiberian,Ben Kingsley,91.0,65.0,,0,0,,,,"$15,000,000"
The Mummy: Tomb of the Dragon Emperor,,13.0,30.0,,0,0,,,405760225.0,"$175,000,000"
Swing Vote,,38.0,41.0,,0,0,,,,"$21,000,000"
Pineapple Express,,68.0,73.0,Golden Globes - Best Performance by an Actor in a Motion Picture - Musical or Comedy(Nominated),1,0,,Golden Globes - Best Performance by an Actor in a Motion Picture - Musical or Comedy(Nominated),102404019.0,"$26,000,000"
The Sisterhood of the Traveling Pants 2,,66.0,66.0,,0,0,,,44270131.0,"$27,000,000"
Tropic Thunder,"Robert Downey Jr., Tobey Maguire",82.0,71.0,"Oscars - ACTOR IN A SUPPORTING ROLE(Nominated)
Golden Globes - Best Performance by an Actor in a Supporting Role in any Motion Picture(Nominated)
Golden Globes - Best Performance by an Actor in a Supporting Role in any Motion Picture(Nominated)",3,0,,"Oscars - ACTOR IN A SUPPORTING ROLE(Nominated)
Golden Globes - Best Performance by an Actor in a Supporting Role in any Motion Picture(Nominated)
Golden Globes - Best Performance by an Actor in a Supporting Role in any Motion Picture(Nominated)",191145256.0,"$90,000,000"
Fly Me to the Moon,,20.0,25.0,,0,0,,,38198351.0,"$100,000,000"
Star Wars: The Clone Wars,,19.0,40.0,,0,0,,,68695443.0,"$8,500,000"
Vicky Cristina Barcelona,Scarlett Johansson,80.0,74.0,"Oscars - ACTRESS IN A SUPPORTING ROLE(Won)
Golden Globes - Best Motion Picture - Musical or Comedy(Won)
Golden Globes - Best Performance by an Actress in a Motion Picture - Musical or Comedy(Nominated)
Golden Globes - Best Performance by an Actor in a Motion Picture - Musical or Comedy(Nominated)
Golden Globes - Best Performance by an Actress in a Supporting Role in any Motion Picture(Nominated)",5,2,"Oscars - ACTRESS IN A SUPPORTING ROLE(Won)
Golden Globes - Best Motion Picture - Musical or Comedy(Won)","Golden Globes - Best Performance by an Actress in a Motion Picture - Musical or Comedy(Nominated)
Golden Globes - Best Performance by an Actor in a Motion Picture - Musical or Comedy(Nominated)
Golden Globes - Best Performance by an Actress in a Supporting Role in any Motion Picture(Nominated)",104504817.0,"$16,000,000"
Death Race,Jason Statham,41.0,60.0,,0,0,,,72516819.0,"$65,000,000"
Hamlet 2,,62.0,56.0,,0,0,,,,"$9,000,000"
The House Bunny,Emma Stone,43.0,50.0,,0,0,,,71390601.0,"$25,000,000"
The Longshots,,41.0,61.0,,0,0,,,,"$23,000,000"
Traitor,,65.0,64.0,,0,0,,,27882226.0,"$22,000,000"
Babylon A.D.,,7.0,26.0,,0,0,,,70216497.0,"$45,000,000"
Disaster Movie,,1.0,21.0,,0,0,,,36720752.0,"$20,000,000"
Bangkok Dangerous,,9.0,26.0,,0,0,,,46598133.0,"$45,000,000"
"Surfer, Dude",,0.0,26.0,,0,0,,,,"$6,000,000"
Burn After Reading,"Brad Pitt, George Clooney",78.0,65.0,"Golden Globes - Best Motion Picture - Musical or Comedy(Nominated)
Golden Globes - Best Performance by an Actress in a Motion Picture - Musical or Comedy(Nominated)",2,0,,"Golden Globes - Best Motion Picture - Musical or Comedy(Nominated)
Golden Globes - Best Performance by an Actress in a Motion Picture - Musical or Comedy(Nominated)",168167798.0,"$37,000,000"
Choke,,56.0,52.0,,0,0,,,,"$3,400,000"
Eagle Eye,,26.0,62.0,,0,0,,,180585259.0,"$80,000,000"
Miracle at St. Anna,Joseph Gordon-Levitt,33.0,51.0,,0,0,,,,"$45,000,000"
An American Carol,,12.0,48.0,,0,0,,,,"$20,000,000"
Flash of Genius,,62.0,55.0,,0,0,,,,"$20,000,000"
How to Lose Friends & Alienate People,Kirsten Dunst,37.0,42.0,,0,0,,,,"$28,000,000"
Nick and Norah's Infinite Playlist,Michael Cera,75.0,65.0,,0,0,,,33886017.0,"$10,000,000"
Rachel Getting Married,,84.0,62.0,"Oscars - ACTRESS IN A LEADING ROLE(Nominated)
Golden Globes - Best Performance by an Actress in a Motion Picture - Drama(Nominated)",2,0,,"Oscars - ACTRESS IN A LEADING ROLE(Nominated)
Golden Globes - Best Performance by an Actress in a Motion Picture - Drama(Nominated)",,"$12,000,000"
Body of Lies,Leonardo DiCaprio,56.0,62.0,,0,0,,,118556530.0,"$67,500,000"
City of Ember,,53.0,46.0,,0,0,,,17831558.0,"$38,000,000"
Max Payne,Mark Wahlberg,16.0,29.0,,0,0,,,87775050.0,"$35,000,000"
The Secret Life of Bees,,60.0,78.0,,0,0,,,39994347.0,"$11,000,000"
Sex Drive,,45.0,58.0,,0,0,,,,"$19,000,000"
Pride and Glory,Edward Norton,35.0,49.0,,0,0,,,32262866.0,"$30,000,000"
Saw V,,13.0,52.0,,0,0,,,118209778.0,"$10,800,000"
"Synecdoche, New York",,69.0,71.0,,0,0,,,,"$20,000,000"
The Haunting of Molly Hartley,,2.0,18.0,,0,0,,,,"$5,000,000"
The Other End of the Line,,35.0,50.0,,0,0,,,,"$2,500,000"
RocknRolla,,60.0,71.0,,0,0,,,27794339.0,"$18,000,000"
Repo! The Genetic Opera,,37.0,73.0,,0,0,,,,"$8,500,000"
Role Models,,77.0,74.0,,0,0,,,94500826.0,"$28,000,000"
Slumdog Millionaire,,91.0,90.0,"Oscars - CINEMATOGRAPHY(Won)
Oscars - DIRECTING(Won)
Oscars - FILM EDITING(Won)
Oscars - MUSIC (Original Score)(Won)
Oscars - MUSIC (Original Song)(Won)
Oscars - MUSIC (Original Song)(Nominated)
Oscars - BEST PICTURE(Won)
Oscars - SOUND EDITING(Nominated)
Oscars - SOUND MIXING(Won)
Oscars - WRITING (Adapted Screenplay)(Won)
Golden Globes - Best Motion Picture - Drama(Won)
Golden Globes - Best Director - Motion Picture(Won)
Golden Globes - Best Screenplay - Motion Picture(Won)
Golden Globes - Best Original Score - Motion Picture(Won)",14,12,"Oscars - CINEMATOGRAPHY(Won)
Oscars - DIRECTING(Won)
Oscars - FILM EDITING(Won)
Oscars - MUSIC (Original Score)(Won)
Oscars - MUSIC (Original Song)(Won)
Oscars - BEST PICTURE(Won)
Oscars - SOUND MIXING(Won)
Oscars - WRITING (Adapted Screenplay)(Won)
Golden Globes - Best Motion Picture - Drama(Won)
Golden Globes - Best Director - Motion Picture(Won)
Golden Globes - Best Screenplay - Motion Picture(Won)
Golden Globes - Best Original Score - Motion Picture(Won)","Oscars - MUSIC (Original Song)(Nominated)
Oscars - SOUND EDITING(Nominated)",383825427.0,"$14,000,000"
Bolt,,90.0,74.0,"Oscars - ANIMATED FEATURE FILM(Nominated)
Golden Globes - Best Motion Picture - Animated(Nominated)
Golden Globes - Best Original Song - Motion Picture(Nominated)",3,0,,"Oscars - ANIMATED FEATURE FILM(Nominated)
Golden Globes - Best Motion Picture - Animated(Nominated)
Golden Globes - Best Original Song - Motion Picture(Nominated)",328015029.0,"$150,000,000"
Australia,"Hugh Jackman, Nicole Kidman",54.0,65.0,Oscars - COSTUME DESIGN(Nominated),1,0,,Oscars - COSTUME DESIGN(Nominated),215080810.0,"$130,000,000"
Four Christmases,,25.0,47.0,,0,0,,,168311558.0,"$80,000,000"
Milk,,93.0,89.0,"Oscars - ACTOR IN A LEADING ROLE(Won)
Oscars - ACTOR IN A SUPPORTING ROLE(Nominated)
Oscars - COSTUME DESIGN(Nominated)
Oscars - DIRECTING(Nominated)
Oscars - FILM EDITING(Nominated)
Oscars - MUSIC (Original Score)(Nominated)
Oscars - BEST PICTURE(Nominated)
Oscars - WRITING (Original Screenplay)(Won)
Golden Globes - Best Performance by an Actor in a Motion Picture - Drama(Nominated)",9,2,"Oscars - ACTOR IN A LEADING ROLE(Won)
Oscars - WRITING (Original Screenplay)(Won)","Oscars - ACTOR IN A SUPPORTING ROLE(Nominated)
Oscars - COSTUME DESIGN(Nominated)
Oscars - DIRECTING(Nominated)
Oscars - FILM EDITING(Nominated)
Oscars - MUSIC (Original Score)(Nominated)
Oscars - BEST PICTURE(Nominated)
Golden Globes - Best Performance by an Actor in a Motion Picture - Drama(Nominated)",57293371.0,"$20,000,000"
Cadillac Records,Adrien Brody,66.0,65.0,Golden Globes - Best Original Song - Motion Picture(Nominated),1,0,,Golden Globes - Best Original Song - Motion Picture(Nominated),,"$12,000,000"
Frost/Nixon,,93.0,88.0,"Oscars - ACTOR IN A LEADING ROLE(Nominated)
Oscars - DIRECTING(Nominated)
Oscars - FILM EDITING(Nominated)
Oscars - BEST PICTURE(Nominated)
Oscars - WRITING (Adapted Screenplay)(Nominated)
Golden Globes - Best Motion Picture - Drama(Nominated)
Golden Globes - Best Performance by an Actor in a Motion Picture - Drama(Nominated)
Golden Globes - Best Director - Motion Picture(Nominated)
Golden Globes - Best Screenplay - Motion Picture(Nominated)
Golden Globes - Best Original Score - Motion Picture(Nominated)",10,0,,"Oscars - ACTOR IN A LEADING ROLE(Nominated)
Oscars - DIRECTING(Nominated)
Oscars - FILM EDITING(Nominated)
Oscars - BEST PICTURE(Nominated)
Oscars - WRITING (Adapted Screenplay)(Nominated)
Golden Globes - Best Motion Picture - Drama(Nominated)
Golden Globes - Best Performance by an Actor in a Motion Picture - Drama(Nominated)
Golden Globes - Best Director - Motion Picture(Nominated)
Golden Globes - Best Screenplay - Motion Picture(Nominated)
Golden Globes - Best Original Score - Motion Picture(Nominated)",28452945.0,"$29,000,000"
Punisher: War Zone,,29.0,42.0,,0,0,,,,"$35,000,000"
The Reader,Ralph Fiennes,63.0,79.0,"Oscars - ACTRESS IN A LEADING ROLE(Won)
Oscars - CINEMATOGRAPHY(Nominated)
Oscars - DIRECTING(Nominated)
Oscars - BEST PICTURE(Nominated)
Oscars - WRITING (Adapted Screenplay)(Nominated)",5,1,Oscars - ACTRESS IN A LEADING ROLE(Won),"Oscars - CINEMATOGRAPHY(Nominated)
Oscars - DIRECTING(Nominated)
Oscars - BEST PICTURE(Nominated)
Oscars - WRITING (Adapted Screenplay)(Nominated)",112964875.0,"$32,500,000"
The Day the Earth Stood Still,,21.0,27.0,,0,0,,,237370350.0,"$80,000,000"
The Day the Earth Stood Still,,21.0,27.0,,0,0,,,237370350.0,"$1,200,000"
Delgo,,12.0,26.0,,0,0,,,,"$40,000,000"
Doubt,Meryl Streep,79.0,78.0,"Oscars - ACTOR IN A SUPPORTING ROLE(Nominated)
Oscars - ACTRESS IN A LEADING ROLE(Nominated)
Oscars - ACTRESS IN A SUPPORTING ROLE(Nominated)
Oscars - ACTRESS IN A SUPPORTING ROLE(Nominated)
Oscars - WRITING (Adapted Screenplay)(Nominated)
Golden Globes - Best Performance by an Actress in a Motion Picture - Drama(Nominated)
Golden Globes - Best Performance by an Actress in a Supporting Role in any Motion Picture(Nominated)
Golden Globes - Best Performance by an Actress in a Supporting Role in any Motion Picture(Nominated)
Golden Globes - Best Performance by an Actor in a Supporting Role in any Motion Picture(Nominated)
Golden Globes - Best Screenplay - Motion Picture(Nominated)",10,0,,"Oscars - ACTOR IN A SUPPORTING ROLE(Nominated)
Oscars - ACTRESS IN A LEADING ROLE(Nominated)
Oscars - ACTRESS IN A SUPPORTING ROLE(Nominated)
Oscars - ACTRESS IN A SUPPORTING ROLE(Nominated)
Oscars - WRITING (Adapted Screenplay)(Nominated)
Golden Globes - Best Performance by an Actress in a Motion Picture - Drama(Nominated)
Golden Globes - Best Performance by an Actress in a Supporting Role in any Motion Picture(Nominated)
Golden Globes - Best Performance by an Actress in a Supporting Role in any Motion Picture(Nominated)
Golden Globes - Best Performance by an Actor in a Supporting Role in any Motion Picture(Nominated)
Golden Globes - Best Screenplay - Motion Picture(Nominated)",53191101.0,"$20,000,000"
Gran Torino,,81.0,90.0,Golden Globes - Best Original Song - Motion Picture(Nominated),1,0,,Golden Globes - Best Original Song - Motion Picture(Nominated),274543085.0,"$25,000,000"
The Wrestler,,98.0,88.0,"Oscars - ACTOR IN A LEADING ROLE(Nominated)
Oscars - ACTRESS IN A SUPPORTING ROLE(Nominated)
Golden Globes - Best Performance by an Actor in a Motion Picture - Drama(Won)
Golden Globes - Best Performance by an Actress in a Supporting Role in any Motion Picture(Nominated)
Golden Globes - Best Original Song - Motion Picture(Won)",5,2,"Golden Globes - Best Performance by an Actor in a Motion Picture - Drama(Won)
Golden Globes - Best Original Song - Motion Picture(Won)","Oscars - ACTOR IN A LEADING ROLE(Nominated)
Oscars - ACTRESS IN A SUPPORTING ROLE(Nominated)
Golden Globes - Best Performance by an Actress in a Supporting Role in any Motion Picture(Nominated)",46634275.0,"$6,000,000"
Seven Pounds,Will Smith,27.0,75.0,,0,0,,,166617328.0,"$54,000,000"
The Tale of Despereaux,"Emma Watson, Sigourney Weaver, Matthew Broderick",56.0,44.0,,0,0,,,90482317.0,"$60,000,000"
Yes Man,,46.0,66.0,,0,0,,,225990976.0,"$50,000,000"
Bedtime Stories,Adam Sandler,27.0,55.0,,0,0,,,221468935.0,"$80,000,000"
The Curious Case of Benjamin Button,Brad Pitt,72.0,80.0,"Oscars - ACTOR IN A LEADING ROLE(Nominated)
Oscars - ACTRESS IN A SUPPORTING ROLE(Nominated)
Oscars - ART DIRECTION(Won)
Oscars - CINEMATOGRAPHY(Nominated)
Oscars - COSTUME DESIGN(Nominated)
Oscars - DIRECTING(Nominated)
Oscars - FILM EDITING(Nominated)
Oscars - MAKEUP(Won)
Oscars - MUSIC (Original Score)(Nominated)
Oscars - BEST PICTURE(Nominated)
Oscars - SOUND MIXING(Nominated)
Oscars - VISUAL EFFECTS(Won)
Oscars - WRITING (Adapted Screenplay)(Nominated)
Golden Globes - Best Motion Picture - Drama(Nominated)
Golden Globes - Best Performance by an Actor in a Motion Picture - Drama(Nominated)
Golden Globes - Best Director - Motion Picture(Nominated)
Golden Globes - Best Screenplay - Motion Picture(Nominated)
Golden Globes - Best Original Score - Motion Picture(Nominated)",18,3,"Oscars - ART DIRECTION(Won)
Oscars - MAKEUP(Won)
Oscars - VISUAL EFFECTS(Won)","Oscars - ACTOR IN A LEADING ROLE(Nominated)
Oscars - ACTRESS IN A SUPPORTING ROLE(Nominated)
Oscars - CINEMATOGRAPHY(Nominated)
Oscars - COSTUME DESIGN(Nominated)
Oscars - DIRECTING(Nominated)
Oscars - FILM EDITING(Nominated)
Oscars - MUSIC (Original Score)(Nominated)
Oscars - BEST PICTURE(Nominated)
Oscars - SOUND MIXING(Nominated)
Oscars - WRITING (Adapted Screenplay)(Nominated)
Golden Globes - Best Motion Picture - Drama(Nominated)
Golden Globes - Best Performance by an Actor in a Motion Picture - Drama(Nominated)
Golden Globes - Best Director - Motion Picture(Nominated)
Golden Globes - Best Screenplay - Motion Picture(Nominated)
Golden Globes - Best Original Score - Motion Picture(Nominated)",329631958.0,"$160,000,000"
Marley & Me,,63.0,75.0,,0,0,,,247812011.0,"$60,000,000"
Valkyrie,Tom Holland,62.0,65.0,,0,0,,,203932174.0,"$90,000,000"
Revolutionary Road,Leonardo DiCaprio,67.0,71.0,"Oscars - ACTOR IN A SUPPORTING ROLE(Nominated)
Oscars - ART DIRECTION(Nominated)
Oscars - COSTUME DESIGN(Nominated)
Golden Globes - Best Motion Picture - Drama(Nominated)
Golden Globes - Best Performance by an Actress in a Motion Picture - Drama(Won)
Golden Globes - Best Performance by an Actor in a Motion Picture - Drama(Nominated)
Golden Globes - Best Director - Motion Picture(Nominated)",7,1,Golden Globes - Best Performance by an Actress in a Motion Picture - Drama(Won),"Oscars - ACTOR IN A SUPPORTING ROLE(Nominated)
Oscars - ART DIRECTION(Nominated)
Oscars - COSTUME DESIGN(Nominated)
Golden Globes - Best Motion Picture - Drama(Nominated)
Golden Globes - Best Performance by an Actor in a Motion Picture - Drama(Nominated)
Golden Globes - Best Director - Motion Picture(Nominated)",79604820.0,"$45,000,000"
Avatar,"Sigourney Weaver, Sam Worthington",81.0,82.0,"Oscars - ART DIRECTION(Won)
Oscars - CINEMATOGRAPHY(Won)
Oscars - DIRECTING(Nominated)
Oscars - FILM EDITING(Nominated)
Oscars - MUSIC (Original Score)(Nominated)
Oscars - BEST PICTURE(Nominated)
Oscars - SOUND EDITING(Nominated)
Oscars - SOUND MIXING(Nominated)
Oscars - VISUAL EFFECTS(Won)
Golden Globes - Best Motion Picture - Drama(Won)
Golden Globes - Best Director - Motion Picture(Won)
Golden Globes - Best Original Score - Motion Picture(Nominated)
Golden Globes - Best Original Song - Motion Picture(Nominated)",13,5,"Oscars - ART DIRECTION(Won)
Oscars - CINEMATOGRAPHY(Won)
Oscars - VISUAL EFFECTS(Won)
Golden Globes - Best Motion Picture - Drama(Won)
Golden Globes - Best Director - Motion Picture(Won)","Oscars - DIRECTING(Nominated)
Oscars - FILM EDITING(Nominated)
Oscars - MUSIC (Original Score)(Nominated)
Oscars - BEST PICTURE(Nominated)
Oscars - SOUND EDITING(Nominated)
Oscars - SOUND MIXING(Nominated)
Golden Globes - Best Original Score - Motion Picture(Nominated)
Golden Globes - Best Original Song - Motion Picture(Nominated)",2923706026.0,"$237,000,000"
Transformers: Revenge of the Fallen,,20.0,57.0,Oscars - SOUND MIXING(Nominated),1,0,,Oscars - SOUND MIXING(Nominated),836519699.0,"$210,000,000"
The Twilight Saga: New Moon,Robert Pattinson,28.0,61.0,,0,0,,,687556547.0,"$50,000,000"
The Hangover,,79.0,84.0,,0,0,,,465487583.0,"$35,000,000"
Star Trek,"Chris Hemsworth, Winona Ryder",94.0,91.0,"Oscars - MAKEUP(Won)
Oscars - SOUND EDITING(Nominated)
Oscars - SOUND MIXING(Nominated)
Oscars - VISUAL EFFECTS(Nominated)",4,1,Oscars - MAKEUP(Won),"Oscars - SOUND EDITING(Nominated)
Oscars - SOUND MIXING(Nominated)
Oscars - VISUAL EFFECTS(Nominated)",386839614.0,"$140,000,000"
The Blind Side,,66.0,85.0,"Oscars - ACTRESS IN A LEADING ROLE(Won)
Oscars - BEST PICTURE(Nominated)",2,1,Oscars - ACTRESS IN A LEADING ROLE(Won),Oscars - BEST PICTURE(Nominated),305705794.0,"$35,000,000"
Bride Wars,Chris Pratt,10.0,51.0,,0,0,,,115150424.0,"$30,000,000"
Hotel for Dogs,,46.0,55.0,,0,0,,,122357172.0,"$35,000,000"
Paul Blart: Mall Cop,,34.0,43.0,,0,0,,,185904750.0,"$26,000,000"
Inkheart,,38.0,45.0,,0,0,,,66655938.0,"$60,000,000"
Outlander,,37.0,45.0,"Golden Globes - Best Television Series - Drama(Nominated)
Golden Globes - Best Performance by an Actress In A Television Series - Drama(Nominated)
Golden Globes - Best Performance by an Actor in a Supporting Role in a Series, Limited Series or Motion Picture Made for Television(Nominated)
Golden Globes - Best Performance by an Actress In A Television Series - Drama(Nominated)
Golden Globes - Best Performance by an Actress In A Television Series - Drama(Nominated)
Golden Globes - Best Performance by an Actress In A Television Series - Drama(Nominated)",6,0,,"Golden Globes - Best Television Series - Drama(Nominated)
Golden Globes - Best Performance by an Actress In A Television Series - Drama(Nominated)
Golden Globes - Best Performance by an Actor in a Supporting Role in a Series, Limited Series or Motion Picture Made for Television(Nominated)
Golden Globes - Best Performance by an Actress In A Television Series - Drama(Nominated)
Golden Globes - Best Performance by an Actress In A Television Series - Drama(Nominated)
Golden Globes - Best Performance by an Actress In A Television Series - Drama(Nominated)",,"$50,000,000"
New in Town,,28.0,37.0,,0,0,,,29937909.0,"$8,000,000"
Taken,Liam Neeson,60.0,85.0,Golden Globes - Best Television Limited Series or Motion Picture Made for Television(Nominated),1,0,,Golden Globes - Best Television Limited Series or Motion Picture Made for Television(Nominated),226941585.0,"$25,000,000"
Coraline,,91.0,74.0,"Oscars - ANIMATED FEATURE FILM(Nominated)
Golden Globes - Best Motion Picture - Animated(Nominated)",2,0,,"Oscars - ANIMATED FEATURE FILM(Nominated)
Golden Globes - Best Motion Picture - Animated(Nominated)",167222848.0,"$60,000,000"
He's Just Not That Into You,Scarlett Johansson,41.0,59.0,,0,0,,,181053657.0,"$40,000,000"
Gomorra,,91.0,70.0,,0,0,,,37339594.0,"$6,200,000"
The International,,58.0,37.0,,0,0,,,53850527.0,"$50,000,000"
Two Lovers,Joaquin Phoenix,82.0,59.0,,0,0,,,,"$12,000,000"
Fired Up,,25.0,52.0,,0,0,,,18608570.0,"$20,000,000"
Watchmen,,65.0,71.0,,0,0,,,186976250.0,"$138,000,000"
Race to Witch Mountain,Dwayne Johnson,42.0,44.0,,0,0,,,105103784.0,"$50,000,000"
Sunshine Cleaning,Emily Blunt,74.0,63.0,,0,0,,,,"$5,000,000"
"I Love You, Man",,83.0,74.0,,0,0,,,92302502.0,"$40,000,000"
Knowing,Liam Hemsworth,35.0,42.0,,0,0,,,186450317.0,"$50,000,000"
Super Capers,,6.0,14.0,,0,0,,,,"$2,000,000"
12 Rounds,John Cena,31.0,45.0,,0,0,,,,"$20,000,000"
Monsters vs. Aliens,,73.0,59.0,,0,0,,,381687380.0,"$175,000,000"
Adventureland,Ryan Reynolds,88.0,61.0,,0,0,,,,"$9,800,000"
Fast & Furious,,28.0,67.0,,0,0,,,359347833.0,"$85,000,000"
Hannah Montana: The Movie,,43.0,67.0,,0,0,,,169173206.0,"$30,000,000"
Observe and Report,,51.0,37.0,,0,0,,,27148898.0,"$18,000,000"
17 Again,,57.0,67.0,,0,0,,,139474906.0,"$40,000,000"
Sleep Dealer,,73.0,50.0,,0,0,,,,"$2,500,000"
Fighting,,39.0,36.0,,0,0,,,32831707.0,"$25,000,000"
Mutant Chronicles,,17.0,24.0,,0,0,,,,"$25,000,000"
The Soloist,"Robert Downey Jr., Tom Holland",56.0,56.0,,0,0,,,38522450.0,"$60,000,000"
Adoration,,63.0,49.0,,0,0,,,,"$4,000,000"
Next Day Air,,21.0,31.0,,0,0,,,,"$3,000,000"
The Brothers Bloom,"Mark Ruffalo, Adrien Brody",68.0,64.0,,0,0,,,,"$20,000,000"
Terminator Salvation,"Christian Bale, Sam Worthington",33.0,53.0,,0,0,,,365491792.0,"$200,000,000"
Dance Flick,,18.0,30.0,,0,0,,,32224624.0,"$25,000,000"
The Girlfriend Experience,,67.0,35.0,Golden Globes - Best Performance by an Actress in a Limited Series or a Motion Picture Made for Television(Nominated),1,0,,Golden Globes - Best Performance by an Actress in a Limited Series or a Motion Picture Made for Television(Nominated),,"$1,300,000"
Away We Go,,67.0,74.0,,0,0,,,,"$21,000,000"
My Life in Ruins,,10.0,44.0,,0,0,,,20477425.0,"$17,000,000"
Moon,,90.0,89.0,,0,0,,,,"$5,000,000"
Whatever Works,,50.0,61.0,,0,0,,,35106706.0,"$15,000,000"
Year One,Michael Cera,14.0,24.0,,0,0,,,57604723.0,"$60,000,000"
The Hurt Locker,Ralph Fiennes,96.0,84.0,"Oscars - ACTOR IN A LEADING ROLE(Nominated)
Oscars - CINEMATOGRAPHY(Nominated)
Oscars - DIRECTING(Won)
Oscars - FILM EDITING(Won)
Oscars - MUSIC (Original Score)(Nominated)
Oscars - BEST PICTURE(Won)
Oscars - SOUND EDITING(Won)
Oscars - SOUND MIXING(Won)
Oscars - WRITING (Original Screenplay)(Won)",9,6,"Oscars - DIRECTING(Won)
Oscars - FILM EDITING(Won)
Oscars - BEST PICTURE(Won)
Oscars - SOUND EDITING(Won)
Oscars - SOUND MIXING(Won)
Oscars - WRITING (Original Screenplay)(Won)","Oscars - ACTOR IN A LEADING ROLE(Nominated)
Oscars - CINEMATOGRAPHY(Nominated)
Oscars - MUSIC (Original Score)(Nominated)",49876984.0,"$15,000,000"
Surveillance,,55.0,43.0,,0,0,,,,"$3,500,000"
Ice Age: Dawn of the Dinosaurs,,46.0,63.0,,0,0,,,886686817.0,"$90,000,000"
(500) Days of Summer,Joseph Gordon-Levitt,85.0,84.0,"Golden Globes - Best Motion Picture - Musical or Comedy(Nominated)
Golden Globes - Best Performance by an Actor in a Motion Picture - Musical or Comedy(Nominated)",2,0,,"Golden Globes - Best Motion Picture - Musical or Comedy(Nominated)
Golden Globes - Best Performance by an Actor in a Motion Picture - Musical or Comedy(Nominated)",34515303.0,"$7,500,000"
The Ugly Truth,,14.0,60.0,,0,0,,,205298907.0,"$38,000,000"
Aliens in the Attic,,34.0,43.0,,0,0,,,59551283.0,"$45,000,000"
Funny People,"Adam Sandler, Jason Schwartzman",69.0,48.0,,0,0,,,71880305.0,"$72,500,000"
G.I. Joe: The Rise of Cobra,"Channing Tatum, Joseph Gordon-Levitt",33.0,50.0,,0,0,,,302469017.0,"$175,000,000"
Julie & Julia,Meryl Streep,77.0,70.0,"Oscars - ACTRESS IN A LEADING ROLE(Nominated)
Golden Globes - Best Motion Picture - Musical or Comedy(Nominated)
Golden Globes - Best Performance by an Actress in a Motion Picture - Musical or Comedy(Won)",3,1,Golden Globes - Best Performance by an Actress in a Motion Picture - Musical or Comedy(Won),"Oscars - ACTRESS IN A LEADING ROLE(Nominated)
Golden Globes - Best Motion Picture - Musical or Comedy(Nominated)",131516178.0,"$40,000,000"
A Perfect Getaway,Chris Hemsworth,62.0,52.0,,0,0,,,22815460.0,"$14,000,000"
Bandslam,,82.0,64.0,,0,0,,,,"$20,000,000"
District 9,,90.0,82.0,"Oscars - FILM EDITING(Nominated)
Oscars - BEST PICTURE(Nominated)
Oscars - VISUAL EFFECTS(Nominated)
Oscars - WRITING (Adapted Screenplay)(Nominated)
Golden Globes - Best Screenplay - Motion Picture(Nominated)",5,0,,"Oscars - FILM EDITING(Nominated)
Oscars - BEST PICTURE(Nominated)
Oscars - VISUAL EFFECTS(Nominated)
Oscars - WRITING (Adapted Screenplay)(Nominated)
Golden Globes - Best Screenplay - Motion Picture(Nominated)",212453431.0,"$30,000,000"
Inglourious Basterds,"Brad Pitt, Samuel L. Jackson, Mike Myers, Christoph Waltz",89.0,88.0,"Oscars - ACTOR IN A SUPPORTING ROLE(Won)
Oscars - CINEMATOGRAPHY(Nominated)
Oscars - DIRECTING(Nominated)
Oscars - FILM EDITING(Nominated)
Oscars - BEST PICTURE(Nominated)
Oscars - SOUND EDITING(Nominated)
Oscars - SOUND MIXING(Nominated)
Oscars - WRITING (Original Screenplay)(Nominated)
Golden Globes - Best Motion Picture - Drama(Nominated)
Golden Globes - Best Performance by an Actor in a Supporting Role in any Motion Picture(Won)
Golden Globes - Best Director - Motion Picture(Nominated)
Golden Globes - Best Screenplay - Motion Picture(Nominated)",12,2,"Oscars - ACTOR IN A SUPPORTING ROLE(Won)
Golden Globes - Best Performance by an Actor in a Supporting Role in any Motion Picture(Won)","Oscars - CINEMATOGRAPHY(Nominated)
Oscars - DIRECTING(Nominated)
Oscars - FILM EDITING(Nominated)
Oscars - BEST PICTURE(Nominated)
Oscars - SOUND EDITING(Nominated)
Oscars - SOUND MIXING(Nominated)
Oscars - WRITING (Original Screenplay)(Nominated)
Golden Globes - Best Motion Picture - Drama(Nominated)
Golden Globes - Best Director - Motion Picture(Nominated)
Golden Globes - Best Screenplay - Motion Picture(Nominated)",316802281.0,"$70,000,000"
Post Grad,Michael Keaton,8.0,27.0,,0,0,,,,"$15,000,000"
Shorts,,47.0,32.0,,0,0,,,29870801.0,"$20,000,000"
The Final Destination,,28.0,35.0,,0,0,,,187384627.0,"$40,000,000"
The Open Road,,29.0,25.0,,0,0,,,,"$10,000,000"
Taking Woodstock,,48.0,47.0,,0,0,,,,"$29,000,000"
All About Steve,,6.0,30.0,,0,0,,,40127259.0,"$15,000,000"
Gamer,,29.0,39.0,,0,0,,,42002029.0,"$50,000,000"
Sorority Row,Carrie Fisher,25.0,33.0,,0,0,,,26735797.0,"$12,500,000"
Mr. Nobody,,67.0,76.0,,0,0,,,,"$46,500,000"
Bright Star,,83.0,68.0,Oscars - COSTUME DESIGN(Nominated),1,0,,Oscars - COSTUME DESIGN(Nominated),,"$8,500,000"
The Burning Plain,,38.0,56.0,,0,0,,,,"$20,000,000"
The Informant!,Matt Damon,80.0,44.0,"Golden Globes - Best Performance by an Actor in a Motion Picture - Musical or Comedy(Nominated)
Golden Globes - Best Original Score - Motion Picture(Nominated)",2,0,,"Golden Globes - Best Performance by an Actor in a Motion Picture - Musical or Comedy(Nominated)
Golden Globes - Best Original Score - Motion Picture(Nominated)",41771168.0,"$22,000,000"
Jennifer's Body,Chris Pratt,46.0,35.0,,0,0,,,31943401.0,"$16,000,000"
Love Happens,,16.0,37.0,,0,0,,,36133014.0,"$18,000,000"
I Hope They Serve Beer in Hell,,19.0,42.0,,0,0,,,,"$7,000,000"
Pandorum,,29.0,49.0,,0,0,,,,"$40,000,000"
Capitalism: A Love Story,,74.0,74.0,,0,0,,,19121531.0,"$20,000,000"
The Invention of Lying,"Edward Norton, Jennifer Garner",56.0,39.0,,0,0,,,32714818.0,"$18,500,000"
A Serious Man,,89.0,68.0,"Oscars - BEST PICTURE(Nominated)
Oscars - WRITING (Original Screenplay)(Nominated)",2,0,,"Oscars - BEST PICTURE(Nominated)
Oscars - WRITING (Original Screenplay)(Nominated)",30360570.0,"$7,000,000"
Whip It,,86.0,74.0,,0,0,,,18889972.0,"$15,000,000"
Zombieland,Emma Stone,89.0,86.0,,0,0,,,102236596.0,"$23,600,000"
Couples Retreat,,10.0,39.0,,0,0,,,172450423.0,"$60,000,000"
The Damned United,,92.0,85.0,,0,0,,,,"$6,400,000"
An Education,Carey Mulligan,93.0,80.0,"Oscars - ACTRESS IN A LEADING ROLE(Nominated)
Oscars - BEST PICTURE(Nominated)
Oscars - WRITING (Adapted Screenplay)(Nominated)",3,0,,"Oscars - ACTRESS IN A LEADING ROLE(Nominated)
Oscars - BEST PICTURE(Nominated)
Oscars - WRITING (Adapted Screenplay)(Nominated)",29652736.0,"$7,500,000"
Trucker,,58.0,57.0,,0,0,,,,"$1,500,000"
Law Abiding Citizen,,26.0,75.0,,0,0,,,131159781.0,"$53,000,000"
Where the Wild Things Are,Mark Ruffalo,73.0,57.0,,0,0,,,99123656.0,"$100,000,000"
Astro Boy,Samuel L. Jackson,51.0,50.0,,0,0,,,41636243.0,"$65,000,000"
Motherhood,Uma Thurman,20.0,16.0,,0,0,,,,"$10,000,000"
Saw VI,,39.0,49.0,,0,0,,,69752402.0,"$11,000,000"
Michael Jackson's This Is It,,81.0,82.0,,0,0,,,261183588.0,"$60,000,000"
Gentlemen Broncos,,20.0,44.0,,0,0,,,,"$9,500,000"
The Fourth Kind,,18.0,41.0,,0,0,,,49486874.0,"$10,000,000"
The Men Who Stare at Goats,"George Clooney, Ewan McGregor",51.0,39.0,,0,0,,,67348218.0,"$24,000,000"
2012,,39.0,47.0,,0,0,,,757677748.0,"$200,000,000"
Lesbian Vampire Killers,,28.0,32.0,,0,0,,,,"$2,000,000"
The Messenger,,90.0,75.0,"Oscars - ACTOR IN A SUPPORTING ROLE(Nominated)
Oscars - WRITING (Original Screenplay)(Nominated)",2,0,,"Oscars - ACTOR IN A SUPPORTING ROLE(Nominated)
Oscars - WRITING (Original Screenplay)(Nominated)",,"$6,500,000"
The Young Victoria,Emily Blunt,76.0,74.0,"Oscars - ART DIRECTION(Nominated)
Oscars - COSTUME DESIGN(Won)
Oscars - MAKEUP(Nominated)",3,1,Oscars - COSTUME DESIGN(Won),"Oscars - ART DIRECTION(Nominated)
Oscars - MAKEUP(Nominated)",31878891.0,"$35,000,000"
Bad Lieutenant: Port of Call New Orleans,,86.0,57.0,,0,0,,,,"$25,000,000"
Planet 51,"Dwayne Johnson, Gary Oldman",23.0,40.0,,0,0,,,108996113.0,"$60,000,000"
Me and Orson Welles,,86.0,61.0,,0,0,,,,"$25,000,000"
Ninja Assassin,,26.0,54.0,,0,0,,,62209892.0,"$50,000,000"
Armored,,41.0,31.0,,0,0,,,23661038.0,"$20,000,000"
Everybody's Fine,Robert De Niro,70.0,87.0,Golden Globes - Best Original Song - Motion Picture(Nominated),1,0,,Golden Globes - Best Original Song - Motion Picture(Nominated),,"$20,000,000"
Invictus,Matt Damon,76.0,75.0,"Oscars - ACTOR IN A LEADING ROLE(Nominated)
Oscars - ACTOR IN A SUPPORTING ROLE(Nominated)
Golden Globes - Best Performance by an Actor in a Motion Picture - Drama(Nominated)
Golden Globes - Best Performance by an Actor in a Supporting Role in any Motion Picture(Nominated)
Golden Globes - Best Director - Motion Picture(Nominated)",5,0,,"Oscars - ACTOR IN A LEADING ROLE(Nominated)
Oscars - ACTOR IN A SUPPORTING ROLE(Nominated)
Golden Globes - Best Performance by an Actor in a Motion Picture - Drama(Nominated)
Golden Globes - Best Performance by an Actor in a Supporting Role in any Motion Picture(Nominated)
Golden Globes - Best Director - Motion Picture(Nominated)",124514011.0,"$60,000,000"
Crazy Heart,,90.0,76.0,"Oscars - ACTOR IN A LEADING ROLE(Won)
Oscars - ACTRESS IN A SUPPORTING ROLE(Nominated)
Oscars - MUSIC (Original Song)(Won)
Golden Globes - Best Performance by an Actor in a Motion Picture - Drama(Won)
Golden Globes - Best Original Song - Motion Picture(Won)",5,4,"Oscars - ACTOR IN A LEADING ROLE(Won)
Oscars - MUSIC (Original Song)(Won)
Golden Globes - Best Performance by an Actor in a Motion Picture - Drama(Won)
Golden Globes - Best Original Song - Motion Picture(Won)",Oscars - ACTRESS IN A SUPPORTING ROLE(Nominated),47417251.0,"$8,500,000"
The Last Station,,71.0,67.0,"Oscars - ACTOR IN A SUPPORTING ROLE(Nominated)
Oscars - ACTRESS IN A LEADING ROLE(Nominated)",2,0,,"Oscars - ACTOR IN A SUPPORTING ROLE(Nominated)
Oscars - ACTRESS IN A LEADING ROLE(Nominated)",,"$18,000,000"
The Imaginarium of Doctor Parnassus,"Heath Ledger, Andrew Garfield, Johnny Depp",64.0,60.0,"Oscars - ART DIRECTION(Nominated)
Oscars - COSTUME DESIGN(Nominated)",2,0,,"Oscars - ART DIRECTION(Nominated)
Oscars - COSTUME DESIGN(Nominated)",64352607.0,"$30,000,000"
Toy Story 3,"Tom Hanks, Michael Keaton",98.0,90.0,"Oscars - ANIMATED FEATURE FILM(Won)
Oscars - MUSIC (Original Song)(Won)
Oscars - BEST PICTURE(Nominated)
Oscars - SOUND EDITING(Nominated)
Oscars - WRITING (Adapted Screenplay)(Nominated)
Golden Globes - Best Motion Picture - Animated(Won)",6,3,"Oscars - ANIMATED FEATURE FILM(Won)
Oscars - MUSIC (Original Song)(Won)
Golden Globes - Best Motion Picture - Animated(Won)","Oscars - BEST PICTURE(Nominated)
Oscars - SOUND EDITING(Nominated)
Oscars - WRITING (Adapted Screenplay)(Nominated)",1068879522.0,"$200,000,000"
Iron Man 2,"Scarlett Johansson, Robert Downey Jr., Samuel L. Jackson",72.0,71.0,Oscars - VISUAL EFFECTS(Nominated),1,0,,Oscars - VISUAL EFFECTS(Nominated),621156389.0,"$170,000,000"
The Twilight Saga: Eclipse,Robert Pattinson,46.0,60.0,,0,0,,,706101755.0,"$68,000,000"
Inception,"Leonardo DiCaprio, Joseph Gordon-Levitt, Tom Hardy, Michael Caine",87.0,91.0,"Oscars - ART DIRECTION(Nominated)
Oscars - CINEMATOGRAPHY(Won)
Oscars - MUSIC (Original Score)(Nominated)
Oscars - BEST PICTURE(Nominated)
Oscars - SOUND EDITING(Won)
Oscars - SOUND MIXING(Won)
Oscars - VISUAL EFFECTS(Won)
Oscars - WRITING (Original Screenplay)(Nominated)
Golden Globes - Best Motion Picture - Drama(Nominated)
Golden Globes - Best Director - Motion Picture(Nominated)
Golden Globes - Best Screenplay - Motion Picture(Nominated)
Golden Globes - Best Original Score - Motion Picture(Nominated)",12,4,"Oscars - CINEMATOGRAPHY(Won)
Oscars - SOUND EDITING(Won)
Oscars - SOUND MIXING(Won)
Oscars - VISUAL EFFECTS(Won)","Oscars - ART DIRECTION(Nominated)
Oscars - MUSIC (Original Score)(Nominated)
Oscars - BEST PICTURE(Nominated)
Oscars - WRITING (Original Screenplay)(Nominated)
Golden Globes - Best Motion Picture - Drama(Nominated)
Golden Globes - Best Director - Motion Picture(Nominated)
Golden Globes - Best Screenplay - Motion Picture(Nominated)
Golden Globes - Best Original Score - Motion Picture(Nominated)",826873382.0,"$160,000,000"
Despicable Me,,80.0,83.0,Golden Globes - Best Motion Picture - Animated(Nominated),1,0,,Golden Globes - Best Motion Picture - Animated(Nominated),544707293.0,"$69,000,000"
Shrek Forever After,"Mike Myers, Cameron Diaz",57.0,54.0,,0,0,,,756244673.0,"$165,000,000"
How to Train Your Dragon,,99.0,91.0,"Oscars - ANIMATED FEATURE FILM(Nominated)
Oscars - MUSIC (Original Score)(Nominated)",2,0,,"Oscars - ANIMATED FEATURE FILM(Nominated)
Oscars - MUSIC (Original Score)(Nominated)",495141736.0,"$165,000,000"
Tangled,,89.0,87.0,"Oscars - MUSIC (Original Song)(Nominated)
Golden Globes - Best Motion Picture - Animated(Nominated)
Golden Globes - Best Original Song - Motion Picture(Nominated)",3,0,,"Oscars - MUSIC (Original Song)(Nominated)
Golden Globes - Best Motion Picture - Animated(Nominated)
Golden Globes - Best Original Song - Motion Picture(Nominated)",582440151.0,"$260,000,000"
Daybreakers,Willem Dafoe,69.0,49.0,,0,0,,,51445503.0,"$20,000,000"
Youth in Revolt,Michael Cera,67.0,52.0,,0,0,,,19685588.0,"$18,000,000"
The Book of Eli,"Denzel Washington, Gary Oldman",47.0,64.0,,0,0,,,158750817.0,"$80,000,000"
The Spy Next Door,,12.0,40.0,,0,0,,,46752858.0,"$28,000,000"
Fish Tank,,91.0,79.0,,0,0,,,,"$3,000,000"
Extraordinary Measures,Harrison Ford,29.0,53.0,,0,0,,,,"$31,000,000"
The Girl on the Train,,76.0,42.0,,0,0,,,174278214.0,"$45,000,000"
Edge of Darkness,,55.0,49.0,,0,0,,,82812456.0,"$60,000,000"
Saint John of Las Vegas,,25.0,27.0,,0,0,,,,"$2,000,000"
Dear John,Channing Tatum,29.0,55.0,"Oscars - FOREIGN LANGUAGE FILM(Nominated)
Golden Globes - Best Performance by an Actor in a Television Series - Musical or Comedy(Nominated)",2,0,,"Oscars - FOREIGN LANGUAGE FILM(Nominated)
Golden Globes - Best Performance by an Actor in a Television Series - Musical or Comedy(Nominated)",142033509.0,"$25,000,000"
From Paris With Love,,37.0,54.0,,0,0,,,53139168.0,"$52,000,000"
Frozen,,56.0,62.0,"Oscars - ANIMATED FEATURE FILM(Won)
Oscars - MUSIC (Original Song)(Won)
Golden Globes - Best Motion Picture - Animated(Won)
Golden Globes - Best Original Song - Motion Picture(Nominated)",4,3,"Oscars - ANIMATED FEATURE FILM(Won)
Oscars - MUSIC (Original Song)(Won)
Golden Globes - Best Motion Picture - Animated(Won)",Golden Globes - Best Original Song - Motion Picture(Nominated),1270089468.0,"$150,000,000"
Percy Jackson & the Olympians: The Lightning Thief,Uma Thurman,49.0,53.0,,0,0,,,,"$95,000,000"
The Good Guy,,36.0,30.0,,0,0,,,,"$10,000,000"
Cop Out,,18.0,39.0,,0,0,,,55909910.0,"$37,000,000"
Defendor,,72.0,58.0,,0,0,,,,"$3,750,000"
Brooklyn's Finest,,44.0,46.0,,0,0,,,39233233.0,"$17,000,000"
Our Family Wedding,,15.0,48.0,,0,0,,,21410546.0,"$14,000,000"
Stolen,,67.0,47.0,,0,0,,,17967746.0,"$35,000,000"
Diary of a Wimpy Kid,,54.0,49.0,,0,0,,,76954311.0,"$15,000,000"
City Island,,83.0,79.0,,0,0,,,,"$6,000,000"
The Runaways,,69.0,55.0,,0,0,,,,"$9,500,000"
Hot Tub Time Machine,,64.0,56.0,,0,0,,,65967750.0,"$36,000,000"
Don McKay,,38.0,23.0,,0,0,,,,"$6,000,000"
Date Night,"Mark Wahlberg, Mark Ruffalo",67.0,55.0,,0,0,,,152269033.0,"$55,000,000"
Letters to God,,25.0,75.0,,0,0,,,,"$3,000,000"
The City of Your Final Destination,,39.0,39.0,,0,0,,,,"$8,300,000"
The Joneses,,62.0,47.0,,0,0,,,,"$10,000,000"
Oceans,,81.0,75.0,,0,0,,,86787530.0,"$80,000,000"
Harry Brown,Michael Caine,63.0,75.0,,0,0,,,,"$7,300,000"
Please Give,,85.0,64.0,,0,0,,,,"$3,000,000"
Mother and Child,Samuel L. Jackson,79.0,76.0,,0,0,,,,"$7,000,000"
Just Wright,,47.0,61.0,,0,0,,,21867665.0,"$12,000,000"
Letters to Juliet,,42.0,62.0,,0,0,,,82148538.0,"$30,000,000"
Princess Kaiulani,,21.0,46.0,,0,0,,,,"$9,000,000"
MacGruber,,47.0,35.0,,0,0,,,,"$10,000,000"
Kites,,72.0,53.0,,0,0,,,,"$9,200,000"
Solitary Man,,78.0,50.0,,0,0,,,,"$12,500,000"
Sex and the City 2,,15.0,43.0,,0,0,,,294680778.0,"$95,000,000"
Micmacs,,72.0,74.0,,0,0,,,18821576.0,"$42,000,000"
Marmaduke,Emma Stone,9.0,42.0,,0,0,,,89895930.0,"$50,000,000"
Ondine,,70.0,60.0,,0,0,,,,"$12,000,000"
Jonah Hex,,12.0,20.0,,0,0,,,,"$47,000,000"
8: The Mormon Proposition,,65.0,72.0,,0,0,,,,"$2,500,000"
Cyrus,,80.0,53.0,,0,0,,,,"$7,000,000"
Knight and Day,Cameron Diaz,52.0,49.0,,0,0,,,258751370.0,"$117,000,000"
Grown Ups,Adam Sandler,10.0,62.0,,0,0,,,272222420.0,"$75,000,000"
Love Ranch,,12.0,28.0,,0,0,,,,"$25,000,000"
The Last Airbender,,5.0,30.0,,0,0,,,319713881.0,"$150,000,000"
The Kids Are All Right,"Mark Ruffalo, Josh Hutcherson",93.0,74.0,"Oscars - ACTOR IN A SUPPORTING ROLE(Nominated)
Oscars - ACTRESS IN A LEADING ROLE(Nominated)
Oscars - BEST PICTURE(Nominated)
Oscars - WRITING (Original Screenplay)(Nominated)",4,0,,"Oscars - ACTOR IN A SUPPORTING ROLE(Nominated)
Oscars - ACTRESS IN A LEADING ROLE(Nominated)
Oscars - BEST PICTURE(Nominated)
Oscars - WRITING (Original Screenplay)(Nominated)",36275469.0,"$4,000,000"
Valhalla Rising,,71.0,49.0,,0,0,,,,"$5,700,000"
The Sorcerer's Apprentice,,40.0,53.0,,0,0,,,217986320.0,"$160,000,000"
Ramona and Beezus,,70.0,71.0,,0,0,,,27469621.0,"$15,000,000"
Spoken Word,,46.0,39.0,,0,0,,,,"$4,500,000"
Cats & Dogs: The Revenge of Kitty Galore,,13.0,38.0,,0,0,,,113026383.0,"$85,000,000"
Charlie St. Cloud,,28.0,60.0,,0,0,,,48478084.0,"$44,000,000"
Dinner for Schmucks,,42.0,42.0,,0,0,,,86796502.0,"$69,000,000"
The Extra Man,,42.0,37.0,,0,0,,,,"$7,000,000"
Get Low,,84.0,75.0,,0,0,,,,"$7,000,000"
Flipped,,55.0,79.0,,0,0,,,,"$14,000,000"
The Other Guys,"Dwayne Johnson, Mark Wahlberg, Samuel L. Jackson, Michael Keaton",79.0,60.0,,0,0,,,170936470.0,"$100,000,000"
The Disappearance of Alice Creed,,81.0,67.0,,0,0,,,,"$1,500,000"
Middle Men,,40.0,56.0,,0,0,,,,"$20,000,000"
Eat Pray Love,,35.0,42.0,,0,0,,,206598789.0,"$60,000,000"
The Expendables,Jason Statham,42.0,64.0,,0,0,,,268268174.0,"$82,000,000"
Animal Kingdom,,94.0,83.0,"Oscars - ACTRESS IN A SUPPORTING ROLE(Nominated)
Golden Globes - Best Performance by an Actress in a Supporting Role in any Motion Picture(Nominated)",2,0,,"Oscars - ACTRESS IN A SUPPORTING ROLE(Nominated)
Golden Globes - Best Performance by an Actress in a Supporting Role in any Motion Picture(Nominated)",,"$4,200,000"
Vampires Suck,,4.0,30.0,,0,0,,,81424988.0,"$20,000,000"
Mao's Last Dancer,,56.0,76.0,,0,0,,,25941437.0,"$18,000,000"
The Last Exorcism,,71.0,35.0,,0,0,,,70165900.0,"$1,800,000"
Takers,,28.0,62.0,,0,0,,,70587268.0,"$32,000,000"
Centurion,,60.0,43.0,,0,0,,,,"$15,000,000"
The American,George Clooney,64.0,39.0,,0,0,,,67950723.0,"$20,000,000"
Machete,Robert De Niro,70.0,63.0,,0,0,,,46370970.0,"$12,500,000"
Resident Evil: Afterlife,,21.0,48.0,,0,0,,,295874190.0,"$57,500,000"
Alpha and Omega,,20.0,41.0,,0,0,,,48958353.0,"$20,000,000"
Devil,,50.0,43.0,,0,0,,,63354114.0,"$10,000,000"
Easy A,Emma Stone,85.0,77.0,Golden Globes - Best Performance by an Actress in a Motion Picture - Musical or Comedy(Nominated),1,0,,Golden Globes - Best Performance by an Actress in a Motion Picture - Musical or Comedy(Nominated),76200721.0,"$8,000,000"
The Town,,92.0,85.0,Oscars - ACTOR IN A SUPPORTING ROLE(Nominated),1,0,,Oscars - ACTOR IN A SUPPORTING ROLE(Nominated),152566881.0,"$37,000,000"
You Will Meet a Tall Dark Stranger,,45.0,34.0,,0,0,,,38535748.0,"$15,000,000"
You Again,Sigourney Weaver,19.0,43.0,,0,0,,,32838945.0,"$20,000,000"
Case 39,,21.0,39.0,,0,0,,,28773827.0,"$27,000,000"
Let Me In,,88.0,76.0,,0,0,,,28270399.0,"$20,000,000"
The Social Network,"Andrew Garfield, Armie Hammer",96.0,87.0,"Oscars - ACTOR IN A LEADING ROLE(Nominated)
Oscars - CINEMATOGRAPHY(Nominated)
Oscars - DIRECTING(Nominated)
Oscars - FILM EDITING(Won)
Oscars - MUSIC (Original Score)(Won)
Oscars - BEST PICTURE(Nominated)
Oscars - SOUND MIXING(Nominated)
Oscars - WRITING (Adapted Screenplay)(Won)
Golden Globes - Best Motion Picture - Drama(Won)
Golden Globes - Best Performance by an Actor in a Motion Picture - Drama(Nominated)
Golden Globes - Best Performance by an Actor in a Supporting Role in any Motion Picture(Nominated)
Golden Globes - Best Director - Motion Picture(Won)
Golden Globes - Best Screenplay - Motion Picture(Won)
Golden Globes - Best Original Score - Motion Picture(Won)",14,7,"Oscars - FILM EDITING(Won)
Oscars - MUSIC (Original Score)(Won)
Oscars - WRITING (Adapted Screenplay)(Won)
Golden Globes - Best Motion Picture - Drama(Won)
Golden Globes - Best Director - Motion Picture(Won)
Golden Globes - Best Screenplay - Motion Picture(Won)
Golden Globes - Best Original Score - Motion Picture(Won)","Oscars - ACTOR IN A LEADING ROLE(Nominated)
Oscars - CINEMATOGRAPHY(Nominated)
Oscars - DIRECTING(Nominated)
Oscars - BEST PICTURE(Nominated)
Oscars - SOUND MIXING(Nominated)
Golden Globes - Best Performance by an Actor in a Motion Picture - Drama(Nominated)
Golden Globes - Best Performance by an Actor in a Supporting Role in any Motion Picture(Nominated)",224922135.0,"$40,000,000"
It's Kind of a Funny Story,,58.0,66.0,,0,0,,,,"$8,000,000"
My Soul to Take,,11.0,26.0,,0,0,,,,"$25,000,000"
Secretariat,,64.0,76.0,,0,0,,,60376247.0,"$35,000,000"
Inside Job,Matt Damon,98.0,91.0,Oscars - DOCUMENTARY (Feature)(Won),1,1,Oscars - DOCUMENTARY (Feature)(Won),,,"$2,000,000"
It's a Wonderful Afterlife,,29.0,33.0,,0,0,,,,"$10,000,000"
Nowhere Boy,,80.0,74.0,,0,0,,,,"$1,900,000"
Stone,"Robert De Niro, Edward Norton",50.0,21.0,,0,0,,,,"$22,000,000"
Wild Target,"Rupert Grint, Emily Blunt",31.0,56.0,,0,0,,,,"$8,000,000"
Red,,72.0,72.0,"Oscars - CINEMATOGRAPHY(Nominated)
Oscars - DIRECTING(Nominated)
Oscars - WRITING (Screenplay Written Directly for the Screen)(Nominated)
Golden Globes - Best Motion Picture - Musical or Comedy(Nominated)",4,0,,"Oscars - CINEMATOGRAPHY(Nominated)
Oscars - DIRECTING(Nominated)
Oscars - WRITING (Screenplay Written Directly for the Screen)(Nominated)
Golden Globes - Best Motion Picture - Musical or Comedy(Nominated)",196439693.0,"$60,000,000"
Hereafter,Matt Damon,47.0,38.0,Oscars - VISUAL EFFECTS(Nominated),1,0,,Oscars - VISUAL EFFECTS(Nominated),108660270.0,"$50,000,000"
Paranormal Activity 2,,57.0,48.0,,0,0,,,177512032.0,"$3,000,000"
Due Date,Robert Downey Jr.,40.0,52.0,,0,0,,,211739043.0,"$65,000,000"
Megamind,"Brad Pitt, Amy Poehler",73.0,72.0,,0,0,,,321887208.0,"$130,000,000"
127 Hours,,93.0,85.0,"Oscars - ACTOR IN A LEADING ROLE(Nominated)
Oscars - FILM EDITING(Nominated)
Oscars - MUSIC (Original Score)(Nominated)
Oscars - MUSIC (Original Song)(Nominated)
Oscars - BEST PICTURE(Nominated)
Oscars - WRITING (Adapted Screenplay)(Nominated)
Golden Globes - Best Performance by an Actor in a Motion Picture - Drama(Nominated)
Golden Globes - Best Screenplay - Motion Picture(Nominated)
Golden Globes - Best Original Score - Motion Picture(Nominated)",9,0,,"Oscars - ACTOR IN A LEADING ROLE(Nominated)
Oscars - FILM EDITING(Nominated)
Oscars - MUSIC (Original Score)(Nominated)
Oscars - MUSIC (Original Song)(Nominated)
Oscars - BEST PICTURE(Nominated)
Oscars - WRITING (Adapted Screenplay)(Nominated)
Golden Globes - Best Performance by an Actor in a Motion Picture - Drama(Nominated)
Golden Globes - Best Screenplay - Motion Picture(Nominated)
Golden Globes - Best Original Score - Motion Picture(Nominated)",60217171.0,"$18,000,000"
Four Lions,Benedict Cumberbatch,83.0,80.0,,0,0,,,,"$3,750,000"
Morning Glory,"Harrison Ford, Rachel McAdams, Jeff Goldblum",64.0,45.0,Oscars - ACTRESS(Won),1,1,Oscars - ACTRESS(Won),,59795070.0,"$40,000,000"
The Next Three Days,Liam Neeson,50.0,66.0,,0,0,,,67255916.0,"$30,000,000"
Made in Dagenham,,80.0,75.0,,0,0,,,,"$8,000,000"
Burlesque,,37.0,64.0,"Golden Globes - Best Motion Picture - Musical or Comedy(Nominated)
Golden Globes - Best Original Song - Motion Picture(Won)
Golden Globes - Best Original Song - Motion Picture(Nominated)",3,1,Golden Globes - Best Original Song - Motion Picture(Won),"Golden Globes - Best Motion Picture - Musical or Comedy(Nominated)
Golden Globes - Best Original Song - Motion Picture(Nominated)",90552675.0,"$55,000,000"
Faster,Dwayne Johnson,53.0,90.0,,0,0,,,35792945.0,"$24,000,000"
The Warrior's Way,,33.0,47.0,,0,0,,,,"$42,000,000"
The Tourist,Johnny Depp,21.0,42.0,,0,0,,,278731369.0,"$100,000,000"
The Fighter,"Mark Wahlberg, Christian Bale",91.0,89.0,"Oscars - ACTOR IN A SUPPORTING ROLE(Won)
Oscars - ACTRESS IN A SUPPORTING ROLE(Nominated)
Oscars - ACTRESS IN A SUPPORTING ROLE(Won)
Oscars - DIRECTING(Nominated)
Oscars - FILM EDITING(Nominated)
Oscars - BEST PICTURE(Nominated)
Oscars - WRITING (Original Screenplay)(Nominated)",7,2,"Oscars - ACTOR IN A SUPPORTING ROLE(Won)
Oscars - ACTRESS IN A SUPPORTING ROLE(Won)","Oscars - ACTRESS IN A SUPPORTING ROLE(Nominated)
Oscars - DIRECTING(Nominated)
Oscars - FILM EDITING(Nominated)
Oscars - BEST PICTURE(Nominated)
Oscars - WRITING (Original Screenplay)(Nominated)",129262388.0,"$11,000,000"
Yogi Bear,,13.0,34.0,,0,0,,,204774690.0,"$80,000,000"
Casino Jack,,39.0,34.0,Golden Globes - Best Performance by an Actor in a Motion Picture - Musical or Comedy(Nominated),1,0,,Golden Globes - Best Performance by an Actor in a Motion Picture - Musical or Comedy(Nominated),,"$12,500,000"
Rabbit Hole,Nicole Kidman,87.0,72.0,"Oscars - ACTRESS IN A LEADING ROLE(Nominated)
Golden Globes - Best Performance by an Actress in a Motion Picture - Drama(Nominated)",2,0,,"Oscars - ACTRESS IN A LEADING ROLE(Nominated)
Golden Globes - Best Performance by an Actress in a Motion Picture - Drama(Nominated)",,"$5,000,000"
Little Fockers,Robert De Niro,9.0,34.0,,0,0,,,310650574.0,"$100,000,000"
True Grit,"Matt Damon, Domhnall Gleeson",88.0,84.0,"Oscars - ACTOR(Won)
Oscars - MUSIC (Song--Original for the Picture)(Nominated)
Oscars - ACTOR IN A LEADING ROLE(Nominated)
Oscars - ACTRESS IN A SUPPORTING ROLE(Nominated)
Oscars - ART DIRECTION(Nominated)
Oscars - CINEMATOGRAPHY(Nominated)
Oscars - COSTUME DESIGN(Nominated)
Oscars - DIRECTING(Nominated)
Oscars - BEST PICTURE(Nominated)
Oscars - SOUND EDITING(Nominated)
Oscars - SOUND MIXING(Nominated)
Oscars - WRITING (Adapted Screenplay)(Nominated)
Golden Globes - Best Performance by an Actor in a Motion Picture - Drama(Won)
Golden Globes - Best Original Song - Motion Picture(Nominated)
Golden Globes - New Star Of The Year - Actor(Nominated)",15,2,"Oscars - ACTOR(Won)
Golden Globes - Best Performance by an Actor in a Motion Picture - Drama(Won)","Oscars - MUSIC (Song--Original for the Picture)(Nominated)
Oscars - ACTOR IN A LEADING ROLE(Nominated)
Oscars - ACTRESS IN A SUPPORTING ROLE(Nominated)
Oscars - ART DIRECTION(Nominated)
Oscars - CINEMATOGRAPHY(Nominated)
Oscars - COSTUME DESIGN(Nominated)
Oscars - DIRECTING(Nominated)
Oscars - BEST PICTURE(Nominated)
Oscars - SOUND EDITING(Nominated)
Oscars - SOUND MIXING(Nominated)
Oscars - WRITING (Adapted Screenplay)(Nominated)
Golden Globes - Best Original Song - Motion Picture(Nominated)
Golden Globes - New Star Of The Year - Actor(Nominated)",252276928.0,"$35,000,000"
Country Strong,,22.0,53.0,"Oscars - MUSIC (Original Song)(Nominated)
Golden Globes - Best Original Song - Motion Picture(Nominated)",2,0,,"Oscars - MUSIC (Original Song)(Nominated)
Golden Globes - Best Original Song - Motion Picture(Nominated)",20601987.0,"$15,000,000"
Another Year,,92.0,74.0,Oscars - WRITING (Original Screenplay)(Nominated),1,0,,Oscars - WRITING (Original Screenplay)(Nominated),20005613.0,"$8,000,000"
Biutiful,,66.0,75.0,"Oscars - ACTOR IN A LEADING ROLE(Nominated)
Oscars - FOREIGN LANGUAGE FILM(Nominated)",2,0,,"Oscars - ACTOR IN A LEADING ROLE(Nominated)
Oscars - FOREIGN LANGUAGE FILM(Nominated)",24687524.0,"$35,000,000"
Blue Valentine,Ryan Gosling,86.0,77.0,"Oscars - ACTRESS IN A LEADING ROLE(Nominated)
Golden Globes - Best Performance by an Actress in a Motion Picture - Drama(Nominated)
Golden Globes - Best Performance by an Actor in a Motion Picture - Drama(Nominated)",3,0,,"Oscars - ACTRESS IN A LEADING ROLE(Nominated)
Golden Globes - Best Performance by an Actress in a Motion Picture - Drama(Nominated)
Golden Globes - Best Performance by an Actor in a Motion Picture - Drama(Nominated)",,"$1,000,000"
Transformers: Dark of the Moon,,35.0,55.0,"Oscars - SOUND EDITING(Nominated)
Oscars - SOUND MIXING(Nominated)
Oscars - VISUAL EFFECTS(Nominated)",3,0,,"Oscars - SOUND EDITING(Nominated)
Oscars - SOUND MIXING(Nominated)
Oscars - VISUAL EFFECTS(Nominated)",1123794079.0,"$195,000,000"
The Hangover Part II,,34.0,52.0,,0,0,,,586764305.0,"$80,000,000"
Pirates of the Caribbean: On Stranger Tides,Johnny Depp,33.0,54.0,,0,0,,,,"$379,000,000"
Fast Five,Dwayne Johnson,78.0,83.0,,0,0,,,629975898.0,"$125,000,000"
Cars 2,Michael Caine,39.0,49.0,Golden Globes - Best Motion Picture - Animated(Nominated),1,0,,Golden Globes - Best Motion Picture - Animated(Nominated),560155383.0,"$200,000,000"
Sherlock Holmes: A Game of Shadows,"Robert Downey Jr., Rachel McAdams",60.0,77.0,,0,0,,,535663443.0,"$125,000,000"
Thor,"Natalie Portman, Chris Hemsworth, Samuel L. Jackson",77.0,76.0,,0,0,,,449326618.0,"$150,000,000"
Barney's Version,,77.0,78.0,"Oscars - MAKEUP(Nominated)
Golden Globes - Best Performance by an Actor in a Motion Picture - Musical or Comedy(Won)",2,1,Golden Globes - Best Performance by an Actor in a Motion Picture - Musical or Comedy(Won),Oscars - MAKEUP(Nominated),,"$30,000,000"
The Dilemma,"Channing Tatum, Winona Ryder",24.0,29.0,,0,0,,,70546865.0,"$70,000,000"
The Green Hornet,"Christoph Waltz, Cameron Diaz",45.0,43.0,,0,0,,,229155503.0,"$110,000,000"
The Rite,,22.0,40.0,,0,0,,,97143987.0,"$37,000,000"
The Roommate,,3.0,27.0,,0,0,,,52545707.0,"$16,000,000"
Sanctum,,30.0,37.0,,0,0,,,108957098.0,"$30,000,000"
Cedar Rapids,Sigourney Weaver,86.0,59.0,,0,0,,,,"$10,000,000"
The Eagle,,83.0,71.0,,0,0,,,38993548.0,"$25,000,000"
Just Go With It,,19.0,59.0,,0,0,,,214974953.0,"$80,000,000"
Justin Bieber: Never Say Never,,66.0,65.0,,0,0,,,99034125.0,"$13,000,000"
"Big Mommas: Like Father, Like Son",,5.0,58.0,,0,0,,,82332450.0,"$32,000,000"
Drive Angry,,47.0,37.0,,0,0,,,41042583.0,"$50,000,000"
Hall Pass,,33.0,40.0,,0,0,,,87173475.0,"$68,000,000"
The Adjustment Bureau,"Matt Damon, Emily Blunt",72.0,67.0,,0,0,,,126931325.0,"$50,200,000"
Beastly,,21.0,48.0,,0,0,,,38028230.0,"$17,000,000"
Rango,Johnny Depp,88.0,70.0,"Oscars - ANIMATED FEATURE FILM(Won)
Golden Globes - Best Motion Picture - Animated(Nominated)",2,1,Oscars - ANIMATED FEATURE FILM(Won),Golden Globes - Best Motion Picture - Animated(Nominated),245724600.0,"$135,000,000"
Battle: Los Angeles,,37.0,48.0,,0,0,,,213463976.0,"$70,000,000"
Mars Needs Moms,,37.0,40.0,,0,0,,,39549758.0,"$150,000,000"
Limitless,,68.0,74.0,,0,0,,,155564919.0,"$27,000,000"
The Lincoln Lawyer,,84.0,82.0,,0,0,,,87145086.0,"$40,000,000"
Paul,Sigourney Weaver,70.0,62.0,,0,0,,,101162106.0,"$40,000,000"
Diary of a Wimpy Kid: Rodrick Rules,,50.0,47.0,,0,0,,,73695194.0,"$18,000,000"
Insidious,,67.0,62.0,,0,0,,,99870886.0,"$1,500,000"
Source Code,Jake Gyllenhaal,92.0,82.0,,0,0,,,140428499.0,"$32,000,000"
Hanna,Tom Holland,72.0,66.0,,0,0,,,65343694.0,"$30,000,000"
Soul Surfer,,45.0,75.0,,0,0,,,47135489.0,"$18,000,000"
Your Highness,Natalie Portman,27.0,34.0,,0,0,,,26121638.0,"$50,000,000"
The Conspirator,,56.0,62.0,,0,0,,,,"$25,000,000"
Rio,,72.0,71.0,Oscars - MUSIC (Original Song)(Nominated),1,0,,Oscars - MUSIC (Original Song)(Nominated),487517241.0,"$90,000,000"
Scream 4,,60.0,57.0,,0,0,,,95989590.0,"$40,000,000"
Water for Elephants,"Robert Pattinson, Christoph Waltz",60.0,70.0,,0,0,,,116809717.0,"$38,000,000"
Dylan Dog: Dead of Night,,4.0,29.0,,0,0,,,,"$20,000,000"
The Beaver,Jennifer Lawrence,63.0,55.0,,0,0,,,,"$21,000,000"
Jumping the Broom,,57.0,58.0,,0,0,,,38158601.0,"$7,000,000"
Priest,,15.0,46.0,BAFTAs - Film | Alexander Korda Award for the outstanding British Film of the Year in 1995(Nominated),1,0,,BAFTAs - Film | Alexander Korda Award for the outstanding British Film of the Year in 1995(Nominated),84154026.0,"$60,000,000"
Midnight in Paris,"Rachel McAdams, Adrien Brody",93.0,83.0,"Oscars - ART DIRECTION(Nominated)
Oscars - DIRECTING(Nominated)
Oscars - BEST PICTURE(Nominated)
Oscars - WRITING (Original Screenplay)(Won)",4,1,Oscars - WRITING (Original Screenplay)(Won),"Oscars - ART DIRECTION(Nominated)
Oscars - DIRECTING(Nominated)
Oscars - BEST PICTURE(Nominated)",162051975.0,"$30,000,000"
Beautiful Boy,,71.0,56.0,Golden Globes - Best Performance by an Actor in a Supporting Role in any Motion Picture(Nominated),1,0,,Golden Globes - Best Performance by an Actor in a Supporting Role in any Motion Picture(Nominated),,"$25,000,000"
Beginners,Ewan McGregor,86.0,77.0,"Oscars - ACTOR IN A SUPPORTING ROLE(Won)
Golden Globes - Best Performance by an Actor in a Supporting Role in any Motion Picture(Won)",2,2,"Oscars - ACTOR IN A SUPPORTING ROLE(Won)
Golden Globes - Best Performance by an Actor in a Supporting Role in any Motion Picture(Won)",,,"$3,200,000"
Submarine,,88.0,82.0,,0,0,,,,"$1,900,000"
The Lion of Judah,,0.0,61.0,,0,0,,,,"$1,500,000"
Super 8,,81.0,75.0,,0,0,,,257972745.0,"$50,000,000"
The Art of Getting By,,20.0,46.0,,0,0,,,,"$4,000,000"
Green Lantern,Ryan Reynolds,25.0,45.0,,0,0,,,219535492.0,"$200,000,000"
A Better Life,,86.0,79.0,Oscars - ACTOR IN A LEADING ROLE(Nominated),1,0,,Oscars - ACTOR IN A LEADING ROLE(Nominated),,"$10,000,000"
Bad Teacher,Cameron Diaz,45.0,36.0,,0,0,,,215448997.0,"$19,000,000"
Larry Crowne,Tom Hanks,37.0,41.0,,0,0,,,61449135.0,"$30,000,000"
Monte Carlo,,40.0,50.0,,0,0,,,39686769.0,"$20,000,000"
Horrible Bosses,,69.0,70.0,,0,0,,,212417601.0,"$35,000,000"
Zookeeper,Adam Sandler,14.0,41.0,,0,0,,,170805525.0,"$80,000,000"
Captain America: The First Avenger,"Chris Evans, Samuel L. Jackson",80.0,75.0,,0,0,,,370569776.0,"$140,000,000"
Attack the Block,,91.0,75.0,,0,0,,,,"$13,000,000"
The Devil's Double,,55.0,64.0,,0,0,,,,"$19,100,000"
The Smurfs,,21.0,43.0,,0,0,,,563749323.0,"$110,000,000"
Rise of the Planet of the Apes,,82.0,77.0,Oscars - VISUAL EFFECTS(Nominated),1,0,,Oscars - VISUAL EFFECTS(Nominated),470986200.0,"$93,000,000"
The Help,Emma Stone,76.0,89.0,"Oscars - ACTRESS IN A LEADING ROLE(Nominated)
Oscars - ACTRESS IN A SUPPORTING ROLE(Nominated)
Oscars - ACTRESS IN A SUPPORTING ROLE(Won)
Oscars - BEST PICTURE(Nominated)
Golden Globes - Best Motion Picture - Drama(Nominated)
Golden Globes - Best Performance by an Actress in a Motion Picture - Drama(Nominated)
Golden Globes - Best Performance by an Actress in a Supporting Role in any Motion Picture(Won)
Golden Globes - Best Performance by an Actress in a Supporting Role in any Motion Picture(Nominated)
Golden Globes - Best Original Song - Motion Picture(Nominated)",9,2,"Oscars - ACTRESS IN A SUPPORTING ROLE(Won)
Golden Globes - Best Performance by an Actress in a Supporting Role in any Motion Picture(Won)","Oscars - ACTRESS IN A LEADING ROLE(Nominated)
Oscars - ACTRESS IN A SUPPORTING ROLE(Nominated)
Oscars - BEST PICTURE(Nominated)
Golden Globes - Best Motion Picture - Drama(Nominated)
Golden Globes - Best Performance by an Actress in a Motion Picture - Drama(Nominated)
Golden Globes - Best Performance by an Actress in a Supporting Role in any Motion Picture(Nominated)
Golden Globes - Best Original Song - Motion Picture(Nominated)",213120004.0,"$25,000,000"
30 Minutes or Less,,45.0,40.0,,0,0,,,41146935.0,"$28,000,000"
Final Destination 5,,63.0,53.0,,0,0,,,155011165.0,"$40,000,000"
Colombiana,,28.0,67.0,,0,0,,,72295262.0,"$40,000,000"
Apollo 18,,24.0,23.0,,0,0,,,26517819.0,"$5,000,000"
Bucky Larson: Born to Be a Star,,3.0,25.0,,0,0,,,,"$10,000,000"
I Don't Know How She Does It,,17.0,32.0,,0,0,,,24474463.0,"$24,000,000"
Dolphin Tale,,81.0,80.0,,0,0,,,96068724.0,"$37,000,000"
Moneyball,"Brad Pitt, Chris Pratt",94.0,86.0,"Oscars - ACTOR IN A LEADING ROLE(Nominated)
Oscars - ACTOR IN A SUPPORTING ROLE(Nominated)
Oscars - FILM EDITING(Nominated)
Oscars - BEST PICTURE(Nominated)
Oscars - SOUND MIXING(Nominated)
Oscars - WRITING (Adapted Screenplay)(Nominated)
Golden Globes - Best Motion Picture - Drama(Nominated)
Golden Globes - Best Performance by an Actor in a Motion Picture - Drama(Nominated)
Golden Globes - Best Performance by an Actor in a Supporting Role in any Motion Picture(Nominated)
Golden Globes - Best Screenplay - Motion Picture(Nominated)",10,0,,"Oscars - ACTOR IN A LEADING ROLE(Nominated)
Oscars - ACTOR IN A SUPPORTING ROLE(Nominated)
Oscars - FILM EDITING(Nominated)
Oscars - BEST PICTURE(Nominated)
Oscars - SOUND MIXING(Nominated)
Oscars - WRITING (Adapted Screenplay)(Nominated)
Golden Globes - Best Motion Picture - Drama(Nominated)
Golden Globes - Best Performance by an Actor in a Motion Picture - Drama(Nominated)
Golden Globes - Best Performance by an Actor in a Supporting Role in any Motion Picture(Nominated)
Golden Globes - Best Screenplay - Motion Picture(Nominated)",111300835.0,"$50,000,000"
Courageous,,36.0,86.0,,0,0,,,35680886.0,"$2,000,000"
Margaret,"Matt Damon, Mark Ruffalo, Matthew Broderick",75.0,49.0,,0,0,,,,"$14,000,000"
Take Shelter,,92.0,81.0,,0,0,,,,"$4,750,000"
What's Your Number?,"Chris Evans, Chris Pratt",23.0,44.0,,0,0,,,30163785.0,"$20,000,000"
The Ides of March,"George Clooney, Ryan Gosling",83.0,73.0,Oscars - WRITING (Adapted Screenplay)(Nominated),1,0,,Oscars - WRITING (Adapted Screenplay)(Nominated),77735925.0,"$23,000,000"
Real Steel,Hugh Jackman,60.0,73.0,Oscars - VISUAL EFFECTS(Nominated),1,0,,Oscars - VISUAL EFFECTS(Nominated),263880341.0,"$110,000,000"
The Big Year,,42.0,41.0,,0,0,,,,"$41,000,000"
Johnny English Reborn,,38.0,45.0,,0,0,,,164640401.0,"$45,000,000"
Margin Call,,87.0,74.0,Oscars - WRITING (Original Screenplay)(Nominated),1,0,,Oscars - WRITING (Original Screenplay)(Nominated),20433227.0,"$3,400,000"
Paranormal Activity 3,,66.0,51.0,,0,0,,,207039844.0,"$5,000,000"
Anonymous,,20.0,33.0,Oscars - COSTUME DESIGN(Nominated),1,0,,Oscars - COSTUME DESIGN(Nominated),,"$27,500,000"
In Time,,37.0,51.0,,0,0,,,165103952.0,"$35,000,000"
Tower Heist,Matthew Broderick,67.0,48.0,,0,0,,,150422946.0,"$85,000,000"
J. Edgar,"Leonardo DiCaprio, Armie Hammer",43.0,44.0,Golden Globes - Best Performance by an Actor in a Motion Picture - Drama(Nominated),1,0,,Golden Globes - Best Performance by an Actor in a Motion Picture - Drama(Nominated),84606030.0,"$35,000,000"
Happy Feet Two,"Brad Pitt, Matt Damon, Elijah Wood",46.0,60.0,,0,0,,,157956462.0,"$135,000,000"
A Dangerous Method,Viggo Mortensen,79.0,50.0,,0,0,,,,"$20,000,000"
Arthur Christmas,,92.0,77.0,Golden Globes - Best Motion Picture - Animated(Nominated),1,0,,Golden Globes - Best Motion Picture - Animated(Nominated),147555243.0,"$85,000,000"
Hugo,Ben Kingsley,93.0,78.0,"Oscars - ART DIRECTION(Won)
Oscars - CINEMATOGRAPHY(Won)
Oscars - COSTUME DESIGN(Nominated)
Oscars - DIRECTING(Nominated)
Oscars - FILM EDITING(Nominated)
Oscars - MUSIC (Original Score)(Nominated)
Oscars - BEST PICTURE(Nominated)
Oscars - SOUND EDITING(Won)
Oscars - SOUND MIXING(Won)
Oscars - VISUAL EFFECTS(Won)
Oscars - WRITING (Adapted Screenplay)(Nominated)
Golden Globes - Best Motion Picture - Drama(Nominated)
Golden Globes - Best Director - Motion Picture(Won)
Golden Globes - Best Original Score - Motion Picture(Nominated)",14,6,"Oscars - ART DIRECTION(Won)
Oscars - CINEMATOGRAPHY(Won)
Oscars - SOUND EDITING(Won)
Oscars - SOUND MIXING(Won)
Oscars - VISUAL EFFECTS(Won)
Golden Globes - Best Director - Motion Picture(Won)","Oscars - COSTUME DESIGN(Nominated)
Oscars - DIRECTING(Nominated)
Oscars - FILM EDITING(Nominated)
Oscars - MUSIC (Original Score)(Nominated)
Oscars - BEST PICTURE(Nominated)
Oscars - WRITING (Adapted Screenplay)(Nominated)
Golden Globes - Best Motion Picture - Drama(Nominated)
Golden Globes - Best Original Score - Motion Picture(Nominated)",180047784.0,"$180,000,000"
The Muppets,Emily Blunt,95.0,80.0,Oscars - MUSIC (Original Song)(Won),1,1,Oscars - MUSIC (Original Song)(Won),,160461952.0,"$45,000,000"
The Artist,,95.0,87.0,"Oscars - ACTOR IN A LEADING ROLE(Won)
Oscars - ACTRESS IN A SUPPORTING ROLE(Nominated)
Oscars - ART DIRECTION(Nominated)
Oscars - CINEMATOGRAPHY(Nominated)
Oscars - COSTUME DESIGN(Won)
Oscars - DIRECTING(Won)
Oscars - FILM EDITING(Nominated)
Oscars - MUSIC (Original Score)(Won)
Oscars - BEST PICTURE(Won)
Oscars - WRITING (Original Screenplay)(Nominated)
Golden Globes - Best Motion Picture - Musical or Comedy(Won)
Golden Globes - Best Performance by an Actor in a Motion Picture - Musical or Comedy(Won)
Golden Globes - Best Performance by an Actress in a Supporting Role in any Motion Picture(Nominated)
Golden Globes - Best Director - Motion Picture(Nominated)
Golden Globes - Best Screenplay - Motion Picture(Nominated)
Golden Globes - Best Original Score - Motion Picture(Won)",16,8,"Oscars - ACTOR IN A LEADING ROLE(Won)
Oscars - COSTUME DESIGN(Won)
Oscars - DIRECTING(Won)
Oscars - MUSIC (Original Score)(Won)
Oscars - BEST PICTURE(Won)
Golden Globes - Best Motion Picture - Musical or Comedy(Won)
Golden Globes - Best Performance by an Actor in a Motion Picture - Musical or Comedy(Won)
Golden Globes - Best Original Score - Motion Picture(Won)","Oscars - ACTRESS IN A SUPPORTING ROLE(Nominated)
Oscars - ART DIRECTION(Nominated)
Oscars - CINEMATOGRAPHY(Nominated)
Oscars - FILM EDITING(Nominated)
Oscars - WRITING (Original Screenplay)(Nominated)
Golden Globes - Best Performance by an Actress in a Supporting Role in any Motion Picture(Nominated)
Golden Globes - Best Director - Motion Picture(Nominated)
Golden Globes - Best Screenplay - Motion Picture(Nominated)",128100584.0,"$16,000,000"
Shame,Carey Mulligan,65.0,88.0,"Golden Globes - Foreign Film - Foreign Language(Nominated)
Golden Globes - Best Performance by an Actor in a Motion Picture - Drama(Nominated)",2,0,,"Golden Globes - Foreign Film - Foreign Language(Nominated)
Golden Globes - Best Performance by an Actor in a Motion Picture - Drama(Nominated)",20412841.0,"$6,500,000"
Tinker Tailor Soldier Spy,"Benedict Cumberbatch, Tom Hardy, Gary Oldman",84.0,65.0,"Oscars - ACTOR IN A LEADING ROLE(Nominated)
Oscars - MUSIC (Original Score)(Nominated)
Oscars - WRITING (Adapted Screenplay)(Nominated)",3,0,,"Oscars - ACTOR IN A LEADING ROLE(Nominated)
Oscars - MUSIC (Original Score)(Nominated)
Oscars - WRITING (Adapted Screenplay)(Nominated)",81428388.0,"$21,000,000"
We Need to Talk About Kevin,,75.0,78.0,,0,0,,,,"$7,000,000"
Young Adult,,80.0,49.0,Golden Globes - Best Performance by an Actress in a Motion Picture - Musical or Comedy(Nominated),1,0,,Golden Globes - Best Performance by an Actress in a Motion Picture - Musical or Comedy(Nominated),22750356.0,"$12,000,000"
Alvin and the Chipmunks: Chipwrecked,Amy Poehler,10.0,51.0,,0,0,,,349088523.0,"$80,000,000"
Carnage,Christoph Waltz,70.0,66.0,"Golden Globes - Best Performance by an Actress in a Motion Picture - Musical or Comedy(Nominated)
Golden Globes - Best Performance by an Actress in a Motion Picture - Musical or Comedy(Nominated)",2,0,,"Golden Globes - Best Performance by an Actress in a Motion Picture - Musical or Comedy(Nominated)
Golden Globes - Best Performance by an Actress in a Motion Picture - Musical or Comedy(Nominated)",38112154.0,"$25,000,000"
The Adventures of Tintin,,75.0,74.0,Oscars - MUSIC (Original Score)(Nominated),1,0,,Oscars - MUSIC (Original Score)(Nominated),373993951.0,"$130,000,000"
We Bought a Zoo,"Matt Damon, Scarlett Johansson",65.0,71.0,,0,0,,,118729073.0,"$50,000,000"
The Darkest Hour,,11.0,25.0,,0,0,,,64626786.0,"$34,800,000"
War Horse,Benedict Cumberbatch,75.0,74.0,"Oscars - ART DIRECTION(Nominated)
Oscars - CINEMATOGRAPHY(Nominated)
Oscars - MUSIC (Original Score)(Nominated)
Oscars - BEST PICTURE(Nominated)
Oscars - SOUND EDITING(Nominated)
Oscars - SOUND MIXING(Nominated)
Golden Globes - Best Motion Picture - Drama(Nominated)
Golden Globes - Best Original Score - Motion Picture(Nominated)",8,0,,"Oscars - ART DIRECTION(Nominated)
Oscars - CINEMATOGRAPHY(Nominated)
Oscars - MUSIC (Original Score)(Nominated)
Oscars - BEST PICTURE(Nominated)
Oscars - SOUND EDITING(Nominated)
Oscars - SOUND MIXING(Nominated)
Golden Globes - Best Motion Picture - Drama(Nominated)
Golden Globes - Best Original Score - Motion Picture(Nominated)",156815529.0,"$70,000,000"
The Iron Lady,Meryl Streep,52.0,51.0,"Oscars - ACTRESS IN A LEADING ROLE(Won)
Oscars - MAKEUP(Won)",2,2,"Oscars - ACTRESS IN A LEADING ROLE(Won)
Oscars - MAKEUP(Won)",,115592104.0,"$14,000,000"
The Dark Knight Rises,"Christian Bale, Liam Neeson, Joseph Gordon-Levitt, Tom Hardy, Michael Caine, Gary Oldman",87.0,90.0,,0,0,,,1082228107.0,"$230,000,000"
The Hunger Games,"Jennifer Lawrence, Liam Hemsworth, Josh Hutcherson",84.0,81.0,Golden Globes - Best Original Song - Motion Picture(Nominated),1,0,,Golden Globes - Best Original Song - Motion Picture(Nominated),677923379.0,"$80,000,000"
Skyfall,Ralph Fiennes,92.0,86.0,"Oscars - CINEMATOGRAPHY(Nominated)
Oscars - MUSIC (Original Score)(Nominated)
Oscars - MUSIC (Original Song)(Won)
Oscars - SOUND EDITING(Won)
Oscars - SOUND MIXING(Nominated)
Golden Globes - Best Original Song - Motion Picture(Won)",6,3,"Oscars - MUSIC (Original Song)(Won)
Oscars - SOUND EDITING(Won)
Golden Globes - Best Original Song - Motion Picture(Won)","Oscars - CINEMATOGRAPHY(Nominated)
Oscars - MUSIC (Original Score)(Nominated)
Oscars - SOUND MIXING(Nominated)",1110526981.0,"$200,000,000"
Brave,,79.0,75.0,"Oscars - ANIMATED FEATURE FILM(Won)
Golden Globes - Best Motion Picture - Animated(Won)",2,2,"Oscars - ANIMATED FEATURE FILM(Won)
Golden Globes - Best Motion Picture - Animated(Won)",,554606532.0,"$185,000,000"
Madagascar 3: Europe's Most Wanted,,78.0,72.0,,0,0,,,746921271.0,"$145,000,000"
The Devil Inside,,6.0,22.0,,0,0,,,101759490.0,"$1,000,000"
Beauty and the Beast,,93.0,92.0,"Oscars - MUSIC (Original Score)(Won)
Oscars - MUSIC (Original Song)(Nominated)
Oscars - MUSIC (Original Song)(Won)
Oscars - MUSIC (Original Song)(Nominated)
Oscars - BEST PICTURE(Nominated)
Oscars - SOUND(Nominated)
Oscars - COSTUME DESIGN(Nominated)
Oscars - PRODUCTION DESIGN(Nominated)
BAFTAs - Film | Costume Design in 2018(Nominated)
BAFTAs - Film | Production Design in 2018(Nominated)
Golden Globes - Best Motion Picture - Musical or Comedy(Won)
Golden Globes - Best Original Score - Motion Picture(Won)
Golden Globes - Best Original Song - Motion Picture(Won)
Golden Globes - Best Original Song - Motion Picture(Nominated)",14,5,"Oscars - MUSIC (Original Score)(Won)
Oscars - MUSIC (Original Song)(Won)
Golden Globes - Best Motion Picture - Musical or Comedy(Won)
Golden Globes - Best Original Score - Motion Picture(Won)
Golden Globes - Best Original Song - Motion Picture(Won)","Oscars - MUSIC (Original Song)(Nominated)
Oscars - MUSIC (Original Song)(Nominated)
Oscars - BEST PICTURE(Nominated)
Oscars - SOUND(Nominated)
Oscars - COSTUME DESIGN(Nominated)
Oscars - PRODUCTION DESIGN(Nominated)
BAFTAs - Film | Costume Design in 2018(Nominated)
BAFTAs - Film | Production Design in 2018(Nominated)
Golden Globes - Best Original Song - Motion Picture(Nominated)",1260691100.0,"$160,000,000"
Beauty and the Beast,,93.0,92.0,"Oscars - MUSIC (Original Score)(Won)
Oscars - MUSIC (Original Song)(Nominated)
Oscars - MUSIC (Original Song)(Won)
Oscars - MUSIC (Original Song)(Nominated)
Oscars - BEST PICTURE(Nominated)
Oscars - SOUND(Nominated)
Oscars - COSTUME DESIGN(Nominated)
Oscars - PRODUCTION DESIGN(Nominated)
BAFTAs - Film | Costume Design in 2018(Nominated)
BAFTAs - Film | Production Design in 2018(Nominated)
Golden Globes - Best Motion Picture - Musical or Comedy(Won)
Golden Globes - Best Original Score - Motion Picture(Won)
Golden Globes - Best Original Song - Motion Picture(Won)
Golden Globes - Best Original Song - Motion Picture(Nominated)",14,5,"Oscars - MUSIC (Original Score)(Won)
Oscars - MUSIC (Original Song)(Won)
Golden Globes - Best Motion Picture - Musical or Comedy(Won)
Golden Globes - Best Original Score - Motion Picture(Won)
Golden Globes - Best Original Song - Motion Picture(Won)","Oscars - MUSIC (Original Song)(Nominated)
Oscars - MUSIC (Original Song)(Nominated)
Oscars - BEST PICTURE(Nominated)
Oscars - SOUND(Nominated)
Oscars - COSTUME DESIGN(Nominated)
Oscars - PRODUCTION DESIGN(Nominated)
BAFTAs - Film | Costume Design in 2018(Nominated)
BAFTAs - Film | Production Design in 2018(Nominated)
Golden Globes - Best Original Song - Motion Picture(Nominated)",1260691100.0,"$20,000,000"
Red Tails,,40.0,57.0,,0,0,,,50365498.0,"$58,000,000"
Underworld: Awakening,,25.0,62.0,,0,0,,,160379930.0,"$70,000,000"
Man on a Ledge,Sam Worthington,31.0,52.0,,0,0,,,49621440.0,"$42,000,000"
One for the Money,,2.0,42.0,,0,0,,,39377700.0,"$42,000,000"
Big Miracle,,74.0,64.0,,0,0,,,25268680.0,"$40,000,000"
Chronicle,,85.0,72.0,,0,0,,,123681790.0,"$12,000,000"
The Woman in Black,"Daniel Radcliffe, Tom Hardy",100.0,78.0,,0,0,,,128955898.0,"$15,000,000"
Journey 2: The Mysterious Island,"Dwayne Johnson, Michael Caine, Josh Hutcherson",45.0,59.0,,0,0,,,318146162.0,"$79,000,000"
Ghost Rider: Spirit of Vengeance,,19.0,31.0,,0,0,,,149217355.0,"$57,000,000"
This Means War,Tom Hardy,26.0,56.0,,0,0,,,156974557.0,"$65,000,000"
Act of Valor,,28.0,72.0,Golden Globes - Best Original Song - Motion Picture(Nominated),1,0,,Golden Globes - Best Original Song - Motion Picture(Nominated),82497035.0,"$12,000,000"
Tyler Perry's Good Deeds,,36.0,76.0,,0,0,,,35579177.0,"$14,000,000"
Tim and Eric's Billion Dollar Movie,"Johnny Depp, Jeff Goldblum",38.0,47.0,,0,0,,,,"$3,000,000"
John Carter,Willem Dafoe,52.0,60.0,,0,0,,,282778100.0,"$263,700,000"
A Thousand Words,,0.0,46.0,,0,0,,,20790486.0,"$40,000,000"
"Jeff, Who Lives at Home",,77.0,62.0,,0,0,,,,"$10,000,000"
Damsels in Distress,,76.0,39.0,,0,0,,,,"$3,000,000"
The Cabin in the Woods,"Chris Hemsworth, Sigourney Weaver",92.0,74.0,,0,0,,,70683134.0,"$30,000,000"
The Three Stooges,,51.0,47.0,,0,0,,,54052249.0,"$30,000,000"
The Lucky One,,20.0,67.0,,0,0,,,96633833.0,"$25,000,000"
Think Like a Man,Kevin Hart,54.0,79.0,,0,0,,,113373764.0,"$12,000,000"
Darling Companion,,21.0,29.0,,0,0,,,,"$12,000,000"
The Pirates! Band of Misfits,,86.0,60.0,Oscars - ANIMATED FEATURE FILM(Nominated),1,0,,Oscars - ANIMATED FEATURE FILM(Nominated),136143605.0,"$55,000,000"
The Best Exotic Marigold Hotel,,78.0,78.0,,0,0,,,134639780.0,"$10,000,000"
Dark Shadows,Johnny Depp,35.0,46.0,,0,0,,,245564215.0,"$150,000,000"
The Dictator,Ben Kingsley,56.0,44.0,,0,0,,,180148897.0,"$65,000,000"
Battleship,Liam Neeson,34.0,54.0,,0,0,,,313477717.0,"$220,000,000"
What to Expect When You're Expecting,Cameron Diaz,23.0,47.0,,0,0,,,88473016.0,"$37,500,000"
Beyond the Black Rainbow,,61.0,53.0,,0,0,,,,"$1,100,000"
Polisse,,86.0,79.0,,0,0,,,22744132.0,"$8,900,000"
Chernobyl Diaries,,17.0,28.0,,0,0,,,42411721.0,"$1,000,000"
Moonrise Kingdom,"Edward Norton, Jason Schwartzman",93.0,86.0,"Oscars - WRITING (Original Screenplay)(Nominated)
Golden Globes - Best Motion Picture - Musical or Comedy(Nominated)",2,0,,"Oscars - WRITING (Original Screenplay)(Nominated)
Golden Globes - Best Motion Picture - Musical or Comedy(Nominated)",68848446.0,"$16,000,000"
Snow White and the Huntsman,Chris Hemsworth,49.0,52.0,"Oscars - COSTUME DESIGN(Nominated)
Oscars - VISUAL EFFECTS(Nominated)",2,0,,"Oscars - COSTUME DESIGN(Nominated)
Oscars - VISUAL EFFECTS(Nominated)",401021746.0,"$170,000,000"
Abraham Lincoln: Vampire Hunter,,34.0,50.0,,0,0,,,137489730.0,"$67,500,000"
Seeking a Friend for the End of the World,,55.0,53.0,,0,0,,,,"$10,000,000"
Beasts of the Southern Wild,,87.0,76.0,"Oscars - ACTRESS IN A LEADING ROLE(Nominated)
Oscars - DIRECTING(Nominated)
Oscars - BEST PICTURE(Nominated)
Oscars - WRITING (Adapted Screenplay)(Nominated)",4,0,,"Oscars - ACTRESS IN A LEADING ROLE(Nominated)
Oscars - DIRECTING(Nominated)
Oscars - BEST PICTURE(Nominated)
Oscars - WRITING (Adapted Screenplay)(Nominated)",23265132.0,"$1,800,000"
Tyler Perry's Madea's Witness Protection,,19.0,66.0,,0,0,,,66950887.0,"$20,000,000"
Magic Mike,Channing Tatum,78.0,60.0,,0,0,,,170549753.0,"$7,000,000"
Ice Age: Continental Drift,,37.0,61.0,,0,0,,,879765137.0,"$95,000,000"
Step Up Revolution,,41.0,68.0,,0,0,,,165552290.0,"$33,000,000"
Killer Joe,,80.0,61.0,,0,0,,,,"$10,000,000"
Diary of a Wimpy Kid: Dog Days,,52.0,63.0,,0,0,,,77229695.0,"$22,000,000"
Hope Springs,Meryl Streep,25.0,27.0,Golden Globes - Best Performance by an Actress in a Motion Picture - Musical or Comedy(Nominated),1,0,,Golden Globes - Best Performance by an Actress in a Motion Picture - Musical or Comedy(Nominated),133085295.0,"$30,000,000"
The Bourne Legacy,Edward Norton,56.0,58.0,,0,0,,,280355920.0,"$125,000,000"
The Campaign,,66.0,51.0,,0,0,,,104907746.0,"$95,000,000"
The Odd Life of Timothy Green,Jennifer Garner,36.0,67.0,,0,0,,,55249159.0,"$40,000,000"
The Expendables 2,"Jason Statham, Liam Hemsworth",67.0,67.0,,0,0,,,311979256.0,"$100,000,000"
ParaNorman,,89.0,72.0,Oscars - ANIMATED FEATURE FILM(Nominated),1,0,,Oscars - ANIMATED FEATURE FILM(Nominated),108119662.0,"$60,000,000"
Robot & Frank,,86.0,75.0,,0,0,,,,"$2,500,000"
The Apparition,,3.0,24.0,,0,0,,,,"$17,000,000"
Premium Rush,Joseph Gordon-Levitt,75.0,60.0,,0,0,,,31393201.0,"$35,000,000"
The Possession,,39.0,48.0,,0,0,,,82925064.0,"$14,000,000"
The Cold Light of Day,Sigourney Weaver,4.0,29.0,,0,0,,,25361206.0,"$20,000,000"
The Words,,24.0,49.0,,0,0,,,,"$6,000,000"
Resident Evil: Retribution,,28.0,51.0,,0,0,,,240647629.0,"$65,000,000"
Arbitrage,,87.0,62.0,Golden Globes - Best Performance by an Actor in a Motion Picture - Drama(Nominated),1,0,,Golden Globes - Best Performance by an Actor in a Motion Picture - Drama(Nominated),35830713.0,"$12,000,000"
Dredd,Domhnall Gleeson,80.0,72.0,,0,0,,,41467606.0,"$45,000,000"
End of Watch,Jake Gyllenhaal,85.0,86.0,,0,0,,,57586606.0,"$15,000,000"
House at the End of the Street,Jennifer Lawrence,12.0,41.0,,0,0,,,44103982.0,"$6,900,000"
The Perks of Being a Wallflower,Emma Watson,85.0,89.0,,0,0,,,33069303.0,"$13,000,000"
Hotel Transylvania,Adam Sandler,44.0,72.0,Golden Globes - Best Motion Picture - Animated(Nominated),1,0,,Golden Globes - Best Motion Picture - Animated(Nominated),377369679.0,"$85,000,000"
Looper,"Joseph Gordon-Levitt, Emily Blunt",93.0,82.0,,0,0,,,170466405.0,"$30,000,000"
Won't Back Down,,35.0,61.0,,0,0,,,,"$19,000,000"
Pitch Perfect,,82.0,83.0,,0,0,,,116044347.0,"$17,000,000"
Taken 2,Liam Neeson,22.0,52.0,,0,0,,,377807404.0,"$45,000,000"
Here Comes the Boom,,42.0,65.0,,0,0,,,73239258.0,"$42,000,000"
Seven Psychopaths,,83.0,71.0,,0,0,,,33035736.0,"$13,500,000"
Holy Motors,,92.0,71.0,,0,0,,,,"$4,000,000"
Alex Cross,,11.0,47.0,,0,0,,,35426759.0,"$35,000,000"
Paranormal Activity 4,,23.0,34.0,,0,0,,,142817992.0,"$5,000,000"
Girl,,84.0,75.0,,0,0,,,,"$1,750,000"
Chasing Mavericks,,33.0,70.0,,0,0,,,,"$20,000,000"
Cloud Atlas,Tom Hanks,66.0,66.0,Golden Globes - Best Original Score - Motion Picture(Nominated),1,0,,Golden Globes - Best Original Score - Motion Picture(Nominated),130673154.0,"$102,000,000"
Fun Size,,25.0,47.0,,0,0,,,,"$14,000,000"
Silver Linings Playbook,"Jennifer Lawrence, Robert De Niro",92.0,86.0,"Oscars - ACTOR IN A LEADING ROLE(Nominated)
Oscars - ACTOR IN A SUPPORTING ROLE(Nominated)
Oscars - ACTRESS IN A LEADING ROLE(Won)
Oscars - ACTRESS IN A SUPPORTING ROLE(Nominated)
Oscars - DIRECTING(Nominated)
Oscars - FILM EDITING(Nominated)
Oscars - BEST PICTURE(Nominated)
Oscars - WRITING (Adapted Screenplay)(Nominated)
Golden Globes - Best Motion Picture - Musical or Comedy(Nominated)
Golden Globes - Best Performance by an Actress in a Motion Picture - Musical or Comedy(Won)
Golden Globes - Best Performance by an Actor in a Motion Picture - Musical or Comedy(Nominated)
Golden Globes - Best Screenplay - Motion Picture(Nominated)",12,2,"Oscars - ACTRESS IN A LEADING ROLE(Won)
Golden Globes - Best Performance by an Actress in a Motion Picture - Musical or Comedy(Won)","Oscars - ACTOR IN A LEADING ROLE(Nominated)
Oscars - ACTOR IN A SUPPORTING ROLE(Nominated)
Oscars - ACTRESS IN A SUPPORTING ROLE(Nominated)
Oscars - DIRECTING(Nominated)
Oscars - FILM EDITING(Nominated)
Oscars - BEST PICTURE(Nominated)
Oscars - WRITING (Adapted Screenplay)(Nominated)
Golden Globes - Best Motion Picture - Musical or Comedy(Nominated)
Golden Globes - Best Performance by an Actor in a Motion Picture - Musical or Comedy(Nominated)
Golden Globes - Best Screenplay - Motion Picture(Nominated)",236412453.0,"$21,000,000"
Life of Pi,,86.0,84.0,"Oscars - CINEMATOGRAPHY(Won)
Oscars - DIRECTING(Won)
Oscars - FILM EDITING(Nominated)
Oscars - MUSIC (Original Score)(Won)
Oscars - MUSIC (Original Song)(Nominated)
Oscars - BEST PICTURE(Nominated)
Oscars - PRODUCTION DESIGN(Nominated)
Oscars - SOUND EDITING(Nominated)
Oscars - SOUND MIXING(Nominated)
Oscars - VISUAL EFFECTS(Won)
Oscars - WRITING (Adapted Screenplay)(Nominated)
Golden Globes - Best Motion Picture - Drama(Nominated)
Golden Globes - Best Director - Motion Picture(Nominated)
Golden Globes - Best Original Score - Motion Picture(Won)",14,5,"Oscars - CINEMATOGRAPHY(Won)
Oscars - DIRECTING(Won)
Oscars - MUSIC (Original Score)(Won)
Oscars - VISUAL EFFECTS(Won)
Golden Globes - Best Original Score - Motion Picture(Won)","Oscars - FILM EDITING(Nominated)
Oscars - MUSIC (Original Song)(Nominated)
Oscars - BEST PICTURE(Nominated)
Oscars - PRODUCTION DESIGN(Nominated)
Oscars - SOUND EDITING(Nominated)
Oscars - SOUND MIXING(Nominated)
Oscars - WRITING (Adapted Screenplay)(Nominated)
Golden Globes - Best Motion Picture - Drama(Nominated)
Golden Globes - Best Director - Motion Picture(Nominated)",619310368.0,"$120,000,000"
Rise of the Guardians,Hugh Jackman,74.0,80.0,Golden Globes - Best Motion Picture - Animated(Nominated),1,0,,Golden Globes - Best Motion Picture - Animated(Nominated),306941670.0,"$145,000,000"
Killing Them Softly,Brad Pitt,74.0,44.0,,0,0,,,39238443.0,"$15,000,000"
The Guilt Trip,,37.0,39.0,,0,0,,,41742317.0,"$40,000,000"
Zero Dark Thirty,Chris Pratt,91.0,80.0,"Oscars - ACTRESS IN A LEADING ROLE(Nominated)
Oscars - FILM EDITING(Nominated)
Oscars - BEST PICTURE(Nominated)
Oscars - SOUND EDITING(Won)
Oscars - WRITING (Original Screenplay)(Nominated)",5,1,Oscars - SOUND EDITING(Won),"Oscars - ACTRESS IN A LEADING ROLE(Nominated)
Oscars - FILM EDITING(Nominated)
Oscars - BEST PICTURE(Nominated)
Oscars - WRITING (Original Screenplay)(Nominated)",134612435.0,"$52,500,000"
Cirque du Soleil: Worlds Away,,45.0,93.0,,0,0,,,34153101.0,"$25,000,000"
Jack Reacher,,64.0,67.0,,0,0,,,217370736.0,"$60,000,000"
The Impossible,"Tom Holland, Ewan McGregor",82.0,84.0,Oscars - ACTRESS IN A LEADING ROLE(Nominated),1,0,,Oscars - ACTRESS IN A LEADING ROLE(Nominated),169590606.0,"$40,000,000"
Django Unchained,"Leonardo DiCaprio, Samuel L. Jackson, Christoph Waltz",87.0,92.0,"Oscars - ACTOR IN A SUPPORTING ROLE(Won)
Oscars - CINEMATOGRAPHY(Nominated)
Oscars - BEST PICTURE(Nominated)
Oscars - SOUND EDITING(Nominated)
Oscars - WRITING (Original Screenplay)(Won)
Golden Globes - Best Motion Picture - Drama(Nominated)
Golden Globes - Best Performance by an Actor in a Supporting Role in any Motion Picture(Won)
Golden Globes - Best Performance by an Actor in a Supporting Role in any Motion Picture(Nominated)
Golden Globes - Best Director - Motion Picture(Nominated)
Golden Globes - Best Screenplay - Motion Picture(Won)",10,4,"Oscars - ACTOR IN A SUPPORTING ROLE(Won)
Oscars - WRITING (Original Screenplay)(Won)
Golden Globes - Best Performance by an Actor in a Supporting Role in any Motion Picture(Won)
Golden Globes - Best Screenplay - Motion Picture(Won)","Oscars - CINEMATOGRAPHY(Nominated)
Oscars - BEST PICTURE(Nominated)
Oscars - SOUND EDITING(Nominated)
Golden Globes - Best Motion Picture - Drama(Nominated)
Golden Globes - Best Performance by an Actor in a Supporting Role in any Motion Picture(Nominated)
Golden Globes - Best Director - Motion Picture(Nominated)",449841566.0,"$100,000,000"
The Hunger Games: Catching Fire,"Jennifer Lawrence, Liam Hemsworth, Josh Hutcherson",90.0,89.0,Golden Globes - Best Original Song - Motion Picture(Nominated),1,0,,Golden Globes - Best Original Song - Motion Picture(Nominated),864808014.0,"$130,000,000"
Iron Man 3,"Mark Ruffalo, Robert Downey Jr., Ben Kingsley",79.0,78.0,Oscars - VISUAL EFFECTS(Nominated),1,0,,Oscars - VISUAL EFFECTS(Nominated),1214630956.0,"$200,000,000"
Despicable Me 2,,75.0,85.0,"Oscars - ANIMATED FEATURE FILM(Nominated)
Oscars - MUSIC (Original Song)(Nominated)
Golden Globes - Best Motion Picture - Animated(Nominated)",3,0,,"Oscars - ANIMATED FEATURE FILM(Nominated)
Oscars - MUSIC (Original Song)(Nominated)
Golden Globes - Best Motion Picture - Animated(Nominated)",975216835.0,"$76,000,000"
Monsters University,,80.0,81.0,,0,0,,,743455810.0,"$200,000,000"
The Hobbit: The Desolation of Smaug,"Benedict Cumberbatch, Ian McKellen",75.0,85.0,"Oscars - SOUND EDITING(Nominated)
Oscars - SOUND MIXING(Nominated)
Oscars - VISUAL EFFECTS(Nominated)",3,0,,"Oscars - SOUND EDITING(Nominated)
Oscars - SOUND MIXING(Nominated)
Oscars - VISUAL EFFECTS(Nominated)",959358436.0,"$250,000,000"
Oz the Great and Powerful,,57.0,56.0,,0,0,,,490359051.0,"$200,000,000"
A Haunted House,,10.0,51.0,,0,0,,,59922558.0,"$2,500,000"
Broken City,Mark Wahlberg,27.0,40.0,,0,0,,,37114977.0,"$35,000,000"
Hansel & Gretel: Witch Hunters,,16.0,53.0,,0,0,,,214949716.0,"$50,000,000"
Movie 43,"Hugh Jackman, Emma Stone, Chris Pratt, Uma Thurman",5.0,24.0,,0,0,,,31164747.0,"$10,000,000"
Bullet to the Head,,45.0,39.0,,0,0,,,22597969.0,"$55,000,000"
Warm Bodies,Nicholas Hoult,81.0,73.0,,0,0,,,114834312.0,"$30,000,000"
Identity Thief,,19.0,53.0,,0,0,,,175361578.0,"$35,000,000"
Side Effects,Channing Tatum,11.0,30.0,,0,0,,,66742138.0,"$30,000,000"
Beautiful Creatures,,38.0,33.0,,0,0,,,60282876.0,"$50,000,000"
A Good Day to Die Hard,,15.0,40.0,,0,0,,,304249198.0,"$92,000,000"
Safe Haven,,13.0,67.0,,0,0,,,94050951.0,"$28,000,000"
21 and Over,,27.0,46.0,,0,0,,,42195766.0,"$13,000,000"
Jack the Giant Slayer,"Nicholas Hoult, Ewan McGregor",52.0,55.0,,0,0,,,197687603.0,"$195,000,000"
The Last Exorcism Part II,,15.0,26.0,,0,0,,,25448707.0,"$4,000,000"
Dead Man Down,John Cena,41.0,47.0,,0,0,,,19599974.0,"$30,000,000"
The Incredible Burt Wonderstone,,37.0,33.0,,0,0,,,27392609.0,"$32,000,000"
Spring Breakers,,68.0,38.0,,0,0,,,31149251.0,"$5,000,000"
Admission,,37.0,32.0,,0,0,,,18733666.0,"$13,000,000"
The Croods,"Ryan Reynolds, Emma Stone",72.0,77.0,Oscars - ANIMATED FEATURE FILM(Nominated),1,0,,Oscars - ANIMATED FEATURE FILM(Nominated),573068425.0,"$135,000,000"
Olympus Has Fallen,,50.0,66.0,,0,0,,,172836993.0,"$70,000,000"
G.I. Joe: Retaliation,"Dwayne Johnson, Channing Tatum",29.0,48.0,,0,0,,,375740705.0,"$140,000,000"
The Host,,10.0,50.0,,0,0,,,64477051.0,"$50,000,000"
The Place Beyond the Pines,Ryan Gosling,78.0,75.0,,0,0,,,47011449.0,"$15,000,000"
Scary Movie V,,4.0,38.0,,0,0,,,78613981.0,"$20,000,000"
The Lords of Salem,,47.0,30.0,,0,0,,,,"$1,500,000"
The Big Wedding,Robert De Niro,7.0,40.0,,0,0,,,48425971.0,"$32,500,000"
Mud,,97.0,80.0,,0,0,,,31556959.0,"$10,000,000"
Pain & Gain,"Dwayne Johnson, Mark Wahlberg",50.0,47.0,,0,0,,,81275291.0,"$26,000,000"
Peeples,,40.0,49.0,,0,0,,,,"$11,000,000"
Star Trek Into Darkness,"Chris Hemsworth, Benedict Cumberbatch",84.0,89.0,Oscars - VISUAL EFFECTS(Nominated),1,0,,Oscars - VISUAL EFFECTS(Nominated),467381584.0,"$190,000,000"
Frances Ha,,92.0,78.0,Golden Globes - Best Performance by an Actress in a Motion Picture - Musical or Comedy(Nominated),1,0,,Golden Globes - Best Performance by an Actress in a Motion Picture - Musical or Comedy(Nominated),,"$3,000,000"
The Reluctant Fundamentalist,,57.0,61.0,,0,0,,,,"$15,000,000"
After Earth,Will Smith,12.0,36.0,,0,0,,,251499665.0,"$130,000,000"
The East,,77.0,64.0,,0,0,,,,"$6,500,000"
Now You See Me,"Mark Ruffalo, Michael Caine",50.0,70.0,,0,0,,,342769200.0,"$75,000,000"
The Internship,,35.0,51.0,,0,0,,,93672764.0,"$58,000,000"
The Purge,,41.0,36.0,,0,0,,,91266581.0,"$3,000,000"
World War Z,Brad Pitt,67.0,72.0,,0,0,,,531861650.0,"$190,000,000"
The Heat,,66.0,71.0,,0,0,,,229727774.0,"$43,000,000"
White House Down,Channing Tatum,51.0,62.0,,0,0,,,205440387.0,"$150,000,000"
Kevin Hart: Let Me Explain,Kevin Hart,61.0,72.0,,0,0,,,32327255.0,"$2,500,000"
The Lone Ranger,"Johnny Depp, Armie Hammer",31.0,51.0,"Oscars - MAKEUP AND HAIRSTYLING(Nominated)
Oscars - VISUAL EFFECTS(Nominated)",2,0,,"Oscars - MAKEUP AND HAIRSTYLING(Nominated)
Oscars - VISUAL EFFECTS(Nominated)",260002115.0,"$225,000,000"
Bad Words,,66.0,61.0,,0,0,,,,"$10,000,000"
Grown Ups 2,Adam Sandler,8.0,53.0,,0,0,,,247023808.0,"$80,000,000"
The Conjuring,,86.0,83.0,,0,0,,,316143649.0,"$20,000,000"
R.I.P.D.,Ryan Reynolds,12.0,38.0,,0,0,,,79076678.0,"$130,000,000"
Blue Jasmine,,90.0,77.0,"Oscars - ACTRESS IN A LEADING ROLE(Won)
Oscars - ACTRESS IN A SUPPORTING ROLE(Nominated)
Oscars - WRITING (Original Screenplay)(Nominated)
Golden Globes - Best Performance by an Actress in a Motion Picture - Drama(Won)
Golden Globes - Best Performance by an Actress in a Supporting Role in any Motion Picture(Nominated)",5,2,"Oscars - ACTRESS IN A LEADING ROLE(Won)
Golden Globes - Best Performance by an Actress in a Motion Picture - Drama(Won)","Oscars - ACTRESS IN A SUPPORTING ROLE(Nominated)
Oscars - WRITING (Original Screenplay)(Nominated)
Golden Globes - Best Performance by an Actress in a Supporting Role in any Motion Picture(Nominated)",102912961.0,"$18,000,000"
The To Do List,,56.0,46.0,,0,0,,,,"$1,500,000"
X-Men Origins: Wolverine,"Ryan Reynolds, Hugh Jackman",38.0,58.0,,0,0,,,374825760.0,"$150,000,000"
The Smurfs 2,,14.0,56.0,,0,0,,,348547523.0,"$110,000,000"
2 Guns,"Mark Wahlberg, Denzel Washington",64.0,66.0,,0,0,,,132493015.0,"$61,000,000"
The Spectacular Now,,91.0,76.0,,0,0,,,,"$2,500,000"
Percy Jackson: Sea of Monsters,,42.0,54.0,,0,0,,,200859554.0,"$90,000,000"
Ain't Them Bodies Saints,,77.0,61.0,,0,0,,,,"$5,000,000"
Lee Daniels' The Butler,,72.0,78.0,,0,0,,,177025498.0,"$30,000,000"
Jobs,,27.0,40.0,,0,0,,,43402515.0,"$18,000,000"
The Mortal Instruments: City of Bones,,13.0,58.0,,0,0,,,75965567.0,"$60,000,000"
You're Next,,80.0,60.0,,0,0,,,26887177.0,"$1,000,000"
Riddick,Dave Bautista,58.0,56.0,,0,0,,,94763758.0,"$38,000,000"
August: Osage County,"Meryl Streep, Benedict Cumberbatch, Ewan McGregor",66.0,65.0,"Oscars - ACTRESS IN A LEADING ROLE(Nominated)
Oscars - ACTRESS IN A SUPPORTING ROLE(Nominated)
Golden Globes - Best Performance by an Actress in a Motion Picture - Musical or Comedy(Nominated)
Golden Globes - Best Performance by an Actress in a Supporting Role in any Motion Picture(Nominated)",4,0,,"Oscars - ACTRESS IN A LEADING ROLE(Nominated)
Oscars - ACTRESS IN A SUPPORTING ROLE(Nominated)
Golden Globes - Best Performance by an Actress in a Motion Picture - Musical or Comedy(Nominated)
Golden Globes - Best Performance by an Actress in a Supporting Role in any Motion Picture(Nominated)",50738810.0,"$25,000,000"
Battle of the Year,,6.0,49.0,,0,0,,,,"$20,000,000"
Enough Said,,95.0,75.0,Golden Globes - Best Performance by an Actress in a Motion Picture - Musical or Comedy(Nominated),1,0,,Golden Globes - Best Performance by an Actress in a Motion Picture - Musical or Comedy(Nominated),25621449.0,"$8,000,000"
Baggage Claim,,16.0,48.0,,0,0,,,22885836.0,"$8,500,000"
Don Jon,"Channing Tatum, Scarlett Johansson, Joseph Gordon-Levitt",80.0,58.0,,0,0,,,41268579.0,"$5,500,000"
Grace Unplugged,,50.0,78.0,,0,0,,,,"$1,700,000"
Runner Runner,,7.0,33.0,,0,0,,,60512680.0,"$30,000,000"
Captain Phillips,Tom Hanks,93.0,89.0,"Oscars - ACTOR IN A SUPPORTING ROLE(Nominated)
Oscars - FILM EDITING(Nominated)
Oscars - BEST PICTURE(Nominated)
Oscars - SOUND EDITING(Nominated)
Oscars - SOUND MIXING(Nominated)
Oscars - WRITING (Adapted Screenplay)(Nominated)
Golden Globes - Best Motion Picture - Drama(Nominated)
Golden Globes - Best Performance by an Actor in a Motion Picture - Drama(Nominated)
Golden Globes - Best Performance by an Actor in a Supporting Role in any Motion Picture(Nominated)
Golden Globes - Best Director - Motion Picture(Nominated)",10,0,,"Oscars - ACTOR IN A SUPPORTING ROLE(Nominated)
Oscars - FILM EDITING(Nominated)
Oscars - BEST PICTURE(Nominated)
Oscars - SOUND EDITING(Nominated)
Oscars - SOUND MIXING(Nominated)
Oscars - WRITING (Adapted Screenplay)(Nominated)
Golden Globes - Best Motion Picture - Drama(Nominated)
Golden Globes - Best Performance by an Actor in a Motion Picture - Drama(Nominated)
Golden Globes - Best Performance by an Actor in a Supporting Role in any Motion Picture(Nominated)
Golden Globes - Best Director - Motion Picture(Nominated)",220648184.0,"$55,000,000"
Machete Kills,,29.0,34.0,,0,0,,,18273009.0,"$20,000,000"
12 Years a Slave,"Brad Pitt, Benedict Cumberbatch, Lupita Nyong'o",95.0,90.0,"Oscars - ACTOR IN A LEADING ROLE(Nominated)
Oscars - ACTOR IN A SUPPORTING ROLE(Nominated)
Oscars - ACTRESS IN A SUPPORTING ROLE(Won)
Oscars - COSTUME DESIGN(Nominated)
Oscars - DIRECTING(Nominated)
Oscars - FILM EDITING(Nominated)
Oscars - BEST PICTURE(Won)
Oscars - PRODUCTION DESIGN(Nominated)
Oscars - WRITING (Adapted Screenplay)(Won)
Golden Globes - Best Motion Picture - Drama(Won)
Golden Globes - Best Performance by an Actor in a Motion Picture - Drama(Nominated)
Golden Globes - Best Performance by an Actress in a Supporting Role in any Motion Picture(Nominated)
Golden Globes - Best Performance by an Actor in a Supporting Role in any Motion Picture(Nominated)
Golden Globes - Best Director - Motion Picture(Nominated)
Golden Globes - Best Screenplay - Motion Picture(Nominated)
Golden Globes - Best Original Score - Motion Picture(Nominated)",16,4,"Oscars - ACTRESS IN A SUPPORTING ROLE(Won)
Oscars - BEST PICTURE(Won)
Oscars - WRITING (Adapted Screenplay)(Won)
Golden Globes - Best Motion Picture - Drama(Won)","Oscars - ACTOR IN A LEADING ROLE(Nominated)
Oscars - ACTOR IN A SUPPORTING ROLE(Nominated)
Oscars - COSTUME DESIGN(Nominated)
Oscars - DIRECTING(Nominated)
Oscars - FILM EDITING(Nominated)
Oscars - PRODUCTION DESIGN(Nominated)
Golden Globes - Best Performance by an Actor in a Motion Picture - Drama(Nominated)
Golden Globes - Best Performance by an Actress in a Supporting Role in any Motion Picture(Nominated)
Golden Globes - Best Performance by an Actor in a Supporting Role in any Motion Picture(Nominated)
Golden Globes - Best Director - Motion Picture(Nominated)
Golden Globes - Best Screenplay - Motion Picture(Nominated)
Golden Globes - Best Original Score - Motion Picture(Nominated)",180765061.0,"$20,000,000"
Escape Plan,,50.0,55.0,,0,0,,,103735965.0,"$70,000,000"
The Fifth Estate,Benedict Cumberbatch,36.0,36.0,,0,0,,,,"$26,000,000"
The Counselor,"Brad Pitt, Cameron Diaz",34.0,24.0,,0,0,,,71009334.0,"$25,000,000"
Jackass Presents: Bad Grandpa,,61.0,60.0,Oscars - MAKEUP AND HAIRSTYLING(Nominated),1,0,,Oscars - MAKEUP AND HAIRSTYLING(Nominated),160903019.0,"$15,000,000"
About Time,"Margot Robbie, Rachel McAdams, Tom Holland, Domhnall Gleeson",71.0,82.0,,0,0,,,84429086.0,"$12,000,000"
Dallas Buyers Club,Jennifer Garner,92.0,91.0,"Oscars - ACTOR IN A LEADING ROLE(Won)
Oscars - ACTOR IN A SUPPORTING ROLE(Won)
Oscars - FILM EDITING(Nominated)
Oscars - MAKEUP AND HAIRSTYLING(Won)
Oscars - BEST PICTURE(Nominated)
Oscars - WRITING (Original Screenplay)(Nominated)
Golden Globes - Best Performance by an Actor in a Motion Picture - Drama(Won)
Golden Globes - Best Performance by an Actor in a Supporting Role in any Motion Picture(Won)",8,5,"Oscars - ACTOR IN A LEADING ROLE(Won)
Oscars - ACTOR IN A SUPPORTING ROLE(Won)
Oscars - MAKEUP AND HAIRSTYLING(Won)
Golden Globes - Best Performance by an Actor in a Motion Picture - Drama(Won)
Golden Globes - Best Performance by an Actor in a Supporting Role in any Motion Picture(Won)","Oscars - FILM EDITING(Nominated)
Oscars - BEST PICTURE(Nominated)
Oscars - WRITING (Original Screenplay)(Nominated)",60611845.0,"$5,000,000"
Last Vegas,Robert De Niro,46.0,59.0,,0,0,,,112914167.0,"$28,000,000"
The Book Thief,,49.0,73.0,"Oscars - MUSIC (Original Score)(Nominated)
Golden Globes - Best Original Score - Motion Picture(Nominated)",2,0,,"Oscars - MUSIC (Original Score)(Nominated)
Golden Globes - Best Original Score - Motion Picture(Nominated)",76086711.0,"$19,000,000"
Thor: The Dark World,"Chris Evans, Natalie Portman, Chris Hemsworth",67.0,75.0,,0,0,,,644602516.0,"$150,000,000"
The Best Man Holiday,,71.0,83.0,,0,0,,,72835710.0,"$17,000,000"
The Christmas Candle,,21.0,74.0,,0,0,,,,"$7,000,000"
Delivery Man,Chris Pratt,40.0,47.0,,0,0,,,55616322.0,"$22,000,000"
Nebraska,,91.0,83.0,"Oscars - ACTOR IN A LEADING ROLE(Nominated)
Oscars - ACTRESS IN A SUPPORTING ROLE(Nominated)
Oscars - CINEMATOGRAPHY(Nominated)
Oscars - DIRECTING(Nominated)
Oscars - BEST PICTURE(Nominated)
Oscars - WRITING (Original Screenplay)(Nominated)
Golden Globes - Best Motion Picture - Musical or Comedy(Nominated)
Golden Globes - Best Performance by an Actor in a Motion Picture - Musical or Comedy(Nominated)
Golden Globes - Best Performance by an Actress in a Supporting Role in any Motion Picture(Nominated)
Golden Globes - Best Director - Motion Picture(Nominated)
Golden Globes - Best Screenplay - Motion Picture(Nominated)",11,0,,"Oscars - ACTOR IN A LEADING ROLE(Nominated)
Oscars - ACTRESS IN A SUPPORTING ROLE(Nominated)
Oscars - CINEMATOGRAPHY(Nominated)
Oscars - DIRECTING(Nominated)
Oscars - BEST PICTURE(Nominated)
Oscars - WRITING (Original Screenplay)(Nominated)
Golden Globes - Best Motion Picture - Musical or Comedy(Nominated)
Golden Globes - Best Performance by an Actor in a Motion Picture - Musical or Comedy(Nominated)
Golden Globes - Best Performance by an Actress in a Supporting Role in any Motion Picture(Nominated)
Golden Globes - Best Director - Motion Picture(Nominated)
Golden Globes - Best Screenplay - Motion Picture(Nominated)",24761360.0,"$12,000,000"
Philomena,,91.0,89.0,"Oscars - ACTRESS IN A LEADING ROLE(Nominated)
Oscars - MUSIC (Original Score)(Nominated)
Oscars - BEST PICTURE(Nominated)
Oscars - WRITING (Adapted Screenplay)(Nominated)
Golden Globes - Best Motion Picture - Drama(Nominated)
Golden Globes - Best Performance by an Actress in a Motion Picture - Drama(Nominated)
Golden Globes - Best Screenplay - Motion Picture(Nominated)",7,0,,"Oscars - ACTRESS IN A LEADING ROLE(Nominated)
Oscars - MUSIC (Original Score)(Nominated)
Oscars - BEST PICTURE(Nominated)
Oscars - WRITING (Adapted Screenplay)(Nominated)
Golden Globes - Best Motion Picture - Drama(Nominated)
Golden Globes - Best Performance by an Actress in a Motion Picture - Drama(Nominated)
Golden Globes - Best Screenplay - Motion Picture(Nominated)",98963392.0,"$12,000,000"
Black Nativity,,51.0,51.0,,0,0,,,,"$17,500,000"
Homefront,"Jason Statham, Winona Ryder",42.0,61.0,"Golden Globes - Best Performance by an Actress in a Supporting Role in a Series, Limited Series or Motion Picture Made for Television(Nominated)
Golden Globes - Best Television Series - Drama(Nominated)",2,0,,"Golden Globes - Best Performance by an Actress in a Supporting Role in a Series, Limited Series or Motion Picture Made for Television(Nominated)
Golden Globes - Best Television Series - Drama(Nominated)",51695362.0,"$22,000,000"
Oldboy,,83.0,94.0,,0,0,,,,"$3,000,000"
Inside Llewyn Davis,Carey Mulligan,92.0,74.0,"Oscars - CINEMATOGRAPHY(Nominated)
Oscars - SOUND MIXING(Nominated)
Golden Globes - Best Motion Picture - Musical or Comedy(Nominated)
Golden Globes - Best Performance by an Actor in a Motion Picture - Musical or Comedy(Nominated)
Golden Globes - Best Original Song - Motion Picture(Nominated)",5,0,,"Oscars - CINEMATOGRAPHY(Nominated)
Oscars - SOUND MIXING(Nominated)
Golden Globes - Best Motion Picture - Musical or Comedy(Nominated)
Golden Globes - Best Performance by an Actor in a Motion Picture - Musical or Comedy(Nominated)
Golden Globes - Best Original Song - Motion Picture(Nominated)",32943247.0,"$11,000,000"
Out of the Furnace,"Christian Bale, Willem Dafoe",53.0,52.0,,0,0,,,,"$22,000,000"
American Hustle,"Christian Bale, Jennifer Lawrence, Robert De Niro",92.0,74.0,"Oscars - ACTOR IN A LEADING ROLE(Nominated)
Oscars - ACTOR IN A SUPPORTING ROLE(Nominated)
Oscars - ACTRESS IN A LEADING ROLE(Nominated)
Oscars - ACTRESS IN A SUPPORTING ROLE(Nominated)
Oscars - COSTUME DESIGN(Nominated)
Oscars - DIRECTING(Nominated)
Oscars - FILM EDITING(Nominated)
Oscars - BEST PICTURE(Nominated)
Oscars - PRODUCTION DESIGN(Nominated)
Oscars - WRITING (Original Screenplay)(Nominated)
Golden Globes - Best Motion Picture - Musical or Comedy(Won)
Golden Globes - Best Performance by an Actress in a Motion Picture - Musical or Comedy(Won)
Golden Globes - Best Performance by an Actor in a Motion Picture - Musical or Comedy(Nominated)
Golden Globes - Best Performance by an Actress in a Supporting Role in any Motion Picture(Won)
Golden Globes - Best Performance by an Actor in a Supporting Role in any Motion Picture(Nominated)
Golden Globes - Best Director - Motion Picture(Nominated)
Golden Globes - Best Screenplay - Motion Picture(Nominated)",17,3,"Golden Globes - Best Motion Picture - Musical or Comedy(Won)
Golden Globes - Best Performance by an Actress in a Motion Picture - Musical or Comedy(Won)
Golden Globes - Best Performance by an Actress in a Supporting Role in any Motion Picture(Won)","Oscars - ACTOR IN A LEADING ROLE(Nominated)
Oscars - ACTOR IN A SUPPORTING ROLE(Nominated)
Oscars - ACTRESS IN A LEADING ROLE(Nominated)
Oscars - ACTRESS IN A SUPPORTING ROLE(Nominated)
Oscars - COSTUME DESIGN(Nominated)
Oscars - DIRECTING(Nominated)
Oscars - FILM EDITING(Nominated)
Oscars - BEST PICTURE(Nominated)
Oscars - PRODUCTION DESIGN(Nominated)
Oscars - WRITING (Original Screenplay)(Nominated)
Golden Globes - Best Performance by an Actor in a Motion Picture - Musical or Comedy(Nominated)
Golden Globes - Best Performance by an Actor in a Supporting Role in any Motion Picture(Nominated)
Golden Globes - Best Director - Motion Picture(Nominated)
Golden Globes - Best Screenplay - Motion Picture(Nominated)",257858943.0,"$40,000,000"
Saving Mr. Banks,"Tom Hanks, Jason Schwartzman",79.0,84.0,"Oscars - MUSIC (Original Score)(Nominated)
Golden Globes - Best Performance by an Actress in a Motion Picture - Drama(Nominated)",2,0,,"Oscars - MUSIC (Original Score)(Nominated)
Golden Globes - Best Performance by an Actress in a Motion Picture - Drama(Nominated)",114962525.0,"$35,000,000"
Anchorman 2: The Legend Continues,"Will Smith, Harrison Ford, Kirsten Dunst, Liam Neeson, Amy Poehler",74.0,52.0,,0,0,,,172246223.0,"$50,000,000"
Her,"Scarlett Johansson, Joaquin Phoenix, Chris Pratt",95.0,82.0,"Oscars - MUSIC (Original Score)(Nominated)
Oscars - MUSIC (Original Song)(Nominated)
Oscars - BEST PICTURE(Nominated)
Oscars - PRODUCTION DESIGN(Nominated)
Oscars - WRITING (Original Screenplay)(Won)
Golden Globes - Best Motion Picture - Musical or Comedy(Nominated)
Golden Globes - Best Performance by an Actor in a Motion Picture - Musical or Comedy(Nominated)
Golden Globes - Best Screenplay - Motion Picture(Won)",8,2,"Oscars - WRITING (Original Screenplay)(Won)
Golden Globes - Best Screenplay - Motion Picture(Won)","Oscars - MUSIC (Original Score)(Nominated)
Oscars - MUSIC (Original Song)(Nominated)
Oscars - BEST PICTURE(Nominated)
Oscars - PRODUCTION DESIGN(Nominated)
Golden Globes - Best Motion Picture - Musical or Comedy(Nominated)
Golden Globes - Best Performance by an Actor in a Motion Picture - Musical or Comedy(Nominated)",48038809.0,"$23,000,000"
47 Ronin,,16.0,48.0,,0,0,,,151716815.0,"$175,000,000"
Grudge Match,"Kevin Hart, Robert De Niro",31.0,46.0,,0,0,,,69817991.0,"$40,000,000"
Lone Survivor,Mark Wahlberg,75.0,87.0,"Oscars - SOUND EDITING(Nominated)
Oscars - SOUND MIXING(Nominated)",2,0,,"Oscars - SOUND EDITING(Nominated)
Oscars - SOUND MIXING(Nominated)",149804632.0,"$40,000,000"
The Secret Life of Walter Mitty,,52.0,71.0,,0,0,,,187861183.0,"$91,000,000"
American Sniper,,72.0,84.0,"Oscars - ACTOR IN A LEADING ROLE(Nominated)
Oscars - FILM EDITING(Nominated)
Oscars - BEST PICTURE(Nominated)
Oscars - SOUND EDITING(Won)
Oscars - SOUND MIXING(Nominated)
Oscars - WRITING (Adapted Screenplay)(Nominated)",6,1,Oscars - SOUND EDITING(Won),"Oscars - ACTOR IN A LEADING ROLE(Nominated)
Oscars - FILM EDITING(Nominated)
Oscars - BEST PICTURE(Nominated)
Oscars - SOUND MIXING(Nominated)
Oscars - WRITING (Adapted Screenplay)(Nominated)",547626372.0,"$58,000,000"
Guardians of the Galaxy,"Chris Pratt, Dave Bautista",92.0,92.0,"Oscars - MAKEUP AND HAIRSTYLING(Nominated)
Oscars - VISUAL EFFECTS(Nominated)",2,0,,"Oscars - MAKEUP AND HAIRSTYLING(Nominated)
Oscars - VISUAL EFFECTS(Nominated)",770882395.0,"$170,000,000"
Captain America: The Winter Soldier,"Scarlett Johansson, Chris Evans, Samuel L. Jackson",90.0,92.0,Oscars - VISUAL EFFECTS(Nominated),1,0,,Oscars - VISUAL EFFECTS(Nominated),714401889.0,"$170,000,000"
The Hobbit: The Battle of the Five Armies,"Benedict Cumberbatch, Ian McKellen",59.0,74.0,Oscars - SOUND EDITING(Nominated),1,0,,Oscars - SOUND EDITING(Nominated),,"$250,000,000"
Transformers: Age of Extinction,Mark Wahlberg,18.0,50.0,,0,0,,,1104054072.0,"$210,000,000"
Maleficent,,54.0,70.0,Oscars - COSTUME DESIGN(Nominated),1,0,,Oscars - COSTUME DESIGN(Nominated),758536735.0,"$180,000,000"
Big Hero 6,,90.0,91.0,"Oscars - ANIMATED FEATURE FILM(Won)
Golden Globes - Best Motion Picture - Animated(Nominated)",2,1,Oscars - ANIMATED FEATURE FILM(Won),Golden Globes - Best Motion Picture - Animated(Nominated),647263005.0,"$165,000,000"
Paranormal Activity: The Marked Ones,,40.0,34.0,,0,0,,,90904854.0,"$5,000,000"
The Legend of Hercules,,5.0,33.0,,0,0,,,58953319.0,"$70,000,000"
Devil's Due,,21.0,21.0,,0,0,,,36146087.0,"$7,000,000"
Jack Ryan: Shadow Recruit,,54.0,52.0,,0,0,,,131377412.0,"$60,000,000"
The Nut Job,Liam Neeson,13.0,43.0,,0,0,,,122529966.0,"$30,000,000"
Ride Along,Kevin Hart,17.0,58.0,,0,0,,,153733800.0,"$25,000,000"
"I, Frankenstein",,5.0,38.0,,0,0,,,74575290.0,"$65,000,000"
That Awkward Moment,,23.0,46.0,,0,0,,,53068955.0,"$8,000,000"
The Monuments Men,"George Clooney, Matt Damon",31.0,44.0,,0,0,,,158702748.0,"$70,000,000"
3 Days to Kill,,28.0,43.0,,0,0,,,38959900.0,"$28,000,000"
Non-Stop,"Liam Neeson, Lupita Nyong'o",67.0,75.0,,0,0,,,222383055.0,"$50,000,000"
Son of God,,19.0,73.0,,0,0,,,70949793.0,"$22,000,000"
300: Rise of an Empire,,45.0,51.0,,0,0,,,330780051.0,"$110,000,000"
Mr. Peabody & Sherman,,81.0,73.0,,0,0,,,269806430.0,"$145,000,000"
The Grand Budapest Hotel,"Willem Dafoe, Ralph Fiennes, Edward Norton, Jeff Goldblum, Adrien Brody, Jason Schwartzman",92.0,87.0,"Oscars - CINEMATOGRAPHY(Nominated)
Oscars - COSTUME DESIGN(Won)
Oscars - DIRECTING(Nominated)
Oscars - FILM EDITING(Nominated)
Oscars - MAKEUP AND HAIRSTYLING(Won)
Oscars - MUSIC (Original Score)(Won)
Oscars - BEST PICTURE(Nominated)
Oscars - PRODUCTION DESIGN(Won)
Oscars - WRITING (Original Screenplay)(Nominated)",9,4,"Oscars - COSTUME DESIGN(Won)
Oscars - MAKEUP AND HAIRSTYLING(Won)
Oscars - MUSIC (Original Score)(Won)
Oscars - PRODUCTION DESIGN(Won)","Oscars - CINEMATOGRAPHY(Nominated)
Oscars - DIRECTING(Nominated)
Oscars - FILM EDITING(Nominated)
Oscars - BEST PICTURE(Nominated)
Oscars - WRITING (Original Screenplay)(Nominated)",163037661.0,"$31,000,000"
Need for Speed,Michael Keaton,23.0,56.0,,0,0,,,194169619.0,"$66,000,000"
Veronica Mars,,80.0,78.0,,0,0,,,,"$6,000,000"
Divergent,,41.0,69.0,,0,0,,,276014965.0,"$85,000,000"
Muppets Most Wanted,"Tom Holland, Christoph Waltz",80.0,59.0,,0,0,,,79312301.0,"$55,000,000"
50 to 1,,29.0,71.0,,0,0,,,,"$10,000,000"
Noah,Emma Watson,75.0,41.0,Golden Globes - Best Original Song - Motion Picture(Nominated),1,0,,Golden Globes - Best Original Song - Motion Picture(Nominated),352831065.0,"$130,000,000"
Draft Day,Jennifer Garner,60.0,65.0,,0,0,,,29847480.0,"$25,000,000"
Oculus,,75.0,53.0,,0,0,,,44115496.0,"$5,000,000"
Rio 2,,49.0,58.0,,0,0,,,492846291.0,"$130,000,000"
A Haunted House 2,,8.0,43.0,,0,0,,,21206861.0,"$4,000,000"
13 Sins,,66.0,45.0,,0,0,,,,"$4,000,000"
Brick Mansions,,24.0,47.0,,0,0,,,73421224.0,"$28,000,000"
Million Dollar Arm,,65.0,68.0,,0,0,,,39217912.0,"$25,000,000"
Blended,Adam Sandler,15.0,64.0,,0,0,,,127990741.0,"$45,000,000"
Edge of Tomorrow,Emily Blunt,91.0,90.0,,0,0,,,367028980.0,"$178,000,000"
The Fault in Our Stars,Willem Dafoe,81.0,85.0,,0,0,,,307166834.0,"$12,000,000"
22 Jump Street,Channing Tatum,84.0,77.0,,0,0,,,331333876.0,"$50,000,000"
How to Train Your Dragon 2,,92.0,90.0,"Oscars - ANIMATED FEATURE FILM(Nominated)
Golden Globes - Best Motion Picture - Animated(Won)",2,1,Golden Globes - Best Motion Picture - Animated(Won),Oscars - ANIMATED FEATURE FILM(Nominated),614586270.0,"$145,000,000"
The Signal,,59.0,58.0,,0,0,,,,"$4,000,000"
Jersey Boys,,51.0,62.0,,0,0,,,65282732.0,"$40,000,000"
Think Like a Man Too,Kevin Hart,23.0,59.0,,0,0,,,70027933.0,"$24,000,000"
They Came Together,Amy Poehler,70.0,40.0,,0,0,,,,"$3,000,000"
Earth to Echo,,50.0,47.0,,0,0,,,42174545.0,"$13,000,000"
Tammy,,24.0,36.0,,0,0,,,96407655.0,"$20,000,000"
Boyhood,,97.0,80.0,"Oscars - ACTOR IN A SUPPORTING ROLE(Nominated)
Oscars - ACTRESS IN A SUPPORTING ROLE(Won)
Oscars - DIRECTING(Nominated)
Oscars - FILM EDITING(Nominated)
Oscars - BEST PICTURE(Nominated)
Oscars - WRITING (Original Screenplay)(Nominated)
Golden Globes - Best Motion Picture - Drama(Won)
Golden Globes - Best Performance by an Actress in a Supporting Role in any Motion Picture(Won)
Golden Globes - Best Performance by an Actor in a Supporting Role in any Motion Picture(Nominated)
Golden Globes - Best Director - Motion Picture(Won)
Golden Globes - Best Screenplay - Motion Picture(Nominated)",11,4,"Oscars - ACTRESS IN A SUPPORTING ROLE(Won)
Golden Globes - Best Motion Picture - Drama(Won)
Golden Globes - Best Performance by an Actress in a Supporting Role in any Motion Picture(Won)
Golden Globes - Best Director - Motion Picture(Won)","Oscars - ACTOR IN A SUPPORTING ROLE(Nominated)
Oscars - DIRECTING(Nominated)
Oscars - FILM EDITING(Nominated)
Oscars - BEST PICTURE(Nominated)
Oscars - WRITING (Original Screenplay)(Nominated)
Golden Globes - Best Performance by an Actor in a Supporting Role in any Motion Picture(Nominated)
Golden Globes - Best Screenplay - Motion Picture(Nominated)",57273049.0,"$4,000,000"
Dawn of the Planet of the Apes,Gary Oldman,91.0,88.0,Oscars - VISUAL EFFECTS(Nominated),1,0,,Oscars - VISUAL EFFECTS(Nominated),710644566.0,"$170,000,000"
Snowpiercer,Chris Evans,94.0,72.0,,0,0,,,82825956.0,"$40,000,000"
The Purge: Anarchy,,58.0,56.0,,0,0,,,111534881.0,"$9,000,000"
Sex Tape,Cameron Diaz,16.0,33.0,,0,0,,,126069509.0,"$40,000,000"
Wish I Was Here,,45.0,59.0,,0,0,,,,"$6,000,000"
And So It Goes,,18.0,40.0,,0,0,,,17920013.0,"$18,000,000"
A Most Wanted Man,"Rachel McAdams, Willem Dafoe",86.0,65.0,,0,0,,,36068890.0,"$15,000,000"
The Expendables 3,"Jason Statham, Harrison Ford",32.0,48.0,,0,0,,,209461378.0,"$100,000,000"
The Giver,Meryl Streep,35.0,55.0,,0,0,,,66540205.0,"$25,000,000"
Life After Beth,,45.0,31.0,,0,0,,,,"$2,400,000"
If I Stay,,36.0,61.0,,0,0,,,78356170.0,"$11,000,000"
When the Game Stands Tall,,20.0,72.0,,0,0,,,30138912.0,"$15,000,000"
Dolphin Tale 2,,66.0,72.0,,0,0,,,57824533.0,"$36,000,000"
A Walk Among the Tombstones,Liam Neeson,68.0,53.0,,0,0,,,62108587.0,"$28,000,000"
The Maze Runner,,65.0,68.0,,0,0,,,348319861.0,"$34,000,000"
The Boxtrolls,Ben Kingsley,78.0,63.0,Oscars - ANIMATED FEATURE FILM(Nominated),1,0,,Oscars - ANIMATED FEATURE FILM(Nominated),111898741.0,"$60,000,000"
The Equalizer,Denzel Washington,61.0,77.0,,0,0,,,192903624.0,"$55,000,000"
Annabelle,,28.0,35.0,,0,0,,,256857527.0,"$6,500,000"
Gone Girl,,88.0,87.0,"Oscars - ACTRESS IN A LEADING ROLE(Nominated)
Golden Globes - Best Performance by an Actress in a Motion Picture - Drama(Nominated)
Golden Globes - Best Director - Motion Picture(Nominated)
Golden Globes - Best Screenplay - Motion Picture(Nominated)
Golden Globes - Best Original Score - Motion Picture(Nominated)",5,0,,"Oscars - ACTRESS IN A LEADING ROLE(Nominated)
Golden Globes - Best Performance by an Actress in a Motion Picture - Drama(Nominated)
Golden Globes - Best Director - Motion Picture(Nominated)
Golden Globes - Best Screenplay - Motion Picture(Nominated)
Golden Globes - Best Original Score - Motion Picture(Nominated)",367128535.0,"$61,000,000"
Dracula Untold,,25.0,58.0,,0,0,,,220241723.0,"$70,000,000"
The Book of Life,Channing Tatum,83.0,77.0,,0,0,,,97651543.0,"$50,000,000"
Dear White People,,91.0,61.0,,0,0,,,,"$1,250,000"
Nightcrawler,Jake Gyllenhaal,95.0,86.0,"Oscars - WRITING (Original Screenplay)(Nominated)
Golden Globes - Best Performance by an Actor in a Motion Picture - Drama(Nominated)",2,0,,"Oscars - WRITING (Original Screenplay)(Nominated)
Golden Globes - Best Performance by an Actor in a Motion Picture - Drama(Nominated)",50334418.0,"$8,500,000"
John Wick,,86.0,81.0,,0,0,,,87739603.0,"$30,000,000"
Revenge of the Green Dragons,,15.0,30.0,,0,0,,,,"$5,000,000"
Interstellar,"Matt Damon, Michael Caine",73.0,86.0,"Oscars - MUSIC (Original Score)(Nominated)
Oscars - PRODUCTION DESIGN(Nominated)
Oscars - SOUND EDITING(Nominated)
Oscars - SOUND MIXING(Nominated)
Oscars - VISUAL EFFECTS(Won)
Golden Globes - Best Original Score - Motion Picture(Nominated)",6,1,Oscars - VISUAL EFFECTS(Won),"Oscars - MUSIC (Original Score)(Nominated)
Oscars - PRODUCTION DESIGN(Nominated)
Oscars - SOUND EDITING(Nominated)
Oscars - SOUND MIXING(Nominated)
Golden Globes - Best Original Score - Motion Picture(Nominated)",641756828.0,"$165,000,000"
Jessabelle,,29.0,30.0,,0,0,,,,"$10,000,000"
Beyond the Lights,,84.0,75.0,Oscars - MUSIC (Original Song)(Nominated),1,0,,Oscars - MUSIC (Original Song)(Nominated),,"$7,000,000"
Dumb and Dumber To,,30.0,35.0,,0,0,,,156553592.0,"$40,000,000"
Foxcatcher,,88.0,66.0,"Oscars - ACTOR IN A LEADING ROLE(Nominated)
Oscars - ACTOR IN A SUPPORTING ROLE(Nominated)
Oscars - DIRECTING(Nominated)
Oscars - MAKEUP AND HAIRSTYLING(Nominated)
Oscars - WRITING (Original Screenplay)(Nominated)
Golden Globes - Best Motion Picture - Drama(Nominated)
Golden Globes - Best Performance by an Actor in a Motion Picture - Drama(Nominated)
Golden Globes - Best Performance by an Actor in a Supporting Role in any Motion Picture(Nominated)",8,0,,"Oscars - ACTOR IN A LEADING ROLE(Nominated)
Oscars - ACTOR IN A SUPPORTING ROLE(Nominated)
Oscars - DIRECTING(Nominated)
Oscars - MAKEUP AND HAIRSTYLING(Nominated)
Oscars - WRITING (Original Screenplay)(Nominated)
Golden Globes - Best Motion Picture - Drama(Nominated)
Golden Globes - Best Performance by an Actor in a Motion Picture - Drama(Nominated)
Golden Globes - Best Performance by an Actor in a Supporting Role in any Motion Picture(Nominated)",19303058.0,"$24,000,000"
The Homesman,Meryl Streep,81.0,53.0,,0,0,,,,"$16,000,000"
Horrible Bosses 2,Christoph Waltz,35.0,47.0,,0,0,,,105945357.0,"$40,000,000"
Penguins of Madagascar,Benedict Cumberbatch,74.0,63.0,,0,0,,,366942531.0,"$132,000,000"
Exodus: Gods and Kings,"Christian Bale, Sigourney Weaver, Ben Kingsley",31.0,35.0,,0,0,,,268314513.0,"$140,000,000"
Inherent Vice,Joaquin Phoenix,74.0,53.0,"Oscars - COSTUME DESIGN(Nominated)
Oscars - WRITING (Adapted Screenplay)(Nominated)
Golden Globes - Best Performance by an Actor in a Motion Picture - Musical or Comedy(Nominated)",3,0,,"Oscars - COSTUME DESIGN(Nominated)
Oscars - WRITING (Adapted Screenplay)(Nominated)
Golden Globes - Best Performance by an Actor in a Motion Picture - Musical or Comedy(Nominated)",,"$20,000,000"
Top Five,"Kevin Hart, Jerry Seinfeld, Adam Sandler",85.0,64.0,,0,0,,,26001741.0,"$12,000,000"
Night at the Museum: Secret of the Tomb,"Hugh Jackman, Ben Kingsley",48.0,57.0,,0,0,,,353756621.0,"$127,000,000"
Big Eyes,"Jason Schwartzman, Christoph Waltz",72.0,68.0,"Golden Globes - Best Performance by an Actress in a Motion Picture - Musical or Comedy(Won)
Golden Globes - Best Performance by an Actor in a Motion Picture - Musical or Comedy(Nominated)
Golden Globes - Best Original Song - Motion Picture(Nominated)",3,1,Golden Globes - Best Performance by an Actress in a Motion Picture - Musical or Comedy(Won),"Golden Globes - Best Performance by an Actor in a Motion Picture - Musical or Comedy(Nominated)
Golden Globes - Best Original Song - Motion Picture(Nominated)",27317872.0,"$10,000,000"
Selma,,99.0,86.0,"Oscars - MUSIC (Original Song)(Won)
Oscars - BEST PICTURE(Nominated)
Golden Globes - Best Motion Picture - Drama(Nominated)
Golden Globes - Best Performance by an Actor in a Motion Picture - Drama(Nominated)
Golden Globes - Best Director - Motion Picture(Nominated)
Golden Globes - Best Original Song - Motion Picture(Won)",6,2,"Oscars - MUSIC (Original Song)(Won)
Golden Globes - Best Original Song - Motion Picture(Won)","Oscars - BEST PICTURE(Nominated)
Golden Globes - Best Motion Picture - Drama(Nominated)
Golden Globes - Best Performance by an Actor in a Motion Picture - Drama(Nominated)
Golden Globes - Best Director - Motion Picture(Nominated)",66670998.0,"$20,000,000"
Unbroken,Domhnall Gleeson,52.0,70.0,"Oscars - CINEMATOGRAPHY(Nominated)
Oscars - SOUND EDITING(Nominated)
Oscars - SOUND MIXING(Nominated)",3,0,,"Oscars - CINEMATOGRAPHY(Nominated)
Oscars - SOUND EDITING(Nominated)
Oscars - SOUND MIXING(Nominated)",163527824.0,"$65,000,000"
Jurassic World,Chris Pratt,71.0,78.0,,0,0,,,1671063641.0,"$215,000,000"
Avengers: Age of Ultron,"Scarlett Johansson, Mark Ruffalo, Chris Evans, Robert Downey Jr., Chris Hemsworth, Samuel L. Jackson",76.0,82.0,,0,0,,,1395316979.0,"$365,000,000"
Furious 7,"Dwayne Johnson, Jason Statham",81.0,82.0,Golden Globes - Best Original Song - Motion Picture(Nominated),1,0,,Golden Globes - Best Original Song - Motion Picture(Nominated),1511986364.0,"$190,000,000"
Minions,Michael Keaton,56.0,49.0,BAFTAs - Film | Animated Film in 2016(Nominated),1,0,,BAFTAs - Film | Animated Film in 2016(Nominated),1157271759.0,"$74,000,000"
The Martian,Matt Damon,91.0,91.0,"Oscars - ACTOR IN A LEADING ROLE(Nominated)
Oscars - BEST PICTURE(Nominated)
Oscars - PRODUCTION DESIGN(Nominated)
Oscars - SOUND EDITING(Nominated)
Oscars - SOUND MIXING(Nominated)
Oscars - VISUAL EFFECTS(Nominated)
Oscars - WRITING (Adapted Screenplay)(Nominated)
BAFTAs - Film | Editing in 2016(Nominated)
BAFTAs - Film | Production Design in 2016(Nominated)
BAFTAs - Film | Sound in 2016(Nominated)
BAFTAs - Film | Special Visual Effects in 2016(Nominated)
Golden Globes - Best Motion Picture - Musical or Comedy(Won)
Golden Globes - Best Performance by an Actor in a Motion Picture - Musical or Comedy(Won)
Golden Globes - Best Director - Motion Picture(Nominated)",14,2,"Golden Globes - Best Motion Picture - Musical or Comedy(Won)
Golden Globes - Best Performance by an Actor in a Motion Picture - Musical or Comedy(Won)","Oscars - ACTOR IN A LEADING ROLE(Nominated)
Oscars - BEST PICTURE(Nominated)
Oscars - PRODUCTION DESIGN(Nominated)
Oscars - SOUND EDITING(Nominated)
Oscars - SOUND MIXING(Nominated)
Oscars - VISUAL EFFECTS(Nominated)
Oscars - WRITING (Adapted Screenplay)(Nominated)
BAFTAs - Film | Editing in 2016(Nominated)
BAFTAs - Film | Production Design in 2016(Nominated)
BAFTAs - Film | Sound in 2016(Nominated)
BAFTAs - Film | Special Visual Effects in 2016(Nominated)
Golden Globes - Best Director - Motion Picture(Nominated)",653609107.0,"$108,000,000"
Taken 3,Liam Neeson,13.0,43.0,,0,0,,,327656424.0,"$48,000,000"
Let's Kill Ward's Wife,,17.0,30.0,,0,0,,,,"$5,000,000"
Blackhat,Chris Hemsworth,33.0,24.0,,0,0,,,19665004.0,"$70,000,000"
The Wedding Ringer,,29.0,63.0,,0,0,,,80171596.0,"$23,000,000"
Mortdecai,"Johnny Depp, Ewan McGregor, Jeff Goldblum",12.0,31.0,,0,0,,,37360909.0,"$60,000,000"
Song One,,33.0,29.0,,0,0,,,,"$6,000,000"
Black or White,,39.0,65.0,,0,0,,,21971021.0,"$9,000,000"
Project Almanac,,38.0,45.0,,0,0,,,32909437.0,"$12,000,000"
Enter the Dangerous Mind,,23.0,30.0,,0,0,,,,"$3,000,000"
Jupiter Ascending,Channing Tatum,28.0,38.0,,0,0,,,184382519.0,"$179,000,000"
Seventh Son,,12.0,34.0,,0,0,,,108874967.0,"$95,000,000"
The SpongeBob Movie: Sponge Out of Water,,81.0,54.0,,0,0,,,311013181.0,"$74,000,000"
Accidental Love,Jake Gyllenhaal,9.0,15.0,,0,0,,,,"$26,000,000"
Da Sweet Blood of Jesus,,48.0,20.0,,0,0,,,,"$1,250,000"
Fifty Shades of Grey,,25.0,41.0,"Oscars - MUSIC (Original Song)(Nominated)
Golden Globes - Best Original Song - Motion Picture(Nominated)",2,0,,"Oscars - MUSIC (Original Song)(Nominated)
Golden Globes - Best Original Song - Motion Picture(Nominated)",570794950.0,"$40,000,000"
Kingsman: The Secret Service,,75.0,84.0,,0,0,,,404561724.0,"$94,000,000"
The Last Five Years,,60.0,57.0,,0,0,,,,"$2,000,000"
The DUFF,,73.0,66.0,,0,0,,,43528634.0,"$8,500,000"
Hot Tub Time Machine 2,,14.0,26.0,,0,0,,,,"$14,000,000"
"McFarland, USA",,80.0,88.0,,0,0,,,45707924.0,"$17,000,000"
Focus,"Will Smith, Margot Robbie",56.0,62.0,,0,0,,,168065700.0,"$65,000,000"
The Lazarus Effect,,15.0,23.0,,0,0,,,38359310.0,"$5,000,000"
Chappie,"Hugh Jackman, Sigourney Weaver",32.0,56.0,,0,0,,,105002056.0,"$49,000,000"
Road Hard,,50.0,76.0,,0,0,,,,"$1,500,000"
The Second Best Exotic Marigold Hotel,,66.0,59.0,,0,0,,,89400862.0,"$10,000,000"
It Follows,,95.0,66.0,,0,0,,,23236296.0,"$2,000,000"
Run All Night,"John Cena, Liam Neeson",59.0,56.0,,0,0,,,71661644.0,"$50,000,000"
Danny Collins,"Al Pacino, Jennifer Garner",78.0,73.0,Golden Globes - Best Performance by an Actor in a Motion Picture - Musical or Comedy(Nominated),1,0,,Golden Globes - Best Performance by an Actor in a Motion Picture - Musical or Comedy(Nominated),,"$10,000,000"
The Divergent Series: Insurgent,,28.0,58.0,,0,0,,,295075882.0,"$110,000,000"
Do You Believe?,,25.0,83.0,,0,0,,,,"$2,300,000"
The Walking Deceased,,0.0,27.0,,0,0,,,,"$2,000,000"
Get Hard,Kevin Hart,28.0,45.0,,0,0,,,111811453.0,"$40,000,000"
While We're Young,,84.0,51.0,,0,0,,,,"$10,000,000"
Woman in Gold,Ryan Reynolds,57.0,79.0,,0,0,,,58586407.0,"$11,000,000"
Ex Machina,Domhnall Gleeson,92.0,86.0,"Oscars - VISUAL EFFECTS(Won)
Oscars - WRITING (Original Screenplay)(Nominated)
BAFTAs - Film | Original Screenplay in 2016(Nominated)
BAFTAs - Film | Outstanding British Film in 2016(Nominated)
BAFTAs - Film | Special Visual Effects in 2016(Nominated)
Golden Globes - Best Performance by an Actress in a Supporting Role in any Motion Picture(Nominated)",6,1,Oscars - VISUAL EFFECTS(Won),"Oscars - WRITING (Original Screenplay)(Nominated)
BAFTAs - Film | Original Screenplay in 2016(Nominated)
BAFTAs - Film | Outstanding British Film in 2016(Nominated)
BAFTAs - Film | Special Visual Effects in 2016(Nominated)
Golden Globes - Best Performance by an Actress in a Supporting Role in any Motion Picture(Nominated)",38261299.0,"$13,000,000"
The Longest Ride,,31.0,71.0,,0,0,,,63802928.0,"$34,000,000"
Child 44,"Tom Hardy, Gary Oldman",29.0,42.0,,0,0,,,,"$50,000,000"
Paul Blart: Mall Cop 2,,6.0,34.0,,0,0,,,107453907.0,"$38,000,000"
Unfriended,,62.0,37.0,,0,0,,,64364198.0,"$1,000,000"
The Age of Adaline,Harrison Ford,55.0,67.0,,0,0,,,68984536.0,"$30,000,000"
The Water Diviner,,63.0,60.0,,0,0,,,35400117.0,"$22,500,000"
The D Train,,54.0,25.0,,0,0,,,,"$3,000,000"
Mad Max: Fury Road,"Nicholas Hoult, Tom Hardy",97.0,86.0,"Oscars - CINEMATOGRAPHY(Nominated)
Oscars - COSTUME DESIGN(Won)
Oscars - DIRECTING(Nominated)
Oscars - FILM EDITING(Won)
Oscars - MAKEUP AND HAIRSTYLING(Won)
Oscars - BEST PICTURE(Nominated)
Oscars - PRODUCTION DESIGN(Won)
Oscars - SOUND EDITING(Won)
Oscars - SOUND MIXING(Won)
Oscars - VISUAL EFFECTS(Nominated)
BAFTAs - Film | Cinematography in 2016(Nominated)
BAFTAs - Film | Costume Design in 2016(Won)
BAFTAs - Film | Editing in 2016(Won)
BAFTAs - Film | Make-Up And Hair in 2016(Won)
BAFTAs - Film | Production Design in 2016(Won)
BAFTAs - Film | Sound in 2016(Nominated)
BAFTAs - Film | Special Visual Effects in 2016(Nominated)
Golden Globes - Best Motion Picture - Drama(Nominated)
Golden Globes - Best Director - Motion Picture(Nominated)",19,10,"Oscars - COSTUME DESIGN(Won)
Oscars - FILM EDITING(Won)
Oscars - MAKEUP AND HAIRSTYLING(Won)
Oscars - PRODUCTION DESIGN(Won)
Oscars - SOUND EDITING(Won)
Oscars - SOUND MIXING(Won)
BAFTAs - Film | Costume Design in 2016(Won)
BAFTAs - Film | Editing in 2016(Won)
BAFTAs - Film | Make-Up And Hair in 2016(Won)
BAFTAs - Film | Production Design in 2016(Won)","Oscars - CINEMATOGRAPHY(Nominated)
Oscars - DIRECTING(Nominated)
Oscars - BEST PICTURE(Nominated)
Oscars - VISUAL EFFECTS(Nominated)
BAFTAs - Film | Cinematography in 2016(Nominated)
BAFTAs - Film | Sound in 2016(Nominated)
BAFTAs - Film | Special Visual Effects in 2016(Nominated)
Golden Globes - Best Motion Picture - Drama(Nominated)
Golden Globes - Best Director - Motion Picture(Nominated)",380463726.0,"$150,000,000"
Pitch Perfect 2,,65.0,64.0,,0,0,,,287215196.0,"$29,000,000"
San Andreas,Dwayne Johnson,49.0,52.0,,0,0,,,474590832.0,"$110,000,000"
Barely Lethal,,26.0,38.0,,0,0,,,,"$15,000,000"
Entourage,,32.0,57.0,"Golden Globes - Best Television Series - Musical or Comedy(Nominated)
Golden Globes - Best Performance by an Actor in a Supporting Role in a Series, Limited Series or Motion Picture Made for Television(Nominated)
Golden Globes - Best Television Series - Musical or Comedy(Nominated)
Golden Globes - Best Performance by an Actor in a Supporting Role in a Series, Limited Series or Motion Picture Made for Television(Nominated)
Golden Globes - Best Television Series - Musical or Comedy(Nominated)
Golden Globes - Best Performance by an Actor in a Supporting Role in a Series, Limited Series or Motion Picture Made for Television(Nominated)
Golden Globes - Best Television Series - Musical or Comedy(Nominated)
Golden Globes - Best Performance by an Actor in a Supporting Role in a Series, Limited Series or Motion Picture Made for Television(Won)
Golden Globes - Best Performance by an Actor in a Supporting Role in a Series, Limited Series or Motion Picture Made for Television(Nominated)
Golden Globes - Best Television Series - Musical or Comedy(Nominated)
Golden Globes - Best Performance by an Actor in a Television Series - Musical or Comedy(Nominated)
Golden Globes - Best Performance by an Actor in a Supporting Role in a Series, Limited Series or Motion Picture Made for Television(Nominated)
Golden Globes - Best Television Series - Musical or Comedy(Nominated)
Golden Globes - Best Performance by an Actor in a Supporting Role in a Series, Limited Series or Motion Picture Made for Television(Nominated)",14,1,"Golden Globes - Best Performance by an Actor in a Supporting Role in a Series, Limited Series or Motion Picture Made for Television(Won)","Golden Globes - Best Television Series - Musical or Comedy(Nominated)
Golden Globes - Best Performance by an Actor in a Supporting Role in a Series, Limited Series or Motion Picture Made for Television(Nominated)
Golden Globes - Best Television Series - Musical or Comedy(Nominated)
Golden Globes - Best Performance by an Actor in a Supporting Role in a Series, Limited Series or Motion Picture Made for Television(Nominated)
Golden Globes - Best Television Series - Musical or Comedy(Nominated)
Golden Globes - Best Performance by an Actor in a Supporting Role in a Series, Limited Series or Motion Picture Made for Television(Nominated)
Golden Globes - Best Television Series - Musical or Comedy(Nominated)
Golden Globes - Best Performance by an Actor in a Supporting Role in a Series, Limited Series or Motion Picture Made for Television(Nominated)
Golden Globes - Best Television Series - Musical or Comedy(Nominated)
Golden Globes - Best Performance by an Actor in a Television Series - Musical or Comedy(Nominated)
Golden Globes - Best Performance by an Actor in a Supporting Role in a Series, Limited Series or Motion Picture Made for Television(Nominated)
Golden Globes - Best Television Series - Musical or Comedy(Nominated)
Golden Globes - Best Performance by an Actor in a Supporting Role in a Series, Limited Series or Motion Picture Made for Television(Nominated)",49263404.0,"$30,000,000"
Me and Earl and the Dying Girl,,82.0,86.0,,0,0,,,,"$8,000,000"
Max,,69.0,64.0,,0,0,,,43956255.0,"$20,000,000"
Ted 2,"Mark Wahlberg, Liam Neeson",44.0,50.0,,0,0,,,217214143.0,"$68,000,000"
Magic Mike XXL,Channing Tatum,65.0,55.0,,0,0,,,123580421.0,"$14,500,000"
Strangerland,Nicole Kidman,40.0,23.0,,0,0,,,,"$10,000,000"
Ant-Man,,83.0,85.0,BAFTAs - Film | Special Visual Effects in 2016(Nominated),1,0,,BAFTAs - Film | Special Visual Effects in 2016(Nominated),518858449.0,"$130,000,000"
Trainwreck,"John Cena, Daniel Radcliffe, Matthew Broderick",84.0,66.0,"Golden Globes - Best Motion Picture - Musical or Comedy(Nominated)
Golden Globes - Best Performance by an Actress in a Motion Picture - Musical or Comedy(Nominated)",2,0,,"Golden Globes - Best Motion Picture - Musical or Comedy(Nominated)
Golden Globes - Best Performance by an Actress in a Motion Picture - Musical or Comedy(Nominated)",141123897.0,"$35,000,000"
Pixels,Adam Sandler,18.0,46.0,,0,0,,,244041804.0,"$90,000,000"
Paper Towns,,58.0,47.0,,0,0,,,85450484.0,"$12,000,000"
The Vatican Tapes,,20.0,58.0,,0,0,,,,"$13,000,000"
Ricki and the Flash,,65.0,43.0,,0,0,,,41166033.0,"$18,000,000"
Straight Outta Compton,,89.0,91.0,Oscars - WRITING (Original Screenplay)(Nominated),1,0,,Oscars - WRITING (Original Screenplay)(Nominated),202182981.0,"$28,000,000"
The Man From U.N.C.L.E.,,68.0,73.0,,0,0,,,110045109.0,"$75,000,000"
American Ultra,,44.0,45.0,,0,0,,,30295028.0,"$28,000,000"
Hitman: Agent 47,,8.0,40.0,,0,0,,,82182803.0,"$35,000,000"
Before We Go,,28.0,57.0,,0,0,,,,"$3,000,000"
The Visit,,72.0,45.0,Oscars - COSTUME DESIGN (Black-and-White)(Nominated),1,0,,Oscars - COSTUME DESIGN (Black-and-White)(Nominated),98677816.0,"$5,000,000"
The Perfect Guy,,18.0,51.0,,0,0,,,60278166.0,"$18,000,000"
Maze Runner: The Scorch Trials,,48.0,54.0,,0,0,,,310566162.0,"$61,000,000"
Hotel Transylvania 2,Adam Sandler,57.0,64.0,,0,0,,,474800000.0,"$80,000,000"
The Intern,Robert De Niro,59.0,73.0,,0,0,,,197115710.0,"$40,000,000"
Mississippi Grind,,91.0,55.0,,0,0,,,,"$7,100,000"
Beasts of No Nation,,91.0,92.0,Golden Globes - Best Performance by an Actor in a Supporting Role in any Motion Picture(Nominated),1,0,,Golden Globes - Best Performance by an Actor in a Supporting Role in any Motion Picture(Nominated),,"$6,000,000"
Bridge of Spies,Tom Hanks,91.0,87.0,"Oscars - ACTOR IN A SUPPORTING ROLE(Won)
Oscars - MUSIC (Original Score)(Nominated)
Oscars - BEST PICTURE(Nominated)
Oscars - PRODUCTION DESIGN(Nominated)
Oscars - SOUND MIXING(Nominated)
Oscars - WRITING (Original Screenplay)(Nominated)
Golden Globes - Best Performance by an Actor in a Supporting Role in any Motion Picture(Nominated)",7,1,Oscars - ACTOR IN A SUPPORTING ROLE(Won),"Oscars - MUSIC (Original Score)(Nominated)
Oscars - BEST PICTURE(Nominated)
Oscars - PRODUCTION DESIGN(Nominated)
Oscars - SOUND MIXING(Nominated)
Oscars - WRITING (Original Screenplay)(Nominated)
Golden Globes - Best Performance by an Actor in a Supporting Role in any Motion Picture(Nominated)",162498338.0,"$40,000,000"
Crimson Peak,,73.0,56.0,,0,0,,,74966854.0,"$55,000,000"
Woodlawn,,73.0,80.0,,0,0,,,,"$13,000,000"
Rock the Kasbah,,7.0,29.0,,0,0,,,,"$15,000,000"
Paranormal Activity: The Ghost Dimension,,15.0,27.0,,0,0,,,77959374.0,"$10,000,000"
The Last Witch Hunter,"Elijah Wood, Michael Caine",18.0,44.0,,0,0,,,130818912.0,"$80,000,000"
Bone Tomahawk,,91.0,74.0,,0,0,,,,"$2,000,000"
Scouts Guide to the Zombie Apocalypse,,44.0,50.0,,0,0,,,,"$15,000,000"
Freaks of Nature,,0.0,45.0,,0,0,,,,"$33,000,000"
Burnt,Uma Thurman,28.0,45.0,,0,0,,,36766293.0,"$20,000,000"
The Peanuts Movie,,87.0,76.0,Golden Globes - Best Motion Picture - Animated(Nominated),1,0,,Golden Globes - Best Motion Picture - Animated(Nominated),250091610.0,"$99,000,000"
The 33,,48.0,59.0,,0,0,,,28287489.0,"$25,000,000"
Love the Coopers,,18.0,36.0,,0,0,,,44263413.0,"$18,000,000"
Carol,,94.0,75.0,"Oscars - ACTRESS IN A LEADING ROLE(Nominated)
Oscars - ACTRESS IN A SUPPORTING ROLE(Nominated)
Oscars - CINEMATOGRAPHY(Nominated)
Oscars - COSTUME DESIGN(Nominated)
Oscars - MUSIC (Original Score)(Nominated)
Oscars - WRITING (Adapted Screenplay)(Nominated)
BAFTAs - Film | Adapted Screenplay in 2016(Nominated)
BAFTAs - Film | Cinematography in 2016(Nominated)
BAFTAs - Film | Costume Design in 2016(Nominated)
BAFTAs - Film | Film in 2016(Nominated)
BAFTAs - Film | Make-Up And Hair in 2016(Nominated)
BAFTAs - Film | Production Design in 2016(Nominated)
Golden Globes - Best Motion Picture - Drama(Nominated)
Golden Globes - Best Performance by an Actress in a Motion Picture - Drama(Nominated)
Golden Globes - Best Performance by an Actress in a Motion Picture - Drama(Nominated)
Golden Globes - Best Director - Motion Picture(Nominated)
Golden Globes - Best Original Score - Motion Picture(Nominated)",17,0,,"Oscars - ACTRESS IN A LEADING ROLE(Nominated)
Oscars - ACTRESS IN A SUPPORTING ROLE(Nominated)
Oscars - CINEMATOGRAPHY(Nominated)
Oscars - COSTUME DESIGN(Nominated)
Oscars - MUSIC (Original Score)(Nominated)
Oscars - WRITING (Adapted Screenplay)(Nominated)
BAFTAs - Film | Adapted Screenplay in 2016(Nominated)
BAFTAs - Film | Cinematography in 2016(Nominated)
BAFTAs - Film | Costume Design in 2016(Nominated)
BAFTAs - Film | Film in 2016(Nominated)
BAFTAs - Film | Make-Up And Hair in 2016(Nominated)
BAFTAs - Film | Production Design in 2016(Nominated)
Golden Globes - Best Motion Picture - Drama(Nominated)
Golden Globes - Best Performance by an Actress in a Motion Picture - Drama(Nominated)
Golden Globes - Best Performance by an Actress in a Motion Picture - Drama(Nominated)
Golden Globes - Best Director - Motion Picture(Nominated)
Golden Globes - Best Original Score - Motion Picture(Nominated)",41925420.0,"$11,800,000"
Creed,,95.0,89.0,"Oscars - ACTOR IN A SUPPORTING ROLE(Nominated)
Golden Globes - Best Performance by an Actor in a Supporting Role in any Motion Picture(Won)",2,1,Golden Globes - Best Performance by an Actor in a Supporting Role in any Motion Picture(Won),Oscars - ACTOR IN A SUPPORTING ROLE(Nominated),174167581.0,"$37,000,000"
The Good Dinosaur,,75.0,64.0,Golden Globes - Best Motion Picture - Animated(Nominated),1,0,,Golden Globes - Best Motion Picture - Animated(Nominated),333771037.0,"$187,500,000"
Krampus,,66.0,52.0,,0,0,,,61788393.0,"$15,000,000"
In the Heart of the Sea,"Chris Hemsworth, Tom Holland",43.0,54.0,,0,0,,,94320758.0,"$100,000,000"
The Big Short,"Brad Pitt, Margot Robbie, Christian Bale, Ryan Gosling",89.0,88.0,"Oscars - ACTOR IN A SUPPORTING ROLE(Nominated)
Oscars - DIRECTING(Nominated)
Oscars - FILM EDITING(Nominated)
Oscars - BEST PICTURE(Nominated)
Oscars - WRITING (Adapted Screenplay)(Won)
BAFTAs - Film | Adapted Screenplay in 2016(Won)
BAFTAs - Film | Editing in 2016(Nominated)
BAFTAs - Film | Film in 2016(Nominated)",8,2,"Oscars - WRITING (Adapted Screenplay)(Won)
BAFTAs - Film | Adapted Screenplay in 2016(Won)","Oscars - ACTOR IN A SUPPORTING ROLE(Nominated)
Oscars - DIRECTING(Nominated)
Oscars - FILM EDITING(Nominated)
Oscars - BEST PICTURE(Nominated)
BAFTAs - Film | Editing in 2016(Nominated)
BAFTAs - Film | Film in 2016(Nominated)",132624681.0,"$28,000,000"
Alvin and the Chipmunks: The Road Chip,,15.0,51.0,,0,0,,,249517956.0,"$90,000,000"
Concussion,Will Smith,78.0,57.0,Golden Globes - Best Performance by an Actor in a Motion Picture - Drama(Nominated),1,0,,Golden Globes - Best Performance by an Actor in a Motion Picture - Drama(Nominated),50363790.0,"$35,000,000"
The Hateful Eight,"Channing Tatum, Samuel L. Jackson",75.0,77.0,"Oscars - ACTRESS IN A SUPPORTING ROLE(Nominated)
Oscars - CINEMATOGRAPHY(Nominated)
Oscars - MUSIC (Original Score)(Won)
BAFTAs - Film | Original Music in 2016(Won)
BAFTAs - Film | Original Screenplay in 2016(Nominated)
Golden Globes - Best Performance by an Actress in a Supporting Role in any Motion Picture(Nominated)
Golden Globes - Best Screenplay - Motion Picture(Nominated)
Golden Globes - Best Original Score - Motion Picture(Won)",8,3,"Oscars - MUSIC (Original Score)(Won)
BAFTAs - Film | Original Music in 2016(Won)
Golden Globes - Best Original Score - Motion Picture(Won)","Oscars - ACTRESS IN A SUPPORTING ROLE(Nominated)
Oscars - CINEMATOGRAPHY(Nominated)
BAFTAs - Film | Original Screenplay in 2016(Nominated)
Golden Globes - Best Performance by an Actress in a Supporting Role in any Motion Picture(Nominated)
Golden Globes - Best Screenplay - Motion Picture(Nominated)",151813358.0,"$62,000,000"
Anomalisa,,91.0,71.0,"Oscars - ANIMATED FEATURE FILM(Nominated)
Golden Globes - Best Motion Picture - Animated(Nominated)",2,0,,"Oscars - ANIMATED FEATURE FILM(Nominated)
Golden Globes - Best Motion Picture - Animated(Nominated)",,"$8,000,000"
Rogue One: A Star Wars Story,,84.0,87.0,"Oscars - SOUND MIXING(Nominated)
Oscars - VISUAL EFFECTS(Nominated)
BAFTAs - Film | Make Up and Hair in 2017(Nominated)
BAFTAs - Film | Special Visual Effects in 2017(Nominated)",4,0,,"Oscars - SOUND MIXING(Nominated)
Oscars - VISUAL EFFECTS(Nominated)
BAFTAs - Film | Make Up and Hair in 2017(Nominated)
BAFTAs - Film | Special Visual Effects in 2017(Nominated)",1055083596.0,"$280,200,000"
Finding Dory,,94.0,84.0,BAFTAs - Film | Animated Film in 2017(Nominated),1,0,,BAFTAs - Film | Animated Film in 2017(Nominated),1025006125.0,"$200,000,000"
Captain America: Civil War,"Scarlett Johansson, Chris Evans, Robert Downey Jr., Tom Holland",90.0,89.0,,0,0,,,1151899586.0,"$250,000,000"
The Secret Life of Pets,Kevin Hart,70.0,62.0,,0,0,,,886013000.0,"$75,000,000"
Deadpool,"Ryan Reynolds, Morena Baccarin",85.0,90.0,"Golden Globes - Best Motion Picture - Musical or Comedy(Nominated)
Golden Globes - Best Performance by an Actor in a Motion Picture - Musical or Comedy(Nominated)",2,0,,"Golden Globes - Best Motion Picture - Musical or Comedy(Nominated)
Golden Globes - Best Performance by an Actor in a Motion Picture - Musical or Comedy(Nominated)",781947691.0,"$58,000,000"
Zootopia,,98.0,92.0,"Oscars - ANIMATED FEATURE FILM(Won)
Golden Globes - Best Motion Picture - Animated(Won)",2,2,"Oscars - ANIMATED FEATURE FILM(Won)
Golden Globes - Best Motion Picture - Animated(Won)",,1025485003.0,"$150,000,000"
Batman v Superman: Dawn of Justice,,29.0,63.0,,0,0,,,872395091.0,"$263,000,000"
Sing,,43.0,88.0,"Oscars - SHORT FILM (Live Action)(Won)
Golden Globes - Best Motion Picture - Animated(Nominated)
Golden Globes - Best Original Song - Motion Picture(Nominated)",3,1,Oscars - SHORT FILM (Live Action)(Won),"Golden Globes - Best Motion Picture - Animated(Nominated)
Golden Globes - Best Original Song - Motion Picture(Nominated)",631064182.0,"$75,000,000"
Ride Along 2,Kevin Hart,14.0,48.0,,0,0,,,124827316.0,"$40,000,000"
13 Hours: The Secret Soldiers of Benghazi,,52.0,83.0,Oscars - SOUND MIXING(Nominated),1,0,,Oscars - SOUND MIXING(Nominated),,"$50,000,000"
Norm of the North,,6.0,22.0,,0,0,,,30535660.0,"$18,000,000"
Dirty Grandpa,Robert De Niro,10.0,44.0,,0,0,,,105078449.0,"$11,500,000"
The Boy,,31.0,38.0,,0,0,,,68220952.0,"$10,000,000"
Kung Fu Panda 3,,86.0,79.0,,0,0,,,520189225.0,"$140,000,000"
The Finest Hours,,64.0,66.0,Oscars - DOCUMENTARY (Feature)(Nominated),1,0,,Oscars - DOCUMENTARY (Feature)(Nominated),49252761.0,"$70,000,000"
Fifty Shades of Black,,4.0,19.0,,0,0,,,22113075.0,"$5,000,000"
Jane Got a Gun,"Natalie Portman, Ewan McGregor",41.0,38.0,,0,0,,,,"$25,000,000"
Pride and Prejudice and Zombies,,47.0,45.0,,0,0,,,,"$28,000,000"
Gods of Egypt,,14.0,37.0,,0,0,,,138836756.0,"$140,000,000"
Triple 9,,55.0,41.0,,0,0,,,25943792.0,"$20,000,000"
Eddie the Eagle,Hugh Jackman,82.0,82.0,,0,0,,,45032437.0,"$23,000,000"
London Has Fallen,,28.0,50.0,,0,0,,,195194085.0,"$60,000,000"
Whiskey Tango Foxtrot,,68.0,54.0,,0,0,,,25350747.0,"$35,000,000"
The Other Side of the Door,,36.0,29.0,,0,0,,,,"$5,000,000"
10 Cloverfield Lane,,90.0,79.0,,0,0,,,108286422.0,"$15,000,000"
The Brothers Grimsby,,36.0,41.0,,0,0,,,28720470.0,"$35,000,000"
The Young Messiah,,49.0,65.0,,0,0,,,,"$16,800,000"
The Divergent Series: Allegiant,,11.0,41.0,,0,0,,,172022517.0,"$110,000,000"
The Bronze,,36.0,44.0,,0,0,,,,"$3,500,000"
My Big Fat Greek Wedding 2,,28.0,52.0,,0,0,,,92096558.0,"$18,000,000"
Hardcore Henry,,51.0,55.0,,0,0,,,,"$2,000,000"
Barbershop: The Next Cut,,90.0,66.0,,0,0,,,54404202.0,"$20,000,000"
A Hologram for the King,,70.0,54.0,,0,0,,,,"$35,000,000"
Keanu,,78.0,55.0,,0,0,,,20688141.0,"$15,000,000"
Money Monster,George Clooney,59.0,51.0,,0,0,,,93466095.0,"$27,000,000"
The Darkness,,3.0,19.0,,0,0,,,,"$4,000,000"
The Angry Birds Movie,,44.0,47.0,,0,0,,,352288341.0,"$73,000,000"
Neighbors 2: Sorority Rising,,64.0,44.0,,0,0,,,108757621.0,"$35,000,000"
The Nice Guys,,91.0,79.0,,0,0,,,59596747.0,"$50,000,000"
Teenage Mutant Ninja Turtles: Out of the Shadows,,38.0,47.0,,0,0,,,,"$135,000,000"
Me Before You,,54.0,73.0,,0,0,,,208064908.0,"$20,000,000"
Popstar: Never Stop Never Stopping,,79.0,65.0,,0,0,,,,"$20,000,000"
Warcraft,,29.0,76.0,,0,0,,,438899824.0,"$160,000,000"
Now You See Me 2,"Daniel Radcliffe, Mark Ruffalo, Michael Caine",33.0,53.0,,0,0,,,328325007.0,"$90,000,000"
Central Intelligence,"Dwayne Johnson, Kevin Hart",71.0,62.0,,0,0,,,217194805.0,"$50,000,000"
Independence Day: Resurgence,"Liam Hemsworth, Jeff Goldblum",29.0,30.0,,0,0,,,384169424.0,"$165,000,000"
The Shallows,,79.0,59.0,,0,0,,,118763442.0,"$13,000,000"
Free State of Jones,,48.0,64.0,,0,0,,,23237252.0,"$50,000,000"
The Neon Demon,,59.0,51.0,,0,0,,,,"$7,500,000"
Swiss Army Man,,72.0,72.0,,0,0,,,,"$3,000,000"
The Legend of Tarzan,"Margot Robbie, Samuel L. Jackson, Christoph Waltz",35.0,58.0,,0,0,,,348902025.0,"$180,000,000"
The Purge: Election Year,,55.0,48.0,,0,0,,,118514727.0,"$10,000,000"
Captain Fantastic,,83.0,85.0,"Oscars - ACTOR IN A LEADING ROLE(Nominated)
Golden Globes - Best Performance by an Actor in a Motion Picture - Drama(Nominated)",2,0,,"Oscars - ACTOR IN A LEADING ROLE(Nominated)
Golden Globes - Best Performance by an Actor in a Motion Picture - Drama(Nominated)",21340234.0,"$5,000,000"
Mike and Dave Need Wedding Dates,,39.0,51.0,,0,0,,,75898100.0,"$33,000,000"
Café Society,,71.0,56.0,,0,0,,,44348292.0,"$30,000,000"
Star Trek Beyond,,86.0,80.0,Oscars - MAKEUP AND HAIRSTYLING(Nominated),1,0,,Oscars - MAKEUP AND HAIRSTYLING(Nominated),335673708.0,"$185,000,000"
Ice Age: Collision Course,,18.0,39.0,,0,0,,,402156682.0,"$105,000,000"
Jason Bourne,Matt Damon,54.0,55.0,,0,0,,,416168316.0,"$120,000,000"
Bad Moms,,59.0,63.0,,0,0,,,180485601.0,"$20,000,000"
Sausage Party,"Michael Cera, Edward Norton",82.0,50.0,,0,0,,,141344255.0,"$19,000,000"
Hell or High Water,,97.0,88.0,"Oscars - ACTOR IN A SUPPORTING ROLE(Nominated)
Oscars - FILM EDITING(Nominated)
Oscars - BEST PICTURE(Nominated)
Oscars - WRITING (Original Screenplay)(Nominated)
BAFTAs - Film | Cinematography in 2017(Nominated)
BAFTAs - Film | Original Screenplay in 2017(Nominated)
Golden Globes - Best Motion Picture - Drama(Nominated)
Golden Globes - Best Performance by an Actor in a Supporting Role in any Motion Picture(Nominated)
Golden Globes - Best Screenplay - Motion Picture(Nominated)",9,0,,"Oscars - ACTOR IN A SUPPORTING ROLE(Nominated)
Oscars - FILM EDITING(Nominated)
Oscars - BEST PICTURE(Nominated)
Oscars - WRITING (Original Screenplay)(Nominated)
BAFTAs - Film | Cinematography in 2017(Nominated)
BAFTAs - Film | Original Screenplay in 2017(Nominated)
Golden Globes - Best Motion Picture - Drama(Nominated)
Golden Globes - Best Performance by an Actor in a Supporting Role in any Motion Picture(Nominated)
Golden Globes - Best Screenplay - Motion Picture(Nominated)",37566117.0,"$12,000,000"
Ben-Hur,,85.0,89.0,"Oscars - ACTOR(Won)
Oscars - ACTOR IN A SUPPORTING ROLE(Won)
Oscars - ART DIRECTION (Color)(Won)
Oscars - CINEMATOGRAPHY (Color)(Won)
Oscars - COSTUME DESIGN (Color)(Won)
Oscars - DIRECTING(Won)
Oscars - FILM EDITING(Won)
Oscars - MUSIC (Music Score of a Dramatic or Comedy Picture)(Won)
Oscars - BEST MOTION PICTURE(Won)
Oscars - SOUND(Won)
Oscars - SPECIAL EFFECTS(Won)
Oscars - WRITING (Screenplay--based on material from another medium)(Nominated)
Golden Globes - Best Motion Picture - Drama(Won)
Golden Globes - Best Performance by an Actor in a Motion Picture - Drama(Nominated)
Golden Globes - Best Performance by an Actor in a Supporting Role in any Motion Picture(Won)
Golden Globes - Best Director - Motion Picture(Won)
Golden Globes - Special Achievement Award(Nominated)",17,14,"Oscars - ACTOR(Won)
Oscars - ACTOR IN A SUPPORTING ROLE(Won)
Oscars - ART DIRECTION (Color)(Won)
Oscars - CINEMATOGRAPHY (Color)(Won)
Oscars - COSTUME DESIGN (Color)(Won)
Oscars - DIRECTING(Won)
Oscars - FILM EDITING(Won)
Oscars - MUSIC (Music Score of a Dramatic or Comedy Picture)(Won)
Oscars - BEST MOTION PICTURE(Won)
Oscars - SOUND(Won)
Oscars - SPECIAL EFFECTS(Won)
Golden Globes - Best Motion Picture - Drama(Won)
Golden Globes - Best Performance by an Actor in a Supporting Role in any Motion Picture(Won)
Golden Globes - Best Director - Motion Picture(Won)","Oscars - WRITING (Screenplay--based on material from another medium)(Nominated)
Golden Globes - Best Performance by an Actor in a Motion Picture - Drama(Nominated)
Golden Globes - Special Achievement Award(Nominated)",91669648.0,"$95,000,000"
Ben-Hur,,85.0,89.0,"Oscars - ACTOR(Won)
Oscars - ACTOR IN A SUPPORTING ROLE(Won)
Oscars - ART DIRECTION (Color)(Won)
Oscars - CINEMATOGRAPHY (Color)(Won)
Oscars - COSTUME DESIGN (Color)(Won)
Oscars - DIRECTING(Won)
Oscars - FILM EDITING(Won)
Oscars - MUSIC (Music Score of a Dramatic or Comedy Picture)(Won)
Oscars - BEST MOTION PICTURE(Won)
Oscars - SOUND(Won)
Oscars - SPECIAL EFFECTS(Won)
Oscars - WRITING (Screenplay--based on material from another medium)(Nominated)
Golden Globes - Best Motion Picture - Drama(Won)
Golden Globes - Best Performance by an Actor in a Motion Picture - Drama(Nominated)
Golden Globes - Best Performance by an Actor in a Supporting Role in any Motion Picture(Won)
Golden Globes - Best Director - Motion Picture(Won)
Golden Globes - Special Achievement Award(Nominated)",17,14,"Oscars - ACTOR(Won)
Oscars - ACTOR IN A SUPPORTING ROLE(Won)
Oscars - ART DIRECTION (Color)(Won)
Oscars - CINEMATOGRAPHY (Color)(Won)
Oscars - COSTUME DESIGN (Color)(Won)
Oscars - DIRECTING(Won)
Oscars - FILM EDITING(Won)
Oscars - MUSIC (Music Score of a Dramatic or Comedy Picture)(Won)
Oscars - BEST MOTION PICTURE(Won)
Oscars - SOUND(Won)
Oscars - SPECIAL EFFECTS(Won)
Golden Globes - Best Motion Picture - Drama(Won)
Golden Globes - Best Performance by an Actor in a Supporting Role in any Motion Picture(Won)
Golden Globes - Best Director - Motion Picture(Won)","Oscars - WRITING (Screenplay--based on material from another medium)(Nominated)
Golden Globes - Best Performance by an Actor in a Motion Picture - Drama(Nominated)
Golden Globes - Special Achievement Award(Nominated)",91669648.0,"$15,000,000"
Kubo and the Two Strings,,97.0,86.0,"Oscars - ANIMATED FEATURE FILM(Nominated)
Oscars - VISUAL EFFECTS(Nominated)
BAFTAs - Film | Animated Film in 2017(Won)
Golden Globes - Best Motion Picture - Animated(Nominated)",4,1,BAFTAs - Film | Animated Film in 2017(Won),"Oscars - ANIMATED FEATURE FILM(Nominated)
Oscars - VISUAL EFFECTS(Nominated)
Golden Globes - Best Motion Picture - Animated(Nominated)",77548122.0,"$55,000,000"
Mechanic: Resurrection,,31.0,40.0,,0,0,,,125729635.0,"$40,000,000"
Hands of Stone,Robert De Niro,45.0,52.0,,0,0,,,,"$20,000,000"
The Light Between Oceans,,62.0,61.0,,0,0,,,22281732.0,"$20,000,000"
Sully,,85.0,84.0,Oscars - SOUND EDITING(Nominated),1,0,,Oscars - SOUND EDITING(Nominated),238524556.0,"$60,000,000"
The Disappointments Room,,0.0,17.0,,0,0,,,,"$15,000,000"
Snowden,,61.0,70.0,,0,0,,,35380918.0,"$50,000,000"
Blair Witch,,38.0,31.0,,0,0,,,38985577.0,"$10,000,000"
Hillsong: Let Hope Rise,,60.0,78.0,,0,0,,,,"$10,000,000"
The Magnificent Seven,,64.0,71.0,"Oscars - ART DIRECTION (Black-and-White)(Nominated)
Oscars - COSTUME DESIGN (Black-and-White)(Nominated)
Oscars - MUSIC (Music Score of a Dramatic or Comedy Picture)(Nominated)",3,0,,"Oscars - ART DIRECTION (Black-and-White)(Nominated)
Oscars - COSTUME DESIGN (Black-and-White)(Nominated)
Oscars - MUSIC (Music Score of a Dramatic or Comedy Picture)(Nominated)",162122642.0,"$90,000,000"
Storks,,65.0,62.0,,0,0,,,183353431.0,"$70,000,000"
Deepwater Horizon,,82.0,82.0,"Oscars - SOUND EDITING(Nominated)
Oscars - VISUAL EFFECTS(Nominated)
BAFTAs - Film | Sound in 2017(Nominated)",3,0,,"Oscars - SOUND EDITING(Nominated)
Oscars - VISUAL EFFECTS(Nominated)
BAFTAs - Film | Sound in 2017(Nominated)",122333118.0,"$156,000,000"
Queen of Katwe,,94.0,86.0,,0,0,,,,"$15,000,000"
Masterminds,,19.0,49.0,,0,0,,,30850666.0,"$25,000,000"
The Birth of a Nation,Armie Hammer,91.0,47.0,,0,0,,,,"$10,000,000"
Middle School: The Worst Years of My Life,,64.0,59.0,,0,0,,,,"$8,500,000"
Kevin Hart: What Now?,,76.0,58.0,,0,0,,,23591043.0,"$10,000,000"
Max Steel,,0.0,48.0,,0,0,,,,"$10,000,000"
Jack Reacher: Never Go Back,,38.0,42.0,,0,0,,,159946489.0,"$60,000,000"
Ouija: Origin of Evil,,83.0,57.0,,0,0,,,81831866.0,"$9,000,000"
Trolls,,76.0,67.0,"Oscars - MUSIC (Original Song)(Nominated)
Golden Globes - Best Original Song - Motion Picture(Nominated)",2,0,,"Oscars - MUSIC (Original Song)(Nominated)
Golden Globes - Best Original Song - Motion Picture(Nominated)",342831709.0,"$125,000,000"
Hacksaw Ridge,,84.0,91.0,"Oscars - ACTOR IN A LEADING ROLE(Nominated)
Oscars - DIRECTING(Nominated)
Oscars - FILM EDITING(Won)
Oscars - BEST PICTURE(Nominated)
Oscars - SOUND EDITING(Nominated)
Oscars - SOUND MIXING(Won)
BAFTAs - Film | Adapted Screenplay in 2017(Nominated)
BAFTAs - Film | Editing in 2017(Won)
BAFTAs - Film | Make Up and Hair in 2017(Nominated)
BAFTAs - Film | Sound in 2017(Nominated)
Golden Globes - Best Motion Picture - Drama(Nominated)
Golden Globes - Best Performance by an Actor in a Motion Picture - Drama(Nominated)
Golden Globes - Best Director - Motion Picture(Nominated)",13,3,"Oscars - FILM EDITING(Won)
Oscars - SOUND MIXING(Won)
BAFTAs - Film | Editing in 2017(Won)","Oscars - ACTOR IN A LEADING ROLE(Nominated)
Oscars - DIRECTING(Nominated)
Oscars - BEST PICTURE(Nominated)
Oscars - SOUND EDITING(Nominated)
BAFTAs - Film | Adapted Screenplay in 2017(Nominated)
BAFTAs - Film | Make Up and Hair in 2017(Nominated)
BAFTAs - Film | Sound in 2017(Nominated)
Golden Globes - Best Motion Picture - Drama(Nominated)
Golden Globes - Best Performance by an Actor in a Motion Picture - Drama(Nominated)
Golden Globes - Best Director - Motion Picture(Nominated)",168423249.0,"$40,000,000"
Fantastic Beasts and Where to Find Them,,74.0,79.0,"Oscars - COSTUME DESIGN(Won)
Oscars - PRODUCTION DESIGN(Nominated)
BAFTAs - Film | Costume Design in 2017(Nominated)
BAFTAs - Film | Outstanding British Film in 2017(Nominated)
BAFTAs - Film | Production Design in 2017(Won)
BAFTAs - Film | Sound in 2017(Nominated)
BAFTAs - Film | Special Visual Effects in 2017(Nominated)",7,2,"Oscars - COSTUME DESIGN(Won)
BAFTAs - Film | Production Design in 2017(Won)","Oscars - PRODUCTION DESIGN(Nominated)
BAFTAs - Film | Costume Design in 2017(Nominated)
BAFTAs - Film | Outstanding British Film in 2017(Nominated)
BAFTAs - Film | Sound in 2017(Nominated)
BAFTAs - Film | Special Visual Effects in 2017(Nominated)",811724385.0,"$180,000,000"
The Edge of Seventeen,,94.0,83.0,Golden Globes - Best Performance by an Actress in a Motion Picture - Musical or Comedy(Nominated),1,0,,Golden Globes - Best Performance by an Actress in a Motion Picture - Musical or Comedy(Nominated),19096003.0,"$9,000,000"
Bleed for This,,71.0,70.0,,0,0,,,,"$16,000,000"
Manchester by the Sea,,96.0,78.0,"Oscars - ACTOR IN A LEADING ROLE(Won)
Oscars - ACTOR IN A SUPPORTING ROLE(Nominated)
Oscars - ACTRESS IN A SUPPORTING ROLE(Nominated)
Oscars - DIRECTING(Nominated)
Oscars - BEST PICTURE(Nominated)
Oscars - WRITING (Original Screenplay)(Won)
BAFTAs - Film | Editing in 2017(Nominated)
BAFTAs - Film | Film in 2017(Nominated)
BAFTAs - Film | Original Screenplay in 2017(Won)
Golden Globes - Best Motion Picture - Drama(Nominated)
Golden Globes - Best Performance by an Actor in a Motion Picture - Drama(Won)
Golden Globes - Best Performance by an Actress in a Supporting Role in any Motion Picture(Nominated)
Golden Globes - Best Director - Motion Picture(Nominated)
Golden Globes - Best Screenplay - Motion Picture(Nominated)",14,4,"Oscars - ACTOR IN A LEADING ROLE(Won)
Oscars - WRITING (Original Screenplay)(Won)
BAFTAs - Film | Original Screenplay in 2017(Won)
Golden Globes - Best Performance by an Actor in a Motion Picture - Drama(Won)","Oscars - ACTOR IN A SUPPORTING ROLE(Nominated)
Oscars - ACTRESS IN A SUPPORTING ROLE(Nominated)
Oscars - DIRECTING(Nominated)
Oscars - BEST PICTURE(Nominated)
BAFTAs - Film | Editing in 2017(Nominated)
BAFTAs - Film | Film in 2017(Nominated)
Golden Globes - Best Motion Picture - Drama(Nominated)
Golden Globes - Best Performance by an Actress in a Supporting Role in any Motion Picture(Nominated)
Golden Globes - Best Director - Motion Picture(Nominated)
Golden Globes - Best Screenplay - Motion Picture(Nominated)",77733867.0,"$8,500,000"
Moana,,87.0,65.0,"Oscars - ANIMATED FEATURE FILM(Nominated)
Oscars - MUSIC (Original Song)(Nominated)
BAFTAs - Film | Animated Film in 2017(Nominated)
Golden Globes - Best Motion Picture - Animated(Nominated)
Golden Globes - Best Original Song - Motion Picture(Nominated)",5,0,,"Oscars - ANIMATED FEATURE FILM(Nominated)
Oscars - MUSIC (Original Song)(Nominated)
BAFTAs - Film | Animated Film in 2017(Nominated)
Golden Globes - Best Motion Picture - Animated(Nominated)
Golden Globes - Best Original Song - Motion Picture(Nominated)",684654985.0,"$150,000,000"
Allied,,60.0,64.0,"Oscars - COSTUME DESIGN(Nominated)
BAFTAs - Film | Costume Design in 2017(Nominated)",2,0,,"Oscars - COSTUME DESIGN(Nominated)
BAFTAs - Film | Costume Design in 2017(Nominated)",119266661.0,"$106,000,000"
Bad Santa 2,,23.0,34.0,,0,0,,,23345113.0,"$26,000,000"
La La Land,,91.0,81.0,"Oscars - ACTOR IN A LEADING ROLE(Nominated)
Oscars - ACTRESS IN A LEADING ROLE(Won)
Oscars - CINEMATOGRAPHY(Won)
Oscars - COSTUME DESIGN(Nominated)
Oscars - DIRECTING(Won)
Oscars - FILM EDITING(Nominated)
Oscars - MUSIC (Original Score)(Won)
Oscars - MUSIC (Original Song)(Nominated)
Oscars - MUSIC (Original Song)(Won)
Oscars - BEST PICTURE(Nominated)
Oscars - PRODUCTION DESIGN(Won)
Oscars - SOUND EDITING(Nominated)
Oscars - SOUND MIXING(Nominated)
Oscars - WRITING (Original Screenplay)(Nominated)
BAFTAs - Film | Cinematography in 2017(Won)
BAFTAs - Film | Costume Design in 2017(Nominated)
BAFTAs - Film | Editing in 2017(Nominated)
BAFTAs - Film | Film in 2017(Won)
BAFTAs - Film | Original Music in 2017(Won)
BAFTAs - Film | Original Screenplay in 2017(Nominated)
BAFTAs - Film | Production Design in 2017(Nominated)
BAFTAs - Film | Sound in 2017(Nominated)
Golden Globes - Best Motion Picture - Musical or Comedy(Won)
Golden Globes - Best Performance by an Actress in a Motion Picture - Musical or Comedy(Won)
Golden Globes - Best Performance by an Actor in a Motion Picture - Musical or Comedy(Won)
Golden Globes - Best Director - Motion Picture(Won)
Golden Globes - Best Screenplay - Motion Picture(Won)
Golden Globes - Best Original Score - Motion Picture(Won)
Golden Globes - Best Original Song - Motion Picture(Won)",29,16,"Oscars - ACTRESS IN A LEADING ROLE(Won)
Oscars - CINEMATOGRAPHY(Won)
Oscars - DIRECTING(Won)
Oscars - MUSIC (Original Score)(Won)
Oscars - MUSIC (Original Song)(Won)
Oscars - PRODUCTION DESIGN(Won)
BAFTAs - Film | Cinematography in 2017(Won)
BAFTAs - Film | Film in 2017(Won)
BAFTAs - Film | Original Music in 2017(Won)
Golden Globes - Best Motion Picture - Musical or Comedy(Won)
Golden Globes - Best Performance by an Actress in a Motion Picture - Musical or Comedy(Won)
Golden Globes - Best Performance by an Actor in a Motion Picture - Musical or Comedy(Won)
Golden Globes - Best Director - Motion Picture(Won)
Golden Globes - Best Screenplay - Motion Picture(Won)
Golden Globes - Best Original Score - Motion Picture(Won)
Golden Globes - Best Original Song - Motion Picture(Won)","Oscars - ACTOR IN A LEADING ROLE(Nominated)
Oscars - COSTUME DESIGN(Nominated)
Oscars - FILM EDITING(Nominated)
Oscars - MUSIC (Original Song)(Nominated)
Oscars - BEST PICTURE(Nominated)
Oscars - SOUND EDITING(Nominated)
Oscars - SOUND MIXING(Nominated)
Oscars - WRITING (Original Screenplay)(Nominated)
BAFTAs - Film | Costume Design in 2017(Nominated)
BAFTAs - Film | Editing in 2017(Nominated)
BAFTAs - Film | Original Screenplay in 2017(Nominated)
BAFTAs - Film | Production Design in 2017(Nominated)
BAFTAs - Film | Sound in 2017(Nominated)",504662906.0,"$30,000,000"
Office Christmas Party,,40.0,41.0,,0,0,,,115097874.0,"$45,000,000"
Collateral Beauty,,13.0,64.0,,0,0,,,85309093.0,"$36,000,000"
The Founder,,81.0,82.0,,0,0,,,24235774.0,"$15,000,000"
A Monster Calls,,86.0,81.0,,0,0,,,46414530.0,"$43,000,000"
Why Him?,,39.0,51.0,,0,0,,,117425156.0,"$38,000,000"
Hidden Figures,,93.0,93.0,"Oscars - ACTRESS IN A SUPPORTING ROLE(Nominated)
Oscars - BEST PICTURE(Nominated)
Oscars - WRITING (Adapted Screenplay)(Nominated)
BAFTAs - Film | Adapted Screenplay in 2017(Nominated)
Golden Globes - Best Performance by an Actress in a Supporting Role in any Motion Picture(Nominated)
Golden Globes - Best Original Score - Motion Picture(Nominated)",6,0,,"Oscars - ACTRESS IN A SUPPORTING ROLE(Nominated)
Oscars - BEST PICTURE(Nominated)
Oscars - WRITING (Adapted Screenplay)(Nominated)
BAFTAs - Film | Adapted Screenplay in 2017(Nominated)
Golden Globes - Best Performance by an Actress in a Supporting Role in any Motion Picture(Nominated)
Golden Globes - Best Original Score - Motion Picture(Nominated)",228446841.0,"$25,000,000"
Live by Night,,35.0,42.0,,0,0,,,21774432.0,"$65,000,000"
Paterson,,96.0,72.0,,0,0,,,,"$5,000,000"
Wonder Woman,,85.0,78.0,,0,0,,,817691766.0,"$150,000,000"
Thor: Ragnarok,,93.0,87.0,,0,0,,,850482778.0,"$180,000,000"
Despicable Me 3,,58.0,53.0,,0,0,,,1032809657.0,"$75,000,000"
The Bye Bye Man,,18.0,22.0,,0,0,,,31187727.0,"$7,400,000"
Sleepless,,55.0,51.0,,0,0,,,33296659.0,"$30,000,000"
xXx: Return of Xander Cage,,45.0,37.0,,0,0,,,345033359.0,"$85,000,000"
The Resurrection of Gavin Stone,,54.0,84.0,,0,0,,,,"$2,000,000"
Resident Evil: The Final Chapter,,38.0,47.0,,0,0,,,314101190.0,"$40,000,000"
The Space Between Us,,16.0,55.0,,0,0,,,,"$30,000,000"
Fifty Shades Darker,,11.0,48.0,,0,0,,,381367046.0,"$55,000,000"
Get Out,,98.0,86.0,"Oscars - ACTOR IN A LEADING ROLE(Nominated)
Oscars - DIRECTING(Nominated)
Oscars - BEST PICTURE(Nominated)
Oscars - WRITING (Original Screenplay)(Won)
BAFTAs - Film | Original Screenplay in 2018(Nominated)
Golden Globes - Best Motion Picture - Musical or Comedy(Nominated)
Golden Globes - Best Performance by an Actor in a Motion Picture - Musical or Comedy(Nominated)",7,1,Oscars - WRITING (Original Screenplay)(Won),"Oscars - ACTOR IN A LEADING ROLE(Nominated)
Oscars - DIRECTING(Nominated)
Oscars - BEST PICTURE(Nominated)
BAFTAs - Film | Original Screenplay in 2018(Nominated)
Golden Globes - Best Motion Picture - Musical or Comedy(Nominated)
Golden Globes - Best Performance by an Actor in a Motion Picture - Musical or Comedy(Nominated)",252297405.0,"$5,000,000"
Rock Dog,,46.0,48.0,,0,0,,,24148488.0,"$60,000,000"
The Shack,,21.0,76.0,,0,0,,,96860808.0,"$20,000,000"
Before I Fall,,64.0,57.0,,0,0,,,18945682.0,"$5,000,000"
Table 19,,26.0,41.0,,0,0,,,,"$5,000,000"
Kong: Skull Island,,75.0,70.0,Oscars - VISUAL EFFECTS(Nominated),1,0,,Oscars - VISUAL EFFECTS(Nominated),568652812.0,"$185,000,000"
The Belko Experiment,,54.0,40.0,,0,0,,,,"$5,000,000"
Wilson,,89.0,41.0,"Oscars - ACTOR(Nominated)
Oscars - ART DIRECTION (Color)(Won)
Oscars - CINEMATOGRAPHY (Color)(Won)
Oscars - DIRECTING(Nominated)
Oscars - FILM EDITING(Won)
Oscars - MUSIC (Music Score of a Dramatic or Comedy Picture)(Nominated)
Oscars - BEST MOTION PICTURE(Nominated)
Oscars - SOUND RECORDING(Won)
Oscars - SPECIAL EFFECTS(Nominated)
Oscars - WRITING (Original Screenplay)(Won)
Golden Globes - Actor In A Leading Role(Won)",11,6,"Oscars - ART DIRECTION (Color)(Won)
Oscars - CINEMATOGRAPHY (Color)(Won)
Oscars - FILM EDITING(Won)
Oscars - SOUND RECORDING(Won)
Oscars - WRITING (Original Screenplay)(Won)
Golden Globes - Actor In A Leading Role(Won)","Oscars - ACTOR(Nominated)
Oscars - DIRECTING(Nominated)
Oscars - MUSIC (Music Score of a Dramatic or Comedy Picture)(Nominated)
Oscars - BEST MOTION PICTURE(Nominated)
Oscars - SPECIAL EFFECTS(Nominated)",,"$5,200,000"
Ghost in the Shell,,95.0,89.0,,0,0,,,167910690.0,"$110,000,000"
The Boss Baby,,53.0,51.0,Oscars - ANIMATED FEATURE FILM(Nominated),1,0,,Oscars - ANIMATED FEATURE FILM(Nominated),527909949.0,"$125,000,000"
The Case for Christ,,61.0,78.0,,0,0,,,17966760.0,"$3,000,000"
Smurfs: The Lost Village,,40.0,55.0,,0,0,,,197578586.0,"$60,000,000"
The Fate of the Furious,,67.0,72.0,,0,0,,,1235534014.0,"$250,000,000"
The Lost City of Z,,86.0,58.0,,0,0,,,19358084.0,"$30,000,000"
How to Be a Latin Lover,,39.0,61.0,,0,0,,,62556228.0,"$10,000,000"
The Lovers,,91.0,80.0,,0,0,,,,"$35,000,000"
King Arthur: Legend of the Sword,,31.0,69.0,,0,0,,,139630336.0,"$175,000,000"
Alien: Covenant,,65.0,55.0,,0,0,,,238521247.0,"$97,000,000"
Diary of a Wimpy Kid: The Long Haul,,19.0,30.0,,0,0,,,35609577.0,"$22,000,000"
"Everything, Everything",,44.0,61.0,,0,0,,,61603136.0,"$10,000,000"
Pirates of the Caribbean: Dead Men Tell No Tales,,30.0,60.0,,0,0,,,,"$230,000,000"
Captain Underpants: The First Epic Movie,,87.0,62.0,,0,0,,,126422949.0,"$38,000,000"
It Comes at Night,,88.0,44.0,,0,0,,,19720203.0,"$5,000,000"
Cars 3,,69.0,68.0,,0,0,,,383541369.0,"$175,000,000"
Rough Night,,45.0,29.0,,0,0,,,46844357.0,"$20,000,000"
47 Meters Down,,53.0,35.0,,0,0,,,62633705.0,"$5,300,000"
The Book of Henry,,22.0,63.0,,0,0,,,,"$10,000,000"
Transformers: The Last Knight,,16.0,43.0,,0,0,,,602893340.0,"$217,000,000"
The Big Sick,,98.0,88.0,Oscars - WRITING (Original Screenplay)(Nominated),1,0,,Oscars - WRITING (Original Screenplay)(Nominated),56868677.0,"$5,000,000"
Baby Driver,,92.0,86.0,"Oscars - FILM EDITING(Nominated)
Oscars - SOUND EDITING(Nominated)
Oscars - SOUND MIXING(Nominated)
BAFTAs - Film | Editing in 2018(Won)
BAFTAs - Film | Sound in 2018(Nominated)
Golden Globes - Best Performance by an Actor in a Motion Picture - Musical or Comedy(Nominated)",6,1,BAFTAs - Film | Editing in 2018(Won),"Oscars - FILM EDITING(Nominated)
Oscars - SOUND EDITING(Nominated)
Oscars - SOUND MIXING(Nominated)
BAFTAs - Film | Sound in 2018(Nominated)
Golden Globes - Best Performance by an Actor in a Motion Picture - Musical or Comedy(Nominated)",226977991.0,"$34,000,000"
War for the Planet of the Apes,,94.0,84.0,"Oscars - VISUAL EFFECTS(Nominated)
BAFTAs - Film | Special Visual Effects in 2018(Nominated)",2,0,,"Oscars - VISUAL EFFECTS(Nominated)
BAFTAs - Film | Special Visual Effects in 2018(Nominated)",489592267.0,"$152,000,000"
Wish Upon,,20.0,31.0,,0,0,,,23477345.0,"$12,000,000"
Dunkirk,,60.0,73.0,"Oscars - CINEMATOGRAPHY(Nominated)
Oscars - DIRECTING(Nominated)
Oscars - FILM EDITING(Won)
Oscars - MUSIC (Original Score)(Nominated)
Oscars - BEST PICTURE(Nominated)
Oscars - PRODUCTION DESIGN(Nominated)
Oscars - SOUND EDITING(Won)
Oscars - SOUND MIXING(Won)
BAFTAs - Film | Best Film in 2018(Nominated)
BAFTAs - Film | Cinematography in 2018(Nominated)
BAFTAs - Film | Director in 2018(Nominated)
BAFTAs - Film | Editing in 2018(Nominated)
BAFTAs - Film | Original Music in 2018(Nominated)
BAFTAs - Film | Production Design in 2018(Nominated)
BAFTAs - Film | Sound in 2018(Won)
BAFTAs - Film | Special Visual Effects in 2018(Nominated)
Golden Globes - Best Motion Picture - Drama(Nominated)
Golden Globes - Best Director - Motion Picture(Nominated)
Golden Globes - Best Original Score - Motion Picture(Nominated)",19,4,"Oscars - FILM EDITING(Won)
Oscars - SOUND EDITING(Won)
Oscars - SOUND MIXING(Won)
BAFTAs - Film | Sound in 2018(Won)","Oscars - CINEMATOGRAPHY(Nominated)
Oscars - DIRECTING(Nominated)
Oscars - MUSIC (Original Score)(Nominated)
Oscars - BEST PICTURE(Nominated)
Oscars - PRODUCTION DESIGN(Nominated)
BAFTAs - Film | Best Film in 2018(Nominated)
BAFTAs - Film | Cinematography in 2018(Nominated)
BAFTAs - Film | Director in 2018(Nominated)
BAFTAs - Film | Editing in 2018(Nominated)
BAFTAs - Film | Original Music in 2018(Nominated)
BAFTAs - Film | Production Design in 2018(Nominated)
BAFTAs - Film | Special Visual Effects in 2018(Nominated)
Golden Globes - Best Motion Picture - Drama(Nominated)
Golden Globes - Best Director - Motion Picture(Nominated)
Golden Globes - Best Original Score - Motion Picture(Nominated)",509736928.0,"$150,000,000"
Girls Trip,,91.0,78.0,,0,0,,,140886353.0,"$28,000,000"
The Emoji Movie,,6.0,36.0,,0,0,,,216564839.0,"$50,000,000"
Annabelle: Creation,,70.0,68.0,,0,0,,,305384865.0,"$15,000,000"
The Nut Job 2: Nutty by Nature,,15.0,44.0,,0,0,,,72029658.0,"$40,000,000"
Logan Lucky,,92.0,76.0,,0,0,,,49046121.0,"$29,000,000"
All Saints,,95.0,73.0,,0,0,,,,"$2,000,000"
Birth of the Dragon,,25.0,67.0,,0,0,,,,"$31,000,000"
Tulip Fever,,10.0,43.0,,0,0,,,,"$25,000,000"
Kingsman: The Golden Circle,,50.0,64.0,,0,0,,,408803696.0,"$104,000,000"
Battle of the Sexes,,84.0,71.0,"Golden Globes - Best Performance by an Actress in a Motion Picture - Musical or Comedy(Nominated)
Golden Globes - Best Performance by an Actor in a Motion Picture - Musical or Comedy(Nominated)",2,0,,"Golden Globes - Best Performance by an Actress in a Motion Picture - Musical or Comedy(Nominated)
Golden Globes - Best Performance by an Actor in a Motion Picture - Musical or Comedy(Nominated)",18445379.0,"$25,000,000"
Blade Runner 2049,,88.0,88.0,"Oscars - CINEMATOGRAPHY(Won)
Oscars - PRODUCTION DESIGN(Nominated)
Oscars - SOUND EDITING(Nominated)
Oscars - SOUND MIXING(Nominated)
Oscars - VISUAL EFFECTS(Won)
BAFTAs - Film | Cinematography in 2018(Won)
BAFTAs - Film | Director in 2018(Nominated)
BAFTAs - Film | Editing in 2018(Nominated)
BAFTAs - Film | Make Up and Hair in 2018(Nominated)
BAFTAs - Film | Original Music in 2018(Nominated)
BAFTAs - Film | Production Design in 2018(Nominated)
BAFTAs - Film | Sound in 2018(Nominated)
BAFTAs - Film | Special Visual Effects in 2018(Won)",13,4,"Oscars - CINEMATOGRAPHY(Won)
Oscars - VISUAL EFFECTS(Won)
BAFTAs - Film | Cinematography in 2018(Won)
BAFTAs - Film | Special Visual Effects in 2018(Won)","Oscars - PRODUCTION DESIGN(Nominated)
Oscars - SOUND EDITING(Nominated)
Oscars - SOUND MIXING(Nominated)
BAFTAs - Film | Director in 2018(Nominated)
BAFTAs - Film | Editing in 2018(Nominated)
BAFTAs - Film | Make Up and Hair in 2018(Nominated)
BAFTAs - Film | Original Music in 2018(Nominated)
BAFTAs - Film | Production Design in 2018(Nominated)
BAFTAs - Film | Sound in 2018(Nominated)",258157449.0,"$185,000,000"
The Florida Project,,96.0,81.0,Oscars - ACTOR IN A SUPPORTING ROLE(Nominated),1,0,,Oscars - ACTOR IN A SUPPORTING ROLE(Nominated),,"$2,000,000"
Brawl in Cell Block 99,,90.0,74.0,,0,0,,,,"$4,000,000"
Happy Death Day,,70.0,67.0,,0,0,,,125010260.0,"$5,000,000"
Marshall,,80.0,84.0,Oscars - MUSIC (Original Song)(Nominated),1,0,,Oscars - MUSIC (Original Song)(Nominated),,"$12,000,000"
Geostorm,,18.0,35.0,,0,0,,,220796009.0,"$100,000,000"
The Snowman,,80.0,91.0,Oscars - SHORT FILM (Animated)(Nominated),1,0,,Oscars - SHORT FILM (Animated)(Nominated),43033661.0,"$35,000,000"
Same Kind of Different as Me,,40.0,84.0,,0,0,,,,"$6,500,000"
Suburbicon,,28.0,26.0,,0,0,,,,"$25,000,000"
A Bad Moms Christmas,,32.0,43.0,,0,0,,,127710550.0,"$28,000,000"
Lady Bird,,99.0,79.0,"Oscars - ACTRESS IN A LEADING ROLE(Nominated)
Oscars - ACTRESS IN A SUPPORTING ROLE(Nominated)
Oscars - DIRECTING(Nominated)
Oscars - BEST PICTURE(Nominated)
Oscars - WRITING (Original Screenplay)(Nominated)
BAFTAs - Film | Original Screenplay in 2018(Nominated)
Golden Globes - Best Motion Picture - Musical or Comedy(Won)
Golden Globes - Best Performance by an Actress in a Motion Picture - Musical or Comedy(Won)
Golden Globes - Best Performance by an Actress in a Supporting Role in any Motion Picture(Nominated)
Golden Globes - Best Screenplay - Motion Picture(Nominated)",10,2,"Golden Globes - Best Motion Picture - Musical or Comedy(Won)
Golden Globes - Best Performance by an Actress in a Motion Picture - Musical or Comedy(Won)","Oscars - ACTRESS IN A LEADING ROLE(Nominated)
Oscars - ACTRESS IN A SUPPORTING ROLE(Nominated)
Oscars - DIRECTING(Nominated)
Oscars - BEST PICTURE(Nominated)
Oscars - WRITING (Original Screenplay)(Nominated)
BAFTAs - Film | Original Screenplay in 2018(Nominated)
Golden Globes - Best Performance by an Actress in a Supporting Role in any Motion Picture(Nominated)
Golden Globes - Best Screenplay - Motion Picture(Nominated)",80120944.0,"$10,000,000"
LBJ,,56.0,54.0,,0,0,,,,"$20,000,000"
"Three Billboards Outside Ebbing, Missouri",,90.0,87.0,"BAFTAs - Film | Best Film in 2018(Won)
BAFTAs - Film | Cinematography in 2018(Nominated)
BAFTAs - Film | Director in 2018(Nominated)
BAFTAs - Film | Editing in 2018(Nominated)
BAFTAs - Film | Original Screenplay in 2018(Won)
BAFTAs - Film | Outstanding British Film in 2018(Won)
Golden Globes - Best Motion Picture - Drama(Won)
Golden Globes - Best Performance by an Actress in a Motion Picture - Drama(Won)
Golden Globes - Best Performance by an Actor in a Supporting Role in any Motion Picture(Won)
Golden Globes - Best Director - Motion Picture(Nominated)
Golden Globes - Best Screenplay - Motion Picture(Won)
Golden Globes - Best Original Score - Motion Picture(Nominated)",12,7,"BAFTAs - Film | Best Film in 2018(Won)
BAFTAs - Film | Original Screenplay in 2018(Won)
BAFTAs - Film | Outstanding British Film in 2018(Won)
Golden Globes - Best Motion Picture - Drama(Won)
Golden Globes - Best Performance by an Actress in a Motion Picture - Drama(Won)
Golden Globes - Best Performance by an Actor in a Supporting Role in any Motion Picture(Won)
Golden Globes - Best Screenplay - Motion Picture(Won)","BAFTAs - Film | Cinematography in 2018(Nominated)
BAFTAs - Film | Director in 2018(Nominated)
BAFTAs - Film | Editing in 2018(Nominated)
Golden Globes - Best Director - Motion Picture(Nominated)
Golden Globes - Best Original Score - Motion Picture(Nominated)",,"$12,000,000"
The Star,,25.0,59.0,"Oscars - ACTRESS(Nominated)
Golden Globes - Best Original Song - Motion Picture(Nominated)",2,0,,"Oscars - ACTRESS(Nominated)
Golden Globes - Best Original Song - Motion Picture(Nominated)",62592138.0,"$20,000,000"
Wonder,,86.0,88.0,"Oscars - MAKEUP AND HAIRSTYLING(Nominated)
BAFTAs - Film | Make Up and Hair in 2018(Nominated)",2,0,,"Oscars - MAKEUP AND HAIRSTYLING(Nominated)
BAFTAs - Film | Make Up and Hair in 2018(Nominated)",310179620.0,"$20,000,000"
"Roman J. Israel, Esq.",,55.0,57.0,"Oscars - ACTOR IN A LEADING ROLE(Nominated)
Golden Globes - Best Performance by an Actor in a Motion Picture - Drama(Nominated)",2,0,,"Oscars - ACTOR IN A LEADING ROLE(Nominated)
Golden Globes - Best Performance by an Actor in a Motion Picture - Drama(Nominated)",,"$22,000,000"
Call Me by Your Name,,94.0,86.0,"Oscars - ACTOR IN A LEADING ROLE(Nominated)
Oscars - MUSIC (Original Song)(Nominated)
Oscars - BEST PICTURE(Nominated)
Oscars - WRITING (Adapted Screenplay)(Won)
BAFTAs - Film | Adapted Screenplay in 2018(Won)
BAFTAs - Film | Best Film in 2018(Nominated)
BAFTAs - Film | Director in 2018(Nominated)",7,2,"Oscars - WRITING (Adapted Screenplay)(Won)
BAFTAs - Film | Adapted Screenplay in 2018(Won)","Oscars - ACTOR IN A LEADING ROLE(Nominated)
Oscars - MUSIC (Original Song)(Nominated)
Oscars - BEST PICTURE(Nominated)
BAFTAs - Film | Best Film in 2018(Nominated)
BAFTAs - Film | Director in 2018(Nominated)",41512383.0,"$3,500,000"
The Disaster Artist,,91.0,85.0,Oscars - WRITING (Adapted Screenplay)(Nominated),1,0,,Oscars - WRITING (Adapted Screenplay)(Nominated),28717667.0,"$10,000,000"
"I, Tonya",,90.0,88.0,"Oscars - ACTRESS IN A LEADING ROLE(Nominated)
Oscars - ACTRESS IN A SUPPORTING ROLE(Won)
Oscars - FILM EDITING(Nominated)
BAFTAs - Film | Costume Design in 2018(Nominated)
BAFTAs - Film | Make Up and Hair in 2018(Nominated)
BAFTAs - Film | Original Screenplay in 2018(Nominated)
Golden Globes - Best Motion Picture - Musical or Comedy(Nominated)
Golden Globes - Best Performance by an Actress in a Motion Picture - Musical or Comedy(Nominated)
Golden Globes - Best Performance by an Actress in a Supporting Role in any Motion Picture(Won)",9,2,"Oscars - ACTRESS IN A SUPPORTING ROLE(Won)
Golden Globes - Best Performance by an Actress in a Supporting Role in any Motion Picture(Won)","Oscars - ACTRESS IN A LEADING ROLE(Nominated)
Oscars - FILM EDITING(Nominated)
BAFTAs - Film | Costume Design in 2018(Nominated)
BAFTAs - Film | Make Up and Hair in 2018(Nominated)
BAFTAs - Film | Original Screenplay in 2018(Nominated)
Golden Globes - Best Motion Picture - Musical or Comedy(Nominated)
Golden Globes - Best Performance by an Actress in a Motion Picture - Musical or Comedy(Nominated)",53797409.0,"$11,000,000"
Just Getting Started,,4.0,12.0,,0,0,,,,"$22,000,000"
Ferdinand,,71.0,52.0,"Oscars - ANIMATED FEATURE FILM(Nominated)
Golden Globes - Best Motion Picture - Animated(Nominated)
Golden Globes - Best Original Song - Motion Picture(Nominated)",3,0,,"Oscars - ANIMATED FEATURE FILM(Nominated)
Golden Globes - Best Motion Picture - Animated(Nominated)
Golden Globes - Best Original Song - Motion Picture(Nominated)",307491645.0,"$111,000,000"
Beyond Skyline,,67.0,38.0,,0,0,,,,"$20,000,000"
The Greatest Showman,,57.0,86.0,"Oscars - MUSIC (Original Song)(Nominated)
Golden Globes - Best Motion Picture - Musical or Comedy(Nominated)
Golden Globes - Best Performance by an Actor in a Motion Picture - Musical or Comedy(Nominated)
Golden Globes - Best Original Song - Motion Picture(Won)",4,1,Golden Globes - Best Original Song - Motion Picture(Won),"Oscars - MUSIC (Original Song)(Nominated)
Golden Globes - Best Motion Picture - Musical or Comedy(Nominated)
Golden Globes - Best Performance by an Actor in a Motion Picture - Musical or Comedy(Nominated)",428796000.0,"$84,000,000"
Pitch Perfect 3,,28.0,43.0,,0,0,,,185736412.0,"$45,000,000"
Downsizing,,47.0,25.0,Golden Globes - Best Performance by an Actress in a Supporting Role in any Motion Picture(Nominated),1,0,,Golden Globes - Best Performance by an Actress in a Supporting Role in any Motion Picture(Nominated),54462971.0,"$68,000,000"
The Post,,88.0,74.0,"Oscars - ACTRESS IN A LEADING ROLE(Nominated)
Oscars - BEST PICTURE(Nominated)
Golden Globes - Best Motion Picture - Drama(Nominated)
Golden Globes - Best Performance by an Actress in a Motion Picture - Drama(Nominated)
Golden Globes - Best Performance by an Actor in a Motion Picture - Drama(Nominated)
Golden Globes - Best Director - Motion Picture(Nominated)
Golden Globes - Best Screenplay - Motion Picture(Nominated)
Golden Globes - Best Original Score - Motion Picture(Nominated)",8,0,,"Oscars - ACTRESS IN A LEADING ROLE(Nominated)
Oscars - BEST PICTURE(Nominated)
Golden Globes - Best Motion Picture - Drama(Nominated)
Golden Globes - Best Performance by an Actress in a Motion Picture - Drama(Nominated)
Golden Globes - Best Performance by an Actor in a Motion Picture - Drama(Nominated)
Golden Globes - Best Director - Motion Picture(Nominated)
Golden Globes - Best Screenplay - Motion Picture(Nominated)
Golden Globes - Best Original Score - Motion Picture(Nominated)",179769457.0,"$50,000,000"
Bright,,26.0,83.0,,0,0,,,,"$90,000,000"
Hostiles,,70.0,76.0,,0,0,,,36976336.0,"$50,000,000"
All the Money in the World,,79.0,66.0,Oscars - ACTOR IN A SUPPORTING ROLE(Nominated),1,0,,Oscars - ACTOR IN A SUPPORTING ROLE(Nominated),56890649.0,"$50,000,000"
Phantom Thread,,91.0,70.0,"Oscars - ACTOR IN A LEADING ROLE(Nominated)
Oscars - ACTRESS IN A SUPPORTING ROLE(Nominated)
Oscars - COSTUME DESIGN(Won)
Oscars - DIRECTING(Nominated)
Oscars - MUSIC (Original Score)(Nominated)
Oscars - BEST PICTURE(Nominated)
BAFTAs - Film | Costume Design in 2018(Won)
BAFTAs - Film | Original Music in 2018(Nominated)
Golden Globes - Best Performance by an Actor in a Motion Picture - Drama(Nominated)
Golden Globes - Best Original Score - Motion Picture(Nominated)",10,2,"Oscars - COSTUME DESIGN(Won)
BAFTAs - Film | Costume Design in 2018(Won)","Oscars - ACTOR IN A LEADING ROLE(Nominated)
Oscars - ACTRESS IN A SUPPORTING ROLE(Nominated)
Oscars - DIRECTING(Nominated)
Oscars - MUSIC (Original Score)(Nominated)
Oscars - BEST PICTURE(Nominated)
BAFTAs - Film | Original Music in 2018(Nominated)
Golden Globes - Best Performance by an Actor in a Motion Picture - Drama(Nominated)
Golden Globes - Best Original Score - Motion Picture(Nominated)",47454408.0,"$35,000,000"
Avengers: Infinity War,,85.0,92.0,"Oscars - VISUAL EFFECTS(Nominated)
BAFTAs - Film | Special Visual Effects in 2019(Nominated)",2,0,,"Oscars - VISUAL EFFECTS(Nominated)
BAFTAs - Film | Special Visual Effects in 2019(Nominated)",2048359754.0,"$300,000,000"
Incredibles 2,,93.0,84.0,"Oscars - ANIMATED FEATURE FILM(Nominated)
BAFTAs - Film | Animated Film in 2019(Nominated)
Golden Globes - Best Motion Picture - Animated(Nominated)",3,0,,"Oscars - ANIMATED FEATURE FILM(Nominated)
BAFTAs - Film | Animated Film in 2019(Nominated)
Golden Globes - Best Motion Picture - Animated(Nominated)",1242805359.0,"$200,000,000"
Jurassic World: Fallen Kingdom,,46.0,48.0,,0,0,,,1308323302.0,"$170,000,000"
Aquaman,,65.0,72.0,,0,0,,,1131849702.0,"$160,000,000"
Deadpool 2,,84.0,85.0,,0,0,,,786362370.0,"$110,000,000"
Bohemian Rhapsody,,60.0,85.0,"Oscars - ACTOR IN A LEADING ROLE(Won)
Oscars - FILM EDITING(Won)
Oscars - BEST PICTURE(Nominated)
Oscars - SOUND EDITING(Won)
Oscars - SOUND MIXING(Won)
BAFTAs - Film | Cinematography in 2019(Nominated)
BAFTAs - Film | Costume Design in 2019(Nominated)
BAFTAs - Film | Editing in 2019(Nominated)
BAFTAs - Film | Make Up and Hair in 2019(Nominated)
BAFTAs - Film | Outstanding British Film in 2019(Nominated)
BAFTAs - Film | Sound in 2019(Won)
Golden Globes - Best Motion Picture - Drama(Won)
Golden Globes - Best Performance by an Actor in a Motion Picture - Drama(Won)",13,7,"Oscars - ACTOR IN A LEADING ROLE(Won)
Oscars - FILM EDITING(Won)
Oscars - SOUND EDITING(Won)
Oscars - SOUND MIXING(Won)
BAFTAs - Film | Sound in 2019(Won)
Golden Globes - Best Motion Picture - Drama(Won)
Golden Globes - Best Performance by an Actor in a Motion Picture - Drama(Won)","Oscars - BEST PICTURE(Nominated)
BAFTAs - Film | Cinematography in 2019(Nominated)
BAFTAs - Film | Costume Design in 2019(Nominated)
BAFTAs - Film | Editing in 2019(Nominated)
BAFTAs - Film | Make Up and Hair in 2019(Nominated)
BAFTAs - Film | Outstanding British Film in 2019(Nominated)",879088897.0,"$55,000,000"
Insidious: The Last Key,,33.0,49.0,,0,0,,,172811971.0,"$10,000,000"
The Commuter,,55.0,40.0,,0,0,,,118509836.0,"$40,000,000"
Proud Mary,,25.0,45.0,,0,0,,,21709539.0,"$30,000,000"
12 Strong,,50.0,62.0,,0,0,,,71118378.0,"$35,000,000"
Den of Thieves,,41.0,62.0,,0,0,,,80147166.0,"$30,000,000"
Forever My Girl,,24.0,79.0,,0,0,,,,"$3,500,000"
Maze Runner: The Death Cure,,42.0,58.0,,0,0,,,265878536.0,"$61,000,000"
Winchester,,13.0,32.0,,0,0,,,45960255.0,"$3,500,000"
Peter Rabbit,,64.0,56.0,,0,0,,,358117307.0,"$50,000,000"
Fifty Shades Freed,,11.0,38.0,,0,0,,,371985018.0,"$55,000,000"
The 15:17 to Paris,,23.0,37.0,,0,0,,,56096200.0,"$30,000,000"
Game Night,,85.0,78.0,,0,0,,,117378084.0,"$37,000,000"
Annihilation,,88.0,67.0,,0,0,,,43070915.0,"$55,000,000"
Red Sparrow,,45.0,51.0,,0,0,,,145951861.0,"$69,000,000"
The Strangers: Prey at Night,,40.0,36.0,,0,0,,,32144262.0,"$5,000,000"
The Hurricane Heist,,47.0,23.0,,0,0,,,33222314.0,"$40,000,000"
"Love, Simon",,92.0,87.0,,0,0,,,65520633.0,"$10,000,000"
Sherlock Gnomes,,27.0,36.0,,0,0,,,97459106.0,"$59,000,000"
Unsane,,80.0,59.0,,0,0,,,,"$1,500,000"
"Paul, Apostle of Christ",,48.0,83.0,,0,0,,,26078500.0,"$5,000,000"
Ready Player One,,72.0,77.0,"Oscars - VISUAL EFFECTS(Nominated)
BAFTAs - Film | Special Visual Effects in 2019(Nominated)",2,0,,"Oscars - VISUAL EFFECTS(Nominated)
BAFTAs - Film | Special Visual Effects in 2019(Nominated)",579055653.0,"$150,000,000"
Acrimony,,18.0,60.0,,0,0,,,46627836.0,"$20,000,000"
A Quiet Place,,96.0,83.0,"Oscars - SOUND EDITING(Nominated)
BAFTAs - Film | Sound in 2019(Nominated)",2,0,,"Oscars - SOUND EDITING(Nominated)
BAFTAs - Film | Sound in 2019(Nominated)",334876670.0,"$17,000,000"
Blockers,,84.0,51.0,,0,0,,,94523781.0,"$21,000,000"
Sgt. Stubby: An American Hero,,89.0,92.0,,0,0,,,,"$25,000,000"
I Feel Pretty,,35.0,35.0,,0,0,,,91444095.0,"$32,000,000"
Super Troopers 2,,35.0,64.0,,0,0,,,31966740.0,"$13,500,000"
Book Club,,55.0,51.0,,0,0,,,105953632.0,"$10,000,000"
First Reformed,,94.0,69.0,Oscars - WRITING (Original Screenplay)(Nominated),1,0,,Oscars - WRITING (Original Screenplay)(Nominated),,"$3,500,000"
Show Dogs,,16.0,27.0,,0,0,,,40014998.0,"$5,500,000"
Solo: A Star Wars Story,,69.0,63.0,Oscars - VISUAL EFFECTS(Nominated),1,0,,Oscars - VISUAL EFFECTS(Nominated),393151347.0,"$330,400,000"
Action Point,,16.0,27.0,,0,0,,,,"$19,000,000"
Adrift,,70.0,65.0,,0,0,,,57897191.0,"$35,000,000"
Hereditary,,90.0,71.0,,0,0,,,80942650.0,"$10,000,000"
Hotel Artemis,,57.0,35.0,,0,0,,,,"$15,000,000"
Sicario: Day of the Soldado,,62.0,65.0,,0,0,,,76346094.0,"$35,000,000"
Uncle Drew,,61.0,48.0,,0,0,,,46594261.0,"$18,000,000"
Woman Walks Ahead,,59.0,61.0,,0,0,,,,"$12,000,000"
The First Purge,,56.0,27.0,,0,0,,,137054597.0,"$13,000,000"
Sorry to Bother You,,93.0,70.0,,0,0,,,18285560.0,"$3,200,000"
Hotel Transylvania 3: Summer Vacation,,62.0,49.0,,0,0,,,527361714.0,"$65,000,000"
Eighth Grade,,99.0,82.0,Golden Globes - Best Performance by an Actress in a Motion Picture - Musical or Comedy(Nominated),1,0,,Golden Globes - Best Performance by an Actress in a Motion Picture - Musical or Comedy(Nominated),,"$2,000,000"
The Equalizer 2,,52.0,61.0,,0,0,,,190376181.0,"$77,000,000"
Christopher Robin,,72.0,83.0,Oscars - VISUAL EFFECTS(Nominated),1,0,,Oscars - VISUAL EFFECTS(Nominated),197744377.0,"$75,000,000"
The Darkest Minds,,15.0,71.0,,0,0,,,38361428.0,"$34,000,000"
The Spy Who Dumped Me,,49.0,58.0,,0,0,,,78998245.0,"$40,000,000"
Dog Days,,49.0,69.0,,0,0,,,,"$10,000,000"
The Meg,,47.0,44.0,,0,0,,,527267828.0,"$178,000,000"
BlacKkKlansman,,96.0,83.0,"Oscars - ACTOR IN A SUPPORTING ROLE(Nominated)
Oscars - DIRECTING(Nominated)
Oscars - FILM EDITING(Nominated)
Oscars - MUSIC (Original Score)(Nominated)
Oscars - BEST PICTURE(Nominated)
Oscars - WRITING (Adapted Screenplay)(Won)
BAFTAs - Film | Adapted Screenplay in 2019(Won)
BAFTAs - Film | Best Film in 2019(Nominated)
BAFTAs - Film | Director in 2019(Nominated)
BAFTAs - Film | Original Music in 2019(Nominated)
Golden Globes - Best Motion Picture - Drama(Nominated)
Golden Globes - Best Performance by an Actor in a Motion Picture - Drama(Nominated)
Golden Globes - Best Performance by an Actor in a Supporting Role in any Motion Picture(Nominated)
Golden Globes - Best Director - Motion Picture(Nominated)",14,2,"Oscars - WRITING (Adapted Screenplay)(Won)
BAFTAs - Film | Adapted Screenplay in 2019(Won)","Oscars - ACTOR IN A SUPPORTING ROLE(Nominated)
Oscars - DIRECTING(Nominated)
Oscars - FILM EDITING(Nominated)
Oscars - MUSIC (Original Score)(Nominated)
Oscars - BEST PICTURE(Nominated)
BAFTAs - Film | Best Film in 2019(Nominated)
BAFTAs - Film | Director in 2019(Nominated)
BAFTAs - Film | Original Music in 2019(Nominated)
Golden Globes - Best Motion Picture - Drama(Nominated)
Golden Globes - Best Performance by an Actor in a Motion Picture - Drama(Nominated)
Golden Globes - Best Performance by an Actor in a Supporting Role in any Motion Picture(Nominated)
Golden Globes - Best Director - Motion Picture(Nominated)",93411426.0,"$15,000,000"
Slender Man,,8.0,16.0,,0,0,,,51945949.0,"$10,000,000"
Crazy Rich Asians,,91.0,76.0,"Golden Globes - Best Motion Picture - Musical or Comedy(Nominated)
Golden Globes - Best Performance by an Actress in a Motion Picture - Musical or Comedy(Nominated)",2,0,,"Golden Globes - Best Motion Picture - Musical or Comedy(Nominated)
Golden Globes - Best Performance by an Actress in a Motion Picture - Musical or Comedy(Nominated)",237814149.0,"$30,000,000"
Mile 22,,23.0,44.0,,0,0,,,66295121.0,"$35,000,000"
"Juliet, Naked",,82.0,74.0,,0,0,,,,"$6,000,000"
Down a Dark Hall,,48.0,20.0,,0,0,,,,"$4,000,000"
The Happytime Murders,,23.0,40.0,,0,0,,,27506412.0,"$40,000,000"
Operation Finale,,61.0,67.0,,0,0,,,,"$20,000,000"
The Nun,,86.0,80.0,,0,0,,,362900037.0,"$22,000,000"
The Predator,,34.0,32.0,,0,0,,,159487563.0,"$88,000,000"
White Boy Rick,,57.0,50.0,,0,0,,,25947983.0,"$30,000,000"
A Simple Favor,,84.0,73.0,,0,0,,,97628717.0,"$20,000,000"
Unbroken: Path to Redemption,,38.0,73.0,,0,0,,,,"$6,000,000"
Life Itself,,98.0,88.0,,0,0,,,,"$10,000,000"
The Sisters Brothers,,87.0,69.0,,0,0,,,,"$38,000,000"
Assassination Nation,,74.0,55.0,,0,0,,,,"$7,000,000"
Fahrenheit 11/9,,82.0,60.0,,0,0,,,,"$5,000,000"
Smallfoot,,76.0,62.0,,0,0,,,214244195.0,"$80,000,000"
Hell Fest,,39.0,41.0,,0,0,,,18294883.0,"$5,500,000"
First Man,,87.0,68.0,"Oscars - PRODUCTION DESIGN(Nominated)
Oscars - SOUND EDITING(Nominated)
Oscars - SOUND MIXING(Nominated)
Oscars - VISUAL EFFECTS(Won)
BAFTAs - Film | Adapted Screenplay in 2019(Nominated)
BAFTAs - Film | Cinematography in 2019(Nominated)
BAFTAs - Film | Editing in 2019(Nominated)
BAFTAs - Film | Production Design in 2019(Nominated)
BAFTAs - Film | Sound in 2019(Nominated)
BAFTAs - Film | Special Visual Effects in 2019(Nominated)
Golden Globes - Best Performance by an Actress in a Supporting Role in any Motion Picture(Nominated)
Golden Globes - Best Original Score - Motion Picture(Won)",12,2,"Oscars - VISUAL EFFECTS(Won)
Golden Globes - Best Original Score - Motion Picture(Won)","Oscars - PRODUCTION DESIGN(Nominated)
Oscars - SOUND EDITING(Nominated)
Oscars - SOUND MIXING(Nominated)
BAFTAs - Film | Adapted Screenplay in 2019(Nominated)
BAFTAs - Film | Cinematography in 2019(Nominated)
BAFTAs - Film | Editing in 2019(Nominated)
BAFTAs - Film | Production Design in 2019(Nominated)
BAFTAs - Film | Sound in 2019(Nominated)
BAFTAs - Film | Special Visual Effects in 2019(Nominated)
Golden Globes - Best Performance by an Actress in a Supporting Role in any Motion Picture(Nominated)",105523737.0,"$60,000,000"
Bad Times at the El Royale,,75.0,75.0,,0,0,,,31178942.0,"$32,000,000"
Goosebumps 2: Haunted Halloween,,48.0,37.0,,0,0,,,93006429.0,"$35,000,000"
The Hate U Give,,97.0,81.0,,0,0,,,35067665.0,"$23,000,000"
Can You Ever Forgive Me?,,98.0,81.0,"Oscars - ACTOR IN A SUPPORTING ROLE(Nominated)
Oscars - ACTRESS IN A LEADING ROLE(Nominated)
Oscars - WRITING (Adapted Screenplay)(Nominated)
BAFTAs - Film | Adapted Screenplay in 2019(Nominated)
Golden Globes - Best Performance by an Actress in a Motion Picture - Drama(Nominated)
Golden Globes - Best Performance by an Actor in a Supporting Role in any Motion Picture(Nominated)",6,0,,"Oscars - ACTOR IN A SUPPORTING ROLE(Nominated)
Oscars - ACTRESS IN A LEADING ROLE(Nominated)
Oscars - WRITING (Adapted Screenplay)(Nominated)
BAFTAs - Film | Adapted Screenplay in 2019(Nominated)
Golden Globes - Best Performance by an Actress in a Motion Picture - Drama(Nominated)
Golden Globes - Best Performance by an Actor in a Supporting Role in any Motion Picture(Nominated)",,"$10,000,000"
Mid90s,,81.0,81.0,,0,0,,,,"$2,800,000"
Hunter Killer,,38.0,67.0,,0,0,,,29312121.0,"$40,000,000"
Johnny English Strikes Again,,36.0,50.0,,0,0,,,159369278.0,"$30,000,000"
The Nutcracker and the Four Realms,,32.0,35.0,,0,0,,,170024300.0,"$132,900,000"
Boy Erased,,80.0,74.0,"Golden Globes - Best Performance by an Actor in a Motion Picture - Drama(Nominated)
Golden Globes - Best Original Song - Motion Picture(Nominated)",2,0,,"Golden Globes - Best Performance by an Actor in a Motion Picture - Drama(Nominated)
Golden Globes - Best Original Song - Motion Picture(Nominated)",,"$11,000,000"
Fantastic Beasts: The Crimes of Grindelwald,,36.0,54.0,"BAFTAs - Film | Production Design in 2019(Nominated)
BAFTAs - Film | Special Visual Effects in 2019(Nominated)",2,0,,"BAFTAs - Film | Production Design in 2019(Nominated)
BAFTAs - Film | Special Visual Effects in 2019(Nominated)",,"$200,000,000"
Green Book,,77.0,91.0,"Oscars - ACTOR IN A LEADING ROLE(Nominated)
Oscars - ACTOR IN A SUPPORTING ROLE(Won)
Oscars - FILM EDITING(Nominated)
Oscars - BEST PICTURE(Won)
Oscars - WRITING (Original Screenplay)(Won)
BAFTAs - Film | Best Film in 2019(Nominated)
BAFTAs - Film | Original Screenplay in 2019(Nominated)
Golden Globes - Best Motion Picture - Musical or Comedy(Won)
Golden Globes - Best Performance by an Actor in a Motion Picture - Musical or Comedy(Nominated)
Golden Globes - Best Performance by an Actor in a Supporting Role in any Motion Picture(Won)
Golden Globes - Best Director - Motion Picture(Nominated)
Golden Globes - Best Screenplay - Motion Picture(Won)",12,6,"Oscars - ACTOR IN A SUPPORTING ROLE(Won)
Oscars - BEST PICTURE(Won)
Oscars - WRITING (Original Screenplay)(Won)
Golden Globes - Best Motion Picture - Musical or Comedy(Won)
Golden Globes - Best Performance by an Actor in a Supporting Role in any Motion Picture(Won)
Golden Globes - Best Screenplay - Motion Picture(Won)","Oscars - ACTOR IN A LEADING ROLE(Nominated)
Oscars - FILM EDITING(Nominated)
BAFTAs - Film | Best Film in 2019(Nominated)
BAFTAs - Film | Original Screenplay in 2019(Nominated)
Golden Globes - Best Performance by an Actor in a Motion Picture - Musical or Comedy(Nominated)
Golden Globes - Best Director - Motion Picture(Nominated)",319995019.0,"$23,000,000"
Instant Family,,82.0,83.0,,0,0,,,119736188.0,"$48,000,000"
Creed II,,83.0,80.0,,0,0,,,213591522.0,"$50,000,000"
Roma,,96.0,72.0,"Oscars - ACTRESS IN A LEADING ROLE(Nominated)
Oscars - ACTRESS IN A SUPPORTING ROLE(Nominated)
Oscars - CINEMATOGRAPHY(Won)
Oscars - DIRECTING(Won)
Oscars - FOREIGN LANGUAGE FILM(Won)
Oscars - BEST PICTURE(Nominated)
Oscars - PRODUCTION DESIGN(Nominated)
Oscars - SOUND EDITING(Nominated)
Oscars - SOUND MIXING(Nominated)
Oscars - WRITING (Original Screenplay)(Nominated)
BAFTAs - Film | Best Film in 2019(Won)
BAFTAs - Film | Cinematography in 2019(Won)
BAFTAs - Film | Director in 2019(Won)
BAFTAs - Film | Editing in 2019(Nominated)
BAFTAs - Film | Film Not in the English Language in 2019(Won)
BAFTAs - Film | Original Screenplay in 2019(Nominated)
BAFTAs - Film | Production Design in 2019(Nominated)
Golden Globes - Best Director - Motion Picture(Won)
Golden Globes - Best Screenplay - Motion Picture(Nominated)",19,8,"Oscars - CINEMATOGRAPHY(Won)
Oscars - DIRECTING(Won)
Oscars - FOREIGN LANGUAGE FILM(Won)
BAFTAs - Film | Best Film in 2019(Won)
BAFTAs - Film | Cinematography in 2019(Won)
BAFTAs - Film | Director in 2019(Won)
BAFTAs - Film | Film Not in the English Language in 2019(Won)
Golden Globes - Best Director - Motion Picture(Won)","Oscars - ACTRESS IN A LEADING ROLE(Nominated)
Oscars - ACTRESS IN A SUPPORTING ROLE(Nominated)
Oscars - BEST PICTURE(Nominated)
Oscars - PRODUCTION DESIGN(Nominated)
Oscars - SOUND EDITING(Nominated)
Oscars - SOUND MIXING(Nominated)
Oscars - WRITING (Original Screenplay)(Nominated)
BAFTAs - Film | Editing in 2019(Nominated)
BAFTAs - Film | Original Screenplay in 2019(Nominated)
BAFTAs - Film | Production Design in 2019(Nominated)
Golden Globes - Best Screenplay - Motion Picture(Nominated)",,"$15,000,000"
The Favourite,,93.0,70.0,"Oscars - ACTRESS IN A LEADING ROLE(Won)
Oscars - ACTRESS IN A SUPPORTING ROLE(Nominated)
Oscars - ACTRESS IN A SUPPORTING ROLE(Nominated)
Oscars - CINEMATOGRAPHY(Nominated)
Oscars - COSTUME DESIGN(Nominated)
Oscars - DIRECTING(Nominated)
Oscars - FILM EDITING(Nominated)
Oscars - BEST PICTURE(Nominated)
Oscars - PRODUCTION DESIGN(Nominated)
Oscars - WRITING (Original Screenplay)(Nominated)
BAFTAs - Film | Best Film in 2019(Nominated)
BAFTAs - Film | Cinematography in 2019(Nominated)
BAFTAs - Film | Costume Design in 2019(Won)
BAFTAs - Film | Director in 2019(Nominated)
BAFTAs - Film | Editing in 2019(Nominated)
BAFTAs - Film | Make Up and Hair in 2019(Won)
BAFTAs - Film | Original Screenplay in 2019(Won)
BAFTAs - Film | Outstanding British Film in 2019(Won)
BAFTAs - Film | Production Design in 2019(Won)",19,6,"Oscars - ACTRESS IN A LEADING ROLE(Won)
BAFTAs - Film | Costume Design in 2019(Won)
BAFTAs - Film | Make Up and Hair in 2019(Won)
BAFTAs - Film | Original Screenplay in 2019(Won)
BAFTAs - Film | Outstanding British Film in 2019(Won)
BAFTAs - Film | Production Design in 2019(Won)","Oscars - ACTRESS IN A SUPPORTING ROLE(Nominated)
Oscars - ACTRESS IN A SUPPORTING ROLE(Nominated)
Oscars - CINEMATOGRAPHY(Nominated)
Oscars - COSTUME DESIGN(Nominated)
Oscars - DIRECTING(Nominated)
Oscars - FILM EDITING(Nominated)
Oscars - BEST PICTURE(Nominated)
Oscars - PRODUCTION DESIGN(Nominated)
Oscars - WRITING (Original Screenplay)(Nominated)
BAFTAs - Film | Best Film in 2019(Nominated)
BAFTAs - Film | Cinematography in 2019(Nominated)
BAFTAs - Film | Director in 2019(Nominated)
BAFTAs - Film | Editing in 2019(Nominated)",95829459.0,"$15,000,000"
The Possession of Hannah Grace,,21.0,28.0,,0,0,,,42873730.0,"$6,000,000"
Mortal Engines,,26.0,48.0,,0,0,,,85481904.0,"$100,000,000"
If Beale Street Could Talk,,95.0,68.0,"Oscars - ACTRESS IN A SUPPORTING ROLE(Won)
Oscars - MUSIC (Original Score)(Nominated)
Oscars - WRITING (Adapted Screenplay)(Nominated)
BAFTAs - Film | Adapted Screenplay in 2019(Nominated)
BAFTAs - Film | Original Music in 2019(Nominated)
Golden Globes - Best Motion Picture - Drama(Nominated)
Golden Globes - Best Performance by an Actress in a Supporting Role in any Motion Picture(Won)
Golden Globes - Best Screenplay - Motion Picture(Nominated)",8,2,"Oscars - ACTRESS IN A SUPPORTING ROLE(Won)
Golden Globes - Best Performance by an Actress in a Supporting Role in any Motion Picture(Won)","Oscars - MUSIC (Original Score)(Nominated)
Oscars - WRITING (Adapted Screenplay)(Nominated)
BAFTAs - Film | Adapted Screenplay in 2019(Nominated)
BAFTAs - Film | Original Music in 2019(Nominated)
Golden Globes - Best Motion Picture - Drama(Nominated)
Golden Globes - Best Screenplay - Motion Picture(Nominated)",21398371.0,"$12,000,000"
Mary Poppins Returns,,79.0,64.0,"Oscars - COSTUME DESIGN(Nominated)
Oscars - MUSIC (Original Score)(Nominated)
Oscars - MUSIC (Original Song)(Nominated)
Oscars - PRODUCTION DESIGN(Nominated)
BAFTAs - Film | Costume Design in 2019(Nominated)
BAFTAs - Film | Original Music in 2019(Nominated)
BAFTAs - Film | Production Design in 2019(Nominated)
Golden Globes - Best Motion Picture - Musical or Comedy(Nominated)
Golden Globes - Best Performance by an Actress in a Motion Picture - Musical or Comedy(Nominated)
Golden Globes - Best Performance by an Actor in a Motion Picture - Musical or Comedy(Nominated)
Golden Globes - Best Original Score - Motion Picture(Nominated)",11,0,,"Oscars - COSTUME DESIGN(Nominated)
Oscars - MUSIC (Original Score)(Nominated)
Oscars - MUSIC (Original Song)(Nominated)
Oscars - PRODUCTION DESIGN(Nominated)
BAFTAs - Film | Costume Design in 2019(Nominated)
BAFTAs - Film | Original Music in 2019(Nominated)
BAFTAs - Film | Production Design in 2019(Nominated)
Golden Globes - Best Motion Picture - Musical or Comedy(Nominated)
Golden Globes - Best Performance by an Actress in a Motion Picture - Musical or Comedy(Nominated)
Golden Globes - Best Performance by an Actor in a Motion Picture - Musical or Comedy(Nominated)
Golden Globes - Best Original Score - Motion Picture(Nominated)",345606500.0,"$130,000,000"
Bumblebee,,90.0,75.0,,0,0,,,464731819.0,"$102,000,000"
Welcome to Marwen,,34.0,48.0,,0,0,,,,"$45,000,000"
Holmes & Watson,,10.0,25.0,,0,0,,,41926605.0,"$42,000,000"
On the Basis of Sex,,72.0,76.0,,0,0,,,38780888.0,"$20,000,000"
Destroyer,,74.0,50.0,Golden Globes - Best Performance by an Actress in a Motion Picture - Drama(Nominated),1,0,,Golden Globes - Best Performance by an Actress in a Motion Picture - Drama(Nominated),,"$9,000,000"
Avengers: Endgame,,94.0,90.0,"Oscars - VISUAL EFFECTS(Nominated)
BAFTAs - Film | Special Visual Effects in 2020(Nominated)",2,0,,"Oscars - VISUAL EFFECTS(Nominated)
BAFTAs - Film | Special Visual Effects in 2020(Nominated)",2717503922.0,"$400,000,000"
Star Wars: The Rise of Skywalker,,51.0,86.0,"Oscars - MUSIC (Original Score)(Nominated)
Oscars - SOUND EDITING(Nominated)
Oscars - VISUAL EFFECTS(Nominated)",3,0,,"Oscars - MUSIC (Original Score)(Nominated)
Oscars - SOUND EDITING(Nominated)
Oscars - VISUAL EFFECTS(Nominated)",1069951814.0,"$275,000,000"
Frozen II,,77.0,92.0,"Oscars - MUSIC (Original Song)(Nominated)
Golden Globes - Best Motion Picture - Animated(Nominated)
Golden Globes - Best Original Song - Motion Picture(Nominated)",3,0,,"Oscars - MUSIC (Original Song)(Nominated)
Golden Globes - Best Motion Picture - Animated(Nominated)
Golden Globes - Best Original Song - Motion Picture(Nominated)",1451653316.0,"$150,000,000"
Toy Story 4,,97.0,94.0,"Oscars - ANIMATED FEATURE FILM(Won)
Oscars - MUSIC (Original Song)(Nominated)
BAFTAs - Film | Animated Film in 2020(Nominated)
Golden Globes - Best Motion Picture - Animated(Nominated)",4,1,Oscars - ANIMATED FEATURE FILM(Won),"Oscars - MUSIC (Original Song)(Nominated)
BAFTAs - Film | Animated Film in 2020(Nominated)
Golden Globes - Best Motion Picture - Animated(Nominated)",1071177215.0,"$200,000,000"
Captain Marvel,,79.0,45.0,,0,0,,,1129576094.0,"$175,000,000"
Jumanji: The Next Level,,72.0,87.0,,0,0,,,792472668.0,"$125,000,000"
The Upside,,43.0,82.0,,0,0,,,125818440.0,"$37,500,000"
The Kid Who Would Be King,,90.0,55.0,,0,0,,,28296983.0,"$59,000,000"
Miss Bala,,88.0,63.0,,0,0,,,,"$15,000,000"
Velvet Buzzsaw,,61.0,36.0,,0,0,,,,"$21,000,000"
The LEGO Movie 2: The Second Part,,84.0,68.0,,0,0,,,192306508.0,"$99,000,000"
Cold Pursuit,,68.0,49.0,,0,0,,,62599159.0,"$60,000,000"
High Flying Bird,,91.0,50.0,,0,0,,,,"$2,000,000"
Happy Death Day 2U,,71.0,60.0,,0,0,,,64686515.0,"$9,000,000"
Alita: Battle Angel,,61.0,91.0,,0,0,,,401900040.0,"$170,000,000"
How to Train Your Dragon: The Hidden World,,90.0,87.0,"Oscars - ANIMATED FEATURE FILM(Nominated)
Golden Globes - Best Motion Picture - Animated(Nominated)",2,0,,"Oscars - ANIMATED FEATURE FILM(Nominated)
Golden Globes - Best Motion Picture - Animated(Nominated)",,"$129,000,000"
Fighting With My Family,,93.0,86.0,,0,0,,,41503088.0,"$11,000,000"
Triple Frontier,,70.0,58.0,,0,0,,,,"$115,000,000"
Wonder Park,,34.0,43.0,,0,0,,,115103325.0,"$100,000,000"
Captive State,,42.0,39.0,,0,0,,,,"$25,000,000"
Five Feet Apart,,53.0,79.0,,0,0,,,92554209.0,"$7,000,000"
Hotel Mumbai,,76.0,88.0,,0,0,,,21132855.0,"$17,300,000"
The Beach Bum,,58.0,42.0,,0,0,,,,"$5,000,000"
Unplanned,,42.0,94.0,,0,0,,,21413603.0,"$6,000,000"
Shazam!,,90.0,82.0,,0,0,,,363563907.0,"$85,000,000"
Her Smell,,84.0,44.0,,0,0,,,,"$2,500,000"
Long Shot,,88.0,84.0,,0,0,,,53624424.0,"$40,000,000"
UglyDolls,,29.0,54.0,,0,0,,,32630599.0,"$45,000,000"
Tolkien,,51.0,71.0,,0,0,,,,"$20,000,000"
Poms,,36.0,73.0,,0,0,,,17901314.0,"$10,000,000"
The Professor and the Madman,,39.0,79.0,,0,0,,,,"$25,000,000"
Booksmart,,96.0,77.0,"BAFTAs - Film | Original Screenplay in 2020(Nominated)
Golden Globes - Best Performance by an Actress in a Motion Picture - Musical or Comedy(Nominated)",2,0,,"BAFTAs - Film | Original Screenplay in 2020(Nominated)
Golden Globes - Best Performance by an Actress in a Motion Picture - Musical or Comedy(Nominated)",24948141.0,"$6,000,000"
Dark Phoenix,,22.0,64.0,,0,0,,,246356895.0,"$200,000,000"
The Secret Life of Pets 2,,60.0,90.0,,0,0,,,446449908.0,"$80,000,000"
The Last Black Man in San Francisco,,93.0,84.0,,0,0,,,,"$3,000,000"
Men in Black: International,,23.0,66.0,,0,0,,,254310003.0,"$110,000,000"
Annabelle Comes Home,,64.0,70.0,,0,0,,,231252591.0,"$27,000,000"
Midsommar,,83.0,63.0,,0,0,,,46713431.0,"$9,000,000"
Stuber,,42.0,79.0,,0,0,,,29634023.0,"$16,000,000"
Crawl,,63.0,63.0,,0,0,,,91720490.0,"$17,000,000"
Point Blank,,91.0,77.0,,0,0,,,,"$3,000,000"
Fast & Furious Presents: Hobbs & Shaw,,67.0,88.0,,0,0,,,760732926.0,"$200,000,000"
Dora and the Lost City of Gold,,85.0,88.0,,0,0,,,120592276.0,"$49,000,000"
The Kitchen,,24.0,69.0,,0,0,,,,"$38,000,000"
The Art of Racing in the Rain,,45.0,96.0,,0,0,,,33773963.0,"$18,000,000"
Scary Stories to Tell in the Dark,,78.0,72.0,,0,0,,,104793708.0,"$28,000,000"
The Peanut Butter Falcon,,95.0,96.0,,0,0,,,23191551.0,"$6,200,000"
The Angry Birds Movie 2,,72.0,84.0,,0,0,,,152255188.0,"$65,000,000"
Blinded by the Light,,89.0,91.0,,0,0,,,19529914.0,"$15,000,000"
47 Meters Down: Uncaged,,44.0,68.0,,0,0,,,47582563.0,"$12,000,000"
Angel Has Fallen,,38.0,93.0,,0,0,,,133345583.0,"$40,000,000"
Overcomer,,56.0,98.0,,0,0,,,38093564.0,"$5,000,000"
It: Chapter Two,,62.0,78.0,,0,0,,,467561586.0,"$70,000,000"
The Goldfinch,,25.0,72.0,,0,0,,,,"$40,000,000"
Monos,,93.0,85.0,,0,0,,,,"$2,000,000"
Ad Astra,,83.0,40.0,Oscars - SOUND MIXING(Nominated),1,0,,Oscars - SOUND MIXING(Nominated),135154826.0,"$80,000,000"
Rambo: Last Blood,,26.0,81.0,,0,0,,,91378886.0,"$50,000,000"
Abominable,,82.0,95.0,,0,0,,,188668889.0,"$75,000,000"
Lucy in the Sky,,21.0,31.0,,0,0,,,,"$27,000,000"
Jexi,,21.0,71.0,,0,0,,,,"$5,000,000"
Maleficent: Mistress of Evil,,39.0,95.0,Oscars - MAKEUP AND HAIRSTYLING(Nominated),1,0,,Oscars - MAKEUP AND HAIRSTYLING(Nominated),489181357.0,"$185,000,000"
Zombieland: Double Tap,,68.0,88.0,,0,0,,,125213018.0,"$48,000,000"
Jojo Rabbit,,80.0,94.0,"Oscars - ACTRESS IN A SUPPORTING ROLE(Nominated)
Oscars - COSTUME DESIGN(Nominated)
Oscars - FILM EDITING(Nominated)
Oscars - BEST PICTURE(Nominated)
Oscars - PRODUCTION DESIGN(Nominated)
Oscars - WRITING (Adapted Screenplay)(Won)
BAFTAs - Film | Adapted Screenplay in 2020(Won)
BAFTAs - Film | Costume Design in 2020(Nominated)
BAFTAs - Film | Editing in 2020(Nominated)
BAFTAs - Film | Original Score in 2020(Nominated)
BAFTAs - Film | Production Design in 2020(Nominated)
BAFTAs - Film | Supporting Actress in 2020(Nominated)
Golden Globes - Best Motion Picture - Musical or Comedy(Nominated)
Golden Globes - Best Performance by an Actor in a Motion Picture - Musical or Comedy(Nominated)",14,2,"Oscars - WRITING (Adapted Screenplay)(Won)
BAFTAs - Film | Adapted Screenplay in 2020(Won)","Oscars - ACTRESS IN A SUPPORTING ROLE(Nominated)
Oscars - COSTUME DESIGN(Nominated)
Oscars - FILM EDITING(Nominated)
Oscars - BEST PICTURE(Nominated)
Oscars - PRODUCTION DESIGN(Nominated)
BAFTAs - Film | Costume Design in 2020(Nominated)
BAFTAs - Film | Editing in 2020(Nominated)
BAFTAs - Film | Original Score in 2020(Nominated)
BAFTAs - Film | Production Design in 2020(Nominated)
BAFTAs - Film | Supporting Actress in 2020(Nominated)
Golden Globes - Best Motion Picture - Musical or Comedy(Nominated)
Golden Globes - Best Performance by an Actor in a Motion Picture - Musical or Comedy(Nominated)",86878073.0,"$14,000,000"
Terminator: Dark Fate,,70.0,82.0,,0,0,,,250367666.0,"$185,000,000"
Motherless Brooklyn,,64.0,80.0,Golden Globes - Best Original Score - Motion Picture(Nominated),1,0,,Golden Globes - Best Original Score - Motion Picture(Nominated),18577736.0,"$26,000,000"
The Irishman,,95.0,86.0,"Oscars - ACTOR IN A SUPPORTING ROLE(Nominated)
Oscars - ACTOR IN A SUPPORTING ROLE(Nominated)
Oscars - CINEMATOGRAPHY(Nominated)
Oscars - COSTUME DESIGN(Nominated)
Oscars - DIRECTING(Nominated)
Oscars - FILM EDITING(Nominated)
Oscars - BEST PICTURE(Nominated)
Oscars - PRODUCTION DESIGN(Nominated)
Oscars - VISUAL EFFECTS(Nominated)
Oscars - WRITING (Adapted Screenplay)(Nominated)
BAFTAs - Film | Adapted Screenplay in 2020(Nominated)
BAFTAs - Film | Best Film in 2020(Nominated)
BAFTAs - Film | Cinematography in 2020(Nominated)
BAFTAs - Film | Costume Design in 2020(Nominated)
BAFTAs - Film | Director in 2020(Nominated)
BAFTAs - Film | Editing in 2020(Nominated)
BAFTAs - Film | Production Design in 2020(Nominated)
BAFTAs - Film | Special Visual Effects in 2020(Nominated)",18,0,,"Oscars - ACTOR IN A SUPPORTING ROLE(Nominated)
Oscars - ACTOR IN A SUPPORTING ROLE(Nominated)
Oscars - CINEMATOGRAPHY(Nominated)
Oscars - COSTUME DESIGN(Nominated)
Oscars - DIRECTING(Nominated)
Oscars - FILM EDITING(Nominated)
Oscars - BEST PICTURE(Nominated)
Oscars - PRODUCTION DESIGN(Nominated)
Oscars - VISUAL EFFECTS(Nominated)
Oscars - WRITING (Adapted Screenplay)(Nominated)
BAFTAs - Film | Adapted Screenplay in 2020(Nominated)
BAFTAs - Film | Best Film in 2020(Nominated)
BAFTAs - Film | Cinematography in 2020(Nominated)
BAFTAs - Film | Costume Design in 2020(Nominated)
BAFTAs - Film | Director in 2020(Nominated)
BAFTAs - Film | Editing in 2020(Nominated)
BAFTAs - Film | Production Design in 2020(Nominated)
BAFTAs - Film | Special Visual Effects in 2020(Nominated)",,"$159,000,000"
Harriet,,74.0,97.0,"Oscars - ACTRESS IN A LEADING ROLE(Nominated)
Oscars - MUSIC (Original Song)(Nominated)
Golden Globes - Best Performance by an Actress in a Motion Picture - Drama(Nominated)
Golden Globes - Best Original Song - Motion Picture(Nominated)",4,0,,"Oscars - ACTRESS IN A LEADING ROLE(Nominated)
Oscars - MUSIC (Original Song)(Nominated)
Golden Globes - Best Performance by an Actress in a Motion Picture - Drama(Nominated)
Golden Globes - Best Original Song - Motion Picture(Nominated)",44035587.0,"$17,000,000"
Arctic Dogs,,12.0,60.0,,0,0,,,,"$50,000,000"
Doctor Sleep,,78.0,89.0,,0,0,,,72381712.0,"$45,000,000"
Klaus,,95.0,96.0,"Oscars - ANIMATED FEATURE FILM(Nominated)
BAFTAs - Film | Animated Film in 2020(Won)",2,1,BAFTAs - Film | Animated Film in 2020(Won),Oscars - ANIMATED FEATURE FILM(Nominated),,"$40,000,000"
Honey Boy,,95.0,92.0,,0,0,,,,"$3,500,000"
The Good Liar,,64.0,85.0,,0,0,,,33856058.0,"$10,000,000"
A Beautiful Day in the Neighborhood,,95.0,92.0,Oscars - ACTOR IN A SUPPORTING ROLE(Nominated),1,0,,Oscars - ACTOR IN A SUPPORTING ROLE(Nominated),68590003.0,"$45,000,000"
21 Bridges,,54.0,91.0,,0,0,,,42657631.0,"$33,000,000"
Knives Out,,97.0,92.0,"Oscars - WRITING (Original Screenplay)(Nominated)
BAFTAs - Film | Original Screenplay in 2020(Nominated)
Golden Globes - Best Motion Picture - Musical or Comedy(Nominated)
Golden Globes - Best Performance by an Actress in a Motion Picture - Musical or Comedy(Nominated)
Golden Globes - Best Performance by an Actor in a Motion Picture - Musical or Comedy(Nominated)",5,0,,"Oscars - WRITING (Original Screenplay)(Nominated)
BAFTAs - Film | Original Screenplay in 2020(Nominated)
Golden Globes - Best Motion Picture - Musical or Comedy(Nominated)
Golden Globes - Best Performance by an Actress in a Motion Picture - Musical or Comedy(Nominated)
Golden Globes - Best Performance by an Actor in a Motion Picture - Musical or Comedy(Nominated)",312898746.0,"$40,000,000"
Queen & Slim,,82.0,92.0,,0,0,,,48266163.0,"$20,000,000"
The Aeronauts,,72.0,95.0,,0,0,,,,"$80,000,000"
Richard Jewell,,77.0,96.0,"Oscars - ACTRESS IN A SUPPORTING ROLE(Nominated)
Golden Globes - Best Performance by an Actress in a Supporting Role in any Motion Picture(Nominated)",2,0,,"Oscars - ACTRESS IN A SUPPORTING ROLE(Nominated)
Golden Globes - Best Performance by an Actress in a Supporting Role in any Motion Picture(Nominated)",44645542.0,"$45,000,000"
6 Underground,,36.0,60.0,,0,0,,,,"$150,000,000"
Seberg,,35.0,51.0,,0,0,,,,"$8,000,000"
Spies in Disguise,,77.0,92.0,,0,0,,,165124093.0,"$100,000,000"
Just Mercy,,85.0,99.0,,0,0,,,50901502.0,"$25,000,000"
Dolittle,,15.0,76.0,,0,0,,,251509294.0,"$175,000,000"
Onward,,88.0,95.0,Oscars - ANIMATED FEATURE FILM(Nominated),1,0,,Oscars - ANIMATED FEATURE FILM(Nominated),133357601.0,"$200,000,000"
The Croods: A New Age,,77.0,94.0,,0,0,,,214766238.0,"$65,000,000"
Tenet,,69.0,76.0,"Oscars - PRODUCTION DESIGN(Nominated)
Oscars - VISUAL EFFECTS(Won)",2,1,Oscars - VISUAL EFFECTS(Won),Oscars - PRODUCTION DESIGN(Nominated),366273550.0,"$205,000,000"
Wonder Woman 1984,,57.0,73.0,,0,0,,,169601036.0,"$200,000,000"
Like a Boss,,22.0,65.0,,0,0,,,26563888.0,"$29,000,000"
The Gentlemen,,75.0,84.0,,0,0,,,113152222.0,"$22,000,000"
The Turning,,86.0,54.0,,0,0,,,18460739.0,"$12,000,000"
The Last Full Measure,,61.0,96.0,,0,0,,,,"$20,000,000"
The Rhythm Section,,29.0,44.0,,0,0,,,,"$50,000,000"
Gretel & Hansel,,62.0,23.0,,0,0,,,22052456.0,"$5,000,000"
Timmy Failure: Mistakes Were Made,,85.0,60.0,,0,0,,,,"$40,000,000"
Brahms: The Boy II,,11.0,44.0,,0,0,,,18968326.0,"$10,000,000"
Impractical Jokers: The Movie,,35.0,76.0,,0,0,,,,"$3,000,000"
The Way Back,,74.0,72.0,Oscars - MAKEUP(Nominated),1,0,,Oscars - MAKEUP(Nominated),26524989.0,"$23,000,000"
I Still Believe,,49.0,98.0,,0,0,,,,"$12,000,000"
Artemis Fowl,,8.0,20.0,,0,0,,,,"$100,000,000"
The King of Staten Island,,76.0,83.0,,0,0,,,,"$35,000,000"
7500,,71.0,61.0,,0,0,,,,"$5,000,000"
My Spy,,48.0,39.0,,0,0,,,,"$18,000,000"
The Old Guard,,80.0,70.0,,0,0,,,,"$70,000,000"
Greyhound,,78.0,76.0,Oscars - SOUND(Nominated),1,0,,Oscars - SOUND(Nominated),,"$50,300,000"
Animal Crackers,,97.0,89.0,,0,0,,,,"$17,000,000"
The Secret: Dare to Dream,,28.0,72.0,,0,0,,,,"$9,400,000"
The Tax Collector,,18.0,72.0,,0,0,,,,"$30,000,000"
Project Power,,61.0,46.0,,0,0,,,,"$85,100,000"
The SpongeBob Movie: Sponge on the Run,,66.0,49.0,,0,0,,,,"$60,000,000"
Cut Throat City,,70.0,39.0,,0,0,,,,"$8,000,000"
Words on Bathroom Walls,,89.0,94.0,,0,0,,,,"$9,300,000"
Bill & Ted Face the Music,,82.0,65.0,,0,0,,,,"$25,000,000"
The New Mutants,,36.0,56.0,,0,0,,,47535251.0,"$67,000,000"
The Personal History of David Copperfield,,92.0,54.0,,0,0,,,,"$15,600,000"
The Trial of the Chicago 7,,89.0,90.0,"Oscars - ACTOR IN A SUPPORTING ROLE(Nominated)
Oscars - CINEMATOGRAPHY(Nominated)
Oscars - FILM EDITING(Nominated)
Oscars - MUSIC (Original Song)(Nominated)
Oscars - BEST PICTURE(Nominated)
Oscars - WRITING (Original Screenplay)(Nominated)",6,0,,"Oscars - ACTOR IN A SUPPORTING ROLE(Nominated)
Oscars - CINEMATOGRAPHY(Nominated)
Oscars - FILM EDITING(Nominated)
Oscars - MUSIC (Original Song)(Nominated)
Oscars - BEST PICTURE(Nominated)
Oscars - WRITING (Original Screenplay)(Nominated)",,"$35,000,000"
Love and Monsters,,94.0,89.0,Oscars - VISUAL EFFECTS(Nominated),1,0,,Oscars - VISUAL EFFECTS(Nominated),,"$30,000,000"
Honest Thief,,41.0,87.0,,0,0,,,32609631.0,"$30,000,000"
Come Play,,56.0,67.0,,0,0,,,,"$9,000,000"
Hillbilly Elegy,,25.0,81.0,"Oscars - ACTRESS IN A SUPPORTING ROLE(Nominated)
Oscars - MAKEUP AND HAIRSTYLING(Nominated)",2,0,,"Oscars - ACTRESS IN A SUPPORTING ROLE(Nominated)
Oscars - MAKEUP AND HAIRSTYLING(Nominated)",,"$45,000,000"
Freaky,,83.0,80.0,,0,0,,,18073433.0,"$6,000,000"
Sound of Metal,,97.0,90.0,"Oscars - ACTOR IN A LEADING ROLE(Nominated)
Oscars - ACTOR IN A SUPPORTING ROLE(Nominated)
Oscars - FILM EDITING(Won)
Oscars - BEST PICTURE(Nominated)
Oscars - SOUND(Won)
Oscars - WRITING (Original Screenplay)(Nominated)",6,2,"Oscars - FILM EDITING(Won)
Oscars - SOUND(Won)","Oscars - ACTOR IN A LEADING ROLE(Nominated)
Oscars - ACTOR IN A SUPPORTING ROLE(Nominated)
Oscars - BEST PICTURE(Nominated)
Oscars - WRITING (Original Screenplay)(Nominated)",,"$5,400,000"
The Midnight Sky,,49.0,26.0,Oscars - VISUAL EFFECTS(Nominated),1,0,,Oscars - VISUAL EFFECTS(Nominated),,"$100,000,000"
Monster Hunter,,44.0,70.0,,0,0,,,47853893.0,"$60,000,000"
Greenland,,78.0,63.0,,0,0,,,40629075.0,"$34,000,000"
Soul,,95.0,88.0,"Oscars - ANIMATED FEATURE FILM(Won)
Oscars - MUSIC (Original Score)(Won)
Oscars - SOUND(Nominated)",3,2,"Oscars - ANIMATED FEATURE FILM(Won)
Oscars - MUSIC (Original Score)(Won)",Oscars - SOUND(Nominated),120068830.0,"$200,000,000"
News of the World,,88.0,89.0,"Oscars - CINEMATOGRAPHY(Nominated)
Oscars - MUSIC (Original Score)(Nominated)
Oscars - PRODUCTION DESIGN(Nominated)
Oscars - SOUND(Nominated)",4,0,,"Oscars - CINEMATOGRAPHY(Nominated)
Oscars - MUSIC (Original Score)(Nominated)
Oscars - PRODUCTION DESIGN(Nominated)
Oscars - SOUND(Nominated)",,"$38,000,000"
One Night in Miami,,98.0,78.0,,0,0,,,,"$16,937,665"
Eternals,,47.0,77.0,,0,0,,,401731759.0,"$200,000,000"
Sing 2,,72.0,98.0,,0,0,,,404534588.0,"$85,000,000"
Ghostbusters: Afterlife,,63.0,94.0,,0,0,,,202991088.0,"$75,000,000"
Our Friend,,86.0,95.0,,0,0,,,,"$10,000,000"
Nomadland,,93.0,82.0,"Oscars - ACTRESS IN A LEADING ROLE(Won)
Oscars - CINEMATOGRAPHY(Nominated)
Oscars - DIRECTING(Won)
Oscars - FILM EDITING(Nominated)
Oscars - BEST PICTURE(Won)
Oscars - WRITING (Adapted Screenplay)(Nominated)",6,3,"Oscars - ACTRESS IN A LEADING ROLE(Won)
Oscars - DIRECTING(Won)
Oscars - BEST PICTURE(Won)","Oscars - CINEMATOGRAPHY(Nominated)
Oscars - FILM EDITING(Nominated)
Oscars - WRITING (Adapted Screenplay)(Nominated)",38728987.0,"$5,000,000"
Malcolm & Marie,,57.0,67.0,,0,0,,,,"$2,500,000"
Palmer,,72.0,88.0,,0,0,,,,"$6,713,933"
Judas and the Black Messiah,,96.0,95.0,"Oscars - ACTOR IN A SUPPORTING ROLE(Won)
Oscars - ACTOR IN A SUPPORTING ROLE(Nominated)
Oscars - CINEMATOGRAPHY(Nominated)
Oscars - MUSIC (Original Song)(Won)
Oscars - BEST PICTURE(Nominated)
Oscars - WRITING (Original Screenplay)(Nominated)",6,2,"Oscars - ACTOR IN A SUPPORTING ROLE(Won)
Oscars - MUSIC (Original Song)(Won)","Oscars - ACTOR IN A SUPPORTING ROLE(Nominated)
Oscars - CINEMATOGRAPHY(Nominated)
Oscars - BEST PICTURE(Nominated)
Oscars - WRITING (Original Screenplay)(Nominated)",,"$26,000,000"
Minari,,98.0,87.0,"Oscars - ACTOR IN A LEADING ROLE(Nominated)
Oscars - ACTRESS IN A SUPPORTING ROLE(Won)
Oscars - DIRECTING(Nominated)
Oscars - MUSIC (Original Score)(Nominated)
Oscars - BEST PICTURE(Nominated)
Oscars - WRITING (Original Screenplay)(Nominated)",6,1,Oscars - ACTRESS IN A SUPPORTING ROLE(Won),"Oscars - ACTOR IN A LEADING ROLE(Nominated)
Oscars - DIRECTING(Nominated)
Oscars - MUSIC (Original Score)(Nominated)
Oscars - BEST PICTURE(Nominated)
Oscars - WRITING (Original Screenplay)(Nominated)",,"$2,000,000"
Coming 2 America,,49.0,38.0,Oscars - MAKEUP AND HAIRSTYLING(Nominated),1,0,,Oscars - MAKEUP AND HAIRSTYLING(Nominated),,"$60,000,000"
Chaos Walking,,21.0,71.0,,0,0,,,27072169.0,"$100,000,000"
Godzilla vs. Kong,,76.0,91.0,,0,0,,,470116094.0,"$155,000,000"
Voyagers,,25.0,55.0,,0,0,,,,"$29,000,000"
Wrath of Man,,67.0,90.0,,0,0,,,103913405.0,"$40,000,000"
The Woman in the Window,,86.0,83.0,Oscars - MUSIC (Music Score of a Dramatic or Comedy Picture)(Nominated),1,0,,Oscars - MUSIC (Music Score of a Dramatic or Comedy Picture)(Nominated),,"$40,000,000"
Spirit Untamed,,47.0,95.0,,0,0,,,42235744.0,"$30,000,000"
The Conjuring: The Devil Made Me Do It,,55.0,83.0,,0,0,,,206431050.0,"$40,000,000"
Peter Rabbit 2: The Runaway,,67.0,89.0,,0,0,,,157214984.0,"$45,000,000"
The Misfits,,17.0,46.0,,0,0,,,,"$4,000,000"
The House Next Door: Meet the Blacks 2,,17.0,50.0,,0,0,,,,"$3,500,000"
Zola,,88.0,68.0,,0,0,,,,"$5,000,000"
The Tomorrow War,,52.0,76.0,,0,0,,,19220000.0,"$200,000,000"
The Boss Baby: Family Business,,46.0,89.0,,0,0,,,146281732.0,"$82,000,000"
The Forever Purge,,49.0,78.0,,0,0,,,76950525.0,"$18,000,000"
Space Jam: A New Legacy,,25.0,79.0,,0,0,,,163692228.0,"$150,000,000"
Escape Room: Tournament of Champions,,51.0,75.0,,0,0,,,53493064.0,"$15,000,000"
How It Ends,,16.0,17.0,,0,0,,,,"$20,000,000"
Old,,50.0,53.0,,0,0,,,89836797.0,"$18,000,000"
Midnight in the Switchgrass,,8.0,20.0,,0,0,,,,"$15,000,000"
Jungle Cruise,,62.0,92.0,,0,0,,,210469803.0,"$200,000,000"
The Green Knight,,89.0,50.0,,0,0,,,20022491.0,"$15,000,000"
The Suicide Squad,,90.0,82.0,,0,0,,,168717425.0,"$185,000,000"
Annette,,71.0,76.0,,0,0,,,,"$15,500,000"
The Many Saints of Newark,,71.0,59.0,,0,0,,,,"$50,000,000"
Halloween Kills,,39.0,66.0,,0,0,,,130851162.0,"$20,000,000"
A Mouthful of Air,,68.0,80.0,,0,0,,,,"$2,300,000"
Red Notice,,36.0,92.0,,0,0,,,,"$150,000,000"
Clifford the Big Red Dog,,58.0,94.0,,0,0,,,113350187.0,"$64,000,000"
The Power of the Dog,,94.0,76.0,"Oscars - ACTOR IN A LEADING ROLE(Nominated)
Oscars - ACTOR IN A SUPPORTING ROLE(Nominated)
Oscars - ACTOR IN A SUPPORTING ROLE(Nominated)
Oscars - ACTRESS IN A SUPPORTING ROLE(Nominated)
Oscars - CINEMATOGRAPHY(Nominated)
Oscars - DIRECTING(Won)
Oscars - FILM EDITING(Nominated)
Oscars - MUSIC (Original Score)(Nominated)
Oscars - BEST PICTURE(Nominated)
Oscars - PRODUCTION DESIGN(Nominated)
Oscars - SOUND(Nominated)
Oscars - WRITING (Adapted Screenplay)(Nominated)",12,1,Oscars - DIRECTING(Won),"Oscars - ACTOR IN A LEADING ROLE(Nominated)
Oscars - ACTOR IN A SUPPORTING ROLE(Nominated)
Oscars - ACTOR IN A SUPPORTING ROLE(Nominated)
Oscars - ACTRESS IN A SUPPORTING ROLE(Nominated)
Oscars - CINEMATOGRAPHY(Nominated)
Oscars - FILM EDITING(Nominated)
Oscars - MUSIC (Original Score)(Nominated)
Oscars - BEST PICTURE(Nominated)
Oscars - PRODUCTION DESIGN(Nominated)
Oscars - SOUND(Nominated)
Oscars - WRITING (Adapted Screenplay)(Nominated)",,"$35,000,000"
King Richard,,90.0,98.0,"Oscars - ACTOR IN A LEADING ROLE(Won)
Oscars - ACTRESS IN A SUPPORTING ROLE(Nominated)
Oscars - FILM EDITING(Nominated)
Oscars - MUSIC (Original Song)(Nominated)
Oscars - BEST PICTURE(Nominated)
Oscars - WRITING (Original Screenplay)(Nominated)",6,1,Oscars - ACTOR IN A LEADING ROLE(Won),"Oscars - ACTRESS IN A SUPPORTING ROLE(Nominated)
Oscars - FILM EDITING(Nominated)
Oscars - MUSIC (Original Song)(Nominated)
Oscars - BEST PICTURE(Nominated)
Oscars - WRITING (Original Screenplay)(Nominated)",39538334.0,"$50,000,000"
House of Gucci,,62.0,83.0,Oscars - MAKEUP AND HAIRSTYLING(Nominated),1,0,,Oscars - MAKEUP AND HAIRSTYLING(Nominated),147474138.0,"$75,000,000"
Resident Evil: Welcome to Raccoon City,,30.0,65.0,,0,0,,,41909091.0,"$25,000,000"
Licorice Pizza,,90.0,66.0,"Oscars - DIRECTING(Nominated)
Oscars - BEST PICTURE(Nominated)
Oscars - WRITING (Original Screenplay)(Nominated)",3,0,,"Oscars - DIRECTING(Nominated)
Oscars - BEST PICTURE(Nominated)
Oscars - WRITING (Original Screenplay)(Nominated)",32903549.0,"$40,000,000"
West Side Story,,92.0,84.0,"Oscars - ACTOR IN A SUPPORTING ROLE(Won)
Oscars - ACTRESS IN A SUPPORTING ROLE(Won)
Oscars - ART DIRECTION (Color)(Won)
Oscars - CINEMATOGRAPHY (Color)(Won)
Oscars - COSTUME DESIGN (Color)(Won)
Oscars - DIRECTING(Won)
Oscars - FILM EDITING(Won)
Oscars - MUSIC (Scoring of a Musical Picture)(Won)
Oscars - BEST MOTION PICTURE(Won)
Oscars - SOUND(Won)
Oscars - WRITING (Screenplay--based on material from another medium)(Nominated)
Oscars - ACTRESS IN A SUPPORTING ROLE(Won)
Oscars - CINEMATOGRAPHY(Nominated)
Oscars - COSTUME DESIGN(Nominated)
Oscars - DIRECTING(Nominated)
Oscars - BEST PICTURE(Nominated)
Oscars - PRODUCTION DESIGN(Nominated)
Oscars - SOUND(Nominated)
BAFTAs - Film | Film From Any Source in 1963(Nominated)
Golden Globes - Best Performance by an Actor in a Motion Picture - Musical or Comedy(Nominated)
Golden Globes - Best Performance by an Actress in a Supporting Role in any Motion Picture(Won)
Golden Globes - Best Performance by an Actor in a Supporting Role in any Motion Picture(Won)
Golden Globes - Best Director - Motion Picture(Nominated)
Golden Globes - Picture - Musical(Won)
Golden Globes - New Star Of The Year - Actor(Nominated)
Golden Globes - New Star Of The Year - Actor(Nominated)",26,14,"Oscars - ACTOR IN A SUPPORTING ROLE(Won)
Oscars - ACTRESS IN A SUPPORTING ROLE(Won)
Oscars - ART DIRECTION (Color)(Won)
Oscars - CINEMATOGRAPHY (Color)(Won)
Oscars - COSTUME DESIGN (Color)(Won)
Oscars - DIRECTING(Won)
Oscars - FILM EDITING(Won)
Oscars - MUSIC (Scoring of a Musical Picture)(Won)
Oscars - BEST MOTION PICTURE(Won)
Oscars - SOUND(Won)
Oscars - ACTRESS IN A SUPPORTING ROLE(Won)
Golden Globes - Best Performance by an Actress in a Supporting Role in any Motion Picture(Won)
Golden Globes - Best Performance by an Actor in a Supporting Role in any Motion Picture(Won)
Golden Globes - Picture - Musical(Won)","Oscars - WRITING (Screenplay--based on material from another medium)(Nominated)
Oscars - CINEMATOGRAPHY(Nominated)
Oscars - COSTUME DESIGN(Nominated)
Oscars - DIRECTING(Nominated)
Oscars - BEST PICTURE(Nominated)
Oscars - PRODUCTION DESIGN(Nominated)
Oscars - SOUND(Nominated)
BAFTAs - Film | Film From Any Source in 1963(Nominated)
Golden Globes - Best Performance by an Actor in a Motion Picture - Musical or Comedy(Nominated)
Golden Globes - Best Director - Motion Picture(Nominated)
Golden Globes - New Star Of The Year - Actor(Nominated)
Golden Globes - New Star Of The Year - Actor(Nominated)",74829369.0,"$100,000,000"
West Side Story,,92.0,84.0,"Oscars - ACTOR IN A SUPPORTING ROLE(Won)
Oscars - ACTRESS IN A SUPPORTING ROLE(Won)
Oscars - ART DIRECTION (Color)(Won)
Oscars - CINEMATOGRAPHY (Color)(Won)
Oscars - COSTUME DESIGN (Color)(Won)
Oscars - DIRECTING(Won)
Oscars - FILM EDITING(Won)
Oscars - MUSIC (Scoring of a Musical Picture)(Won)
Oscars - BEST MOTION PICTURE(Won)
Oscars - SOUND(Won)
Oscars - WRITING (Screenplay--based on material from another medium)(Nominated)
Oscars - ACTRESS IN A SUPPORTING ROLE(Won)
Oscars - CINEMATOGRAPHY(Nominated)
Oscars - COSTUME DESIGN(Nominated)
Oscars - DIRECTING(Nominated)
Oscars - BEST PICTURE(Nominated)
Oscars - PRODUCTION DESIGN(Nominated)
Oscars - SOUND(Nominated)
BAFTAs - Film | Film From Any Source in 1963(Nominated)
Golden Globes - Best Performance by an Actor in a Motion Picture - Musical or Comedy(Nominated)
Golden Globes - Best Performance by an Actress in a Supporting Role in any Motion Picture(Won)
Golden Globes - Best Performance by an Actor in a Supporting Role in any Motion Picture(Won)
Golden Globes - Best Director - Motion Picture(Nominated)
Golden Globes - Picture - Musical(Won)
Golden Globes - New Star Of The Year - Actor(Nominated)
Golden Globes - New Star Of The Year - Actor(Nominated)",26,14,"Oscars - ACTOR IN A SUPPORTING ROLE(Won)
Oscars - ACTRESS IN A SUPPORTING ROLE(Won)
Oscars - ART DIRECTION (Color)(Won)
Oscars - CINEMATOGRAPHY (Color)(Won)
Oscars - COSTUME DESIGN (Color)(Won)
Oscars - DIRECTING(Won)
Oscars - FILM EDITING(Won)
Oscars - MUSIC (Scoring of a Musical Picture)(Won)
Oscars - BEST MOTION PICTURE(Won)
Oscars - SOUND(Won)
Oscars - ACTRESS IN A SUPPORTING ROLE(Won)
Golden Globes - Best Performance by an Actress in a Supporting Role in any Motion Picture(Won)
Golden Globes - Best Performance by an Actor in a Supporting Role in any Motion Picture(Won)
Golden Globes - Picture - Musical(Won)","Oscars - WRITING (Screenplay--based on material from another medium)(Nominated)
Oscars - CINEMATOGRAPHY(Nominated)
Oscars - COSTUME DESIGN(Nominated)
Oscars - DIRECTING(Nominated)
Oscars - BEST PICTURE(Nominated)
Oscars - PRODUCTION DESIGN(Nominated)
Oscars - SOUND(Nominated)
BAFTAs - Film | Film From Any Source in 1963(Nominated)
Golden Globes - Best Performance by an Actor in a Motion Picture - Musical or Comedy(Nominated)
Golden Globes - Best Director - Motion Picture(Nominated)
Golden Globes - New Star Of The Year - Actor(Nominated)
Golden Globes - New Star Of The Year - Actor(Nominated)",74829369.0,"$6,000,000"
National Champions,,66.0,79.0,,0,0,,,,"$9,000,000"
Nightmare Alley,,88.0,86.0,"Oscars - CINEMATOGRAPHY(Nominated)
Oscars - COSTUME DESIGN(Nominated)
Oscars - BEST PICTURE(Nominated)
Oscars - PRODUCTION DESIGN(Nominated)",4,0,,"Oscars - CINEMATOGRAPHY(Nominated)
Oscars - COSTUME DESIGN(Nominated)
Oscars - BEST PICTURE(Nominated)
Oscars - PRODUCTION DESIGN(Nominated)",37537773.0,"$60,000,000"
The Lost Daughter,,94.0,56.0,"Oscars - ACTRESS IN A LEADING ROLE(Nominated)
Oscars - ACTRESS IN A SUPPORTING ROLE(Nominated)
Oscars - WRITING (Adapted Screenplay)(Nominated)",3,0,,"Oscars - ACTRESS IN A LEADING ROLE(Nominated)
Oscars - ACTRESS IN A SUPPORTING ROLE(Nominated)
Oscars - WRITING (Adapted Screenplay)(Nominated)",,"$5,000,000"
The Matrix Resurrections,,63.0,63.0,,0,0,,,160163197.0,"$190,000,000"
A Journal for Jordan,,39.0,95.0,,0,0,,,,"$25,000,000"
Top Gun: Maverick,,96.0,99.0,"Oscars - FILM EDITING(Nominated)
Oscars - MUSIC (Original Song)(Nominated)
Oscars - BEST PICTURE(Nominated)
Oscars - SOUND(Won)
Oscars - VISUAL EFFECTS(Nominated)
Oscars - WRITING (Adapted Screenplay)(Nominated)",6,1,Oscars - SOUND(Won),"Oscars - FILM EDITING(Nominated)
Oscars - MUSIC (Original Song)(Nominated)
Oscars - BEST PICTURE(Nominated)
Oscars - VISUAL EFFECTS(Nominated)
Oscars - WRITING (Adapted Screenplay)(Nominated)",1454001110.0,"$177,000,000"
Avatar: The Way of Water,,76.0,92.0,"Oscars - BEST PICTURE(Nominated)
Oscars - PRODUCTION DESIGN(Nominated)
Oscars - SOUND(Nominated)
Oscars - VISUAL EFFECTS(Won)",4,1,Oscars - VISUAL EFFECTS(Won),"Oscars - BEST PICTURE(Nominated)
Oscars - PRODUCTION DESIGN(Nominated)
Oscars - SOUND(Nominated)",2320250281.0,"$400,000,000"
Black Panther: Wakanda Forever,,84.0,94.0,"Oscars - ACTRESS IN A SUPPORTING ROLE(Nominated)
Oscars - COSTUME DESIGN(Won)
Oscars - MAKEUP AND HAIRSTYLING(Nominated)
Oscars - MUSIC (Original Song)(Nominated)
Oscars - VISUAL EFFECTS(Nominated)",5,1,Oscars - COSTUME DESIGN(Won),"Oscars - ACTRESS IN A SUPPORTING ROLE(Nominated)
Oscars - MAKEUP AND HAIRSTYLING(Nominated)
Oscars - MUSIC (Original Song)(Nominated)
Oscars - VISUAL EFFECTS(Nominated)",859208836.0,"$250,000,000"
Doctor Strange in the Multiverse of Madness,,74.0,85.0,,0,0,,,,"$200,000,000"
Minions: The Rise of Gru,,70.0,89.0,,0,0,,,937706494.0,"$100,000,000"
The Batman,,85.0,87.0,"Oscars - MAKEUP AND HAIRSTYLING(Nominated)
Oscars - SOUND(Nominated)
Oscars - VISUAL EFFECTS(Nominated)",3,0,,"Oscars - MAKEUP AND HAIRSTYLING(Nominated)
Oscars - SOUND(Nominated)
Oscars - VISUAL EFFECTS(Nominated)",770860380.0,"$200,000,000"
Thor: Love and Thunder,,63.0,76.0,,0,0,,,760928081.0,"$250,000,000"
Sonic the Hedgehog 2,,68.0,96.0,,0,0,,,403824597.0,"$90,000,000"
Puss in Boots: The Last Wish,,95.0,94.0,Oscars - ANIMATED FEATURE FILM(Nominated),1,0,,Oscars - ANIMATED FEATURE FILM(Nominated),484329137.0,"$110,000,000"
The 355,,24.0,86.0,,0,0,,,18902798.0,"$75,000,000"
Moonfall,,35.0,70.0,,0,0,,,59053195.0,"$150,000,000"
Shut In,,4.0,23.0,,0,0,,,,"$10,000,000"
Turning Red,,95.0,67.0,Oscars - ANIMATED FEATURE FILM(Nominated),1,0,,Oscars - ANIMATED FEATURE FILM(Nominated),,"$175,000,000"
The Lost City,,79.0,83.0,,0,0,,,192327444.0,"$74,000,000"
The Lost City,,79.0,83.0,,0,0,,,192327444.0,"$9,600,000"
Morbius,,15.0,71.0,,0,0,,,162759437.0,"$75,000,000"
Father Stu,,43.0,95.0,,0,0,,,21989422.0,"$4,000,000"
Fantastic Beasts: The Secrets of Dumbledore,,46.0,83.0,,0,0,,,,"$200,000,000"
The Unbearable Weight of Massive Talent,,87.0,87.0,,0,0,,,29116320.0,"$30,000,000"
Operation Mincemeat,,83.0,66.0,,0,0,,,,"$6,300,000"
Lightyear,,74.0,84.0,,0,0,,,218878024.0,"$200,000,000"
Elvis,,77.0,94.0,"Oscars - ACTOR IN A LEADING ROLE(Nominated)
Oscars - CINEMATOGRAPHY(Nominated)
Oscars - COSTUME DESIGN(Nominated)
Oscars - FILM EDITING(Nominated)
Oscars - MAKEUP AND HAIRSTYLING(Nominated)
Oscars - BEST PICTURE(Nominated)
Oscars - PRODUCTION DESIGN(Nominated)
Oscars - SOUND(Nominated)
Golden Globes - Television Movie(Nominated)
Golden Globes - Best Performance by an Actor in a Limited Series or a Motion Picture Made for Television(Won)
Golden Globes - Best Performance by an Actress in a Supporting Role in a Series, Limited Series or Motion Picture Made for Television(Nominated)
Golden Globes - Best Performance by an Actor in a Supporting Role in a Series, Limited Series or Motion Picture Made for Television(Nominated)",12,1,Golden Globes - Best Performance by an Actor in a Limited Series or a Motion Picture Made for Television(Won),"Oscars - ACTOR IN A LEADING ROLE(Nominated)
Oscars - CINEMATOGRAPHY(Nominated)
Oscars - COSTUME DESIGN(Nominated)
Oscars - FILM EDITING(Nominated)
Oscars - MAKEUP AND HAIRSTYLING(Nominated)
Oscars - BEST PICTURE(Nominated)
Oscars - PRODUCTION DESIGN(Nominated)
Oscars - SOUND(Nominated)
Golden Globes - Television Movie(Nominated)
Golden Globes - Best Performance by an Actress in a Supporting Role in a Series, Limited Series or Motion Picture Made for Television(Nominated)
Golden Globes - Best Performance by an Actor in a Supporting Role in a Series, Limited Series or Motion Picture Made for Television(Nominated)",288116153.0,"$85,000,000"
The Black Phone,,82.0,88.0,,0,0,,,161441914.0,"$18,000,000"
Marcel the Shell with Shoes On,,98.0,90.0,Oscars - ANIMATED FEATURE FILM(Nominated),1,0,,Oscars - ANIMATED FEATURE FILM(Nominated),,"$6,000,000"
Where the Crawdads Sing,,35.0,96.0,,0,0,,,144353965.0,"$24,000,000"
Paws of Fury: The Legend of Hank,,54.0,67.0,,0,0,,,40166138.0,"$45,000,000"
Nope,,83.0,69.0,,0,0,,,172039087.0,"$68,000,000"
Three Thousand Years of Longing,,71.0,73.0,,0,0,,,21245954.0,"$60,000,000"
The Woman King,,94.0,99.0,,0,0,,,94272634.0,"$50,000,000"
Hocus Pocus 2,,65.0,47.0,,0,0,,,,"$40,000,000"
"Lyle, Lyle, Crocodile",,71.0,93.0,,0,0,,,107192068.0,"$50,000,000"
Halloween Ends,,40.0,57.0,,0,0,,,105400796.0,"$20,000,000"
Black Adam,,39.0,88.0,,0,0,,,393583344.0,"$200,000,000"
The Banshees of Inisherin,,96.0,75.0,"Oscars - ACTOR IN A LEADING ROLE(Nominated)
Oscars - ACTOR IN A SUPPORTING ROLE(Nominated)
Oscars - ACTOR IN A SUPPORTING ROLE(Nominated)
Oscars - ACTRESS IN A SUPPORTING ROLE(Nominated)
Oscars - DIRECTING(Nominated)
Oscars - FILM EDITING(Nominated)
Oscars - MUSIC (Original Score)(Nominated)
Oscars - BEST PICTURE(Nominated)
Oscars - WRITING (Original Screenplay)(Nominated)",9,0,,"Oscars - ACTOR IN A LEADING ROLE(Nominated)
Oscars - ACTOR IN A SUPPORTING ROLE(Nominated)
Oscars - ACTOR IN A SUPPORTING ROLE(Nominated)
Oscars - ACTRESS IN A SUPPORTING ROLE(Nominated)
Oscars - DIRECTING(Nominated)
Oscars - FILM EDITING(Nominated)
Oscars - MUSIC (Original Score)(Nominated)
Oscars - BEST PICTURE(Nominated)
Oscars - WRITING (Original Screenplay)(Nominated)",52344724.0,"$20,000,000"
Armageddon Time,,76.0,48.0,,0,0,,,99478272.0,"$15,000,000"
The Menu,,88.0,76.0,,0,0,,,79628200.0,"$30,000,000"
The Inspection,,88.0,91.0,,0,0,,,,"$3,000,000"
Strange World,,72.0,66.0,,0,0,,,74741679.0,"$180,000,000"
Violent Night,,73.0,88.0,,0,0,,,76599977.0,"$20,000,000"
The Whale,,86.0,84.0,"Oscars - ACTOR IN A LEADING ROLE(Won)
Oscars - ACTRESS IN A SUPPORTING ROLE(Nominated)
Oscars - MAKEUP AND HAIRSTYLING(Won)",3,2,"Oscars - ACTOR IN A LEADING ROLE(Won)
Oscars - MAKEUP AND HAIRSTYLING(Won)",Oscars - ACTRESS IN A SUPPORTING ROLE(Nominated),54044481.0,"$3,000,000"
A Man Called Otto,,70.0,97.0,,0,0,,,108641148.0,"$50,000,000"
Barbie,,88.0,83.0,"Oscars - ACTOR IN A SUPPORTING ROLE(Nominated)
Oscars - ACTRESS IN A SUPPORTING ROLE(Nominated)
Oscars - COSTUME DESIGN(Nominated)
Oscars - MUSIC (Original Song)(Nominated)
Oscars - MUSIC (Original Song)(Won)
Oscars - BEST PICTURE(Nominated)
Oscars - PRODUCTION DESIGN(Nominated)
Oscars - WRITING (Adapted Screenplay)(Nominated)",8,1,Oscars - MUSIC (Original Song)(Won),"Oscars - ACTOR IN A SUPPORTING ROLE(Nominated)
Oscars - ACTRESS IN A SUPPORTING ROLE(Nominated)
Oscars - COSTUME DESIGN(Nominated)
Oscars - MUSIC (Original Song)(Nominated)
Oscars - BEST PICTURE(Nominated)
Oscars - PRODUCTION DESIGN(Nominated)
Oscars - WRITING (Adapted Screenplay)(Nominated)",1444459229.0,"$145,000,000"
The Super Mario Bros. Movie,,59.0,95.0,,0,0,,,1359146628.0,"$100,000,000"
Wonka,,82.0,91.0,,0,0,,,633576416.0,"$125,000,000"
John Wick: Chapter 4,,94.0,93.0,,0,0,,,440320578.0,"$100,000,000"
Sound of Freedom,,57.0,99.0,,0,0,,,250729678.0,"$14,500,000"
M3GAN,,93.0,78.0,,0,0,,,181796517.0,"$12,000,000"
The Drop,,89.0,76.0,,0,0,,,19054534.0,"$12,600,000"
Knock at the Cabin,,67.0,63.0,,0,0,,,54712735.0,"$20,000,000"
80 for Brady,,58.0,89.0,,0,0,,,40384027.0,"$28,000,000"
Jesus Revolution,,54.0,99.0,,0,0,,,53380981.0,"$15,000,000"
Creed III,,88.0,95.0,,0,0,,,276148615.0,"$75,000,000"
Operation Fortune: Ruse de guerre,,51.0,82.0,,0,0,,,27835815.0,"$50,000,000"
Scream VI,,76.0,91.0,,0,0,,,169063850.0,"$33,000,000"
65,,36.0,65.0,,0,0,,,56241027.0,"$45,000,000"
Shazam! Fury of the Gods,,49.0,86.0,,0,0,,,134221819.0,"$125,000,000"
Dungeons & Dragons: Honor Among Thieves,,91.0,93.0,,0,0,,,207854947.0,"$150,000,000"
Renfield,,58.0,79.0,,0,0,,,26874347.0,"$86,203,077"
Mafia Mamma,,21.0,67.0,,0,0,,,,"$41,000,000"
Evil Dead Rise,,84.0,76.0,,0,0,,,147156372.0,"$15,000,000"
Knights of the Zodiac,,21.0,60.0,,0,0,,,,"$60,000,000"
Fast X,,56.0,84.0,,0,0,,,714375114.0,"$340,000,000"
Past Lives,,95.0,84.0,"Oscars - BEST PICTURE(Nominated)
Oscars - WRITING (Original Screenplay)(Nominated)",2,0,,"Oscars - BEST PICTURE(Nominated)
Oscars - WRITING (Original Screenplay)(Nominated)",42913181.0,"$12,000,000"
Transformers: Rise of the Beasts,,52.0,91.0,,0,0,,,439241749.0,"$195,000,000"
Elemental,,100.0,60.0,Oscars - ANIMATED FEATURE FILM(Nominated),1,0,,Oscars - ANIMATED FEATURE FILM(Nominated),484829737.0,"$200,000,000"
Indiana Jones and the Dial of Destiny,,70.0,88.0,Oscars - MUSIC (Original Score)(Nominated),1,0,,Oscars - MUSIC (Original Score)(Nominated),383963057.0,"$300,000,000"
"Ruby Gillman, Teenage Kraken",,65.0,81.0,,0,0,,,46247409.0,"$70,000,000"
Insidious: The Red Door,,39.0,70.0,,0,0,,,186258928.0,"$16,000,000"
Teenage Mutant Ninja Turtles: Mutant Mayhem,,95.0,90.0,,0,0,,,,"$70,000,000"
Meg 2: The Trench,,27.0,73.0,,0,0,,,397833033.0,"$129,000,000"
The Last Voyage of the Demeter,,49.0,75.0,,0,0,,,20397648.0,"$45,000,000"
Blue Beetle,,77.0,91.0,,0,0,,,130841501.0,"$120,000,000"
Strays,,40.0,44.0,,0,0,,,35983009.0,"$46,000,000"
Bottoms,,90.0,89.0,,0,0,,,,"$11,300,000"
The Nun II,,52.0,73.0,,0,0,,,269670590.0,"$38,000,000"
Dumb Money,,84.0,85.0,,0,0,,,17956910.0,"$30,000,000"
Expend4bles,,13.0,70.0,,0,0,,,51133603.0,"$100,000,000"
Saw X,,80.0,89.0,,0,0,,,125319714.0,"$13,000,000"
The Exorcist: Believer,,22.0,59.0,,0,0,,,136998069.0,"$30,000,000"
Dicks: The Musical,,67.0,66.0,,0,0,,,,"$8,000,000"
TAYLOR SWIFT | THE ERAS TOUR,,99.0,98.0,,0,0,,,261413059.0,"$15,000,000"
Killers of the Flower Moon,,93.0,84.0,"Oscars - ACTOR IN A SUPPORTING ROLE(Nominated)
Oscars - ACTRESS IN A LEADING ROLE(Nominated)
Oscars - CINEMATOGRAPHY(Nominated)
Oscars - COSTUME DESIGN(Nominated)
Oscars - DIRECTING(Nominated)
Oscars - FILM EDITING(Nominated)
Oscars - MUSIC (Original Score)(Nominated)
Oscars - MUSIC (Original Song)(Nominated)
Oscars - BEST PICTURE(Nominated)
Oscars - PRODUCTION DESIGN(Nominated)",10,0,,"Oscars - ACTOR IN A SUPPORTING ROLE(Nominated)
Oscars - ACTRESS IN A LEADING ROLE(Nominated)
Oscars - CINEMATOGRAPHY(Nominated)
Oscars - COSTUME DESIGN(Nominated)
Oscars - DIRECTING(Nominated)
Oscars - FILM EDITING(Nominated)
Oscars - MUSIC (Original Score)(Nominated)
Oscars - MUSIC (Original Song)(Nominated)
Oscars - BEST PICTURE(Nominated)
Oscars - PRODUCTION DESIGN(Nominated)",156432918.0,"$200,000,000"
Priscilla,,84.0,63.0,,0,0,,,30977065.0,"$20,000,000"
The Marvels,,62.0,82.0,,0,0,,,199706250.0,"$270,000,000"
Journey to Bethlehem,,75.0,94.0,,0,0,,,,"$6,000,000"
The Hunger Games: The Ballad of Songbirds & Snakes,,64.0,89.0,,0,0,,,,"$100,000,000"
Trolls Band Together,,63.0,92.0,,0,0,,,210651834.0,"$95,000,000"
Next Goal Wins,,100.0,89.0,,0,0,,,17968934.0,"$10,000,000"
American Fiction,,93.0,96.0,"Oscars - ACTOR IN A LEADING ROLE(Nominated)
Oscars - ACTOR IN A SUPPORTING ROLE(Nominated)
Oscars - MUSIC (Original Score)(Nominated)
Oscars - BEST PICTURE(Nominated)
Oscars - WRITING (Adapted Screenplay)(Won)",5,1,Oscars - WRITING (Adapted Screenplay)(Won),"Oscars - ACTOR IN A LEADING ROLE(Nominated)
Oscars - ACTOR IN A SUPPORTING ROLE(Nominated)
Oscars - MUSIC (Original Score)(Nominated)
Oscars - BEST PICTURE(Nominated)",23026243.0,"$10,000,000"
Aquaman and the Lost Kingdom,,33.0,81.0,,0,0,,,439381226.0,"$205,000,000"
The Iron Claw,,100.0,100.0,,0,0,,,46140822.0,"$15,900,000"
