rank,year,title,worldwide_gross
1,2009,Avatar,"$2,923,706,026"
2,2019,Avengers: Endgame,"$2,717,503,922"
3,2022,Avatar: The Way of Water,"$2,320,250,281"
4,1997,Titanic,"$2,223,048,786"
5,2015,Star Wars Ep. VII: The Force Awakens,"$2,056,046,835"
6,2018,Avengers: Infinity War,"$2,048,359,754"
7,2025,Ne Zha 2 (哪吒之魔童闹海),"$1,969,663,909"
8,2021,Spider-Man: No Way Home,"$1,921,206,586"
9,2024,Inside Out 2,"$1,698,831,782"
10,2015,Jurassic World,"$1,671,063,641"
11,2019,The Lion King,"$1,661,454,403"
12,2012,The Avengers,"$1,515,100,211"
13,2015,Furious 7,"$1,511,986,364"
14,2022,Top Gun: Maverick,"$1,454,001,110"
15,2019,Frozen II,"$1,451,653,316"
16,2023,Barbie,"$1,444,459,229"
17,2015,Avengers: Age of Ultron,"$1,395,316,979"
18,2023,The Super Mario Bros. Movie,"$1,359,146,628"
19,2024,Deadpool & Wolverine,"$1,338,071,348"
20,2018,Black Panther,"$1,334,157,082"
21,2017,Star Wars Ep. VIII: The Last Jedi,"$1,322,581,071"
22,2011,Harry Potter and the Deathly Hallows:…,"$1,311,412,625"
23,2018,Jurassic World: Fallen Kingdom,"$1,308,323,302"
24,2013,Frozen,"$1,270,089,468"
25,2017,Beauty and the Beast,"$1,260,691,100"
26,2018,Incredibles 2,"$1,242,805,359"
27,2017,The Fate of the Furious,"$1,235,534,014"
28,2013,Iron Man 3,"$1,214,630,956"
29,2015,Minions,"$1,157,271,759"
30,2016,Captain America: Civil War,"$1,151,899,586"
31,2019,Spider-Man: Far From Home,"$1,132,298,674"
32,2018,Aquaman,"$1,131,849,702"
33,2019,Captain Marvel,"$1,129,576,094"
34,2003,The Lord of the Rings: The Return of …,"$1,123,837,908"
35,2011,Transformers: Dark of the Moon,"$1,123,794,079"
36,2012,Skyfall,"$1,110,526,981"
37,2014,Transformers: Age of Extinction,"$1,104,054,072"
38,2012,The Dark Knight Rises,"$1,082,228,107"
39,2019,Toy Story 4,"$1,071,177,215"
40,2019,Star Wars: The Rise of Skywalker,"$1,069,951,814"
41,2010,Toy Story 3,"$1,068,879,522"
42,2006,Pirates of the Caribbean: Dead Man’s …,"$1,066,179,725"
43,2019,Joker,"$1,063,574,394"
44,2024,Moana 2,"$1,059,269,477"
45,1993,Jurassic Park,"$1,058,454,230"
46,2016,Rogue One: A Star Wars Story,"$1,055,083,596"
47,1999,Star Wars Ep. I: The Phantom Menace,"$1,046,513,456"
48,2011,Pirates of the Caribbean: On Stranger…,"$1,045,713,802"
49,2019,Aladdin,"$1,042,126,107"
50,2017,Despicable Me 3,"$1,032,809,657"
51,2010,Alice in Wonderland,"$1,025,491,110"
52,2016,Zootopia,"$1,025,485,003"
53,2016,Finding Dory,"$1,025,006,125"
54,2012,The Hobbit: An Unexpected Journey,"$1,014,938,545"
55,2008,The Dark Knight,"$1,010,086,005"
56,2022,Jurassic World: Dominion,"$1,004,004,592"
57,1994,The Lion King,"$988,389,726"
58,2023,Oppenheimer,"$976,264,539"
59,2013,Despicable Me 2,"$975,216,835"
60,2024,Despicable Me 4,"$971,315,095"
61,2001,Harry Potter and the Sorcerer’s Stone,"$962,578,450"
62,2017,Jumanji: Welcome to the Jungle,"$961,632,807"
63,2007,Pirates of the Caribbean: At World’s …,"$960,996,492"
64,2013,The Hobbit: The Desolation of Smaug,"$959,358,436"
65,2022,Doctor Strange in the Multiverse of M…,"$952,224,986"
66,2016,The Jungle Book,"$951,806,722"
67,2010,Harry Potter and the Deathly Hallows:…,"$943,476,160"
68,2014,The Hobbit: The Battle of the Five Ar…,"$940,323,039"
69,2007,Harry Potter and the Order of the Pho…,"$937,961,254"
70,2022,Minions: The Rise of Gru,"$937,706,494"
71,2003,Finding Nemo,"$936,094,852"
72,2004,Shrek 2,"$933,848,612"
73,2009,Harry Potter and the Half-Blood Prince,"$926,492,031"
74,2002,The Lord of the Rings: The Two Towers,"$921,711,177"
75,2007,Spider-Man 3,"$895,937,268"
76,2001,The Lord of the Rings: The Fellowship…,"$894,291,662"
77,2005,Star Wars Ep. III: Revenge of the Sith,"$891,493,926"
78,2009,Ice Age: Dawn of the Dinosaurs,"$886,686,817"
79,2005,Harry Potter and the Goblet of Fire,"$886,112,502"
80,2016,The Secret Life of Pets,"$886,013,000"
81,2012,Ice Age: Continental Drift,"$879,765,137"
82,2018,Bohemian Rhapsody,"$879,088,897"
83,2015,Spectre,"$879,077,344"
84,2017,Spider-Man: Homecoming,"$878,852,749"
85,2002,Harry Potter and the Chamber of Secrets,"$876,152,709"
86,2016,Batman v Superman: Dawn of Justice,"$872,395,091"
87,2017,Guardians of the Galaxy Vol 2,"$869,087,963"
88,2013,The Hunger Games: Catching Fire,"$864,808,014"
89,2022,Black Panther: Wakanda Forever,"$859,208,836"
90,2018,Venom,"$856,081,053"
91,2017,Thor: Ragnarok,"$850,482,778"
92,2015,Inside Out,"$850,309,035"
93,2023,Guardians of the Galaxy Vol 3,"$845,555,777"
94,2021,"Hi, Mom (你好, 李焕英)","$839,098,445"
95,2009,Transformers: Revenge of the Fallen,"$836,519,699"
96,2012,"The Twilight Saga: Breaking Dawn, Part 2","$829,724,737"
97,2010,Inception,"$826,873,382"
98,2002,Spider-Man,"$822,652,858"
99,2017,Wonder Woman,"$817,691,766"
100,1996,Independence Day,"$817,400,878"
1,2009,Avatar,"$2,923,706,026"
2,2019,Avengers: Endgame,"$2,717,503,922"
3,2022,Avatar: The Way of Water,"$2,320,250,281"
4,1997,Titanic,"$2,223,048,786"
5,2015,Star Wars Ep. VII: The Force Awakens,"$2,056,046,835"
6,2018,Avengers: Infinity War,"$2,048,359,754"
7,2025,Ne Zha 2 (哪吒之魔童闹海),"$1,969,663,909"
8,2021,Spider-Man: No Way Home,"$1,921,206,586"
9,2024,Inside Out 2,"$1,698,831,782"
10,2015,Jurassic World,"$1,671,063,641"
11,2019,The Lion King,"$1,661,454,403"
12,2012,The Avengers,"$1,515,100,211"
13,2015,Furious 7,"$1,511,986,364"
14,2022,Top Gun: Maverick,"$1,454,001,110"
15,2019,Frozen II,"$1,451,653,316"
16,2023,Barbie,"$1,444,459,229"
17,2015,Avengers: Age of Ultron,"$1,395,316,979"
18,2023,The Super Mario Bros. Movie,"$1,359,146,628"
19,2024,Deadpool & Wolverine,"$1,338,071,348"
20,2018,Black Panther,"$1,334,157,082"
21,2017,Star Wars Ep. VIII: The Last Jedi,"$1,322,581,071"
22,2011,Harry Potter and the Deathly Hallows:…,"$1,311,412,625"
23,2018,Jurassic World: Fallen Kingdom,"$1,308,323,302"
24,2013,Frozen,"$1,270,089,468"
25,2017,Beauty and the Beast,"$1,260,691,100"
26,2018,Incredibles 2,"$1,242,805,359"
27,2017,The Fate of the Furious,"$1,235,534,014"
28,2013,Iron Man 3,"$1,214,630,956"
29,2015,Minions,"$1,157,271,759"
30,2016,Captain America: Civil War,"$1,151,899,586"
31,2019,Spider-Man: Far From Home,"$1,132,298,674"
32,2018,Aquaman,"$1,131,849,702"
33,2019,Captain Marvel,"$1,129,576,094"
34,2003,The Lord of the Rings: The Return of …,"$1,123,837,908"
35,2011,Transformers: Dark of the Moon,"$1,123,794,079"
36,2012,Skyfall,"$1,110,526,981"
37,2014,Transformers: Age of Extinction,"$1,104,054,072"
38,2012,The Dark Knight Rises,"$1,082,228,107"
39,2019,Toy Story 4,"$1,071,177,215"
40,2019,Star Wars: The Rise of Skywalker,"$1,069,951,814"
41,2010,Toy Story 3,"$1,068,879,522"
42,2006,Pirates of the Caribbean: Dead Man’s …,"$1,066,179,725"
43,2019,Joker,"$1,063,574,394"
44,2024,Moana 2,"$1,059,269,477"
45,1993,Jurassic Park,"$1,058,454,230"
46,2016,Rogue One: A Star Wars Story,"$1,055,083,596"
47,1999,Star Wars Ep. I: The Phantom Menace,"$1,046,513,456"
48,2011,Pirates of the Caribbean: On Stranger…,"$1,045,713,802"
49,2019,Aladdin,"$1,042,126,107"
50,2017,Despicable Me 3,"$1,032,809,657"
51,2010,Alice in Wonderland,"$1,025,491,110"
52,2016,Zootopia,"$1,025,485,003"
53,2016,Finding Dory,"$1,025,006,125"
54,2012,The Hobbit: An Unexpected Journey,"$1,014,938,545"
55,2008,The Dark Knight,"$1,010,086,005"
56,2022,Jurassic World: Dominion,"$1,004,004,592"
57,1994,The Lion King,"$988,389,726"
58,2023,Oppenheimer,"$976,264,539"
59,2013,Despicable Me 2,"$975,216,835"
60,2024,Despicable Me 4,"$971,315,095"
61,2001,Harry Potter and the Sorcerer’s Stone,"$962,578,450"
62,2017,Jumanji: Welcome to the Jungle,"$961,632,807"
63,2007,Pirates of the Caribbean: At World’s …,"$960,996,492"
64,2013,The Hobbit: The Desolation of Smaug,"$959,358,436"
65,2022,Doctor Strange in the Multiverse of M…,"$952,224,986"
66,2016,The Jungle Book,"$951,806,722"
67,2010,Harry Potter and the Deathly Hallows:…,"$943,476,160"
68,2014,The Hobbit: The Battle of the Five Ar…,"$940,323,039"
69,2007,Harry Potter and the Order of the Pho…,"$937,961,254"
70,2022,Minions: The Rise of Gru,"$937,706,494"
71,2003,Finding Nemo,"$936,094,852"
72,2004,Shrek 2,"$933,848,612"
73,2009,Harry Potter and the Half-Blood Prince,"$926,492,031"
74,2002,The Lord of the Rings: The Two Towers,"$921,711,177"
75,2007,Spider-Man 3,"$895,937,268"
76,2001,The Lord of the Rings: The Fellowship…,"$894,291,662"
77,2005,Star Wars Ep. III: Revenge of the Sith,"$891,493,926"
78,2009,Ice Age: Dawn of the Dinosaurs,"$886,686,817"
79,2005,Harry Potter and the Goblet of Fire,"$886,112,502"
80,2016,The Secret Life of Pets,"$886,013,000"
81,2012,Ice Age: Continental Drift,"$879,765,137"
82,2018,Bohemian Rhapsody,"$879,088,897"
83,2015,Spectre,"$879,077,344"
84,2017,Spider-Man: Homecoming,"$878,852,749"
85,2002,Harry Potter and the Chamber of Secrets,"$876,152,709"
86,2016,Batman v Superman: Dawn of Justice,"$872,395,091"
87,2017,Guardians of the Galaxy Vol 2,"$869,087,963"
88,2013,The Hunger Games: Catching Fire,"$864,808,014"
89,2022,Black Panther: Wakanda Forever,"$859,208,836"
90,2018,Venom,"$856,081,053"
91,2017,Thor: Ragnarok,"$850,482,778"
92,2015,Inside Out,"$850,309,035"
93,2023,Guardians of the Galaxy Vol 3,"$845,555,777"
94,2021,"Hi, Mom (你好, 李焕英)","$839,098,445"
95,2009,Transformers: Revenge of the Fallen,"$836,519,699"
96,2012,"The Twilight Saga: Breaking Dawn, Part 2","$829,724,737"
97,2010,Inception,"$826,873,382"
98,2002,Spider-Man,"$822,652,858"
99,2017,Wonder Woman,"$817,691,766"
100,1996,Independence Day,"$817,400,878"
101,2017,Wolf Warrior 2 (战狼2),"$815,740,836"
102,2025,A Minecraft Movie,"$814,953,914"
103,2016,Fantastic Beasts and Where to Find Them,"$811,724,385"
104,2021,The Battle at Lake Changjin,"$808,407,908"
105,2007,Shrek the Third,"$807,330,936"
106,1982,E.T. the Extra-Terrestrial,"$797,307,407"
107,2017,Coco,"$796,397,165"
108,2004,Spider-Man 2,"$795,888,127"
109,2017,Pirates of the Caribbean: Dead Men Te…,"$794,861,794"
110,2019,Jumanji: The Next Level,"$792,472,668"
111,2013,Fast and Furious 6,"$789,300,444"
112,2008,Indiana Jones and the Kingdom of the …,"$786,635,413"
113,2018,Mission: Impossible—Fallout,"$786,626,183"
114,2018,Deadpool 2,"$786,362,370"
115,2004,Harry Potter and the Prisoner of Azkaban,"$784,234,714"
116,2016,Deadpool,"$781,947,691"
117,1977,Star Wars Ep. IV: A New Hope,"$775,398,007"
118,2014,Guardians of the Galaxy,"$770,882,395"
119,2022,The Batman,"$770,860,380"
120,2006,The Da Vinci Code,"$767,820,459"
121,2014,The Hunger Games: Mockingjay - Part 1,"$766,575,131"
122,2022,Thor: Love and Thunder,"$760,928,081"
123,2019,Fast & Furious Presents: Hobbs & Shaw,"$760,732,926"
124,2021,No Time to Die,"$758,929,771"
125,2012,The Amazing Spider-Man,"$758,576,824"
126,2014,Maleficent,"$758,536,735"
127,2009,2012,"$757,677,748"
128,2010,Shrek Forever After,"$756,244,673"
129,2024,Wicked,"$751,566,216"
130,2014,X-Men: Days of Future Past,"$747,862,775"
131,2012,Madagascar 3: Europe's Most Wanted,"$746,921,271"
132,2016,Suicide Squad,"$745,744,980"
133,2013,Monsters University,"$743,455,810"
134,2019,Ne Zha (哪吒之魔童降世),"$742,718,496"
135,2003,The Matrix Reloaded,"$738,576,929"
136,2009,Up,"$731,463,377"
137,2024,Mufasa: The Lion King,"$722,339,600"
138,2005,"The Chronicles of Narnia: The Lion, t…","$720,539,572"
139,2021,F9: The Fast Saga,"$719,360,068"
140,2024,Dune: Part Two,"$714,711,520"
141,2014,Captain America: The Winter Soldier,"$714,401,889"
142,2023,Fast X,"$714,375,114"
143,2014,Dawn of the Planet of the Apes,"$710,644,566"
144,2014,The Amazing Spider-Man 2,"$709,672,746"
145,2007,Transformers,"$708,272,592"
146,2010,The Twilight Saga: Eclipse,"$706,101,755"
147,2017,It,"$701,012,746"
148,2011,Mission: Impossible—Ghost Protocol,"$694,713,230"
149,2015,Mission: Impossible—Rogue Nation,"$688,858,992"
150,2009,The Twilight Saga: New Moon,"$687,556,547"
151,2013,Gravity,"$684,657,731"
152,2016,Moana,"$684,654,985"
153,2011,"The Twilight Saga: Breaking Dawn, Part 1","$682,235,400"
154,2023,Spider-Man: Across the Spider-Verse,"$681,138,413"
155,1994,Forrest Gump,"$679,835,137"
156,2012,The Hunger Games,"$677,923,379"
157,2016,Doctor Strange,"$676,343,174"
158,1999,The Sixth Sense,"$672,806,292"
159,2013,Man of Steel,"$667,999,518"
160,2011,Kung Fu Panda 2,"$664,837,547"
161,2002,Star Wars Ep. II: Attack of the Clones,"$656,695,615"
162,2017,Justice League,"$655,945,209"
163,2003,Pirates of the Caribbean: The Curse o…,"$654,310,819"
164,2012,Men in Black 3,"$654,213,485"
165,2015,The Martian,"$653,609,107"
166,2006,Ice Age: The Meltdown,"$651,899,282"
167,2018,Fantastic Beasts: The Crimes of Grind…,"$648,455,339"
168,2014,Big Hero 6,"$647,263,005"
169,2015,The Hunger Games: Mockingjay - Part 2,"$646,219,954"
170,2013,Thor: The Dark World,"$644,602,516"
171,2014,Interstellar,"$641,756,828"
172,2023,Wonka,"$633,576,416"
173,2008,Kung Fu Panda,"$632,203,486"
174,2004,The Incredibles,"$631,441,092"
175,2016,Sing,"$631,064,182"
176,2011,Fast Five,"$629,975,898"
177,2007,Ratatouille,"$626,549,695"
178,2008,Hancock,"$624,234,272"
179,2018,Ant-Man and the Wasp,"$623,144,660"
180,2004,The Passion of the Christ,"$622,313,635"
181,2010,Iron Man 2,"$621,156,389"
182,2012,Life of Pi,"$619,310,368"
183,1997,The Lost World: Jurassic Park,"$618,638,999"
184,2014,How to Train Your Dragon 2,"$614,586,270"
185,2017,Logan,"$614,202,315"
186,2019,The Wandering Earth (流浪地球),"$610,759,412"
187,2005,War of the Worlds,"$606,836,535"
188,2017,Transformers: The Last Knight,"$602,893,340"
189,2008,Madagascar: Escape 2 Africa,"$599,680,774"
190,2006,Casino Royale,"$594,420,216"
191,2008,Quantum of Solace,"$591,692,078"
192,1997,Men in Black,"$587,790,539"
193,2011,The Hangover Part II,"$586,764,305"
194,2007,I am Legend,"$585,532,684"
195,2008,Iron Man,"$584,877,827"
196,2008,Mamma Mia!,"$583,178,277"
197,2010,Tangled,"$582,440,151"
198,2023,Full River Red (满江红),"$581,641,120"
199,2006,Night at the Museum,"$579,446,407"
200,2018,Ready Player One,"$579,055,653"
201,2013,The Croods,"$573,068,425"
202,2024,Godzilla x Kong: The New Empire,"$572,305,338"
203,2015,Fifty Shades of Grey,"$570,794,950"
204,2021,Detective Chinatown 3 (唐人街探案3),"$570,051,257"
205,2023,The Little Mermaid,"$569,626,289"
206,2017,Kong: Skull Island,"$568,652,812"
207,2023,Mission: Impossible Dead Reckoning Pa…,"$565,857,048"
208,2011,The Smurfs,"$563,749,323"
209,2001,"Monsters, Inc.","$560,483,719"
210,2011,Cars 2,"$560,155,383"
211,2005,King Kong,"$556,906,378"
212,2005,Madagascar,"$556,559,566"
213,2012,Ted,"$556,016,627"
214,2004,The Day After Tomorrow,"$555,840,117"
215,2011,Puss in Boots,"$554,987,477"
216,2012,Brave,"$554,606,532"
217,1998,Armageddon,"$554,600,000"
218,2000,Mission: Impossible 2,"$549,588,516"
219,1980,Star Wars Ep. V: The Empire Strikes Back,"$549,001,086"
220,2024,Kung Fu Panda 4,"$547,863,457"
221,2014,American Sniper,"$547,626,372"
222,2010,Despicable Me,"$544,707,293"
223,2018,Detective Chinatown 2 (唐人街探案),"$544,068,574"
224,2016,X-Men: Apocalypse,"$542,537,546"
225,2015,Cinderella,"$542,351,353"
226,2011,Sherlock Holmes: A Game of Shadows,"$535,663,443"
227,2015,The Revenant,"$532,938,302"
228,2008,WALL-E,"$532,508,025"
229,2013,World War Z,"$531,861,650"
230,2018,Ralph Breaks The Internet,"$529,290,830"
231,2014,Godzilla,"$529,076,069"
232,2017,The Boss Baby,"$527,909,949"
233,2018,Hotel Transylvania 3: Summer Vacation,"$527,361,714"
234,2018,The Meg,"$527,267,828"
235,2007,The Simpsons Movie,"$527,071,022"
236,2016,The Mermaid (美人鱼),"$523,758,236"
237,2019,How to Train Your Dragon: The Hidden …,"$520,979,901"
238,2016,Kung Fu Panda 3,"$520,189,225"
239,2015,Ant-Man,"$518,858,449"
240,1990,Ghost,"$517,599,988"
241,2023,The Wandering Earth 2 (流浪地球2),"$517,096,645"
242,2004,Meet the Fockers,"$516,567,575"
243,2022,Water Gate Bridge (长津湖之水门桥)…,"$515,456,809"
244,1991,Terminator 2: Judgment Day,"$515,344,899"
245,2018,Dr. Seuss’ The Grinch,"$514,330,681"
246,1999,Toy Story 2,"$511,358,276"
247,2017,Dunkirk,"$509,736,928"
248,2020,Demon Slayer: Kimetsu no Yaiba—The Mo…,"$507,119,058"
249,2016,La La Land,"$504,662,906"
250,2023,No More Bets (孤注一掷),"$504,630,207"
251,1992,Aladdin,"$504,050,219"
252,2021,Venom: Let There be Carnage,"$501,546,922"
253,1996,Twister,"$499,230,797"
254,2009,Sherlock Holmes,"$498,438,212"
255,2012,Wreck-It Ralph,"$496,511,521"
256,2010,How to Train Your Dragon,"$495,141,736"
257,2010,Clash of the Titans,"$493,214,888"
258,2018,Operation Red Sea (红海行动),"$493,084,229"
259,2014,Rio 2,"$492,846,291"
260,2001,Shrek,"$492,534,844"
261,2009,Angels & Demons,"$490,875,846"
262,2013,Oz the Great and Powerful,"$490,359,051"
263,2024,Sonic the Hedgehog 3,"$489,902,793"
264,2017,War for the Planet of the Apes,"$489,592,267"
265,2019,Maleficent: Mistress of Evil,"$489,181,357"
266,2011,Rio,"$487,517,241"
267,2005,Mr. and Mrs. Smith,"$486,124,090"
268,1998,Saving Private Ryan,"$485,035,085"
269,2014,Teenage Mutant Ninja Turtles,"$485,004,754"
270,2023,Elemental,"$484,829,737"
271,2012,Les Intouchables,"$484,630,908"
272,2003,Bruce Almighty,"$484,468,608"
273,1975,Jaws,"$484,351,938"
274,2022,Puss in Boots: The Last Wish,"$484,329,137"
275,2004,Troy,"$483,152,040"
276,1983,Star Wars Ep. VI: Return of the Jedi,"$482,365,284"
277,1990,Home Alone,"$476,678,838"
278,2023,Ant-Man and the Wasp: Quantumania,"$476,073,180"
279,2005,Charlie and the Chocolate Factory,"$475,825,484"
280,2015,Hotel Transylvania 2,"$474,800,000"
281,2015,San Andreas,"$474,590,832"
282,2024,Venom: The Last Dance,"$474,492,936"
283,1989,Indiana Jones and the Last Crusade,"$474,171,806"
284,2011,Rise of the Planet of the Apes,"$470,986,200"
285,2021,Godzilla vs. Kong,"$470,116,094"
286,2014,The Lego Movie,"$468,155,841"
287,2019,It: Chapter Two,"$467,561,586"
288,2013,Star Trek Into Darkness,"$467,381,584"
289,1999,The Matrix,"$466,281,862"
290,2009,The Hangover,"$465,487,583"
291,2018,Bumblebee,"$464,731,819"
292,2006,Cars,"$461,630,558"
293,2024,Gladiator II,"$460,380,411"
294,2022,Moon Man (独行月球),"$460,303,199"
295,2006,X-Men: The Last Stand,"$459,260,946"
296,1996,Mission: Impossible,"$457,697,994"
297,2014,Lucy,"$457,507,776"
298,2007,National Treasure: Book of Secrets,"$457,325,804"
299,2003,The Last Samurai,"$456,810,575"
300,2007,300,"$454,161,935"
301,2024,Beetlejuice Beetlejuice,"$451,900,435"
302,2000,Gladiator,"$451,683,599"
303,2018,Wo Bi Shi Yao Shen,"$451,183,392"
304,2001,Ocean’s Eleven,"$450,728,529"
305,2012,Django Unchained,"$449,841,566"
306,2011,Thor,"$449,326,618"
307,2001,Pearl Harbor,"$449,239,853"
308,1999,Tarzan,"$448,191,819"
309,2019,The Secret Life of Pets 2,"$446,449,908"
310,2019,"My People, My Country (我和我的祖国)…","$446,175,872"
311,2023,Lost in the Stars (消失的她),"$445,507,455"
312,2025,Tang Tan 1900 (唐探1900),"$444,270,919"
313,2007,The Bourne Ultimatum,"$444,043,396"
314,2009,Alvin and the Chipmunks: The Squeakquel,"$443,483,213"
315,2002,Men in Black 2,"$441,767,803"
316,1993,Mrs. Doubtfire,"$441,286,003"
317,2023,John Wick: Chapter 4,"$440,320,578"
318,2023,Aquaman and the Lost Kingdom,"$439,381,226"
319,2023,Transformers: Rise of the Beasts,"$439,241,749"
320,2016,Warcraft,"$438,899,824"
321,1991,Beauty and the Beast,"$438,656,843"
322,2020,The Eight Hundred (八佰),"$436,779,294"
323,2024,YOLO (热辣滚烫),"$435,990,158"
324,2012,Les Misérables,"$435,292,452"
325,2001,The Mummy Returns,"$435,040,395"
326,2020,Wo He Wo De Jia Xiang,"$433,241,288"
327,2019,Zhongguo jizhang,"$433,168,672"
328,2003,Terminator 3: Rise of the Machines,"$433,058,296"
329,1990,Pretty Woman,"$432,566,361"
330,2021,Shang-Chi and the Legend of the Ten R…,"$432,224,634"
331,2015,Terminator: Genisys,"$432,150,894"
332,2002,Die Another Day,"$431,942,139"
333,2018,A Star is Born,"$431,674,156"
334,2010,The King’s Speech,"$430,061,213"
335,2021,Dune,"$429,686,682"
336,2019,Pokémon: Detective Pikachu,"$428,919,826"
337,1973,The Exorcist,"$428,887,784"
338,2017,The Greatest Showman,"$428,796,000"
339,2018,Rampage,"$427,947,217"
340,2003,The Matrix Revolutions,"$427,300,260"
341,2000,Cast Away,"$427,230,516"
342,2024,Successor (抓娃娃),"$426,724,768"
343,2020,Bad Boys For Life,"$424,471,663"
344,1990,Dances with Wolves,"$424,208,805"
345,2024,Pegasus 2 (飞驰人生2),"$423,162,668"
346,1999,The Mummy,"$422,538,025"
347,2010,The Chronicles of Narnia: The Voyage …,"$418,186,950"
348,2008,The Chronicles of Narnia: Prince Caspian,"$417,341,288"
349,2013,The Wolverine,"$416,456,852"
350,2016,Jason Bourne,"$416,168,316"
351,2008,Sex and the City,"$415,247,258"
352,2025,Captain America: Brave New World,"$414,826,365"
353,1989,Batman,"$412,811,617"
354,1988,Rain Man,"$412,800,000"
355,2013,Pacific Rim,"$411,054,397"
356,1992,The Bodyguard,"$411,006,740"
357,2017,The Mummy,"$409,953,905"
358,2017,Kingsman: The Golden Circle,"$408,803,696"
359,2002,Signs,"$408,250,578"
360,2022,Fantastic Beasts: The Secrets of Dumb…,"$407,150,844"
361,2022,Uncharted,"$407,141,258"
362,2003,X-Men 2,"$406,348,630"
363,2008,The Mummy: Tomb of the Dragon Emperor,"$405,760,225"
364,2015,Kingsman: The Secret Service,"$404,561,724"
365,2021,Sing 2,"$404,534,588"
366,2022,Sonic the Hedgehog 2,"$403,824,597"
367,2012,Prometheus,"$402,448,265"
368,2008,Twilight,"$402,278,564"
369,2009,Night at the Museum: Battle of the Sm…,"$402,231,063"
370,2016,Ice Age: Collision Course,"$402,156,682"
371,2019,Alita: Battle Angel,"$401,900,040"
372,2021,Eternals,"$401,731,759"
373,2012,Snow White and the Huntsman,"$401,021,746"
374,2024,Bad Boys: Ride or Die,"$400,526,237"
375,2010,Tron: Legacy,"$399,866,199"
376,2006,Mission: Impossible III,"$399,387,745"
377,2023,Meg 2: The Trench,"$397,833,033"
378,2024,Kingdom of the Planet of the Apes,"$397,369,969"
379,2001,Spirited Away (千と千尋の神隠し),"$395,802,070"
380,1978,Grease,"$394,278,547"
381,2022,Black Adam,"$393,583,344"
382,2018,Mamma Mia: Here We Go Again!,"$393,439,007"
383,2018,Solo: A Star Wars Story,"$393,151,347"
384,2022,Ji Su Shi Ke (这个杀手不太冷静),"$393,014,816"
385,2006,Superman Returns,"$391,081,192"
386,1939,Gone with the Wind,"$390,516,513"
387,1991,Robin Hood: Prince of Thieves,"$390,500,000"
388,2013,The Wolf of Wall Street,"$389,816,136"
389,1985,Back to the Future,"$388,862,657"
390,2009,Star Trek,"$386,839,614"
391,2002,Ice Age,"$386,116,343"
392,2015,Home,"$385,997,896"
393,2006,Happy Feet,"$385,000,315"
394,2016,Independence Day: Resurgence,"$384,169,424"
395,2023,Indiana Jones and the Dial of Destiny,"$383,963,057"
396,2008,Slumdog Millionaire,"$383,825,427"
397,2019,1917,"$383,710,072"
398,2017,Cars 3,"$383,541,369"
399,2019,Godzilla: King of the Monsters,"$383,299,914"
400,2007,Live Free or Die Hard,"$382,288,147"
401,2009,Monsters vs. Aliens,"$381,687,380"
402,2017,Fifty Shades Darker,"$381,367,046"
403,2015,Mad Max: Fury Road,"$380,463,726"
404,2021,Black Widow,"$379,751,131"
405,2012,Taken 2,"$377,807,404"
406,2019,Once Upon a Time…in Hollywood,"$377,426,903"
407,2012,Hotel Transylvania,"$377,369,679"
408,1998,Godzilla,"$376,000,000"
409,2013,G.I. Joe: Retaliation,"$375,740,705"
410,2002,My Big Fat Greek Wedding,"$374,890,034"
411,2009,X-Men Origins: Wolverine,"$374,825,760"
412,2000,What Women Want,"$374,105,123"
413,2011,The Adventures of Tintin,"$373,993,951"
414,2018,Spider-Man: Into The Spider-Verse 3D,"$373,807,069"
415,2024,Twisters,"$372,086,959"
416,2018,Fifty Shades Freed,"$371,985,018"
417,2004,Shark Tale,"$371,741,123"
418,2011,Captain America: The First Avenger,"$370,569,776"
419,1998,There's Something About Mary,"$369,884,651"
420,1981,Raiders of the Lost Ark,"$367,451,914"
421,2007,The Golden Compass,"$367,262,558"
422,2014,Gone Girl,"$367,128,535"
423,2014,Edge of Tomorrow,"$367,028,980"
424,2018,Xi Hong Shi Shou Fu,"$366,961,920"
425,2014,Penguins of Madagascar,"$366,942,531"
426,2005,Hitch,"$366,784,257"
427,2020,Tenet,"$366,273,550"
428,1995,Die Hard: With a Vengeance,"$366,101,666"
429,2001,Jurassic Park III,"$365,900,000"
430,2009,Terminator Salvation,"$365,491,792"
431,1994,True Lies,"$365,300,000"
432,1995,Toy Story,"$365,270,951"
433,2023,Creation of the Gods I: Kindom of Sto…,"$364,568,704"
434,1999,Notting Hill,"$363,713,167"
435,2019,Shazam!,"$363,563,907"
436,1998,A Bug’s Life,"$363,095,319"
437,2004,Ocean’s Twelve,"$362,989,076"
438,2018,The Nun,"$362,900,037"
439,2007,Alvin and the Chipmunks,"$362,605,033"
440,2001,Planet of the Apes,"$362,211,740"
441,2013,The Hangover 3,"$362,000,072"
442,1999,The World is Not Enough,"$361,730,660"
443,2018,Zhuo yao ji 2,"$361,683,815"
444,2009,Fast & Furious,"$359,347,833"
445,1992,Home Alone 2: Lost in New York,"$358,994,850"
446,2002,Minority Report,"$358,824,714"
447,1994,The Flintstones,"$358,500,000"
448,2018,Peter Rabbit,"$358,117,307"
449,1986,Top Gun,"$357,463,748"
450,2016,Your Name,"$356,801,223"
451,2005,Batman Begins,"$356,770,593"
452,1995,Goldeneye,"$356,429,933"
453,1999,American Beauty,"$356,258,047"
454,2000,Dinosaur,"$356,148,063"
455,2002,Catch Me if You Can,"$355,612,291"
456,2011,X-Men: First Class,"$355,408,305"
457,1993,The Fugitive,"$353,808,222"
458,2014,Night at the Museum: Secret of the Tomb,"$353,756,621"
459,2013,The Great Gatsby,"$353,497,733"
460,2019,Dumbo,"$353,166,307"
461,2014,Noah,"$352,831,065"
462,1992,Basic Instinct,"$352,699,997"
463,2016,The Angry Birds Movie,"$352,288,341"
464,1994,The Mask,"$351,814,301"
465,2010,The Karate Kid,"$351,774,938"
466,2017,Murder on the Orient Express,"$351,767,147"
467,1988,Who Framed Roger Rabbit?,"$351,500,000"
468,2012,Dr. Seuss’ The Lorax,"$351,097,803"
469,2024,Alien: Romulus,"$350,743,668"
470,2001,Hannibal,"$350,100,280"
471,2024,It Ends With Us,"$349,722,357"
472,1998,Deep Impact,"$349,464,664"
473,2011,Alvin and the Chipmunks: Chipwrecked,"$349,088,523"
474,2016,The Legend of Tarzan,"$348,902,025"
475,2004,"I, Robot","$348,629,585"
476,2013,The Smurfs 2,"$348,547,523"
477,2014,The Maze Runner,"$348,319,861"
478,2023,The Hunger Games: The Ballad of Songb…,"$347,999,047"
479,2000,How the Grinch Stole Christmas,"$347,522,208"
480,2001,Rush Hour 2,"$347,425,832"
481,1995,Pocahontas,"$347,100,000"
482,2018,Mary Poppins Returns,"$345,606,500"
483,2017,xXx: Return of Xander Cage,"$345,033,359"
484,2006,Over the Hedge,"$343,397,247"
485,2016,Trolls,"$342,831,709"
486,2013,Now You See Me,"$342,769,200"
487,2008,Wanted,"$342,416,460"
488,2015,Zhuo yao ji,"$340,969,819"
489,1977,Close Encounters of the Third Kind,"$340,800,479"
490,2007,Enchanted,"$340,384,141"
491,1997,Tomorrow Never Dies,"$339,504,276"
492,2024,Article 20 (第二十条),"$337,554,287"
493,1995,Batman Forever,"$336,688,945"
494,2010,Prince of Persia: Sands of Time,"$336,359,676"
495,1996,The Rock,"$336,069,511"
496,1995,Apollo 13,"$335,802,271"
497,2016,Star Trek Beyond,"$335,673,708"
498,2018,A Quiet Place,"$334,876,670"
499,2017,Never Say Die,"$334,536,622"
500,2016,The Great Wall,"$334,486,852"
501,2024,The Wild Robot,"$334,127,408"
502,2015,The Good Dinosaur,"$333,771,037"
503,2005,Fantastic Four,"$333,132,750"
504,1984,Indiana Jones and the Temple of Doom,"$333,080,271"
505,1989,Back to the Future Part II,"$331,971,868"
506,2014,22 Jump Street,"$331,333,876"
507,2004,National Treasure,"$331,323,410"
508,2010,Black Swan,"$331,266,710"
509,2014,300: Rise of an Empire,"$330,780,051"
510,2000,Meet the Parents,"$330,425,040"
511,2008,The Curious Case of Benjamin Button,"$329,631,958"
512,1995,Se7en,"$328,908,157"
513,2000,The Perfect Storm,"$328,711,434"
514,2016,Now You See Me 2,"$328,325,007"
515,1986,Crocodile Dundee,"$328,203,506"
516,2008,Bolt,"$328,015,029"
517,2015,Taken 3,"$327,656,424"
518,2019,John Wick: Chapter 3 — Parabellum,"$326,685,379"
519,2006,The Devil Wears Prada,"$326,073,155"
520,1996,The Hunchback of Notre Dame,"$325,500,000"
521,2021,Free Guy,"$323,078,841"
522,2010,Robin Hood,"$322,459,006"
523,1993,Schindler’s List,"$322,197,130"
524,2010,Megamind,"$321,887,208"
525,2004,The Polar Express,"$320,838,625"
526,1987,Fatal Attraction,"$320,099,997"
527,2018,Green Book,"$319,995,019"
528,2010,The Last Airbender,"$319,713,881"
529,1992,Lethal Weapon 3,"$319,700,000"
530,2012,Journey 2: The Mysterious Island,"$318,146,162"
531,2001,A Beautiful Mind,"$317,668,058"
532,2009,Inglourious Basterds,"$316,802,281"
533,1984,Beverly Hills Cop,"$316,300,000"
534,2013,The Conjuring,"$316,143,649"
535,2009,Disney’s A Christmas Carol,"$315,709,697"
536,1997,Air Force One,"$315,268,353"
537,2009,The Proposal,"$314,709,717"
538,1997,As Good as it Gets,"$314,111,923"
539,2016,Resident Evil: The Final Chapter,"$314,101,190"
540,2022,Suzume (すずめの戸締まり),"$313,637,054"
541,2012,Battleship,"$313,477,717"
542,2019,Knives Out,"$312,898,746"
543,1999,Austin Powers: The Spy Who Shagged Me,"$312,383,487"
544,2012,The Expendables 2,"$311,979,256"
545,2007,Ocean's Thirteen,"$311,744,465"
546,2015,The SpongeBob Movie: Sponge Out of Water,"$311,013,181"
547,2004,The Bourne Supremacy,"$311,001,124"
548,2010,Little Fockers,"$310,650,574"
549,2015,Maze Runner: The Scorch Trials,"$310,566,162"
550,2016,The Conjuring 2: The Enfield Poltergeist,"$310,196,332"
551,2017,Wonder,"$310,179,620"
552,1999,Runaway Bride,"$310,138,178"
553,2017,The Lego Batman Movie,"$310,082,280"
554,2005,Chicken Little,"$310,043,823"
555,1996,Ransom,"$308,700,000"
556,2017,Qian Ren 3: Yan Zhi Da Zuo Zhan,"$307,547,824"
557,2017,Ferdinand,"$307,491,645"
558,2006,The Pursuit of Happyness,"$307,311,093"
559,2014,The Fault in Our Stars,"$307,166,834"
560,2012,Rise of the Guardians,"$306,941,670"
561,2002,Chicago,"$306,770,545"
562,2009,The Blind Side,"$305,705,794"
563,2017,Annabelle: Creation,"$305,384,865"
564,2012,Wrath of the Titans,"$305,270,083"
565,2016,Dangal,"$305,149,461"
566,2018,Skyscraper,"$304,858,121"
567,2023,Bā Jiǎo Lóng Zhōng (八角笼中),"$304,280,699"
568,2013,A Good Day to Die Hard,"$304,249,198"
569,1995,101 Dalmatians,"$304,200,000"
570,1998,Mulan,"$303,500,000"
571,1997,Liar Liar,"$302,710,615"
572,2019,Crazy Alien (疯狂的外星人),"$302,561,677"
573,2009,G.I. Joe: The Rise of Cobra,"$302,469,017"
574,2020,Sonic The Hedgehog,"$302,452,077"
575,2016,Passengers,"$302,239,672"
576,1991,Hook,"$300,854,823"
577,1985,Rambo: First Blood Part II,"$300,400,000"
578,1985,Rocky IV,"$300,373,716"
579,2023,Migration,"$300,330,806"
580,1978,Superman,"$300,200,000"
581,2004,Van Helsing,"$300,150,546"
582,2008,Horton Hears a Who,"$299,477,886"
583,2010,Shutter Island,"$299,461,782"
584,1997,My Best Friend's Wedding,"$298,923,419"
585,1999,Stuart Little,"$298,815,224"
586,2018,Ocean’s 8,"$297,718,711"
587,2023,Five Nights at Freddy’s,"$297,144,130"
588,1989,Look Who's Talking,"$297,100,000"
589,2000,X-Men,"$296,872,367"
590,2021,A Quiet Place: Part II,"$296,650,356"
591,2002,Austin Powers in Goldmember,"$296,338,663"
592,2016,Miss Peregrine’s Home for Peculiar Ch…,"$295,986,876"
593,2010,Resident Evil: Afterlife,"$295,874,190"
594,1984,Ghostbusters,"$295,582,480"
595,2015,The Divergent Series: Insurgent,"$295,075,882"
596,2010,Sex and the City 2,"$294,680,778"
597,1998,Doctor Dolittle,"$294,156,605"
598,2023,The Boy and the Heron (君たちはどう生きるか)…,"$292,922,563"
599,2009,G-Force,"$292,817,841"
600,2018,Pacific Rim: Uprising,"$290,930,148"
601,1999,The Green Mile,"$290,701,374"
602,2010,Salt,"$290,650,494"
603,2006,The Departed,"$289,660,619"
604,2011,Bridesmaids,"$289,632,023"
605,2007,Fantastic Four: Rise of the Silver Su…,"$289,480,691"
606,1988,Coming to America,"$288,800,000"
607,2000,What Lies Beneath,"$288,693,989"
608,2022,Elvis,"$288,116,153"
609,2013,Oblivion,"$287,916,633"
610,2007,Bee Movie,"$287,594,577"
611,2015,Pitch Perfect 2,"$287,215,196"
612,2013,Turbo,"$286,896,578"
613,2001,American Pie 2,"$286,500,000"
614,1965,The Sound of Music,"$286,213,233"
615,2013,Elysium,"$286,192,091"
616,1998,Lethal Weapon 4,"$285,400,000"
617,2005,Wedding Crashers,"$283,218,368"
618,1994,Speed,"$283,200,000"
619,1995,Casper,"$282,808,653"
620,2012,John Carter,"$282,778,100"
621,1977,Saturday Night Fever,"$282,399,968"
622,2012,The Bourne Legacy,"$280,355,920"
623,1998,Shakespeare in Love,"$279,500,000"
624,2022,The First Slam Dunk,"$279,430,214"
625,2017,Split,"$278,754,594"
626,2010,The Tourist,"$278,731,369"
627,2000,Scary Movie,"$277,200,000"
628,2016,Alice Through the Looking Glass,"$276,928,112"
629,1987,Beverly Hills Cop II,"$276,665,036"
630,2002,Scooby-Doo,"$276,294,164"
631,2023,Creed III,"$276,148,615"
632,2014,Divergent,"$276,014,965"
633,2024,Boonie Bears: Time Twist (熊出没·逆转时空)…,"$275,818,090"
634,1991,The Silence of the Lambs,"$275,726,375"
635,2008,Gran Torino,"$274,543,085"
636,2008,High School Musical 3: Senior Year,"$274,392,880"
637,2013,Cloudy with a Chance of Meatballs 2,"$274,392,649"
638,1996,The Nutty Professor,"$273,814,019"
639,1996,Jerry Maguire,"$273,552,592"
640,2018,Tomb Raider,"$273,477,501"
641,2012,Lincoln,"$273,346,281"
642,2001,Lara Croft: Tomb Raider,"$273,330,185"
643,2003,Bad Boys II,"$273,271,982"
644,2001,Bridget Jones's Diary,"$272,595,053"
645,2010,Grown Ups,"$272,222,420"
646,2023,The Flash,"$271,467,507"
647,2009,The Princess and the Frog,"$270,997,378"
648,2014,Neighbors,"$270,944,428"
649,1993,The Firm,"$270,340,892"
650,1972,The Godfather,"$270,007,394"
651,1982,Rocky III,"$270,000,000"
652,2014,Mr. Peabody & Sherman,"$269,806,430"
653,2023,The Nun II,"$269,670,590"
654,2008,"10,000 B.C.","$269,065,678"
655,2014,Exodus: Gods and Kings,"$268,314,513"
656,2010,The Expendables,"$268,268,174"
657,1942,Bambi,"$268,000,000"
658,2007,American Gangster,"$267,985,456"
659,2013,We’re the Millers,"$267,816,276"
660,2014,Paddington,"$267,463,854"
661,2002,xXx,"$267,200,000"
662,1992,Batman Returns,"$266,970,061"
663,2003,Something's Gotta Give,"$266,685,242"
664,1993,Indecent Proposal,"$266,600,000"
665,2018,Maze Runner: The Death Cure,"$265,878,536"
666,2008,The Incredible Hulk,"$265,573,859"
667,1995,Waterworld,"$264,246,220"
668,1998,The Truman Show,"$264,118,201"
669,2004,Bridget Jones: The Edge Of Reason,"$263,894,551"
670,1997,The Fifth Element,"$263,892,271"
671,2011,Real Steel,"$263,880,341"
672,1950,Cinderella,"$263,591,415"
673,2017,Baahubali 2: The Conclusion,"$263,502,914"
674,2013,Epic,"$262,794,441"
675,1995,Jumanji,"$262,758,310"
676,2006,Borat,"$261,443,242"
677,2023,TAYLOR SWIFT | THE ERAS TOUR,"$261,413,059"
678,1990,Total Recall,"$261,399,684"
679,1997,The Full Monty,"$261,249,383"
680,2009,Michael Jackson's This Is It,"$261,183,588"
681,2024,A Quiet Place: Day One,"$261,067,171"
682,2005,Robots,"$260,636,271"
683,2013,The Lone Ranger,"$260,002,115"
684,2000,Charlie's Angels,"$259,736,090"
685,2015,The Ghouls,"$259,425,249"
686,2010,Knight and Day,"$258,751,370"
687,1985,Out of Africa,"$258,210,860"
688,2017,Blade Runner 2049,"$258,157,449"
689,2011,Super 8,"$257,972,745"
690,2013,American Hustle,"$257,858,943"
691,2000,Erin Brockovich,"$257,805,243"
692,2004,The Village,"$257,641,634"
693,2014,Annabelle,"$256,857,527"
694,2007,Rush Hour 3,"$256,585,882"
695,1997,Bean,"$256,574,128"
696,2017,Gong fu yu jia,"$256,004,127"
697,2019,Fei Chi Ren Sheng,"$255,832,826"
698,2014,The Taking of Tiger Mountain,"$255,742,933"
699,2019,Us,"$255,620,999"
700,2018,Halloween,"$255,416,089"
701,1993,Cliffhanger,"$255,000,000"
702,2024,The Garfield Movie,"$254,749,833"
703,2019,Men in Black: International,"$254,310,003"
704,2019,Parasite (기생충),"$253,766,010"
705,2007,Wild Hogs,"$253,555,383"
706,2017,Get Out,"$252,297,405"
707,2010,True Grit,"$252,276,928"
708,2020,Dolittle,"$251,509,294"
709,2013,After Earth,"$251,499,665"
710,2022,The Bad Guys,"$250,901,649"
711,1998,You’ve Got Mail,"$250,800,000"
712,2023,Sound of Freedom,"$250,729,678"
713,1997,Hercules,"$250,700,000"
714,1998,Enemy of the State,"$250,649,836"
715,2003,Brother Bear,"$250,397,798"
716,2019,Terminator: Dark Fate,"$250,367,666"
717,1996,Space Jam,"$250,180,384"
718,2015,The Peanuts Movie,"$250,091,610"
719,2015,Alvin and the Chipmunks: The Road Chip,"$249,517,956"
720,2006,Eragon,"$249,488,115"
721,2017,Xi You Fu Yao Pian,"$248,805,149"
722,1999,The Blair Witch Project,"$248,300,000"
723,2002,The Ring,"$248,218,486"
724,2000,Unbreakable,"$248,099,143"
725,2008,Marley & Me,"$247,812,011"
726,2008,Bienvenue chez les Ch'tis,"$247,474,497"
727,2013,Grown Ups 2,"$247,023,808"
728,2019,Glass,"$246,999,039"
729,1994,Dumb & Dumber,"$246,490,802"
730,2003,Love Actually,"$246,479,647"
731,2019,Dark Phoenix,"$246,356,895"
732,1995,Babe,"$246,100,000"
733,2002,Lilo & Stitch,"$245,799,997"
734,2002,8 Mile,"$245,768,384"
735,2011,Rango,"$245,724,600"
736,2012,Dark Shadows,"$245,564,215"
737,2016,Teenage Mutant Ninja Turtles: Out of …,"$245,328,374"
738,1998,Rush Hour,"$245,300,000"
739,2019,Lie huo ying xiong,"$245,179,530"
740,2003,Hulk,"$245,031,679"
741,1990,Back to the Future Part III,"$244,087,259"
742,2015,Pixels,"$244,041,804"
743,2020,Legend of Deification (姜子牙),"$243,887,233"
744,2014,Hercules,"$243,388,614"
745,2008,Journey to the Center of the Earth,"$243,180,937"
746,2014,RoboCop,"$242,981,799"
747,1994,Four Weddings and a Funeral,"$242,895,809"
748,2015,Daddy’s Home,"$241,504,989"
749,1997,Face/Off,"$241,199,984"
750,2016,Assassin’s Creed,"$240,759,682"
751,2012,Resident Evil: Retribution,"$240,647,629"
752,2004,Howl’s Moving Castle (ハウルの動く城)…,"$239,862,616"
753,1990,Die Hard 2,"$239,813,888"
754,1988,Crocodile Dundee 2,"$239,606,210"
755,1989,Dead Poets Society,"$239,500,000"
756,2011,The Girl with the Dragon Tattoo,"$239,373,970"
757,1984,Grand Canyon: The Hidden Secrets,"$239,000,000"
758,2022,Bullet Train,"$238,534,963"
759,2016,Sully,"$238,524,556"
760,2017,Alien: Covenant,"$238,521,247"
761,1997,Batman & Robin,"$238,317,814"
762,2013,Disney Planes,"$238,059,569"
763,2023,Wish,"$237,954,897"
764,2018,Crazy Rich Asians,"$237,814,149"
765,2006,Click,"$237,685,089"
766,2008,The Day the Earth Stood Still,"$237,370,350"
767,2015,Gang jiong,"$237,273,381"
768,2009,Cloudy with a Chance of Meatballs,"$236,827,677"
769,2012,American Reunion,"$236,799,211"
770,1992,A Few Good Men,"$236,500,000"
771,2012,Silver Linings Playbook,"$236,412,453"
772,2003,2 Fast 2 Furious,"$236,410,607"
773,2022,Rénshēng dàshì (人生大事),"$236,170,943"
774,2001,Artificial Intelligence: AI,"$235,900,000"
775,2007,Mr. Bean’s Holiday,"$234,981,342"
776,1999,American Pie,"$234,723,148"
777,1996,Eraser,"$234,400,000"
778,2015,Spy!,"$233,844,106"
779,1998,The Mask of Zorro,"$233,700,000"
780,2000,Gone in 60 Seconds,"$232,643,008"
781,2003,American Wedding,"$232,354,205"
782,2010,Gulliver's Travels,"$232,017,848"
783,2004,Million Dollar Baby,"$231,928,227"
784,1996,The English Patient,"$231,710,008"
785,1992,Sister Act,"$231,600,000"
786,2019,Shao Nian De Ni,"$231,482,787"
787,2007,Juno,"$231,450,102"
788,2019,Annabelle Comes Home,"$231,252,591"
789,2003,Elf,"$230,942,224"
790,2021,Encanto,"$230,815,162"
791,2013,The Heat,"$229,727,774"
792,2023,Cháng Ān Sān Wàn Lǐ (长安三万里)…,"$229,620,158"
793,2007,Ghost Rider,"$229,545,589"
794,1998,La vita è bella,"$229,375,361"
795,2011,The Green Hornet,"$229,155,503"
796,2016,Ghostbusters,"$229,008,658"
797,1999,Big Daddy,"$228,641,283"
798,2017,Paddington 2,"$228,577,359"
799,2016,Hidden Figures,"$228,446,841"
800,1993,Sleepless in Seattle,"$227,897,470"
801,2000,Chicken Run,"$227,793,915"
802,2014,The Imitation Game,"$227,328,585"
803,1989,Lethal Weapon 2,"$227,300,000"
804,2003,Charlie's Angels: Full Throttle,"$227,163,273"
805,2012,Argo,"$227,140,757"
806,2017,Fang Hua,"$227,089,269"
807,2017,Baby Driver,"$226,977,991"
808,2008,Taken,"$226,941,585"
809,2008,Get Smart,"$226,739,416"
810,2008,Yes Man,"$225,990,976"
811,1997,Good Will Hunting,"$225,925,989"
812,2021,Cruella,"$225,810,063"
813,1976,Rocky,"$225,000,000"
814,2010,The Social Network,"$224,922,135"
815,2009,It’s Complicated,"$224,614,744"
816,2019,Ford v. Ferrari,"$224,390,706"
817,1997,Con Air,"$224,117,573"
818,1994,Interview with the Vampire,"$223,641,412"
819,2010,Percy Jackson & the Olympians: The Li…,"$223,050,874"
820,1989,"Honey, I Shrunk the Kids","$222,700,000"
821,2008,Jumper,"$222,640,812"
822,2014,Non-Stop,"$222,383,055"
823,1989,The Little Mermaid,"$222,267,613"
824,2023,Boonie Bears: Guardian Code (熊出没·伴我“熊…,"$222,043,946"
825,2005,Constantine,"$221,593,554"
826,2008,Bedtime Stories,"$221,468,935"
827,1990,Presumed Innocent,"$221,300,000"
828,2015,Everest,"$221,297,061"
829,1999,Wild Wild West,"$221,229,335"
830,2004,Fahrenheit 9/11,"$221,148,959"
831,2017,Geostorm,"$220,796,009"
832,2013,Captain Phillips,"$220,648,184"
833,2020,Song Ni Yi Duo Xiao Hong Hua,"$220,490,000"
834,2014,Dracula Untold,"$220,241,723"
835,2011,Green Lantern,"$219,535,492"
836,2016,Inferno,"$219,519,367"
837,2007,Knocked Up,"$219,265,952"
838,2022,Home Coming (万里归途),"$219,150,259"
839,2023,Anyone But You,"$218,905,781"
840,2022,Lightyear,"$218,878,024"
841,2019,Little Women,"$218,838,386"
842,2005,Kingdom of Heaven,"$218,674,938"
843,2004,The Terminal,"$218,673,959"
844,1998,The Prince of Egypt,"$218,613,188"
845,2008,What Happens in Vegas...,"$218,535,708"
846,2010,The Sorcerer's Apprentice,"$217,986,320"
847,2023,Napoleon,"$217,917,156"
848,2004,Collateral,"$217,602,967"
849,2010,Valentine's Day,"$217,569,328"
850,2012,Jack Reacher,"$217,370,736"
851,2015,Ted 2,"$217,214,143"
852,2016,Central Intelligence,"$217,194,805"
853,2022,Smile,"$217,038,821"
854,1988,Twins,"$216,600,000"
855,2017,The Emoji Movie,"$216,564,839"
856,1992,Bram Stoker's Dracula,"$215,862,666"
857,1989,Ghostbusters II,"$215,500,000"
858,2011,Bad Teacher,"$215,448,997"
859,2000,The Patriot,"$215,300,000"
860,2017,Valerian and the City of a Thousand P…,"$215,098,356"
861,2008,Australia,"$215,080,810"
862,2011,Just Go With It,"$214,974,953"
863,2013,Hansel & Gretel: Witch Hunters,"$214,949,716"
864,2020,The Croods: A New Age,"$214,766,238"
865,2005,Flightplan,"$214,392,904"
866,2002,The Bourne Identity,"$214,357,371"
867,2018,Smallfoot,"$214,244,195"
868,2000,"Crouching Tiger, Hidden Dragon","$213,966,221"
869,2015,Xia Luo Te Fan Nao,"$213,949,747"
870,1987,Dirty Dancing,"$213,893,795"
871,2018,Creed II,"$213,591,522"
872,2000,Vertical Limit,"$213,500,000"
873,2011,Battle: Los Angeles,"$213,463,976"
874,2000,Miss Congeniality,"$213,420,951"
875,2011,The Help,"$213,120,004"
876,1999,Princess Mononoke (もののけ姫),"$212,958,887"
877,2004,Lemony Snicket's A Series of Unfortun…,"$212,956,024"
878,2003,Master and Commander: The Far Side of…,"$212,912,137"
879,1994,Pulp Fiction,"$212,891,598"
880,2009,District 9,"$212,453,431"
881,2011,Horrible Bosses,"$212,417,601"
882,2014,Into the Woods,"$212,416,317"
883,1995,Ace Ventura: When Nature Calls,"$212,400,000"
884,2009,Public Enemies,"$212,282,709"
885,1994,Disclosure,"$212,200,000"
886,1999,End of Days,"$212,026,975"
887,2012,Total Recall,"$211,856,088"
888,2010,Due Date,"$211,739,043"
889,1999,Entrapment,"$211,700,000"
890,2011,Immortals,"$211,562,435"
891,2021,Nou fo,"$211,227,284"
892,2023,Trolls Band Together,"$210,651,834"
893,2021,Wo He Wo De Fu Be,"$210,617,350"
894,2021,Jungle Cruise,"$210,469,803"
895,1979,Moonraker,"$210,300,000"
896,2014,Fury,"$210,221,008"
897,2014,The Expendables 3,"$209,461,378"
898,2018,Hou Lai De Wo Men,"$209,221,328"
899,1995,Braveheart,"$209,045,244"
900,1978,Jaws 2,"$208,900,376"
901,2004,The Aviator,"$208,370,892"
902,2000,Traffic,"$208,300,000"
903,2004,Garfield: The Movie,"$208,094,550"
904,2016,Me Before You,"$208,064,908"
905,2013,Xi you xiang mo pian,"$207,927,982"
906,2012,Safe House,"$207,884,401"
907,2023,Dungeons & Dragons: Honor Among Thieves,"$207,854,947"
908,2001,The Others,"$207,788,211"
909,2022,DC League of Super Pets,"$207,557,117"
910,2024,Joker: Folie à Deux,"$207,500,287"
911,1994,Clear and Present Danger,"$207,500,000"
912,2016,Bridget Jones’s Baby,"$207,298,383"
913,2003,S.W.A.T.,"$207,154,748"
914,1999,Sleepy Hollow,"$207,068,340"
915,2011,Paranormal Activity 3,"$207,039,844"
916,2015,Tomorrowland,"$206,627,518"
917,2010,Eat Pray Love,"$206,598,789"
918,2001,The Fast and the Furious,"$206,458,372"
919,2002,Red Dragon,"$206,455,420"
920,2021,The Conjuring: The Devil Made Me Do It,"$206,431,050"
921,2006,The Break-Up,"$205,727,307"
922,2013,White House Down,"$205,440,387"
923,1991,JFK,"$205,400,000"
924,2012,Ren zai jiong tu zhi tai jiong,"$205,400,000"
925,2020,Birds of Prey (And the Fantabulous Em…,"$205,358,461"
926,2009,The Ugly Truth,"$205,298,907"
927,2008,Ponyo (崖の上のポニョ),"$205,162,666"
928,2006,The Holiday,"$204,920,447"
929,2010,Yogi Bear,"$204,774,690"
930,2022,Qi Ji Nian Dai (奇迹),"$204,449,108"
931,2008,Valkyrie,"$203,932,174"
932,2004,King Arthur,"$203,653,524"
933,2020,Chai Dan Zhuan Jia Er,"$203,481,407"
934,2017,A Dog’s Purpose,"$203,055,427"
935,2005,Fun with Dick & Jane,"$203,018,919"
936,2021,Ghostbusters: Afterlife,"$202,991,088"
937,2008,You Don’t Mess With the Zohan,"$202,910,991"
938,2007,Hairspray,"$202,822,861"
939,2012,21 Jump Street,"$202,812,429"
940,2001,Vanilla Sky,"$202,726,605"
941,2016,Arrival,"$202,241,353"
942,2015,Straight Outta Compton,"$202,182,981"
943,1998,Patch Adams,"$202,173,000"
944,1990,Teenage Mutant Ninja Turtles,"$202,000,000"
945,1990,Kindergarten Cop,"$202,000,000"
946,2023,PAW Patrol: The Mighty Movie,"$201,739,292"
947,1983,Flashdance,"$201,463,574"
948,2022,One Piece Film: Red,"$201,387,600"
949,1993,Philadelphia,"$201,324,422"
950,2013,Percy Jackson: Sea of Monsters,"$200,859,554"
951,2001,Cats & Dogs,"$200,700,000"
952,2019,The Addams Family,"$200,588,546"
953,1990,The Hunt for Red October,"$200,500,000"
954,1979,Rocky 2,"$200,182,160"
955,2024,Ghostbusters: Frozen Empire,"$199,941,000"
956,2023,The Marvels,"$199,706,250"
957,2016,The BFG,"$199,646,680"
958,2019,Wu Sha,"$199,276,793"
959,2002,Two Weeks Notice,"$199,043,309"
960,1998,City of Angels,"$198,750,909"
961,2018,Yi Chu Hao Xi,"$198,330,770"
962,2005,The Pacifier,"$198,006,880"
963,2018,Christopher Robin,"$197,744,377"
964,2001,Spy Kids,"$197,692,062"
965,2013,Jack the Giant Slayer,"$197,687,603"
966,2012,The Vow,"$197,618,160"
967,2005,Wallace & Gromit: The Curse of the We…,"$197,593,152"
968,2017,Smurfs: The Lost Village,"$197,578,586"
969,2015,The Intern,"$197,115,710"
970,2021,Chinese Doctors,"$196,863,514"
971,1994,Stargate,"$196,565,669"
972,2010,Red,"$196,439,693"
973,2004,50 First Dates,"$196,320,329"
974,2002,Panic Room,"$196,308,367"
975,2019,Weathering with You (天気の子),"$196,256,313"
976,2017,The Shape of Water,"$195,790,794"
977,2003,Anger Management,"$195,484,552"
978,1981,For Your Eyes Only,"$195,300,000"
979,2025,Disney’s Snow White,"$195,242,390"
980,2016,London Has Fallen,"$195,194,085"
981,2007,Beowulf,"$195,080,579"
982,2019,Downton Abbey,"$194,694,725"
983,2014,The Other Woman,"$194,270,103"
984,2009,Paranormal Activity,"$194,183,034"
985,2014,Need for Speed,"$194,169,619"
986,2016,The Monkey King 2 (西游记之孙悟空三打白骨精)…,"$194,058,503"
987,2011,Gnomeo and Juliet,"$193,737,977"
988,2002,The Sum of All Fears,"$193,500,000"
989,2014,The Equalizer,"$192,903,624"
990,2024,A Place Called Silence (默杀),"$192,893,999"
991,2019,Yip Man 4,"$192,617,891"
992,2022,The Lost City,"$192,327,444"
993,2019,The LEGO Movie 2: The Second Part,"$192,306,508"
994,2024,Paddington in Peru,"$192,170,312"
995,2006,Open Season,"$191,932,158"
996,2005,The Longest Yard,"$191,558,505"
997,1991,The Addams Family,"$191,502,243"
998,2000,Hollow Man,"$191,200,000"
999,1987,The Living Daylights,"$191,199,996"
"1,000",2008,Tropic Thunder,"$191,145,256"
"1,001",2023,The Equalizer 3,"$191,067,560"
"1,002",1970,The Aristocats,"$191,000,000"
"1,003",2019,Rocketman,"$190,995,193"
"1,004",1994,The Santa Clause,"$190,506,000"
"1,005",1981,Superman II,"$190,400,000"
"1,006",2018,The Equalizer 2,"$190,376,181"
"1,007",2003,Cheaper by the Dozen,"$190,212,113"
"1,008",1998,The Waterboy,"$190,191,646"
"1,009",2023,Under the Light (坚如磐石),"$190,036,119"
"1,010",1995,Outbreak,"$190,023,573"
"1,011",2011,Mr. Poppers's Penguins,"$189,624,452"
"1,012",1998,The X Files: Fight the Future,"$189,176,423"
"1,013",2014,Xin Hua Lu Fang,"$188,744,961"
"1,014",1988,Rambo III,"$188,715,611"
"1,015",2019,Abominable,"$188,668,889"
"1,016",2011,Hop,"$188,494,082"
"1,017",1979,Alien,"$188,034,787"
"1,018",1993,The Pelican Brief,"$187,995,859"
"1,019",2013,The Secret Life of Walter Mitty,"$187,861,183"
"1,020",2005,Walk the Line,"$187,707,495"
"1,021",1983,Octopussy,"$187,500,000"
"1,022",1995,Heat,"$187,433,328"
"1,023",2009,The Final Destination,"$187,384,627"
"1,024",1993,In the Line of Fire,"$187,343,874"
"1,025",2004,The Grudge,"$187,281,115"
"1,026",1937,Snow White and the Seven Dwarfs,"$187,171,725"
"1,027",2009,Watchmen,"$186,976,250"
"1,028",1998,The Horse Whisperer,"$186,883,563"
"1,029",2009,Knowing,"$186,450,317"
"1,030",2023,Insidious: The Red Door,"$186,258,928"
"1,031",2001,Atlantis: The Lost Empire,"$186,049,020"
"1,032",2018,Wu Shuang,"$186,027,770"
"1,033",2009,Paul Blart: Mall Cop,"$185,904,750"
"1,034",2024,Red One,"$185,884,173"
"1,035",2006,Inside Man,"$185,798,265"
"1,036",2017,Pitch Perfect 3,"$185,736,412"
"1,037",2007,I Now Pronounce You Chuck and Larry,"$185,708,462"
"1,038",2019,The White Storm 2: Drug Lords,"$185,427,900"
"1,039",1977,The Spy Who Loved Me,"$185,400,000"
"1,040",2024,IF,"$184,898,670"
"1,041",2015,Jupiter Ascending,"$184,382,519"
"1,042",2017,The Hitman’s Bodyguard,"$183,415,183"
"1,043",2002,Road to Perdition,"$183,354,514"
"1,044",2016,Storks,"$183,353,431"
"1,045",1986,Aliens,"$183,291,893"
"1,046",2002,Gangs of New York,"$183,124,621"
"1,047",1992,Wayne's World,"$183,097,323"
"1,048",1994,Maverick,"$183,015,237"
"1,049",2003,Daredevil,"$182,782,518"
"1,050",2016,Du cheng feng yun III,"$182,579,909"
"1,051",2002,Sweet Home Alabama,"$182,365,114"
"1,052",1991,Cape Fear,"$182,291,969"
"1,053",1995,While You Were Sleeping,"$182,057,016"
"1,054",2022,M3GAN,"$181,796,517"
"1,055",1996,The Birdcage,"$181,760,553"
"1,056",2006,Poseidon,"$181,674,817"
"1,057",1996,The First Wives Club,"$181,489,203"
"1,058",2024,Nosferatu,"$181,341,092"
"1,059",2024,The Fall Guy,"$181,218,674"
"1,060",2009,He's Just Not That Into You,"$181,053,657"
"1,061",2006,Déjà Vu,"$181,038,616"
"1,062",2004,Scooby-Doo 2: Monsters Unleashed,"$180,856,996"
"1,063",2013,12 Years a Slave,"$180,765,061"
"1,064",2008,Eagle Eye,"$180,585,259"
"1,065",2016,Bad Moms,"$180,485,601"
"1,066",2023,Teenage Mutant Ninja Turtles: Mutant …,"$180,329,865"
"1,067",1999,The Haunting,"$180,188,905"
"1,068",2012,The Dictator,"$180,148,897"
"1,069",2011,Hugo,"$180,047,784"
"1,070",2017,The Post,"$179,769,457"
"1,071",2006,Flushed Away,"$179,357,126"
"1,072",2003,The League of Extraordinary Gentlemen,"$179,265,204"
"1,073",2001,Moulin Rouge,"$179,199,536"
"1,074",1995,Dangerous Minds,"$178,919,401"
"1,075",2006,Scary Movie 4,"$178,710,620"
"1,076",2003,How to Lose a Guy in 10 Days,"$178,503,788"
"1,077",2023,Johnny Keep Walking (年会不能停！),"$178,444,932"
"1,078",1997,Dante’s Peak,"$178,200,000"
"1,079",1992,Patriot Games,"$178,100,000"
"1,080",1997,Flubber,"$177,993,801"
"1,081",1999,Double Jeopardy,"$177,835,231"
"1,082",2010,Paranormal Activity 2,"$177,512,032"
"1,083",2021,Xuan Ya Zhi Shang (悬崖之上),"$177,454,106"
"1,084",2010,The A-Team,"$177,241,171"
"1,085",1982,Tootsie,"$177,200,289"
"1,086",2013,Lee Daniels' The Butler,"$177,025,498"
"1,087",2005,Brokeback Mountain,"$176,980,863"
"1,088",1999,Analyze This,"$176,885,658"
"1,089",2024,Bob Marley: One Love,"$176,815,189"
"1,090",2003,Kill Bill: Volume 1,"$176,469,428"
"1,091",2021,Wusha 2 (误杀2),"$176,420,000"
"1,092",2002,Jet Li's Hero,"$176,373,358"
"1,093",2005,The 40 Year-old Virgin,"$176,276,839"
"1,094",1991,Hot Shots!,"$176,267,322"
"1,095",2003,The Italian Job,"$176,262,839"
"1,096",2001,Dr. Dolittle 2,"$176,101,721"
"1,097",2011,Cowboys and Aliens,"$176,038,324"
"1,098",2017,Baywatch,"$175,863,783"
"1,099",2017,Daddy’s Home 2,"$175,807,183"
"1,100",2023,Rén Shēng Lù Bù Shú (人生路不熟)…,"$175,689,449"
"1,101",1995,The Bridges of Madison County,"$175,516,617"
"1,102",2011,The Descendants,"$175,507,800"
"1,103",2013,Identity Thief,"$175,361,578"
"1,104",1991,Sleeping with the Enemy,"$174,968,942"
"1,105",2007,The Bucket List,"$174,807,445"
"1,106",1997,George Of The Jungle,"$174,463,257"
"1,107",2001,Le Fabuleux destin d'Amélie Poulain,"$174,375,841"
"1,108",2024,Furiosa: A Mad Max Saga,"$174,287,546"
"1,109",2016,Operation Mekong,"$174,279,252"
"1,110",2016,The Girl on the Train,"$174,278,214"
"1,111",2015,Creed,"$174,167,581"
"1,112",2007,Evan Almighty,"$174,131,329"
"1,113",2021,Jujutsu Kaisen 0,"$174,120,574"
"1,114",2019,Pan Deng Zhe,"$174,008,804"
"1,115",2012,Mirror Mirror,"$173,613,482"
"1,116",2000,Big Momma's House,"$173,559,438"
"1,117",2018,The Mule,"$173,453,994"
"1,118",1996,Scream,"$173,046,640"
"1,119",2004,Along Came Polly,"$173,044,410"
"1,120",2002,The Santa Clause 2,"$172,844,592"
"1,121",2013,Olympus Has Fallen,"$172,836,993"
"1,122",2018,Insidious: The Last Key,"$172,811,971"
"1,123",2004,AVP: Alien Vs. Predator,"$172,543,519"
"1,124",2009,Couples Retreat,"$172,450,423"
"1,125",1997,Scream 2,"$172,363,301"
"1,126",2013,Anchorman 2: The Legend Continues,"$172,246,223"
"1,127",2022,Nope,"$172,039,087"
"1,128",2016,The Divergent Series: Allegiant,"$172,022,517"
"1,129",2017,John Wick: Chapter Two,"$171,539,887"
"1,130",2010,Jackass 3D,"$171,471,521"
"1,131",2006,Blood Diamond,"$171,377,916"
"1,132",2008,Cloverfield,"$171,302,226"
"1,133",2002,Mr. Deeds,"$171,269,535"
"1,134",2010,The Other Guys,"$170,936,470"
"1,135",2011,Zookeeper,"$170,805,525"
"1,136",2007,Meet the Robinsons,"$170,552,719"
"1,137",2012,Magic Mike,"$170,549,753"
"1,138",2012,Looper,"$170,466,405"
"1,139",1994,The Specialist,"$170,362,581"
"1,140",2004,Starsky & Hutch,"$170,200,225"
"1,141",2004,Shall We Dance?,"$170,125,882"
"1,142",2018,The Nutcracker and the Four Realms,"$170,024,300"
"1,143",2012,Shi Er Sheng Xiao,"$169,994,606"
"1,144",2007,Superbad,"$169,955,142"
"1,145",2015,Jian Bing Man,"$169,842,267"
"1,146",2000,The Emperor's New Groove,"$169,630,573"
"1,147",2020,Wonder Woman 1984,"$169,601,036"
"1,148",2012,The Impossible,"$169,590,606"
"1,149",1997,The Saint,"$169,400,000"
"1,150",2009,Hannah Montana: The Movie,"$169,173,206"
"1,151",2023,Scream VI,"$169,063,850"
"1,152",1995,12 Monkeys,"$168,841,459"
"1,153",2021,The Suicide Squad,"$168,717,425"
"1,154",2022,Ticket to Paradise,"$168,576,981"
"1,155",2016,Hacksaw Ridge,"$168,423,249"
"1,156",2008,Four Christmases,"$168,311,558"
"1,157",2008,Burn After Reading,"$168,167,798"
"1,158",2015,Focus,"$168,065,700"
"1,159",2017,Ghost in the Shell,"$167,910,690"
"1,160",2003,Spy Kids 3-D: Game Over,"$167,851,995"
"1,161",2015,Fantastic Four,"$167,849,187"
"1,162",2014,Xi you ji: Da nao tian gong,"$167,840,000"
"1,163",2004,Dodgeball: A True Underdog Story,"$167,791,704"
"1,164",1987,3 Men and a Baby,"$167,780,960"
"1,165",2004,Alexander,"$167,297,191"
"1,166",2009,Coraline,"$167,222,848"
"1,167",2020,Jin gang chuan,"$167,007,608"
"1,168",2015,Xi you ji zhi da sheng gui lai,"$166,968,128"
"1,169",2009,Up in the Air,"$166,842,739"
"1,170",2024,The Volunteers: The Battle of Life an…,"$166,701,698"
"1,171",2008,Seven Pounds,"$166,617,328"
"1,172",2019,Gemini Man,"$166,598,362"
"1,173",2000,Nutty Professor II: The Klumps,"$166,307,945"
"1,174",2002,Stuart Little 2,"$166,000,000"
"1,175",1997,Contact,"$165,900,000"
"1,176",2002,The Scorpion King,"$165,890,634"
"1,177",2010,Step Up 3D,"$165,889,117"
"1,178",2010,Unstoppable,"$165,720,921"
"1,179",1996,Sleepers,"$165,600,852"
"1,180",2012,Step Up Revolution,"$165,552,290"
"1,181",2001,The Princess Diaries,"$165,334,774"
"1,182",2003,Cold Mountain,"$165,173,909"
"1,183",2016,The Huntsman: Winter’s War,"$165,149,302"
"1,184",2019,Spies in Disguise,"$165,124,093"
"1,185",2011,In Time,"$165,103,952"
"1,186",1999,Deep Blue Sea,"$165,048,228"
"1,187",2006,Miami Vice,"$164,920,076"
"1,188",1998,"Six Days, Seven Nights","$164,800,000"
"1,189",2003,Bringing Down the House,"$164,675,402"
"1,190",2011,Johnny English Reborn,"$164,640,401"
"1,191",2003,Daddy Day Care,"$164,285,587"
"1,192",2007,No Country for Old Men,"$164,035,753"
"1,193",1984,Gremlins,"$164,029,770"
"1,194",2006,Saw III,"$163,876,815"
"1,195",2002,Maid in Manhattan,"$163,838,217"
"1,196",2021,Space Jam: A New Legacy,"$163,692,228"
"1,197",1999,Pokemon: The First Movie,"$163,644,662"
"1,198",2014,Unbroken,"$163,527,824"
"1,199",2006,World Trade Center,"$163,295,654"
"1,200",1975,One Flew Over the Cuckoo's Nest,"$163,274,115"
"1,201",2014,The Grand Budapest Hotel,"$163,037,661"
"1,202",2025,Sinners,"$163,034,091"
"1,203",2005,The Island,"$163,018,913"
"1,204",2006,Talladega Nights: The Ballad of Ricky…,"$162,870,525"
"1,205",2008,The Spiderwick Chronicles,"$162,839,667"
"1,206",2008,The Happening,"$162,778,384"
"1,207",2022,Morbius,"$162,759,437"
"1,208",2005,The Interpreter,"$162,753,837"
"1,209",1990,Dick Tracy,"$162,738,726"
"1,210",2015,Bridge of Spies,"$162,498,338"
"1,211",2016,The Magnificent Seven,"$162,122,642"
"1,212",2011,Midnight in Paris,"$162,051,975"
"1,213",2005,The Ring Two,"$161,941,727"
"1,214",2013,Insidious Chapter 2,"$161,921,515"
"1,215",2003,Bayside Shakedown 2 (踊る大捜査線 THE MOVIE…,"$161,877,216"
"1,216",2000,Scream 3,"$161,838,076"
"1,217",1973,Live and Let Die,"$161,800,000"
"1,218",2003,Johnny English,"$161,735,791"
"1,219",1999,Payback,"$161,626,121"
"1,220",2005,Memoirs of a Geisha,"$161,510,853"
"1,221",2022,The Black Phone,"$161,441,914"
"1,222",2017,"Three Billboards Outside Ebbing, Miss…","$161,158,351"
"1,223",2013,Jackass Presents: Bad Grandpa,"$160,903,019"
"1,224",2003,Freaky Friday,"$160,822,438"
"1,225",1997,Alien: Resurrection,"$160,707,848"
"1,226",2001,America’s Sweethearts,"$160,648,493"
"1,227",2012,Flight,"$160,558,438"
"1,228",1994,Legends of the Fall,"$160,502,573"
"1,229",2011,The Muppets,"$160,461,952"
"1,230",2008,Hellboy II: The Golden Army,"$160,388,063"
"1,231",2012,Underworld: Awakening,"$160,379,930"
"1,232",2008,27 Dresses,"$160,247,805"
"1,233",2021,The Matrix Resurrections,"$160,163,197"
"1,234",1983,Never Say Never Again,"$160,000,000"
"1,235",2016,Jack Reacher: Never Go Back,"$159,946,489"
"1,236",2022,K.G.F: Chapter 2,"$159,887,058"
"1,237",2008,21,"$159,846,429"
"1,238",1998,Stepmom,"$159,745,279"
"1,239",2001,Black Hawk Down,"$159,691,085"
"1,240",1973,The Sting,"$159,616,327"
"1,241",2018,The Predator,"$159,487,563"
"1,242",1995,Crimson Tide,"$159,387,195"
"1,243",2018,Johnny English Strikes Again,"$159,369,278"
"1,244",1997,The Jackal,"$159,356,941"
"1,245",1992,Unforgiven,"$159,157,447"
"1,246",1993,Demolition Man,"$159,055,768"
"1,247",2007,Norbit,"$158,973,607"
"1,248",2015,Goosebumps,"$158,952,243"
"1,249",2006,The Pink Panther,"$158,926,474"
"1,250",1996,Daylight,"$158,908,290"
"1,251",2016,Don’t Breathe,"$158,906,350"
"1,252",2010,The Book of Eli,"$158,750,817"
"1,253",2014,The Monuments Men,"$158,702,748"
"1,254",2005,Sin City,"$158,527,918"
"1,255",1992,Alien 3,"$158,500,000"
"1,256",2011,Happy Feet Two,"$157,956,462"
"1,257",2006,The Fast and the Furious: Tokyo Drift,"$157,794,205"
"1,258",1990,Days of Thunder,"$157,670,733"
"1,259",2015,Yip Man 3,"$157,300,954"
"1,260",2021,Peter Rabbit 2: The Runaway,"$157,214,984"
"1,261",2003,Lara Croft: Tomb Raider: The Cradle o…,"$157,092,943"
"1,262",2012,This Means War,"$156,974,557"
"1,263",2003,Mystic River,"$156,822,020"
"1,264",2011,War Horse,"$156,815,529"
"1,265",1992,Under Siege,"$156,563,139"
"1,266",2014,Dumb and Dumber To,"$156,553,592"
"1,267",2023,Killers of the Flower Moon,"$156,432,918"
"1,268",2014,Planes: Fire and Rescue,"$156,399,644"
"1,269",2006,Rocky Balboa,"$156,229,050"
"1,270",1989,Licence to Kill,"$156,167,015"
"1,271",2005,Monster-in-Law,"$155,931,301"
"1,272",2007,P.S. I Love You,"$155,769,678"
"1,273",2003,The Haunted Mansion,"$155,750,628"
"1,274",2006,Dreamgirls,"$155,620,350"
"1,275",2019,Escape Room,"$155,615,727"
"1,276",2011,Limitless,"$155,564,919"
"1,277",2003,Scary Movie 3,"$155,200,000"
"1,278",2011,Final Destination 5,"$155,011,165"
"1,279",1993,Cool Runnings,"$155,008,909"
"1,280",2019,Yesterday,"$154,783,324"
"1,281",2024,Pushpa: The Rule — Part 2,"$154,621,981"
"1,282",2002,Blade 2,"$154,338,601"
"1,283",2008,Beverly Hills Chihuahua,"$154,218,168"
"1,284",2004,The Phantom of the Opera,"$153,907,999"
"1,285",2014,Ride Along,"$153,733,800"
"1,286",1993,Free Willy,"$153,698,625"
"1,287",2004,Kill Bill: Volume 2,"$153,535,982"
"1,288",2025,Creation of the Gods II: Demonic Conf…,"$153,355,464"
"1,289",2007,Sweeney Todd: The Demon Barber of Fle…,"$153,329,844"
"1,290",1961,101 Dalmatians,"$153,302,565"
"1,291",2017,Cheng feng po lang,"$153,018,738"
"1,292",1997,Devil’s Advocate,"$153,007,424"
"1,293",2016,The Accountant,"$152,962,083"
"1,294",2005,Saw II,"$152,925,093"
"1,295",1990,Another 48 Hrs.,"$152,747,413"
"1,296",1985,A View to a Kill,"$152,627,960"
"1,297",2010,The Town,"$152,566,881"
"1,298",2000,Chocolat,"$152,500,343"
"1,299",1998,Antz,"$152,457,863"
"1,300",2024,The Beekeeper,"$152,409,233"
"1,301",1991,Backdraft,"$152,368,585"
"1,302",2009,The Taking of Pelham 123,"$152,364,370"
"1,303",2010,Date Night,"$152,269,033"
"1,304",1996,A Time to Kill,"$152,266,007"
"1,305",2019,The Angry Birds Movie 2,"$152,255,188"
"1,306",1996,Phenomenon,"$152,036,382"
"1,307",1995,Congo,"$152,022,333"
"1,308",1996,Evita,"$151,947,179"
"1,309",2015,The Hateful Eight,"$151,813,358"
"1,310",2013,47 Ronin,"$151,716,815"
"1,311",1988,Big,"$151,665,347"
"1,312",2015,Pan,"$151,525,973"
"1,313",2012,Arrietty (借りぐらしのアリエッティ)…,"$151,496,097"
"1,314",1999,The Bone Collector,"$151,463,090"
"1,315",2021,PAW Patrol: The Movie,"$151,403,419"
"1,316",2018,Bi Bei Shang Geng Bei Shang De Gu Shi,"$151,056,221"
"1,317",2008,Vantage Point,"$150,886,329"
"1,318",2017,Darkest Hour,"$150,807,630"
"1,319",2011,Jack and Jill,"$150,519,217"
"1,320",2022,RRR,"$150,511,517"
"1,321",1997,Speed 2: Cruise Control,"$150,468,000"
"1,322",2019,Hustlers,"$150,467,919"
"1,323",2014,Into the Storm,"$150,429,371"
"1,324",2011,Tower Heist,"$150,422,946"
"1,325",2024,Detective Conan: The Million-Dollar P…,"$150,008,115"
"1,326",1996,Star Trek: First Contact,"$150,000,000"
"1,327",2007,Resident Evil: Extinction,"$149,871,103"
"1,328",2013,Lone Survivor,"$149,804,632"
"1,329",1999,The General’s Daughter,"$149,705,852"
"1,330",2000,"Me, Myself & Irene","$149,270,999"
"1,331",2011,No Strings Attached,"$149,228,078"
"1,332",2012,Ghost Rider: Spirit of Vengeance,"$149,217,355"
"1,333",2016,Lion,"$149,117,900"
"1,334",1992,Death Becomes Her,"$149,022,650"
"1,335",2016,Lights Out,"$148,806,510"
"1,336",2003,Seabiscuit,"$148,715,342"
"1,337",2008,Step Up 2 the Streets,"$148,586,910"
"1,338",1996,Broken Arrow,"$148,345,997"
"1,339",2013,Mama,"$148,095,566"
"1,340",2006,Garfield: A Tail of Two Kitties,"$147,985,373"
"1,341",2011,Arthur Christmas,"$147,555,243"
"1,342",1996,Romeo+Juliet,"$147,542,381"
"1,343",2021,House of Gucci,"$147,474,138"
"1,344",2021,Chuan Guo Han Dong Yong Bao Ni (穿过寒冬拥…,"$147,337,335"
"1,345",2023,Evil Dead Rise,"$147,156,372"
"1,346",2022,Boonie Bears: Back to Earth (熊出没·重返地球…,"$147,097,958"
"1,347",2001,Swordfish,"$147,080,413"
"1,348",2014,Stand By Me Doraemon,"$147,000,000"
"1,349",2011,New Year’s Eve,"$146,850,273"
"1,350",2011,Friends with Benefits,"$146,595,891"
"1,351",2007,The Game Plan,"$146,590,987"
"1,352",2011,"Crazy, Stupid, Love","$146,493,974"
"1,353",2015,Gun dan ba! Zhong liu jun,"$146,486,639"
"1,354",2021,The Boss Baby: Family Business,"$146,281,732"
"1,355",2015,Du Cheng Feng Yun 2,"$146,203,224"
"1,356",2007,Music and Lyrics,"$146,196,885"
"1,357",2011,I am Number Four,"$146,195,159"
"1,358",2016,Time Raiders,"$145,974,597"
"1,359",2018,Red Sparrow,"$145,951,861"
"1,360",2021,Yang Ming Li Wan (扬名立万),"$145,775,168"
"1,361",2007,Blades of Glory,"$145,594,548"
"1,362",2007,Surf’s Up,"$145,395,745"
"1,363",2017,The Foreigner,"$145,374,099"
"1,364",2001,The Mexican,"$145,238,250"
"1,365",2021,Ci Sha Xiao Shuo Jia,"$144,854,469"
"1,366",2005,The Exorcism of Emily Rose,"$144,529,078"
"1,367",2022,Where the Crawdads Sing,"$144,353,965"
"1,368",2005,Herbie: Fully Loaded,"$144,110,682"
"1,369",2006,Charlotte's Web,"$143,985,708"
"1,370",1988,Die Hard,"$143,651,650"
"1,371",2025,Dog Man,"$143,277,355"
"1,372",2001,Spy Game,"$143,049,560"
"1,373",2012,Paranormal Activity 4,"$142,817,992"
"1,374",1997,Conspiracy Theory,"$142,783,718"
"1,375",2010,The Wolfman,"$142,634,358"
"1,376",2017,Power Rangers,"$142,531,552"
"1,377",2023,Ex File 4 (前任4：英年早婚),"$142,106,517"
"1,378",2004,SpongeBob SquarePants: The Movie,"$142,051,255"
"1,379",2010,Dear John,"$142,033,509"
"1,380",1967,The Jungle Book,"$141,843,000"
"1,381",2001,Legally Blonde,"$141,809,235"
"1,382",1978,National Lampoon’s Animal House,"$141,607,202"
"1,383",2013,RED 2,"$141,507,355"
"1,384",2003,Gothika,"$141,484,812"
"1,385",2005,The Legend of Zorro,"$141,475,336"
"1,386",2016,Sausage Party,"$141,344,255"
"1,387",2006,Monster House,"$141,267,370"
"1,388",1995,Bad Boys,"$141,247,413"
"1,389",2003,Mona Lisa Smile,"$141,205,169"
"1,390",1965,Thunderball,"$141,200,000"
"1,391",2001,Scary Movie 2,"$141,189,101"
"1,392",2015,Trainwreck,"$141,123,897"
"1,393",1997,The Devil's Own,"$140,900,000"
"1,394",1998,The Rugrats Movie,"$140,894,685"
"1,395",2017,Girls Trip,"$140,886,353"
"1,396",1973,American Graffiti,"$140,557,835"
"1,397",2011,Source Code,"$140,428,499"
"1,398",1993,Sommersby,"$140,081,992"
"1,399",2003,The Jungle Book 2,"$139,924,202"
"1,400",2011,The Three Musketeers,"$139,877,913"
"1,401",2014,Annie,"$139,829,625"
"1,402",1997,Anastasia,"$139,801,096"
"1,403",2010,Legend of the Guardians: The Owls of …,"$139,716,717"
"1,404",1974,Towering Inferno,"$139,700,000"
"1,405",2017,King Arthur: Legend of the Sword,"$139,630,336"
"1,406",2009,17 Again,"$139,474,906"
"1,407",2024,A Complete Unknown,"$139,446,191"
"1,408",2015,Lao pao er,"$139,204,612"
"1,409",2023,Wú Míng (无名),"$139,126,255"
"1,410",2020,The Invisible Man,"$139,011,965"
"1,411",1979,Star Trek: The Motion Picture,"$139,000,000"
"1,412",2022,Scream,"$138,874,789"
"1,413",2016,Gods of Egypt,"$138,836,756"
"1,414",2009,Brüno,"$138,708,527"
"1,415",1990,Bird on a Wire,"$138,697,012"
"1,416",1995,Nine Months,"$138,486,431"
"1,417",2024,Smile 2,"$138,024,364"
"1,418",2007,Bridge to Terabithia,"$137,984,788"
"1,419",1986,Platoon,"$137,979,020"
"1,420",2016,Pete’s Dragon,"$137,768,975"
"1,421",2012,Abraham Lincoln: Vampire Hunter,"$137,489,730"
"1,422",2010,Wall Street 2: Money Never Sleeps,"$137,431,619"
"1,423",1993,Last Action Hero,"$137,298,489"
"1,424",2011,Contagion,"$137,203,939"
"1,425",2018,The First Purge,"$137,054,597"
"1,426",2006,Big Momma's House 2,"$137,047,376"
"1,427",2007,Stardust,"$137,022,245"
"1,428",1997,Anaconda,"$136,998,907"
"1,429",2023,The Exorcist: Believer,"$136,998,069"
"1,430",2014,Let’s Be Cops,"$136,890,774"
"1,431",2000,Remember the Titans,"$136,771,683"
"1,432",2023,Jawan,"$136,675,088"
"1,433",2021,Tom and Jerry,"$136,536,687"
"1,434",1970,Love Story,"$136,397,186"
"1,435",2012,The Pirates! Band of Misfits,"$136,143,605"
"1,436",2011,Unknown,"$136,123,083"
"1,437",2023,Shēn Hǎi (深海),"$136,090,000"
"1,438",1998,Lost In Space,"$136,047,317"
"1,439",2010,The Bounty Hunter,"$135,808,837"
"1,440",2007,Saw IV,"$135,759,694"
"1,441",2017,American Made,"$135,569,212"
"1,442",2019,Ad Astra,"$135,154,826"
"1,443",2005,Cheaper by the Dozen 2,"$135,015,330"
"1,444",1995,Sense and Sensibility,"$134,993,774"
"1,445",2004,The Princess Diaries 2: Royal Engagement,"$134,713,435"
"1,446",2012,The Best Exotic Marigold Hotel,"$134,639,780"
"1,447",2012,Zero Dark Thirty,"$134,612,435"
"1,448",2023,Shazam! Fury of the Gods,"$134,221,819"
"1,449",2000,Pokemon 2000,"$133,946,923"
"1,450",1989,Black Rain,"$133,892,212"
"1,451",2003,Dr. Seuss’ The Cat in the Hat,"$133,818,283"
"1,452",2015,Point Break,"$133,782,481"
"1,453",2010,Saw 3D,"$133,735,284"
"1,454",2018,How Long Will I Love U,"$133,650,584"
"1,455",2021,Wo de jie jie,"$133,645,504"
"1,456",2006,Perfume: The Story of a Murderer,"$133,603,463"
"1,457",2014,Myeong-ryang,"$133,450,917"
"1,458",1993,Hot Shots! Part Deux,"$133,448,689"
"1,459",2020,Onward,"$133,357,601"
"1,460",2019,Angel Has Fallen,"$133,345,583"
"1,461",2005,La marche de l'empereur,"$133,276,359"
"1,462",2018,A Wrinkle in Time,"$133,214,549"
"1,463",2012,Hope Springs,"$133,085,295"
"1,464",1986,Star Trek IV: The Voyage Home,"$133,000,000"
"1,465",2008,Astérix aux Jeux Olympiques,"$132,999,811"
"1,466",2015,The Big Short,"$132,624,681"
"1,467",2013,2 Guns,"$132,493,015"
"1,468",1992,A League of Their Own,"$132,440,066"
"1,469",2005,Pride & Prejudice,"$132,303,840"
"1,470",2020,Wen Nuan De Bao Bao,"$132,213,520"
"1,471",2006,Babel,"$132,121,212"
"1,472",2003,School of Rock,"$131,944,672"
"1,473",2009,Julie & Julia,"$131,516,178"
"1,474",2005,Munich,"$131,492,772"
"1,475",2018,The House with a Clock in its Walls,"$131,457,147"
"1,476",1997,Seven Years in Tibet,"$131,445,884"
"1,477",2014,Jack Ryan: Shadow Recruit,"$131,377,412"
"1,478",2004,Blade: Trinity,"$131,353,165"
"1,479",2007,1408,"$131,263,370"
"1,480",1998,Blade,"$131,237,688"
"1,481",2016,Skiptrace,"$131,202,537"
"1,482",2009,Law Abiding Citizen,"$131,159,781"
"1,483",2005,Bewitched,"$131,159,306"
"1,484",1992,Boomerang,"$131,052,444"
"1,485",1994,Wolf,"$131,011,757"
"1,486",2004,Man on Fire,"$130,968,579"
"1,487",2021,Halloween Kills,"$130,851,162"
"1,488",2023,Blue Beetle,"$130,841,501"
"1,489",2015,The Last Witch Hunter,"$130,818,912"
"1,490",2002,About a Boy,"$130,759,651"
"1,491",2012,Cloud Atlas,"$130,673,154"
"1,492",2006,"You, Me and Dupree","$130,402,010"
"1,493",2022,Death on the Nile,"$130,298,184"
"1,494",2006,V for Vendetta,"$130,214,162"
"1,495",2004,Mean Girls,"$130,125,378"
"1,496",1996,Jingle All the Way,"$129,832,389"
"1,497",1982,An Officer and a Gentleman,"$129,795,554"
"1,498",2007,Atonement,"$129,779,728"
"1,499",2010,The Fighter,"$129,262,388"
"1,500",2008,The Forbidden Kingdom,"$129,059,885"
"1,501",2012,The Woman in Black,"$128,955,898"
"1,502",2006,The Queen,"$128,885,873"
"1,503",2007,Aliens vs. Predator - Requiem,"$128,884,494"
"1,504",2000,Space Cowboys,"$128,874,043"
"1,505",1999,The Talented Mr. Ripley,"$128,792,130"
"1,506",2006,Nanny McPhee,"$128,745,578"
"1,507",2017,Secret Superstar,"$128,719,011"
"1,508",2006,Failure to Launch,"$128,402,901"
"1,509",2024,Transformers One,"$128,317,666"
"1,510",2012,Sap ji sang ciu,"$128,230,000"
"1,511",2024,The Prosecutor (误判),"$128,129,206"
"1,512",2008,Step Brothers,"$128,107,642"
"1,513",2011,The Artist,"$128,100,584"
"1,514",2025,Bridget Jones: Mad About The Boy,"$128,064,927"
"1,515",2014,Blended,"$127,990,741"
"1,516",1998,Everest,"$127,990,128"
"1,517",2013,Ender’s Game,"$127,983,283"
"1,518",1992,Forever Young,"$127,942,530"
"1,519",2019,Yin He Bu Xi Ban,"$127,897,924"
"1,520",2007,The Heartbreak Kid,"$127,768,790"
"1,521",1982,Gandhi,"$127,767,889"
"1,522",2017,A Bad Moms Christmas,"$127,710,550"
"1,523",2000,U-571,"$127,630,030"
"1,524",1995,First Knight,"$127,361,412"
"1,525",2024,Civil War,"$127,339,353"
"1,526",2010,Predators,"$127,234,389"
"1,527",2011,The Adjustment Bureau,"$126,931,325"
"1,528",2025,Mickey 17,"$126,828,338"
"1,529",2019,Midway,"$126,787,360"
"1,530",1977,Smokey and the Bandit,"$126,737,516"
"1,531",2013,This is the End,"$126,539,117"
"1,532",2002,Space Station,"$126,513,186"
"1,533",2017,Captain Underpants: The First Epic Movie,"$126,422,949"
"1,534",1989,Parenthood,"$126,297,830"
"1,535",1997,L.A. Confidential,"$126,204,977"
"1,536",2014,Sex Tape,"$126,069,509"
"1,537",1983,Staying Alive,"$126,041,474"
"1,538",2024,Kalki 2898-AD,"$125,857,438"
"1,539",2019,The Upside,"$125,818,440"
"1,540",2016,Mechanic: Resurrection,"$125,729,635"
"1,541",2024,Longlegs,"$125,411,316"
"1,542",2003,"Legally Blonde 2: Red, White & Blonde","$125,339,088"
"1,543",2023,Saw X,"$125,319,714"
"1,544",1997,I Know What You Did Last Summer,"$125,250,091"
"1,545",2019,Zombieland: Double Tap,"$125,213,018"
"1,546",1982,First Blood,"$125,212,904"
"1,547",2004,Resident Evil: Apocalypse,"$125,168,734"
"1,548",2017,Happy Death Day,"$125,010,260"
"1,549",2015,Fack ju Gohte 2,"$125,000,000"
"1,550",2020,Zhong Guo Nu Pai,"$124,965,617"
"1,551",1964,Goldfinger,"$124,900,000"
"1,552",2016,Ride Along 2,"$124,827,316"
"1,553",2004,Ray,"$124,823,094"
"1,554",2000,The Family Man,"$124,715,863"
"1,555",2009,Invictus,"$124,514,011"
"1,556",1999,The Thomas Crown Affair,"$124,304,264"
"1,557",1991,City Slickers,"$124,033,872"
"1,558",2003,Big Fish,"$123,954,323"
"1,559",1987,Good Morning Vietnam,"$123,922,582"
"1,560",2005,Hide and Seek,"$123,696,741"
"1,561",2012,Chronicle,"$123,681,790"
"1,562",2015,Magic Mike XXL,"$123,580,421"
"1,563",2019,Last Christmas,"$123,429,381"
"1,564",2013,Walking with Dinosaurs,"$123,368,842"
"1,565",1998,The Wedding Singer,"$123,345,725"
"1,566",2014,The Theory of Everything,"$123,327,692"
"1,567",2019,The Curse of La Llorona,"$123,233,739"
"1,568",2015,Bajrangi Bhaijaan,"$122,825,618"
"1,569",2018,Dragon Ball Super: Broly,"$122,740,616"
"1,570",2017,The Lego Ninjago Movie,"$122,737,201"
"1,571",2014,The Nut Job,"$122,529,966"
"1,572",2015,Tian jiang xiong shi,"$122,519,874"
"1,573",2009,Hotel for Dogs,"$122,357,172"
"1,574",2016,Deepwater Horizon,"$122,333,118"
"1,575",2023,A Haunting in Venice,"$122,290,456"
"1,576",2001,Save the Last Dance,"$122,244,329"
"1,577",1995,Mortal Kombat,"$122,133,227"
"1,578",1996,Executive Decision,"$122,079,192"
"1,579",2023,Detective Conan: Black Iron Submarine,"$121,879,597"
"1,580",1982,Poltergeist,"$121,788,932"
"1,581",2005,Sahara,"$121,645,390"
"1,582",2003,Intolerable Cruelty,"$121,327,628"
"1,583",2021,The King’s Man,"$121,125,300"
"1,584",1997,Starship Troopers,"$121,099,956"
"1,585",2006,Apocalypto,"$121,032,272"
"1,586",2012,Parental Guidance,"$120,832,383"
"1,587",1976,To Fly!,"$120,700,000"
"1,588",2019,Dora and the Lost City of Gold,"$120,592,276"
"1,589",2006,Eight Below,"$120,455,994"
"1,590",2015,Insidious Chapter 3,"$120,453,155"
"1,591",1987,Lethal Weapon,"$120,192,350"
"1,592",2013,The Wind Rises (風立ちぬ),"$120,155,441"
"1,593",1997,Volcano,"$120,100,000"
"1,594",2020,Soul,"$120,068,830"
"1,595",1994,Star Trek: Generations,"$120,000,000"
"1,596",2014,Qu'est ce qu'on a fait au bon dieu,"$119,999,878"
"1,597",1990,Rocky V,"$119,946,358"
"1,598",2003,Jeepers Creepers 2,"$119,923,801"
"1,599",1974,Blazing Saddles,"$119,879,266"
"1,600",1996,Michael,"$119,745,070"
"1,601",2000,Road Trip,"$119,739,110"
"1,602",2018,Instant Family,"$119,736,188"
"1,603",2002,Spy Kids 2: The Island of Lost Dreams,"$119,721,296"
"1,604",2009,Surrogates,"$119,668,350"
"1,605",2009,Red Cliff,"$119,627,047"
"1,606",2007,Charlie Wilson’s War,"$119,512,771"
"1,607",2016,I Belonged to You,"$119,418,869"
"1,608",2021,The Addams Family 2,"$119,383,236"
"1,609",2006,The Omen,"$119,295,584"
"1,610",1981,On Golden Pond,"$119,285,432"
"1,611",2016,Allied,"$119,266,661"
"1,612",1994,Beverly Hills Cop III,"$119,180,938"
"1,613",2002,Unfaithful,"$119,114,494"
"1,614",2018,Wu Wen Xi Dong,"$119,035,160"
"1,615",2016,The Shallows,"$118,763,442"
"1,616",2011,We Bought a Zoo,"$118,729,073"
"1,617",2023,Volunteer Soldiers Attack (志愿军：雄兵出击)…,"$118,626,692"
"1,618",2006,Barnyard: The Original Party Animals,"$118,583,844"
"1,619",2008,Body of Lies,"$118,556,530"
"1,620",2007,Disturbia,"$118,537,627"
"1,621",2012,Hua Pi 2,"$118,528,842"
"1,622",2016,The Purge: Election Year,"$118,514,727"
"1,623",2018,The Commuter,"$118,509,836"
"1,624",2008,Saw V,"$118,209,778"
"1,625",2018,Huang Qiang Zou Ban,"$118,128,641"
"1,626",2023,Gran Turismo: Based on a True Story,"$117,862,107"
"1,627",1998,Star Trek: Insurrection,"$117,800,000"
"1,628",2021,My Love (你的婚礼),"$117,788,257"
"1,629",2019,Meitantei Conan: Konjo no Fisuto,"$117,776,017"
"1,630",2021,Ren Chao Xiong Yong,"$117,734,102"
"1,631",2010,A Nightmare on Elm Street,"$117,729,618"
"1,632",1994,The Client,"$117,615,211"
"1,633",2015,Lang Tu Teng,"$117,591,252"
"1,634",2023,Haunted Mansion,"$117,449,790"
"1,635",1999,Blue Streak,"$117,448,157"
"1,636",2016,Why Him?,"$117,425,156"
"1,637",2018,Game Night,"$117,378,084"
"1,638",2023,Cháng Kōng Zhī Wáng (长空之王),"$117,299,494"
"1,639",1993,Dennis the Menace,"$117,270,765"
"1,640",2004,The Forgotten,"$117,211,892"
"1,641",2003,Lost in Translation,"$117,085,297"
"1,642",2024,Octopus with Broken Arms (误杀3),"$117,079,429"
"1,643",2023,One and Only (热烈),"$117,034,586"
"1,644",2002,Snow Dogs,"$116,898,028"
"1,645",2011,Water for Elephants,"$116,809,717"
"1,646",2009,Earth,"$116,773,317"
"1,647",1998,The Siege,"$116,625,798"
"1,648",1993,Sliver,"$116,280,867"
"1,649",2004,The Notebook,"$116,223,302"
"1,650",2021,Raya and the Last Dragon,"$116,203,928"
"1,651",2004,Closer,"$116,148,537"
"1,652",2019,Geukhanjikeob,"$116,127,561"
"1,653",2016,Finding Mr Right 2,"$116,100,802"
"1,654",2012,Pitch Perfect,"$116,044,347"
"1,655",1971,Diamonds Are Forever,"$115,999,985"
"1,656",2013,Si Ren Ding Zhi,"$115,889,225"
"1,657",2019,Fan Tan Feng Bao 4,"$115,687,407"
"1,658",1975,The Rocky Horror Picture Show,"$115,619,948"
"1,659",2012,The Iron Lady,"$115,592,104"
"1,660",2015,Detective Chinatown (唐人街探案),"$115,497,529"
"1,661",2009,Bride Wars,"$115,150,424"
"1,662",1986,"The Karate Kid, Part II","$115,103,979"
"1,663",2019,Wonder Park,"$115,103,325"
"1,664",2016,Office Christmas Party,"$115,097,874"
"1,665",2018,Xi You Ji Nu Er Guo,"$115,089,944"
"1,666",1984,Romancing the Stone,"$115,078,260"
"1,667",2004,Finding Neverland,"$115,036,108"
"1,668",1995,Get Shorty,"$115,021,008"
"1,669",2013,Saving Mr. Banks,"$114,962,525"
"1,670",2013,Warm Bodies,"$114,834,312"
"1,671",2006,The Lake House,"$114,830,111"
"1,672",2005,Corpse Bride,"$114,686,476"
"1,673",2002,We Were Soldiers,"$114,658,262"
"1,674",2003,Freddy vs. Jason,"$114,576,403"
"1,675",1991,The Last Boy Scout,"$114,500,000"
"1,676",2000,Coyote Ugly,"$113,916,474"
"1,677",2008,Changeling,"$113,805,580"
"1,678",2002,Insomnia,"$113,622,499"
"1,679",2001,The Score,"$113,542,091"
"1,680",1995,Judge Dredd,"$113,487,912"
"1,681",2017,The Dark Tower,"$113,461,527"
"1,682",2006,Underworld: Evolution,"$113,417,762"
"1,683",2012,Think Like a Man,"$113,373,764"
"1,684",1995,Species,"$113,354,449"
"1,685",2021,Clifford the Big Red Dog,"$113,350,187"
"1,686",2007,Arthur et les Minimoys,"$113,325,743"
"1,687",2013,Prisoners,"$113,310,547"
"1,688",1996,Striptease,"$113,309,743"
"1,689",2008,Rambo,"$113,244,290"
"1,690",2019,The Gentlemen,"$113,152,222"
"1,691",2010,Cats & Dogs: The Revenge of Kitty Galore,"$113,026,383"
"1,692",2008,The Reader,"$112,964,875"
"1,693",2008,Transporter 3,"$112,930,957"
"1,694",2013,Last Vegas,"$112,914,167"
"1,695",2006,Final Destination 3,"$112,798,051"
"1,696",2010,Tooth Fairy,"$112,610,386"
"1,697",2014,Where Are We Going Dad?,"$112,370,000"
"1,698",2019,Boonie Bears: Blast Into The Past,"$112,294,128"
"1,699",1965,Doctor Zhivago,"$112,052,801"
"1,700",2000,Final Destination,"$112,036,870"
"1,701",1994,Frankenstein,"$112,006,296"
"1,702",2014,The Boxtrolls,"$111,898,741"
"1,703",2023,Poor Things,"$111,894,450"
"1,704",2002,The Pianist,"$111,874,038"
"1,705",2015,Get Hard,"$111,811,453"
"1,706",2019,Pet Sematary,"$111,809,732"
"1,707",1967,You Only Live Twice,"$111,600,000"
"1,708",2014,The Purge: Anarchy,"$111,534,881"
"1,709",2022,Everything Everywhere All At Once,"$111,478,881"
"1,710",2004,White Chicks,"$111,448,997"
"1,711",2016,The 5th Wave,"$111,336,398"
"1,712",2011,Moneyball,"$111,300,835"
"1,713",2019,Good Boys,"$111,174,248"
"1,714",2006,Step Up,"$110,989,157"
"1,715",1989,Sea of Love,"$110,879,513"
"1,716",1995,The Net,"$110,521,733"
"1,717",1995,Casino,"$110,400,000"
"1,718",2013,Free Birds,"$110,387,072"
"1,719",2017,Buddies in India,"$110,203,801"
"1,720",2015,The Man From U.N.C.L.E.,"$110,045,109"
"1,721",2002,Peter Pan: Return to Neverland,"$109,862,682"
"1,722",2005,The Dukes of Hazzard,"$109,848,461"
"1,723",2006,Hoodwinked,"$109,843,390"
"1,724",2004,Sideways,"$109,726,800"
"1,725",1982,Porky's,"$109,492,484"
"1,726",2009,Män som hatar kvinnor,"$109,421,911"
"1,727",2008,Fool’s Gold,"$109,362,966"
"1,728",2000,Billy Elliot,"$109,252,972"
"1,729",2024,Haikyu!! The Movie: Decisive Battle a…,"$109,202,116"
"1,730",2005,The Amityville Horror,"$109,175,673"
"1,731",2009,Planet 51,"$108,996,113"
"1,732",2011,Sanctum,"$108,957,098"
"1,733",2014,Seventh Son,"$108,874,967"
"1,734",2016,Neighbors 2: Sorority Rising,"$108,757,621"
"1,735",2010,Hereafter,"$108,660,270"
"1,736",2022,A Man Called Otto,"$108,641,148"
"1,737",2014,Pompeii,"$108,469,033"
"1,738",1994,Junior,"$108,431,355"
"1,739",1983,Terms of Endearment,"$108,423,749"
"1,740",2016,10 Cloverfield Lane,"$108,286,422"
"1,741",2012,ParaNorman,"$108,119,662"
"1,742",2004,Hidalgo,"$108,086,731"
"1,743",2009,Confessions of a Shopaholic,"$108,027,701"
"1,744",2003,The Texas Chainsaw Massacre,"$107,967,319"
"1,745",2018,Meitantei Conan: Zero no Shikkônin,"$107,918,046"
"1,746",1995,The American President,"$107,822,813"
"1,747",1999,Three Kings,"$107,752,036"
"1,748",2024,Desperate for Money at the End of the…,"$107,620,607"
"1,749",2006,The Santa Clause 3: The Escape Clause,"$107,500,122"
"1,750",2017,Along With The Gods: The Two Worlds,"$107,476,731"
"1,751",2015,Paul Blart: Mall Cop 2,"$107,453,907"
"1,752",2020,The Call of the Wild,"$107,351,191"
"1,753",1994,Ace Ventura: Pet Detective,"$107,217,396"
"1,754",2004,The Chronicles of Riddick,"$107,212,751"
"1,755",2022,"Lyle, Lyle, Crocodile","$107,192,068"
"1,756",2000,Shaft,"$107,190,108"
"1,757",2002,About Schmidt,"$107,054,484"
"1,758",2014,The Breakup Guru,"$106,798,959"
"1,759",1989,Driving Miss Daisy,"$106,593,296"
"1,760",2008,Made of Honor,"$106,548,738"
"1,761",2002,Spirit: Stallion of the Cimarron,"$106,515,310"
"1,762",1995,Mr. Holland’s Opus,"$106,282,604"
"1,763",1979,Kramer vs. Kramer,"$106,260,000"
"1,764",2022,Beomjoidosi 2 (범죄도시2),"$106,047,622"
"1,765",2015,Sisters,"$106,030,660"
"1,766",2000,Mission to Mars,"$106,000,000"
"1,767",2018,Book Club,"$105,953,632"
"1,768",2014,Horrible Bosses 2,"$105,945,357"
"1,769",2010,Life as We Know It,"$105,887,837"
"1,770",2023,Pathaan,"$105,883,591"
"1,771",2006,Deep Sea 3D,"$105,779,761"
"1,772",2018,First Man,"$105,523,737"
"1,773",2022,Shen Tan Da Zhan (神探大战),"$105,500,000"
"1,774",2008,Forgetting Sarah Marshall,"$105,475,310"
"1,775",2022,Halloween Ends,"$105,400,796"
"1,776",2005,The Brothers Grimm,"$105,299,638"
"1,777",2001,Along Came a Spider,"$105,159,085"
"1,778",2009,Race to Witch Mountain,"$105,103,784"
"1,779",2023,Godzilla Minus One (ゴジラ最新作),"$105,094,084"
"1,780",2016,Dirty Grandpa,"$105,078,449"
"1,781",2005,Cinderella Man,"$105,021,488"
"1,782",2015,Chappie,"$105,002,056"
"1,783",1993,Made In America,"$104,942,695"
"1,784",2012,The Campaign,"$104,907,746"
"1,785",2015,Vacation,"$104,884,188"
"1,786",2019,Scary Stories to Tell in the Dark,"$104,793,708"
"1,787",2024,Mean Girls,"$104,581,770"
"1,788",2016,Cold War 2,"$104,529,486"
"1,789",2001,Training Day,"$104,505,352"
"1,790",2008,Vicky Cristina Barcelona,"$104,504,817"
"1,791",2001,Don’t Say a Word,"$104,488,383"
"1,792",1967,The Graduate,"$104,467,910"
"1,793",2002,The Tuxedo,"$104,429,625"
"1,794",2006,The Prestige,"$104,407,366"
"1,795",1999,Eyes Wide Shut,"$104,364,755"
"1,796",1996,Dragonheart,"$104,364,680"
"1,797",1995,Under Siege 2: Dark Territory,"$104,324,083"
"1,798",2023,The Creator,"$104,272,136"
"1,799",1978,Every Which Way but Loose,"$104,268,727"
"1,800",2017,Jigsaw,"$104,223,315"
"1,801",2018,Night School,"$104,145,633"
"1,802",2000,The Cell,"$104,102,747"
"1,803",2013,Gangster Squad,"$104,100,903"
"1,804",2021,Wrath of Man,"$103,913,405"
"1,805",1998,Snake Eyes,"$103,891,409"
"1,806",2004,Saw,"$103,880,027"
"1,807",2023,Bǎo Nǐ Píng Ān (保你平安),"$103,840,000"
"1,808",2002,Resident Evil,"$103,787,401"
"1,809",2013,Escape Plan,"$103,735,965"
"1,810",2017,Wukong,"$103,651,195"
"1,811",2004,Dawn of the Dead,"$103,452,875"
"1,812",2007,The Water Horse: Legend of the Deep,"$103,429,755"
"1,813",2024,Conclave,"$103,325,781"
"1,814",1980,9 to 5,"$103,300,659"
"1,815",2014,Ouija,"$103,300,632"
"1,816",2000,Rugrats in Paris,"$103,284,813"
"1,817",2014,Transcendence,"$103,039,258"
"1,818",1998,T-Rex: Back to the Cretaceous,"$103,032,128"
"1,819",2012,Project X,"$103,028,188"
"1,820",2001,Jimmy Neutron: Boy Genius,"$102,992,536"
"1,821",2013,Blue Jasmine,"$102,912,961"
"1,822",2009,My Bloody Valentine,"$102,836,002"
"1,823",1996,The Cable Guy,"$102,825,796"
"1,824",2005,The Hitchhiker's Guide to the Galaxy,"$102,746,214"
"1,825",2010,Love and Other Drugs,"$102,716,321"
"1,826",1996,Primal Fear,"$102,573,633"
"1,827",2014,Birdman or (The Unexpected Virtue of …,"$102,544,383"
"1,828",2021,Meitantei Konan Hiiro no Dangan,"$102,541,050"
"1,829",2009,Ghosts of Girlfriends Past,"$102,512,802"
"1,830",2008,Pineapple Express,"$102,404,019"
"1,831",2004,Ladder 49,"$102,332,848"
"1,832",2009,The Time Traveler’s Wife,"$102,332,135"
"1,833",1969,Butch Cassidy and the Sundance Kid,"$102,311,313"
"1,834",1964,Mary Poppins,"$102,299,101"
"1,835",2009,Zombieland,"$102,236,596"
"1,836",2002,John Q.,"$102,226,631"
"1,837",2024,Stree 2,"$102,184,000"
"1,838",2005,Guess Who,"$102,115,888"
"1,839",1994,Timecop,"$102,053,581"
"1,840",2004,Kung Fu Hustle,"$102,034,104"
"1,841",2015,The Little Prince,"$102,027,275"
"1,842",2008,Nim's Island,"$101,857,425"
"1,843",2015,Shaun the Sheep,"$101,850,986"
"1,844",2016,Railroad Tigers,"$101,822,673"
"1,845",2017,Life,"$101,815,660"
"1,846",2012,The Devil Inside,"$101,759,490"
"1,847",2006,Little Man,"$101,636,047"
"1,848",2003,Just Married,"$101,564,935"
"1,849",2014,"Alexander and the Terrible, Horrible,…","$101,379,287"
"1,850",1996,Mars Attacks!,"$101,371,017"
"1,851",1980,Stir Crazy,"$101,300,000"
"1,852",2005,Miss Congeniality 2: Armed and Fabulous,"$101,292,343"
"1,853",2003,The Recruit,"$101,174,440"
"1,854",2005,Crash,"$101,173,038"
"1,855",2011,Paul,"$101,162,106"
"1,856",2015,Joy,"$101,134,059"
"1,857",2014,Heaven is for Real,"$100,913,556"
"1,858",1996,Courage Under Fire,"$100,833,145"
"1,859",1999,Fight Club,"$100,820,947"
"1,860",2022,Ming ri zhan ji,"$100,730,000"
"1,861",2005,Just Like Heaven,"$100,687,083"
"1,862",1996,Up Close & Personal,"$100,645,801"
"1,863",2006,Little Miss Sunshine,"$100,642,353"
"1,864",2001,A Knight’s Tale,"$100,622,586"
"1,865",2025,Boonie Bears: Future Reborn (熊出没·重启未来…,"$100,498,613"
"1,866",1970,Airport,"$100,489,150"
"1,867",2013,No se Aceptan Devoluciones,"$100,486,616"
"1,868",2006,The Good Shepherd,"$100,378,271"
"1,869",2024,Madame Web,"$100,298,817"
"1,870",1999,Any Given Sunday,"$100,230,832"
"1,871",2014,Hou hui wu qi,"$100,110,000"
"1,872",2013,Zhi wo men zhong jiang shi qu de qing…,"$100,030,000"
"1,873",2014,P.K.,"$100,013,053"
"1,874",2016,How to be Single,"$100,003,780"
"1,875",2015,Black Mass,"$99,975,678"
"1,876",2011,Insidious,"$99,870,886"
"1,877",2004,Hellboy,"$99,823,958"
"1,878",2014,Gukjesijang,"$99,684,837"
"1,879",2018,Alpha,"$99,624,873"
"1,880",2019,Chong Ai,"$99,550,700"
"1,881",2022,Armageddon Time,"$99,478,272"
"1,882",2013,Di Renjie zhi shendu longwang (狄仁傑之神都…,"$99,439,061"
"1,883",1994,Street Fighter,"$99,423,000"
"1,884",2006,Nacho Libre,"$99,296,462"
"1,885",2007,Hitman,"$99,135,571"
"1,886",2009,Where the Wild Things Are,"$99,123,656"
"1,887",2015,Jiu ceng yao ta,"$99,120,000"
"1,888",2011,Justin Bieber: Never Say Never,"$99,034,125"
"1,889",2006,The Wild,"$99,010,667"
"1,890",2013,Evil Dead,"$99,010,045"
"1,891",2002,The Time Machine,"$98,983,590"
"1,892",2013,Philomena,"$98,963,392"
"1,893",2021,Fan Tan Feng Bao (G風暴),"$98,941,096"
"1,894",2003,Paycheck,"$98,819,789"
"1,895",1978,Heaven Can Wait,"$98,800,000"
"1,896",1996,Les Visiteurs,"$98,754,000"
"1,897",1999,Bowfinger,"$98,699,769"
"1,898",2015,The Visit,"$98,677,816"
"1,899",2015,E gun tian shi,"$98,632,192"
"1,900",2019,Shi Tu Xing Zhe 2 Die Ying Xing Dong,"$98,444,408"
"1,901",2012,Contraband,"$98,406,855"
"1,902",1995,French Kiss,"$98,393,930"
"1,903",2017,Atomic Blonde,"$98,345,423"
"1,904",2001,Evolution,"$98,341,932"
"1,905",1987,Predator,"$98,267,558"
"1,906",2012,Jin líng shí san chai,"$98,227,017"
"1,907",2013,Rush,"$98,159,204"
"1,908",2005,Are We There Yet?,"$98,114,471"
"1,909",2023,Endless Journey (三大队),"$98,087,239"
"1,910",1971,Billy Jack,"$98,000,000"
"1,911",2007,Fred Claus,"$97,837,638"
"1,912",2003,Phone Booth,"$97,837,138"
"1,913",2010,Nanny McPhee and the Big Bang,"$97,799,865"
"1,914",1998,The Thin Red Line,"$97,709,034"
"1,915",2004,13 Going On 30,"$97,658,712"
"1,916",2014,The Book of Life,"$97,651,543"
"1,917",2018,A Simple Favor,"$97,628,717"
"1,918",1974,The Man with the Golden Gun,"$97,600,000"
"1,919",2023,12.12: The Day (서울의 봄),"$97,554,374"
"1,920",2010,Kick-Ass,"$97,531,134"
"1,921",2010,Green Zone,"$97,523,020"
"1,922",2013,42,"$97,470,701"
"1,923",2018,Sherlock Gnomes,"$97,459,106"
"1,924",2023,Shining For One Thing (一闪一闪亮星星)…,"$97,421,680"
"1,925",2003,Once Upon a Time in Mexico,"$97,413,527"
"1,926",2019,The Hustle,"$97,389,568"
"1,927",1999,Inspector Gadget,"$97,387,965"
"1,928",2022,Dragon Ball Super: Super Hero (ラゴンボール…,"$97,242,192"
"1,929",2011,The Rite,"$97,143,987"
"1,930",2017,Yao Mao Zhuan,"$97,033,612"
"1,931",2002,The Hours,"$97,030,468"
"1,932",2001,Enemy at the Gates,"$96,971,293"
"1,933",2005,Jarhead,"$96,947,540"
"1,934",2015,Assassination,"$96,934,299"
"1,935",1991,Star Trek VI: The Undiscovered Country,"$96,900,000"
"1,936",2024,Big World (小小的我),"$96,886,667"
"1,937",2017,The Shack,"$96,860,808"
"1,938",2018,Xiong Chu Mei Zhi Bian Xing Ji,"$96,784,216"
"1,939",2009,My Sister’s Keeper,"$96,673,002"
"1,940",2005,Red Eye,"$96,666,486"
"1,941",2012,The Lucky One,"$96,633,833"
"1,942",2004,Christmas with the Kranks,"$96,469,187"
"1,943",2016,Ballerina,"$96,451,584"
"1,944",2014,Tammy,"$96,407,655"
"1,945",1999,8MM,"$96,398,826"
"1,946",2024,Argylle,"$96,226,228"
"1,947",2004,The Stepford Wives,"$96,150,482"
"1,948",2000,The Tigger Movie,"$96,147,688"
"1,949",2004,The Manchurian Candidate,"$96,135,872"
"1,950",2024,Challengers,"$96,119,408"
"1,951",2007,TMNT,"$96,096,018"
"1,952",2011,Dolphin Tale,"$96,068,724"
"1,953",2000,The 6th Day,"$96,024,898"
"1,954",2011,Scream 4,"$95,989,590"
"1,955",1989,Harlem Nights,"$95,857,262"
"1,956",2018,The Favourite,"$95,829,459"
"1,957",1982,Star Trek II: The Wrath of Khan,"$95,800,000"
"1,958",2023,Spy x Family Code: White,"$95,745,713"
"1,959",2003,Underworld,"$95,708,457"
"1,960",2016,Some Like It Hot,"$95,697,808"
"1,961",2015,Poltergeist,"$95,682,614"
"1,962",2004,The Butterfly Effect,"$95,638,592"
"1,963",2016,Train to Busan (부산행),"$95,619,965"
"1,964",2010,Killers,"$95,572,749"
"1,965",2007,Shooter,"$95,538,560"
"1,966",2024,Twilight of the Warriors: Walled In (…,"$95,399,186"
"1,967",2018,Truth or Dare,"$95,292,744"
"1,968",2003,Peter Pan,"$95,255,485"
"1,969",1989,Steel Magnolias,"$95,151,938"
"1,970",2009,Old Dogs,"$95,104,304"
"1,971",2002,40 Days and 40 Nights,"$95,092,667"
"1,972",2006,The Guardian,"$94,973,540"
"1,973",2018,Shou Ji Kuang Xiang,"$94,951,615"
"1,974",2005,Be Cool,"$94,944,017"
"1,975",1992,HouseSitter,"$94,900,635"
"1,976",2009,The Lovely Bones,"$94,894,448"
"1,977",1979,1941,"$94,875,000"
"1,978",2015,Sha po long 2,"$94,809,560"
"1,979",2013,Riddick,"$94,763,758"
"1,980",2001,The Wedding Planner,"$94,728,529"
"1,981",2006,Silent Hill,"$94,704,227"
"1,982",1993,The Nightmare Before Christmas,"$94,564,434"
"1,983",2018,Blockers,"$94,523,781"
"1,984",2008,Role Models,"$94,500,826"
"1,985",2015,In the Heart of the Sea,"$94,320,758"
"1,986",2022,The Woman King,"$94,272,634"
"1,987",2014,The Hundred-Foot Journey,"$94,270,488"
"1,988",1994,The River Wild,"$94,215,000"
"1,989",2015,Southpaw,"$94,156,456"
"1,990",2013,Safe Haven,"$94,050,951"
"1,991",2014,Cong cong na nian,"$94,036,853"
"1,992",1985,The Color Purple,"$94,029,472"
"1,993",1999,Forces of Nature,"$93,957,800"
"1,994",2013,The Internship,"$93,672,764"
"1,995",1955,Lady and the Tramp,"$93,638,221"
"1,996",2005,Der Untergang,"$93,631,744"
"1,997",2016,Money Monster,"$93,466,095"
"1,998",2018,Singwa Hamgge: Ingwa Yeon,"$93,453,434"
"1,999",2018,BlacKkKlansman,"$93,411,426"
"2,000",2008,Speed Racer,"$93,394,462"
"2,001",1972,The Poseidon Adventure,"$93,300,000"
"2,002",2020,Xiong Chu Mo: Kuang Ye Da Lu,"$93,172,870"
"2,003",2003,Calendar Girls,"$93,074,616"
"2,004",2018,Goosebumps 2: Haunted Halloween,"$93,006,429"
"2,005",1989,When Harry Met Sally…,"$93,000,145"
"2,006",2010,Get Him to the Greek,"$92,994,927"
"2,007",2007,Michael Clayton,"$92,987,651"
"2,008",1999,Deuce Bigalow: Male Gigolo,"$92,935,067"
"2,009",2023,Moscow Mission (莫斯科行动),"$92,910,181"
"2,010",2004,House of Flying Daggers,"$92,863,945"
"2,011",2019,Xīn xǐjù zhī wáng,"$92,796,952"
"2,012",2022,Downton Abbey: A New Era,"$92,701,410"
"2,013",2005,Syriana,"$92,690,959"
"2,014",2010,The Last Song,"$92,678,948"
"2,015",2009,Friday the 13th,"$92,670,237"
"2,016",2007,Gwoemul,"$92,618,117"
"2,017",2019,Five Feet Apart,"$92,554,209"
"2,018",2001,I Am Sam,"$92,542,418"
"2,019",2005,Four Brothers,"$92,494,381"
"2,020",2005,The Family Stone,"$92,357,499"
"2,021",2009,"I Love You, Man","$92,302,502"
"2,022",2005,The Skeleton Key,"$92,256,918"
"2,023",2009,Underworld 3: Rise of the Lycans,"$92,141,886"
"2,024",2004,Secret Window,"$92,110,539"
"2,025",2016,My Big Fat Greek Wedding 2,"$92,096,558"
"2,026",2005,White Noise,"$92,094,360"
"2,027",2023,Talk To Me,"$91,944,611"
"2,028",2007,No Reservations,"$91,943,956"
"2,029",2015,Spotlight,"$91,902,438"
"2,030",2002,Treasure Planet,"$91,800,000"
"2,031",2019,Crawl,"$91,720,490"
"2,032",2011,Red Riding Hood,"$91,678,442"
"2,033",2016,Ben-Hur,"$91,669,648"
"2,034",2024,"The Pig, the Snake and the Pigeon (周处…","$91,608,950"
"2,035",1988,Masquerade,"$91,593,744"
"2,036",2018,Jing Zhou,"$91,462,581"
"2,037",2018,I Feel Pretty,"$91,444,095"
"2,038",2009,Drag Me To Hell,"$91,388,487"
"2,039",2019,Rambo: Last Blood,"$91,378,886"
"2,040",2013,The Purge,"$91,266,581"
"2,041",1986,Back to School,"$91,258,000"
"2,042",2018,Overboard,"$91,244,913"
"2,043",2011,Season of the Witch,"$91,126,600"
"2,044",2000,Romeo Must Die,"$91,036,760"
"2,045",2012,"Gwanghae, Wangyidoen namja","$90,913,144"
"2,046",2014,Paranormal Activity: The Marked Ones,"$90,904,854"
"2,047",1984,The Karate Kid,"$90,858,381"
"2,048",2024,Her Story (好东西),"$90,761,238"
"2,049",1992,White Men Can't Jump,"$90,753,806"
"2,050",2000,Autumn in New York,"$90,717,684"
"2,051",1976,King Kong,"$90,614,445"
"2,052",2003,Kangaroo Jack,"$90,558,582"
"2,053",2010,Burlesque,"$90,552,675"
"2,054",1999,Galaxy Quest,"$90,523,726"
"2,055",2009,Madea Goes To Jail,"$90,508,336"
"2,056",2015,Veteran,"$90,498,430"
"2,057",2008,The Tale of Despereaux,"$90,482,317"
"2,058",2021,Evangelion: 3.0+1.01 Thrice Upon a Ti…,"$90,454,010"
"2,059",2000,Bring it On,"$90,453,550"
"2,060",1983,Trading Places,"$90,400,000"
"2,061",2003,Final Destination 2,"$90,396,664"
"2,062",2000,Bedazzled,"$90,376,224"
"2,063",2012,This is 40,"$90,221,182"
"2,064",2022,Zui Leng De Qiang (狙击手),"$90,120,000"
"2,065",2023,AIR,"$90,060,106"
"2,066",2018,Di Ren Jie Zhi Si Da Tian Wang,"$90,035,547"
"2,067",1998,Mysteries of Egypt,"$90,000,000"
"2,068",2021,Bai She 2: Qing She jie qi (白蛇2：青蛇劫起)…,"$89,990,000"
"2,069",2023,Cocaine Bear,"$89,966,573"
"2,070",2011,Rien à déclarer,"$89,934,733"
"2,071",2010,Marmaduke,"$89,895,930"
"2,072",2021,Old,"$89,836,797"
"2,073",2005,Racing Stripes,"$89,809,433"
"2,074",2011,Sucker Punch,"$89,758,389"
"2,075",2025,A Working Man,"$89,623,763"
"2,076",2016,Line Walker (使徒行者),"$89,569,657"
"2,077",2004,Anchorman: The Legend of Ron Burgundy,"$89,476,265"
"2,078",1999,Stigmata,"$89,441,732"
"2,079",2015,The Second Best Exotic Marigold Hotel,"$89,400,862"
"2,080",1991,Father of the Bride,"$89,325,780"
"2,081",2007,Fracture,"$89,204,700"
"2,082",1974,The Trial of Billy Jack,"$89,000,000"
"2,083",2005,The Transporter 2,"$88,978,458"
"2,084",2005,Rumor Has It,"$88,933,562"
"2,085",2009,State of Play,"$88,832,210"
"2,086",2007,La Môme,"$88,611,837"
"2,087",1999,The Cider House Rules,"$88,547,209"
"2,088",2012,What to Expect When You're Expecting,"$88,473,016"
"2,089",2012,Brave Hearts Umizaru,"$88,331,372"
"2,090",2003,Shanghai Knights,"$88,316,835"
"2,091",1992,The Hand That Rocks the Cradle,"$88,036,724"
"2,092",1983,Jaws 3-D,"$87,987,055"
"2,093",2017,Chasing the Dragon,"$87,969,037"
"2,094",2014,Deliver Us from Evil,"$87,956,618"
"2,095",2005,Match Point,"$87,950,928"
"2,096",1997,Spawn,"$87,949,859"
"2,097",2008,Max Payne,"$87,775,050"
"2,098",2014,John Wick,"$87,739,603"
"2,099",2012,Sinister,"$87,727,807"
"2,100",2001,Ali,"$87,683,966"
"2,101",2022,"Don’t Worry, Darling","$87,609,403"
"2,102",2006,R.V.,"$87,473,024"
"2,103",1999,Bicentennial Man,"$87,420,776"
"2,104",1953,Peter Pan,"$87,400,000"
"2,105",2006,Volver,"$87,226,613"
"2,106",2011,Hall Pass,"$87,173,475"
"2,107",2011,The Lincoln Lawyer,"$87,145,086"
"2,108",2006,The Shaggy Dog,"$87,123,569"
"2,109",1995,Sabrina,"$87,100,000"
"2,110",2017,Taeksi Woonjunsa,"$87,069,724"
"2,111",2006,El Laberinto del Fauno,"$87,041,569"
"2,112",1984,Star Trek III: The Search for Spock,"$87,000,000"
"2,113",2012,Dodookdeul,"$86,960,532"
"2,114",1991,The Naked Gun 2½: The Smell of Fear,"$86,930,411"
"2,115",2019,Jojo Rabbit,"$86,878,073"
"2,116",2018,Li Cha De Gu Ma,"$86,876,449"
"2,117",2007,Epic Movie,"$86,858,578"
"2,118",2007,The Kingdom,"$86,802,457"
"2,119",2010,Dinner for Schmucks,"$86,796,502"
"2,120",2010,Oceans,"$86,787,530"
"2,121",2014,A Million Ways to Die in The West,"$86,778,557"
"2,122",2003,Old School,"$86,737,464"
"2,123",2019,Qu'est-ce qu'on a encore fait au bon …,"$86,661,493"
"2,124",2011,Abduction,"$86,648,359"
"2,125",2001,Rat Race,"$86,607,223"
"2,126",1979,The Amityville Horror,"$86,432,520"
"2,127",2013,Jing cha gu shi er ling yi san,"$86,340,000"
"2,128",1974,Young Frankenstein,"$86,328,827"
"2,129",2005,The Constant Gardener,"$86,301,599"
"2,130",2016,War Dogs,"$86,234,503"
"2,131",2015,Baahubali: The Beginning,"$86,233,251"
"2,132",2025,Legends of the Condor Heroes: The Gal…,"$86,209,439"
"2,133",2023,Cheburashka (Чебурашка),"$86,155,544"
"2,134",2012,The Inbetweeners,"$86,051,320"
"2,135",1979,Apocalypse Now,"$85,955,386"
"2,136",2018,I Can Only Imagine,"$85,783,567"
"2,137",2014,gugjesijang (국제시장),"$85,742,272"
"2,138",2016,Dà Yú Hǎi Táng,"$85,717,566"
"2,139",2003,Tears of the Sun,"$85,632,458"
"2,140",2016,Nerve,"$85,583,945"
"2,141",2000,The Whole Nine Yards,"$85,527,867"
"2,142",2018,Mortal Engines,"$85,481,904"
"2,143",2015,Paper Towns,"$85,450,484"
"2,144",1956,The Ten Commandments,"$85,431,454"
"2,145",2008,Rookies,"$85,405,510"
"2,146",2022,Nian Qing De Gu Shi (四海),"$85,365,990"
"2,147",2016,Collateral Beauty,"$85,309,093"
"2,148",1981,Stripes,"$85,300,000"
"2,149",2006,Jackass: Number Two,"$85,278,712"
"2,150",2018,Robin Hood,"$85,210,012"
"2,151",2018,Xie Bu Ya Zheng,"$85,170,584"
"2,152",2006,Date Movie,"$85,146,165"
"2,153",2001,Final Fantasy: The Spirits Within,"$85,131,830"
"2,154",2012,Long men fei jia,"$85,130,718"
"2,155",1982,Das Boot,"$84,970,337"
"2,156",2024,Exhuma (파묘),"$84,728,599"
"2,157",2008,Meet the Spartans,"$84,646,831"
"2,158",2011,J. Edgar,"$84,606,030"
"2,159",2014,Ao men feng yun,"$84,570,000"
"2,160",2022,Dog,"$84,543,632"
"2,161",2013,About Time,"$84,429,086"
"2,162",2021,Mortal Kombat,"$84,426,031"
"2,163",2019,One Piece: Stampede (劇場版),"$84,372,182"
"2,164",1940,Pinocchio,"$84,300,000"
"2,165",2015,Sicario,"$84,264,182"
"2,166",2023,Papa (学爸),"$84,174,084"
"2,167",2013,Miracle in Cell No. 7 (7번방의 선물)…,"$84,164,386"
"2,168",2011,Priest,"$84,154,026"
"2,169",2007,Premonition,"$84,146,832"
"2,170",1998,The Parent Trap,"$83,977,418"
"2,171",2006,Les Bronzés 3: amis pour la vie,"$83,833,602"
"2,172",2006,The Illusionist,"$83,792,062"
"2,173",1977,The Goodbye Girl,"$83,700,000"
"2,174",1989,The War of the Roses,"$83,699,711"
"2,175",2024,Trap,"$83,677,281"
"2,176",2010,Piranha 3D,"$83,660,160"
"2,177",2000,Snatch,"$83,593,107"
"2,178",1991,Point Break,"$83,531,958"
"2,179",2004,Les Choristes,"$83,525,626"
"2,180",1980,Airplane!,"$83,454,307"
"2,181",2023,No Hard Feelings,"$83,453,541"
"2,182",1940,Fantasia,"$83,320,832"
"2,183",1995,Assassins,"$83,306,268"
"2,184",2001,Blow,"$83,282,296"
"2,185",1997,In & Out,"$83,226,569"
"2,186",2020,Chu bao,"$83,153,492"
"2,187",2005,Sky High,"$83,109,359"
"2,188",1995,Dead Man Walking,"$83,088,295"
"2,189",2008,The Strangers,"$83,051,676"
"2,190",2007,Zodiac,"$83,027,938"
"2,191",2013,Běijīng yù shàng xi yǎ tú,"$82,984,614"
"2,192",2012,The Possession,"$82,925,064"
"2,193",2017,Rings,"$82,917,283"
"2,194",2017,Once Upon a Time,"$82,891,949"
"2,195",2013,Snowpiercer,"$82,825,956"
"2,196",2010,Edge of Darkness,"$82,812,456"
"2,197",2003,28 Days Later…,"$82,784,517"
"2,198",2006,Firewall,"$82,751,189"
"2,199",2012,Savages,"$82,513,490"
"2,200",2012,Act of Valor,"$82,497,035"
"2,201",1988,The Land Before Time,"$82,458,636"
"2,202",2022,New Gods: Yang Jian (新神榜：杨戬),"$82,453,728"
"2,203",2014,La famille Bélier,"$82,438,670"
"2,204",2013,Carrie,"$82,409,520"
"2,205",2023,The Boogeyman,"$82,344,833"
"2,206",2000,Men of Honor,"$82,339,483"
"2,207",2011,"Big Mommas: Like Father, Like Son","$82,332,450"
"2,208",2006,Hostel,"$82,241,110"
"2,209",2005,In Her Shoes,"$82,203,030"
"2,210",2015,Hitman: Agent 47,"$82,182,803"
"2,211",1998,Elizabeth,"$82,150,642"
"2,212",2002,Reign of Fire,"$82,150,183"
"2,213",2010,Letters to Juliet,"$82,148,538"
"2,214",2003,Identity,"$82,119,036"
"2,215",2004,Catwoman,"$82,078,046"
"2,216",2015,Our Times,"$82,027,760"
"2,217",1969,On Her Majesty's Secret Service,"$82,000,000"
"2,218",2016,Ouija: Origin of Evil,"$81,831,866"
"2,219",1988,Midnight Run,"$81,613,606"
"2,220",1970,M*A*S*H,"$81,600,193"
"2,221",1998,Hope Floats,"$81,529,000"
"2,222",1981,Arthur,"$81,464,486"
"2,223",2015,Wolf Warrior (战狼),"$81,461,069"
"2,224",2011,Tinker Tailor Soldier Spy,"$81,428,388"
"2,225",2010,Vampires Suck,"$81,424,988"
"2,226",2011,Drive,"$81,357,930"
"2,227",1995,Waiting to Exhale,"$81,347,948"
"2,228",2022,"Ge, ni hao (哥，你好)","$81,322,778"
"2,229",2014,Yi bu zhi yao,"$81,300,000"
"2,230",2013,Pain & Gain,"$81,275,291"
"2,231",1991,Dying Young,"$81,264,473"
"2,232",2012,The Grey,"$81,249,176"
"2,233",2015,N.L.L: Yeonpyeong Haejeon,"$81,225,762"
"2,234",2016,Underworld: Blood Wars,"$81,209,222"
"2,235",1991,Fried Green Tomatoes,"$81,204,830"
"2,236",1984,Police Academy,"$81,198,894"
"2,237",2007,Das Leben der Anderen,"$81,197,047"
"2,238",2019,A Dog’s Way Home,"$81,152,505"
"2,239",2012,Frankenweenie,"$81,150,788"
"2,240",2018,Ai qing gong yu,"$81,096,320"
"2,241",2009,Duplicity,"$81,079,566"
"2,242",2018,Hereditary,"$80,942,650"
"2,243",2003,The Rundown,"$80,831,893"
"2,244",2017,Going in Style,"$80,812,424"
"2,245",2003,Sinbad: Legend of the Seven Seas,"$80,767,884"
"2,246",2007,Hot Fuzz,"$80,695,830"
"2,247",2011,Spy Kids: All the Time in the World,"$80,681,183"
"2,248",1987,Moonstruck,"$80,642,213"
"2,249",2013,The Family,"$80,588,942"
"2,250",2007,Hannibal Rising,"$80,583,311"
"2,251",1971,Fiddler on the Roof,"$80,501,127"
"2,252",2002,The Rookie,"$80,491,516"
"2,253",2009,Did You Hear About the Morgans?,"$80,480,566"
"2,254",2025,The Amateur,"$80,438,370"
"2,255",1997,The Game,"$80,369,970"
"2,256",2007,30 Days of Night,"$80,276,156"
"2,257",2009,Fame,"$80,227,619"
"2,258",1983,Superman III,"$80,200,000"
"2,259",2015,The Wedding Ringer,"$80,171,596"
"2,260",2018,Den of Thieves,"$80,147,166"
"2,261",2017,Lady Bird,"$80,120,944"
"2,262",2023,The Goldfinger (金手指),"$80,088,072"
"2,263",2000,Finding Forrester,"$80,013,623"
"2,264",1984,Footloose,"$80,009,427"
"2,265",2023,Last Suspect (拯救嫌疑人),"$79,965,280"
"2,266",2001,Exit Wounds,"$79,958,599"
"2,267",2007,Dragon Wars: D-War,"$79,915,361"
"2,268",2018,Eiga Doraemon Nobita no Takarajima,"$79,904,554"
"2,269",1986,The Golden Child,"$79,817,937"
"2,270",1974,Earthquake,"$79,700,000"
"2,271",2022,The Menu,"$79,628,200"
"2,272",2023,Beomjoedosi 3 (범죄도시3),"$79,615,417"
"2,273",2008,Revolutionary Road,"$79,604,820"
"2,274",2003,"Good Bye, Lenin!","$79,384,533"
"2,275",2008,Nights in Rodanthe,"$79,350,659"
"2,276",2014,Muppets Most Wanted,"$79,312,301"
"2,277",2002,Jackass: The Movie,"$79,282,312"
"2,278",2007,El orfanato,"$79,250,193"
"2,279",2015,Tiny Times 4.0,"$79,230,000"
"2,280",2017,Sha Po Lang: Tan Lang,"$79,226,860"
"2,281",1982,Conan the Barbarian,"$79,114,085"
"2,282",2018,2.0,"$79,084,747"
"2,283",2013,R.I.P.D.,"$79,076,678"
"2,284",2018,The Spy Who Dumped Me,"$78,998,245"
"2,285",2002,Showtime,"$78,948,765"
"2,286",1964,From Russia With Love,"$78,900,000"
"2,287",2013,The Attacks of 26/11,"$78,879,578"
"2,288",2019,A Dog’s Journey,"$78,867,205"
"2,289",2013,Fack ju Göthe,"$78,792,492"
"2,290",2018,Code Blue the Movie,"$78,778,560"
"2,291",2009,Orphan,"$78,769,428"
"2,292",2009,The Haunting in Connecticut,"$78,758,522"
"2,293",1991,Teenage Mutant Ninja Turtles II: The …,"$78,656,813"
"2,294",2016,The Boss,"$78,652,207"
"2,295",2013,Scary Movie V,"$78,613,981"
"2,296",2024,The Roundup: Punishment (범죄도시4),"$78,611,756"
"2,297",2008,Righteous Kill,"$78,481,410"
"2,298",2014,If I Stay,"$78,356,170"
"2,299",2002,Collateral Damage,"$78,353,508"
"2,300",2008,The Other Boleyn Girl,"$78,269,970"
"2,301",1988,Cocktail,"$78,222,753"
"2,302",2009,The Unborn,"$78,208,812"
"2,303",1988,Beetlejuice,"$78,103,190"
"2,304",2006,The Sentinel,"$78,080,697"
"2,305",1988,The Naked Gun: From the Files of Poli…,"$78,041,829"
"2,306",1984,The Terminator,"$78,019,031"
"2,307",2015,Paranormal Activity: The Ghost Dimension,"$77,959,374"
"2,308",1989,National Lampoon’s Christmas Vacation,"$77,953,708"
"2,309",2015,Zuo Er,"$77,910,000"
"2,310",2014,Ocho Apellidos Vascos,"$77,862,751"
"2,311",2014,Step Up All In,"$77,804,384"
"2,312",2011,The Ides of March,"$77,735,925"
"2,313",2016,Manchester by the Sea,"$77,733,867"
"2,314",2005,Hostage,"$77,636,443"
"2,315",2006,United 93,"$77,635,035"
"2,316",2002,Windtalkers,"$77,628,265"
"2,317",2007,The Number 23,"$77,593,167"
"2,318",1998,Out of Sight,"$77,562,568"
"2,319",2016,Kubo and the Two Strings,"$77,548,122"
"2,320",2007,Halloween,"$77,514,401"
"2,321",2001,Serendipity,"$77,477,297"
"2,322",2004,The Ladykillers,"$77,392,139"
"2,323",2021,Candyman,"$77,386,663"
"2,324",2024,The Substance,"$77,308,468"
"2,325",1995,Something to Talk About,"$77,307,226"
"2,326",2024,Speak No Evil,"$77,232,527"
"2,327",2012,Diary of a Wimpy Kid: Dog Days,"$77,229,695"
"2,328",1995,Money Train,"$77,224,232"
"2,329",2008,Mirrors,"$77,220,596"
"2,330",2007,There Will Be Blood,"$77,186,081"
"2,331",2003,Bad Santa,"$77,147,031"
"2,332",2017,Boonie Bears: Entangled Worlds,"$77,072,065"
"2,333",2002,Barbershop,"$77,063,461"
"2,334",2018,Tag,"$77,024,944"
"2,335",2013,Byeon-ho-in,"$76,988,372"
"2,336",2010,Diary of a Wimpy Kid,"$76,954,311"
"2,337",2021,The Forever Purge,"$76,950,525"
"2,338",2006,Man cheng jin dai huang jin jia,"$76,904,429"
"2,339",2005,Coach Carter,"$76,665,507"
"2,340",1979,The Muppet Movie,"$76,657,000"
"2,341",2022,Violent Night,"$76,599,977"
"2,342",1995,Father of the Bride Part II,"$76,578,911"
"2,343",2017,Tiger Zinda Hai,"$76,520,376"
"2,344",2004,Home on the Range,"$76,482,461"
"2,345",2005,Stealth,"$76,416,746"
"2,346",2023,Across the Furious Sea (涉过愤怒的海)…,"$76,360,102"
"2,347",2011,The Mechanic,"$76,347,393"
"2,348",2018,Sicario: Day of the Soldado,"$76,346,094"
"2,349",2024,Terrifier 3,"$76,336,492"
"2,350",1987,The Untouchables,"$76,271,995"
"2,351",1985,Cocoon,"$76,257,348"
"2,352",1999,Cruel Intentions,"$76,238,901"
"2,353",2010,Easy A,"$76,200,721"
"2,354",2013,Miracle In Cell No. 7,"$76,168,428"
"2,355",2013,The Book Thief,"$76,086,711"
"2,356",2014,The Judge,"$76,073,556"
"2,357",2011,The Change-Up,"$75,997,067"
"2,358",2018,Widows,"$75,984,700"
"2,359",2013,The Mortal Instruments: City of Bones,"$75,965,567"
"2,360",1982,48 Hrs.,"$75,936,265"
"2,361",2016,Mike and Dave Need Wedding Dates,"$75,898,100"
"2,362",1996,Tin Cup,"$75,854,588"
"2,363",2000,"O Brother, Where Art Thou?","$75,763,814"
"2,364",2003,Dreamcatcher,"$75,685,268"
"2,365",2018,Searching,"$75,636,047"
"2,366",2016,Shin Godjira,"$75,602,351"
"2,367",2007,Stomp the Yard,"$75,525,718"
"2,368",1992,The Last of the Mohicans,"$75,505,856"
"2,369",2014,Xiao shi dai 3,"$75,490,000"
"2,370",2002,The Count of Monte Cristo,"$75,389,090"
"2,371",2012,Thermae Romae,"$75,387,554"
"2,372",2016,Sultan,"$75,379,113"
"2,373",2019,Cats,"$75,323,946"
"2,374",2010,The Back-up Plan,"$75,281,179"
"2,375",2021,1921,"$75,017,096"
"2,376",2015,Crimson Peak,"$74,966,854"
"2,377",2020,Jin Ji Jiu Yuan,"$74,889,133"
"2,378",2007,Elizabeth: The Golden Age,"$74,870,866"
"2,379",2018,Dongwu shijie,"$74,842,075"
"2,380",2021,West Side Story,"$74,829,369"
"2,381",2022,jackass forever,"$74,789,292"
"2,382",1991,The Prince of Tides,"$74,787,599"
"2,383",2019,Tyler Perry’s A Madea Family Funeral,"$74,781,999"
"2,384",2022,Strange World,"$74,741,679"
"2,385",1997,Jackie Brown,"$74,727,492"
"2,386",2020,Zhong Guo he huo ren,"$74,648,887"
"2,387",2014,"I, Frankenstein","$74,575,290"
"2,388",2002,Bend it Like Beckham,"$74,566,042"
"2,389",1983,WarGames,"$74,433,837"
"2,390",2012,To Rome with Love,"$74,290,305"
"2,391",2007,The Kite Runner,"$74,180,745"
"2,392",2013,Escape From Planet Earth,"$74,156,610"
"2,393",1988,Oliver & Company,"$74,151,346"
"2,394",2003,The Core,"$74,120,792"
"2,395",2015,War Room,"$73,989,734"
"2,396",2009,Obsessed,"$73,964,713"
"2,397",1999,The Hurricane,"$73,956,241"
"2,398",2016,Quo Vado?,"$73,838,483"
"2,399",2002,The Divine Secrets of the Ya-Ya Siste…,"$73,826,768"
"2,400",2014,The Pirate Fairy,"$73,816,079"
"2,401",2016,Miracles from Heaven,"$73,773,317"
"2,402",2020,Wo Zai Shi Jian Jin Tou Deng Ni,"$73,724,082"
"2,403",2011,Diary of a Wimpy Kid: Rodrick Rules,"$73,695,194"
"2,404",1979,The Jerk,"$73,691,419"
"2,405",2007,Next,"$73,591,500"
"2,406",1999,Life,"$73,521,587"
"2,407",2014,Brick Mansions,"$73,421,224"
"2,408",2018,Sanju,"$73,240,993"
"2,409",2012,Here Comes the Boom,"$73,239,258"
"2,410",2019,Charlie’s Angels,"$73,235,048"
"2,411",1959,Ben-Hur,"$73,226,628"
"2,412",2018,Astérix: Le secret de la potion magique,"$73,216,733"
"2,413",2016,Tyler Perry’s Boo! A Madea Halloween,"$73,206,343"
"2,414",2000,"Dude, Where's My Car?","$73,180,297"
"2,415",2014,Tong zhuo de ni,"$73,050,000"
"2,416",2008,Superhero Movie,"$73,026,302"
"2,417",2008,Hana yori dango: Fainaru,"$73,000,000"
"2,418",2023,The Pope’s Exorcist,"$72,913,467"
"2,419",2013,The Best Man Holiday,"$72,835,710"
"2,420",2006,Lady in the Water,"$72,785,169"
"2,421",2022,Li Mao Huan Tai Zi (李茂换太子),"$72,760,000"
"2,422",2001,The One,"$72,689,126"
"2,423",2018,Manbiki kazoku,"$72,625,771"
"2,424",1998,Urban Legend,"$72,571,864"
"2,425",2008,Death Race,"$72,516,819"
"2,426",2018,"Li hai le, wo de guo","$72,506,344"
"2,427",2016,Tunnel,"$72,460,332"
"2,428",2004,Eternal Sunshine of the Spotless Mind,"$72,401,378"
"2,429",2019,Doctor Sleep,"$72,381,712"
"2,430",2005,"Yours, Mine and Ours","$72,359,917"
"2,431",2011,Colombiana,"$72,295,262"
"2,432",1990,Problem Child,"$72,270,895"
"2,433",1989,Always,"$72,143,630"
"2,434",1964,My Fair Lady,"$72,073,063"
"2,435",2017,The Nut Job 2: Nutty by Nature,"$72,029,658"
"2,436",2004,Around the World in 80 Days,"$72,004,159"
"2,437",2024,Formed Police Unit (维和防暴队),"$71,896,273"
"2,438",2009,Funny People,"$71,880,305"
"2,439",1968,2001: A Space Odyssey,"$71,777,922"
"2,440",1998,Small Soldiers,"$71,743,823"
"2,441",2000,Rules of Engagement,"$71,719,931"
"2,442",2015,Run All Night,"$71,661,644"
"2,443",1986,Ruthless People,"$71,624,879"
"2,444",1990,3 Men and a Little Lady,"$71,609,321"
"2,445",2010,Sammy's avonturen: De geheime doorgang,"$71,594,792"
"2,446",1996,Trainspotting,"$71,548,935"
"2,447",2001,Bandits,"$71,523,271"
"2,448",1995,Grumpier Old Men,"$71,518,503"
"2,449",1998,What Dreams May Come,"$71,485,043"
"2,450",2001,The Royal Tenenbaums,"$71,430,876"
"2,451",2008,The House Bunny,"$71,390,601"
"2,452",2018,Padmavati,"$71,308,391"
"2,453",2003,Holes,"$71,232,214"
"2,454",2000,Shanghai Noon,"$71,189,835"
"2,455",2001,Down to Earth,"$71,172,251"
"2,456",2007,3:10 to Yuma,"$71,171,825"
"2,457",2024,Moments We Shared (云边有个小卖部)…,"$71,154,383"
"2,458",2018,12 Strong,"$71,118,378"
"2,459",1993,Groundhog Day,"$71,112,677"
"2,460",1989,Turner & Hooch,"$71,079,915"
"2,461",2005,XXX: State of the Union,"$71,073,932"
"2,462",2006,Curious George,"$71,052,604"
"2,463",2013,The Counselor,"$71,009,334"
"2,464",2012,Anna Karenina,"$71,004,627"
"2,465",1963,Cleopatra,"$71,000,000"
"2,466",2014,Son of God,"$70,949,793"
"2,467",2001,Kate and Leopold,"$70,937,778"
"2,468",2018,Vice,"$70,893,782"
"2,469",2016,I Am not Madame Bovary,"$70,840,654"
"2,470",2001,Shallow Hal,"$70,836,296"
"2,471",2006,The Grudge 2,"$70,743,839"
"2,472",2008,Hannah Montana and Miley Cyrus: Best …,"$70,712,099"
"2,473",2009,Flickan som lekte med elden,"$70,697,112"
"2,474",1998,Ronin,"$70,692,101"
"2,475",1980,Any Which Way You Can,"$70,687,344"
"2,476",2012,The Cabin in the Woods,"$70,683,134"
"2,477",2010,Takers,"$70,587,268"
"2,478",2012,One Piece Film Z,"$70,569,231"
"2,479",2011,The Dilemma,"$70,546,865"
"2,480",1984,Purple Rain,"$70,538,129"
"2,481",2012,Bayside Shakedown The Final: The New …,"$70,519,044"
"2,482",1992,Stop! Or My Mom Will Shoot,"$70,411,000"
"2,483",2006,The Hills Have Eyes,"$70,355,813"
"2,484",2004,Anacondas: The Hunt for the Blood Orchid,"$70,326,393"
"2,485",1978,Halloween,"$70,274,000"
"2,486",2013,Dhoom 3,"$70,224,912"
"2,487",2008,Babylon A.D.,"$70,216,497"
"2,488",1989,Star Trek V: The Final Frontier,"$70,200,000"
"2,489",2007,License to Wed,"$70,187,088"
"2,490",1986,Ferris Bueller’s Day Off,"$70,178,260"
"2,491",1993,Grumpy Old Men,"$70,172,621"
"2,492",2010,The Last Exorcism,"$70,165,900"
"2,493",2004,A Cinderella Story,"$70,112,484"
"2,494",2021,New Gods: Nezha Reborn,"$70,070,914"
"2,495",2016,See You Tomorrow,"$70,065,568"
"2,496",2005,House of Wax,"$70,064,800"
"2,497",2014,Think Like a Man Too,"$70,027,933"
"2,498",2009,The Pink Panther 2,"$70,022,978"
"2,499",1989,Born on the Fourth of July,"$70,001,698"
"2,500",1985,The Dream is Alive,"$70,000,000"
"2,501",1962,Lawrence of Arabia,"$69,995,047"
"2,502",2022,The Northman,"$69,982,296"
"2,503",2020,Mulan,"$69,973,540"
"2,504",2019,What Men Want,"$69,911,903"
"2,505",1980,Private Benjamin,"$69,847,348"
"2,506",2006,Children of Men,"$69,845,011"
"2,507",2013,The Call,"$69,821,476"
"2,508",2013,Grudge Match,"$69,817,991"
"2,509",2013,Sole A Catinelle,"$69,812,795"
"2,510",2007,The Brave One,"$69,792,704"
"2,511",2009,Saw VI,"$69,752,402"
"2,512",2020,Yin-Yang Master I,"$69,740,000"
"2,513",2004,Un long dimanche de fiançailles,"$69,722,444"
"2,514",2004,Tae Guik Gi: The Brotherhood of War,"$69,720,496"
"2,515",1982,The Best Little Whorehouse in Texas,"$69,701,637"
"2,516",2015,The Transporter Refueled,"$69,698,495"
"2,517",2000,The Kid,"$69,688,384"
"2,518",2007,Hero,"$69,671,205"
"2,519",1985,The Goonies,"$69,649,283"
"2,520",2000,Dolphins,"$69,600,000"
"2,521",2009,Land of the Lost,"$69,548,641"
"2,522",2007,Because I Said So,"$69,538,833"
"2,523",2009,3 Idiots,"$69,533,849"
"2,524",2005,The Adventures of Sharkboy and Lavagi…,"$69,425,966"
"2,525",2016,13 Hours: The Secret Soldiers of Beng…,"$69,411,370"
"2,526",2002,Bad Company,"$69,157,016"
"2,527",1998,Babe: Pig in the City,"$69,131,860"
"2,528",2015,The Age of Adaline,"$68,984,536"
"2,529",2023,The Color Purple,"$68,919,191"
"2,530",2012,Moonrise Kingdom,"$68,848,446"
"2,531",2006,John Tucker Must Die,"$68,824,526"
"2,532",2009,Precious (Based on the Novel Push by …,"$68,722,848"
"2,533",2017,Feng Ren Ji Yue Dui,"$68,722,321"
"2,534",2001,From Hell,"$68,712,365"
"2,535",2013,Stalingrad,"$68,707,119"
"2,536",2008,Star Wars: The Clone Wars,"$68,695,443"
"2,537",2003,Open Range,"$68,613,992"
"2,538",2019,A Beautiful Day in the Neighborhood,"$68,590,003"
"2,539",2010,Hubble 3D,"$68,535,491"
"2,540",2001,Thirteen Ghosts,"$68,467,960"
"2,541",2001,Pokemon 3: The Movie,"$68,452,128"
"2,542",2015,Benpao Ba! Xiongdi,"$68,419,297"
"2,543",2002,Ghost Ship,"$68,349,884"
"2,544",1998,Practical Magic,"$68,336,997"
"2,545",2017,American Assassin,"$68,310,140"
"2,546",1985,The Jewel of the Nile,"$68,275,764"
"2,547",2017,Victoria and Abdul,"$68,271,146"
"2,548",2010,Skyline,"$68,264,973"
"2,549",2016,The Boy,"$68,220,952"
"2,550",2007,Mr. Magorium's Wonder Emporium,"$68,191,643"
"2,551",2008,The X-Files: I Want to Believe,"$68,170,792"
"2,552",2013,One Direction: This is Us,"$68,154,468"
"2,553",2004,Taxi,"$68,109,966"
"2,554",2000,Frequency,"$68,079,671"
"2,555",2006,Gedo Senki (Tales from Earthsea),"$68,048,658"
"2,556",2016,The Harry Potter IMAX Marathon,"$67,992,190"
"2,557",2010,The American,"$67,950,723"
"2,558",2006,Letters from Iwo Jima,"$67,867,998"
"2,559",1999,Todo sobre mi madre,"$67,864,530"
"2,560",2014,Begin Again,"$67,731,796"
"2,561",1997,Austin Powers: International Man of M…,"$67,683,989"
"2,562",1998,A Perfect Murder,"$67,658,331"
"2,563",2010,Legion,"$67,647,574"
"2,564",1983,Sudden Impact,"$67,642,693"
"2,565",2021,Gu Dong Ju Zhong Ju (古董局中局),"$67,597,422"
"2,566",2005,Prime,"$67,527,153"
"2,567",2015,The Danish Girl,"$67,514,963"
"2,568",2015,He Yi Sheng Xiao Mo,"$67,458,479"
"2,569",2021,The Hitman’s Wife’s Bodyguard,"$67,387,455"
"2,570",2009,The Men Who Stare at Goats,"$67,348,218"
"2,571",2003,Runaway Jury,"$67,338,219"
"2,572",1987,Broadcast News,"$67,331,309"
"2,573",2002,Star Trek: Nemesis,"$67,312,826"
"2,574",2013,Chennai Express,"$67,283,612"
"2,575",2010,The Next Three Days,"$67,255,916"
"2,576",2006,When a Stranger Calls,"$67,215,435"
"2,577",2005,Boogeyman,"$67,192,859"
"2,578",1980,Coal Miner’s Daughter,"$67,182,787"
"2,579",2012,The Watch,"$67,130,045"
"2,580",2012,Secret of the Wings,"$67,084,376"
"2,581",2019,ek-si-teu,"$67,043,823"
"2,582",2008,Space Chimps,"$67,029,956"
"2,583",1987,The Secret of My Success,"$66,995,000"
"2,584",2012,Tyler Perry's Madea's Witness Protection,"$66,950,887"
"2,585",1994,The Little Rascals,"$66,947,950"
"2,586",2000,102 Dalmatians,"$66,941,559"
"2,587",2002,Changing Lanes,"$66,790,248"
"2,588",1992,Hero,"$66,787,173"
"2,589",1990,The Godfather: Part III,"$66,785,536"
"2,590",1989,Uncle Buck,"$66,758,929"
"2,591",2013,Side Effects,"$66,742,138"
"2,592",2015,Selma,"$66,670,998"
"2,593",2009,Inkheart,"$66,655,938"
"2,594",2006,Huo Yuan Jia,"$66,633,730"
"2,595",2020,Stand by Me Doraemon 2,"$66,606,471"
"2,596",2000,Thirteen Days,"$66,554,547"
"2,597",2014,The Giver,"$66,540,205"
"2,598",2014,Honig im Kipf,"$66,521,876"
"2,599",1976,Midway,"$66,420,000"
"2,600",2016,Geomsawejeon,"$66,336,016"
"2,601",2018,Mile 22,"$66,295,121"
"2,602",2016,Meitantei Konan: Junkoku no naitomea,"$66,265,957"
"2,603",2008,The Bank Job,"$66,143,005"
"2,604",1980,Smokey and the Bandit II,"$66,132,626"
"2,605",2008,Okuribito,"$66,092,062"
"2,606",1991,Antarctica,"$66,070,389"
"2,607",2010,Fei Cheng Wu Rao 2,"$66,009,013"
"2,608",2017,Fack ju Göhte 3,"$65,994,485"
"2,609",2010,Hot Tub Time Machine,"$65,967,750"
"2,610",2018,Life of the Party,"$65,859,911"
"2,611",2004,Barbershop 2: Back in Business,"$65,842,412"
"2,612",2016,One Piece Film: Gold,"$65,796,025"
"2,613",2001,Sweet November,"$65,754,228"
"2,614",2002,K-19: The Widowmaker,"$65,716,126"
"2,615",2014,Bei Jing Ai Qing Gu Shi,"$65,713,598"
"2,616",1998,Ever After: A Cinderella Story,"$65,705,772"
"2,617",2000,The Road to El Dorado,"$65,700,000"
"2,618",1987,Stakeout,"$65,673,233"
"2,619",2007,Dan in Real Life,"$65,669,001"
"2,620",2006,16 Blocks,"$65,595,141"
"2,621",2015,Dao shi xia shan,"$65,545,173"
"2,622",1997,Amistad,"$65,542,212"
"2,623",1985,Witness,"$65,532,576"
"2,624",2010,The Ghost Writer,"$65,532,491"
"2,625",1991,The Hard Way,"$65,525,330"
"2,626",2018,"Love, Simon","$65,520,633"
"2,627",2008,Street Kings,"$65,457,811"
"2,628",2011,Killer Elite,"$65,409,046"
"2,629",2006,Take the Lead,"$65,390,493"
"2,630",2024,GO FOR BROKE (重生),"$65,388,937"
"2,631",2011,Hanna,"$65,343,694"
"2,632",1997,Donnie Brasco,"$65,303,052"
"2,633",2014,Jersey Boys,"$65,282,732"
"2,634",2018,Cafarnaúm,"$65,233,793"
"2,635",2014,Jing Cheng 81 Hao,"$65,220,000"
"2,636",2013,Byeonhoin (변호인),"$65,205,152"
"2,637",1981,"Fort Apache, The Bronx","$65,200,000"
"2,638",2007,"Lust, Caution","$65,167,430"
"2,639",2004,Without a Paddle,"$65,121,280"
"2,640",1999,House on Haunted Hill,"$65,090,541"
"2,641",2011,Something Borrowed,"$65,084,116"
"2,642",2006,The Benchwarmers,"$65,063,726"
"2,643",2007,Underdog,"$65,033,328"
"2,644",1946,Song of the South,"$65,000,000"
"2,645",2001,K-PAX,"$64,978,140"
"2,646",2021,Wu Xian Shen Du,"$64,900,464"
"2,647",2016,Moonlight,"$64,895,106"
"2,648",1983,Mr. Mom,"$64,800,000"
"2,649",1995,The Living Sea,"$64,800,000"
"2,650",2010,Haeundae,"$64,733,391"
"2,651",2017,Meitantei Konan: Kara Kurenai no Rabu…,"$64,724,172"
"2,652",2019,Happy Death Day 2U,"$64,686,515"
"2,653",2011,The Darkest Hour,"$64,626,786"
"2,654",2007,August Rush,"$64,605,762"
"2,655",1997,Nothing To Lose,"$64,594,061"
"2,656",2019,White Snake (白蛇：缘起),"$64,558,608"
"2,657",1989,Field of Dreams,"$64,532,235"
"2,658",2013,The Host,"$64,477,051"
"2,659",2004,Miracle,"$64,474,705"
"2,660",2015,Unfriended,"$64,364,198"
"2,661",2009,The Imaginarium of Doctor Parnassus,"$64,352,607"
"2,662",2022,Babylon,"$64,326,615"
"2,663",2011,Tropa de Elite 2: O Inimigo Agora É O…,"$64,307,758"
"2,664",2016,Fences,"$64,282,881"
"2,665",1997,Wag the Dog,"$64,252,038"
"2,666",2007,28 Weeks Later,"$64,232,714"
"2,667",2004,Taking Lives,"$64,232,363"
"2,668",2016,"Hail, Caesar!","$64,220,196"
"2,669",2015,Bai tuan da zhan,"$64,220,000"
"2,670",2003,Monster,"$64,200,321"
"2,671",2005,Valiant,"$64,188,387"
"2,672",2008,Baby Mama,"$64,170,447"
"2,673",2013,Eien No 0,"$64,071,217"
"2,674",2015,Zhong Kui fu mo: Xue yao mo ling,"$64,036,296"
"2,675",1993,The Remains of the Day,"$63,954,968"
"2,676",2018,L Feng Bao,"$63,931,005"
"2,677",1992,Scent of a Woman,"$63,895,607"
"2,678",2015,The Longest Ride,"$63,802,928"
"2,679",1988,Working Girl,"$63,800,000"
"2,680",2002,High Crimes,"$63,781,100"
"2,681",2024,Babygirl,"$63,777,698"
"2,682",2014,God’s Not Dead,"$63,777,092"
"2,683",1987,The Witches of Eastwick,"$63,750,121"
"2,684",2025,The Monkey,"$63,714,422"
"2,685",1991,What About Bob?,"$63,710,000"
"2,686",1997,Cop Land,"$63,706,632"
"2,687",2024,Tiger Wolf Rabbit (浴火之路),"$63,683,455"
"2,688",2006,Flags of Our Fathers,"$63,657,941"
"2,689",1983,Risky Business,"$63,541,777"
"2,690",2003,Stuck On You,"$63,537,164"
"2,691",1988,A Fish Called Wanda,"$63,493,000"
"2,692",1999,She's All That,"$63,465,522"
"2,693",2004,In Good Company,"$63,463,195"
"2,694",1989,Tango & Cash,"$63,408,614"
"2,695",2011,Conan the Barbarian,"$63,356,133"
"2,696",2010,Devil,"$63,354,114"
"2,697",2006,Madea's Family Reunion,"$63,320,521"
"2,698",2018,Second Act,"$63,288,854"
"2,699",1993,Dave,"$63,270,710"
"2,700",2007,Lions for Lambs,"$63,211,088"
"2,701",1999,Random Hearts,"$63,200,000"
"2,702",2019,Eiga Doraemon: Nobita no Getsumen Tan…,"$63,191,904"
"2,703",2013,Kick-Ass 2,"$63,129,909"
"2,704",1976,A Star is Born,"$63,129,898"
"2,705",2021,Belle (竜とそばかすの姫),"$63,128,200"
"2,706",1996,Beavis and Butt-Head Do America,"$63,118,386"
"2,707",1993,Rising Sun,"$63,095,271"
"2,708",2002,The Sweetest Thing,"$63,078,756"
"2,709",2009,Jiàn gúo dà yè,"$62,995,096"
"2,710",2011,Footloose,"$62,989,834"
"2,711",1997,The Peacemaker,"$62,967,368"
"2,712",2014,The Pirates,"$62,883,705"
"2,713",2003,Piglet's Big Movie,"$62,870,546"
"2,714",2021,Sao Hei Jue Zhan,"$62,810,000"
"2,715",2000,Proof of Life,"$62,761,005"
"2,716",2015,Inside Men,"$62,698,565"
"2,717",2022,Xiang Jian Ni (想见你),"$62,685,199"
"2,718",2003,Honey,"$62,646,763"
"2,719",2017,47 Meters Down,"$62,633,705"
"2,720",2017,The Mountain Between Us,"$62,617,547"
"2,721",1984,Splash,"$62,599,495"
"2,722",2019,Cold Pursuit,"$62,599,159"
"2,723",2017,The Star,"$62,592,138"
"2,724",2014,Thunder and the House of Magic,"$62,582,520"
"2,725",2017,How to Be a Latin Lover,"$62,556,228"
"2,726",1992,The Crying Game,"$62,546,832"
"2,727",2007,Perfect Stranger,"$62,526,388"
"2,728",1970,Patton,"$62,500,000"
"2,729",2013,Gwansang,"$62,490,342"
"2,730",2020,Mu Yu Zhi Wang,"$62,460,000"
"2,731",2000,Snow Day,"$62,452,927"
"2,732",2002,Like Mike,"$62,432,423"
"2,733",2001,Not Another Teen Movie,"$62,401,343"
"2,734",2012,Ek Tha Tiger,"$62,347,774"
"2,735",2007,The Reaping,"$62,226,214"
"2,736",2009,Ninja Assassin,"$62,209,892"
"2,737",2004,Two Brothers,"$62,176,754"
"2,738",1986,Down and Out in Beverly Hills,"$62,134,225"
"2,739",2014,A Walk Among the Tombstones,"$62,108,587"
"2,740",2001,Captain Corelli's Mandolin,"$62,097,495"
"2,741",2015,Brooklyn,"$62,076,141"
"2,742",2000,28 Days,"$62,063,972"
"2,743",2006,Snakes on a Plane,"$62,020,814"
"2,744",2007,Keinohrhasen,"$62,000,000"
"2,745",1981,An American Werewolf in London,"$61,968,388"
"2,746",2004,Friday Night Lights,"$61,950,770"
"2,747",1994,I Love Trouble,"$61,947,267"
"2,748",2017,Dvizhenie Vverkh,"$61,925,449"
"2,749",1981,Chariots of Fire,"$61,924,076"
"2,750",1997,Mouse Hunt,"$61,894,591"
"2,751",2015,Bai Fa Mo Nu Zhuan Zhi Ming Yue Tian Guo,"$61,850,000"
"2,752",2015,Krampus,"$61,788,393"
"2,753",2011,The Tree of Life,"$61,721,826"
"2,754",1999,The 13th Warrior,"$61,698,899"
"2,755",2016,Monster Trucks,"$61,642,798"
"2,756",2012,The Five-Year Engagement,"$61,623,819"
"2,757",2017,"Everything, Everything","$61,603,136"
"2,758",2006,Umizaru 2: Limit of Love,"$61,600,000"
"2,759",2015,The Walk,"$61,492,104"
"2,760",2005,A History of Violence,"$61,477,797"
"2,761",2024,Honey Money Phony (骗骗喜欢你),"$61,468,059"
"2,762",2004,Cellular,"$61,453,420"
"2,763",2011,Larry Crowne,"$61,449,135"
"2,764",2019,Bombshell,"$61,404,394"
"2,765",2017,Eiga Doraemon: Nobita no nankyoku kac…,"$61,403,776"
"2,766",1983,National Lampoon’s Vacation,"$61,400,000"
"2,767",1990,Flatliners,"$61,308,153"
"2,768",2017,My Little Pony: The Movie,"$61,294,644"
"2,769",2019,Playing with Fire,"$61,236,720"
"2,770",2019,MA,"$61,220,784"
"2,771",1990,Misery,"$61,166,323"
"2,772",2012,Rock of Ages,"$61,031,932"
"2,773",2015,Meitantei Conan: Goka no himawari,"$60,985,674"
"2,774",2007,Taxi 4,"$60,865,364"
"2,775",2006,Marie Antoinette,"$60,862,471"
"2,776",2010,Why Did I Get Married Too?,"$60,831,067"
"2,777",2001,Zoolander,"$60,780,981"
"2,778",2006,My Super Ex-Girlfriend,"$60,772,856"
"2,779",2007,Good Luck Chuck,"$60,709,968"
"2,780",2002,The Wild Thornberrys Movie,"$60,694,737"
"2,781",2012,Astérix et Obélix: Au service de Sa M…,"$60,680,125"
"2,782",2013,Dallas Buyers Club,"$60,611,845"
"2,783",2017,The Founding of an Army,"$60,600,360"
"2,784",1997,Kiss the Girls,"$60,527,873"
"2,785",1999,Fantasia 2000,"$60,518,248"
"2,786",2013,Runner Runner,"$60,512,680"
"2,787",2005,Lord of War,"$60,437,727"
"2,788",1999,10 Things I Hate About You,"$60,413,950"
"2,789",2010,Secretariat,"$60,376,247"
"2,790",2013,Beautiful Creatures,"$60,282,876"
"2,791",2002,I Spy,"$60,279,822"
"2,792",2015,The Perfect Guy,"$60,278,166"
"2,793",1999,The Insider,"$60,265,197"
"2,794",2011,Jiàn Dǎng Wěi Yè,"$60,248,011"
"2,795",2010,127 Hours,"$60,217,171"
"2,796",1996,Chain Reaction,"$60,209,334"
"2,797",2001,Les Rivières Pourpres,"$60,132,548"
"2,798",2017,Snatched,"$60,129,558"
"2,799",1985,Spies Like Us,"$60,083,467"
"2,800",2023,Dì Bā Gè Xián Yí Rén (第八个嫌疑人)…,"$60,034,311"
"2,801",2024,Kraven the Hunter,"$60,011,428"
"2,802",2019,Wo Wei Xiong Di Kuang,"$60,006,412"
"2,803",1963,It's a Mad Mad Mad Mad World,"$60,000,000"
"2,804",1960,Spartacus,"$59,999,883"
"2,805",1997,Jungle 2 Jungle,"$59,925,026"
"2,806",2013,A Haunted House,"$59,922,558"
"2,807",2005,Son of the Mask,"$59,918,422"
"2,808",2010,Morning Glory,"$59,795,070"
"2,809",1980,Friday the 13th,"$59,754,601"
"2,810",2021,Sheng xia wei lai,"$59,730,000"
"2,811",2000,Next Friday,"$59,675,307"
"2,812",2003,21 Grams,"$59,667,625"
"2,813",2016,The Nice Guys,"$59,596,747"
"2,814",1963,Dr. No,"$59,566,680"
"2,815",2023,Demon Slayer: Kimetsu No Yaiba—To the…,"$59,554,259"
"2,816",2023,Wǒ Ài Nǐ (我爱你!),"$59,552,986"
"2,817",2009,Aliens in the Attic,"$59,551,283"
"2,818",2019,Baekdusan,"$59,505,509"
"2,819",1988,Scrooged,"$59,450,796"
"2,820",2000,The Flintstones in Viva Rock Vegas,"$59,431,365"
"2,821",2022,Whitney Houston: I Wanna Dance With S…,"$59,385,184"
"2,822",2017,The Devotion of Suspect X,"$59,263,153"
"2,823",2011,One Day,"$59,168,692"
"2,824",2022,Beast,"$59,168,339"
"2,825",2003,Matchstick Men,"$59,165,300"
"2,826",2025,The King of Kings,"$59,143,705"
"2,827",2022,Moonfall,"$59,053,195"
"2,828",2015,The Gift,"$58,978,477"
"2,829",2014,The Legend of Hercules,"$58,953,319"
"2,830",2001,Jeepers Creepers,"$58,939,035"
"2,831",1992,Far and Away,"$58,883,840"
"2,832",2012,That’s My Boy,"$58,879,681"
"2,833",2001,Behind Enemy Lines,"$58,855,732"
"2,834",1998,Sliding Doors,"$58,809,149"
"2,835",2017,Chāi dàn zhuānjiā,"$58,807,172"
"2,836",2005,Doom,"$58,757,178"
"2,837",2024,White Snake: Afloat (白蛇：浮生),"$58,717,365"
"2,838",1968,Funny Girl,"$58,707,416"
"2,839",1992,Honey I Blew Up the Kid,"$58,662,452"
"2,840",1996,Jack,"$58,617,334"
"2,841",2015,Woman in Gold,"$58,586,407"
"2,842",2005,Zathura,"$58,545,540"
"2,843",2006,Invincible,"$58,501,127"
"2,844",2018,Isle of Dogs,"$58,497,750"
"2,845",2015,Doragon bôru Z: Fukkatsu no 'F',"$58,408,363"
"2,846",2005,Must Love Dogs,"$58,405,313"
"2,847",2000,The Ninth Gate,"$58,394,308"
"2,848",2007,Are We Done Yet?,"$58,388,068"
"2,849",2016,Chongqing Hot Pot,"$58,380,950"
"2,850",2023,Jiāo Huàn Rén Shēng (交换人生),"$58,290,000"
"2,851",2001,Gosford Park,"$58,271,886"
"2,852",2000,Little Nicky,"$58,270,391"
"2,853",2002,Bowling for Columbine,"$58,240,487"
"2,854",2003,Agent Cody Banks,"$58,240,458"
"2,855",2021,Ron’s Gone Wrong,"$58,234,808"
"2,856",2024,Heretic,"$58,102,517"
"2,857",2014,Chong fan 20 sui,"$58,100,000"
"2,858",1991,My Girl,"$58,011,485"
"2,859",2014,The Inbetweeners 2,"$58,000,000"
"2,860",2013,Yi dai zong shi,"$57,986,660"
"2,861",1995,Clueless,"$57,956,789"
"2,862",2019,After,"$57,926,850"
"2,863",2013,Snitch,"$57,907,734"
"2,864",2018,Adrift,"$57,897,191"
"2,865",1998,U.S. Marshals,"$57,833,603"
"2,866",2014,Dolphin Tale 2,"$57,824,533"
"2,867",2016,Nine Lives,"$57,814,445"
"2,868",2001,Heartbreakers,"$57,753,825"
"2,869",2016,All Eyez on Me,"$57,697,426"
"2,870",2017,Yao Ling Ling,"$57,628,372"
"2,871",2009,Year One,"$57,604,723"
"2,872",2012,End of Watch,"$57,586,606"
"2,873",2008,The Eye,"$57,577,765"
"2,874",2005,Derailed,"$57,520,063"
"2,875",2021,Nobody,"$57,512,470"
"2,876",1981,The Cannonball Run,"$57,498,710"
"2,877",2003,Under the Tuscan Sun,"$57,490,024"
"2,878",1989,Pet Sematary,"$57,469,850"
"2,879",1987,Dragnet,"$57,387,000"
"2,880",1974,The Godfather: Part II,"$57,386,697"
"2,881",1993,Sister Act 2 Back in the Habit,"$57,319,029"
"2,882",2025,Den of Thieves 2: Pantera,"$57,296,829"
"2,883",2008,Milk,"$57,293,371"
"2,884",2014,Boyhood,"$57,273,049"
"2,885",1988,Willow,"$57,269,863"
"2,886",2007,Smokin' Aces,"$57,263,440"
"2,887",1980,The Blues Brothers,"$57,246,460"
"2,888",2021,Wo Yao Wo Men Zai Yi Qi,"$57,215,847"
"2,889",2008,Prom Night,"$57,193,655"
"2,890",2007,The Mist,"$57,189,408"
"2,891",1972,"What's Up, Doc?","$57,142,740"
"2,892",2024,We Live in Time,"$57,141,705"
"2,893",1992,Unlawful Entry,"$57,138,719"
"2,894",2023,Magic Mike’s Last Dance,"$57,133,633"
"2,895",1982,Annie,"$57,063,987"
"2,896",2006,The Descent,"$57,051,053"
"2,897",1988,Beaches,"$57,041,866"
"2,898",2012,Evangelion Shin Gekijôban: Kyu,"$57,019,825"
"2,899",2002,Crossroads,"$57,000,000"
"2,900",2009,Nine,"$56,984,219"
"2,901",1992,Beethoven,"$56,979,580"
"2,902",1998,The Man in the Iron Mask,"$56,968,169"
"2,903",2019,Zhu Xian,"$56,911,144"
"2,904",2017,All the Money in the World,"$56,890,649"
"2,905",2017,The Big Sick,"$56,868,677"
"2,906",2005,Elektra,"$56,824,633"
"2,907",2007,Into the Wild,"$56,822,960"
"2,908",1998,A Civil Action,"$56,709,981"
"2,909",2019,Ready or Not,"$56,702,995"
"2,910",1967,Guess Who's Coming to Dinner,"$56,700,000"
"2,911",1980,The Final Countdown,"$56,647,800"
"2,912",2002,Murder by Numbers,"$56,643,267"
"2,913",2005,"Good Night, and Good Luck","$56,586,901"
"2,914",2019,Das Perfekte Geheimnis,"$56,532,065"
"2,915",2016,L.O.R.D: Legend of Ravaging Dynasties,"$56,515,806"
"2,916",2009,Dragonball Evolution,"$56,511,457"
"2,917",2010,Remember Me,"$56,506,120"
"2,918",1993,Tombstone,"$56,505,065"
"2,919",2024,Anora,"$56,493,777"
"2,920",2017,Confidential Assignment,"$56,450,663"
"2,921",2010,The Crazies,"$56,445,534"
"2,922",2002,The Mothman Prophecies,"$56,438,555"
"2,923",2003,Cradle 2 the Grave,"$56,434,942"
"2,924",1996,The Preacher’s Wife,"$56,432,646"
"2,925",2002,Drumline,"$56,398,875"
"2,926",2001,15 Minutes,"$56,331,864"
"2,927",2023,65,"$56,241,027"
"2,928",2018,Mu Hou Wan Jia,"$56,235,548"
"2,929",1991,Boyz n the Hood,"$56,215,095"
"2,930",2012,Quartet,"$56,178,935"
"2,931",2002,Frida,"$56,131,239"
"2,932",2018,The 15:17 to Paris,"$56,096,200"
"2,933",1983,The Big Chill,"$56,077,578"
"2,934",2007,Eastern Promises,"$56,077,088"
"2,935",1998,Spice World,"$56,042,592"
"2,936",2019,Da Ren Wu,"$56,040,680"
"2,937",2016,Florence Foster Jenkins,"$56,000,339"
"2,938",2012,Silent Hill: Revelation 3D,"$55,975,672"
"2,939",2007,Why Did I Get Married?,"$55,934,178"
"2,940",2010,Cop Out,"$55,909,910"
"2,941",2005,Kicking and Screaming,"$55,842,724"
"2,942",2001,The Animal,"$55,762,229"
"2,943",1977,In Search of Noah's Ark,"$55,700,000"
"2,944",2000,Pay it Forward,"$55,696,705"
"2,945",2005,Pooh's Heffalump Movie,"$55,686,944"
"2,946",1996,The Craft,"$55,669,466"
"2,947",2005,Wangeui Namja,"$55,618,300"
"2,948",2008,"Definitely, Maybe","$55,617,866"
"2,949",2013,Delivery Man,"$55,616,322"
"2,950",2018,La ch'tite famille,"$55,613,061"
"2,951",1993,The Beverly Hillbillies,"$55,598,481"
"2,952",1998,Wild Things,"$55,576,210"
"2,953",2003,The Lizzie McGuire Movie,"$55,534,455"
"2,954",2023,The Boys in the Boat,"$55,521,574"
"2,955",2004,Open Water,"$55,518,641"
"2,956",2006,Lucky Number Slevin,"$55,495,466"
"2,957",2003,Out of Time,"$55,489,826"
"2,958",1999,Never Been Kissed,"$55,474,757"
"2,959",2003,Rugrats Go Wild,"$55,443,032"
"2,960",1998,Great Expectations,"$55,406,438"
"2,961",2016,Zoolander 2,"$55,348,693"
"2,962",1985,Police Academy 2: Their First Assignment,"$55,337,042"
"2,963",2007,We Own the Night,"$55,307,857"
"2,964",2012,Yi jiu si er,"$55,287,687"
"2,965",2006,She’s the Man,"$55,279,608"
"2,966",2012,The Odd Life of Timothy Green,"$55,249,159"
"2,967",2011,Extremely Loud and Incredibly Close,"$55,247,881"
"2,968",1998,Waking Ned Devine,"$55,193,251"
"2,969",2023,Mummies,"$55,160,498"
"2,970",1998,Halloween: H2O,"$55,041,738"
"2,971",1979,Dawn of the Dead,"$55,000,000"
"2,972",2002,Analyze That,"$54,994,757"
"2,973",2004,The Motorcycle Diaries,"$54,966,165"
"2,974",2022,Hansan Yongeui Chulhyeon (한산: 용의 출현)…,"$54,877,276"
"2,975",2014,St. Vincent,"$54,837,234"
"2,976",1989,The Abyss,"$54,793,997"
"2,977",2024,Night Swim,"$54,774,727"
"2,978",1990,Predator 2,"$54,768,418"
"2,979",1991,Doc Hollywood,"$54,751,779"
"2,980",2023,Knock at the Cabin,"$54,712,735"
"2,981",2007,Ironiya Sudby. Prodolzhenie,"$54,700,664"
"2,982",2018,Kuai Ba Wo Ge Dai Zou,"$54,663,066"
"2,983",2011,Shi Lian 33 Tian,"$54,640,000"
"2,984",2002,The Hot Chick,"$54,639,509"
"2,985",2014,Qin ai de,"$54,630,000"
"2,986",2001,Driven,"$54,616,869"
"2,987",2003,National Security,"$54,599,300"
"2,988",2003,Looney Tunes: Back in Action,"$54,540,662"
"2,989",2004,The Punisher,"$54,533,774"
"2,990",2016,The Age of Shadows (밀정),"$54,500,169"
"2,991",2017,Downsizing,"$54,462,971"
"2,992",2016,Barbershop: The Next Cut,"$54,404,202"
"2,993",2012,Lawless,"$54,393,687"
"2,994",2004,Spanglish,"$54,344,321"
"2,995",2014,No Good Deed,"$54,323,210"
"2,996",2023,I Did It My Way (潛行),"$54,316,292"
"2,997",1999,Varsity Blues,"$54,294,169"
"2,998",2021,Dang Nan Ren Lian Ai Shi,"$54,253,498"
"2,999",1987,La Bamba,"$54,215,416"
"3,000",2001,Domestic Disturbance,"$54,207,112"
"3,001",2011,Madea’s Big Happy Family,"$54,160,818"
"3,002",1987,RoboCop,"$54,125,172"
"3,003",2015,Sinister 2,"$54,104,225"
"3,004",2012,The Three Stooges,"$54,052,249"
"3,005",1998,The Borrowers,"$54,045,832"
"3,006",2022,The Whale,"$54,044,481"
"3,007",2016,Les Visiteurs: La Révolution,"$53,999,678"
"3,008",2024,The First Omen,"$53,992,802"
"3,009",1990,Edward Scissorhands,"$53,980,220"
"3,010",1982,The Verdict,"$53,977,250"
"3,011",2019,Hellboy,"$53,956,480"
"3,012",2023,Asteroid City,"$53,953,790"
"3,013",2005,Aeon Flux,"$53,913,573"
"3,014",1999,Mickey Blue Eyes,"$53,864,342"
"3,015",2009,The International,"$53,850,527"
"3,016",2017,"I, Tonya","$53,797,409"
"3,017",2007,The Messengers,"$53,774,833"
"3,018",1993,The Three Musketeers,"$53,661,805"
"3,019",2019,Long Shot,"$53,624,424"
"3,020",1993,Rookie of the Year,"$53,579,269"
"3,021",2006,Stranger Than Fiction,"$53,572,822"
"3,022",1994,The Jungle Book,"$53,508,356"
"3,023",2021,Escape Room: Tournament of Champions,"$53,493,064"
"3,024",2000,Bounce,"$53,425,292"
"3,025",2015,The Boy Next Door,"$53,401,938"
"3,026",2015,Eiga Youkai wocchi: Enma daiou to 5-t…,"$53,396,284"
"3,027",2023,Jesus Revolution,"$53,380,981"
"3,028",1987,Throw Momma From the Train,"$53,380,796"
"3,029",2006,An Inconvenient Truth,"$53,365,925"
"3,030",2017,Molly’s Game,"$53,296,424"
"3,031",2003,Radio,"$53,293,628"
"3,032",1973,Papillon,"$53,292,989"
"3,033",2016,A Chinese Odyssey: Part Three,"$53,258,383"
"3,034",2015,Hollywood Adventures,"$53,246,837"
"3,035",1990,Arachnophobia,"$53,208,180"
"3,036",2008,Doubt,"$53,191,101"
"3,037",2000,Pitch Black,"$53,182,088"
"3,038",2013,Tyler Perry’s Temptation,"$53,143,144"
"3,039",2010,From Paris With Love,"$53,139,168"
"3,040",2014,That Awkward Moment,"$53,068,955"
"3,041",2009,Wickie und die starken Männer,"$53,049,987"
"3,042",2010,Konferenz der Tiere,"$53,048,539"
"3,043",1989,To the Limit,"$53,000,000"
"3,044",2006,The Sinking of Japan,"$53,000,000"
"3,045",2008,Suspect X,"$53,000,000"
"3,046",2023,BTS: Yet to Come in Cinemas (방탄소년단 옛 …,"$53,000,000"
"3,047",2009,Defiance,"$52,987,754"
"3,048",1992,My Cousin Vinny,"$52,929,168"
"3,049",1999,Message in a Bottle,"$52,880,016"
"3,050",1987,Outrageous Fortune,"$52,864,741"
"3,051",2016,Patriots Day,"$52,837,989"
"3,052",2019,Saaho,"$52,819,381"
"3,053",2011,Choi-jong-byeong-gi-hwal,"$52,760,691"
"3,054",1980,American Gigolo,"$52,743,674"
"3,055",2008,Untraceable,"$52,649,951"
"3,056",1993,Beethoven’s 2nd,"$52,636,940"
"3,057",2023,Chá Ā Èr Zhōng (茶啊二中),"$52,626,747"
"3,058",2015,The Night Before,"$52,568,099"
"3,059",2023,The Zone of Interest,"$52,548,877"
"3,060",2011,The Roommate,"$52,545,707"
"3,061",2013,Tyler Perry's A Madea Christmas,"$52,543,354"
"3,062",2016,Leokki,"$52,491,101"
"3,063",2002,Big Fat Liar,"$52,461,017"
"3,064",2014,Wild,"$52,460,543"
"3,065",2022,gongjo 2 inteonaesyeonal (공조2:인터내셔날)…,"$52,451,460"
"3,066",2016,Mother’s Day,"$52,367,022"
"3,067",2016,Wo de te gong ye ye,"$52,352,517"
"3,068",2022,The Banshees of Inisherin,"$52,344,724"
"3,069",2010,Le Petit Nicolas,"$52,339,566"
"3,070",1980,Ordinary People,"$52,302,978"
"3,071",1994,The Crow,"$52,297,695"
"3,072",1986,The Color of Money,"$52,293,000"
"3,073",1986,Stand by Me,"$52,289,686"
"3,074",2024,"I, The Executioner (베테랑2)","$52,265,959"
"3,075",2002,One Hour Photo,"$52,223,306"
"3,076",1993,Nowhere to Run,"$52,189,039"
"3,077",2020,Tolo Tolo,"$52,186,424"
"3,078",2022,Ambulance,"$52,181,095"
"3,079",1979,10,"$52,134,699"
"3,080",2017,Bareilly Ki Barfi,"$52,117,236"
"3,081",2017,The Outlaws,"$52,097,753"
"3,082",2016,Ekipazh,"$52,092,388"
"3,083",2024,Kingdom 4: Return of the Great Genera…,"$52,084,125"
"3,084",1999,"South Park: Bigger, Longer & Uncut","$52,037,603"
"3,085",1984,Amadeus,"$52,025,100"
"3,086",2023,Big (816),"$51,972,528"
"3,087",2018,Bei Shang Ni Liu Cheng He,"$51,955,230"
"3,088",2018,Slender Man,"$51,945,949"
"3,089",2020,Ru Guo Sheng Yin Bu Ji De,"$51,890,000"
"3,090",1987,Jaws 4: The Revenge,"$51,881,013"
"3,091",2000,Hanging Up,"$51,867,723"
"3,092",2018,Peppermint,"$51,800,758"
"3,093",2017,1987: When the Day Comes,"$51,775,357"
"3,094",1993,Hocus Pocus,"$51,742,971"
"3,095",2009,I Can Do Bad All By Myself,"$51,733,921"
"3,096",2015,Himalaya,"$51,706,687"
"3,097",2024,Bureau 749 (749局),"$51,706,251"
"3,098",1996,Maximum Risk,"$51,702,929"
"3,099",2013,Homefront,"$51,695,362"
"3,100",1988,Biloxi Blues,"$51,684,798"
"3,101",2015,Hot Pursuit,"$51,680,201"
"3,102",1990,Awakenings,"$51,636,504"
"3,103",2015,Prem Ratan Dhan Payo,"$51,633,652"
"3,104",2018,Teen Titans Go! To The Movies,"$51,620,593"
"3,105",2002,Blue Crush,"$51,618,420"
"3,106",2016,Goksung,"$51,521,990"
"3,107",2016,Eiga Doraemon: Shin Nobita no Nippon …,"$51,509,375"
"3,108",2018,Breaking In,"$51,485,382"
"3,109",2010,Daybreakers,"$51,445,503"
"3,110",1992,Sneakers,"$51,433,000"
"3,111",2014,Astérix: Le domaine des dieux,"$51,379,470"
"3,112",2025,One of Them Days,"$51,347,454"
"3,113",1997,Mortal Kombat: Annihilation,"$51,327,406"
"3,114",1978,Hooper,"$51,290,536"
"3,115",1996,Fargo,"$51,203,507"
"3,116",2023,Expend4bles,"$51,133,603"
"3,117",2011,Bodyguard,"$51,119,758"
"3,118",2021,Luca,"$51,111,836"
"3,119",1976,Silver Streak,"$51,079,064"
"3,120",1977,"Oh, God!","$51,061,196"
"3,121",1976,All the President’s Men,"$51,048,857"
"3,122",1994,Naked Gun 33 1/3: The Final Insult,"$51,041,856"
"3,123",2012,Las aventuras de Tadeo Jones,"$51,029,081"
"3,124",2024,Back to Black,"$51,026,615"
"3,125",2016,Master,"$51,007,693"
"3,126",2002,Enough,"$50,970,660"
"3,127",2004,Team America: World Police,"$50,948,811"
"3,128",2019,Just Mercy,"$50,901,502"
"3,129",1988,Bull Durham,"$50,888,729"
"3,130",2019,Song of Youth,"$50,885,008"
"3,131",2008,College Road Trip,"$50,873,923"
"3,132",2013,Yeh Jawaani Hai Deewani,"$50,827,466"
"3,133",2009,Coco avant Chanel,"$50,813,834"
"3,134",2004,You Got Served,"$50,811,858"
"3,135",1977,A Bridge Too Far,"$50,800,000"
"3,136",2011,Gekijouban Pokketo monsutâ Besuto wis…,"$50,776,443"
"3,137",2013,Feng Bao,"$50,770,000"
"3,138",2002,Hable con ella,"$50,768,280"
"3,139",1992,The Mighty Ducks,"$50,752,337"
"3,140",2013,August: Osage County,"$50,738,810"
"3,141",2007,Sea Monsters: A Prehistoric Adventure,"$50,728,163"
"3,142",2005,Elizabethtown,"$50,719,373"
"3,143",1967,Bonnie and Clyde,"$50,700,128"
"3,144",1998,Bride of Chucky,"$50,692,188"
"3,145",1977,The Deep,"$50,681,884"
"3,146",2008,Meet Dave,"$50,648,806"
"3,147",1998,Mighty Joe Young,"$50,632,037"
"3,148",2019,Kholop,"$50,590,362"
"3,149",1969,The Love Bug,"$50,582,265"
"3,150",2006,Notes on a Scandal,"$50,578,411"
"3,151",2019,Kingudamu,"$50,573,876"
"3,152",2006,The Texas Chainsaw Massacre: The Begi…,"$50,517,763"
"3,153",1987,Eddie Murphy: Raw,"$50,504,655"
"3,154",2005,Diary of a Mad Black Woman,"$50,458,356"
"3,155",2014,About Last Night,"$50,445,860"
"3,156",2024,Demon Slayer: Kimetsu no Yaiba—To the…,"$50,439,672"
"3,157",2003,Hollywood Homicide,"$50,409,753"
"3,158",2012,Red Tails,"$50,365,498"
"3,159",2015,Concussion,"$50,363,790"
"3,160",2014,Nightcrawler,"$50,334,418"
"3,161",1994,Natural Born Killers,"$50,283,563"
"3,162",1994,Angels in the Outfield,"$50,236,831"
"3,163",2007,Grindhouse,"$50,187,789"
"3,164",1998,Sphere,"$50,168,294"
"3,165",2014,Supercondriaque,"$50,160,446"
"3,166",1997,Breakdown,"$50,159,144"
"3,167",2011,Winnie the Pooh,"$50,145,607"
"3,168",2008,The Women,"$50,103,808"
"3,169",1962,The Longest Day,"$50,100,000"
"3,170",2005,Fever Pitch,"$50,071,069"
"3,171",1997,Absolute Power,"$50,068,310"
"3,172",1978,The Deer Hunter,"$50,065,119"
"3,173",2000,The Replacements,"$50,054,511"
"3,174",2019,Uncut Gems,"$50,023,780"
"3,175",1994,When a Man Loves a Woman,"$50,021,959"
"3,176",1995,A Walk in the Clouds,"$50,008,143"
"3,177",1994,Little Women,"$50,003,303"
"3,178",1981,Reds,"$50,000,130"
"3,179",2022,Jué Wàng Zhǔ Fū (绝望主夫),"$49,949,382"
"3,180",2005,Capote,"$49,924,079"
"3,181",1973,The Way We Were,"$49,919,870"
"3,182",2024,The Brutalist,"$49,906,169"
"3,183",2009,The Hurt Locker,"$49,876,984"
"3,184",2010,The Switch,"$49,858,465"
"3,185",1986,Legal Eagles,"$49,851,591"
"3,186",2004,Raising Helen,"$49,842,431"
"3,187",1980,Popeye,"$49,823,037"
"3,188",1998,Pleasantville,"$49,805,462"
"3,189",1995,Leaving Las Vegas,"$49,800,000"
"3,190",1989,Major League,"$49,793,054"
"3,191",2015,Bakemono no ko,"$49,766,058"
"3,192",1987,"Planes, Trains & Automobiles","$49,752,241"
"3,193",2013,Kokuriko-zaka Kara,"$49,741,540"
"3,194",2007,This Christmas,"$49,733,545"
"3,195",2004,Sky Captain and the World of Tomorrow,"$49,730,854"
"3,196",2011,Ip Man: Legend of the Grand Master,"$49,721,954"
"3,197",2008,Drillbit Taylor,"$49,686,263"
"3,198",2009,Push,"$49,678,401"
"3,199",2010,How Do You Know?,"$49,628,177"
"3,200",2012,Man on a Ledge,"$49,621,440"
"3,201",2006,The Ant Bully,"$49,610,898"
"3,202",2015,Surprise: Journey to the West,"$49,576,645"
"3,203",2024,Upstream (逆行人生),"$49,528,223"
"3,204",2021,Belfast,"$49,507,348"
"3,205",2019,The Grudge,"$49,503,117"
"3,206",2009,The Fourth Kind,"$49,486,874"
"3,207",2005,Dark Water,"$49,473,093"
"3,208",1975,Shampoo,"$49,407,734"
"3,209",1985,National Lampoon's European Vacation,"$49,400,000"
"3,210",2021,I Fell in Love Like a Flower Bouquet,"$49,392,493"
"3,211",2010,Scott Pilgrim vs. The World,"$49,379,547"
"3,212",1988,A Nightmare on Elm Street 4: The Drea…,"$49,369,899"
"3,213",2015,Entourage,"$49,263,404"
"3,214",2016,The Finest Hours,"$49,252,761"
"3,215",2006,The Black Dahlia,"$49,238,525"
"3,216",2019,Breakthrough,"$49,231,674"
"3,217",2019,Little,"$49,207,917"
"3,218",2016,Operation Chromite,"$49,196,532"
"3,219",2006,The Last King of Scotland,"$49,155,371"
"3,220",2007,Hwa-ryeo-han hyuga,"$49,136,551"
"3,221",1998,The Negotiator,"$49,105,766"
"3,222",2024,Tarot,"$49,104,745"
"3,223",1991,Bugsy,"$49,103,967"
"3,224",2014,Demain Tout Commence,"$49,070,099"
"3,225",2020,Fantasy Island,"$49,066,276"
"3,226",2017,Logan Lucky,"$49,046,121"
"3,227",1986,Cobra,"$49,042,224"
"3,228",2005,Danny the Dog,"$49,037,621"
"3,229",2016,So Young 2: Never Gone,"$49,002,398"
"3,230",2011,Arthur et la vengeance de Maltazard,"$48,995,492"
"3,231",2010,Death at a Funeral,"$48,977,233"
"3,232",2010,Alpha and Omega,"$48,958,353"
"3,233",2020,Trolls: World Tour,"$48,866,407"
"3,234",1987,Full Metal Jacket,"$48,845,082"
"3,235",2019,Isn’t it Romantic,"$48,791,187"
"3,236",1977,The Rescuers,"$48,775,599"
"3,237",2022,Marry Me,"$48,774,993"
"3,238",2018,Andhadhun,"$48,707,583"
"3,239",2022,Brahmastra Part 1: Shiva,"$48,698,914"
"3,240",2010,She's Out of My League,"$48,680,977"
"3,241",1998,The Avengers,"$48,585,416"
"3,242",1976,The Omen,"$48,577,431"
"3,243",2018,Death Wish,"$48,575,965"
"3,244",2004,Fat Albert,"$48,563,556"
"3,245",2009,9,"$48,559,999"
"3,246",2013,Parker,"$48,543,388"
"3,247",2023,C'è ancora domani,"$48,535,939"
"3,248",2010,Frozen,"$48,533,065"
"3,249",2012,Les petits mouchoirs,"$48,530,887"
"3,250",2015,Bajirao Mastani,"$48,503,366"
"3,251",2018,Mary Queen of Scots,"$48,481,754"
"3,252",2010,Charlie St. Cloud,"$48,478,084"
"3,253",1999,Magnolia,"$48,446,802"
"3,254",2013,The Big Wedding,"$48,425,971"
"3,255",2013,The Last Stand,"$48,330,757"
"3,256",2013,Bereurlin,"$48,314,840"
"3,257",1999,"Girl, Interrupted","$48,308,749"
"3,258",2019,Queen & Slim,"$48,266,163"
"3,259",1992,Malcolm X,"$48,169,910"
"3,260",1997,G.I. Jane,"$48,169,156"
"3,261",2012,Red Dawn,"$48,164,150"
"3,262",1984,Tightrope,"$48,100,000"
"3,263",2024,Blink Twice,"$48,093,906"
"3,264",2017,Kōng tiān liè,"$48,069,252"
"3,265",2009,Under the Sea 3D,"$48,059,141"
"3,266",2025,Operation Hadal (蛟龙行动),"$48,046,206"
"3,267",2014,Her,"$48,038,809"
"3,268",1992,Single White Female,"$48,017,402"
"3,269",2005,Welcome to Dongmakgol,"$48,000,000"
"3,270",2011,Sutekina kanashibari,"$47,966,182"
"3,271",1993,Wayne's World 2,"$47,965,000"
"3,272",2011,Sunny,"$47,958,698"
"3,273",1984,The Natural,"$47,951,979"
"3,274",1980,The Blue Lagoon,"$47,923,795"
"3,275",2003,Secondhand Lions,"$47,902,566"
"3,276",2020,I’m From Today!,"$47,895,889"
"3,277",2000,High Fidelity,"$47,881,663"
"3,278",2017,Tyler Perry’s Boo 2! A Madea Halloween,"$47,879,572"
"3,279",2017,Ji Qi Zhi Xue,"$47,872,755"
"3,280",2019,Shaun the Sheep Movie: Farmageddon,"$47,862,290"
"3,281",2004,Walking Tall,"$47,856,383"
"3,282",2023,Plane,"$47,855,350"
"3,283",2020,Monster Hunter,"$47,853,893"
"3,284",2012,Trouble with the Curve,"$47,818,913"
"3,285",2011,Arthur,"$47,787,943"
"3,286",2008,Shutter,"$47,782,426"
"3,287",2005,George A. Romero's Land of the Dead,"$47,751,015"
"3,288",2000,Book of Shadows: Blair Witch 2,"$47,721,314"
"3,289",2010,Hachiko: A Dog’s Story,"$47,707,417"
"3,290",2013,Texas Chainsaw 3D,"$47,666,013"
"3,291",1991,New Jack City,"$47,624,253"
"3,292",1998,The Big Lebowski,"$47,597,102"
"3,293",1961,West Side Story,"$47,596,274"
"3,294",2019,47 Meters Down: Uncaged,"$47,582,563"
"3,295",2020,The New Mutants,"$47,535,251"
"3,296",2014,Kick,"$47,493,530"
"3,297",1986,An American Tail,"$47,483,002"
"3,298",2017,Phantom Thread,"$47,454,408"
"3,299",2024,The Strangers: Chapter 1,"$47,445,905"
"3,300",1990,The Rescuers Down Under,"$47,431,461"
"3,301",2018,Les Tuche 3,"$47,427,990"
"3,302",2009,Crazy Heart,"$47,417,251"
"3,303",1999,Man on the Moon,"$47,407,635"
"3,304",1990,Hard To Kill,"$47,381,527"
"3,305",2000,Almost Famous,"$47,371,191"
"3,306",2011,Born to be Wild 3D,"$47,309,175"
"3,307",2008,長江七號 (CJ7),"$47,300,771"
"3,308",2003,Darkness Falls,"$47,289,758"
"3,309",2007,Death at a Funeral,"$47,289,148"
"3,310",1974,Airport 1975,"$47,285,152"
"3,311",2000,The Watcher,"$47,267,829"
"3,312",2003,The Hunted,"$47,213,095"
"3,313",2021,Don’t Breathe 2,"$47,201,347"
"3,314",2005,The Wedding Date,"$47,175,038"
"3,315",1997,The Rainmaker,"$47,159,786"
"3,316",2019,Luo Xiaohei zhan ji,"$47,151,157"
"3,317",2011,Soul Surfer,"$47,135,489"
"3,318",2013,The World’s End,"$47,124,638"
"3,319",1982,The Toy,"$47,118,057"
"3,320",1990,Goodfellas,"$47,103,483"
"3,321",2011,Meitantei Conan: Chinmoku no kuôtâ,"$47,024,973"
"3,322",2010,Dabangg,"$47,017,018"
"3,323",2013,The Place Beyond the Pines,"$47,011,449"
"3,324",2009,Desu Noto 2,"$47,000,000"
"3,325",2015,Xiong Chu Mei Zhi Xue Ling Xiong Feng,"$46,998,773"
"3,326",1980,Urban Cowboy,"$46,918,287"
"3,327",1989,"See No Evil, Hear No Evil","$46,900,000"
"3,328",2017,Rough Night,"$46,844,357"
"3,329",2014,Chef,"$46,829,309"
"3,330",2020,The War with Grandpa,"$46,819,069"
"3,331",2006,Deck the Halls,"$46,815,807"
"3,332",1980,The Shining,"$46,805,191"
"3,333",2010,The Spy Next Door,"$46,752,858"
"3,334",1993,Fortress,"$46,730,578"
"3,335",2019,Midsommar,"$46,713,431"
"3,336",2024,Doraemon the Movie: Nobita’s Earth Sy…,"$46,704,773"
"3,337",1985,Fletch,"$46,700,000"
"3,338",2005,Get Rich or Die Tryin',"$46,666,955"
"3,339",1975,Dog Day Afternoon,"$46,666,278"
"3,340",2008,The Wrestler,"$46,634,275"
"3,341",2018,Acrimony,"$46,627,836"
"3,342",1988,Colors,"$46,616,067"
"3,343",1990,Look Who's Talking Too,"$46,614,448"
"3,344",2011,The Debt,"$46,604,054"
"3,345",2008,Bangkok Dangerous,"$46,598,133"
"3,346",2018,Uncle Drew,"$46,594,261"
"3,347",1991,The Rocketeer,"$46,573,027"
"3,348",1995,The Brady Bunch Movie,"$46,546,167"
"3,349",2023,Missing,"$46,537,213"
"3,350",2009,The Last House on the Left,"$46,526,243"
"3,351",1963,How the West Was Won,"$46,500,000"
"3,352",1992,The Distinguished Gentleman,"$46,434,570"
"3,353",2016,A Monster Calls,"$46,414,530"
"3,354",2020,Yi Dian Jiu Dao Jia,"$46,389,109"
"3,355",2010,Machete,"$46,370,970"
"3,356",1994,The Paper,"$46,368,310"
"3,357",2006,The Nativity Story,"$46,309,644"
"3,358",1947,Miracle on 34th Street,"$46,295,886"
"3,359",1993,Addams Family Values,"$46,293,855"
"3,360",2011,Des Hommes et Des Dieux,"$46,263,525"
"3,361",2017,Qi Man Dun Jia,"$46,263,233"
"3,362",2024,Decoded (解密),"$46,259,122"
"3,363",2023,"Ruby Gillman, Teenage Kraken","$46,247,409"
"3,364",2016,Risen,"$46,244,066"
"3,365",2018,Campeones,"$46,236,356"
"3,366",1976,The Enforcer,"$46,200,000"
"3,367",2009,Fantastic Mr. Fox,"$46,187,511"
"3,368",2004,Torque,"$46,176,322"
"3,369",1996,One Fine Day,"$46,169,663"
"3,370",2018,Huang Jin Xiong Di,"$46,165,078"
"3,371",2017,Er Dai Yao Jing,"$46,154,324"
"3,372",2023,The Iron Claw,"$46,140,822"
"3,373",2004,Napoleon Dynamite,"$46,122,713"
"3,374",1972,Deliverance,"$46,122,355"
"3,375",1999,For Love of the Game,"$46,112,640"
"3,376",2002,A Walk to Remember,"$46,060,861"
"3,377",2023,Thanksgiving,"$46,044,880"
"3,378",1993,Malice,"$46,038,636"
"3,379",2007,The Nanny Diaries,"$45,991,195"
"3,380",2007,Mr. Brooks,"$45,989,012"
"3,381",2020,Ji Xian Feng,"$45,986,345"
"3,382",2018,Winchester,"$45,960,255"
"3,383",1985,The Breakfast Club,"$45,905,126"
"3,384",1984,"Greystoke: The Legend of Tarzan, Lord…","$45,900,000"
"3,385",2015,Zan men jie hun ba,"$45,881,996"
"3,386",2017,Gunhamdo,"$45,872,441"
"3,387",1985,Brewster's Millions,"$45,800,000"
"3,388",1982,Firefox,"$45,785,720"
"3,389",2017,Gintama,"$45,776,563"
"3,390",2009,Take Off,"$45,743,246"
"3,391",2019,Zhui Long 2: Zhui Ji Da Fu Hao,"$45,738,461"
"3,392",2015,"McFarland, USA","$45,707,924"
"3,393",2017,Xin Li Zui,"$45,698,504"
"3,394",1990,RoboCop 2,"$45,681,173"
"3,395",2015,You yi ge di fang zhi you wo men zhi dao,"$45,642,013"
"3,396",2023,The Holdovers,"$45,615,278"
"3,397",1994,D2: The Mighty Ducks,"$45,604,206"
"3,398",2022,Orphan: First Kill,"$45,585,682"
"3,399",2000,Dancer in the Dark,"$45,556,774"
"3,400",2023,Doraemon the Movie: Nobita’s Sky Utop…,"$45,525,160"
"3,401",2018,Legend of Tang Dynasty 2,"$45,521,268"
"3,402",2017,The Circle,"$45,497,689"
"3,403",2019,Judy,"$45,495,000"
"3,404",1991,Thelma & Louise,"$45,460,747"
"3,405",2013,Kokowaah,"$45,424,636"
"3,406",2015,Hero,"$45,422,548"
"3,407",1974,The Life and Times of Grizzly Adams,"$45,411,063"
"3,408",2022,Barbarian,"$45,352,337"
"3,409",2000,Keeping the Faith,"$45,336,404"
"3,410",2014,Wei ai zhi jian ru jia jing,"$45,331,734"
"3,411",2003,Good Boy!,"$45,312,217"
"3,412",1967,The Dirty Dozen,"$45,300,000"
"3,413",2013,Eunmilhage Widaehage,"$45,286,922"
"3,414",2018,Early Man,"$45,285,890"
"3,415",2005,Deuce Bigalow: European Gigolo,"$45,273,464"
"3,416",1994,Léon,"$45,258,012"
"3,417",2012,Cold War,"$45,249,153"
"3,418",1983,Scarface,"$45,233,082"
"3,419",2021,In the Heights,"$45,175,167"
"3,420",2017,Flatliners,"$45,173,738"
"3,421",2008,The Duchess,"$45,160,110"
"3,422",2021,The French Dispatch,"$45,137,404"
"3,423",2015,The Dead End,"$45,110,000"
"3,424",2009,Brothers,"$45,043,870"
"3,425",2016,Eddie the Eagle,"$45,032,437"
"3,426",2015,The Woman in Black 2: Angel of Death,"$45,006,692"
"3,427",1978,Convoy,"$45,000,000"
"3,428",1972,Deep Throat,"$45,000,000"
"3,429",2017,Wind River,"$44,984,979"
"3,430",2009,Notorious,"$44,972,183"
"3,431",1992,Medicine Man,"$44,948,240"
"3,432",2016,Boonie Bears III,"$44,923,271"
"3,433",2008,Lakeview Terrace,"$44,821,299"
"3,434",1969,Midnight Cowboy,"$44,796,719"
"3,435",1987,A Nightmare On Elm Street 3: Dream Wa…,"$44,793,222"
"3,436",2009,Home,"$44,793,168"
"3,437",1988,Young Guns,"$44,726,644"
"3,438",1972,Jeremiah Johnson,"$44,693,786"
"3,439",2012,Neuk-dae-so-nyeon,"$44,685,170"
"3,440",1973,Magnum Force,"$44,680,473"
"3,441",1998,Meet Joe Black,"$44,650,003"
"3,442",2019,Richard Jewell,"$44,645,542"
"3,443",2023,Zhè Me Duō Nián (这么多年),"$44,570,000"
"3,444",2000,The Gift,"$44,567,606"
"3,445",2011,Ra. One,"$44,549,121"
"3,446",1968,The Odd Couple,"$44,527,234"
"3,447",2017,mother!,"$44,516,999"
"3,448",2008,One Missed Call,"$44,513,466"
"3,449",1993,The Good Son,"$44,456,478"
"3,450",2001,Recess: School's Out,"$44,451,470"
"3,451",1967,Valley of the Dolls,"$44,432,255"
"3,452",1981,Clash of the Titans,"$44,400,000"
"3,453",2025,Flight Risk,"$44,383,005"
"3,454",2023,RENAISSANCE: A FILM BY BEYONCÉ,"$44,372,181"
"3,455",2016,Café Society,"$44,348,292"
"3,456",2008,The Sisterhood of the Traveling Pants 2,"$44,270,131"
"3,457",2015,Love the Coopers,"$44,263,413"
"3,458",1981,The Postman Always Rings Twice,"$44,200,000"
"3,459",1988,Child’s Play,"$44,196,684"
"3,460",2010,Shi Yue Wei Cheng,"$44,195,779"
"3,461",1990,Young Guns II,"$44,143,410"
"3,462",2014,Oculus,"$44,115,496"
"3,463",2012,House at the End of the Street,"$44,103,982"
"3,464",2008,The Boy in the Striped Pyjamas,"$44,083,403"
"3,465",1992,Passenger 57,"$44,065,653"
"3,466",2017,Loving Vincent,"$44,058,550"
"3,467",2019,Harriet,"$44,035,587"
"3,468",2022,Prey for the Devil,"$44,013,745"
"3,469",2017,Namiya Zakkaten no Kiseki,"$44,009,570"
"3,470",1987,The Last Emperor,"$44,005,435"
"3,471",2008,Semi-Pro,"$43,980,363"
"3,472",2004,Exorcist: The Beginning,"$43,957,541"
"3,473",2015,Max,"$43,956,255"
"3,474",1999,Dogma,"$43,948,865"
"3,475",2002,The Transporter,"$43,928,932"
"3,476",2006,Crank,"$43,924,923"
"3,477",1979,Love at First Bite,"$43,900,000"
"3,478",1981,The Fox and the Hound,"$43,899,231"
"3,479",2017,Jìyì dàshī,"$43,888,531"
"3,480",1987,Wall Street,"$43,848,100"
"3,481",2012,Wolf Children (おおかみこどもの雨と雪)…,"$43,833,865"
"3,482",2003,A Man Apart,"$43,797,731"
"3,483",2010,When in Rome,"$43,796,937"
"3,484",2001,Monster's Ball,"$43,766,463"
"3,485",2001,Hardball,"$43,728,560"
"3,486",2024,Imaginary,"$43,673,616"
"3,487",2007,Freedom Writers,"$43,632,609"
"3,488",2008,Welcome Home Roscoe Jenkins,"$43,607,627"
"3,489",2010,Going the Distance,"$43,603,990"
"3,490",1986,Police Academy 3: Back in Training,"$43,579,163"
"3,491",2006,We Are Marshall,"$43,545,364"
"3,492",2008,Fly Me To the Moon,"$43,530,281"
"3,493",2015,The DUFF,"$43,528,634"
"3,494",2019,Child’s Play,"$43,499,580"
"3,495",1997,Soul Food,"$43,492,389"
"3,496",1994,City Slickers II: The Legend of Curly…,"$43,440,947"
"3,497",1992,A River Runs Through It,"$43,440,294"
"3,498",2017,Golmaal Again,"$43,437,417"
"3,499",2016,Feng Shen Bang,"$43,415,987"
"3,500",2013,Jobs,"$43,402,515"
"3,501",2021,Rurôni Kenshin: Sai shûshô - The Fina…,"$43,384,254"
"3,502",2008,Harold & Kumar Escape from Guantanamo…,"$43,353,117"
"3,503",2012,Sur la piste du Marsupilami,"$43,343,964"
"3,504",2006,Last Holiday,"$43,343,247"
"3,505",2013,Krrish 3,"$43,337,264"
"3,506",2024,Kholop 2 (Холоп 2),"$43,311,804"
"3,507",2002,Orange County,"$43,308,707"
"3,508",2020,After We Collided,"$43,306,392"
"3,509",2022,The Fabelmans,"$43,271,455"
"3,510",2023,Zhōng Quǎn Bā Gōng (忠犬八公),"$43,234,633"
"3,511",1990,Marked for Death,"$43,224,499"
"3,512",2003,Girl with a Pearl Earring,"$43,153,588"
"3,513",2015,Dilwale,"$43,117,104"
"3,514",1997,Boogie Nights,"$43,111,725"
"3,515",2018,Annihilation,"$43,070,915"
"3,516",2001,See Spot Run,"$43,057,552"
"3,517",2006,Tom yum goong,"$43,044,087"
"3,518",2020,Eiga Doraemon: Nobita no shin kyôryû,"$43,035,655"
"3,519",2017,The Snowman,"$43,033,661"
"3,520",2024,Abigail,"$43,021,064"
"3,521",1974,The Longest Yard,"$43,008,075"
"3,522",1991,Regarding Henry,"$43,001,500"
"3,523",1979,Escape from Alcatraz,"$43,000,459"
"3,524",1979,Meatballs,"$43,000,000"
"3,525",2015,The Gallows,"$42,964,410"
"3,526",1978,California Suite,"$42,913,571"
"3,527",2023,Past Lives,"$42,913,181"
"3,528",2018,The Possession of Hannah Grace,"$42,873,730"
"3,529",2015,No Escape,"$42,844,516"
"3,530",2006,Glory Road,"$42,799,060"
"3,531",2005,Just Friends,"$42,797,679"
"3,532",2023,Only the River Flows (河边的错误),"$42,796,291"
"3,533",2009,The Uninvited,"$42,778,961"
"3,534",2004,Shaolin Soccer,"$42,776,032"
"3,535",2017,Hindi Medium,"$42,732,776"
"3,536",1986,Heartbreak Ridge,"$42,724,017"
"3,537",1979,The Electric Horseman,"$42,670,138"
"3,538",2019,21 Bridges,"$42,657,631"
"3,539",2003,Basic,"$42,598,498"
"3,540",2008,Pokemon 2008,"$42,563,360"
"3,541",2016,Almost Christmas,"$42,493,506"
"3,542",1981,The Four Seasons,"$42,488,161"
"3,543",2016,Robinson Crusoe,"$42,446,455"
"3,544",1967,To Sir With Love,"$42,432,803"
"3,545",1985,Mask,"$42,417,782"
"3,546",2012,Chernobyl Diaries,"$42,411,721"
"3,547",2015,Forever Young,"$42,386,771"
"3,548",2002,8 femmes,"$42,376,425"
"3,549",2010,My Name is Khan,"$42,355,526"
"3,550",1976,The Bad News Bears,"$42,349,782"
"3,551",2015,The Lady in the Van,"$42,320,503"
"3,552",1983,Blue Thunder,"$42,313,354"
"3,553",1968,Bullitt,"$42,301,091"
"3,554",2015,Legend,"$42,280,444"
"3,555",2013,Chu zi Xi zi Pi zi,"$42,280,000"
"3,556",1993,Teenage Mutant Ninja Turtles III,"$42,273,609"
"3,557",2024,Panda Plan (熊猫计划),"$42,238,170"
"3,558",2021,Spirit Untamed,"$42,235,744"
"3,559",2010,Joheunnom nabbeunnom isanghannom,"$42,226,657"
"3,560",2017,Bad Genius,"$42,197,645"
"3,561",2013,21 and Over,"$42,195,766"
"3,562",2019,Countdown,"$42,176,201"
"3,563",2014,Earth to Echo,"$42,174,545"
"3,564",2012,Dabangg 2,"$42,165,098"
"3,565",1985,White Nights,"$42,160,849"
"3,566",2018,Di Qiu Zui Hou De Ye Wang,"$42,148,570"
"3,567",2001,In the Bedroom,"$42,137,871"
"3,568",2017,T2: Trainspotting,"$42,130,116"
"3,569",2006,A Good Year,"$42,064,105"
"3,570",2017,Meari to majo no hana,"$42,047,346"
"3,571",1988,Dirty Rotten Scoundrels,"$42,039,000"
"3,572",2009,Gamer,"$42,002,029"
"3,573",1988,Bagdad Cafe,"$42,001,910"
"3,574",1956,Around the World in 80 Days,"$42,000,000"
"3,575",2005,Into the Blue,"$41,982,227"
"3,576",2008,Meet the Browns,"$41,975,388"
"3,577",2018,Taxi 5,"$41,957,523"
"3,578",2017,Papita 2da Base,"$41,950,000"
"3,579",2018,Holmes & Watson,"$41,926,605"
"3,580",2015,Carol,"$41,925,420"
"3,581",2008,Quarantine,"$41,924,774"
"3,582",2005,A Lot Like Love,"$41,921,590"
"3,583",2021,Resident Evil: Welcome to Raccoon City,"$41,909,091"
"3,584",2019,Masukarêdo hoteru,"$41,885,312"
"3,585",2012,Meitantei Conan: Juichi-ninme no Striker,"$41,863,105"
"3,586",1975,The Return of the Pink Panther,"$41,833,424"
"3,587",1993,Homeward Bound: The Incredible Journey,"$41,833,324"
"3,588",2014,"As Above, So Below","$41,824,066"
"3,589",2017,Toilet: Ek Prem Katha,"$41,816,493"
"3,590",1991,The Fisher King,"$41,798,224"
"3,591",2007,Balls of Fury,"$41,780,026"
"3,592",2009,The Informant!,"$41,771,168"
"3,593",2018,Ansisung,"$41,754,733"
"3,594",1967,Casino Royale,"$41,744,718"
"3,595",2012,The Guilt Trip,"$41,742,317"
"3,596",1969,Easy Rider,"$41,728,598"
"3,597",2015,Sado,"$41,695,667"
"3,598",1980,Cheech & Chong's Next Movie,"$41,675,194"
"3,599",2004,Wimbledon,"$41,666,476"
"3,600",2011,Dream House,"$41,642,166"
"3,601",2009,Astro Boy,"$41,636,243"
"3,602",2015,Still Alice,"$41,598,366"
"3,603",1978,Up in Smoke,"$41,590,893"
"3,604",2024,High Forces (危机航线),"$41,582,702"
"3,605",2005,The Sisterhood of the Traveling Pants,"$41,560,117"
"3,606",2017,Call Me by Your Name,"$41,512,383"
"3,607",1975,Three Days of the Condor,"$41,509,797"
"3,608",2019,Fighting With My Family,"$41,503,088"
"3,609",2012,Safe,"$41,495,213"
"3,610",1990,Gremlins 2: The New Batch,"$41,476,097"
"3,611",2012,Dredd,"$41,467,606"
"3,612",2006,Gridiron Gang,"$41,457,834"
"3,613",1988,The Great Outdoors,"$41,455,230"
"3,614",2008,Ghajini,"$41,430,631"
"3,615",1985,Pale Rider,"$41,410,568"
"3,616",1972,Cabaret,"$41,409,720"
"3,617",1986,Peggy Sue Got Married,"$41,382,841"
"3,618",1996,Happy Gilmore,"$41,362,072"
"3,619",2008,Leatherheads,"$41,348,628"
"3,620",2006,Man of the Year,"$41,342,180"
"3,621",2011,50/50,"$41,334,735"
"3,622",2014,This is Where I Leave You,"$41,296,320"
"3,623",2013,Don Jon,"$41,268,579"
"3,624",1996,The Mirror Has Two Faces,"$41,267,469"
"3,625",2023,Chāo Néng Yī Jiā Rén (超能一家人)…,"$41,209,025"
"3,626",1997,Private Parts,"$41,198,146"
"3,627",2010,Luftslottet som sprängdes,"$41,179,660"
"3,628",2015,Ricki and the Flash,"$41,166,033"
"3,629",1971,The French Connection,"$41,162,088"
"3,630",2011,30 Minutes or Less,"$41,146,935"
"3,631",2023,Shin Jigen! Crayon Shin-chan the Movi…,"$41,108,385"
"3,632",1997,Money Talks,"$41,076,865"
"3,633",2014,The Best of Me,"$41,059,418"
"3,634",2018,Zhao Dao Ni,"$41,046,927"
"3,635",2011,Drive Angry,"$41,042,583"
"3,636",1984,2010,"$41,000,000"
"3,637",1986,Poltergeist II: The Other Side,"$40,996,665"
"3,638",2023,Ferrari,"$40,989,660"
"3,639",2009,Pokemon 2009,"$40,952,392"
"3,640",1985,Pee Wee's Big Adventure,"$40,940,662"
"3,641",1993,Falling Down,"$40,903,593"
"3,642",1984,Revenge of the Nerds,"$40,874,452"
"3,643",2000,Where the Heart Is,"$40,862,054"
"3,644",2021,Boku no Hero Academia: World Heroes’ …,"$40,856,547"
"3,645",2002,Undercover Brother,"$40,796,145"
"3,646",2010,Di Renjie,"$40,768,902"
"3,647",2016,The Forest,"$40,749,230"
"3,648",2005,Broken Flowers,"$40,744,960"
"3,649",1986,Short Circuit,"$40,697,761"
"3,650",2007,War,"$40,686,409"
"3,651",2014,Sin City: A Dame to Kill For,"$40,650,842"
"3,652",2010,Ajeossi,"$40,650,572"
"3,653",2020,Greenland,"$40,629,075"
"3,654",2019,The Intruder,"$40,597,401"
"3,655",1989,Three Fugitives,"$40,590,000"
"3,656",1982,The Dark Crystal,"$40,577,915"
"3,657",2010,El secreto de sus ojos,"$40,527,719"
"3,658",2011,Fright Night,"$40,520,649"
"3,659",1989,Bill & Ted’s Excellent Adventure,"$40,510,111"
"3,660",2014,Whiplash,"$40,501,686"
"3,661",1985,Jagged Edge,"$40,491,165"
"3,662",1986,Pretty in Pink,"$40,476,156"
"3,663",2024,Crayon Shinchan: Our Dinosaur Diary (…,"$40,459,659"
"3,664",2005,The Ringer,"$40,442,437"
"3,665",2000,Bless the Child,"$40,435,694"
"3,666",1978,Foul Play,"$40,415,179"
"3,667",1960,Swiss Family Robinson,"$40,402,465"
"3,668",2000,The Art of War,"$40,390,931"
"3,669",2023,80 for Brady,"$40,384,027"
"3,670",2016,The Witch,"$40,364,725"
"3,671",2002,The Master of Disguise,"$40,363,530"
"3,672",2005,Serenity,"$40,319,440"
"3,673",2004,La mala educación,"$40,311,842"
"3,674",2017,Fist Fight,"$40,286,416"
"3,675",1998,The Faculty,"$40,283,321"
"3,676",2024,The Best Christmas Pageant Ever,"$40,265,899"
"3,677",1993,The Piano,"$40,212,480"
"3,678",1992,Mo' Money,"$40,190,000"
"3,679",2022,Paws of Fury: The Legend of Hank,"$40,166,138"
"3,680",2008,The Love Guru,"$40,159,017"
"3,681",1988,Big Business,"$40,150,487"
"3,682",2007,The Invasion,"$40,147,042"
"3,683",2009,All About Steve,"$40,127,259"
"3,684",2004,Twisted,"$40,119,848"
"3,685",2006,Scoop,"$40,103,262"
"3,686",1999,Encounter in the Third Dimension,"$40,102,213"
"3,687",1991,Grand Canyon,"$40,098,309"
"3,688",1986,Hannah and Her Sisters,"$40,084,041"
"3,689",1992,Encino Man,"$40,057,130"
"3,690",1975,Funny Lady,"$40,055,897"
"3,691",1979,Manhattan,"$40,053,595"
"3,692",2017,The King,"$40,045,465"
"3,693",2016,Love O2O,"$40,029,536"
"3,694",1995,Man of the House,"$40,029,009"
"3,695",1998,I Still Know What You Did Last Summer,"$40,020,622"
"3,696",2006,Thank You For Smoking,"$40,016,662"
"3,697",2018,Show Dogs,"$40,014,998"
"3,698",2008,The Secret Life of Bees,"$39,994,347"
"3,699",2017,xiu chun dao II: xiu luo zhan chang,"$39,965,792"
"3,700",2024,Last Mile (ラストマイル),"$39,888,590"
"3,701",1980,Caddyshack,"$39,849,764"
"3,702",2005,Magnificent Desolation,"$39,846,896"
"3,703",2019,Dolor y gloria,"$39,837,366"
"3,704",2023,Sǎo Dú 3 Rén Zài Tiān Yá (扫毒3:人在天涯)…,"$39,794,789"
"3,705",2000,The Beach,"$39,778,599"
"3,706",2023,Kingdom 3: The Flame of Destiny (キングダ…,"$39,761,926"
"3,707",2019,Wei Da De Yuan Wang,"$39,757,804"
"3,708",2009,Cirque du Freak: The Vampire's Assistant,"$39,753,957"
"3,709",2007,Pokemon 2007: Diamond & Pearl,"$39,739,776"
"3,710",2017,Cheongnyeon Gyeongchal,"$39,737,402"
"3,711",2001,Memento,"$39,719,431"
"3,712",1988,Tequila Sunrise,"$39,703,427"
"3,713",2011,Monte Carlo,"$39,686,769"
"3,714",2004,Mar adentro,"$39,686,345"
"3,715",1991,Out for Justice,"$39,673,161"
"3,716",1982,Blade Runner,"$39,649,582"
"3,717",2006,Dhoom 2,"$39,643,586"
"3,718",2011,Mars Needs Moms,"$39,549,758"
"3,719",2021,King Richard,"$39,538,334"
"3,720",2018,T-34,"$39,526,616"
"3,721",2021,Spiral,"$39,519,588"
"3,722",2018,wanbyeokhan tain,"$39,504,707"
"3,723",2005,Dreamer: Inspired by a True Story,"$39,498,360"
"3,724",2011,Overheard 2,"$39,479,263"
"3,725",2021,Xiong Shi Shao Nian (雄狮少年),"$39,463,557"
"3,726",1994,Nobody's Fool,"$39,453,238"
"3,727",2015,Ocho apellidos catalanes,"$39,440,104"
"3,728",2001,Crocodile Dundee in Los Angeles,"$39,393,111"
"3,729",1990,Joe Versus the Volcano,"$39,381,963"
"3,730",2007,Becoming Jane,"$39,380,831"
"3,731",2012,One for the Money,"$39,377,700"
"3,732",2003,Whale Rider,"$39,374,600"
"3,733",2010,Furry Vengeance,"$39,340,177"
"3,734",1987,Blind Date,"$39,321,000"
"3,735",2008,Never Back Down,"$39,319,801"
"3,736",2008,Partners: The Movie,"$39,314,819"
"3,737",2019,Minha Mãe é uma Peça 3: O Filme,"$39,273,020"
"3,738",2016,The Last Princess,"$39,258,608"
"3,739",1999,Anna and the King,"$39,251,128"
"3,740",1986,Three Amigos,"$39,246,734"
"3,741",2002,National Lampoon’s Van Wilder,"$39,241,323"
"3,742",2012,Killing Them Softly,"$39,238,443"
"3,743",2021,Tokyo Revengers (東京リベンジャーズ)…,"$39,236,514"
"3,744",2000,The Legend of Bagger Vance,"$39,235,486"
"3,745",2010,Brooklyn's Finest,"$39,233,233"
"3,746",2014,Million Dollar Arm,"$39,217,912"
"3,747",2014,Happy New Year,"$39,209,848"
"3,748",2016,Minha Mãe é uma Peça 2: O Filme,"$39,195,564"
"3,749",2018,Overlord,"$39,178,189"
"3,750",2019,Underwater,"$39,177,495"
"3,751",1987,Roxanne,"$39,148,164"
"3,752",1993,What's Love Got to Do With It,"$39,147,078"
"3,753",2003,Winged Migration,"$39,134,983"
"3,754",2011,Don't Be Afraid of the Dark,"$39,126,427"
"3,755",2016,Sherlock: The Abominable Bride,"$39,111,922"
"3,756",1998,Primary Colors,"$39,017,984"
"3,757",2018,Dokjeon,"$39,013,100"
"3,758",1983,Yentl,"$39,012,241"
"3,759",2008,The Spirit,"$39,006,188"
"3,760",2011,The Eagle,"$38,993,548"
"3,761",2010,Agora,"$38,992,292"
"3,762",2016,Blair Witch,"$38,985,577"
"3,763",2014,3 Days to Kill,"$38,959,900"
"3,764",1986,Little Shop of Horrors,"$38,947,189"
"3,765",1968,Romeo and Juliet,"$38,907,647"
"3,766",1984,Red Dawn,"$38,900,000"
"3,767",2010,Tau ming chong,"$38,899,792"
"3,768",2007,Dnevnoy dozor,"$38,870,910"
"3,769",2023,My Big Fat Greek Wedding 3,"$38,861,673"
"3,770",1989,K-9,"$38,859,189"
"3,771",2013,Dragon Ball Z: Battle of Gods (ドラゴンボー…,"$38,848,780"
"3,772",2008,First Sunday,"$38,810,598"
"3,773",1989,"The Karate Kid, Part III","$38,793,278"
"3,774",2002,Clockstoppers,"$38,788,828"
"3,775",2018,On the Basis of Sex,"$38,780,888"
"3,776",2015,Criminal,"$38,771,262"
"3,777",2011,The Sitter,"$38,749,404"
"3,778",2024,Horizon: An American Saga Chapter 1,"$38,735,702"
"3,779",2011,Redi,"$38,734,626"
"3,780",2021,Nomadland,"$38,728,987"
"3,781",2014,The Gambler,"$38,718,031"
"3,782",1986,About Last Night...,"$38,702,310"
"3,783",2001,Someone Like You,"$38,684,906"
"3,784",2021,Jin Qian Di Guo Zhui: Hu Qin Long,"$38,611,941"
"3,785",1994,On Deadly Ground,"$38,590,458"
"3,786",2008,Admiral,"$38,585,047"
"3,787",2000,Urban Legends: Final Cut,"$38,574,362"
"3,788",2016,A Ga ssi,"$38,571,040"
"3,789",1996,The Ghost and the Darkness,"$38,564,422"
"3,790",2010,You Will Meet a Tall Dark Stranger,"$38,535,748"
"3,791",2009,The Soloist,"$38,522,450"
"3,792",2009,Halloween 2,"$38,512,850"
"3,793",2012,Ting Feng Zhe,"$38,503,726"
"3,794",1986,Running Scared,"$38,500,726"
"3,795",2001,What's the Worst That Could Happen?,"$38,462,071"
"3,796",2016,"Crouching Tiger, Hidden Dragon: Sword…","$38,452,981"
"3,797",1984,Bachelor Party,"$38,435,947"
"3,798",2018,Nada a Perder,"$38,399,842"
"3,799",2014,Bang Bang,"$38,381,138"
"3,800",2025,Black Bag,"$38,365,845"
"3,801",2006,Employee of the Month,"$38,364,855"
"3,802",2018,The Darkest Minds,"$38,361,428"
"3,803",2015,The Lazarus Effect,"$38,359,310"
"3,804",2005,Beauty Shop,"$38,351,350"
"3,805",1984,City Heat,"$38,348,988"
"3,806",2004,After the Sunset,"$38,329,114"
"3,807",2006,Accepted,"$38,314,803"
"3,808",2003,Head of State,"$38,283,765"
"3,809",2015,Ex Machina,"$38,261,299"
"3,810",2003,The Missing,"$38,253,433"
"3,811",1977,Annie Hall,"$38,252,270"
"3,812",2023,Love Life Light (照明商店),"$38,242,892"
"3,813",2000,The Original Kings of Comedy,"$38,236,338"
"3,814",2018,Thugs of Hindostan,"$38,228,725"
"3,815",1979,The In-Laws,"$38,200,000"
"3,816",1979,Starting Over,"$38,200,000"
"3,817",2024,Fly Me to the Moon,"$38,198,351"
"3,818",2018,Gongjak,"$38,191,961"
"3,819",1998,Quest for Camelot,"$38,172,500"
"3,820",2006,The Covenant,"$38,164,784"
"3,821",2006,Just My Luck,"$38,159,905"
"3,822",2011,Jumping the Broom,"$38,158,601"
"3,823",2011,La piel que habito,"$38,156,027"
"3,824",1987,The Running Man,"$38,122,000"
"3,825",1987,Spaceballs,"$38,119,483"
"3,826",2011,Carnage,"$38,112,154"
"3,827",2019,Overcomer,"$38,093,564"
"3,828",1994,Ri¢hie Ri¢h,"$38,087,756"
"3,829",2002,The Banger Sisters,"$38,067,218"
"3,830",2024,Viva La Vida (我们一起摇太阳),"$38,053,577"
"3,831",2011,Beastly,"$38,028,230"
"3,832",1995,Higher Learning,"$38,023,585"
"3,833",1987,Mannequin,"$38,018,000"
"3,834",2010,For Colored Girls,"$38,017,873"
"3,835",1991,Dead Again,"$38,016,380"
"3,836",2010,Bayside Shakedown 3: Set the Guys Loose,"$38,000,000"
"3,837",2021,Men Suo (门锁),"$38,000,000"
"3,838",1990,Postcards from the Edge,"$37,963,281"
"3,839",1996,Sgt. Bilko,"$37,956,589"
"3,840",2025,Volshebnik Izumrudnogo goroda (Волшеб…,"$37,938,360"
"3,841",2007,Happily N'Ever After,"$37,923,818"
"3,842",1988,The Dead Pool,"$37,903,000"
"3,843",2014,Suffragette,"$37,888,043"
"3,844",2016,Mission Milano,"$37,834,435"
"3,845",1996,Emma,"$37,831,658"
"3,846",1979,All That Jazz,"$37,823,676"
"3,847",1985,St. Elmo’s Fire,"$37,800,489"
"3,848",1979,The Black Stallion,"$37,799,643"
"3,849",1995,Mighty Morphin Power Rangers: The Movie,"$37,785,198"
"3,850",1994,It Could Happen To You,"$37,784,369"
"3,851",2015,The Priests,"$37,784,368"
"3,852",1995,Showgirls,"$37,750,754"
"3,853",2007,Om Shanti Om,"$37,743,074"
"3,854",2025,The Accountant 2,"$37,733,959"
"3,855",2006,The Wicker Man,"$37,721,827"
"3,856",1974,Murder on the Orient Express,"$37,708,137"
"3,857",1998,How Stella Got Her Groove Back,"$37,672,944"
"3,858",1969,True Grit,"$37,659,900"
"3,859",2002,Halloween: Resurrection,"$37,659,652"
"3,860",1997,Beverly Hills Ninja,"$37,639,029"
"3,861",1963,Tom Jones,"$37,600,000"
"3,862",1986,The Fly,"$37,587,024"
"3,863",2016,Hell or High Water,"$37,566,117"
"3,864",1991,Bill & Ted's Bogus Journey,"$37,540,012"
"3,865",2021,Nightmare Alley,"$37,537,773"
"3,866",2018,Pan Zi Xinh Dong Dui,"$37,516,290"
"3,867",1986,The Money Pit,"$37,499,651"
"3,868",1991,The Doctor,"$37,497,480"
"3,869",2009,The Boat That Rocked,"$37,472,651"
"3,870",2007,The Hills Have Eyes II,"$37,466,538"
"3,871",1968,Oliver!,"$37,402,877"
"3,872",1981,Time Bandits,"$37,400,000"
"3,873",2015,Mortdecai,"$37,360,909"
"3,874",2009,Gomorra,"$37,339,594"
"3,875",2020,Unhinged,"$37,339,104"
"3,876",1978,Revenge of the Pink Panther,"$37,337,746"
"3,877",2017,Home Again,"$37,336,874"
"3,878",2001,The Majestic,"$37,306,334"
"3,879",1998,Psycho,"$37,226,218"
"3,880",2003,What a Girl Wants,"$37,216,643"
"3,881",2022,Roald Dahl’s Matilda The Musical,"$37,208,078"
"3,882",1979,The Main Event,"$37,198,813"
"3,883",1977,Semi-Tough,"$37,187,139"
"3,884",2019,Bloodshot,"$37,163,054"
"3,885",1980,Brubaker,"$37,121,708"
"3,886",2015,A Walk in the Woods,"$37,119,358"
"3,887",2013,Broken City,"$37,114,977"
"3,888",2008,The Family That Preys,"$37,105,289"
"3,889",2003,Uptown Girls,"$37,095,657"
"3,890",2014,Women Who Flirt,"$37,094,116"
"3,891",2019,Fan Zui Xian Chang,"$37,092,694"
"3,892",2004,Jersey Girl,"$37,066,129"
"3,893",2005,The Fog,"$37,048,526"
"3,894",2018,Nan Ji Jue Lian,"$37,018,276"
"3,895",2014,Yi Sheng Yi Shi,"$37,007,558"
"3,896",1981,Cheech & Chong's Nice Dreams,"$37,000,000"
"3,897",2005,Gekijōban Poketto Monsutā Adobansu Je…,"$37,000,000"
"3,898",2017,Hostiles,"$36,976,336"
"3,899",2017,Gifted,"$36,964,656"
"3,900",2012,La vérité si je mens! 3,"$36,960,781"
"3,901",2018,Le Grand Bain,"$36,917,567"
"3,902",1999,The Bachelor,"$36,882,378"
"3,903",2008,Zack and Miri Make a Porno,"$36,856,306"
"3,904",1995,Just Cause,"$36,853,222"
"3,905",1999,My Favorite Martian,"$36,850,101"
"3,906",2012,Chimpanzee,"$36,834,823"
"3,907",2001,Kiss of the Dragon,"$36,833,473"
"3,908",1958,South Pacific,"$36,817,924"
"3,909",2017,The Adventurers,"$36,801,704"
"3,910",2012,Amour,"$36,787,044"
"3,911",2007,Natale in Crociera,"$36,773,534"
"3,912",2015,Burnt,"$36,766,293"
"3,913",2012,Barfi,"$36,751,984"
"3,914",2000,Titan A.E.,"$36,751,979"
"3,915",1989,"Sex, Lies, and Videotape","$36,741,667"
"3,916",1972,The Getaway,"$36,734,619"
"3,917",2015,Qian Ren 2：Bei Tai Fan Ji Zhan,"$36,723,790"
"3,918",2002,Eight Legged Freaks,"$36,722,311"
"3,919",2008,Disaster Movie,"$36,720,752"
"3,920",1982,The Sword and the Sorcerer,"$36,714,025"
"3,921",2025,Companion,"$36,709,101"
"3,922",1987,Superman IV: The Quest for Peace,"$36,700,000"
"3,923",1982,Friday the 13th Part 3,"$36,690,067"
"3,924",1996,The Adventures of Pinocchio,"$36,682,170"
"3,925",1996,Shine,"$36,675,932"
"3,926",1982,Best Friends,"$36,670,556"
"3,927",2023,Milsu (밀수),"$36,635,299"
"3,928",1986,Gung Ho,"$36,611,610"
"3,929",2021,Ai Qing Shen Hua (爱情神话),"$36,589,575"
"3,930",2016,Jackie,"$36,588,512"
"3,931",1981,"Tarzan, The Ape Man","$36,565,000"
"3,932",2007,Sicko,"$36,535,837"
"3,933",2004,Hotel Rwanda,"$36,520,451"
"3,934",1993,Carlito’s Way,"$36,516,012"
"3,935",1991,Soapdish,"$36,489,888"
"3,936",2021,Yi Nian Wei Dan Wei De Lian Ai (以年为单位…,"$36,480,000"
"3,937",1997,Vegas Vacation,"$36,470,465"
"3,938",1996,Fly Away Home,"$36,469,322"
"3,939",1995,"To Wong Foo Thanks for Everything, Ju…","$36,466,570"
"3,940",2020,The Father,"$36,427,155"
"3,941",2013,Sumbakokjil,"$36,412,217"
"3,942",1996,The Glimmer Man,"$36,404,841"
"3,943",2012,Haywire,"$36,374,700"
"3,944",2017,Raid Dingue,"$36,360,000"
"3,945",2015,Room,"$36,316,727"
"3,946",1992,Universal Soldier,"$36,299,898"
"3,947",1993,Alive,"$36,299,670"
"3,948",2024,The Bikeriders,"$36,287,490"
"3,949",2010,The Kids Are All Right,"$36,275,469"
"3,950",2011,A Very Harold & Kumar 3D Christmas,"$36,265,745"
"3,951",1996,Rumble in the Bronx,"$36,238,752"
"3,952",1985,Mad Max Beyond Thunderdome,"$36,230,294"
"3,953",1995,Across The Sea of Time,"$36,216,173"
"3,954",2005,Casanova,"$36,204,403"
"3,955",2016,Nobunaga Concerto: The Movie,"$36,187,592"
"3,956",2015,Arthur and the War of Two Worlds,"$36,180,824"
"3,957",1972,Last Tango in Paris,"$36,147,711"
"3,958",2014,Devil's Due,"$36,146,087"
"3,959",1976,Silent Movie,"$36,145,695"
"3,960",2009,Love Happens,"$36,133,014"
"3,961",2012,Always 3 Chome no yuhi '64 3,"$36,119,625"
"3,962",1984,Breakin',"$36,100,000"
"3,963",2019,Warriors of Honor,"$36,090,000"
"3,964",2014,A Most Wanted Man,"$36,068,890"
"3,965",1996,Set It Off,"$36,049,108"
"3,966",2005,Assault On Precinct 13,"$36,040,895"
"3,967",2008,Så som i himmelen,"$36,032,594"
"3,968",2004,Garden State,"$36,028,802"
"3,969",1953,The Robe,"$36,010,887"
"3,970",2021,Da Hong Bao,"$36,010,000"
"3,971",1952,The Greatest Show on Earth,"$36,000,000"
"3,972",1977,Pete’s Dragon,"$36,000,000"
"3,973",1967,The Born Losers,"$36,000,000"
"3,974",2005,Nana,"$36,000,000"
"3,975",2024,B for Busy (爱情神话),"$35,996,576"
"3,976",2023,Strays,"$35,983,009"
"3,977",2021,Posledniy bogatyr 3,"$35,927,669"
"3,978",2006,Miss Potter,"$35,891,257"
"3,979",1939,The Wizard of Oz,"$35,883,231"
"3,980",2006,Wu ji,"$35,869,934"
"3,981",1997,Selena,"$35,868,790"
"3,982",2009,Toy Story 3D Double Feature,"$35,868,069"
"3,983",1981,Taps,"$35,856,053"
"3,984",1979,The Black Hole,"$35,841,901"
"3,985",2017,Kimi no Suizo wo Tabetai,"$35,840,900"
"3,986",2012,Arbitrage,"$35,830,713"
"3,987",2000,My Dog Skip,"$35,795,319"
"3,988",2010,Faster,"$35,792,945"
"3,989",2019,The Confidenceman JP -Episode of the …,"$35,762,324"
"3,990",2021,Respect,"$35,752,851"
"3,991",2024,Cesium Fallout (焚城),"$35,735,308"
"3,992",1979,The China Syndrome,"$35,708,161"
"3,993",1993,Robin Hood: Men in Tights,"$35,699,847"
"3,994",1991,Other People's Money,"$35,682,000"
"3,995",1997,Father’s Day,"$35,681,080"
"3,996",2011,Courageous,"$35,680,886"
"3,997",2021,Antlers,"$35,680,402"
"3,998",2016,Absolutely Fabulous: The Movie,"$35,672,155"
"3,999",1995,The Indian in the Cupboard,"$35,627,222"
"4,000",1983,Silkwood,"$35,615,609"
"4,001",2017,Diary of a Wimpy Kid: The Long Haul,"$35,609,577"
"4,002",2012,Tyler Perry's Good Deeds,"$35,579,177"
"4,003",2015,Steve Jobs,"$35,579,007"
"4,004",2024,Ainda Estou Aqui,"$35,519,123"
"4,005",1987,No Way Out,"$35,509,515"
"4,006",2009,Crank 2: High Voltage,"$35,472,739"
"4,007",2003,Down with Love,"$35,456,949"
"4,008",2012,Alex Cross,"$35,426,759"
"4,009",2024,Mobile Suit Gundam SEED Freedom (機動戦士…,"$35,418,211"
"4,010",2006,Basic Instinct 2,"$35,417,162"
"4,011",2016,Eye in the Sky,"$35,402,802"
"4,012",2014,The Water Diviner,"$35,400,117"
"4,013",1977,The Gauntlet,"$35,400,000"
"4,014",1989,The `Burbs,"$35,382,246"
"4,015",2015,Snowden,"$35,380,918"
"4,016",1995,A Goofy Movie,"$35,336,439"
"4,017",2017,Namiya,"$35,327,718"
"4,018",1999,EDtv,"$35,319,689"
"4,019",2024,Monkey Man,"$35,271,631"
"4,020",1984,All of Me,"$35,243,581"
"4,021",2016,Les Tuche 2 - Le rêve américain,"$35,210,425"
"4,022",1992,Honeymoon in Vegas,"$35,208,854"
"4,023",2004,Alfie,"$35,195,939"
"4,024",1990,Mermaids,"$35,140,500"
"4,025",2000,The Adventures of Rocky & Bullwinkle,"$35,129,610"
"4,026",2011,Die Welle,"$35,122,948"
"4,027",1987,Summer School,"$35,114,428"
"4,028",1993,Dragon: The Bruce Lee Story,"$35,112,679"
"4,029",2009,Whatever Works,"$35,106,706"
"4,030",2017,Destiny: Kamakura Monogatari,"$35,099,354"
"4,031",2020,Ban-do,"$35,091,523"
"4,032",1985,Commando,"$35,078,913"
"4,033",2007,The Darjeeling Limited,"$35,077,571"
"4,034",2018,The Hate U Give,"$35,067,665"
"4,035",2011,Shaolin,"$35,066,099"
"4,036",2017,Xin Li Zui Zhi Cheng Shi Zhi Guang,"$35,045,171"
"4,037",2000,The Skulls,"$35,007,180"
"4,038",1978,Midnight Express,"$35,000,134"
"4,039",1988,Red Heat,"$34,994,648"
"4,040",2018,The Girl in the Spider’s Web,"$34,983,342"
"4,041",1982,Richard Pryor Live on the Sunset Strip,"$34,970,309"
"4,042",2010,Camping 2,"$34,959,667"
"4,043",2020,Namsaneui Bujangdeul,"$34,956,967"
"4,044",2010,L'arnacouer,"$34,936,771"
"4,045",1966,The Bible,"$34,903,530"
"4,046",1984,Places in the Heart,"$34,900,814"
"4,047",2021,Malignant,"$34,891,791"
"4,048",1996,A Thin Line Between Love & Hate,"$34,873,513"
"4,049",1991,Freddy’s Dead: The Final Nightmare,"$34,872,033"
"4,050",2025,Wolf Man,"$34,861,127"
"4,051",2017,Kidnap,"$34,836,080"
"4,052",2014,The November Man,"$34,820,335"
"4,053",2004,The Life Aquatic with Steve Zissou,"$34,806,726"
"4,054",2008,My Best Friend's Girl,"$34,787,111"
"4,055",1991,White Fang,"$34,729,091"
"4,056",2014,Endless Love,"$34,718,173"
"4,057",2012,Sammy's avonturen 2,"$34,715,056"
"4,058",1988,Dangerous Liaisons,"$34,700,000"
"4,059",1970,Woodstock,"$34,699,266"
"4,060",2017,Gekijouban Poketto monsutâ: Kimi ni k…,"$34,695,344"
"4,061",2021,Snake Eyes: G.I. Joe Origins,"$34,677,221"
"4,062",1975,The Other Side of the Mountain,"$34,673,100"
"4,063",1997,Addicted To Love,"$34,673,095"
"4,064",1995,Nixon,"$34,668,249"
"4,065",1998,Jack Frost,"$34,645,374"
"4,066",2005,Brice de Nice,"$34,631,405"
"4,067",1984,The Killing Fields,"$34,609,720"
"4,068",1988,Mississippi Burning,"$34,603,000"
"4,069",1996,Everyone Says I Love You,"$34,600,000"
"4,070",1999,The Best Man,"$34,572,780"
"4,071",2008,Twentieth Century Boys,"$34,571,688"
"4,072",1966,Hawaii,"$34,562,222"
"4,073",1996,That Thing You Do!,"$34,557,416"
"4,074",2019,Bongodong Jeontoo,"$34,518,596"
"4,075",2018,Race 3,"$34,517,470"
"4,076",2009,(500) Days of Summer,"$34,515,303"
"4,077",2015,Les nouvelles aventures d'Aladin,"$34,510,866"
"4,078",2008,In Bruges,"$34,509,748"
"4,079",2003,Malibu’s Most Wanted,"$34,499,204"
"4,080",2008,Last Chance Harvey,"$34,487,202"
"4,081",1991,The Doors,"$34,484,565"
"4,082",2007,Breach,"$34,458,779"
"4,083",2012,Zambezia,"$34,454,336"
"4,084",2022,Duan . Qiao (断·桥),"$34,450,000"
"4,085",1995,The Usual Suspects,"$34,449,356"
"4,086",2011,"Na xie nian, wo men yi qi zhui de nv hai","$34,441,212"
"4,087",2015,Shi gu,"$34,432,439"
"4,088",2012,Ta-weo,"$34,411,903"
"4,089",2004,Darkness,"$34,409,206"
"4,090",2015,Doraemon: Nobita and the Space Heroes,"$34,395,038"
"4,091",1987,Like Father Like Son,"$34,377,585"
"4,092",2012,Rowdy Rathore,"$34,364,818"
"4,093",2007,Gone Baby Gone,"$34,359,030"
"4,094",2009,The Box,"$34,356,760"
"4,095",1967,Thoroughly Modern Millie,"$34,335,025"
"4,096",1984,The Gods Must Be Crazy,"$34,331,783"
"4,097",1996,Muppet Treasure Island,"$34,327,391"
"4,098",1980,Little Darlings,"$34,326,249"
"4,099",2019,Nappeun Nyeoseokdeul: Deo Moobi,"$34,307,303"
"4,100",2018,Mia et le lion blanc,"$34,299,855"
"4,101",1975,Tommy,"$34,274,478"
"4,102",2000,American Psycho,"$34,270,285"
"4,103",2015,Viy,"$34,246,770"
"4,104",2011,My Week with Marilyn,"$34,240,572"
"4,105",1995,Wings of Courage,"$34,240,094"
"4,106",1981,Excalibur,"$34,200,000"
"4,107",1996,Sling Blade,"$34,175,000"
"4,108",2015,Tanu Weds Manu Returns,"$34,171,732"
"4,109",1990,Child's Play 2,"$34,166,572"
"4,110",2012,Cirque du Soleil: Worlds Away,"$34,153,101"
"4,111",2011,Potiche,"$34,152,587"
"4,112",2009,Entre les murs,"$34,114,067"
"4,113",1999,Instinct,"$34,105,207"
"4,114",2014,"My Love, Don't Cross That River","$34,100,278"
"4,115",1997,The Edge,"$34,099,255"
"4,116",2023,Don’t Call It Mystery: The Movie (ミステ…,"$34,090,080"
"4,117",1996,The Truth About Cats & Dogs,"$34,084,531"
"4,118",2002,Swimfan,"$34,084,228"
"4,119",2022,The Bob’s Burgers Movie,"$34,074,480"
"4,120",2013,Metegol,"$34,061,097"
"4,121",2023,Noryang: Deadly Sea (노량-죽음의 바다)…,"$34,057,896"
"4,122",2011,Don 2,"$34,053,090"
"4,123",2004,Flight of the Phoenix,"$34,009,180"
"4,124",1985,Day of the Dead,"$34,004,262"
"4,125",2006,Bambi II,"$34,000,000"
"4,126",2011,Jane Eyre,"$33,983,855"
"4,127",1997,The Relic,"$33,956,608"
"4,128",2008,Ne le dis à personne,"$33,954,018"
"4,129",2012,Lockout,"$33,943,049"
"4,130",2006,Nochnoy dozor,"$33,913,542"
"4,131",2008,Nick and Norah's Infinite Playlist,"$33,886,017"
"4,132",2021,Mi Mi Fang Ke,"$33,881,087"
"4,133",2019,The Good Liar,"$33,856,058"
"4,134",2022,Detective Conan: The Bride of Halloween,"$33,852,685"
"4,135",1976,The Pink Panther Strikes Again,"$33,833,201"
"4,136",2007,Monkey Magic,"$33,824,181"
"4,137",1987,Adventures in Babysitting,"$33,790,923"
"4,138",2023,So Long for Love (再见，李可乐),"$33,786,675"
"4,139",2019,The Art of Racing in the Rain,"$33,773,963"
"4,140",2000,Dungeons and Dragons,"$33,771,965"
"4,141",2024,Bremenskiye muzykanty (Бременские муз…,"$33,765,416"
"4,142",2001,Jay and Silent Bob Strike Back,"$33,762,400"
"4,143",1983,Porky's II: The Next Day,"$33,759,266"
"4,144",2007,Always zoku san-chôme no yûhi,"$33,755,260"
"4,145",1966,Who's Afraid of Virginia Wolf?,"$33,736,689"
"4,146",2012,Agneepath,"$33,724,533"
"4,147",2022,The Invitation,"$33,689,288"
"4,148",2015,Self/Less,"$33,667,319"
"4,149",2002,Y Tu Mamá También,"$33,649,881"
"4,150",2024,Stand By Me (野孩子),"$33,647,464"
"4,151",1991,Curly Sue,"$33,644,430"
"4,152",2024,Lahn mah,"$33,621,245"
"4,153",2020,Daman Akeseo Guhasoseo,"$33,606,785"
"4,154",2007,Hostel: Part II,"$33,606,409"
"4,155",1977,The Turning Point,"$33,600,000"
"4,156",1994,Nell,"$33,592,700"
"4,157",2013,Gamshijadeul,"$33,551,732"
"4,158",2025,Novocaine,"$33,545,800"
"4,159",2002,Friday After Next,"$33,526,835"
"4,160",2014,Magic in the Moonlight,"$33,518,508"
"4,161",1991,King Ralph,"$33,512,735"
"4,162",2008,"Run, Fatboy, Run","$33,512,260"
"4,163",2005,Because of Winn-Dixie,"$33,508,485"
"4,164",2005,The Bad News Bears,"$33,500,620"
"4,165",2008,Fireproof,"$33,473,297"
"4,166",2024,The Watchers,"$33,464,028"
"4,167",2000,Red Planet,"$33,463,969"
"4,168",1999,Mystery Men,"$33,462,011"
"4,169",1996,The Long Kiss Goodnight,"$33,447,612"
"4,170",2002,The Crocodile Hunter: Collision Course,"$33,436,931"
"4,171",2001,Black Knight,"$33,422,806"
"4,172",2000,Wonder Boys,"$33,422,485"
"4,173",2024,Devara Part 1,"$33,398,822"
"4,174",1968,Rosemary's Baby,"$33,397,492"
"4,175",2021,Posledniy bogatyr. Koren’ Zla,"$33,396,899"
"4,176",2012,2016: Obama’s America,"$33,349,941"
"4,177",2015,Chek dou,"$33,349,429"
"4,178",2014,Get on Up,"$33,339,868"
"4,179",1957,The Bridge on the River Kwai,"$33,321,917"
"4,180",1981,Absence of Malice,"$33,312,129"
"4,181",1979,...And Justice For All,"$33,300,000"
"4,182",2017,Sleepless,"$33,296,659"
"4,183",1987,The Lost Boys,"$33,283,628"
"4,184",2017,Gangcheolbi,"$33,276,122"
"4,185",1989,Fletch Lives,"$33,266,859"
"4,186",2018,The Hurricane Heist,"$33,222,314"
"4,187",2024,Harbin (하얼빈),"$33,215,831"
"4,188",1969,"Hello, Dolly","$33,208,213"
"4,189",1985,Silverado,"$33,200,000"
"4,190",1995,Forget Paris,"$33,194,512"
"4,191",2019,BrightBurn,"$33,183,640"
"4,192",2022,Wai tai kong de mo zha te,"$33,179,636"
"4,193",2016,Pandora,"$33,149,995"
"4,194",2004,Confessions of a Teenage Drama Queen,"$33,118,854"
"4,195",1999,October Sky,"$33,109,865"
"4,196",1996,Matilda,"$33,098,222"
"4,197",1985,Teen Wolf,"$33,086,611"
"4,198",2002,Hart's War,"$33,076,815"
"4,199",2012,The Perks of Being a Wallflower,"$33,069,303"
"4,200",2012,Seven Psychopaths,"$33,035,736"
"4,201",2007,Mr. Woodcock,"$33,035,245"
"4,202",2002,Confessions of a Dangerous Mind,"$33,013,805"
"4,203",2012,Salmon Fishing in the Yemen,"$33,008,656"
"4,204",1985,The Last Dragon,"$33,000,750"
"4,205",2000,Dracula 2000,"$33,000,377"
"4,206",1977,Heroes,"$33,000,000"
"4,207",1981,Endless Love,"$33,000,000"
"4,208",2017,Tadeo Jones 2: El Secreto del Rey Midas,"$32,987,181"
"4,209",1981,Sharky's Machine,"$32,984,898"
"4,210",1998,Mercury Rising,"$32,983,332"
"4,211",1984,Friday the 13th Part IV: The Final Ch…,"$32,981,717"
"4,212",2024,Rob n Roll (临时劫案),"$32,972,054"
"4,213",2007,Awake,"$32,968,648"
"4,214",2008,88 Minutes,"$32,955,399"
"4,215",2005,The Producers: The Movie Musical,"$32,952,995"
"4,216",1987,*batteries not included,"$32,945,797"
"4,217",2013,Inside Llewyn Davis,"$32,943,247"
"4,218",1990,Darkman,"$32,942,739"
"4,219",2024,Borderlands,"$32,938,296"
"4,220",1990,Air America,"$32,914,515"
"4,221",2015,Project Almanac,"$32,909,437"
"4,222",2021,Licorice Pizza,"$32,903,549"
"4,223",1992,Candyman,"$32,895,625"
"4,224",2022,Triangle of Sadness,"$32,890,983"
"4,225",2020,Feng sheng,"$32,887,948"
"4,226",2024,A Strange House (変な家),"$32,875,113"
"4,227",2001,Haunted Castle,"$32,863,526"
"4,228",2011,Gantz: Perfect Answer,"$32,855,277"
"4,229",2022,Píng Fán Yīng Xióng (平凡英雄),"$32,850,000"
"4,230",2010,You Again,"$32,838,945"
"4,231",2009,Fighting,"$32,831,707"
"4,232",2019,Anna,"$32,825,217"
"4,233",2025,Heart Eyes,"$32,815,532"
"4,234",2008,Za majikku awâ,"$32,813,807"
"4,235",2019,Tonde Saitama,"$32,802,348"
"4,236",1954,White Christmas,"$32,801,306"
"4,237",1993,The Joy Luck Club,"$32,790,064"
"4,238",2023,One Life,"$32,737,491"
"4,239",2003,Luther,"$32,717,063"
"4,240",2009,The Invention of Lying,"$32,714,818"
"4,241",1996,Homeward Bound II: Lost in San Francisco,"$32,709,423"
"4,242",2012,Katy Perry: Part of Me,"$32,700,439"
"4,243",2022,heonteu (헌트),"$32,687,164"
"4,244",2000,Return to Me,"$32,662,299"
"4,245",1978,Coming Home,"$32,653,142"
"4,246",1995,Tommy Boy,"$32,648,673"
"4,247",1988,The Accidental Tourist,"$32,632,000"
"4,248",2019,UglyDolls,"$32,630,599"
"4,249",2010,Leap Year,"$32,618,920"
"4,250",2020,Honest Thief,"$32,609,631"
"4,251",2015,Secret in Their Eyes,"$32,608,019"
"4,252",2022,BTS Permission to Dance on Stage Seou…,"$32,600,000"
"4,253",1968,Planet of the Apes,"$32,593,134"
"4,254",2018,Nobody’s Fool,"$32,589,493"
"4,255",2012,Bait 3D,"$32,588,670"
"4,256",2006,Kabhi Alvida Naa Kehna,"$32,575,443"
"4,257",1987,Harry and the Hendersons,"$32,560,613"
"4,258",2002,Adaptation,"$32,531,756"
"4,259",2007,Alpha Dog,"$32,514,319"
"4,260",1976,Murder by Death,"$32,511,047"
"4,261",2012,Fetih 1453,"$32,481,209"
"4,262",2011,Wan-deuk-i,"$32,466,461"
"4,263",2015,Ba Ba Qu Na Er 2,"$32,460,000"
"4,264",2017,Jing Cheng 81 Hao 2,"$32,449,600"
"4,265",2005,Wild Safari 3D,"$32,446,750"
"4,266",2006,Krrish,"$32,430,721"
"4,267",1993,The Sandlot,"$32,416,586"
"4,268",2016,Nocturnal Animals,"$32,398,681"
"4,269",1999,Being John Malkovich,"$32,382,381"
"4,270",2023,Tiger 3,"$32,339,091"
"4,271",1978,The End,"$32,334,477"
"4,272",2017,Raees,"$32,334,477"
"4,273",2019,Kioku ni Gozaimasen,"$32,333,512"
"4,274",1996,Black Sheep,"$32,330,354"
"4,275",2013,Kevin Hart: Let Me Explain,"$32,327,255"
"4,276",1986,Nothing in Common,"$32,324,000"
"4,277",2008,Pride and Glory,"$32,262,866"
"4,278",2013,Deo Tereo Raibeu,"$32,230,953"
"4,279",2019,Da Yue Zai Dong Ji,"$32,227,828"
"4,280",2013,Justin Bieber’s Believe,"$32,226,781"
"4,281",2009,Dance Flick,"$32,224,624"
"4,282",1996,Kingpin,"$32,223,424"
"4,283",2024,Arthur the King,"$32,213,584"
"4,284",2007,Amazing Grace,"$32,183,710"
"4,285",1960,Psycho,"$32,183,407"
"4,286",2023,TOKYO MER: Mobile Emergency Room: THE…,"$32,145,898"
"4,287",2018,The Strangers: Prey at Night,"$32,144,262"
"4,288",2011,Bai she chuan shuo,"$32,142,621"
"4,289",1992,The Lawnmower Man,"$32,100,816"
"4,290",2001,The Piano Teacher,"$32,078,517"
"4,291",1988,The Accused,"$32,078,318"
"4,292",2016,A Silent Voice (映画 聲の形),"$32,063,647"
"4,293",1971,Summer of '42,"$32,063,634"
"4,294",2013,Man Tam,"$32,061,558"
"4,295",2003,Cidade de Deus,"$32,059,295"
"4,296",2010,Golmaal 3,"$32,056,809"
"4,297",1973,Robin Hood,"$32,056,467"
"4,298",1995,Copycat,"$32,051,917"
"4,299",2007,Sunshine,"$32,030,610"
"4,300",1993,The Age of Innocence,"$32,021,688"
"4,301",1997,Metro,"$32,017,895"
"4,302",2019,Liang Zhi Lao Hu,"$32,007,253"
"4,303",1983,Psycho II,"$32,000,000"
"4,304",2018,Super Troopers 2,"$31,966,740"
"4,305",2016,Bounty Hunters,"$31,956,249"
"4,306",2009,Jennifer's Body,"$31,943,401"
"4,307",2018,Der Junge muss an die frische Luft,"$31,920,181"
"4,308",1975,The Apple Dumpling Gang,"$31,916,500"
"4,309",2023,Bore (怒潮),"$31,910,932"
"4,310",1980,Dressed to Kill,"$31,899,000"
"4,311",1969,Bob & Carol & Ted & Alice,"$31,897,253"
"4,312",2009,The Young Victoria,"$31,878,891"
"4,313",1986,Children of a Lesser God,"$31,853,080"
"4,314",2007,The Seeker: The Dark is Rising,"$31,852,619"
"4,315",1994,The Shadow,"$31,835,600"
"4,316",2015,Wo shi zheng ren,"$31,834,305"
"4,317",1999,Lake Placid,"$31,770,413"
"4,318",1974,Herbie Rides Again,"$31,765,098"
"4,319",1991,Jungle Fever,"$31,739,045"
"4,320",1992,The Muppet Christmas Carol,"$31,724,550"
"4,321",2023,Long Ma Jing Shen (龙马精神),"$31,722,744"
"4,322",1998,Mr. Nice Guy,"$31,716,953"
"4,323",1999,The Iron Giant,"$31,709,604"
"4,324",2016,Os Dez Mandamentos: O Filme,"$31,689,514"
"4,325",2002,Pinocchio,"$31,681,811"
"4,326",1997,For Richer or Poorer,"$31,680,796"
"4,327",1969,Paint Your Wagon,"$31,678,778"
"4,328",1981,History of the World: Part I,"$31,672,000"
"4,329",2005,Rent,"$31,670,620"
"4,330",1993,Hard Target,"$31,636,358"
"4,331",2004,The Girl Next Door,"$31,635,150"
"4,332",2008,"Che, Part 1: The Argentine","$31,627,370"
"4,333",1987,Can’t Buy Me Love,"$31,623,833"
"4,334",2007,Daddy's Little Girls,"$31,609,243"
"4,335",2017,Le Sens de la Fête,"$31,604,961"
"4,336",2014,Singham Returns,"$31,599,791"
"4,337",2017,Gekijo-ban Sword Art Online: Ordinal …,"$31,568,925"
"4,338",1974,Benji,"$31,559,560"
"4,339",1970,Little Big Man,"$31,559,552"
"4,340",2018,Baaghi 2,"$31,557,320"
"4,341",2013,Mud,"$31,556,959"
"4,342",2019,The Queen's Corgi,"$31,550,316"
"4,343",2012,Benvenuti al nord,"$31,546,647"
"4,344",2006,Lage Raho Munna Bhai,"$31,517,561"
"4,345",2009,Yomei Ikkagetsu no Hanayome,"$31,510,715"
"4,346",2017,The Son of Bigfoot,"$31,488,505"
"4,347",2012,Three Heroes on Distant Shores,"$31,476,575"
"4,348",2012,Housefull 2,"$31,465,570"
"4,349",2008,LOL (Laughing Out Loud),"$31,451,622"
"4,350",2012,Premium Rush,"$31,393,201"
"4,351",1995,Rob Roy,"$31,390,587"
"4,352",2016,Ansatsu kyôshitsu: sotsugyô hen,"$31,383,049"
"4,353",1996,Eddie,"$31,369,401"
"4,354",2014,Mrs Brown's Boys D'Movie,"$31,344,256"
"4,355",1999,An Ideal Husband,"$31,341,183"
"4,356",2000,Lost Souls,"$31,320,293"
"4,357",2007,Sky of Love,"$31,311,079"
"4,358",1997,Picture Perfect,"$31,301,775"
"4,359",2004,Johnson Family Vacation,"$31,286,759"
"4,360",1997,Thrill Ride: The Science of Fun,"$31,279,211"
"4,361",2010,Robot,"$31,267,492"
"4,362",1981,Bustin' Loose,"$31,261,000"
"4,363",2022,Mrs. Harris Goes to Paris,"$31,259,184"
"4,364",1993,Cop and ½,"$31,226,971"
"4,365",2001,How High,"$31,222,395"
"4,366",1981,The Great Muppet Caper,"$31,206,251"
"4,367",2017,The House,"$31,192,425"
"4,368",2019,Shou Yi Ren,"$31,188,559"
"4,369",2017,The Bye Bye Man,"$31,187,727"
"4,370",1993,The Secret Garden,"$31,181,000"
"4,371",2018,Bad Times at the El Royale,"$31,178,942"
"4,372",2017,Perfectos Desconocidos,"$31,166,312"
"4,373",2012,Movie 43,"$31,164,747"
"4,374",1993,A Perfect World,"$31,160,784"
"4,375",2012,Joyful Noise,"$31,157,914"
"4,376",2013,Spring Breakers,"$31,149,251"
"4,377",2015,Victor Frankenstein,"$31,124,367"
"4,378",1965,Those Magnificent Men In Their Flying...,"$31,111,111"
"4,379",1967,Camelot,"$31,102,578"
"4,380",2013,Les Profs,"$31,090,977"
"4,381",2019,Nan Fang Che Zhan De Ju Hui,"$31,087,341"
"4,382",1971,A Clockwork Orange,"$31,079,470"
"4,383",2007,Love in the Time of Cholera,"$31,077,418"
"4,384",1997,Grosse Pointe Blank,"$31,070,412"
"4,385",1977,High Anxiety,"$31,063,038"
"4,386",1987,The Princess Bride,"$31,046,220"
"4,387",2008,Igor,"$31,013,349"
"4,388",2011,Ready,"$31,009,244"
"4,389",2017,This Is Not What I Expected,"$30,996,614"
"4,390",2001,Joe Dirt,"$30,987,695"
"4,391",2023,Priscilla,"$30,977,065"
"4,392",2006,Ultraviolet,"$30,962,112"
"4,393",1973,Paper Moon,"$30,933,991"
"4,394",2011,"Vysotsky. Spasibo, Chto Zhivoi","$30,896,024"
"4,395",2008,Be Kind Rewind,"$30,894,247"
"4,396",2001,Hearts in Atlantis,"$30,885,781"
"4,397",2004,Zatoichi,"$30,874,550"
"4,398",2016,Masterminds,"$30,850,666"
"4,399",1970,Ryan's Daughter,"$30,846,716"
"4,400",2021,The Little Things,"$30,842,746"
"4,401",1995,Powder,"$30,833,914"
"4,402",2025,Finist. Pervyy bogatyr (Финист: Первы…,"$30,831,827"
"4,403",2007,Pathfinder,"$30,822,861"
"4,404",2017,Happy Family,"$30,809,023"
"4,405",2018,Gintama 2: Okite wa Yaburu tame ni ko…,"$30,798,089"
"4,406",2021,The Unholy,"$30,792,024"
"4,407",2016,When the Bough Breaks,"$30,768,449"
"4,408",1985,Murphy's Romance,"$30,762,621"
"4,409",2015,Heidi,"$30,734,000"
"4,410",2017,Posledniy bogatyr,"$30,723,013"
"4,411",2007,Nancy Drew,"$30,703,845"
"4,412",2017,Contratiempo,"$30,694,802"
"4,413",1997,Home Alone III,"$30,692,437"
"4,414",1982,Young Doctors in Love,"$30,688,860"
"4,415",2024,Pilot (파일럿),"$30,681,091"
"4,416",1999,Superstar,"$30,628,981"
"4,417",1999,Virus,"$30,626,690"
"4,418",1994,Major League II,"$30,626,182"
"4,419",2012,The Raven,"$30,601,801"
"4,420",2003,The Fighting Temptations,"$30,597,073"
"4,421",1996,Flipper,"$30,593,313"
"4,422",1994,Blank Check,"$30,573,770"
"4,423",2006,Tazza: The High Rollers,"$30,536,600"
"4,424",2016,Norm of the North,"$30,535,660"
"4,425",1992,Sleepwalkers,"$30,524,763"
"4,426",1953,From Here to Eternity,"$30,500,000"
"4,427",2009,Chi Bi Juezhan Tianxia,"$30,500,000"
"4,428",2005,2 For the Money,"$30,491,379"
"4,429",2016,S Storm,"$30,463,603"
"4,430",2018,Hichki,"$30,444,106"
"4,431",2006,An American Haunting,"$30,443,277"
"4,432",1979,The Champ,"$30,441,738"
"4,433",2000,East is East,"$30,438,635"
"4,434",2018,Mirai no Mirai,"$30,430,147"
"4,435",2009,Jonas Brothers: The 3D Concert Experi…,"$30,428,831"
"4,436",2006,Stick It,"$30,399,714"
"4,437",2013,A Wedding Invitation,"$30,364,350"
"4,438",2009,A Serious Man,"$30,360,570"
"4,439",2019,Pinocchio,"$30,360,375"
"4,440",2024,The Last Dance (破。地獄),"$30,356,489"
"4,441",2018,Meng Chong Guo Jiang,"$30,355,804"
"4,442",2003,Cabin Fever,"$30,351,664"
"4,443",2023,Huí Láng Tíng (回廊亭),"$30,350,000"
"4,444",1998,A Night at the Roxbury,"$30,331,165"
"4,445",2002,Dragonfly,"$30,317,425"
"4,446",2002,Queen of the Damned,"$30,307,804"
"4,447",2013,Say Yes,"$30,300,000"
"4,448",2004,Silmido,"$30,298,347"
"4,449",2015,American Ultra,"$30,295,028"
"4,450",2007,The Great Debaters,"$30,261,293"
"4,451",2015,Mr. Holmes,"$30,247,787"
"4,452",2006,Pulse,"$30,241,435"
"4,453",2016,Billy Lynn’s Long Halftime Walk,"$30,230,402"
"4,454",1989,Weekend at Bernie's,"$30,218,387"
"4,455",1982,The World According to Garp,"$30,207,324"
"4,456",1956,Giant,"$30,194,409"
"4,457",1979,Being There,"$30,177,606"
"4,458",2011,What's Your Number?,"$30,163,785"
"4,459",1998,Jane Austen's Mafia,"$30,143,795"
"4,460",2014,When the Game Stands Tall,"$30,138,912"
"4,461",1994,Blown Away,"$30,133,002"
"4,462",2004,The Prince & Me,"$30,089,110"
"4,463",1968,Night of the Living Dead,"$30,087,064"
"4,464",2021,The Last Duel,"$30,080,003"
"4,465",1995,Free Willy 2: The Adventure Home,"$30,077,111"
"4,466",1989,Road House,"$30,050,028"
"4,467",2008,The Chaser,"$30,049,670"
"4,468",1993,Point of No Return,"$30,038,362"
"4,469",1951,Quo Vadis?,"$30,029,100"
"4,470",1966,The Sand Pebbles,"$30,017,647"
"4,471",2019,Boku no Hīrō Akademia The Movie Hīrōz…,"$30,017,163"
"4,472",2022,Tadeo Jones 3: la maldición de la momia,"$30,008,278"
"4,473",1974,Freebie and the Bean,"$30,000,000"
"4,474",1977,Airport '77,"$30,000,000"
"4,475",1979,Chapter Two,"$30,000,000"
"4,476",1975,Rollerball,"$30,000,000"
"4,477",2008,Ghost Town,"$29,958,228"
"4,478",2017,Ni Shi Ying Jiu,"$29,945,246"
"4,479",2004,Laws of Attraction,"$29,939,591"
"4,480",2009,New in Town,"$29,937,909"
"4,481",2000,Small Time Crooks,"$29,934,477"
"4,482",2013,Kokowaah 2,"$29,924,653"
"4,483",1981,Neighbors,"$29,916,207"
"4,484",2018,Kler,"$29,913,342"
"4,485",2004,Shaun of the Dead,"$29,911,269"
"4,486",2016,Perfetti sconosciuti,"$29,904,680"
"4,487",1979,Going in Style,"$29,900,000"
"4,488",2006,7 Zwerge - Der Wald Ist Nicht Genug,"$29,900,000"
"4,489",2013,Mandela: Long Walk to Freedom,"$29,890,402"
"4,490",2002,The Four Feathers,"$29,882,645"
"4,491",2009,Shorts,"$29,870,801"
"4,492",2010,The Losers,"$29,863,840"
"4,493",1998,Madeline,"$29,858,048"
"4,494",2021,Mogadisyu,"$29,848,779"
"4,495",2014,Draft Day,"$29,847,480"
"4,496",2009,St. Trinian’s,"$29,830,239"
"4,497",2001,Double Take,"$29,823,162"
"4,498",1989,Lean on Me,"$29,823,140"
"4,499",1990,Green Card,"$29,804,169"
"4,500",2001,Riding in Cars with Boys,"$29,781,453"
"4,501",2019,Gekijô-ban poketto monsutâ - Myûtsû n…,"$29,753,435"
"4,502",2000,Battlefield Earth: A Saga of the Year…,"$29,725,663"
"4,503",2017,The Swindlers,"$29,721,934"
"4,504",2015,Far from the Madding Crowd,"$29,721,410"
"4,505",2024,The Forge,"$29,694,872"
"4,506",2009,An Education,"$29,652,736"
"4,507",1961,The Parent Trap,"$29,650,385"
"4,508",2019,Stuber,"$29,634,023"
"4,509",2006,Taepung,"$29,592,720"
"4,510",2007,Una Moglie Bellissima,"$29,589,994"
"4,511",2014,Winter’s Tale,"$29,575,033"
"4,512",2012,Si da ming bu,"$29,567,632"
"4,513",1989,L'Ours,"$29,564,471"
"4,514",1970,Tora! Tora! Tora!,"$29,548,291"
"4,515",2001,Angel Eyes,"$29,544,532"
"4,516",1983,Twilight Zone: The Movie,"$29,500,000"
"4,517",2013,La grande bellezza,"$29,484,256"
"4,518",2013,Race 2,"$29,476,034"
"4,519",2024,Reagan,"$29,442,089"
"4,520",2023,Til We Meet Again on the Lily Hil (あの…,"$29,438,465"
"4,521",2018,Amsusalin,"$29,433,930"
"4,522",1995,Major Payne,"$29,412,050"
"4,523",2018,Lyod,"$29,409,365"
"4,524",2017,Namhansanseong,"$29,408,799"
"4,525",2001,The Pledge,"$29,406,132"
"4,526",2022,Amsterdam,"$29,400,826"
"4,527",1983,The Evil Dead,"$29,400,000"
"4,528",2008,Doraemon: Nobita to Midori no kyojinten,"$29,397,231"
"4,529",2012,De rouille et d’os,"$29,393,634"
"4,530",1990,Pacific Heights,"$29,381,956"
"4,531",2007,Across the Universe,"$29,367,143"
"4,532",2024,Chantal im Märchenland,"$29,360,797"
"4,533",2008,Singh is Kinng,"$29,339,790"
"4,534",2012,Ai,"$29,338,638"
"4,535",2008,Wa Pei,"$29,338,195"
"4,536",2024,I Lost You (被我弄丢的你),"$29,327,146"
"4,537",1994,A Low Down Dirty Shame,"$29,317,886"
"4,538",2018,Hunter Killer,"$29,312,121"
"4,539",1983,Easy Money,"$29,309,766"
"4,540",2016,Guan yun chang,"$29,307,618"
"4,541",2014,Yeok-rin,"$29,306,967"
"4,542",2013,Meitantei Konan Zekkai no Puraibēto Ai,"$29,302,051"
"4,543",1988,Shoot to Kill,"$29,300,000"
"4,544",1997,Fools Rush In,"$29,299,524"
"4,545",2012,Wu Xia,"$29,284,214"
"4,546",2022,TÁR,"$29,266,452"
"4,547",2013,Quan Min Mu Ji,"$29,260,000"
"4,548",2011,Zindagi Na Milegi Dobara,"$29,259,272"
"4,549",1997,Romy and Michele's High School Reunion,"$29,235,353"
"4,550",2009,The Stepfather,"$29,227,561"
"4,551",2009,The Road,"$29,206,732"
"4,552",1998,Bulworth,"$29,203,383"
"4,553",2015,Jie jiu wu xian sheng,"$29,201,927"
"4,554",1979,The Rose,"$29,200,000"
"4,555",2006,Rang De Basanti,"$29,197,694"
"4,556",2003,Bugs! (IMAX),"$29,196,944"
"4,557",1997,Air Bud,"$29,175,259"
"4,558",1998,The Object of my Affection,"$29,145,924"
"4,559",2023,Book Club: The Next Chapter,"$29,121,628"
"4,560",2022,The Unbearable Weight of Massive Talent,"$29,116,320"
"4,561",2020,The Witches,"$29,100,000"
"4,562",2016,Viking,"$29,099,751"
"4,563",1991,Double Impact,"$29,090,445"
"4,564",2015,Irrational Man,"$29,083,597"
"4,565",2019,Yi wen ding qing,"$29,083,287"
"4,566",2018,Stan & Ollie,"$29,062,674"
"4,567",2011,Do-ga-ni,"$29,056,658"
"4,568",2014,Sai yau gei: Sin leui kei yun,"$29,050,000"
"4,569",2012,The Master,"$29,044,338"
"4,570",1992,3 Ninjas,"$29,028,000"
"4,571",2002,Far From Heaven,"$29,027,914"
"4,572",2017,Alibi.com,"$29,014,614"
"4,573",1991,Madonna: Truth or Dare,"$29,012,935"
"4,574",2005,Wolf Creek,"$29,005,064"
"4,575",1959,The Shaggy Dog,"$29,000,000"
"4,576",1978,House Calls,"$29,000,000"
"4,577",2003,Dumb and Dumberer: When Harry Met Lloyd,"$28,986,358"
"4,578",1997,Out to Sea,"$28,985,323"
"4,579",2017,Judwaa 2,"$28,978,011"
"4,580",2002,The New Guy,"$28,972,187"
"4,581",2017,Recep Ivedik 5,"$28,965,314"
"4,582",1997,Mr. Magoo,"$28,937,192"
"4,583",1996,James and the Giant Peach,"$28,921,264"
"4,584",2003,The Life of David Gale,"$28,920,188"
"4,585",1961,The Guns of Navarone,"$28,919,394"
"4,586",2005,The Upside of Anger,"$28,915,761"
"4,587",2001,Heist,"$28,906,817"
"4,588",2018,Padman,"$28,906,686"
"4,589",1994,In the Army Now,"$28,881,266"
"4,590",1992,The Player,"$28,876,702"
"4,591",1987,Nuts,"$28,866,028"
"4,592",1991,L.A. Story,"$28,854,480"
"4,593",1949,Samson and Delilah,"$28,823,536"
"4,594",1975,The Adventures of the Wilderness Family,"$28,819,175"
"4,595",2016,Keeping Up with the Joneses,"$28,804,426"
"4,596",1994,The Shawshank Redemption,"$28,784,937"
"4,597",2010,Case 39,"$28,773,827"
"4,598",2000,Boiler Room,"$28,773,637"
"4,599",2020,Scoob!,"$28,748,685"
"4,600",2003,Ghosts of the Abyss,"$28,742,313"
"4,601",1991,Deceived,"$28,738,096"
"4,602",2001,Baby Boy,"$28,734,552"
"4,603",2016,The Brothers Grimsby,"$28,720,470"
"4,604",2017,The Disaster Artist,"$28,717,667"
"4,605",2004,Yu-Gi-Oh,"$28,715,003"
"4,606",2004,Agent Cody Banks 2: Destination London,"$28,703,083"
"4,607",1984,Starman,"$28,700,000"
"4,608",2012,Baramgwa hamjje sarajida,"$28,686,545"
"4,609",2003,Wrong Turn,"$28,649,556"
"4,610",1986,Hoosiers,"$28,607,524"
"4,611",1994,Drop Zone,"$28,607,015"
"4,612",2018,Free Solo,"$28,605,995"
"4,613",2008,Jodhaa Akbar,"$28,594,629"
"4,614",1992,Final Analysis,"$28,590,665"
"4,615",2011,Singham,"$28,581,709"
"4,616",2008,W.,"$28,575,778"
"4,617",2012,Nae Anaeui Modeun Geot,"$28,555,285"
"4,618",2023,Konkeuriteu Yutopia (콘크리트 유토피아 )…,"$28,547,938"
"4,619",1999,The Out-of-Towners,"$28,544,120"
"4,620",2010,Splice,"$28,542,494"
"4,621",2015,Birigyaru,"$28,532,888"
"4,622",2015,Shingeki no kyojin,"$28,528,388"
"4,623",1976,Taxi Driver,"$28,507,510"
"4,624",2020,Soul Snatcher,"$28,501,108"
"4,625",2008,Frost/Nixon,"$28,452,945"
"4,626",1983,High Road to China,"$28,416,459"
"4,627",1964,The Carpetbaggers,"$28,409,547"
"4,628",1974,"Dirty Mary, Crazy Larry","$28,401,735"
"4,629",2004,Meitantei Conan: Ginyoku no kijutsushi,"$28,400,000"
"4,630",1992,Hoffa,"$28,391,473"
"4,631",1999,Go!,"$28,383,441"
"4,632",1999,"Lock, Stock and Two Smoking Barrels","$28,356,188"
"4,633",1966,A Man for All Seasons,"$28,350,000"
"4,634",2013,I Give It a Year,"$28,328,531"
"4,635",2002,Brown Sugar,"$28,315,272"
"4,636",2019,The Kid Who Would Be King,"$28,296,983"
"4,637",2024,Be My Friend (我才不要和你做朋友呢)…,"$28,292,355"
"4,638",2015,The 33,"$28,287,489"
"4,639",2010,Let Me In,"$28,270,399"
"4,640",2004,Thunderbirds,"$28,231,444"
"4,641",1978,The Cheap Detective,"$28,221,552"
"4,642",2014,Sin-ui Hansu,"$28,211,214"
"4,643",1976,Marathon Man,"$28,204,261"
"4,644",1988,Ernest Saves Christmas,"$28,202,109"
"4,645",1954,"20,000 Leagues Under the Sea","$28,200,000"
"4,646",1988,My Neighbor Totoro,"$28,158,341"
"4,647",1971,Dirty Harry,"$28,153,572"
"4,648",2009,A Single Man,"$28,142,379"
"4,649",2011,Huà Bì,"$28,134,879"
"4,650",2016,Yôkai Watch 3,"$28,109,609"
"4,651",1984,Cannonball Run II,"$28,100,000"
"4,652",1965,That Darn Cat!,"$28,062,222"
"4,653",1987,Police Academy 4: Citizens on Patrol,"$28,061,343"
"4,654",2006,Doogal,"$28,058,652"
"4,655",2017,The Beguiled,"$28,039,038"
"4,656",2002,Pokemon 4Ever,"$28,032,301"
"4,657",2016,Willkommen bei den Hartmanns,"$28,023,741"
"4,658",1984,Dune,"$28,018,540"
"4,659",1977,Slap Shot,"$28,000,000"
"4,660",1977,Herbie Goes to Monte Carlo,"$28,000,000"
"4,661",1993,Loaded Weapon 1,"$27,979,399"
"4,662",2016,When Larry Met Mary,"$27,971,821"
"4,663",2001,The Brothers,"$27,958,191"
"4,664",1975,The Hindenburg,"$27,945,225"
"4,665",1984,A Nightmare on Elm Street,"$27,944,525"
"4,666",1995,Friday,"$27,936,778"
"4,667",2024,To Gather Around (胜券在握),"$27,917,233"
"4,668",2008,Appaloosa,"$27,911,453"
"4,669",1983,Uncommon Valor,"$27,900,000"
"4,670",2008,Traitor,"$27,882,226"
"4,671",2013,Manatsu no hôteishiki,"$27,881,203"
"4,672",2022,Dú Shé Dà Zhuàng (毒舌大状),"$27,874,822"
"4,673",2005,Mrs. Henderson Presents,"$27,836,366"
"4,674",2023,Operation Fortune: Ruse de guerre,"$27,835,815"
"4,675",2023,Po Shchuchemu Veleniyu (По щучьему ве…,"$27,818,652"
"4,676",1999,The Other Sister,"$27,807,627"
"4,677",2012,Playing for Keeps,"$27,805,632"
"4,678",1996,Michael Collins,"$27,798,183"
"4,679",2008,RocknRolla,"$27,794,339"
"4,680",2000,Saving Grace,"$27,786,849"
"4,681",1990,Internal Affairs,"$27,777,868"
"4,682",1999,Cirque du Soleil - Journey of Man,"$27,751,781"
"4,683",1989,Far From Home,"$27,735,792"
"4,684",2000,Nurse Betty,"$27,732,366"
"4,685",1993,Menace II Society,"$27,731,527"
"4,686",2019,82 nyeonsaeng kimjiyeong,"$27,728,277"
"4,687",2012,Sou Suo,"$27,721,037"
"4,688",2000,Love & Basketball,"$27,709,625"
"4,689",2013,Dark Skies,"$27,704,111"
"4,690",2010,Raajneeti,"$27,702,802"
"4,691",1984,Teachers,"$27,700,000"
"4,692",1995,To Die For,"$27,688,744"
"4,693",1996,The Island of Dr. Moreau,"$27,682,712"
"4,694",1983,Never Cry Wolf,"$27,668,764"
"4,695",2006,Goal! The Dream Begins,"$27,610,873"
"4,696",1954,Rear Window,"$27,596,147"
"4,697",2011,The Thing,"$27,573,078"
"4,698",2012,Bol Bachchan,"$27,565,784"
"4,699",2006,Stay Alive,"$27,565,514"
"4,700",2017,Badrinath Ki Dulhania,"$27,544,536"
"4,701",2007,The Last Mimzy,"$27,519,694"
"4,702",2018,Gukgabudoui Nal,"$27,519,661"
"4,703",2018,Boku no Hero Academia the Movie,"$27,507,549"
"4,704",2018,The Happytime Murders,"$27,506,412"
"4,705",2001,The Tailor of Panama,"$27,491,653"
"4,706",2016,Yesterday Once More,"$27,490,000"
"4,707",1993,My Life,"$27,484,464"
"4,708",2012,Bumchoiwaui junjaeng,"$27,482,633"
"4,709",2010,Ramona and Beezus,"$27,469,621"
"4,710",2007,Samyy luchshiy film,"$27,464,635"
"4,711",2007,Ji Jie Hao,"$27,455,208"
"4,712",1981,Victory,"$27,453,000"
"4,713",1993,Poetic Justice,"$27,450,453"
"4,714",2024,"Flow, le chat qui n’avait plus peur d…","$27,420,825"
"4,715",2013,Schlussmacher,"$27,416,995"
"4,716",2019,Ban Ge Xi Ju,"$27,410,000"
"4,717",1985,Desperately Seeking Susan,"$27,400,522"
"4,718",2013,Daai mo seut si,"$27,394,383"
"4,719",2013,The Incredible Burt Wonderstone,"$27,392,609"
"4,720",1990,Memphis Belle,"$27,385,582"
"4,721",2020,Emma.,"$27,365,788"
"4,722",2006,Clerks II,"$27,342,246"
"4,723",2014,Big Eyes,"$27,317,872"
"4,724",1986,Soul Man,"$27,316,198"
"4,725",1973,Serpico,"$27,301,609"
"4,726",2007,Welcome,"$27,280,000"
"4,727",1990,Cadillac Man,"$27,257,086"
"4,728",1998,Dark City,"$27,257,061"
"4,729",2007,Zwartboek,"$27,238,354"
"4,730",2015,Detective K: Secret of the Lost Island,"$27,230,725"
"4,731",1984,A Passage to India,"$27,187,896"
"4,732",1980,Flash Gordon,"$27,176,825"
"4,733",1999,Baby Geniuses,"$27,151,490"
"4,734",2009,Observe and Report,"$27,148,898"
"4,735",2005,The Cave,"$27,147,991"
"4,736",2008,Mongol,"$27,147,349"
"4,737",1981,The Jazz Singer,"$27,118,000"
"4,738",1999,The Story of Us,"$27,100,030"
"4,739",1982,Fast Times at Ridgemont High,"$27,093,116"
"4,740",1999,Galapagos,"$27,089,842"
"4,741",1998,Paulie,"$27,084,499"
"4,742",1998,The Big Hit,"$27,073,371"
"4,743",2021,Chaos Walking,"$27,072,169"
"4,744",1995,Now and Then,"$27,067,247"
"4,745",2018,Politseyskiy s Rublyovki. Novogodniy …,"$27,061,365"
"4,746",2001,The Musketeer,"$27,053,815"
"4,747",2013,Belle et Sébastien,"$27,042,499"
"4,748",2002,Monsoon Wedding,"$27,025,600"
"4,749",1994,Guarding Tess,"$27,023,278"
"4,750",2013,Un monstre à Paris,"$27,000,219"
"4,751",1978,The Lord of the Rings,"$27,000,000"
"4,752",1976,The Outlaw Josey Wales,"$27,000,000"
"4,753",2024,The Ministry of Ungentlemanly Warfare,"$26,994,413"
"4,754",2014,Relatos salvajes,"$26,994,272"
"4,755",2008,Hors de Prix,"$26,980,663"
"4,756",2016,Radin!,"$26,974,403"
"4,757",2018,Midnight Sun,"$26,952,508"
"4,758",2016,Rustom,"$26,950,878"
"4,759",2007,Rendition,"$26,939,925"
"4,760",1996,Spy Hard,"$26,936,265"
"4,761",2003,Bulletproof Monk,"$26,922,492"
"4,762",1982,Tron,"$26,919,100"
"4,763",2013,You're Next,"$26,887,177"
"4,764",2024,Walk The Line (扫黑·决不放弃),"$26,878,894"
"4,765",2023,Renfield,"$26,874,347"
"4,766",2007,Doraemon: Nobita's Great Adventure in…,"$26,872,950"
"4,767",2013,The Way Way Back,"$26,853,810"
"4,768",2012,Aku no kyôten,"$26,837,117"
"4,769",1989,Glory,"$26,828,365"
"4,770",2011,Jing mo fung wan: Chen Zhen,"$26,822,441"
"4,771",1998,Species 2,"$26,817,565"
"4,772",2017,Tubelight,"$26,796,964"
"4,773",2007,Shoot 'Em Up,"$26,796,824"
"4,774",2018,Zu Zong Shi Jiu Dai,"$26,796,280"
"4,775",1989,The Dream Team,"$26,793,650"
"4,776",1996,Eye for an Eye,"$26,792,700"
"4,777",2016,Ae Dil Hai Mushkil,"$26,775,567"
"4,778",2013,Sinsegye,"$26,749,542"
"4,779",2009,Sorority Row,"$26,735,797"
"4,780",2006,A Prairie Home Companion,"$26,716,191"
"4,781",1987,Overboard,"$26,713,187"
"4,782",1998,One True Thing,"$26,708,196"
"4,783",1974,The Texas Chainsaw Massacre,"$26,704,148"
"4,784",2003,Timeline,"$26,703,184"
"4,785",1985,Prizzi's Honor,"$26,700,000"
"4,786",1987,Baby Boom,"$26,700,000"
"4,787",2018,Kamera o tomeru na!,"$26,696,038"
"4,788",1997,Event Horizon,"$26,673,954"
"4,789",2005,Oliver Twist,"$26,670,920"
"4,790",2009,Yattàman,"$26,669,089"
"4,791",2022,Olppaemi (올빼미),"$26,668,156"
"4,792",2013,Legenda No. 17,"$26,651,774"
"4,793",2012,Gekijouban SPEC: Ten,"$26,633,141"
"4,794",2017,"Uchiage Hanabi, Shita Kara Miru ka? Y…","$26,630,702"
"4,795",1999,Blast from the Past,"$26,613,620"
"4,796",1961,El Cid,"$26,600,000"
"4,797",1997,An American Werewolf in Paris,"$26,570,463"
"4,798",1996,Harriet the Spy,"$26,570,048"
"4,799",2020,Like a Boss,"$26,563,888"
"4,800",1974,The Great Gatsby,"$26,533,200"
"4,801",2024,Master i Margarita (Мастер и Маргарит…,"$26,532,332"
"4,802",2011,The Way Back,"$26,524,989"
"4,803",2011,Apollo 18,"$26,517,819"
"4,804",2021,American Underdog: The Kurt Warner Story,"$26,514,814"
"4,805",2008,Gonggongui jeog 3,"$26,497,132"
"4,806",2024,Harold and the Purple Crayon,"$26,488,003"
"4,807",1996,First Kid,"$26,465,920"
"4,808",2022,Shi Nian Yi Pin Wen Ru Yan (十年一品温如言)…,"$26,420,000"
"4,809",1984,Conan the Destroyer,"$26,400,000"
"4,810",2012,Upside Down,"$26,387,039"
"4,811",1990,House Party,"$26,385,627"
"4,812",2019,No Manches Frida 2,"$26,377,799"
"4,813",2001,Kabhi Khushi Kabhie Gham,"$26,372,000"
"4,814",2012,Geonchukhakgaeron,"$26,369,208"
"4,815",2015,Dügün Dernek 2: Sünnet,"$26,367,531"
"4,816",1992,Howards End,"$26,354,917"
"4,817",2002,The Quiet American,"$26,348,203"
"4,818",1995,Houseguest,"$26,325,256"
"4,819",2012,Bokura ga ita Zenpen,"$26,324,268"
"4,820",2004,The Whole Ten Yards,"$26,323,969"
"4,821",1957,Sayonara,"$26,317,152"
"4,822",2017,The Zookeeper’s Wife,"$26,308,749"
"4,823",1984,Protocol,"$26,300,000"
"4,824",1986,Wildcats,"$26,285,544"
"4,825",1994,I.Q.,"$26,265,119"
"4,826",2015,Orange,"$26,261,536"
"4,827",1991,Necessary Roughness,"$26,255,594"
"4,828",1989,All Dogs Go To Heaven,"$26,220,877"
"4,829",2013,Yi Ye Jing Xi,"$26,212,188"
"4,830",1984,Micki + Maude,"$26,200,000"
"4,831",2002,Blood Work,"$26,199,517"
"4,832",2005,The New World,"$26,184,400"
"4,833",2008,U2 3D,"$26,170,402"
"4,834",1998,Les Couloirs du temps: Les visiteurs 2,"$26,146,072"
"4,835",2011,Your Highness,"$26,121,638"
"4,836",1995,Fair Game,"$26,097,497"
"4,837",2025,Drop,"$26,085,455"
"4,838",2007,Bratz,"$26,085,415"
"4,839",2012,Torrente 4 (3D),"$26,079,076"
"4,840",2018,"Paul, Apostle of Christ","$26,078,500"
"4,841",2015,Un gallo con muchos huevos,"$26,072,723"
"4,842",2006,Indigènes,"$26,063,572"
"4,843",2023,Perfect Days,"$26,055,363"
"4,844",1989,Do the Right Thing,"$26,051,502"
"4,845",2017,Detroit,"$26,033,563"
"4,846",2018,Kensatsu gawa no zainin,"$26,033,246"
"4,847",1980,The Elephant Man,"$26,026,416"
"4,848",1954,Demetrius and the Gladiators,"$26,012,630"
"4,849",2014,Top Five,"$26,001,741"
"4,850",1995,Mighty Aphrodite,"$26,000,000"
"4,851",1993,Son in Law,"$25,989,889"
"4,852",2003,Ocean Wonderland,"$25,977,417"
"4,853",2017,Love off the Cuff,"$25,976,828"
"4,854",1990,Jacob’s Ladder,"$25,965,144"
"4,855",2017,What Happened to Monday?,"$25,956,932"
"4,856",1999,Extreme,"$25,956,582"
"4,857",2018,White Boy Rick,"$25,947,983"
"4,858",1976,Carrie,"$25,944,555"
"4,859",2016,Triple 9,"$25,943,792"
"4,860",1977,Freaky Friday,"$25,942,000"
"4,861",2010,Mao's Last Dancer,"$25,941,437"
"4,862",2002,Ali G Indahouse,"$25,936,616"
"4,863",1984,The Cotton Club,"$25,928,721"
"4,864",2012,Yeongashi,"$25,927,961"
"4,865",2013,Platinum Data,"$25,920,896"
"4,866",2003,Les invasions barbares,"$25,913,869"
"4,867",1968,"Yours, Mine and Ours","$25,912,624"
"4,868",1974,Erinnerungen an die Zukunft,"$25,900,000"
"4,869",1987,Cry Freedom,"$25,899,797"
"4,870",2024,Wicked Little Letters,"$25,894,785"
"4,871",1969,Cactus Flower,"$25,889,208"
"4,872",2022,Sǎo Hēi Xíng Dòng (扫黑行动),"$25,880,000"
"4,873",2002,All About the Benjamins,"$25,873,145"
"4,874",2001,Saving Silverman,"$25,873,142"
"4,875",2011,Our Idiot Brother,"$25,861,249"
"4,876",2021,Wish Dragon,"$25,860,000"
"4,877",2002,Rollerball,"$25,852,508"
"4,878",1993,Shadowlands,"$25,842,377"
"4,879",1997,Murder at 1600,"$25,842,024"
"4,880",1988,Betrayed,"$25,816,139"
"4,881",1981,Only When I Laugh,"$25,782,304"
"4,882",1983,The Outsiders,"$25,776,548"
"4,883",2014,Fading Gigolo,"$25,770,059"
"4,884",2012,Nobo no shiro,"$25,746,258"
"4,885",1996,From Dusk Till Dawn,"$25,736,162"
"4,886",2017,Twenty-Two,"$25,733,825"
"4,887",2005,Ice Princess,"$25,732,334"
"4,888",2009,Das Weisse Band: Eine deutsche Kinder…,"$25,727,044"
"4,889",1996,Down Periscope,"$25,723,977"
"4,890",1985,Agnes of God,"$25,627,836"
"4,891",2013,Enough Said,"$25,621,449"
"4,892",2002,Jonah: A VeggieTales Movie,"$25,608,779"
"4,893",2016,Airlift (2016),"$25,600,132"
"4,894",1957,Peyton Place,"$25,600,000"
"4,895",2005,9th Company,"$25,600,000"
"4,896",1986,Jumpin' Jack Flash,"$25,587,804"
"4,897",2016,M.S. Dhoni: The Untold Story,"$25,584,108"
"4,898",2019,Akinjeon,"$25,561,514"
"4,899",1988,Funny Farm,"$25,537,221"
"4,900",1984,The Muppets Take Manhattan,"$25,534,703"
"4,901",1981,Halloween II,"$25,533,818"
"4,902",1995,Desperado,"$25,532,388"
"4,903",2012,Talaash,"$25,522,290"
"4,904",2016,A Beautiful Planet,"$25,521,866"
"4,905",1997,Mimic,"$25,514,479"
"4,906",2007,A Tale of Mari and Three Puppies,"$25,513,520"
"4,907",2018,Rangasthalam,"$25,495,478"
"4,908",2011,Elle s'appelait Sarah,"$25,480,031"
"4,909",2019,Hello World,"$25,479,860"
"4,910",1994,My Father the Hero,"$25,479,558"
"4,911",2019,The Farewell,"$25,466,013"
"4,912",2003,Calendar Girls,"$25,462,153"
"4,913",2017,Jolly LLB 2,"$25,461,514"
"4,914",1995,Billy Madison,"$25,460,475"
"4,915",2013,The Last Exorcism Part II,"$25,448,707"
"4,916",2015,Triumph in the Skies,"$25,441,760"
"4,917",1996,Escape from L.A.,"$25,426,861"
"4,918",2012,逆战 (Jik zin),"$25,414,221"
"4,919",1987,Tin Men,"$25,411,386"
"4,920",2016,Mr. Donkey,"$25,404,570"
"4,921",2007,Persepolis,"$25,397,187"
"4,922",2019,Missing Link,"$25,393,236"
"4,923",2015,Aloha,"$25,387,091"
"4,924",2003,In America,"$25,382,911"
"4,925",1961,The Absent Minded Professor,"$25,381,407"
"4,926",2008,Woori Saengae Choigoeui Soongan,"$25,377,585"
"4,927",1996,In Love and War,"$25,372,294"
"4,928",2012,The Cold Light of Day,"$25,361,206"
"4,929",1998,Can’t Hardly Wait,"$25,358,996"
"4,930",2007,The Last Legion,"$25,357,771"
"4,931",2016,Whiskey Tango Foxtrot,"$25,350,747"
"4,932",2002,25th Hour,"$25,344,490"
"4,933",1965,The Great Race,"$25,333,333"
"4,934",2014,Tinker Bell and the Legend of the Nev…,"$25,320,246"
"4,935",1986,Heartburn,"$25,314,289"
"4,936",1998,Fallen,"$25,310,938"
"4,937",2012,Xi Yang Yang Yu Hui Tai Lang Zhi Kaix…,"$25,310,000"
"4,938",1984,The Woman in Red,"$25,308,147"
"4,939",2012,Le prénom,"$25,307,405"
"4,940",2022,Youngwoong (영웅),"$25,304,092"
"4,941",2019,Chen Mo Zheng Ren,"$25,293,852"
"4,942",2015,Er ist wieder da,"$25,283,394"
"4,943",1981,Escape from New York,"$25,276,350"
"4,944",2005,Bride & Prejudice,"$25,269,040"
"4,945",2012,Big Miracle,"$25,268,680"
"4,946",1963,Irma La Douce,"$25,246,588"
"4,947",2002,The Magdalene Sisters,"$25,218,042"
"4,948",1988,Alien Nation,"$25,216,243"
"4,949",1982,Sophie's Choice,"$25,215,709"
"4,950",1987,Black Widow,"$25,205,460"
"4,951",2014,Grace of Monaco,"$25,199,891"
"4,952",2008,Race,"$25,195,835"
"4,953",2014,Mr. Turner,"$25,187,026"
"4,954",2024,Firefighters (소방관),"$25,170,899"
"4,955",2006,The Wind That Shakes the Barley,"$25,170,688"
"4,956",1986,The Morning After,"$25,147,121"
"4,957",2011,Qiàn Nǚ Yōu Hún,"$25,141,990"
"4,958",2022,Xi yang yang yu hui tai lang zhi kuan…,"$25,140,000"
"4,959",2015,Bride Wars,"$25,130,000"
"4,960",1991,Don't Tell Mom the Babysitter's Dead,"$25,122,195"
"4,961",2001,Corky Romano,"$25,116,103"
"4,962",2005,Cursed,"$25,114,901"
"4,963",1991,Problem Child 2,"$25,104,700"
"4,964",1984,Moscow on the Hudson,"$25,100,000"
"4,965",1984,Against All Odds,"$25,100,000"
"4,966",1993,In the Name of the Father,"$25,096,862"
"4,967",1997,Midnight in the Garden of Good and Evil,"$25,078,937"
"4,968",2024,Die Schule der magischen Tiere 3,"$25,065,458"
"4,969",1999,The Wood,"$25,059,640"
"4,970",1994,Wyatt Earp,"$25,052,000"
"4,971",2011,Ivan Tsarevich i Seryy Volk,"$25,047,727"
"4,972",2024,Immaculate,"$25,046,900"
"4,973",2008,Mad Money,"$25,044,057"
"4,974",2016,Call of Heroes,"$25,040,561"
"4,975",2013,Te shu shen fen,"$25,040,000"
"4,976",1959,Some Like it Hot,"$25,038,874"
"4,977",2016,Born in China,"$25,037,743"
"4,978",1981,Mommie Dearest,"$25,032,000"
"4,979",2018,Zimna wojna,"$25,030,444"
"4,980",1990,Ernest Goes to Jail,"$25,029,569"
"4,981",2024,Look Back,"$25,016,271"
"4,982",1990,The Exorcist III,"$25,011,739"
"4,983",1999,A Midsummer Night's Dream,"$25,011,645"
"4,984",1977,Exorcist II: The Heretic,"$25,011,000"
"4,985",1982,Airplane II: The Sequel,"$25,009,494"
"4,986",2024,UNTOUCHABLE (逆鳞),"$25,001,995"
"4,987",1976,Logan’s Run,"$25,000,076"
"4,988",1974,Thunderbolt and Lightfoot,"$25,000,000"
"4,989",1969,The Stewardesses,"$25,000,000"
"4,990",1991,Little Man Tate,"$24,989,789"
"4,991",2013,Ram-Leela,"$24,980,454"
"4,992",2015,Les Profs 2,"$24,964,590"
"4,993",2019,Booksmart,"$24,948,141"
"4,994",1978,Invasion of the Body Snatchers,"$24,946,533"
"4,995",2019,Don,"$24,945,222"
"4,996",1985,Fright Night,"$24,922,237"
"4,997",1970,Catch-22,"$24,911,670"
"4,998",2007,Before the Devil Knows You're Dead,"$24,909,088"
"4,999",2006,Kurtlar vadisi - Irak,"$24,906,717"
"5,000",2025,Warfare,"$24,891,255"
"5,001",2008,Recep Ivedik,"$24,878,340"
"5,002",2022,Bian Yuan Xing Zhe (边缘行者),"$24,860,818"
"5,003",2016,SoulMate,"$24,859,900"
"5,004",2019,Tian Huo Wei Qing,"$24,825,246"
"5,005",1990,Navy SEALs,"$24,824,126"
"5,006",2011,Monsieur Lazhar,"$24,819,901"
"5,007",2024,A Real Pain,"$24,809,522"
"5,008",2024,Juror #2,"$24,800,000"
"5,009",2012,Tai Chi Zero,"$24,790,553"
"5,010",2023,Beijing 2022 (北京 2022),"$24,790,100"
"5,011",1994,Quiz Show,"$24,787,282"
"5,012",2010,Tees Maar Khan,"$24,785,571"
"5,013",2012,De l'autre côté du périph,"$24,782,953"
"5,014",2021,Ran Ye Shao Nian De Tian Kong (燃野少年的天…,"$24,780,000"
"5,015",2013,Nebraska,"$24,761,360"
"5,016",1993,The Man Without a Face,"$24,760,338"
"5,017",2015,To the Fore,"$24,745,722"
"5,018",2012,Hitchcock,"$24,742,844"
"5,019",2023,Wǒ Jīng Guò Fēng Bào (我经过风暴)…,"$24,732,804"
"5,020",2007,Bushi no ichibun,"$24,724,488"
"5,021",1988,Gorillas in the Mist,"$24,720,479"
"5,022",2010,Lottery Ticket,"$24,719,879"
"5,023",2004,Seed of Chucky,"$24,716,190"
"5,024",2011,Biutiful,"$24,687,524"
"5,025",1985,Summer Rental,"$24,671,000"
"5,026",1995,Operation Dumbo Drop,"$24,670,346"
"5,027",2012,Sparkle,"$24,660,323"
"5,028",1977,The Other Side of Midnight,"$24,655,822"
"5,029",2022,Wo Shi Zhen De Tao Yan Yi Di Lian (我是…,"$24,620,000"
"5,030",2016,Snezhnaya koroleva 3. Ogon i led,"$24,617,186"
"5,031",1960,The Apartment,"$24,599,998"
"5,032",2020,Lyod 2,"$24,599,113"
"5,033",1973,Jesus Christ Superstar,"$24,593,103"
"5,034",2002,Punch-Drunk Love,"$24,591,031"
"5,035",2015,Babysitting,"$24,564,100"
"5,036",2017,Only the Brave,"$24,555,177"
"5,037",2001,Joe Somebody,"$24,515,990"
"5,038",1946,Notorious,"$24,495,681"
"5,039",2007,In the Valley of Elah,"$24,489,150"
"5,040",2015,The Gunman,"$24,478,613"
"5,041",2015,Babysitting 2,"$24,476,064"
"5,042",2011,I Don't Know How She Does It,"$24,474,463"
"5,043",1981,Modern Problems,"$24,474,312"
"5,044",1985,The Emerald Forest,"$24,468,550"
"5,045",2011,Pina,"$24,460,758"
"5,046",2017,A Cure for Wellness,"$24,456,980"
"5,047",1975,Lucky Lady,"$24,441,725"
"5,048",2011,Jodaeiye Nader az Simin,"$24,426,169"
"5,049",1999,Arlington Road,"$24,419,219"
"5,050",1967,In the Heat of the Night,"$24,407,647"
"5,051",2001,The Shipping News,"$24,405,825"
"5,052",2015,Bou Chau Mai Sing,"$24,405,298"
"5,053",2009,Tsurugidake: Ten no Ki,"$24,405,079"
"5,054",2016,Housefull 3,"$24,403,531"
"5,055",2018,Geugeotmani Nae Sesang,"$24,376,704"
"5,056",2015,The Dressmaker,"$24,374,909"
"5,057",2007,Vacancy,"$24,363,007"
"5,058",2000,The Next Best Thing,"$24,355,762"
"5,059",2012,Huang Jin Da Jie An,"$24,350,000"
"5,060",2003,The In-Laws,"$24,345,659"
"5,061",2017,8-nengoshi no hanayome,"$24,326,715"
"5,062",2016,The Choice,"$24,324,476"
"5,063",2009,Kambakkht Ishq,"$24,320,181"
"5,064",2015,Ooops! Noah is Gone,"$24,285,049"
"5,065",2011,Eiga Kaibutsu-kun,"$24,266,083"
"5,066",1980,Bronco Billy,"$24,265,659"
"5,067",1995,Dolores Claiborne,"$24,262,193"
"5,068",2016,The Founder,"$24,235,774"
"5,069",2016,Camping 3,"$24,224,580"
"5,070",2018,Manyeo,"$24,217,796"
"5,071",2011,Warrior,"$24,215,385"
"5,072",1991,The People Under the Stairs,"$24,204,000"
"5,073",2004,Ella Enchanted,"$24,200,318"
"5,074",1994,Renaissance Man,"$24,172,899"
"5,075",2012,Wanderlust,"$24,159,934"
"5,076",1986,Iron Eagle,"$24,159,872"
"5,077",2003,The Guru,"$24,150,550"
"5,078",2016,Rock Dog,"$24,148,488"
"5,079",2011,Anfea: The Answer,"$24,136,016"
"5,080",1995,Dead Presidents,"$24,120,194"
"5,081",1993,The Adventures of Huck Finn,"$24,103,594"
"5,082",1983,Spring Break,"$24,071,666"
"5,083",1981,Body Heat,"$24,060,803"
"5,084",2005,Ong-Bak,"$24,051,852"
"5,085",2003,Swimming Pool,"$24,021,282"
"5,086",2015,Youth,"$24,001,573"
"5,087",1978,Damien: Omen II,"$24,000,000"
"5,088",1978,An Unmarried Woman,"$24,000,000"
"5,089",1995,Virtuosity,"$23,998,226"
"5,090",2002,Adrenaline Rush: The Science of Risk,"$23,970,431"
"5,091",1991,Class Action,"$23,968,042"
"5,092",2016,Love & Friendship,"$23,934,375"
"5,093",2023,Lose to Win (好像也没那么热血沸腾)…,"$23,927,919"
"5,094",2018,Natsume's Book of Friends The Movie: …,"$23,913,019"
"5,095",2004,The Alamo,"$23,911,362"
"5,096",2014,The Railway Man,"$23,910,210"
"5,097",2016,Hunt for the Wilderpeople,"$23,900,842"
"5,098",1981,Graduation Day,"$23,894,000"
"5,099",2001,Life as a House,"$23,889,158"
"5,100",1984,The Flamingo Kid,"$23,859,382"
"5,101",2021,The Marksman,"$23,855,847"
"5,102",2013,Bei Tou Zou De Wu Nian,"$23,840,000"
"5,103",1995,Tom and Huck,"$23,837,227"
"5,104",2018,Tamjeong 2,"$23,832,011"
"5,105",2007,Lissi und der wilde Kaiser,"$23,828,403"
"5,106",2012,Da Shang Hai,"$23,824,720"
"5,107",1978,Magic,"$23,800,000"
"5,108",1953,House of Wax,"$23,800,000"
"5,109",1978,Beyond and Back,"$23,800,000"
"5,110",1993,Striking Distance,"$23,798,623"
"5,111",2015,Amy,"$23,778,585"
"5,112",2016,Race,"$23,745,772"
"5,113",1985,Santa Claus,"$23,743,140"
"5,114",2003,Dickie Roberts: Former Child Star,"$23,734,486"
"5,115",2008,"OSS 117: Le Caire, nid d'espions","$23,726,360"
"5,116",1997,Good Burger,"$23,712,993"
"5,117",2016,Silence,"$23,709,894"
"5,118",1983,Two of a Kind,"$23,700,000"
"5,119",1976,Network,"$23,698,846"
"5,120",2003,In the Cut,"$23,693,646"
"5,121",1998,Lola rennt,"$23,689,409"
"5,122",1984,Sixteen Candles,"$23,686,027"
"5,123",1970,The Owl and the Pussycat,"$23,681,338"
"5,124",2012,To the Arctic 3D,"$23,680,745"
"5,125",2005,North Country,"$23,676,771"
"5,126",1981,Mad Max 2: The Road Warrior,"$23,668,859"
"5,127",2009,Armored,"$23,661,038"
"5,128",2009,Love Aaj Kal,"$23,657,432"
"5,129",2025,The Chosen: Last Supper — Part 1,"$23,655,330"
"5,130",2006,Russian Dolls,"$23,654,241"
"5,131",2002,Eight Crazy Nights,"$23,607,202"
"5,132",1986,The Great Mouse Detective,"$23,605,534"
"5,133",1995,How to Make an American Quilt,"$23,600,020"
"5,134",1946,The Best Years of Our Lives,"$23,600,000"
"5,135",2013,Baksoogundal,"$23,593,168"
"5,136",2005,Hustle & Flow,"$23,591,783"
"5,137",1990,My Blue Heaven,"$23,591,472"
"5,138",2016,Kevin Hart: What Now?,"$23,591,043"
"5,139",2005,Domino,"$23,574,057"
"5,140",1991,Oscar,"$23,562,716"
"5,141",2016,God’s Not Dead 2,"$23,551,286"
"5,142",2015,Solace,"$23,549,031"
"5,143",2016,No Manches Frida,"$23,540,937"
"5,144",2007,The Invisible,"$23,540,266"
"5,145",2015,Peng ran xin dong,"$23,516,430"
"5,146",1987,Ernest Goes to Camp,"$23,509,382"
"5,147",1986,Legend,"$23,506,237"
"5,148",2024,My Hero Academia the Movie: You’re Ne…,"$23,499,992"
"5,149",2012,Xiao Shi De Zi Dan,"$23,490,000"
"5,150",1997,Hoodlum,"$23,489,997"
"5,151",2017,Wish Upon,"$23,477,345"
"5,152",2006,Chinjeolhan geumjassi,"$23,471,871"
"5,153",2019,Nous finirons ensemble,"$23,470,091"
"5,154",2008,Il y a longtemps que je t'aime,"$23,456,628"
"5,155",1994,Hum Aapke Hain Kaun...!,"$23,450,000"
"5,156",2021,Guan Yu Wo Ma De Yi Qie,"$23,450,000"
"5,157",2011,Moteki,"$23,442,024"
"5,158",2016,Gwi-Hyang,"$23,427,657"
"5,159",1995,Boys on the Side,"$23,418,200"
"5,160",1980,Raging Bull,"$23,417,649"
"5,161",1980,Caligula,"$23,415,271"
"5,162",2019,Zhi You Yun Zhi Dao,"$23,414,292"
"5,163",1990,Henry & June,"$23,411,903"
"5,164",2013,Du zhan,"$23,396,698"
"5,165",2001,Kingdom Come,"$23,393,939"
"5,166",1995,Circle of Friends,"$23,389,975"
"5,167",2018,Inori no maku ga oriru toki,"$23,376,243"
"5,168",2002,Antwone Fisher,"$23,367,586"
"5,169",2000,Reindeer Games,"$23,360,779"
"5,170",2011,Hoodwinked Too: Hood vs. Evil,"$23,353,111"
"5,171",2010,Soul Kitchen,"$23,347,461"
"5,172",2016,Bad Santa 2,"$23,345,113"
"5,173",2016,Middle School: The Worst Years of My …,"$23,311,293"
"5,174",1959,Operation Petticoat,"$23,300,000"
"5,175",1958,Auntie Mame,"$23,300,000"
"5,176",2011,Les femmes du 6ème étage,"$23,295,831"
"5,177",2008,La misma luna,"$23,271,741"
"5,178",2007,[Rec],"$23,266,821"
"5,179",2012,Beasts of the Southern Wild,"$23,265,132"
"5,180",2012,Turkisch fur Anfanger,"$23,256,073"
"5,181",2016,Free State of Jones,"$23,237,252"
"5,182",2015,It Follows,"$23,236,296"
"5,183",2013,Before Midnight,"$23,225,160"
"5,184",2013,Kuai Le Dao Jia,"$23,210,000"
"5,185",1993,Benny & Joon,"$23,202,734"
"5,186",1980,Seems Like Old Times,"$23,200,000"
"5,187",2019,The Peanut Butter Falcon,"$23,191,551"
"5,188",2017,CHiPS,"$23,190,292"
"5,189",2002,Super Troopers,"$23,182,223"
"5,190",1974,Chinatown,"$23,170,994"
"5,191",2025,Last Breath,"$23,142,008"
"5,192",2006,Joyeux Noël,"$23,134,075"
"5,193",2025,The Woman in the Yard,"$23,132,148"
"5,194",1992,The Cutting Edge,"$23,131,735"
"5,195",2018,New Happy Dad and Son 3: Adventure in…,"$23,130,468"
"5,196",2023,The Invisible Guest (瞒天过海),"$23,125,794"
"5,197",2019,Dark Waters,"$23,106,971"
"5,198",1999,Stir of Echoes,"$23,059,379"
"5,199",1998,The Players Club,"$23,047,939"
"5,200",1993,The Program,"$23,042,200"
"5,201",2019,Gekijoban Ossan zu Rabu Love or Dead,"$23,027,976"
"5,202",2023,American Fiction,"$23,026,243"
"5,203",1979,The Wanderers,"$23,017,811"
"5,204",2010,"I Love You, Phillip Morris","$23,014,027"
"5,205",1990,Ghost Dad,"$23,007,150"
"5,206",1978,"Same Time, Next Year","$23,000,000"
"5,207",2002,Lewis & Clark: Great Journey West,"$23,000,000"
"5,208",1990,The Russia House,"$22,998,000"
"5,209",2006,Aquamarine,"$22,978,953"
"5,210",2007,Once,"$22,964,998"
"5,211",2023,Vyzov (Вызов),"$22,954,969"
"5,212",2011,African Cats,"$22,946,607"
"5,213",2019,Sidong,"$22,940,076"
"5,214",1969,"Goodbye, Columbus","$22,939,805"
"5,215",1996,D3: The Mighty Ducks,"$22,936,273"
"5,216",1985,The Care Bears Movie,"$22,934,000"
"5,217",2011,Habemus Papam,"$22,932,147"
"5,218",2021,Qi Pao,"$22,930,000"
"5,219",1998,Rounders,"$22,921,898"
"5,220",2008,The Ruins,"$22,910,563"
"5,221",1986,Crimes of the Heart,"$22,905,000"
"5,222",2013,La Vie d'Adèle – Chapitres 1 & 2,"$22,887,231"
"5,223",2013,Baggage Claim,"$22,885,836"
"5,224",2016,Julieta,"$22,879,508"
"5,225",2001,The Glass House,"$22,861,785"
"5,226",2007,Alatriste,"$22,860,477"
"5,227",2012,Bu-reo-jin hwa-sal,"$22,852,811"
"5,228",1998,Beloved,"$22,852,487"
"5,229",2008,Paris,"$22,850,194"
"5,230",1987,Raising Arizona,"$22,847,767"
"5,231",2018,Won’t You Be My Neighbor?,"$22,847,659"
"5,232",2009,A Perfect Getaway,"$22,815,460"
"5,233",1984,Missing in Action,"$22,812,411"
"5,234",2019,Shéntàn púsōng líng,"$22,799,838"
"5,235",2000,Dr. T and the Women,"$22,796,811"
"5,236",1991,Frankie and Johnny,"$22,773,535"
"5,237",1980,Xanadu,"$22,762,611"
"5,238",2002,Santa vs. The Snowman,"$22,759,134"
"5,239",2007,Le Scaphandre et le Papillon,"$22,754,472"
"5,240",1993,Rudy,"$22,750,363"
"5,241",2011,Young Adult,"$22,750,356"
"5,242",2012,Polisse,"$22,744,132"
"5,243",1996,The Juror,"$22,730,924"
"5,244",2008,Desu Noto 3: L: Change the World,"$22,730,665"
"5,245",2019,Black and Blue,"$22,730,144"
"5,246",2012,Raia Gemu Saisei,"$22,713,078"
"5,247",2009,The Accidental Husband,"$22,707,064"
"5,248",1992,Prelude to a Kiss,"$22,697,691"
"5,249",2017,Extraordinary Mission,"$22,682,660"
"5,250",1979,Prophecy,"$22,673,340"
"5,251",1992,Thunderheart,"$22,660,758"
"5,252",2016,Xia You Qiao Mu,"$22,655,723"
"5,253",1987,Revenge of the Nerds II: Nerds in Par…,"$22,642,033"
"5,254",1991,Pure Luck,"$22,641,969"
"5,255",2018,Gekijouban Poketto monsutâ: Minna no …,"$22,630,448"
"5,256",1993,Guilty as Sin,"$22,622,537"
"5,257",2013,Seupai,"$22,614,450"
"5,258",1981,The French Lieutenant's Woman,"$22,600,000"
"5,259",2013,Bullet to the Head,"$22,597,969"
"5,260",2013,Trance,"$22,594,052"
"5,261",1999,Drive Me Crazy,"$22,591,451"
"5,262",1983,My Tutor,"$22,587,000"
"5,263",1973,The World's Greatest Athlete,"$22,583,370"
"5,264",2021,Last Night in Soho,"$22,567,607"
"5,265",1966,"Lt. Robin Crusoe, U.S.N.","$22,565,634"
"5,266",1993,Much Ado About Nothing,"$22,549,338"
"5,267",1991,Lionheart,"$22,545,360"
"5,268",1982,Victor/Victoria,"$22,524,614"
"5,269",1992,Captain Ron,"$22,518,097"
"5,270",2002,City by the Sea,"$22,505,932"
"5,271",1979,The Warriors,"$22,495,493"
"5,272",1990,Hamlet,"$22,493,727"
"5,273",1980,My Bodyguard,"$22,482,952"
"5,274",2008,Cassandra's Dream,"$22,478,138"
"5,275",2018,Ba Li Gong Lue,"$22,446,966"
"5,276",1997,Red Corner,"$22,442,815"
"5,277",2009,Imagine That,"$22,438,144"
"5,278",2008,Disco,"$22,437,089"
"5,279",2009,Chernaya Molniya,"$22,435,112"
"5,280",1988,License to Drive,"$22,434,275"
"5,281",2019,The Prodigy,"$22,413,145"
"5,282",1998,He Got Game,"$22,411,948"
"5,283",2001,Two Can Play That Game,"$22,391,450"
"5,284",2019,Late Night,"$22,373,378"
"5,285",2018,Yun Nan Chong Gu Yunnan Valley,"$22,369,964"
"5,286",2017,Épouse-moi mon pote,"$22,367,263"
"5,287",1999,At First Sight,"$22,365,133"
"5,288",1994,Blue Chips,"$22,359,041"
"5,289",1996,My Fellow Americans,"$22,331,846"
"5,290",2021,Tie Dao Ying Xiong (铁道英雄),"$22,323,657"
"5,291",2022,Manyeo 2 (마녀 2),"$22,305,231"
"5,292",1968,The Lion in Winter,"$22,295,024"
"5,293",1992,Leap of Faith,"$22,293,343"
"5,294",2016,The Light Between Oceans,"$22,281,732"
"5,295",1977,For the Love of Benji,"$22,257,624"
"5,296",1987,Empire of the Sun,"$22,238,696"
"5,297",2004,Super Size Me,"$22,233,808"
"5,298",1996,Bulletproof,"$22,230,840"
"5,299",1979,Norma Rae,"$22,228,000"
"5,300",2007,Waitress,"$22,217,183"
"5,301",2001,Joy Ride,"$22,204,890"
"5,302",1984,The Last Starfighter,"$22,200,789"
"5,303",1979,The Bermuda Triangle,"$22,200,000"
"5,304",2004,NASCAR: The IMAX Experience,"$22,199,356"
"5,305",2008,My Blueberry Nights,"$22,198,996"
"5,306",1963,The Sword in the Stone,"$22,182,353"
"5,307",2003,To Be and To Have,"$22,176,599"
"5,308",1989,A Nightmare On Elm Street: The Dream …,"$22,168,359"
"5,309",2006,The Marine,"$22,165,608"
"5,310",1994,Intersection,"$22,157,277"
"5,311",2016,The Infiltrator,"$22,152,137"
"5,312",1986,House,"$22,144,631"
"5,313",2010,Three Kingdoms: Resurrection of the D…,"$22,139,590"
"5,314",1963,Son of Flubber,"$22,129,412"
"5,315",2015,El Clan,"$22,125,102"
"5,316",1995,Home for the Holidays,"$22,119,269"
"5,317",2021,Never Stop,"$22,114,909"
"5,318",2009,Ip Man,"$22,114,423"
"5,319",2016,Fifty Shades of Black,"$22,113,075"
"5,320",2003,The Medallion,"$22,108,977"
"5,321",2018,The Guernsey Literary and Potato Peel…,"$22,107,759"
"5,322",2003,Biker Boyz,"$22,105,310"
"5,323",1984,A Soldier's Story,"$22,100,000"
"5,324",1989,Lock Up,"$22,099,847"
"5,325",2005,Man of the House,"$22,099,706"
"5,326",2017,The Glass Castle,"$22,081,049"
"5,327",2018,Tout le Monde Debout,"$22,078,709"
"5,328",2013,Nosotros Los Nobles,"$22,073,311"
"5,329",2024,MaXXXine,"$22,057,161"
"5,330",2020,Gretel & Hansel,"$22,052,456"
"5,331",1995,Don Juan DeMarco,"$22,032,635"
"5,332",2012,Solomon Kane,"$22,024,849"
"5,333",2012,The Man with the Iron Fists,"$22,018,988"
"5,334",2015,Seumool,"$22,007,889"
"5,335",2019,A Rainy Day in New York,"$22,002,744"
"5,336",1974,Death Wish,"$22,000,000"
"5,337",1980,In Search of Historic Jesus,"$22,000,000"
"5,338",1978,The Wiz,"$22,000,000"
"5,339",1925,The Big Parade,"$22,000,000"
"5,340",2017,Ai Kaen Seupikeu,"$21,998,495"
"5,341",2008,Meitantei Conan: Senritsu no furu sukoa,"$21,997,163"
"5,342",2022,Father Stu,"$21,989,422"
"5,343",2015,Black or White,"$21,971,021"
"5,344",2006,Unaccompanied Minors,"$21,970,831"
"5,345",2013,Feichang Xingyun,"$21,970,000"
"5,346",2015,Love Live! The School Idol Movie,"$21,967,219"
"5,347",2003,Love Don't Cost a Thing,"$21,937,235"
"5,348",2024,Crisis Negotiators (谈判专家),"$21,933,279"
"5,349",1985,Friday the 13th Part V: A New Beginning,"$21,930,418"
"5,350",2012,Herutâ sukerutâ,"$21,927,919"
"5,351",2023,Anatomie d'une chute,"$21,926,366"
"5,352",2007,Partner,"$21,916,101"
"5,353",2020,Digimon Adventure: Last Evolution Kizuna,"$21,914,375"
"5,354",2010,"Io, Loro e Lara","$21,903,000"
"5,355",2006,Flicka,"$21,896,367"
"5,356",2010,Just Wright,"$21,867,665"
"5,357",2007,Reno 911!: Miami,"$21,851,362"
"5,358",2020,New Interpretations Records of the Th…,"$21,843,413"
"5,359",1995,Il Postino,"$21,840,274"
"5,360",1991,Only the Lonely,"$21,830,957"
"5,361",2004,Mr. 3000,"$21,827,296"
"5,362",1954,The Caine Mutiny,"$21,800,000"
"5,363",2000,Boys and Girls,"$21,799,652"
"5,364",2010,Fair*Game,"$21,792,905"
"5,365",2011,Melancholia,"$21,788,107"
"5,366",1998,Little Voice,"$21,787,233"
"5,367",2015,Pokémon the Movie XY: Ring no Chomaji…,"$21,786,128"
"5,368",2016,Live by Night,"$21,774,432"
"5,369",2022,Fall,"$21,771,567"
"5,370",2024,Never Let Go,"$21,761,751"
"5,371",2004,Little Black Book,"$21,758,371"
"5,372",1991,Ricochet,"$21,756,163"
"5,373",1960,Exodus,"$21,750,000"
"5,374",2012,Son of Sardaar,"$21,747,828"
"5,375",2009,Se Eu Fosse Voce 2,"$21,734,431"
"5,376",1992,Shining Through,"$21,733,781"
"5,377",2011,7 gwanggu,"$21,729,647"
"5,378",1981,Friday the 13th Part 2,"$21,722,776"
"5,379",2018,Proud Mary,"$21,709,539"
"5,380",1989,Cousins,"$21,707,236"
"5,381",1968,The Green Berets,"$21,707,027"
"5,382",2020,Druk,"$21,698,895"
"5,383",1966,"The Russians Are Coming, the Russians…","$21,693,114"
"5,384",2023,Animal,"$21,681,537"
"5,385",1983,Class,"$21,667,789"
"5,386",2002,White Oleander,"$21,657,770"
"5,387",2018,They Shall Not Grow Old,"$21,656,913"
"5,388",1993,Como agua para chocolate,"$21,656,534"
"5,389",2021,Island Keeper,"$21,640,000"
"5,390",1990,The Rookie,"$21,633,874"
"5,391",2015,Wan Wu Sheng Zhang,"$21,630,000"
"5,392",2021,Kaamelott Premier volet,"$21,629,120"
"5,393",2008,Doomsday,"$21,621,188"
"5,394",2009,Wild Child,"$21,618,331"
"5,395",1996,The Quest,"$21,607,190"
"5,396",2016,Crayon Shin-chan: Fast Asleep! Dreami…,"$21,600,242"
"5,397",2008,Over Her Dead Body,"$21,596,074"
"5,398",2016,Pokemon za mubi XY and Z borukenion t…,"$21,594,899"
"5,399",1992,Consenting Adults,"$21,591,728"
"5,400",2016,Ai Qing Gong She,"$21,590,284"
"5,401",2023,"Are You There God? It’s Me, Margaret","$21,581,824"
"5,402",2004,Wicker Park,"$21,577,076"
"5,403",2012,Kon-Tiki,"$21,572,102"
"5,404",2015,Papa ou maman,"$21,552,188"
"5,405",2011,The Rum Diary,"$21,544,732"
"5,406",1968,Blackbeard's Ghost,"$21,540,050"
"5,407",1984,"Oh God, You Devil!","$21,538,850"
"5,408",2017,Mom,"$21,535,056"
"5,409",1973,Enter the Dragon,"$21,531,361"
"5,410",2017,The Prison,"$21,522,551"
"5,411",1993,Army of Darkness,"$21,502,976"
"5,412",1983,The Right Stuff,"$21,500,213"
"5,413",2008,Desu Noto,"$21,497,802"
"5,414",2001,The Man Who Wasn't There,"$21,494,849"
"5,415",1988,Married to the Mob,"$21,486,757"
"5,416",2009,Eiga doraemon: Shin. Nobita no uchû k…,"$21,463,266"
"5,417",2022,Devotion,"$21,461,880"
"5,418",1986,Tough Guys,"$21,458,229"
"5,419",1984,The Neverending Story,"$21,454,405"
"5,420",1992,Toys,"$21,452,082"
"5,421",2018,Da Shi Xiong,"$21,451,708"
"5,422",1980,The Fog,"$21,445,868"
"5,423",1996,A Very Brady Sequel,"$21,443,204"
"5,424",2019,Unplanned,"$21,413,603"
"5,425",1990,Quigley Down Under,"$21,413,105"
"5,426",2010,Our Family Wedding,"$21,410,546"
"5,427",2007,Arn - Tempelriddaren,"$21,404,122"
"5,428",1984,Rhinestone,"$21,400,000"
"5,429",2018,If Beale Street Could Talk,"$21,398,371"
"5,430",2012,Daensing Kwin,"$21,387,594"
"5,431",2003,Cold Creek Manor,"$21,384,035"
"5,432",2008,Penelope,"$21,375,166"
"5,433",1990,The First Power,"$21,365,321"
"5,434",2000,Center Stage,"$21,361,109"
"5,435",2019,Shaft,"$21,360,215"
"5,436",2006,Waist Deep,"$21,344,312"
"5,437",2023,Radical,"$21,344,032"
"5,438",1994,8 Seconds,"$21,342,390"
"5,439",2016,Captain Fantastic,"$21,340,234"
"5,440",2024,The Room Next Door,"$21,319,490"
"5,441",2021,Rurôni Kenshin: Sai shûshô — The Begi…,"$21,318,560"
"5,442",1956,The King and I,"$21,300,413"
"5,443",1945,The Bells of St. Mary's,"$21,300,000"
"5,444",1990,The Freshman,"$21,289,527"
"5,445",1985,The Black Cauldron,"$21,288,692"
"5,446",1997,The Apostle,"$21,277,770"
"5,447",2010,Buried,"$21,270,290"
"5,448",2019,Kajang Botongui Yeonae,"$21,253,248"
"5,449",2022,Three Thousand Years of Longing,"$21,245,954"
"5,450",2008,Happy-Go-Lucky,"$21,234,179"
"5,451",1983,Christine,"$21,228,951"
"5,452",2013,Nazotoki Wa Dinner No Ato De,"$21,216,502"
"5,453",2014,A Haunted House 2,"$21,206,861"
"5,454",2020,Jiko Bukken: Kowai Madori,"$21,204,112"
"5,455",1980,Fame,"$21,202,829"
"5,456",1992,Straight Talk,"$21,202,099"
"5,457",1955,Mister Roberts,"$21,200,000"
"5,458",2011,The Guard,"$21,197,454"
"5,459",2024,Unsung Hero,"$21,173,975"
"5,460",1992,Raising Cain,"$21,171,695"
"5,461",2006,ATL,"$21,170,563"
"5,462",2022,Bergen,"$21,168,216"
"5,463",1985,A Nightmare on Elm Street Part 2: Fre…,"$21,163,999"
"5,464",2004,New York Minute,"$21,156,715"
"5,465",1983,Cujo,"$21,156,152"
"5,466",1993,Coneheads,"$21,153,686"
"5,467",2021,Ge Ming Zhe,"$21,150,000"
"5,468",1982,Things Are Tough All Over,"$21,134,374"
"5,469",2019,Hotel Mumbai,"$21,132,855"
"5,470",2015,Atrapa la bandera,"$21,131,406"
"5,471",2008,The Divine Weapon,"$21,122,661"
"5,472",1992,Ferngully… The Last Rainforest,"$21,111,825"
"5,473",2017,Ayla,"$21,107,423"
"5,474",2018,Minha Vida em Marte,"$21,105,636"
"5,475",1984,Top Secret!,"$21,100,000"
"5,476",2019,Malmoi,"$21,099,312"
"5,477",1998,Very Bad Things,"$21,094,974"
"5,478",2007,The Banquet,"$21,094,782"
"5,479",1995,Tales from the Crypt: Demon Knight,"$21,089,146"
"5,480",2012,The Company You Keep,"$21,087,760"
"5,481",1991,F/X2,"$21,075,831"
"5,482",2021,Eiga Kureyon Shin-chan: Nazo Meki! Ha…,"$21,065,168"
"5,483",1984,Weekend Pass,"$21,058,033"
"5,484",1986,A Room with a View,"$21,042,007"
"5,485",2017,Father Figures,"$21,038,441"
"5,486",1988,Punchline,"$21,032,000"
"5,487",2023,Saltburn,"$21,025,999"
"5,488",1982,Night Shift,"$21,017,056"
"5,489",2017,22 nenme no Kokuhaku: Watashi ga Sats…,"$21,001,632"
"5,490",1979,Dracula,"$21,000,000"
"5,491",1977,The World's Greatest Lover,"$21,000,000"
"5,492",1982,Cat People,"$21,000,000"
"5,493",1996,High School High,"$20,995,023"
"5,494",1982,La Guerre du feu,"$20,959,585"
"5,495",2005,The Devil’s Rejects,"$20,940,428"
"5,496",2023,Nosso Lar,"$20,932,364"
"5,497",2015,Der 7bte Zwerg,"$20,930,000"
"5,498",2011,Red Dog,"$20,927,794"
"5,499",2014,El Nino,"$20,917,985"
"5,500",2018,Alad’2,"$20,917,377"
"5,501",2023,IDOLiSH7 the Movie; LIVE 4bit BEYOND …,"$20,916,340"
"5,502",2018,Neoeui kyeol hoonsik,"$20,901,029"
"5,503",2024,Lyod 3 (ЛЕД 3),"$20,899,688"
"5,504",2013,Khumba,"$20,898,221"
"5,505",2001,Amores Perros,"$20,883,834"
"5,506",1992,Mr. Baseball,"$20,883,046"
"5,507",1988,Short Circuit 2,"$20,882,000"
"5,508",2007,The Hitcher,"$20,855,646"
"5,509",2021,Ironbark,"$20,854,726"
"5,510",2022,See How They Run,"$20,851,675"
"5,511",1966,Grand Prix,"$20,845,016"
"5,512",1993,Super Mario Bros.,"$20,844,907"
"5,513",1997,The Postman,"$20,841,123"
"5,514",1983,A Christmas Story,"$20,825,467"
"5,515",2007,Georgia Rule,"$20,819,601"
"5,516",2024,Homestead,"$20,811,864"
"5,517",2024,The Unseen Sister (乔妍的心事),"$20,811,078"
"5,518",1986,The Mission,"$20,796,024"
"5,519",2007,Le Grand Chef,"$20,794,760"
"5,520",2012,A Thousand Words,"$20,790,486"
"5,521",1994,Jason's Lyric,"$20,788,730"
"5,522",1994,The Air Up There,"$20,782,439"
"5,523",2001,Mulholland Drive,"$20,779,717"
"5,524",2014,Left Behind,"$20,769,209"
"5,525",2006,Hanbando,"$20,766,123"
"5,526",1983,The Dead Zone,"$20,766,000"
"5,527",2012,Hotaru no Hikari,"$20,753,277"
"5,528",2012,Les Lyonnais,"$20,747,278"
"5,529",1999,Boys Don't Cry,"$20,741,000"
"5,530",2018,Superfly,"$20,739,323"
"5,531",2006,Alex Rider: Operation Stormbreaker,"$20,722,450"
"5,532",2004,Eurotrip,"$20,718,223"
"5,533",2011,Friends Mononoke-jima no Naki,"$20,715,574"
"5,534",2020,The Photograph,"$20,704,381"
"5,535",2023,Guy Ritchie’s The Covenant,"$20,703,249"
"5,536",2000,Best in Show,"$20,695,413"
"5,537",1996,Fear,"$20,694,623"
"5,538",2016,Keanu,"$20,688,141"
"5,539",2018,Sonu Ke Titu Ki Sweety,"$20,686,846"
"5,540",1965,Cat Ballou,"$20,666,667"
"5,541",1982,The Man From Snowy River,"$20,659,721"
"5,542",2024,The Lord of the Rings: The War of the…,"$20,658,572"
"5,543",2020,Eiga Entotsu Machi no Poupelle,"$20,643,297"
"5,544",1994,Iron Will,"$20,623,071"
"5,545",2016,1944,"$20,615,138"
"5,546",2007,Dead Silence,"$20,614,661"
"5,547",2007,Walk Hard: The Dewey Cox Story,"$20,606,053"
"5,548",1986,F/X,"$20,603,715"
"5,549",2010,Country Strong,"$20,601,987"
"5,550",2006,Bobby,"$20,597,806"
"5,551",2012,Cocktail,"$20,596,759"
"5,552",2024,Cabrini,"$20,591,600"
"5,553",2018,Raid,"$20,588,391"
"5,554",1994,Speechless,"$20,564,705"
"5,555",1979,Life of Brian,"$20,548,593"
"5,556",2001,The Last Castle,"$20,541,668"
"5,557",2009,Easy Virtue,"$20,537,741"
"5,558",1985,Porky's Revenge,"$20,518,000"
"5,559",2016,Cock and Bull,"$20,517,476"
"5,560",1971,The Last Picture Show,"$20,506,260"
"5,561",2009,My Life in Ruins,"$20,477,425"
"5,562",2020,Yarn,"$20,474,171"
"5,563",1981,The Final Conflict,"$20,471,000"
"5,564",2009,Chilgeup gongmuwon,"$20,468,524"
"5,565",2010,The Nutcracker in 3D,"$20,466,016"
"5,566",2017,Shiwan Ge Lengxiaohua 2,"$20,460,352"
"5,567",2024,Ordinary Angels,"$20,454,487"
"5,568",1974,The Groove Tube,"$20,447,000"
"5,569",1990,Madhouse,"$20,438,179"
"5,570",2011,Margin Call,"$20,433,227"
"5,571",2017,The Death of Stalin,"$20,431,564"
"5,572",2003,Detective Conan: Crossroad in the Anc…,"$20,428,237"
"5,573",2000,Alien Adventure,"$20,427,678"
"5,574",1990,The Adventures of Ford Fairlane,"$20,423,389"
"5,575",1987,Hello Again,"$20,419,446"
"5,576",1982,The Beach Girls,"$20,418,789"
"5,577",2011,Shame,"$20,412,841"
"5,578",1995,Kids,"$20,412,216"
"5,579",1982,Some Kind of Hero,"$20,400,486"
"5,580",1946,Duel in the Sun,"$20,400,000"
"5,581",2023,The Last Voyage of the Demeter,"$20,397,648"
"5,582",2012,The Sapphires,"$20,395,040"
"5,583",2018,Gonjiam: Haunted Asylum,"$20,394,906"
"5,584",2016,Hyeong,"$20,392,339"
"5,585",1978,F.I.S.T,"$20,388,920"
"5,586",2001,Valentine,"$20,384,136"
"5,587",2021,Le loup et le lion,"$20,351,378"
"5,588",1985,Code of Silence,"$20,345,361"
"5,589",2024,The Hedgehog (刺猬),"$20,332,491"
"5,590",2020,Yi miao zhong,"$20,327,572"
"5,591",2011,Delhi Belly,"$20,289,666"
"5,592",2007,The Namesake,"$20,288,774"
"5,593",1996,City Hall,"$20,278,055"
"5,594",1988,Action Jackson,"$20,274,718"
"5,595",1998,Vampires,"$20,268,825"
"5,596",1981,The Incredible Shrinking Woman,"$20,259,000"
"5,597",1991,Mobsters,"$20,246,790"
"5,598",1987,Critical Condition,"$20,240,502"
"5,599",1982,Six Pack,"$20,225,989"
"5,600",1996,The People vs. Larry Flynt,"$20,224,840"
"5,601",2020,Gekijouban Violet Evergarden,"$20,224,281"
"5,602",1975,Barry Lyndon,"$20,221,274"
"5,603",1991,An American Tail: Fievel Goes West,"$20,218,664"
"5,604",1995,Sudden Death,"$20,214,270"
"5,605",1969,Jag ar Nyfiken - en film i gult,"$20,200,000"
"5,606",1979,A Force of One,"$20,200,000"
"5,607",2014,Tarzan,"$20,200,000"
"5,608",2008,Die Fälscher,"$20,199,663"
"5,609",2012,Hodejegerne,"$20,184,208"
"5,610",2006,Beerfest,"$20,159,316"
"5,611",1992,Juice,"$20,147,147"
"5,612",1994,"Corrina, Corrina","$20,146,496"
"5,613",2002,Serving Sara,"$20,146,150"
"5,614",2011,Gekijoban Kamen Raida Ozu Wandafuru: …,"$20,145,961"
"5,615",2019,Yedinci Koğuştaki Mucize,"$20,145,623"
"5,616",1996,Multiplicity,"$20,133,326"
"5,617",2017,Hirugao,"$20,129,137"
"5,618",1975,Love and Death,"$20,123,742"
"5,619",2009,Nanjing! Nanjing!,"$20,122,558"
"5,620",2014,Legends of Oz: Dorothy’s Return,"$20,107,933"
"5,621",1993,Another Stakeout,"$20,107,504"
"5,622",2024,Better Man,"$20,105,137"
"5,623",2017,Dieses bescheuerte Herz,"$20,096,261"
"5,624",1980,Tess,"$20,093,330"
"5,625",2025,Prorok Istoriya Aleksandra Pushkina (…,"$20,088,295"
"5,626",2016,"Shokubutsu zukan: Unmei no koi, hiroi…","$20,084,529"
"5,627",2007,Reign Over Me,"$20,081,987"
"5,628",1994,Reality Bites,"$20,079,850"
"5,629",2018,Gu Jian Qi Tan Zhi Liu Yue Zhao Ming,"$20,079,528"
"5,630",2018,Bharat Ane Nenu,"$20,069,778"
"5,631",2016,Who Sleeps My Bro,"$20,069,212"
"5,632",1997,Booty Call,"$20,066,917"
"5,633",1990,Stella,"$20,062,347"
"5,634",2008,Blindness,"$20,052,958"
"5,635",2007,Saawariya,"$20,052,456"
"5,636",2022,Ju sheng huai nan (暗恋),"$20,050,000"
"5,637",1994,With Honors,"$20,043,254"
"5,638",1994,Only You,"$20,042,048"
"5,639",1989,Say Anything…,"$20,036,737"
"5,640",1982,Creepshow,"$20,036,244"
"5,641",1988,The Presidio,"$20,036,000"
"5,642",2000,Down to You,"$20,035,310"
"5,643",2004,I Heart Huckabees,"$20,034,713"
"5,644",2021,The Green Knight,"$20,022,491"
"5,645",2013,Tai Chi Hero,"$20,016,042"
"5,646",2010,Another Year,"$20,005,613"
"5,647",1990,Taking Care of Business,"$20,005,435"
"5,648",2016,Gao Gen Xie Xian Sheng,"$20,003,920"
"5,649",1979,Breaking Away,"$20,000,000"
"5,650",1975,The Great Waldo Pepper,"$20,000,000"
"5,651",1953,Shane,"$20,000,000"
"5,652",1981,Outland,"$20,000,000"
"5,653",1977,The Kentucky Fried Movie,"$20,000,000"
"5,654",2007,Ho Voglia Di Te,"$20,000,000"
"5,655",1975,The Adventure of Sherlock Holmes' Sma…,"$20,000,000"
"5,656",1967,Barefoot in the Park,"$19,994,656"
"5,657",2011,Rubbeldiekatz,"$19,954,186"
"5,658",2012,Sadako 3D,"$19,949,419"
"5,659",2002,Frailty,"$19,947,280"
"5,660",2001,crazy/beautiful,"$19,929,123"
"5,661",1984,Unfaithfully Yours,"$19,928,200"
"5,662",2025,Follemente,"$19,914,519"
"5,663",2010,Un Prophète,"$19,910,624"
"5,664",1983,Breathless,"$19,910,002"
"5,665",2013,Soshite chichi ni naru,"$19,896,734"
"5,666",1996,Fled,"$19,892,205"
"5,667",2005,Caché,"$19,891,331"
"5,668",2023,All of Us Strangers,"$19,882,665"
"5,669",1985,Volunteers,"$19,875,740"
"5,670",1998,Hard Rain,"$19,870,567"
"5,671",2021,As Long As We Both Shall Live,"$19,869,429"
"5,672",2001,Get Over It,"$19,860,259"
"5,673",1980,Altered States,"$19,853,898"
"5,674",1991,Child's Play 3,"$19,850,380"
"5,675",2005,Melinda and Melinda,"$19,826,280"
"5,676",1987,Innerspace,"$19,816,619"
"5,677",1999,Buena Vista Social Club,"$19,809,190"
"5,678",1994,Prêt-à-Porter,"$19,806,668"
"5,679",2016,Royal Treasure (China),"$19,800,196"
"5,680",2025,Attack on Titan the Movie: THE LAST A…,"$19,795,921"
"5,681",2016,Kono sekai no katasumi ni,"$19,794,935"
"5,682",2019,Gekijouban Fate/Stay Night: Heaven's …,"$19,790,000"
"5,683",1980,Cruising,"$19,784,223"
"5,684",2018,Ye Wen hui chuan: Zhang Tianzhi,"$19,781,947"
"5,685",2009,Amelia,"$19,756,077"
"5,686",1994,Color of Night,"$19,750,470"
"5,687",1997,Gone Fishin',"$19,745,922"
"5,688",1990,Betsy's Wedding,"$19,740,070"
"5,689",1985,Young Sherlock Holmes,"$19,739,000"
"5,690",1989,Dad,"$19,738,015"
"5,691",1994,The Cowboy Way,"$19,731,505"
"5,692",1972,Lady Sings the Blues,"$19,726,490"
"5,693",1993,Fire in the Sky,"$19,724,334"
"5,694",2017,It Comes at Night,"$19,720,203"
"5,695",2001,Summer Catch,"$19,693,891"
"5,696",2010,Youth in Revolt,"$19,685,588"
"5,697",1996,Don't Be a Menace to South Central Wh…,"$19,674,813"
"5,698",1961,La Dolce Vita,"$19,670,304"
"5,699",2018,Paw Patrol Mighty Pups: The Movie,"$19,668,014"
"5,700",2001,Shackleton's Antarctic Adventure,"$19,667,161"
"5,701",2015,Blackhat,"$19,665,004"
"5,702",1988,Tucker: The Man and His Dream,"$19,657,565"
"5,703",2024,Blue Lock The Movie -Episode Nagi- (劇…,"$19,651,837"
"5,704",2009,Neuilly Sa Mère,"$19,637,575"
"5,705",1995,Vampire in Brooklyn,"$19,637,147"
"5,706",1992,Kuffs,"$19,618,135"
"5,707",2012,Go-ji-jeon,"$19,603,449"
"5,708",1981,Nighthawks,"$19,600,000"
"5,709",2013,Dead Man Down,"$19,599,974"
"5,710",1988,The Serpent and the Rainbow,"$19,595,000"
"5,711",2017,Prityazhenie,"$19,594,567"
"5,712",1981,Heavy Metal,"$19,571,091"
"5,713",2014,Before I Go to Sleep,"$19,563,579"
"5,714",1990,Jetsons: The Movie,"$19,543,985"
"5,715",1966,The Professionals,"$19,537,346"
"5,716",2005,The Perfect Man,"$19,535,005"
"5,717",2019,Blinded by the Light,"$19,529,914"
"5,718",2003,View from the Top,"$19,526,014"
"5,719",2021,After We Fell,"$19,512,726"
"5,720",1988,Police Academy 5: Assignment: Miami B…,"$19,510,000"
"5,721",1943,This is the Army,"$19,500,000"
"5,722",2015,Le tout nouveau testament,"$19,499,856"
"5,723",2022,Decision to Leave (헤어질 결심),"$19,484,077"
"5,724",1999,The Legend of 1900,"$19,479,213"
"5,725",1995,It Takes Two,"$19,474,589"
"5,726",2004,Harold & Kumar Go to White Castle,"$19,474,552"
"5,727",1986,Friday the 13th Part VI: Jason Lives,"$19,472,809"
"5,728",2018,Mokgyeokja,"$19,469,123"
"5,729",1992,The Babe,"$19,464,550"
"5,730",2011,Andarushia: Megami No Houfuku,"$19,446,029"
"5,731",2015,Crayon Shinchan Vol. 23,"$19,445,580"
"5,732",1989,The Fly II,"$19,441,528"
"5,733",1991,House Party 2,"$19,438,638"
"5,734",2008,Gong fu guan lan,"$19,428,291"
"5,735",1999,Doug's 1st Movie,"$19,421,271"
"5,736",2000,Get Carter,"$19,417,182"
"5,737",1989,An Innocent Man,"$19,397,847"
"5,738",2024,Golden Kamuy (ゴールデンカムイ),"$19,387,887"
"5,739",2003,The Human Stain,"$19,379,387"
"5,740",2017,The Lost City of Z,"$19,358,084"
"5,741",2013,Kaguyahime no monogatari,"$19,358,071"
"5,742",2017,Sekigahara,"$19,356,048"
"5,743",2002,Tuck Everlasting,"$19,344,615"
"5,744",2018,The Leisure Seeker,"$19,340,538"
"5,745",2004,Deep Blue,"$19,332,261"
"5,746",2010,71: Into the Fire,"$19,321,681"
"5,747",1970,Joe,"$19,319,254"
"5,748",2001,Rock Star,"$19,317,765"
"5,749",2008,Le renard et l'enfant,"$19,317,689"
"5,750",2019,Hors normes,"$19,314,289"
"5,751",1994,Little Giants,"$19,306,362"
"5,752",2015,Sheng Tang Wei Ji,"$19,305,207"
"5,753",2014,Foxcatcher,"$19,303,058"
"5,754",1993,Posse,"$19,290,000"
"5,755",1999,Summer of Sam,"$19,288,130"
"5,756",2006,Bandidas,"$19,282,590"
"5,757",2017,Memoir of a Murderer,"$19,282,535"
"5,758",1982,Deathtrap,"$19,282,000"
"5,759",2004,2046,"$19,278,598"
"5,760",2000,Michael Jordan to the MAX,"$19,276,267"
"5,761",1984,Best Defense,"$19,265,302"
"5,762",2023,Be My Family (无价之宝),"$19,249,994"
"5,763",2015,Geukbisusa,"$19,243,890"
"5,764",2002,Half Past Dead,"$19,233,280"
"5,765",2023,Tokyo Revengers 2 (東京リベンジャーズ２ 血のハロウィン…,"$19,230,769"
"5,766",2012,Kwik,"$19,225,149"
"5,767",2021,The Tomorrow War,"$19,220,000"
"5,768",1987,The Principal,"$19,214,194"
"5,769",1994,House Party 3,"$19,194,572"
"5,770",2002,Martin Lawrence Live: RunTelDat,"$19,184,820"
"5,771",2008,Auf der anderen Seite,"$19,184,629"
"5,772",2008,The Visitor,"$19,174,817"
"5,773",1996,Mother,"$19,174,217"
"5,774",1988,Friday the 13th Part VII: The New Blood,"$19,170,001"
"5,775",2005,Ladies in Lavender,"$19,168,295"
"5,776",2015,Hiroin shikkaku,"$19,161,660"
"5,777",2007,A Mighty Heart,"$19,153,568"
"5,778",1968,The Fox,"$19,146,711"
"5,779",1986,Castle in the Sky,"$19,133,110"
"5,780",2004,Vanity Fair,"$19,123,851"
"5,781",2009,Capitalism: A Love Story,"$19,121,531"
"5,782",2023,Champions,"$19,116,078"
"5,783",2025,We Girls (向阳·花),"$19,114,533"
"5,784",2018,Oolong Courtyard:Kung Fu School,"$19,110,296"
"5,785",2021,Those Who Wish Me Dead,"$19,107,200"
"5,786",1974,That's Entertainment,"$19,100,000"
"5,787",2016,The Edge of Seventeen,"$19,096,003"
"5,788",1998,Rushmore,"$19,080,435"
"5,789",2014,The Drop,"$19,054,534"
"5,790",1989,Blaze,"$19,049,727"
"5,791",1998,The Replacement Killers,"$19,035,741"
"5,792",2007,Detective Conan: Jolly Roger in Deep …,"$19,035,565"
"5,793",1991,Mortal Thoughts,"$19,018,321"
"5,794",1998,Disturbing Behavior,"$19,014,238"
"5,795",1979,North Dallas Forty,"$19,010,710"
"5,796",1995,Johnny Mnemonic,"$19,006,201"
"5,797",2019,Xia Yi Ren: Qian Ren,"$19,005,956"
"5,798",1979,The Seduction of Joe Tynan,"$19,000,000"
"5,799",1946,The Jolson Story,"$19,000,000"
"5,800",1980,The Octagon,"$19,000,000"
"5,801",1989,Skin Deep,"$19,000,000"
"5,802",1978,The Boys from Brazil,"$19,000,000"
"5,803",1993,Sniper,"$18,994,653"
"5,804",2005,The World's Fastest Indian,"$18,991,288"
"5,805",2012,En kongelig affære,"$18,983,277"
"5,806",1996,Bed of Roses,"$18,972,237"
"5,807",2020,Brahms: The Boy II,"$18,968,326"
"5,808",2011,The Heir Apparent: Largo Winch,"$18,967,760"
"5,809",2006,Akeelah and the Bee,"$18,959,424"
"5,810",2021,Konyek Gorbunok,"$18,959,116"
"5,811",2022,Fragments of the Last Will (ラーゲリより愛を込…,"$18,946,920"
"5,812",2017,Before I Fall,"$18,945,682"
"5,813",2019,Les invisibles,"$18,930,111"
"5,814",1988,Cocoon: The Return,"$18,924,919"
"5,815",2015,Unfair the End,"$18,913,492"
"5,816",1998,The Odd Couple II,"$18,912,328"
"5,817",2022,The 355,"$18,902,798"
"5,818",2016,Desu nôto: Light Up the New World,"$18,901,839"
"5,819",1978,Eyes of Laura Mars,"$18,900,000"
"5,820",1993,Untamed Heart,"$18,899,204"
"5,821",2009,Whip It,"$18,889,972"
"5,822",1996,Kazaam,"$18,880,508"
"5,823",2011,Shark Night 3D,"$18,877,153"
"5,824",2019,J’accuse,"$18,875,065"
"5,825",1988,The Seventh Sign,"$18,875,011"
"5,826",2012,Mine Vaganti,"$18,872,126"
"5,827",1966,Alfie,"$18,871,300"
"5,828",1988,Above the Law,"$18,869,631"
"5,829",2020,Promising Young Woman,"$18,854,166"
"5,830",2019,Les misérables,"$18,849,747"
"5,831",1981,Paternity,"$18,838,000"
"5,832",2008,Gegege no Kitarô: Sennen noroi uta,"$18,836,036"
"5,833",2006,See No Evil,"$18,828,036"
"5,834",1981,Under the Rainbow,"$18,826,490"
"5,835",2010,Micmacs,"$18,821,576"
"5,836",1965,What's New Pussycat,"$18,820,000"
"5,837",1976,Across the Great Divide,"$18,800,000"
"5,838",1974,Macon County Line,"$18,800,000"
"5,839",2018,Duck Duck Goose,"$18,783,530"
"5,840",1987,Suspect,"$18,782,400"
"5,841",2012,The Rebound,"$18,774,608"
"5,842",2004,The Merchant of Venice,"$18,765,585"
"5,843",2020,Gekijouban Fate/Stay Night: Heaven’s …,"$18,765,310"
"5,844",2017,Fu zi xiong bing,"$18,764,048"
"5,845",2017,Jojakdwen doshi,"$18,755,496"
"5,846",1987,The Believers,"$18,753,438"
"5,847",1959,Pillow Talk,"$18,750,000"
"5,848",2019,Greta,"$18,745,868"
"5,849",2016,Asura : The City of Madness,"$18,736,628"
"5,850",2013,Admission,"$18,733,666"
"5,851",2018,The Wife,"$18,731,409"
"5,852",2021,Kidô senshi Gandamu: Senkô no Hasauei,"$18,731,308"
"5,853",2021,Singkeuhol (싱크홀),"$18,729,449"
"5,854",2011,Jûsan-nin no shikaku,"$18,727,440"
"5,855",2010,Housefull,"$18,726,300"
"5,856",2008,"Grande, grosso e Verdone","$18,725,496"
"5,857",2001,3000 Miles to Graceland,"$18,708,848"
"5,858",2018,Joseon Myungtamjung: Heubhyeolgwimaui…,"$18,708,399"
"5,859",1985,Year of the Dragon,"$18,707,466"
"5,860",2016,Suddenly Seventeen,"$18,683,303"
"5,861",2005,Waiting...,"$18,673,274"
"5,862",1999,Anywhere But Here,"$18,653,615"
"5,863",2019,Xiao zhu pei qi guo da nian,"$18,653,041"
"5,864",1991,Paradise,"$18,634,643"
"5,865",2018,Jigeum Mannareo Gabmida,"$18,634,127"
"5,866",2009,Fired Up,"$18,608,570"
"5,867",1970,The Boatniks,"$18,607,492"
"5,868",2012,OMG: Oh My God,"$18,602,281"
"5,869",1984,Blame it on Rio,"$18,600,000"
"5,870",1996,The Fan,"$18,582,965"
"5,871",2019,Motherless Brooklyn,"$18,577,736"
"5,872",2008,Detoroito Metaru Shiti,"$18,569,470"
"5,873",1986,Flight of the Navigator,"$18,564,613"
"5,874",2023,The Blackening,"$18,563,767"
"5,875",1987,Some Kind of Wonderful,"$18,553,948"
"5,876",1995,The Quick and the Dead,"$18,552,460"
"5,877",2005,An Unfinished Life,"$18,535,575"
"5,878",1987,Project X,"$18,532,286"
"5,879",2010,[Rec] 2,"$18,527,766"
"5,880",2019,Black Christmas,"$18,526,087"
"5,881",2004,De-Lovely,"$18,524,496"
"5,882",2012,Winx Club - Il Segreto Del Regno Perduto,"$18,523,991"
"5,883",2017,Lipstick Under My Burka,"$18,520,527"
"5,884",1995,Cutthroat Island,"$18,517,322"
"5,885",2019,Kaguya-sama: Love Is War,"$18,516,460"
"5,886",2008,Pako to Maho no Ehon,"$18,508,052"
"5,887",2003,A Mighty Wind,"$18,504,539"
"5,888",2024,Jung Kook: I Am Still (정국: 아이 엠 스틸)…,"$18,500,823"
"5,889",2001,The Curse of the Jade Scorpion,"$18,496,522"
"5,890",2002,Empire,"$18,495,444"
"5,891",2018,Tian Qi Yu Bao,"$18,485,628"
"5,892",2017,Santa & Cie,"$18,481,089"
"5,893",2022,Hotel Transylvania: Transformania,"$18,480,000"
"5,894",1992,Singles,"$18,471,850"
"5,895",1989,Casualties of War,"$18,468,714"
"5,896",2020,The Turning,"$18,460,739"
"5,897",2017,Battle of the Sexes,"$18,445,379"
"5,898",2007,Heyy Babyy,"$18,429,951"
"5,899",2015,Palmeras en la nieve,"$18,428,243"
"5,900",1994,Sugar Hill,"$18,423,914"
"5,901",2024,Escape (탈주),"$18,421,721"
"5,902",2017,Listy Do M3,"$18,421,612"
"5,903",2018,Müslüm,"$18,420,808"
"5,904",1962,In Search of the Castaways,"$18,415,385"
"5,905",2021,Mei Yanfang (梅艷芳),"$18,415,299"
"5,906",2014,The Quiet Ones,"$18,413,804"
"5,907",2011,Desert Flower,"$18,405,284"
"5,908",1985,Ladyhawke,"$18,400,000"
"5,909",2017,Yôkai Watch 4,"$18,395,457"
"5,910",2014,Sabotage,"$18,376,443"
"5,911",2009,Dorian Gray,"$18,353,669"
"5,912",2011,Rockstar,"$18,346,912"
"5,913",1973,Sleeper,"$18,344,866"
"5,914",2016,Luomandike xiaowang shi,"$18,340,604"
"5,915",2017,Zhui bu,"$18,339,343"
"5,916",2024,Customs Frontline,"$18,333,795"
"5,917",2017,Big Baker's Unlucky Bear,"$18,330,044"
"5,918",2019,Crayon Shin-chan: Honeymoon Hurricane…,"$18,321,683"
"5,919",2014,Gooische Vrouwen II,"$18,317,700"
"5,920",1998,Simon Birch,"$18,310,591"
"5,921",2012,Jagten,"$18,309,793"
"5,922",1997,That Darn Cat,"$18,301,828"
"5,923",1978,Good Guys Wear Black,"$18,300,000"
"5,924",1993,Geronimo: An American Legend,"$18,296,646"
"5,925",2018,Hell Fest,"$18,294,883"
"5,926",2017,Boangwan,"$18,292,558"
"5,927",2018,Sorry to Bother You,"$18,285,560"
"5,928",2013,Machete Kills,"$18,273,009"
"5,929",1994,Love Affair,"$18,272,894"
"5,930",2000,Eye of the Beholder,"$18,260,865"
"5,931",1989,Crimes and Misdemeanors,"$18,254,702"
"5,932",2000,Loser,"$18,250,106"
"5,933",2019,The Lighthouse,"$18,237,527"
"5,934",2007,Daddy Day Camp,"$18,209,872"
"5,935",1982,Dead Men Don’t Wear Plaid,"$18,196,170"
"5,936",1994,Getting Even With Dad,"$18,195,538"
"5,937",2010,Repo Men,"$18,195,238"
"5,938",2015,Dope,"$18,190,831"
"5,939",2014,Bears,"$18,151,746"
"5,940",1996,Last Man Standing,"$18,149,997"
"5,941",2018,Chappaquiddick,"$18,148,091"
"5,942",1985,The Sure Thing,"$18,136,000"
"5,943",1994,Milk Money,"$18,121,466"
"5,944",1989,The Fabulous Baker Boys,"$18,121,297"
"5,945",2000,All the Pretty Horses,"$18,120,267"
"5,946",2006,Keeping Mum,"$18,114,037"
"5,947",2006,Friends with Money,"$18,110,152"
"5,948",2025,Until Dawn,"$18,103,402"
"5,949",2012,Gone,"$18,100,189"
"5,950",1970,Five Easy Pieces,"$18,099,091"
"5,951",1994,Wes Craven's New Nightmare,"$18,090,181"
"5,952",1990,DuckTales: The Movie - Treasure of th…,"$18,075,331"
"5,953",2020,Freaky,"$18,073,433"
"5,954",1981,Private Lessons,"$18,066,774"
"5,955",1986,"Jo Jo Dancer, Your Life is Calling","$18,034,150"
"5,956",2014,Ki-sool-ja-deul,"$18,029,692"
"5,957",2017,Ao Jiao & Pian Jian,"$18,019,652"
"5,958",1972,Everything You Always Wanted to Know,"$18,016,290"
"5,959",2022,One Week Friends (週的朋友),"$18,014,349"
"5,960",1978,Death on the Nile,"$18,007,517"
"5,961",1980,Hardly Working,"$18,000,000"
"5,962",1981,The Private Eyes,"$18,000,000"
"5,963",1980,Windwalker,"$18,000,000"
"5,964",1970,Ann och Eve - de Erotiska,"$18,000,000"
"5,965",1978,Ice Castles,"$18,000,000"
"5,966",2020,"Ensemble, c’est tout","$17,988,919"
"5,967",1981,The Howling,"$17,985,130"
"5,968",2015,The Lobster,"$17,985,061"
"5,969",2024,Yuanyang Lou (鸳鸯楼·惊魂),"$17,971,059"
"5,970",2023,Next Goal Wins,"$17,968,934"
"5,971",2012,Stolen,"$17,967,746"
"5,972",2017,The Case for Christ,"$17,966,760"
"5,973",1992,Used People,"$17,957,265"
"5,974",2023,Dumb Money,"$17,956,910"
"5,975",2019,"Paw Patrol: Ready, Race, Rescue!","$17,955,101"
"5,976",2012,Bokura ga Ita Kohen,"$17,953,383"
"5,977",2017,Shinobi no kuni,"$17,952,504"
"5,978",2018,"Belle et Sébastien 3, le Dernier Chap…","$17,939,744"
"5,979",2014,And So It Goes,"$17,920,013"
"5,980",2019,Poms,"$17,901,314"
"5,981",1976,The Pom Pom Girls,"$17,900,000"
"5,982",1996,The Crow: City of Angels,"$17,897,671"
"5,983",2009,Delhi 6,"$17,884,197"
"5,984",2017,Backkom Bear: Agent 008,"$17,880,000"
"5,985",1971,Bedknobs and Broomsticks,"$17,871,174"
"5,986",2001,Antitrust,"$17,865,209"
"5,987",2015,Brothers,"$17,856,688"
"5,988",1990,Sibling Rivalry,"$17,854,933"
"5,989",2013,Boule et Bill,"$17,850,115"
"5,990",2019,Beullaekmeoni,"$17,849,132"
"5,991",2023,The Birth of Kitaro: The Mystery of G…,"$17,832,427"
"5,992",2008,City of Ember,"$17,831,558"
"5,993",1943,For Whom the Bell Tolls,"$17,827,379"
"5,994",1980,Honeysuckle Rose,"$17,815,212"
"5,995",1968,The Boston Strangler,"$17,810,894"
"5,996",2006,School for Scoundrels,"$17,807,569"
"5,997",2000,The Contender,"$17,804,273"
"5,998",2018,Todos lo saben,"$17,791,656"
"5,999",2013,9 mois ferme,"$17,787,755"
"6,000",2011,Gaku: Minna no Yama,"$17,772,865"
