title,stars_in_movie,critic_score,audience_score,rank,release_date,production_budget
M*A*S*H,,84%,83%,"5,277","Jan 1, 1970","$3,500,000"
Patton,,91%,93%,"3,838","Jan 1, 1970","$12,000,000"
Tora! Tora! Tora!,,55%,81%,"2,579","Sep 23, 1970","$25,000,000"
Catch-22,,81%,76%,"3,206","Jun 24, 1970","$18,000,000"
The Molly Maguires,,90%,62%,"4,011",1970,"$11,000,000"
Loving,,,,"4,349","Nov 4, 2016","$9,000,000"
The Ballad of Cable Hogue,,94%,81%,"5,268","May 13, 1970","$3,716,946"
Waterloo,,30%,83%,"2,681","Jan 1, 1970","$25,000,000"
Beneath the Planet of the Apes,,37%,38%,"5,382","May 26, 1970","$3,000,000"
Cotton Comes to Harlem,,,67%,"5,956","May 27, 1970","$1,200,000"
Beyond the Valley of the Dolls,,76%,72%,"5,999","Jun 17, 1970","$1,000,000"
Darling Lili,,40%,69%,"2,815","Jun 24, 1970","$22,000,000"
Joe,,75%,64%,"5,208","Apr 11, 2014","$4,000,000"
The Deep End,,82%,59%,"5,402","Aug 8, 2001","$3,000,000"
Trash,,,46%,"3,937","Feb 21, 2015","$12,000,000"
Fiddler on the Roof,,81%,92%,"4,323","Jan 1, 1971","$9,000,000"
Diamonds Are Forever,,64%,57%,"4,568","Nov 26, 1971","$7,200,000"
The French Connection,,96%,87%,"5,605","Oct 9, 1971","$2,200,000"
Get Carter,Michael Caine,87%,84%,"1,773","Oct 6, 2000","$40,000,000"
The Andromeda Strain,,68%,72%,"4,692","Jan 1, 1971","$6,500,000"
Bananas,,83%,74%,"5,725","Apr 28, 1971","$2,000,000"
The Beguiled,,78%,48%,"4,153","Jun 23, 2017","$10,000,000"
Wuthering Heights,Tom Hardy,31%,66%,"4,507","Oct 5, 2012","$8,000,000"
Willard,,64%,51%,"3,054","Mar 14, 2003","$20,000,000"
Shaft,"Christian Bale, Samuel L. Jackson",34%,94%,"1,270","Jun 16, 2000","$53,012,938"
Shaft,"Christian Bale, Samuel L. Jackson",34%,94%,"2,255","Jun 14, 2019","$30,000,000"
The Hunting Party,,20%,54%,"1,806","Sep 7, 2007","$40,000,000"
See No Evil,,10%,50%,"4,464","May 19, 2006","$8,000,000"
Lady and the Tramp,,93%,80%,"1,162","Nov 12, 2019","$60,000,000"
Mary Queen of Scots,,62%,41%,"2,608","Dec 7, 2018","$25,000,000"
Straw Dogs,,82%,82%,"2,636","Sep 16, 2011","$25,000,000"
The Godfather,"Al Pacino, Marlon Brando",97%,98%,"4,573","Mar 15, 1972","$7,000,000"
Getaway,,3%,36%,"3,229","Aug 30, 2013","$18,000,000"
Silent Running,,71%,66%,"5,976","Mar 10, 1972","$1,100,000"
The Ten Commandments,,,,"3,703","Oct 5, 1956","$13,500,000"
The Ten Commandments,,,,"4,228","Oct 19, 2007","$10,000,000"
Frenzy,,91%,78%,"5,291","Jun 21, 1972","$3,500,000"
Conquest of the Planet of the Apes,,52%,46%,"5,796","Jun 30, 1972","$1,700,000"
The Man,Samuel L. Jackson,12%,41%,"3,045","Sep 9, 2005","$20,000,000"
Superfly,,93%,70%,"3,376","Jun 13, 2018","$16,000,000"
The Last House on the Left,,43%,52%,"3,489","Mar 13, 2009","$15,000,000"
Solaris,,66%,59%,"1,476","Nov 27, 2002","$47,000,000"
Bad Company,,,,915,"Jun 7, 2002","$70,000,000"
Dumbo,,95%,70%,184,"Mar 27, 2019","$170,000,000"
1776,,68%,84%,"5,241","Nov 9, 1972","$4,000,000"
The Mechanic,Jason Statham,53%,51%,"1,594","Jan 28, 2011","$42,500,000"
Sisters,,,,"2,160","Dec 18, 2015","$30,000,000"
The Exorcist,,78%,87%,"3,822","Dec 26, 1973","$12,000,000"
Papillon,,72%,90%,"3,704","Dec 16, 1973","$13,500,000"
Live and Let Die,,67%,64%,"4,583","Jun 27, 1973","$7,000,000"
Robin Hood,,,,56,"May 14, 2010","$210,000,000"
Robin Hood,,,,539,"Nov 21, 2018","$99,000,000"
Serpico,,93%,88%,"5,370","Dec 5, 1973","$3,000,000"
Walking Tall,Dwayne Johnson,26%,59%,"1,190","Apr 2, 2004","$56,000,000"
Slither,,87%,63%,"3,429","Mar 31, 2006","$15,250,000"
The Crazies,,71%,48%,"3,134","Feb 26, 2010","$19,000,000"
Pat Garrett and Billy the Kid,,57%,82%,"5,081","May 23, 1973","$4,638,783"
Battle for the Planet of the Apes,,36%,30%,"5,771",1973,"$1,800,000"
High Plains Drifter,,94%,86%,"4,850","Aug 22, 1973","$5,500,000"
The Outfit,,80%,73%,"4,995","Mar 18, 2022","$5,000,000"
The Three Musketeers,Christoph Waltz,,,619,"Oct 21, 2011","$90,000,000"
Sleeper,,100%,81%,"5,630","Dec 17, 1973","$2,000,000"
Haeundae,,,49%,"3,410","May 11, 2010","$16,000,000"
Blazing Saddles,,89%,91%,"5,523","Feb 7, 1974","$2,600,000"
Young Frankenstein,,95%,92%,"5,499","Dec 15, 1974","$2,800,000"
Earthquake,,44%,36%,"4,577","Nov 15, 1974","$7,000,000"
The Longest Yard,Adam Sandler,31%,62%,683,"May 27, 2005","$82,000,000"
Murder on the Orient Express,,90%,78%,"1,206","Nov 3, 2017","$55,000,000"
Luther,,,,"2,035","Sep 26, 2003","$35,000,000"
Alice in Wonderland,Johnny Depp,,,75,"Mar 4, 2010","$200,000,000"
Alice in Wonderland,Johnny Depp,,,"5,473","Jul 28, 1951","$3,000,000"
The Great Gatsby,"Leonardo DiCaprio, Tobey Maguire, Carey Mulligan",52%,,121,"May 10, 2013","$190,000,000"
The Great Gatsby,"Leonardo DiCaprio, Tobey Maguire, Carey Mulligan",52%,,"4,589","Mar 29, 1974","$7,000,000"
The Conversation,Harrison Ford,97%,89%,"5,809","Apr 7, 1974","$1,600,000"
Chinatown,,98%,93%,"4,739","Jun 21, 1974","$6,000,000"
Oliver Twist,Ben Kingsley,,,"1,013","Sep 23, 2005","$65,000,000"
Death Wish,,66%,69%,"2,234","Mar 2, 2018","$30,000,000"
The Gambler,Mark Wahlberg,,,"2,569","Dec 10, 2014","$25,000,000"
The Gambler,Mark Wahlberg,,,"5,461","Aug 4, 1999","$3,000,000"
The Taking of Pelham One Two Three,,98%,88%,"5,260","Oct 2, 1974","$3,800,000"
Black Christmas,,14%,38%,"4,341","Dec 5, 2006","$9,000,000"
Black Christmas,,14%,38%,"4,959","Dec 13, 2019","$5,000,000"
Benji,,86%,55%,"4,815","Dec 28, 2018","$6,000,000"
Stardust,"Robert De Niro, Ian McKellen",77%,86%,908,"Aug 10, 2007","$70,000,000"
Open Season,,49%,57%,654,"Sep 29, 2006","$85,000,000"
The Little Prince,Rachel McAdams,,88%,781,"Jul 29, 2015","$77,500,000"
The Front Page,,,,"5,164","Dec 17, 1974","$4,000,000"
Jaws,,97%,90%,"3,821","Jun 20, 1975","$12,000,000"
The Return of the Pink Panther,,86%,82%,"4,902","May 16, 1975","$5,000,000"
The Rocky Horror Picture Show,,80%,85%,"5,925","Sep 26, 1975","$1,200,000"
The Stepford Wives,"Nicole Kidman, Matthew Broderick",26%,30%,505,"Jun 11, 2004","$100,000,000"
The Specialist,,,20%,"1,520","Oct 7, 1994","$45,000,000"
Love and Death,,100%,90%,"5,376","Jun 10, 1975","$3,000,000"
Bug,,61%,34%,"5,183","May 25, 2007","$4,000,000"
Rollerball,,67%,62%,922,"Feb 8, 2002","$70,000,000"
Smile,,,,"3,281","Sep 28, 2022","$17,000,000"
Diamonds,,,,"3,952","Dec 10, 1999","$11,900,000"
Overlord,,89%,73%,"1,854","Nov 3, 2018","$38,000,000"
Inside Out,Amy Poehler,,37%,158,"Jun 12, 2015","$175,000,000"
Barry Lyndon,,87%,92%,"3,989",1975,"$11,000,000"
Killer Elite,"Jason Statham, Robert De Niro",28%,42%,919,"Sep 23, 2011","$70,000,000"
Snow White and the Seven Dwarfs,,97%,78%,"5,879","Dec 21, 1937","$1,488,000"
Rocky,,,,"5,983","Nov 21, 1976","$1,000,000"
King Kong,Adrien Brody,84%,50%,57,"Dec 14, 2005","$207,000,000"
King Kong,Adrien Brody,84%,50%,"2,735","Dec 17, 1976","$23,000,000"
The Omen,,26%,40%,"2,533","Jun 6, 2006","$25,000,000"
The Omen,,26%,40%,"5,500","Jun 25, 1976","$2,800,000"
Midway,,41%,71%,508,"Nov 7, 2019","$100,000,000"
Taxi Driver,Robert De Niro,89%,93%,"5,753","Feb 8, 1976","$1,900,000"
Robin and Marian,,73%,53%,"4,967","Mar 11, 1976","$5,000,000"
The Blue Bird,,,,"5,939",1976,"$1,200,000"
Sparkle,,78%,,"4,108","Aug 17, 2012","$10,000,000"
Family Plot,,93%,62%,"5,389","Apr 9, 1976","$3,000,000"
Premonition,,8%,50%,"2,910","Mar 16, 2007","$20,000,000"
Silent Movie,,79%,72%,"5,131","Jun 25, 1976","$4,400,000"
The Killer Inside Me,,56%,40%,"3,787","Jun 18, 2010","$13,000,000"
Diary of the Dead,,,45%,"5,509","Feb 15, 2008","$2,750,000"
Up,,98%,90%,161,"May 28, 2009","$175,000,000"
Carrie,,50%,44%,"2,231","Oct 18, 2013","$30,000,000"
Carrie,,50%,44%,"5,767","Nov 16, 1976","$1,800,000"
Network,,91%,93%,"5,255",1976,"$3,800,000"
Freaky Friday,,88%,58%,"2,456","Aug 6, 2003","$26,000,000"
Close Encounters of the Third Kind,,90%,85%,"2,862","Nov 16, 1977","$20,000,000"
The Deep,,42%,38%,510,"Jun 17, 1977","$100,000,000"
The Spy Who Loved Me,,82%,77%,"3,647","Jul 13, 1977","$14,000,000"
Annie Hall,"Sigourney Weaver, Jeff Goldblum",97%,92%,"5,151","Apr 20, 1977","$4,000,000"
The Sentinel,,35%,41%,"1,117","Apr 21, 2006","$60,000,000"
The Greatest,Carey Mulligan,,,"4,804","Apr 2, 2010","$6,000,000"
Cinderella,,98%,80%,544,"Mar 6, 2015","$95,000,000"
Cinderella,,98%,80%,"5,491","Feb 15, 1950","$2,900,000"
Exorcist II: The Heretic,,11%,13%,"3,660","Jun 17, 1977","$14,000,000"
"New York, New York",Robert De Niro,57%,58%,"3,669","Jun 22, 1977","$14,000,000"
The Hills Have Eyes,,52%,58%,"3,298","Mar 10, 2006","$17,000,000"
Brothers,"Jake Gyllenhaal, Natalie Portman, Tobey Maguire, Carey Mulligan",,,"2,477","Dec 4, 2009","$26,000,000"
Brothers,"Jake Gyllenhaal, Natalie Portman, Tobey Maguire, Carey Mulligan",,,"3,783","Aug 13, 2015","$13,000,000"
March or Die,,,46%,"4,643","Aug 5, 1977","$7,000,000"
Suspiria,,65%,72%,"3,074","Oct 12, 2018","$20,000,000"
The Yellow Handkerchief,,,,"3,425","Feb 26, 2010","$15,500,000"
Julia,Meryl Streep,,,"4,807","May 8, 2009","$6,000,000"
Damnation Alley,,45%,34%,"3,335","Oct 21, 1977","$17,000,000"
The Hobbit: An Unexpected Journey,"Elijah Wood, Benedict Cumberbatch, Ian McKellen",64%,83%,77,"Dec 11, 2012","$200,000,000"
High Anxiety,,75%,67%,"5,329","Dec 23, 1977","$3,400,000"
Grease,,66%,87%,"4,722","Jun 16, 1978","$6,000,000"
Superman,Marlon Brando,,,"1,200","Dec 15, 1978","$55,000,000"
Heaven Can Wait,,86%,69%,"3,443","Jun 28, 1978","$15,000,000"
Jaws 2,,62%,39%,"2,873","Jun 16, 1978","$20,000,000"
The Deer Hunter,"Meryl Streep, Robert De Niro",86%,91%,"3,464","Dec 8, 1978","$15,000,000"
Coming Home,,83%,83%,"5,369",1978,"$3,000,000"
Fury,Brad Pitt,,,721,"Oct 17, 2014","$80,000,000"
Dawn of the Dead,,76%,77%,"2,379","Mar 19, 2004","$28,000,000"
Dawn of the Dead,,76%,77%,"5,834","Apr 20, 1979","$1,500,000"
Capricorn One,,65%,58%,"5,048","Dec 10, 1977","$5,000,000"
The Jungle Book,"Scarlett Johansson, Lupita Nyong'o, Ben Kingsley",,75%,157,"Apr 7, 2016","$175,000,000"
The Jungle Book,"Scarlett Johansson, Lupita Nyong'o, Ben Kingsley",,75%,"2,430","Dec 25, 1994","$27,000,000"
Matilda,,,53%,"2,675",Unknown,"$25,000,000"
Days of Heaven,,94%,89%,"5,425","Sep 13, 1978","$3,000,000"
Death on the Nile,,80%,79%,614,"Feb 9, 2022","$90,000,000"
The Wiz,,44%,65%,"2,711","Oct 24, 1978","$24,000,000"
I Spit on Your Grave,,51%,40%,"5,790","Oct 8, 2010","$1,750,000"
Pinocchio,,0%,33%,"1,574","Dec 25, 2002","$45,000,000"
Pinocchio,,0%,33%,"3,716","Dec 19, 2019","$13,200,000"
Pinocchio,,0%,33%,"5,602","Feb 9, 1940","$2,289,247"
The Amityville Horror,Ryan Reynolds,31%,52%,"3,158","Apr 15, 2005","$18,500,000"
Star Trek: The Motion Picture,,53%,42%,"1,926","Dec 7, 1979","$35,000,000"
Alien,Sigourney Weaver,93%,94%,"4,031","May 25, 1979","$10,700,000"
Apocalypse Now,"Harrison Ford, Marlon Brando",97%,94%,"2,122","Aug 15, 1979","$31,500,000"
The Muppet Movie,,89%,88%,"4,434","Jun 22, 1979","$8,000,000"
Dreamer: Inspired by a True Story,,64%,78%,"2,105","Oct 21, 2005","$32,000,000"
The Prisoner of Zenda,,,,"3,805","May 25, 1979","$12,500,000"
Prophecy,,100%,,"3,865","Jun 15, 1979","$12,000,000"
Life of Brian,,96%,93%,"5,160","Aug 17, 1979","$4,000,000"
The Tempest,,,,"3,094","Dec 10, 2010","$20,000,000"
When a Stranger Calls,,9%,43%,"3,466","Feb 3, 2006","$15,000,000"
The Black Stallion,,90%,83%,"5,511","Oct 17, 1979","$2,700,000"
Head Over Heels,,90%,92%,"3,676","Feb 2, 2001","$14,000,000"
Meteor,,,23%,"3,390","Oct 19, 1979","$16,000,000"
The Rose,,74%,81%,"4,403","Nov 7, 1979","$8,500,000"
The Visitor,,,,"5,176","Apr 11, 2008","$4,000,000"
1941,,39%,48%,"2,104","Dec 14, 1979","$32,000,000"
The Black Hole,,,8%,"2,932","Dec 21, 1979","$20,000,000"
Going in Style,,82%,75%,"2,696","Apr 5, 2017","$24,000,000"
Airplane!,,97%,89%,"5,276","Jul 4, 1980","$3,500,000"
Private Benjamin,,83%,60%,"3,450","Oct 10, 1980","$15,000,000"
The Blue Lagoon,,12%,53%,"5,093","Jun 20, 1980","$4,500,000"
The Blues Brothers,Carrie Fisher,72%,92%,"2,429","Jun 20, 1980","$27,000,000"
Simon,,67%,88%,"5,907","Apr 7, 2006","$1,300,000"
2001: A Space Odyssey,,92%,89%,"4,036","Apr 2, 1968","$10,500,000"
The Fog,,,,"3,199","Oct 14, 2005","$18,000,000"
The Fog,,,,"5,963","Feb 1, 1980","$1,100,000"
The Ninth Configuration,,81%,76%,"5,250","Feb 29, 1980","$4,000,000"
Out of the Blue,,,40%,"5,088","Oct 19, 2007","$4,600,000"
Fame,,81%,69%,"3,210","Sep 25, 2009","$18,000,000"
The Long Riders,,81%,73%,"4,137","May 16, 1980","$10,000,000"
The Shining,,83%,93%,"3,131","May 23, 1980","$19,000,000"
Galaxina,,17%,22%,"4,856","Jun 6, 1980","$5,500,000"
The Island,"Scarlett Johansson, Ewan McGregor",40%,63%,396,"Jul 22, 2005","$120,000,000"
The Island,"Scarlett Johansson, Ewan McGregor",40%,63%,"2,804","Jun 13, 1980","$22,000,000"
Can't Stop the Music,,22%,37%,"3,078","Jun 20, 1980","$20,000,000"
Alligator,,86%,49%,"5,750","Nov 14, 1980","$2,000,000"
Prom Night,,9%,38%,"3,186","Apr 11, 2008","$18,000,000"
Caddyshack,,72%,87%,"4,731","Jul 25, 1980","$6,000,000"
Dressed to Kill,Michael Caine,83%,74%,"4,686","Jan 1, 1980","$6,500,000"
Raise the Titanic,,38%,28%,"1,792","Aug 1, 1980","$40,000,000"
Ordinary People,,89%,88%,"4,715","Sep 19, 1980","$6,200,000"
Somewhere in Time,,52%,88%,"4,886","Oct 3, 1980","$5,100,000"
Terror Train,,44%,38%,"5,295",1980,"$3,500,000"
The Elephant Man,,,88%,"4,913","Oct 3, 1980","$5,000,000"
The Awakening,,,43%,"5,068","Aug 17, 2012","$4,900,000"
Boogeyman,,13%,21%,"2,912","Feb 4, 2005","$20,000,000"
Raging Bull,Robert De Niro,92%,93%,"3,208","Nov 14, 1980","$18,000,000"
Heaven's Gate,Willem Dafoe,57%,54%,"1,585","Nov 19, 1980","$44,000,000"
Babylon,,100%,46%,764,"Dec 23, 2022","$80,000,000"
Superman II,,83%,76%,"1,263","Jun 19, 1981","$54,000,000"
Popeye,,,,"2,906","Dec 12, 1980","$20,000,000"
Raiders of the Lost Ark,Harrison Ford,93%,96%,"2,859","Jun 12, 1981","$20,000,000"
Stripes,,88%,79%,"4,050","Jun 26, 1981","$10,000,000"
Chariots of Fire,,83%,80%,"4,845","Sep 25, 1981","$5,500,000"
For Your Eyes Only,,69%,64%,"2,380","Jun 26, 1981","$28,000,000"
The Four Seasons,,76%,75%,"4,685","May 22, 1981","$6,500,000"
Time Bandits,,91%,77%,"3,847","Nov 6, 1981","$12,000,000"
Scream,,76%,82%,"2,689","Jan 12, 2022","$24,000,000"
Scream,,76%,82%,"3,440","Dec 20, 1996","$15,000,000"
My Bloody Valentine,,58%,52%,"3,643","Jan 16, 2009","$14,000,000"
Nighthawks,,71%,55%,"4,940","Apr 10, 1981","$5,000,000"
The Howling,,74%,60%,"5,990","Apr 10, 1981","$1,000,000"
Lion of the Desert,,75%,93%,"2,042",1980,"$35,000,000"
Night School,,,27%,"2,342","Sep 26, 2018","$29,000,000"
The Legend of the Lone Ranger,,,57%,"3,227","May 22, 1981","$18,000,000"
Tuck Everlasting,Ben Kingsley,60%,70%,"3,521","Oct 11, 2002","$15,000,000"
Clash of the Titans,"Ralph Fiennes, Liam Neeson, Nicholas Hoult, Sam Worthington",64%,70%,362,"Apr 1, 2010","$125,000,000"
Clash of the Titans,"Ralph Fiennes, Liam Neeson, Nicholas Hoult, Sam Worthington",64%,70%,"3,498","Jun 12, 1981","$15,000,000"
History of the World: Part I,,61%,81%,"3,982","Jun 12, 1981","$11,000,000"
Dragonslayer,,84%,63%,"3,235","Jun 26, 1981","$18,000,000"
Endless Love,,26%,51%,"2,964","Feb 14, 2014","$20,000,000"
Blow Out,,89%,81%,"3,225","Jul 24, 1981","$18,000,000"
Under the Rainbow,Carrie Fisher,0%,48%,"2,984","Jul 31, 1981","$20,000,000"
Heavy Metal,,,,"4,312","Aug 7, 1981","$9,300,000"
Das Boot,,98%,96%,"3,888","Feb 10, 1982","$12,000,000"
Mommie Dearest,,48%,72%,"4,929","Sep 18, 1981","$5,000,000"
Halloween II,,33%,63%,"5,540","Oct 30, 1981","$2,500,000"
Porky's,,,50%,"5,147","Mar 19, 1982","$4,000,000"
Reds,,90%,82%,"2,066","Dec 4, 1981","$33,500,000"
Neighbors,,,,"3,165","May 9, 2014","$18,000,000"
Taps,,68%,67%,"3,650","Dec 9, 1981","$14,000,000"
Modern Problems,,,31%,"4,450","Dec 25, 1981","$8,000,000"
E.T. the Extra-Terrestrial,,99%,72%,"4,035","Jun 11, 1982","$10,500,000"
Tootsie,,91%,81%,"3,434","Dec 17, 1982","$15,000,000"
Star Trek II: The Wrath of Khan,,87%,90%,"3,829","Jun 4, 1982","$12,000,000"
Poltergeist,,88%,79%,"1,950","May 20, 2015","$35,000,000"
Poltergeist,,88%,79%,"4,030","Jun 4, 1982","$10,700,000"
The Best Little Whorehouse in Texas,,48%,68%,"2,857","Jul 23, 1982","$20,500,000"
Annie,Cameron Diaz,49%,69%,980,"Dec 18, 2014","$65,000,000"
The Border,,65%,52%,"3,709","Jan 29, 1982","$13,500,000"
The Amateur,,,,"1,121","Apr 9, 2025","$60,000,000"
Cat People,,92%,73%,"3,804","Apr 2, 1982","$12,500,000"
Fantasia,,95%,83%,"5,603","Nov 13, 1940","$2,280,000"
Diner,,92%,77%,"4,950","Apr 2, 1982","$5,000,000"
Conan the Barbarian,,67%,74%,617,"Aug 19, 2011","$90,000,000"
Conan the Barbarian,,67%,74%,"2,925","May 14, 1982","$20,000,000"
Firefox,,41%,42%,"2,832","Jun 18, 1982","$21,000,000"
Blade Runner,Harrison Ford,89%,91%,"2,394","Jun 25, 1982","$28,000,000"
Megaforce,,6%,44%,"3,239","Jun 25, 1982","$18,000,000"
The Thing,,34%,42%,"1,859","Oct 14, 2011","$38,000,000"
Tron,,73%,69%,"3,306","Jul 9, 1982","$17,000,000"
Fast Times at Ridgemont High,,78%,80%,"5,095","Aug 13, 1982","$4,500,000"
Class of 1984,,71%,67%,"5,347","Aug 20, 1982","$3,250,000"
First Blood,,86%,86%,"3,646","Oct 22, 1982","$14,000,000"
Q,,73%,43%,"5,942","Nov 19, 1982","$1,200,000"
The Man From Snowy River,,85%,89%,"4,925","Nov 3, 1982","$5,000,000"
Creepshow,,66%,69%,"4,454","Nov 10, 1982","$8,000,000"
Alone in the Dark,,1%,11%,"3,063","Jan 28, 2005","$20,000,000"
Gandhi,Ben Kingsley,89%,92%,"2,782","Dec 8, 1982","$22,000,000"
The Verdict,,,,"3,354","Dec 8, 1982","$16,000,000"
The Year of Living Dangerously,,88%,77%,"4,761","Jan 21, 1983","$6,000,000"
Flashdance,,37%,61%,"4,575","Apr 15, 1983","$7,000,000"
WarGames,Matthew Broderick,94%,76%,"3,831","Jun 3, 1983","$12,000,000"
Octopussy,,42%,47%,"2,416","Jun 10, 1983","$27,500,000"
Staying Alive,,0%,40%,"2,778","Jul 15, 1983","$22,000,000"
Videodrome,,83%,80%,"4,823","Feb 4, 1983","$5,952,000"
Lovesick,,,,"4,043","Feb 18, 1983","$10,100,000"
Bad Boys,Will Smith,,,"2,732","Apr 7, 1995","$23,000,000"
The Outsiders,,,,"4,106","Mar 25, 1983","$10,000,000"
Lone Wolf McQuade,,57%,67%,"4,952","Apr 15, 1983","$5,000,000"
Eureka,,,,"5,702","May 4, 2001","$2,000,000"
Superman III,,29%,23%,"1,825","Jun 17, 1983","$39,000,000"
Twilight Zone: The Movie,,60%,55%,"4,098","Jun 24, 1983","$10,000,000"
Hercules,Dwayne Johnson,82%,76%,501,"Jul 23, 2014","$100,000,000"
Hercules,Dwayne Johnson,82%,76%,887,"Jun 13, 1997","$70,000,000"
Eddie and the Cruisers,,38%,73%,"4,985","Sep 23, 1983","$5,000,000"
Brainstorm,,,,"3,558","Sep 30, 1983","$15,000,000"
Never Say Never Again,,71%,37%,"1,896","Oct 7, 1983","$36,000,000"
The Dead Zone,,89%,77%,"4,117","Oct 21, 1983","$10,000,000"
The Right Stuff,Jeff Goldblum,96%,90%,"2,437","Oct 21, 1983","$27,000,000"
Under Fire,,91%,70%,"4,473","Oct 21, 1983","$8,000,000"
The Wicked Lady,,,38%,"4,494","Oct 28, 1983","$8,000,000"
From Russia With Love,,97%,84%,"5,626","Apr 8, 1964","$2,000,000"
Scarface,Al Pacino,79%,93%,"2,545","Dec 9, 1983","$25,000,000"
Yentl,,69%,75%,"3,844","Nov 18, 1983","$12,000,000"
Ghostbusters,"Chris Hemsworth, Sigourney Weaver",95%,88%,287,"Jul 13, 2016","$144,000,000"
Ghostbusters,"Chris Hemsworth, Sigourney Weaver",95%,88%,"2,138","Jun 8, 1984","$30,000,000"
Beverly Hills Cop,,82%,82%,"3,431","Dec 5, 1984","$15,000,000"
Indiana Jones and the Temple of Doom,Harrison Ford,77%,82%,"2,363","May 23, 1984","$28,000,000"
Gremlins,,86%,78%,"3,964","Jun 8, 1984","$11,000,000"
The Karate Kid,,90%,82%,"1,632","Jun 11, 2010","$40,000,000"
The Karate Kid,,90%,82%,"4,433","Jun 22, 1984","$8,000,000"
Police Academy,,56%,64%,"5,091","Mar 23, 1984","$4,500,000"
Footloose,,55%,71%,"2,695","Oct 14, 2011","$24,000,000"
Footloose,,55%,71%,"4,430","Feb 17, 1984","$8,200,000"
Star Trek III: The Search for Spock,,79%,68%,"3,172","Jun 1, 1984","$18,000,000"
Splash,Tom Hanks,91%,62%,"4,435","Mar 9, 1984","$8,000,000"
Repo Man,,98%,78%,"5,839","Mar 2, 1984","$1,500,000"
The Hotel New Hampshire,,71%,50%,"4,545","Mar 9, 1984","$7,500,000"
Firestarter,,40%,53%,"3,530","May 11, 1984","$15,000,000"
Firestarter,,40%,53%,"3,895","May 19, 2020","$12,000,000"
Once Upon a Time in America,Robert De Niro,86%,93%,"2,309","Jun 1, 1984","$30,000,000"
Conan the Destroyer,,26%,38%,"3,204","Jun 29, 1984","$18,000,000"
The Neverending Story,,83%,81%,"2,438","Jul 20, 1984","$27,000,000"
Metropolis,,,78%,"3,598","Jan 1, 2002","$15,000,000"
Red Dawn,,50%,65%,993,"Nov 21, 2012","$65,000,000"
Sheena,,11%,33%,"2,647","Aug 17, 1984","$25,000,000"
C.H.U.D.,,29%,33%,"5,917","Aug 31, 1984","$1,250,000"
Amadeus,,89%,95%,"3,183","Sep 19, 1984","$18,000,000"
Heartbreakers,"Carrie Fisher, Sigourney Weaver",80%,53%,"1,847","Mar 23, 2001","$38,000,000"
Body Double,,78%,65%,"4,163","Oct 26, 1984","$10,000,000"
The Terminator,,100%,89%,"4,705","Oct 26, 1984","$6,400,000"
The Killing Fields,,93%,91%,"3,364","Nov 2, 1984","$16,000,000"
A Nightmare on Elm Street,Johnny Depp,95%,84%,"1,937","Apr 30, 2010","$35,000,000"
A Nightmare on Elm Street,Johnny Depp,95%,84%,"5,768","Nov 9, 1984","$1,800,000"
The Cotton Club,,74%,57%,"1,465","Dec 14, 1984","$48,000,000"
A Passage to India,,76%,79%,"2,420","Dec 14, 1984","$27,500,000"
Back to the Future,,93%,95%,"3,121","Jul 3, 1985","$19,000,000"
Rambo: First Blood Part II,,33%,60%,"1,580","May 22, 1985","$44,000,000"
The Color Purple,,82%,95%,"3,444","Dec 18, 1985","$15,000,000"
Out of Africa,Meryl Streep,62%,82%,"2,368","Dec 18, 1985","$28,000,000"
Witness,"Harrison Ford, Viggo Mortensen",,,"3,834","Feb 8, 1985","$12,000,000"
The Goonies,,77%,91%,"3,126","Jun 7, 1985","$19,000,000"
Water,,91%,90%,"5,413","Apr 28, 2006","$3,000,000"
Blood Simple,,94%,88%,"5,841","Jan 18, 1985","$1,500,000"
The Last Dragon,,61%,86%,"4,086","Mar 22, 1985","$10,000,000"
Ladyhawke,Matthew Broderick,67%,74%,"2,985","Apr 12, 1985","$20,000,000"
Creature,,90%,80%,"5,443","Sep 9, 2011","$3,000,000"
Return to Oz,,,,"2,443","Jun 21, 1985","$27,000,000"
Pale Rider,,93%,83%,"4,668","Jun 28, 1985","$6,900,000"
Mad Max Beyond Thunderdome,,79%,49%,"4,078","Jul 10, 1985","$10,000,000"
Silverado,Jeff Goldblum,78%,80%,"2,476","Jul 10, 1985","$26,000,000"
Day of the Dead,,,,"3,263","Apr 8, 2008","$18,000,000"
Day of the Dead,,,,"5,299","Jun 30, 1985","$3,500,000"
The Return of the Living Dead,,91%,79%,"5,166","Aug 16, 1985","$4,000,000"
After Hours,,,,"5,099","Sep 13, 1985","$4,500,000"
Invasion U.S.A.,,,10%,"4,126","Sep 27, 1985","$10,000,000"
Commando,,,,"4,081","Oct 4, 1985","$10,000,000"
Krush Groove,,43%,81%,"5,394","Oct 25, 1985","$3,000,000"
Fever Pitch,,66%,60%,"1,711","Apr 8, 2005","$40,000,000"
Young Sherlock Holmes,,68%,63%,"3,213","Dec 4, 1985","$18,000,000"
Legend,Tom Hardy,41%,73%,"2,611","Apr 18, 1986","$25,000,000"
Legend,Tom Hardy,41%,73%,"2,661","Sep 11, 2015","$25,000,000"
Brazil,Robert De Niro,,,"3,553","May 31, 1985","$15,000,000"
Top Gun,,57%,83%,"3,433","May 16, 1986","$15,000,000"
Crocodile Dundee,,89%,59%,"4,388","Apr 24, 1986","$8,800,000"
Platoon,"Willem Dafoe, Johnny Depp",89%,93%,"4,723","Dec 19, 1986","$6,000,000"
Star Trek IV: The Voyage Home,,82%,81%,"2,685","Nov 26, 1986","$24,000,000"
The Golden Child,,20%,47%,"3,828","Dec 12, 1986","$12,000,000"
The Clan of the Cave Bear,,10%,47%,"3,592","Jan 17, 1986","$15,000,000"
F/X,,89%,54%,"4,118","Feb 7, 1986","$10,000,000"
Salvador,,90%,85%,"5,106","Apr 23, 1986","$4,500,000"
Highlander,,70%,79%,"3,391","Mar 7, 1986","$16,000,000"
Crossroads,,,,"3,848","Feb 15, 2002","$12,000,000"
A Room with a View,,60%,20%,"5,375","Mar 7, 1986","$3,000,000"
8 Million Ways to Die,,0%,39%,"3,251","Apr 25, 1986","$18,000,000"
Saving Grace,,,76%,"5,168","Aug 4, 2000","$4,000,000"
Cobra,,18%,43%,"2,540","May 23, 1986","$25,000,000"
Big Trouble,,14%,25%,"1,570","Apr 5, 2002","$45,000,000"
Legal Eagles,,44%,32%,"1,701","Jun 18, 1986","$40,000,000"
Running Scared,,,50%,"3,320","Feb 24, 2006","$17,000,000"
Big Trouble in Little China,,74%,82%,"2,632","Jul 1, 1986","$25,000,000"
The Patriot,Heath Ledger,100%,58%,429,"Jun 28, 2000","$110,000,000"
Howard the Duck,,13%,38%,"2,279","Aug 1, 1986","$30,000,000"
Transformers,,57%,85%,224,"Jun 28, 2007","$151,000,000"
Stand by Me,,,,"4,438","Aug 8, 1986","$8,000,000"
Shanghai Surprise,,20%,16%,"3,323","Aug 29, 1986","$17,000,000"
Down by Law,,88%,93%,"5,967","Sep 26, 1986","$1,100,000"
The Color of Money,,,,"4,061","Oct 17, 1986","$10,000,000"
Peggy Sue Got Married,,87%,55%,"3,191","Oct 10, 1986","$18,000,000"
King Kong Lives,,8%,17%,"4,189","Dec 19, 1986","$10,000,000"
Little Shop of Horrors,,91%,79%,"2,221","Dec 19, 1986","$30,000,000"
Witchboard,,50%,41%,"5,643","Dec 31, 1986","$2,000,000"
The Untouchables,Robert De Niro,83%,89%,"2,523","Jun 3, 1987","$25,000,000"
Lethal Weapon,,80%,86%,"3,453","Mar 6, 1987","$15,000,000"
The Stepfather,,89%,65%,"2,952","Oct 16, 2009","$20,000,000"
Radio Days,,93%,84%,"3,382","Jan 30, 1987","$16,000,000"
Black Widow,,,,85,"Jul 7, 2021","$200,000,000"
The Quick and the Dead,Leonardo DiCaprio,,,"2,109","Feb 10, 1995","$32,000,000"
Project X,,,71%,"3,839","Mar 1, 2012","$12,000,000"
Creepshow 2,,29%,41%,"5,288","May 1, 1987","$3,500,000"
Malone,,29%,36%,"4,207","May 1, 1987","$10,000,000"
Hot Pursuit,,,,"1,968","May 8, 2015","$35,000,000"
River's Edge,,88%,75%,"5,754","May 8, 1987","$1,900,000"
Ishtar,,41%,39%,"1,777","May 15, 1987","$40,000,000"
Predator,,80%,87%,"3,178","Jun 12, 1987","$18,000,000"
Spaceballs,,52%,83%,"2,765","Jun 24, 1987","$22,700,000"
The Brave Little Toaster,,77%,81%,"5,601","Jun 19, 1987","$2,300,000"
Full Metal Jacket,,90%,94%,"2,206","Jun 26, 1987","$30,000,000"
RoboCop,"Samuel L. Jackson, Michael Keaton, Gary Oldman",49%,49%,392,"Feb 12, 2014","$120,000,000"
RoboCop,"Samuel L. Jackson, Michael Keaton, Gary Oldman",49%,49%,"3,728","Jul 17, 1987","$13,000,000"
La Bamba,,83%,78%,"4,684","Jul 24, 1987","$6,500,000"
Superman IV: The Quest for Peace,,10%,16%,"3,313","Jul 24, 1987","$17,000,000"
The Living Daylights,,73%,66%,"1,698","Jul 31, 1987","$40,000,000"
The Lost Boys,,77%,85%,"4,400","Jul 31, 1987","$8,500,000"
The Spirit,"Scarlett Johansson, Samuel L. Jackson",14%,25%,"1,140","Dec 25, 2008","$60,000,000"
Hellraiser,,70%,73%,"5,992","Sep 11, 1987","$1,000,000"
Maurice,Ben Kingsley,82%,87%,"5,526",1987,"$2,600,000"
Anna,,,,"2,303","Jun 19, 2019","$30,000,000"
Anna,,,,"5,134","Jun 6, 2014","$4,357,373"
The Princess Bride,,96%,94%,"3,494","Sep 25, 1987","$15,000,000"
Cry Freedom,Denzel Washington,74%,87%,"2,358","Nov 6, 1987","$29,000,000"
The Running Man,,67%,61%,"2,226","Nov 13, 1987","$30,000,000"
The Last Emperor,,86%,88%,"2,548","Nov 20, 1987","$25,000,000"
Teen Wolf Too,,8%,18%,"5,404","Nov 20, 1987","$3,000,000"
Wall Street,,79%,81%,"3,340","Dec 11, 1987","$16,500,000"
Overboard,,46%,74%,"3,842","May 4, 2018","$12,000,000"
Rain Man,,88%,90%,"2,501","Dec 16, 1988","$25,000,000"
Big,Tom Hanks,98%,82%,"3,168","Jun 3, 1988","$18,000,000"
Twins,,,,"3,439","Dec 9, 1988","$15,000,000"
Die Hard,,94%,94%,"2,367","Jul 15, 1988","$28,000,000"
Cocktail,,9%,58%,"2,882","Jul 29, 1988","$20,000,000"
Beetlejuice,"Winona Ryder, Michael Keaton",86%,82%,"3,446","Mar 30, 1988","$15,000,000"
Action Jackson,,19%,35%,"4,598","Feb 12, 1988","$7,000,000"
School Daze,Samuel L. Jackson,58%,79%,"4,752","Feb 12, 1988","$6,000,000"
The In Crowd,,2%,38%,"3,575","Jul 19, 2000","$15,000,000"
Bloodsport,,48%,74%,"5,826","Feb 26, 1988","$1,500,000"
Hairspray,,92%,84%,807,"Jul 20, 2007","$75,000,000"
Prison,Viggo Mortensen,40%,34%,"5,209","Mar 4, 1988","$4,000,000"
Pulse,,11%,27%,"2,858","Aug 11, 2006","$20,500,000"
Tracker,,85%,53%,"4,704",Unknown,"$6,500,000"
Lady in White,,71%,69%,"5,077","Apr 22, 1988","$4,700,000"
The Unholy,,25%,45%,"4,135","Apr 2, 2021","$10,000,000"
Rambo III,,41%,45%,"1,169","May 25, 1988","$58,000,000"
Poltergeist III,,16%,22%,"4,301","Jun 10, 1988","$9,500,000"
Puss in Boots,,,,333,"Oct 28, 2011","$130,000,000"
Phantasm II,,33%,57%,"5,406","Jul 8, 1988","$3,000,000"
Midnight Run,Robert De Niro,95%,87%,"2,224","Jul 20, 1988","$30,000,000"
The Last Temptation of Christ,Willem Dafoe,82%,84%,"4,616","Aug 12, 1988","$7,000,000"
Young Guns,,43%,76%,"3,733","Aug 12, 1988","$13,000,000"
A Nightmare on Elm Street 4: The Dream Master,,57%,43%,"3,729","Aug 19, 1988","$13,000,000"
The Betrayed,,,33%,"5,319","Jun 30, 2009","$3,500,000"
Beast,,92%,73%,"1,900","Aug 10, 2022","$36,000,000"
Madame Sousatzka,,78%,65%,"4,357","Oct 14, 1988","$9,000,000"
Halloween 4: The Return of Michael Myers,,39%,53%,"4,931","Oct 1, 1988","$5,000,000"
Mystic Pizza,Matt Damon,78%,55%,"4,754","Oct 21, 1988","$6,000,000"
They Live,,86%,80%,"5,167","Nov 4, 1988","$4,000,000"
The Land Before Time,,65%,79%,"3,820","Nov 18, 1988","$12,300,000"
Scrooged,,71%,71%,"2,094","Nov 23, 1988","$32,000,000"
My Stepmother Is an Alien,,20%,30%,"3,386","Dec 9, 1988","$16,000,000"
Talk Radio,,82%,80%,"5,190","Dec 1, 1988","$4,000,000"
Indiana Jones and the Last Crusade,Harrison Ford,84%,94%,"1,448","May 24, 1989","$48,000,000"
Driving Miss Daisy,,85%,81%,"4,535","Dec 13, 1989","$7,500,000"
Dead Poets Society,,84%,92%,"3,348","Jun 2, 1989","$16,400,000"
Lawrence of Arabia,,93%,93%,"3,478","Dec 16, 1962","$15,000,000"
New York Stories,Kirsten Dunst,76%,56%,"3,549","Mar 1, 1989","$15,000,000"
Troop Beverly Hills,,14%,62%,"3,232","Mar 22, 1989","$18,000,000"
Major League,,83%,84%,"3,972","Apr 7, 1989","$11,000,000"
Pet Sematary,,56%,60%,"2,830","Apr 5, 2019","$21,000,000"
Pet Sematary,,56%,60%,"3,956","Apr 21, 1989","$11,500,000"
Road House,,59%,53%,"4,095","May 19, 1989","$10,000,000"
Star Trek V: The Final Frontier,,23%,25%,"2,196","Jun 9, 1989","$30,000,000"
Do the Right Thing,Samuel L. Jackson,92%,89%,"4,735","Jun 30, 1989","$6,000,000"
Licence to Kill,,80%,61%,"1,610","Jul 14, 1989","$42,000,000"
Peter Pan,,,50%,512,"Dec 18, 2003","$100,000,000"
Peter Pan,,,50%,"5,148","Feb 5, 1953","$4,000,000"
UHF,,63%,77%,"4,972","Jul 21, 1989","$5,000,000"
Lock Up,,,,"2,710","Aug 4, 1989","$24,000,000"
The Abyss,,80%,25%,903,"Aug 9, 1989","$70,000,000"
"Sex, Lies, and Videotape",,96%,79%,"5,927","Aug 4, 1989","$1,200,000"
Sea of Love,"Al Pacino, Samuel L. Jackson",75%,66%,"3,127","Sep 15, 1989","$19,000,000"
Heist,"Robert De Niro, Dave Bautista",,,"1,993","Nov 9, 2001","$35,000,000"
Heist,"Robert De Niro, Dave Bautista",,,"4,386","Nov 12, 2015","$8,900,000"
Black Rain,,54%,55%,"2,205","Sep 22, 1989","$30,000,000"
Breaking In,,80%,43%,"4,728","May 9, 2018","$6,000,000"
Halloween 5: The Revenge of Michael Myers,,12%,36%,"4,759","Oct 13, 1989","$6,000,000"
The Phantom of the Opera,,33%,84%,"1,230","Dec 8, 2004","$55,000,000"
Harlem Nights,,26%,80%,"2,182","Nov 17, 1989","$30,000,000"
The Little Mermaid,,,54%,30,"May 24, 2023","$250,000,000"
Glory,"Denzel Washington, Matthew Broderick",,,"3,202","Dec 13, 1989","$18,000,000"
Born on the Fourth of July,Willem Dafoe,84%,76%,"3,640","Dec 20, 1989","$14,000,000"
Tango & Cash,,31%,52%,"1,223","Dec 22, 1989","$55,000,000"
Home Alone,,66%,80%,"3,430","Nov 16, 1990","$15,000,000"
Ghost,,,50%,"2,771","Jul 13, 1990","$22,000,000"
Pretty Woman,,65%,68%,"3,635","Mar 23, 1990","$14,000,000"
TMNT,Chris Evans,36%,60%,"1,945","Mar 23, 2007","$35,000,000"
The Hunt for Red October,,88%,88%,"2,147","Mar 2, 1990","$30,000,000"
Total Recall,,82%,79%,371,"Aug 3, 2012","$125,000,000"
Total Recall,,82%,79%,971,"Jun 1, 1990","$65,000,000"
Die Hard 2,,69%,70%,882,"Jul 3, 1990","$70,000,000"
Kindergarten Cop,,54%,52%,"2,459","Dec 21, 1990","$26,000,000"
Tremors,,88%,75%,"4,130","Jan 19, 1990","$10,000,000"
The Guardian,,,,902,"Sep 29, 2006","$70,000,000"
Spaced Invaders,,8%,51%,"5,386","Apr 27, 1990","$3,000,000"
Gremlins 2: The New Batch,,71%,59%,"1,369","Jun 15, 1990","$50,000,000"
Days of Thunder,Nicole Kidman,38%,60%,"1,065","Jun 27, 1990","$60,000,000"
The Adventures of Ford Fairlane,,25%,68%,"1,446","Jul 11, 1990","$49,000,000"
Arachnophobia,,93%,55%,"2,131","Jul 18, 1990","$31,000,000"
Mo' Better Blues,"Denzel Washington, Samuel L. Jackson",71%,75%,"4,132","Aug 3, 1990","$10,000,000"
Flatliners,,50%,59%,"2,463","Aug 10, 1990","$26,000,000"
Flatliners,,50%,59%,"2,998","Sep 27, 2017","$20,000,000"
The Witches,,94%,70%,533,"Oct 22, 2020","$100,000,000"
Goodfellas,,95%,97%,"2,544","Sep 19, 1990","$25,000,000"
Ambulance,,68%,88%,"1,755","Mar 16, 2022","$40,000,000"
Night of the Living Dead,,95%,87%,"5,140","Oct 19, 1990","$4,200,000"
Quigley Down Under,,52%,74%,"2,973","Oct 19, 1990","$20,000,000"
Child's Play 2,,44%,52%,"3,742","Nov 9, 1990","$13,000,000"
Predator 2,,30%,44%,"1,984","Nov 21, 1990","$35,000,000"
The Rookie,,84%,70%,"2,776","Mar 29, 2002","$22,000,000"
Edward Scissorhands,"Winona Ryder, Johnny Depp",90%,91%,"2,901","Dec 7, 1990","$20,000,000"
Hamlet,,100%,91%,"3,241","Dec 25, 1996","$18,000,000"
Hamlet,,100%,91%,"5,675","May 12, 2000","$2,000,000"
Terminator 2: Judgment Day,,91%,95%,477,"Jul 2, 1991","$100,000,000"
Robin Hood: Prince of Thieves,,51%,72%,"1,301","Jun 14, 1991","$50,000,000"
Beauty and the Beast,,,,199,"Mar 16, 2017","$160,000,000"
Beauty and the Beast,,,,"2,860","Nov 13, 1991","$20,000,000"
The Silence of the Lambs,,95%,95%,"2,868","Feb 14, 1991","$20,000,000"
Hook,Carrie Fisher,29%,76%,880,"Dec 11, 1991","$70,000,000"
The Addams Family,,45%,69%,"2,152","Nov 22, 1991","$30,000,000"
The Addams Family,,45%,69%,"2,687","Oct 11, 2019","$24,000,000"
Warlock,,56%,48%,"4,615","Jan 10, 1991","$7,000,000"
Flight of the Intruder,Willem Dafoe,25%,51%,"2,013","Jan 18, 1991","$35,000,000"
White Fang,,,14%,"3,652","Jan 18, 1991","$14,000,000"
The Doors,,56%,79%,"1,726","Mar 1, 1991","$40,000,000"
The Switch,Jeff Goldblum,,,"3,137","Aug 20, 2010","$19,000,000"
Stone Cold,,,67%,"2,640","May 17, 1991","$25,000,000"
Hudson Hawk,,31%,56%,"1,009","May 24, 1991","$65,000,000"
Point Break,,69%,79%,521,"Dec 2, 2015","$100,000,000"
Point Break,,69%,79%,"2,697","Jul 12, 1991","$24,000,000"
Bill & Ted's Bogus Journey,,56%,56%,"2,927","Jul 19, 1991","$20,000,000"
Return to the Blue Lagoon,,0%,41%,"4,012",1991,"$11,000,000"
Double Impact,,33%,42%,"3,366","Aug 9, 1991","$16,000,000"
Harley Davidson and the Marlboro Man,,29%,65%,"2,757","Aug 23, 1991","$23,000,000"
The Fisher King,,85%,85%,"2,698","Sep 20, 1991","$24,000,000"
My Own Private Idaho,,80%,80%,"5,546","Sep 29, 1991","$2,500,000"
House Party 2,,27%,65%,"4,926","Oct 23, 1991","$5,000,000"
Hitman,,16%,57%,"2,700","Nov 21, 2007","$24,000,000"
Star Trek VI: The Undiscovered Country,,83%,84%,"2,425","Dec 6, 1991","$27,000,000"
Rush,Chris Hemsworth,,,"1,851","Sep 13, 2013","$38,000,000"
The Prince of Tides,,69%,70%,"2,168","Dec 25, 1991","$30,000,000"
Fried Green Tomatoes,,76%,87%,"3,968","Dec 27, 1991","$11,000,000"
Aladdin,,57%,94%,138,"May 22, 2019","$182,000,000"
Aladdin,,57%,94%,"2,362","Nov 11, 1992","$28,000,000"
Home Alone 2: Lost in New York,,35%,62%,"2,861","Nov 20, 1992","$20,000,000"
Batman Returns,Michael Keaton,82%,73%,694,"Jun 18, 1992","$80,000,000"
Lethal Weapon 3,,58%,61%,"1,918","May 15, 1992","$35,000,000"
The Bodyguard,,,,"2,508","Nov 25, 1992","$25,000,000"
Wayne's World,Mike Myers,79%,84%,"2,869","Feb 14, 1992","$20,000,000"
A League of Their Own,Tom Hanks,81%,84%,"1,644","Jul 1, 1992","$40,000,000"
Radio Flyer,"Tom Hanks, Elijah Wood",35%,72%,"2,037","Feb 21, 1992","$35,000,000"
Memoirs of an Invisible Man,,26%,32%,"1,778","Feb 28, 1992","$40,000,000"
Gladiator,Joaquin Phoenix,80%,87%,462,"May 1, 2000","$103,000,000"
The Lawnmower Man,,37%,31%,"4,088","Mar 6, 1992","$10,000,000"
Howards End,,94%,81%,"4,447","Mar 13, 1992","$8,000,000"
My Cousin Vinny,,87%,87%,"3,970","Mar 13, 1992","$11,000,000"
Proof,,62%,59%,"3,052","Sep 16, 2005","$20,000,000"
The Player,,,,"4,453","Apr 10, 1992","$8,000,000"
Night on Earth,,76%,91%,"5,670","Mar 1, 1992","$2,000,000"
Split Second,,,33%,"4,623","May 1, 1992","$7,000,000"
Alien 3,,49%,46%,"1,228","May 22, 1992","$55,000,000"
Patriot Games,"Harrison Ford, Samuel L. Jackson",72%,73%,"1,504","Jun 5, 1992","$45,000,000"
Buffy the Vampire Slayer,,36%,43%,"4,607","Jul 31, 1992","$7,000,000"
Death Becomes Her,Meryl Streep,55%,62%,"1,224","Jul 31, 1992","$55,000,000"
Raising Cain,,62%,40%,"3,987","Aug 7, 1992","$11,000,000"
Unforgiven,,,,"3,633","Aug 7, 1992","$14,400,000"
Light Sleeper,Willem Dafoe,87%,65%,"5,008","Sep 21, 1992","$5,000,000"
The Last of the Mohicans,,,,"1,663","Sep 25, 1992","$40,000,000"
Glengarry Glen Ross,Al Pacino,95%,88%,"3,802","Sep 30, 1992","$12,500,000"
Hero,,94%,87%,"1,616","Oct 2, 1992","$42,000,000"
The Mighty Ducks,,23%,65%,"4,063","Oct 2, 1992","$10,000,000"
Reservoir Dogs,,90%,94%,"5,936","Oct 9, 1992","$1,200,000"
Rampage,,,,385,"Apr 9, 2018","$120,000,000"
Bram Stoker's Dracula,,74%,79%,"1,659","Nov 13, 1992","$40,000,000"
The Crying Game,,95%,78%,"5,149","Nov 25, 1992","$4,000,000"
The Muppet Christmas Carol,Michael Caine,77%,86%,"3,857","Dec 11, 1992","$12,000,000"
Hoffa,,52%,58%,"1,994","Dec 25, 1992","$35,000,000"
Trespass,,70%,47%,"2,046","Oct 14, 2011","$35,000,000"
Jurassic Park,"Samuel L. Jackson, Jeff Goldblum",92%,91%,"1,022","Jun 11, 1993","$63,000,000"
Mrs. Doubtfire,,70%,77%,"2,500","Nov 24, 1993","$25,000,000"
The Fugitive,Harrison Ford,,,"1,579","Aug 6, 1993","$44,000,000"
The Pelican Brief,Denzel Washington,55%,61%,"1,499","Dec 17, 1993","$45,000,000"
Alive,,,,"2,102","Jan 15, 1993","$32,000,000"
Nowhere to Run,,,,"3,513","Jan 15, 1993","$15,000,000"
Sommersby,,63%,59%,"2,202","Feb 5, 1993","$30,000,000"
Dead Alive,,89%,87%,"5,451","Feb 12, 1993","$3,000,000"
Groundhog Day,,94%,88%,"3,626","Feb 12, 1993","$14,600,000"
Army of Darkness,,68%,87%,"3,997","Feb 19, 1993","$11,000,000"
Teenage Mutant Ninja Turtles III,,19%,33%,"2,834","Mar 19, 1993","$21,000,000"
The Adventures of Huck Finn,Elijah Wood,75%,50%,"4,688","Apr 2, 1993","$6,500,000"
The Dark Half,,62%,41%,"3,554","Apr 23, 1993","$15,000,000"
Much Ado About Nothing,"Denzel Washington, Michael Keaton",,,"4,452","May 7, 1993","$8,000,000"
Excessive Force,,20%,36%,"3,780","May 14, 1993","$13,000,000"
Menace II Society,Samuel L. Jackson,84%,93%,"5,280","May 26, 1993","$3,500,000"
Super Mario Bros.,,29%,29%,"1,615","May 28, 1993","$42,000,000"
Last Action Hero,Ian McKellen,42%,48%,662,"Jun 18, 1993","$85,000,000"
What's Love Got to Do With It,,97%,88%,"3,475","Jun 9, 1993","$15,000,000"
Free Willy,,71%,50%,"2,883","Jul 16, 1993","$20,000,000"
Hocus Pocus,,40%,72%,"2,384","Jul 16, 1993","$28,000,000"
Poetic Justice,,34%,83%,"3,657","Jul 23, 1993","$14,000,000"
Jason Goes to Hell: The Final Friday,,16%,23%,"5,385","Aug 13, 1993","$3,000,000"
Only the Strong,,13%,77%,"4,784",1993,"$6,000,000"
Fortress,,,74%,"3,901","Sep 3, 1993","$12,000,000"
True Romance,"Brad Pitt, John Cena, Samuel L. Jackson, Gary Oldman",93%,93%,"3,800","Sep 10, 1993","$12,500,000"
The Age of Innocence,Winona Ryder,,33%,"2,058","Sep 17, 1993","$34,000,000"
Dazed and Confused,,93%,90%,"4,670","Sep 24, 1993","$6,900,000"
Warlock: The Armageddon,,0%,41%,"5,423","Sep 24, 1993","$3,000,000"
Deadfall,,,37%,"4,806","Nov 9, 2012","$6,000,000"
Rudy,,77%,90%,"3,863","Oct 13, 1993","$12,000,000"
RoboCop 3,,9%,15%,"2,811","Nov 5, 1993","$22,000,000"
The Remains of the Day,,96%,90%,"3,512","Nov 5, 1993","$15,000,000"
The Piano,,,,"4,581","Jul 22, 1993","$7,000,000"
Addams Family Values,,75%,63%,"1,472","Nov 19, 1993","$47,000,000"
What's Eating Gilbert Grape,"Leonardo DiCaprio, Johnny Depp",90%,89%,"4,000","Dec 25, 1993","$11,000,000"
Philadelphia,"Denzel Washington, Tom Hanks",81%,89%,"2,461","Dec 22, 1993","$26,000,000"
Shadowlands,,97%,89%,"2,793","Dec 29, 1993","$22,000,000"
Tombstone,,73%,94%,"2,531","Dec 25, 1993","$25,000,000"
Forrest Gump,Tom Hanks,76%,95%,"1,193","Jul 6, 1994","$55,000,000"
The Lion King,Matthew Broderick,92%,93%,22,"Jul 11, 2019","$260,000,000"
The Lion King,Matthew Broderick,92%,93%,770,"Jun 15, 1994","$79,300,000"
True Lies,,70%,76%,487,"Jul 15, 1994","$100,000,000"
The Santa Clause,,73%,66%,"2,773","Nov 11, 1994","$22,000,000"
The Flintstones,,23%,25%,"1,494","May 27, 1994","$45,000,000"
Dumb & Dumber,,68%,84%,"3,350","Dec 16, 1994","$16,000,000"
Clear and Present Danger,"Harrison Ford, Willem Dafoe",81%,74%,"1,027","Aug 3, 1994","$62,000,000"
Speed,,,62%,"2,146","Jun 10, 1994","$30,000,000"
The Mask,Cameron Diaz,67%,,"3,167","Jul 29, 1994","$18,000,000"
Pulp Fiction,"Samuel L. Jackson, Uma Thurman",92%,96%,"4,432","Sep 10, 1994","$8,000,000"
Ace Ventura: Pet Detective,,47%,57%,"3,832","Feb 4, 1994","$12,000,000"
Romeo Is Bleeding,Gary Oldman,27%,61%,"4,203","Feb 4, 1994","$10,000,000"
On Deadly Ground,Michael Caine,14%,35%,"1,375","Feb 18, 1994","$50,000,000"
Midnight Cowboy,,89%,88%,"5,272","May 25, 1969","$3,600,000"
Four Weddings and a Funeral,,92%,74%,"5,092","Mar 9, 1994","$4,500,000"
The Hudsucker Proxy,,63%,79%,"1,802","Mar 11, 1994","$40,000,000"
Serial Mom,,63%,72%,"3,764","Apr 13, 1994","$13,000,000"
The Inkwell,,22%,82%,"4,469","Apr 22, 1994","$8,000,000"
No Escape,,59%,41%,"4,912","Aug 26, 2015","$5,000,000"
3 Ninjas Kick Back,,15%,40%,"3,026","May 6, 1994","$20,000,000"
Crooklyn,,79%,90%,"3,671","May 13, 1994","$14,000,000"
The Crow,,86%,90%,"1,424","Aug 21, 2024","$50,000,000"
The Crow,,86%,90%,"2,736","May 11, 1994","$23,000,000"
When the Bough Breaks,,,,"4,097","Sep 8, 2016","$10,000,000"
Renaissance Man,Mark Wahlberg,12%,53%,"1,754","Jun 3, 1994","$40,000,000"
Wolf,,,,898,"Jun 17, 1994","$70,000,000"
The Client,,80%,68%,"1,502","Jul 20, 1994","$45,000,000"
Killing Zoe,,36%,64%,"5,847","Aug 31, 1994","$1,500,000"
Rapa Nui,,,63%,"3,093","Sep 11, 1994","$20,000,000"
Timecop,,42%,36%,"2,388","Sep 16, 1994","$28,000,000"
The Shawshank Redemption,,89%,98%,"2,583","Sep 23, 1994","$25,000,000"
Ed Wood,Johnny Depp,92%,88%,"3,236","Sep 30, 1994","$18,000,000"
The River Wild,Meryl Streep,63%,52%,"1,530","Sep 30, 1994","$45,000,000"
Bullets Over Broadway,,95%,83%,"3,017","Oct 21, 1994","$20,000,000"
Stargate,,53%,73%,"1,218","Oct 28, 1994","$55,000,000"
War,Jason Statham,13%,51%,"2,592","Aug 24, 2007","$25,000,000"
Heavenly Creatures,,95%,83%,"4,998","Oct 14, 1994","$5,000,000"
Disclosure,,59%,41%,"1,214","Dec 9, 1994","$55,000,000"
Little Women,"Christian Bale, Kirsten Dunst, Winona Ryder",,,"1,598","Dec 25, 2019","$42,000,000"
Little Women,"Christian Bale, Kirsten Dunst, Winona Ryder",,,"3,463","Dec 21, 1994","$15,000,000"
Legends of the Fall,Brad Pitt,59%,87%,"2,170","Dec 23, 1994","$30,000,000"
Toy Story,Tom Hanks,100%,92%,"2,139","Nov 22, 1995","$30,000,000"
Batman Forever,Nicole Kidman,41%,32%,480,"Jun 16, 1995","$100,000,000"
Apollo 13,Tom Hanks,96%,87%,967,"Jun 30, 1995","$65,000,000"
Pocahontas,Christian Bale,,,"1,199","Jun 10, 1995","$55,000,000"
Ace Ventura: When Nature Calls,,21%,72%,"2,153","Nov 10, 1995","$30,000,000"
Jumanji: Welcome to the Jungle,,76%,87%,572,"Dec 20, 2017","$90,000,000"
Casper,,52%,50%,"1,208","May 26, 1995","$55,000,000"
Before Sunrise,,100%,93%,"5,547","Jan 27, 1995","$2,500,000"
Man of the House,,9%,46%,"1,408","Feb 25, 2005","$50,000,000"
The Wild Bunch,,91%,90%,"4,796","Jun 18, 1969","$6,000,000"
Outbreak,,59%,56%,"1,336","Mar 10, 1995","$50,000,000"
Exotica,,95%,83%,"5,835","Sep 23, 1994","$1,500,000"
Jefferson in Paris,,31%,35%,"3,688","Mar 31, 1995","$14,000,000"
Tank Girl,,45%,62%,"2,653","Mar 1, 1995","$25,000,000"
Don Juan DeMarco,"Johnny Depp, Marlon Brando",72%,68%,"2,593","Apr 7, 1995","$25,000,000"
Rob Roy,Liam Neeson,,,"2,395","Apr 7, 1995","$28,000,000"
Kiss of Death,Samuel L. Jackson,,,"1,774","Apr 21, 1995","$40,000,000"
Friday,,76%,91%,"5,281","Apr 26, 1995","$3,500,000"
Crimson Tide,"Denzel Washington, Viggo Mortensen",89%,83%,"1,212","May 12, 1995","$55,000,000"
The Perez Family,,60%,58%,"4,010","May 12, 1995","$11,000,000"
Braveheart,,,,862,"May 24, 1995","$72,000,000"
The Bridges of Madison County,Meryl Streep,90%,87%,"2,777","Jun 2, 1995","$22,000,000"
Congo,,20%,29%,"1,327","Jun 9, 1995","$50,000,000"
Safe,Jason Statham,87%,75%,"2,078","Apr 27, 2012","$33,000,000"
The Infiltrator,,71%,71%,"1,468","Jul 13, 2016","$47,500,000"
Judge Dredd,,22%,30%,670,"Jun 30, 1995","$85,000,000"
First Knight,,44%,54%,832,"Jul 7, 1995","$75,000,000"
Species,Ben Kingsley,42%,31%,"1,939","Jul 7, 1995","$35,000,000"
The Indian in the Cupboard,,70%,41%,"1,536","Jul 14, 1995","$45,000,000"
Under Siege 2: Dark Territory,,34%,38%,"1,098","Jul 14, 1995","$60,000,000"
Clueless,,81%,76%,"3,700","Jul 1, 1995","$13,700,000"
Kids,,47%,77%,"5,829","Jul 21, 1995","$1,500,000"
The Net,,,,"2,784","Jul 28, 1995","$22,000,000"
Waterworld,,47%,43%,170,"Jul 28, 1995","$175,000,000"
Virtuosity,Denzel Washington,32%,32%,"2,249","Aug 4, 1995","$30,000,000"
Dangerous Minds,,34%,64%,"2,731","Aug 11, 1995","$23,000,000"
Mortal Kombat,,47%,57%,"1,235","Apr 8, 2021","$55,000,000"
Mortal Kombat,,47%,57%,"2,886","Aug 18, 1995","$20,000,000"
Desperado,,70%,79%,"4,592","Aug 25, 1995","$7,000,000"
The Thief and the Cobbler,Matthew Broderick,60%,73%,"2,722","Aug 25, 1995","$24,000,000"
The Usual Suspects,,87%,96%,"4,738","Aug 16, 1995","$6,000,000"
Showgirls,,23%,38%,"1,763","Jan 6, 1995","$40,000,000"
Halloween: The Curse of Michael Myers,,8%,36%,"4,937","Sep 29, 1995","$5,000,000"
Assassins,,16%,45%,"1,385","Oct 6, 1995","$50,000,000"
To Die For,"Nicole Kidman, Joaquin Phoenix",,,"2,974","Sep 27, 1995","$20,000,000"
Jade,,16%,43%,"1,423","Oct 13, 1995","$50,000,000"
The Scarlet Letter,Gary Oldman,,,"1,421","Oct 13, 1995","$50,000,000"
Get Shorty,,89%,70%,"2,137","Oct 20, 1995","$30,250,000"
Mallrats,,58%,82%,"4,720","Oct 20, 1995","$6,100,000"
Copycat,Sigourney Weaver,,,"2,942","Oct 27, 1995","$20,000,000"
Leaving Las Vegas,Mariska Hargitay,91%,85%,"5,154","Oct 27, 1995","$4,000,000"
Vampire in Brooklyn,,11%,31%,"3,662","Oct 27, 1995","$14,000,000"
Fair Game,,,38%,"1,418","Nov 3, 1995","$50,000,000"
Home for the Holidays,Robert Downey Jr.,,,"2,993","Nov 3, 1995","$20,000,000"
The American President,,91%,77%,"1,029","Nov 17, 1995","$62,000,000"
Casino,Robert De Niro,,,"1,285","Nov 22, 1995","$52,000,000"
Money Train,,22%,29%,944,"Nov 22, 1995","$68,000,000"
Sense and Sensibility,,,,"3,341","Dec 11, 1995","$16,500,000"
Othello,,,,"4,009","Dec 14, 1995","$11,000,000"
Sabrina,,,43%,"1,170","Dec 15, 1995","$58,000,000"
Nixon,,75%,74%,"1,560","Dec 20, 1995","$45,000,000"
Cutthroat Island,,40%,40%,570,"Dec 22, 1995","$92,000,000"
Four Rooms,,13%,69%,"5,187","Dec 25, 1995","$4,000,000"
12 Monkeys,,88%,88%,"2,344","Dec 27, 1995","$29,000,000"
Dead Man Walking,,,56%,"3,976","Dec 29, 1995","$11,000,000"
Restoration,,,,"3,243","Dec 29, 1995","$18,000,000"
Independence Day,"Will Smith, Jeff Goldblum",,,790,"Jul 2, 1996","$75,000,000"
Mission: Impossible,,65%,71%,691,"May 21, 1996","$80,000,000"
Jerry Maguire,,84%,79%,"1,302","Dec 13, 1996","$50,000,000"
Ransom,,,,878,"Nov 8, 1996","$70,000,000"
The Rock,,,,803,"Jun 7, 1996","$75,000,000"
The Nutty Professor,,82%,67%,"1,201","Jun 28, 1996","$55,000,000"
A Time to Kill,Samuel L. Jackson,,,"1,643","Jul 24, 1996","$40,000,000"
From Dusk Till Dawn,George Clooney,63%,76%,"2,959","Jan 19, 1996","$20,000,000"
The Juror,Joseph Gordon-Levitt,22%,31%,"1,583","Feb 2, 1996","$44,000,000"
White Squall,,57%,65%,"1,863","Feb 2, 1996","$38,000,000"
City Hall,Al Pacino,58%,37%,"1,764","Feb 16, 1996","$40,000,000"
Happy Gilmore,Adam Sandler,62%,85%,"4,072","Feb 16, 1996","$10,000,000"
Bottle Rocket,,86%,79%,"5,014","Feb 21, 1996","$5,000,000"
Mary Reilly,,26%,40%,"1,478","Feb 23, 1996","$47,000,000"
Unforgettable,,24%,49%,"3,248","Feb 23, 1996","$18,000,000"
Unforgettable,,24%,49%,"3,889","Feb 26, 2016","$12,000,000"
Up Close & Personal,,32%,66%,"1,093","Mar 1, 1996","$60,000,000"
Fargo,,95%,92%,"4,595","Mar 8, 1996","$7,000,000"
Executive Decision,,62%,53%,"1,226","Mar 15, 1996","$55,000,000"
Girl 6,,39%,36%,"3,908","Mar 22, 1996","$12,000,000"
Sgt. Bilko,,30%,47%,"1,828","Mar 29, 1996","$39,000,000"
Faithful,,6%,49%,"3,775","Apr 5, 1996","$13,000,000"
Mrs. Winterbourne,,15%,63%,"2,639","Apr 19, 1996","$25,000,000"
The Craft,,57%,65%,"3,510","May 3, 1996","$15,000,000"
The Pallbearer,,48%,18%,"4,474","May 3, 1996","$8,000,000"
Spy Hard,,7%,31%,"3,200","May 24, 1996","$18,000,000"
Dragonheart,,50%,60%,"1,184","May 31, 1996","$57,000,000"
Phantom,,,,"3,252","Mar 1, 2013","$18,000,000"
The Cable Guy,Matthew Broderick,55%,51%,"1,471","Jun 14, 1996","$47,000,000"
Eraser,,43%,40%,495,"Jun 21, 1996","$100,000,000"
Lone Star,,,,"4,948","Jun 21, 1996","$5,000,000"
Striptease,,13%,24%,"1,382","Jun 28, 1996","$50,000,000"
Phenomenon,,49%,59%,"2,090","Jul 5, 1996","$32,000,000"
Courage Under Fire,"Matt Damon, Denzel Washington",86%,66%,"1,487","Jul 12, 1996","$46,000,000"
Multiplicity,Michael Keaton,45%,49%,"1,551","Jul 17, 1996","$45,000,000"
Fled,,18%,23%,"2,275","Jul 19, 1996","$30,000,000"
Trainspotting,Ewan McGregor,90%,93%,"5,359","May 16, 1996","$3,100,000"
The Adventures of Pinocchio,,,,"2,612","Jul 26, 1996","$25,000,000"
Kingpin,,,67%,"2,587","Jul 26, 1996","$25,000,000"
Chain Reaction,,,,"1,250","Aug 2, 1996","$55,000,000"
Basquiat,"Willem Dafoe, Gary Oldman",67%,77%,"5,430","Aug 9, 1996","$3,000,000"
Jack,,,,"1,519","Aug 9, 1996","$45,000,000"
Kansas City,,60%,43%,"3,154","Aug 16, 1996","$19,000,000"
Tin Cup,,72%,65%,"1,522","Aug 16, 1996","$45,000,000"
Gotti,,60%,83%,"4,194","Jun 15, 2018","$10,000,000"
She's the One,Cameron Diaz,62%,41%,"5,294","Aug 23, 1996","$3,500,000"
Stonewall,,67%,68%,"5,692","Jul 26, 1996","$2,000,000"
Bogus,,41%,45%,"2,117","Sep 6, 1996","$32,000,000"
Maximum Risk,,34%,35%,"2,619","Sep 13, 1996","$25,000,000"
The First Wives Club,,50%,68%,"2,156","Sep 20, 1996","$30,000,000"
Last Man Standing,,42%,51%,956,"Sep 20, 1996","$67,000,000"
Extreme Measures,,56%,41%,"1,858","Sep 27, 1996","$38,000,000"
Secrets & Lies,,96%,91%,"5,096","May 24, 1996","$4,500,000"
Bound,,87%,83%,"5,101","Oct 4, 1996","$4,500,000"
The Glimmer Man,,11%,38%,"1,549","Oct 4, 1996","$45,000,000"
That Thing You Do!,Tom Hanks,93%,78%,"5,539","Oct 4, 1996","$2,500,000"
Freeway,,,,"5,449","Aug 23, 1996","$3,000,000"
The Ghost and the Darkness,,50%,75%,"1,238","Oct 11, 1996","$55,000,000"
The Long Kiss Goodnight,Samuel L. Jackson,68%,70%,"1,001","Oct 11, 1996","$65,000,000"
Michael Collins,Liam Neeson,78%,84%,"2,630","Oct 11, 1996","$25,000,000"
Trees Lounge,Samuel L. Jackson,81%,78%,"5,897","Oct 11, 1996","$1,300,000"
Get on the Bus,,89%,71%,"5,583","Oct 16, 1996","$2,400,000"
The Funeral,,80%,68%,"3,812","Nov 1, 1996","$12,500,000"
Set It Off,,70%,89%,"4,329","Nov 6, 1996","$9,000,000"
The English Patient,"Willem Dafoe, Ralph Fiennes",86%,83%,"1,930","Nov 15, 1996","$35,000,000"
The Mirror Has Two Faces,,,,"1,607","Nov 15, 1996","$42,000,000"
Space Jam,,43%,63%,720,"Nov 15, 1996","$80,000,000"
Jingle All the Way,,20%,41%,"1,083","Nov 22, 1996","$60,000,000"
Shine,,91%,90%,"4,847","Aug 15, 1996","$5,500,000"
Star Trek: First Contact,,93%,89%,"1,483","Nov 22, 1996","$46,000,000"
Sling Blade,,97%,92%,"5,070","Nov 20, 1996","$4,833,610"
Daylight,Viggo Mortensen,26%,37%,751,"Dec 6, 1996","$80,000,000"
Everyone Says I Love You,"Natalie Portman, Edward Norton",77%,68%,"3,035","Dec 6, 1996","$20,000,000"
Mars Attacks!,Natalie Portman,56%,53%,747,"Dec 13, 1996","$80,000,000"
Marvin's Room,"Leonardo DiCaprio, Meryl Streep, Robert De Niro",84%,63%,"2,753","Dec 20, 1996","$23,000,000"
Ghosts of Mississippi,,43%,62%,"1,905","Dec 20, 1996","$36,000,000"
My Fellow Americans,,47%,64%,"2,826","Dec 20, 1996","$21,500,000"
Evita,,64%,68%,"1,233","Dec 20, 1996","$55,000,000"
Michael,,,,221,"Apr 17, 2025","$155,000,000"
Titanic,Leonardo DiCaprio,88%,69%,63,"Dec 18, 1997","$200,000,000"
Men in Black,Will Smith,91%,80%,573,"Jul 1, 1997","$90,000,000"
The Lost World: Jurassic Park,Jeff Goldblum,53%,51%,794,"May 22, 1997","$75,000,000"
Liar Liar,,83%,75%,"1,491","Mar 21, 1997","$45,000,000"
Air Force One,"Harrison Ford, Gary Oldman",79%,66%,640,"Jul 25, 1997","$85,000,000"
Good Will Hunting,Matt Damon,97%,94%,"4,047","Dec 5, 1997","$10,000,000"
My Best Friend's Wedding,Cameron Diaz,74%,73%,"1,481","Jun 20, 1997","$46,000,000"
Tomorrow Never Dies,,57%,53%,428,"Dec 19, 1997","$110,000,000"
Face/Off,,93%,82%,707,"Jun 27, 1997","$80,000,000"
The Relic,,37%,34%,"1,120","Jan 10, 1997","$60,000,000"
Turbulence,,,,"1,255","Jan 10, 1997","$55,000,000"
Dead Silence,,21%,51%,"2,999","Mar 16, 2007","$20,000,000"
Albino Alligator,Viggo Mortensen,50%,42%,"5,016","Jan 17, 1997","$5,000,000"
Prefontaine,,56%,78%,"4,493","Jan 24, 1997","$8,000,000"
Shadow Conspiracy,,7%,18%,"1,575","Jan 31, 1997","$45,000,000"
Waiting for Guffman,,91%,91%,"5,192","Jan 31, 1997","$4,000,000"
Absolute Power,,56%,52%,"1,355","Feb 14, 1997","$50,000,000"
Blood and Wine,Michael Caine,63%,36%,"2,490","Feb 21, 1997","$26,000,000"
Donnie Brasco,"Al Pacino, Johnny Depp",88%,89%,"1,957","Feb 28, 1997","$35,000,000"
Hard Eight,,82%,83%,"5,456","Feb 28, 1997","$3,000,000"
Kama Sutra,,40%,71%,"5,419","Feb 28, 1997","$3,000,000"
Smilla's Sense of Snow,,53%,57%,"2,040","Feb 28, 1997","$35,000,000"
Love Jones,,76%,97%,"4,147","Mar 14, 1997","$10,000,000"
Crash,,,,"4,201","Oct 4, 1996","$10,000,000"
Crash,,,,"4,563","Apr 29, 2005","$7,303,082"
Selena,,66%,78%,"2,931","Mar 21, 1997","$20,000,000"
Cats Don't Dance,,71%,80%,"2,118","Mar 26, 1997","$32,000,000"
The Devil's Own,"Brad Pitt, Harrison Ford",37%,41%,615,"Mar 26, 1997","$90,000,000"
Anna Karenina,Domhnall Gleeson,,70%,"1,447","Sep 7, 2012","$49,000,000"
The Saint,,,,608,"Apr 4, 1997","$90,000,000"
Anaconda,,41%,24%,"1,514","Apr 11, 1997","$45,000,000"
Grosse Pointe Blank,,82%,86%,"3,502","Apr 11, 1997","$15,000,000"
8 Heads in a Duffel Bag,,10%,35%,"5,424","Apr 18, 1997","$3,000,000"
Volcano,,86%,75%,613,"Apr 25, 1997","$90,000,000"
Austin Powers: International Man of Mystery,"Carrie Fisher, Mike Myers",73%,77%,"3,181","May 2, 1997","$18,000,000"
Breakdown,,,,"1,898","May 2, 1997","$36,000,000"
Warriors of Virtue,,18%,47%,"2,034","May 2, 1997","$35,000,000"
The Fifth Element,Gary Oldman,71%,86%,552,"May 9, 1997","$95,000,000"
Underworld,,31%,79%,"2,783","Sep 19, 2003","$22,000,000"
Con Air,,58%,75%,714,"Jun 6, 1997","$80,000,000"
Speed 2: Cruise Control,Willem Dafoe,4%,16%,444,"Jan 1, 1997","$110,000,000"
Ulee's Gold,,94%,75%,"5,512","Jun 13, 1997","$2,700,000"
The Last Time I Committed Suicide,Adrien Brody,,43%,"5,228","Jun 20, 1997","$4,000,000"
Contact,,,,591,"Jul 11, 1997","$90,000,000"
Air Bud,,48%,38%,"5,371","Aug 1, 1997","$3,000,000"
Spawn,,17%,36%,"1,689","Jul 31, 1997","$40,000,000"
Conspiracy Theory,,57%,64%,726,"Aug 8, 1997","$80,000,000"
The Full Monty,,96%,79%,"5,278","Aug 13, 1997","$3,500,000"
Cop Land,Robert De Niro,75%,67%,"3,468","Aug 15, 1997","$15,000,000"
Event Horizon,,35%,61%,"1,133","Aug 15, 1997","$60,000,000"
Lucky Break,,33%,54%,"4,808","Aug 24, 2001","$6,000,000"
Steel,,,20%,"3,401","Aug 15, 1997","$16,000,000"
G.I. Jane,Viggo Mortensen,53%,53%,"1,358","Aug 22, 1997","$50,000,000"
Money Talks,,15%,71%,"2,552","Aug 22, 1997","$25,000,000"
The Game,,77%,84%,"1,357","Sep 12, 1997","$50,000,000"
L.A. Confidential,,99%,94%,"1,934","Sep 19, 1997","$35,000,000"
In & Out,,73%,52%,"1,936","Sep 19, 1997","$35,000,000"
The Ice Storm,"Elijah Wood, Tobey Maguire, Sigourney Weaver",86%,82%,"3,230","Sep 26, 1997","$18,000,000"
The Peacemaker,"George Clooney, Nicole Kidman",,,"1,370","Sep 26, 1997","$50,000,000"
Soul Food,,82%,86%,"4,536","Sep 26, 1997","$7,500,000"
Kiss the Girls,,34%,62%,"2,428","Oct 3, 1997","$27,000,000"
Boogie Nights,Mark Wahlberg,94%,89%,"3,506","Oct 10, 1997","$15,000,000"
Rocketman,,,,"1,624","May 22, 2019","$41,000,000"
I Know What You Did Last Summer,,46%,41%,"3,285","Oct 17, 1997","$17,000,000"
Gattaca,Uma Thurman,82%,87%,"1,906","Oct 24, 1997","$36,000,000"
Critical Care,,59%,30%,"3,929","Oct 31, 1997","$12,000,000"
Switchback,,31%,46%,"1,865","Oct 31, 1997","$38,000,000"
Eve's Bayou,Samuel L. Jackson,83%,89%,"4,939","Nov 7, 1997","$5,000,000"
Mad City,,33%,42%,"1,420","Nov 7, 1997","$50,000,000"
Starship Troopers,,72%,70%,458,"Nov 7, 1997","$105,000,000"
The Jackal,,24%,51%,"1,091","Nov 14, 1997","$60,000,000"
The Man Who Knew Too Little,,37%,69%,"3,012","Nov 14, 1997","$20,000,000"
Anastasia,Kirsten Dunst,,90%,"1,274","Nov 14, 1997","$53,000,000"
Midnight in the Garden of Good and Evil,,50%,65%,"1,991","Nov 21, 1997","$35,000,000"
The Rainmaker,Matt Damon,,,"1,704","Nov 21, 1997","$40,000,000"
The Sweet Hereafter,,98%,86%,"4,987","Oct 10, 1997","$5,000,000"
Flubber,,23%,33%,718,"Nov 26, 1997","$80,000,000"
Amistad,,78%,79%,"1,697","Dec 12, 1997","$40,000,000"
Deconstructing Harry,"Tobey Maguire, Jennifer Garner",73%,82%,"3,029","Dec 12, 1997","$20,000,000"
Scream 2,,82%,58%,"2,686","Dec 12, 1997","$24,000,000"
The Apostle,,88%,79%,"4,924","Dec 17, 1997","$5,000,000"
Mouse Hunt,,44%,49%,"1,841","Dec 19, 1997","$38,000,000"
Jackie Brown,"Robert De Niro, Samuel L. Jackson, Michael Keaton",88%,85%,"3,843","Dec 25, 1997","$12,000,000"
Kundun,,74%,78%,"2,412","Dec 25, 1997","$28,000,000"
The Postman,,14%,51%,761,"Dec 25, 1997","$80,000,000"
Wag the Dog,"Kirsten Dunst, Robert De Niro",86%,76%,"3,469","Dec 25, 1997","$15,000,000"
Oscar and Lucinda,Ralph Fiennes,67%,65%,"3,811","Jan 2, 1998","$12,500,000"
Saving Private Ryan,"Matt Damon, Tom Hanks",94%,95%,962,"Jul 24, 1998","$65,000,000"
Armageddon,,43%,73%,291,"Jul 1, 1998","$140,000,000"
There's Something About Mary,Cameron Diaz,84%,61%,"2,772","Jul 15, 1998","$22,000,000"
The Waterboy,Adam Sandler,33%,71%,"2,728","Nov 6, 1998","$23,000,000"
Rush Hour,,62%,78%,"1,919","Sep 18, 1998","$35,000,000"
Deep Impact,Elijah Wood,45%,43%,699,"May 8, 1998","$80,000,000"
Godzilla,,20%,28%,206,"May 14, 2014","$160,000,000"
Godzilla,,20%,28%,364,"May 19, 1998","$125,000,000"
Patch Adams,,21%,73%,"1,305","Dec 25, 1998","$50,000,000"
Half Baked,,28%,81%,"4,460","Jan 16, 1998","$8,000,000"
Hard Rain,,34%,34%,920,"Jan 16, 1998","$70,000,000"
Spice World,,35%,45%,"2,581","Jan 23, 1998","$25,000,000"
Deep Rising,,36%,43%,"1,564","Jan 30, 1998","$45,000,000"
Zero Effect,,66%,76%,"5,005","Jan 30, 1998","$5,000,000"
The Replacement Killers,,37%,47%,"2,266","Feb 6, 1998","$30,000,000"
The Borrowers,,,29%,"2,350","Feb 13, 1998","$29,000,000"
Sphere,Samuel L. Jackson,13%,38%,855,"Feb 13, 1998","$73,000,000"
Dark City,,76%,85%,"2,439","Feb 27, 1998","$27,000,000"
The Big Lebowski,,80%,93%,"3,522","Mar 6, 1998","$15,000,000"
Twilight,Robert Pattinson,49%,72%,"1,873","Nov 21, 2008","$37,000,000"
Twilight,Robert Pattinson,49%,72%,"3,007","Mar 6, 1998","$20,000,000"
U.S. Marshals,,30%,53%,"1,087","Mar 6, 1998","$60,000,000"
Chairman of the Board,,11%,20%,"4,649","Mar 13, 1998","$7,000,000"
The Man in the Iron Mask,Leonardo DiCaprio,,,"1,942","Mar 13, 1998","$35,000,000"
Primary Colors,,80%,64%,998,"Mar 20, 1998","$65,000,000"
Wild Things,,64%,54%,"2,951","Mar 20, 1998","$20,000,000"
Meet the Deedles,,10%,38%,"2,721","Mar 27, 1998","$24,000,000"
The Newton Boys,,65%,44%,"2,444","Mar 27, 1998","$27,000,000"
The Proposition,,85%,85%,"3,079","May 5, 2006","$20,000,000"
Barney's Great Adventure,,32%,44%,"3,547","Apr 3, 1998","$15,000,000"
Mercury Rising,,21%,40%,"1,122","Apr 3, 1998","$60,000,000"
The Spanish Prisoner,,89%,81%,"4,156","Apr 3, 1998","$10,000,000"
The Players Club,,35%,85%,"4,919","Apr 8, 1998","$5,000,000"
City of Angels,,58%,82%,"1,215","Apr 10, 1998","$55,000,000"
The Big Hit,Mark Wahlberg,41%,57%,"3,741","Apr 24, 1998","$13,000,000"
Sliding Doors,,65%,77%,"4,757","Apr 24, 1998","$6,000,000"
He Got Game,Denzel Washington,80%,83%,"2,595","May 1, 1998","$25,000,000"
Woo,,10%,62%,"3,762","May 8, 1998","$13,000,000"
Bulworth,,76%,68%,"2,246","May 15, 1998","$30,000,000"
Clockwatchers,,86%,61%,"5,687","May 15, 1998","$2,000,000"
The Horse Whisperer,Scarlett Johansson,73%,72%,"1,073","May 15, 1998","$60,000,000"
Quest for Camelot,Gary Oldman,43%,60%,"1,756","May 15, 1998","$40,000,000"
Fear and Loathing in Las Vegas,"Tobey Maguire, Johnny Depp, Cameron Diaz",51%,89%,"3,161","May 22, 1998","$18,500,000"
Hope Floats,,27%,72%,"2,184","May 29, 1998","$30,000,000"
Insomnia,Al Pacino,,,"1,485","May 24, 2002","$46,000,000"
The Truman Show,,94%,89%,"1,047","Jun 5, 1998","$60,000,000"
Dirty Work,Adam Sandler,,,"3,760","Jun 12, 1998","$13,000,000"
The Land Girls,,61%,52%,"4,503","Jun 12, 1998","$8,000,000"
"Six Days, Seven Nights",,38%,36%,727,"Jun 12, 1998","$80,000,000"
Mulan,,86%,85%,110,"Sep 4, 2020","$200,000,000"
Mulan,,86%,85%,588,"Jun 19, 1998","$90,000,000"
Smoke Signals,,90%,82%,"5,646","Jun 26, 1998","$2,000,000"
Lethal Weapon 4,,52%,64%,295,"Jul 10, 1998","$140,000,000"
Small Soldiers,Kirsten Dunst,49%,45%,"1,688","Jul 10, 1998","$40,000,000"
The Mask of Zorro,,84%,73%,978,"Jul 17, 1998","$65,000,000"
Lolita,,,,"1,261","Jul 22, 1998","$55,000,000"
Lolita,,,,"5,639","Jun 13, 1962","$2,000,000"
Disturbing Behavior,,35%,40%,"3,524","Jul 24, 1998","$15,000,000"
The Negotiator,Samuel L. Jackson,74%,79%,"1,366","Jul 29, 1998","$50,000,000"
Ever After: A Cinderella Story,,91%,84%,"2,462","Jul 31, 1998","$26,000,000"
Snake Eyes,,43%,35%,854,"Aug 7, 1998","$73,000,000"
How Stella Got Her Groove Back,,50%,66%,"2,926","Aug 14, 1998","$20,000,000"
Slums of Beverly Hills,,81%,68%,"4,976","Aug 14, 1998","$5,000,000"
Dead Man on Campus,,15%,55%,"3,667","Aug 21, 1998","$14,000,000"
54,"Mark Ruffalo, Mike Myers",15%,36%,"3,753","Aug 28, 1998","$13,000,000"
Knock Off,,10%,26%,"2,021","Sep 4, 1998","$35,000,000"
Simon Birch,,44%,77%,"2,987","Sep 11, 1998","$20,000,000"
Without Limits,,79%,91%,"2,668","Sep 11, 1998","$25,000,000"
One True Thing,Meryl Streep,87%,71%,"2,250","Sep 18, 1998","$30,000,000"
Clay Pigeons,Joaquin Phoenix,61%,68%,"4,483","Sep 25, 1998","$8,000,000"
Snitch,Dwayne Johnson,90%,67%,"3,470","Feb 21, 2013","$15,000,000"
Ronin,Robert De Niro,70%,80%,"1,236","Sep 25, 1998","$55,000,000"
Urban Legend,,28%,37%,"3,649","Sep 25, 1998","$14,000,000"
Antz,,92%,52%,"1,061","Oct 2, 1998","$60,000,000"
What Dreams May Come,,52%,84%,737,"Oct 2, 1998","$80,000,000"
Holy Man,Jeff Goldblum,12%,25%,"1,147","Oct 9, 1998","$60,000,000"
Rushmore,Jason Schwartzman,90%,91%,"4,129","Dec 11, 1998","$10,000,000"
Beloved,,,,"1,279","Oct 16, 1998","$53,000,000"
Bride of Chucky,,48%,50%,"2,572","Oct 16, 1998","$25,000,000"
Practical Magic,Nicole Kidman,24%,73%,"1,103","Oct 16, 1998","$60,000,000"
Soldier,,,,839,"Oct 23, 1998","$75,000,000"
American History X,Edward Norton,84%,96%,"4,176","Oct 30, 1998","$10,000,000"
Living Out Loud,,60%,62%,"3,884","Oct 30, 1998","$12,000,000"
Vampires,,,,"2,977","Oct 30, 1998","$20,000,000"
Belly,,23%,87%,"5,399","Nov 4, 1998","$3,000,000"
Gods and Monsters,Ian McKellen,96%,82%,"5,296","Nov 6, 1998","$3,500,000"
The Siege,Denzel Washington,,,907,"Nov 6, 1998","$70,000,000"
Velvet Goldmine,"Christian Bale, Ewan McGregor",63%,80%,"4,366","Nov 6, 1998","$9,000,000"
I Still Know What You Did Last Summer,,7%,29%,"2,699","Nov 13, 1998","$24,000,000"
Meet Joe Black,Brad Pitt,46%,81%,666,"Nov 13, 1998","$85,000,000"
Celebrity,"Leonardo DiCaprio, Winona Ryder",,,"3,905","Nov 20, 1998","$12,000,000"
Enemy of the State,Will Smith,71%,78%,653,"Nov 20, 1998","$85,000,000"
The Rugrats Movie,,59%,50%,"2,366","Nov 20, 1998","$28,000,000"
Waking Ned Devine,,84%,88%,"5,372","Nov 20, 1998","$3,000,000"
Babe: Pig in the City,,65%,41%,760,"Nov 25, 1998","$80,000,000"
Home Fries,,31%,34%,"3,550","Nov 25, 1998","$15,000,000"
Very Bad Things,Cameron Diaz,41%,58%,"4,159","Nov 25, 1998","$10,000,000"
Little Voice,"Michael Caine, Ewan McGregor",80%,74%,"4,777","Dec 4, 1998","$6,000,000"
Psycho,,97%,95%,"2,972","Dec 4, 1998","$20,000,000"
Jack Frost,,,,"1,380","Dec 11, 1998","$50,000,000"
Shakespeare in Love,,92%,80%,"2,458","Dec 11, 1998","$26,000,000"
Star Trek: Insurrection,,55%,44%,896,"Dec 11, 1998","$70,000,000"
The Prince of Egypt,"Ralph Fiennes, Jeff Goldblum",,93%,"1,056","Dec 18, 1998","$60,000,000"
The Faculty,Elijah Wood,58%,57%,"3,474","Dec 25, 1998","$15,000,000"
Stepmom,,44%,75%,"1,319","Dec 25, 1998","$50,000,000"
The Sixth Sense,,86%,90%,"1,630","Jan 15, 1999","$40,000,000"
Toy Story 2,Tom Hanks,100%,87%,574,"Nov 19, 1999","$90,000,000"
Austin Powers: The Spy Who Shagged Me,Mike Myers,53%,71%,"1,916","Jun 10, 1999","$35,000,000"
The Matrix,Carrie-Anne Moss,83%,85%,966,"Mar 31, 1999","$65,000,000"
Tarzan,,89%,75%,283,"Jun 16, 1999","$145,000,000"
Big Daddy,Adam Sandler,39%,74%,"2,142","Jun 25, 1999","$30,000,000"
The Mummy,,62%,75%,115,"Jun 2, 2017","$195,000,000"
The Mummy,,62%,75%,695,"May 7, 1999","$80,000,000"
Runaway Bride,,46%,52%,875,"Jul 30, 1999","$70,000,000"
In Dreams,Robert Downey Jr.,25%,40%,"2,291","Jan 15, 1999","$30,000,000"
Varsity Blues,,45%,76%,"3,355","Jan 15, 1999","$16,000,000"
Virus,,,16%,841,"Jan 15, 1999","$75,000,000"
Payback,,,,"1,326","Feb 5, 1999","$50,000,000"
Simply Irresistible,,16%,54%,"4,779","Feb 5, 1999","$6,000,000"
Message in a Bottle,,32%,66%,"2,194","Feb 12, 1999","$30,000,000"
My Favorite Martian,,12%,31%,"1,116","Feb 12, 1999","$60,000,000"
Tango,,,,"5,105","Feb 12, 1999","$4,500,000"
Jawbreaker,,14%,55%,"5,429","Feb 19, 1999","$3,000,000"
Office Space,,81%,93%,"4,152","Feb 19, 1999","$10,000,000"
200 Cigarettes,,30%,59%,"4,767","Feb 26, 1999","$6,000,000"
8MM,Joaquin Phoenix,23%,52%,"1,721","Feb 26, 1999","$40,000,000"
Lansky,,40%,24%,"5,031","Jun 22, 2021","$5,000,000"
Analyze This,Robert De Niro,69%,62%,"2,155","Mar 5, 1999","$30,000,000"
Cruel Intentions,,53%,80%,"3,977","Mar 5, 1999","$11,000,000"
"Lock, Stock and Two Smoking Barrels",Jason Statham,75%,93%,"5,893","Mar 5, 1999","$1,350,000"
Baby Geniuses,,2%,25%,"3,740","Mar 12, 1999","$13,000,000"
The Corruptor,Mark Wahlberg,48%,43%,"4,138","Mar 12, 1999","$10,000,000"
The Deep End of the Ocean,,42%,58%,"1,782","Mar 12, 1999","$40,000,000"
The Rage: Carrie 2,,23%,33%,"2,845","Mar 12, 1999","$21,000,000"
Wing Commander,,10%,26%,"2,292","Mar 12, 1999","$30,000,000"
Ravenous,,52%,78%,"3,916","Mar 19, 1999","$12,000,000"
Doug's 1st Movie,,28%,28%,"4,927","Mar 26, 1999","$5,000,000"
EDtv,,63%,30%,"1,138","Mar 26, 1999","$60,000,000"
10 Things I Hate About You,"Heath Ledger, Joseph Gordon-Levitt",71%,69%,"3,736","Mar 31, 1999","$13,000,000"
A Walk on the Moon,Viggo Mortensen,,,"3,682","Mar 26, 1999","$14,000,000"
Foolish,,0%,67%,"5,807","Apr 9, 1999","$1,600,000"
Life,,52%,77%,819,"Apr 16, 1999","$75,000,000"
Life,,52%,77%,"1,176","Mar 22, 2017","$58,000,000"
Election,Matthew Broderick,92%,79%,"4,407","Apr 23, 1999","$8,500,000"
eXistenZ,Willem Dafoe,75%,69%,"2,856","Apr 23, 1999","$20,700,000"
Lost and Found,,,40%,"3,678","Apr 23, 1999","$14,000,000"
Pushing Tin,,48%,42%,"2,080","Apr 23, 1999","$33,000,000"
Entrapment,,40%,50%,958,"Apr 30, 1999","$66,000,000"
Idle Hands,,16%,58%,"3,581","Apr 30, 1999","$15,000,000"
The Love Letter,,33%,38%,"3,564","May 21, 1999","$15,000,000"
The Loss of Sexual Innocence,,47%,60%,"5,206","May 28, 1999","$4,000,000"
Notting Hill,,84%,79%,"1,597","May 28, 1999","$42,000,000"
Instinct,,26%,67%,"1,242","Jun 4, 1999","$55,000,000"
Limbo,,,72%,"4,423","Jun 4, 1999","$8,300,000"
An Ideal Husband,,,,"4,032","Jun 18, 1999","$10,700,000"
"South Park: Bigger, Longer & Uncut","George Clooney, Winona Ryder",81%,88%,"2,831","Jun 30, 1999","$21,000,000"
Wild Wild West,Will Smith,16%,28%,167,"Jun 30, 1999","$175,000,000"
Summer of Sam,Adrien Brody,50%,60%,"2,801","Jul 2, 1999","$22,000,000"
American Pie,,62%,61%,"3,824","Jul 9, 1999","$12,000,000"
Arlington Road,,63%,74%,"2,825","Jul 9, 1999","$21,500,000"
Muppets From Space,,63%,58%,"2,713","Jul 14, 1999","$24,000,000"
Eyes Wide Shut,Nicole Kidman,76%,74%,989,"Jul 16, 1999","$65,000,000"
Lake Placid,Mariska Hargitay,47%,37%,"2,435","Jul 16, 1999","$27,000,000"
The Wood,,61%,92%,"4,737","Jul 16, 1999","$6,000,000"
Drop Dead Gorgeous,Kirsten Dunst,47%,75%,"4,154","Jul 23, 1999","$10,000,000"
Inspector Gadget,Matthew Broderick,20%,18%,811,"Jul 23, 1999","$75,000,000"
Deep Blue Sea,Samuel L. Jackson,,,"1,075","Jul 28, 1999","$60,000,000"
Illuminata,,46%,67%,"4,231","Aug 6, 1999","$10,000,000"
The Iron Giant,,96%,90%,"1,401","Aug 4, 1999","$50,000,000"
Mystery Men,,60%,57%,946,"Aug 6, 1999","$68,000,000"
The Thomas Crown Affair,,70%,74%,"1,454","Aug 6, 1999","$48,000,000"
Bowfinger,Robert Downey Jr.,81%,61%,"1,221","Aug 13, 1999","$55,000,000"
Brokedown Palace,,31%,66%,"2,637","Aug 13, 1999","$25,000,000"
Detroit Rock City,,50%,82%,"3,395","Aug 13, 1999","$16,000,000"
Mickey Blue Eyes,,45%,42%,"1,727","Aug 20, 1999","$40,000,000"
In Too Deep,,,,"4,608","Aug 25, 1999","$7,000,000"
The 13th Warrior,,33%,66%,375,"Aug 27, 1999","$125,000,000"
The Astronaut's Wife,Johnny Depp,15%,33%,"2,062","Aug 27, 1999","$34,000,000"
A Dog of Flanders,,,,"4,630","Aug 27, 1999","$7,000,000"
Dudley Do-Right,,16%,24%,"2,812","Aug 27, 1999","$22,000,000"
The Muse,,,,"3,546","Aug 27, 1999","$15,000,000"
Chill Factor,,10%,30%,"2,061","Sep 1, 1999","$34,000,000"
Outside Providence,,52%,65%,"4,618","Sep 1, 1999","$7,000,000"
Love Stinks,,19%,63%,"5,193","Sep 10, 1999","$4,000,000"
Stigmata,,22%,63%,"2,097","Sep 10, 1999","$32,000,000"
Stir of Echoes,,68%,70%,"3,870","Sep 10, 1999","$12,000,000"
Blue Streak,,35%,64%,"1,895","Sep 17, 1999","$36,000,000"
Breakfast of Champions,,25%,31%,"3,933","Sep 17, 1999","$12,000,000"
For Love of the Game,,46%,75%,"1,379","Sep 17, 1999","$50,000,000"
Double Jeopardy,,,27%,"1,641","Sep 24, 1999","$40,000,000"
Jakob the Liar,,29%,63%,"3,577","Sep 24, 1999","$15,000,000"
Mumford,,58%,65%,"2,360","Sep 24, 1999","$28,700,000"
The Adventures of Elmo in Grouchland,,77%,64%,"3,315","Oct 1, 1999","$17,000,000"
American Beauty,,87%,93%,"3,437","Sep 15, 1999","$15,000,000"
Drive Me Crazy,,29%,53%,"4,458","Oct 1, 1999","$8,000,000"
"Mystery, Alaska",Mike Myers,37%,66%,"2,408","Oct 1, 1999","$28,000,000"
Three Kings,"George Clooney, Mark Wahlberg",94%,77%,"1,457","Oct 1, 1999","$48,000,000"
The Limey,,92%,78%,"4,204","Oct 8, 1999","$10,000,000"
Random Hearts,Harrison Ford,18%,24%,"1,020","Oct 8, 1999","$64,000,000"
Superstar,,,57%,"3,655","Jan 1, 1999","$14,000,000"
Fight Club,"Brad Pitt, Edward Norton",80%,96%,999,"Oct 15, 1999","$65,000,000"
The Omega Code,,8%,31%,"4,569","Oct 15, 1999","$7,200,000"
The Story of Us,,,29%,"1,391","Oct 15, 1999","$50,000,000"
The Straight Story,,95%,91%,"4,180","Oct 15, 1999","$10,000,000"
Bats,,17%,14%,"4,693","Oct 22, 1999","$6,500,000"
The Best Man,,72%,86%,"4,331","Oct 22, 1999","$9,000,000"
Boys Don't Cry,,90%,87%,"5,636","Oct 8, 1999","$2,000,000"
Crazy in Alabama,,30%,64%,"3,591","Oct 22, 1999","$15,000,000"
Molly,,14%,52%,"2,851","Oct 22, 1999","$21,000,000"
Three to Tango,,29%,48%,"3,031","Oct 22, 1999","$20,000,000"
Being John Malkovich,"Brad Pitt, Winona Ryder, Cameron Diaz",94%,87%,"3,747","Oct 29, 1999","$13,000,000"
House on Haunted Hill,,79%,73%,"3,133","Oct 29, 1999","$19,000,000"
The Bachelor,,,,"2,844","Nov 5, 1999","$21,000,000"
The Bone Collector,Denzel Washington,29%,63%,"1,456","Nov 5, 1999","$48,000,000"
The Insider,Al Pacino,,,947,"Nov 5, 1999","$68,000,000"
Light It Up,,39%,75%,"3,766","Nov 10, 1999","$13,000,000"
Dogma,Matt Damon,68%,85%,"4,091","Nov 12, 1999","$10,000,000"
Felicia's Journey,,88%,71%,"3,597","Nov 12, 1999","$15,000,000"
The Messenger: The Story of Joan of Arc,,32%,58%,"1,416","Nov 12, 1999","$50,000,000"
Sleepy Hollow,,70%,80%,885,"Nov 19, 1999","$70,000,000"
End of Days,,11%,33%,503,"Nov 24, 1999","$100,000,000"
Flawless,Robert De Niro,40%,54%,"2,448","Nov 24, 1999","$27,000,000"
Cradle Will Rock,,65%,71%,"2,119","Dec 8, 1999","$32,000,000"
Deuce Bigalow: Male Gigolo,Amy Poehler,22%,42%,"3,174","Dec 10, 1999","$18,000,000"
The Green Mile,Tom Hanks,79%,94%,"1,046","Dec 10, 1999","$60,000,000"
Miss Julie,,,,"4,867","Dec 12, 2014","$5,500,000"
Anna and the King,,,,831,"Dec 17, 1999","$75,000,000"
Bicentennial Man,,37%,59%,611,"Dec 17, 1999","$90,000,000"
Fantasia 2000,,80%,75%,734,"Dec 31, 1999","$80,000,000"
Magnolia,,82%,89%,"1,887","Dec 17, 1999","$37,000,000"
Stuart Little,,67%,41%,454,"Dec 17, 1999","$105,000,000"
"Girl, Interrupted",Winona Ryder,53%,84%,"2,706","Dec 21, 1999","$24,000,000"
Any Given Sunday,"Al Pacino, Cameron Diaz",52%,73%,"1,072","Dec 22, 1999","$60,000,000"
Snow Falling on Cedars,,39%,67%,"1,904","Dec 24, 1999","$36,000,000"
The Big Tease,,56%,54%,"5,213","Jan 28, 2000","$4,000,000"
Angela's Ashes,,52%,81%,"2,623","Dec 24, 1999","$25,000,000"
Galaxy Quest,Sigourney Weaver,90%,79%,"1,508","Dec 24, 1999","$45,000,000"
The Talented Mr. Ripley,Matt Damon,85%,80%,"1,661","Dec 24, 1999","$40,000,000"
The Hurricane,Denzel Washington,,,"1,845","Dec 29, 1999","$38,000,000"
How the Grinch Stole Christmas,,49%,58%,376,"Nov 17, 2000","$123,000,000"
Cast Away,Tom Hanks,89%,84%,635,"Dec 22, 2000","$85,000,000"
What Women Want,,54%,54%,963,"Dec 15, 2000","$65,000,000"
The Perfect Storm,"George Clooney, Mark Wahlberg",46%,63%,379,"Jun 30, 2000","$120,000,000"
Meet the Parents,Robert De Niro,85%,79%,"1,197","Oct 6, 2000","$55,000,000"
X-Men,"Hugh Jackman, Ian McKellen",82%,83%,800,"Jul 14, 2000","$75,000,000"
Scary Movie,,51%,43%,"3,123","Jul 7, 2000","$19,000,000"
What Lies Beneath,Harrison Ford,47%,58%,581,"Jul 21, 2000","$90,000,000"
Next Friday,,21%,76%,"4,299","Jan 12, 2000","$9,500,000"
The Boondock Saints,Willem Dafoe,26%,91%,"4,654","Jan 21, 2000","$7,000,000"
Down to You,,3%,48%,"4,337","Jan 21, 2000","$9,000,000"
Isn't She Great,,24%,37%,"1,907","Jan 28, 2000","$36,000,000"
Gun Shy,Liam Neeson,26%,36%,"4,219","Feb 4, 2000","$10,000,000"
Scream 3,Carrie Fisher,41%,38%,"1,654","Feb 4, 2000","$40,000,000"
The Beach,Leonardo DiCaprio,,,"1,373","Feb 11, 2000","$50,000,000"
Snow Day,,29%,27%,"3,723","Feb 11, 2000","$13,000,000"
The Tigger Movie,,62%,62%,"2,913","Feb 11, 2000","$20,000,000"
Hanging Up,,12%,34%,"1,724","Feb 18, 2000","$40,000,000"
Pitch Black,,60%,77%,"2,738","Feb 18, 2000","$23,000,000"
The Whole Nine Yards,,43%,64%,"2,694","Feb 18, 2000","$24,000,000"
Wonder Boys,"Robert Downey Jr., Tobey Maguire",81%,83%,"2,003","Feb 23, 2000","$35,000,000"
Reindeer Games,,25%,27%,"1,903","Feb 25, 2000","$36,000,000"
3 Strikes,,0%,67%,"5,175","Mar 1, 2000","$4,000,000"
Drowning Mona,,29%,47%,"3,381","Mar 3, 2000","$16,000,000"
My Dog Skip,,73%,68%,"4,584","Jan 12, 2000","$7,000,000"
The Next Best Thing,,19%,35%,"2,615","Mar 3, 2000","$25,000,000"
Mission to Mars,,24%,30%,609,"Mar 10, 2000","$90,000,000"
The Ninth Gate,Johnny Depp,43%,58%,"1,856","Mar 10, 2000","$38,000,000"
Erin Brockovich,,85%,81%,"1,310","Mar 17, 2000","$50,000,000"
Final Destination,,36%,68%,"2,734","Mar 17, 2000","$23,000,000"
Romeo Must Die,,32%,61%,"2,532","Mar 22, 2000","$25,000,000"
Ghost Dog: The Way of the Samurai,,84%,86%,"5,662","Mar 3, 2000","$2,000,000"
Here on Earth,,17%,60%,"3,551","Mar 24, 2000","$15,000,000"
The Road to El Dorado,,49%,66%,553,"Mar 31, 2000","$95,000,000"
The Skulls,,9%,43%,"3,482","Mar 31, 2000","$15,000,000"
Black and White,,,,"4,187","Apr 5, 2000","$10,000,000"
Ready to Rumble,John Cena,23%,52%,"2,714","Apr 7, 2000","$24,000,000"
Return to Me,,62%,80%,"2,702","Apr 7, 2000","$24,000,000"
Rules of Engagement,,37%,55%,"1,081","Apr 7, 2000","$60,000,000"
28 Days,Viggo Mortensen,33%,50%,"1,588","Apr 14, 2000","$43,000,000"
American Psycho,"Christian Bale, Willem Dafoe",68%,85%,"4,463","Apr 14, 2000","$8,000,000"
Keeping the Faith,Edward Norton,69%,59%,"2,347","Apr 14, 2000","$29,000,000"
Gossip,,28%,47%,"3,681","Apr 21, 2000","$14,000,000"
Love & Basketball,,85%,95%,"3,503","Apr 21, 2000","$15,000,000"
U-571,,68%,62%,"1,028","Apr 21, 2000","$62,000,000"
The Virgin Suicides,Kirsten Dunst,80%,81%,"4,774","Apr 21, 2000","$6,000,000"
The Flintstones in Viva Rock Vegas,,25%,20%,"1,174","Apr 28, 2000","$58,000,000"
Frequency,Michael Cera,70%,81%,"2,133","Apr 28, 2000","$31,000,000"
I Dreamed of Africa,,10%,56%,"2,063","May 5, 2000","$34,000,000"
Center Stage,,41%,82%,"3,216","May 12, 2000","$18,000,000"
Held Up,,17%,42%,"4,476","May 12, 2000","$8,000,000"
Screwed,,,,"3,899","May 12, 2000","$12,000,000"
Dinosaur,,,,346,"May 19, 2000","$127,500,000"
Small Time Crooks,,66%,57%,"3,215","May 19, 2000","$18,000,000"
Shanghai Noon,,80%,65%,"1,225","May 26, 2000","$55,000,000"
Big Momma's House,,30%,57%,"2,068","Jun 2, 2000","$33,000,000"
Sunshine,Chris Evans,77%,73%,"1,801","Apr 6, 2007","$40,000,000"
Boys and Girls,,11%,50%,"3,375","Jun 16, 2000","$16,000,000"
Jesus' Son,,79%,83%,"5,552","Jun 16, 2000","$2,500,000"
Titan A.E.,Matt Damon,50%,61%,837,"Jun 16, 2000","$75,000,000"
Chicken Run,,97%,65%,"1,599","Jun 21, 2000","$42,000,000"
"Me, Myself & Irene",,48%,57%,"1,291","Jun 23, 2000","$51,000,000"
But I'm a Cheerleader,,43%,75%,"5,937","Jul 7, 2000","$1,200,000"
Loser,,,,"3,006","Jul 21, 2000","$20,000,000"
Thomas and the Magic Railroad,,21%,42%,"3,142","Jul 26, 2000","$19,000,000"
Nutty Professor II: The Klumps,,27%,33%,677,"Jul 28, 2000","$84,000,000"
Wonderland,Carrie Fisher,34%,65%,"4,858","Oct 3, 2003","$5,500,000"
Coyote Ugly,,23%,71%,"1,517","Aug 4, 2000","$45,000,000"
Hollow Man,,26%,28%,602,"Aug 4, 2000","$90,000,000"
Space Cowboys,,78%,53%,979,"Aug 4, 2000","$65,000,000"
Autumn in New York,Winona Ryder,20%,53%,"1,717","Aug 11, 2000","$40,000,000"
Bless the Child,,4%,43%,"1,741","Aug 11, 2000","$40,000,000"
Cecil B. Demented,,52%,67%,"4,225","Aug 11, 2000","$10,000,000"
The Replacements,,41%,66%,"1,365","Aug 11, 2000","$50,000,000"
The Cell,,,,"1,938","Aug 18, 2000","$35,000,000"
The Original Kings of Comedy,,83%,79%,"5,367","Aug 18, 2000","$3,000,000"
The Crew,Carrie-Anne Moss,,,"2,752","Aug 25, 2000","$23,000,000"
Highlander: Endgame,,11%,38%,"3,539","Sep 1, 2000","$15,000,000"
Whipped,,13%,32%,"5,418","Sep 1, 2000","$3,000,000"
Nurse Betty,,83%,45%,"2,707","Sep 8, 2000","$24,000,000"
The Watcher,,11%,28%,"2,075","Sep 8, 2000","$33,000,000"
The Way of the Gun,,46%,70%,"4,352","Sep 8, 2000","$9,000,000"
Almost Famous,,91%,92%,"1,123","Sep 15, 2000","$60,000,000"
Urban Legends: Final Cut,,10%,20%,"3,514","Sep 22, 2000","$15,000,000"
Woman on Top,,35%,42%,"4,475","Sep 22, 2000","$8,000,000"
Beautiful,,,,"4,359","Sep 29, 2000","$9,000,000"
Best in Show,,93%,88%,"4,747","Sep 27, 2000","$6,000,000"
Remember the Titans,"Denzel Washington, Ryan Gosling",71%,93%,"2,149","Sep 29, 2000","$30,000,000"
Bamboozled,,53%,74%,"4,211","Oct 6, 2000","$10,000,000"
Dancer in the Dark,,70%,91%,"3,809","Sep 22, 2000","$12,500,000"
Digimon: The Movie,,24%,66%,"4,964","Oct 6, 2000","$5,000,000"
Billy Elliot,,85%,89%,"4,920","Oct 13, 2000","$5,000,000"
The Contender,Gary Oldman,,,"4,339","Oct 13, 2000","$9,000,000"
Lost Souls,Winona Ryder,,,"2,404","Oct 13, 2000","$28,000,000"
The Yards,"Mark Wahlberg, Joaquin Phoenix",64%,51%,"3,085","Oct 20, 2000","$20,000,000"
Book of Shadows: Blair Witch 2,,14%,18%,"3,505","Oct 27, 2000","$15,000,000"
The Little Vampire,,55%,55%,"2,807","Oct 13, 2000","$22,000,000"
Lucky Numbers,,23%,19%,"1,012","Oct 27, 2000","$65,000,000"
Requiem for a Dream,,78%,93%,"5,102","Oct 6, 2000","$4,500,000"
Charlie's Angels,Cameron Diaz,68%,45%,586,"Nov 3, 2000","$90,000,000"
The Legend of Bagger Vance,"Will Smith, Matt Damon",43%,65%,"1,128","Nov 3, 2000","$60,000,000"
Little Nicky,Adam Sandler,22%,55%,743,"Nov 10, 2000","$80,000,000"
Men of Honor,Robert De Niro,42%,81%,"2,098","Nov 10, 2000","$32,000,000"
Red Planet,Carrie-Anne Moss,14%,28%,762,"Nov 10, 2000","$80,000,000"
You Can Count on Me,"Mark Ruffalo, Matthew Broderick",95%,88%,"5,930","Nov 10, 2000","$1,200,000"
The 6th Day,,40%,33%,687,"Nov 17, 2000","$82,000,000"
Bounce,,53%,33%,"1,966","Nov 17, 2000","$35,000,000"
102 Dalmatians,,30%,32%,656,"Nov 22, 2000","$85,000,000"
Quills,"Joaquin Phoenix, Michael Caine",75%,83%,"3,708","Nov 22, 2000","$13,500,000"
Unbreakable,Samuel L. Jackson,70%,77%,851,"Nov 22, 2000","$73,243,106"
Snatch,"Brad Pitt, Jason Statham",74%,93%,"4,094","Sep 1, 2000","$10,000,000"
Proof of Life,,39%,43%,"1,002","Dec 8, 2000","$65,000,000"
Vertical Limit,,49%,41%,817,"Dec 8, 2000","$75,000,000"
Chocolat,"Johnny Depp, Carrie-Anne Moss",63%,83%,"2,526","Dec 15, 2000","$25,000,000"
"Dude, Where's My Car?",,16%,47%,"3,732","Dec 15, 2000","$13,000,000"
The Emperor's New Groove,,86%,84%,497,"Dec 15, 2000","$100,000,000"
Pollock,,79%,74%,"4,765","Dec 15, 2000","$6,000,000"
Finding Forrester,Matt Damon,74%,79%,"1,587","Dec 19, 2000","$43,000,000"
The Family Man,,,,"1,070","Dec 22, 2000","$60,000,000"
The Gift,,,,"4,148","Dec 19, 2000","$10,000,000"
The Gift,,,,"4,900","Aug 6, 2015","$5,000,000"
The House of Mirth,,82%,72%,"4,206","Dec 22, 2000","$10,000,000"
Miss Congeniality,Michael Caine,41%,69%,"1,496","Dec 22, 2000","$45,000,000"
"O Brother, Where Art Thou?",George Clooney,78%,89%,"2,470","Sep 15, 2000","$26,000,000"
Thirteen Days,,83%,80%,750,"Dec 22, 2000","$80,000,000"
All the Pretty Horses,Matt Damon,32%,42%,"1,558","Dec 22, 2000","$45,000,000"
The Claim,,62%,48%,"3,784","Dec 29, 2000","$13,000,000"
Shadow of the Vampire,Willem Dafoe,82%,74%,"4,470","Dec 29, 2000","$8,000,000"
The Lord of the Rings: The Fellowship of the Ring,"Elijah Wood, Ian McKellen, Viggo Mortensen",92%,95%,563,"Dec 19, 2001","$93,000,000"
Shrek,"Mike Myers, Cameron Diaz",88%,90%,"1,298","May 18, 2001","$50,000,000"
"Monsters, Inc.",,96%,90%,407,"Nov 2, 2001","$115,000,000"
Rush Hour 2,,50%,74%,575,"Aug 3, 2001","$90,000,000"
The Mummy Returns,Dwayne Johnson,46%,63%,540,"May 4, 2001","$98,000,000"
Jurassic Park III,,49%,37%,564,"Jul 18, 2001","$93,000,000"
Antitrust,,24%,50%,"2,294","Jan 12, 2001","$30,000,000"
Double Take,,,,"2,705","Jan 12, 2001","$24,000,000"
Save the Last Dance,,54%,59%,"3,719","Jan 12, 2001","$13,000,000"
The Pledge,,78%,59%,"1,552","Jan 19, 2001","$45,000,000"
The Wedding Planner,,17%,59%,"2,378","Jan 26, 2001","$28,000,000"
Valentine,,11%,33%,"4,119","Feb 2, 2001","$10,000,000"
Hannibal,,,,630,"Feb 9, 2001","$87,000,000"
Saving Silverman,,18%,51%,"2,800","Feb 9, 2001","$22,000,000"
Down to Earth,,,,"2,177","Feb 16, 2001","$30,000,000"
Recess: School's Out,,60%,56%,"4,077","Feb 16, 2001","$10,000,000"
Sweet November,,,62%,"1,751","Feb 16, 2001","$40,000,000"
3000 Miles to Graceland,,15%,46%,"1,032","Feb 23, 2001","$62,000,000"
Monkeybone,,20%,27%,843,"Feb 23, 2001","$75,000,000"
The Caveman's Valentine,Samuel L. Jackson,45%,51%,"3,711","Mar 2, 2001","$13,500,000"
The Mexican,Brad Pitt,54%,44%,"1,675","Mar 2, 2001","$40,000,000"
See Spot Run,,23%,44%,"3,365","Mar 2, 2001","$16,000,000"
15 Minutes,Robert De Niro,32%,37%,"1,613","Mar 9, 2001","$42,000,000"
Get Over It,Kirsten Dunst,43%,51%,"4,150","Mar 9, 2001","$10,000,000"
Elling,,85%,91%,"5,616","May 29, 2002","$2,100,000"
Enemy at the Gates,,54%,82%,661,"Mar 16, 2001","$85,000,000"
Exit Wounds,,33%,45%,"2,070","Mar 16, 2001","$33,000,000"
Memento,Carrie-Anne Moss,94%,94%,"4,915","Mar 16, 2001","$5,000,000"
The Brothers,,,,"4,733","Mar 23, 2001","$6,000,000"
Say It Isn't So,,8%,32%,"2,650","Mar 23, 2001","$25,000,000"
Someone Like You,,,,"2,740","Mar 30, 2001","$23,000,000"
Spy Kids,George Clooney,93%,47%,"1,923","Mar 30, 2001","$35,000,000"
The Tailor of Panama,Daniel Radcliffe,75%,46%,"3,226","Mar 30, 2001","$18,000,000"
Tomcats,,14%,42%,"3,994","Mar 30, 2001","$11,000,000"
Along Came a Spider,,32%,53%,"2,369","Apr 6, 2001","$28,000,000"
Blow,Johnny Depp,56%,87%,"2,193","Apr 6, 2001","$30,000,000"
Just Visiting,,33%,53%,"1,799","Apr 6, 2001","$40,000,000"
Joe Dirt,,9%,63%,"3,369","Apr 11, 2001","$16,000,000"
Josie and the Pussycats,,53%,52%,"2,805","Apr 11, 2001","$22,000,000"
Kingdom Come,,27%,72%,"4,596","Apr 11, 2001","$7,000,000"
Crocodile Dundee in Los Angeles,,11%,25%,"2,586","Apr 20, 2001","$25,000,000"
Freddy Got Fingered,,10%,56%,"3,533","Apr 20, 2001","$15,000,000"
Driven,,64%,62%,864,"Apr 27, 2001","$72,000,000"
The Forsaken,,,,"4,969","Apr 27, 2001","$5,000,000"
Town & Country,,13%,14%,459,"Apr 27, 2001","$105,000,000"
Angel Eyes,,,31%,"1,852","May 18, 2001","$38,000,000"
The Animal,Adam Sandler,,,"2,780","Jun 1, 2001","$22,000,000"
Moulin Rouge,,,60%,"1,275","May 18, 2001","$53,000,000"
What's the Worst That Could Happen?,,10%,35%,"2,237","Jun 1, 2001","$30,000,000"
Evolution,,,,745,"Jun 8, 2001","$80,000,000"
Swordfish,Hugh Jackman,26%,59%,729,"Jun 8, 2001","$80,000,000"
Atlantis: The Lost Empire,,49%,55%,597,"Jun 8, 2001","$90,000,000"
Lara Croft: Tomb Raider,,20%,47%,561,"Jun 15, 2001","$94,000,000"
Sexy Beast,Ben Kingsley,87%,85%,"5,136","Jun 13, 2001","$4,300,000"
Dr. Dolittle 2,,41%,26%,861,"Jun 22, 2001","$72,000,000"
The Fast and the Furious,,54%,74%,"1,833","Jun 22, 2001","$38,000,000"
Baby Boy,,71%,87%,"3,367","Jun 27, 2001","$16,000,000"
Pootie Tang,,27%,63%,"5,301","Jun 29, 2001","$3,500,000"
Cats & Dogs,"Tobey Maguire, Jeff Goldblum",52%,32%,"1,058","Jul 4, 2001","$60,000,000"
Scary Movie 2,,13%,52%,"1,509","Jul 4, 2001","$45,000,000"
Kiss of the Dragon,,52%,68%,"2,559","Jul 6, 2001","$25,000,000"
Final Fantasy: The Spirits Within,,44%,48%,310,"Jul 11, 2001","$137,000,000"
Legally Blonde,,71%,72%,"3,169","Jul 13, 2001","$18,000,000"
Made,,71%,66%,"4,978","Jul 13, 2001","$5,000,000"
The Score,"Robert De Niro, Edward Norton, Marlon Brando",56%,45%,942,"Jul 13, 2001","$68,000,000"
Ghost World,Scarlett Johansson,93%,84%,"4,854","Jul 20, 2001","$5,500,000"
Hedwig and the Angry Inch,,92%,93%,"4,785","Jul 20, 2001","$6,000,000"
Original Sin,,12%,61%,"2,481","Aug 3, 2001","$26,000,000"
The Princess Diaries,,49%,68%,"2,154","Aug 3, 2001","$30,000,000"
American Pie 2,,51%,68%,"2,144","Aug 10, 2001","$30,000,000"
Osmosis Jones,,55%,42%,927,"Aug 10, 2001","$70,000,000"
The Others,Nicole Kidman,,,"3,282","Aug 10, 2001","$17,000,000"
American Outlaws,,13%,67%,"2,015","Aug 17, 2001","$35,000,000"
Captain Corelli's Mandolin,Christian Bale,28%,50%,"1,186","Aug 17, 2001","$57,000,000"
Rat Race,,45%,64%,"1,459","Aug 17, 2001","$48,000,000"
Bubble Boy,Jake Gyllenhaal,31%,48%,"3,767","Aug 24, 2001","$13,000,000"
The Curse of the Jade Scorpion,,45%,53%,"2,487","Aug 24, 2001","$26,000,000"
Jay and Silent Bob Strike Back,"Matt Damon, Carrie Fisher, Mark Hamill",52%,75%,"2,792","Aug 24, 2001","$22,000,000"
Summer Catch,,8%,41%,"3,310","Aug 24, 2001","$17,000,000"
Jeepers Creepers,,45%,49%,"4,074","Aug 31, 2001","$10,000,000"
The Musketeer,,11%,33%,"1,747","Sep 7, 2001","$40,000,000"
Rock Star,Mark Wahlberg,53%,59%,"1,860","Sep 7, 2001","$38,000,000"
Soul Survivors,,4%,26%,"3,686","Sep 7, 2001","$14,000,000"
Two Can Play That Game,,40%,83%,"3,748","Sep 7, 2001","$13,000,000"
The Glass House,,,100%,"2,802","Sep 14, 2001","$22,000,000"
Hardball,,41%,70%,"2,835","Sep 14, 2001","$21,000,000"
Glitter,,6%,48%,"4,413","Sep 21, 2001","$8,500,000"
Dinner Rush,,91%,85%,"5,685","Sep 28, 2001","$2,000,000"
Hearts in Atlantis,,49%,64%,"2,134","Sep 28, 2001","$31,000,000"
Zoolander,"Natalie Portman, Winona Ryder",65%,80%,"2,387","Sep 28, 2001","$28,000,000"
Joy Ride,,74%,66%,"2,743","Oct 5, 2001","$23,000,000"
Max Keeble's Big Move,,29%,38%,"3,877","Oct 5, 2001","$12,000,000"
Serendipity,,59%,79%,"2,385","Oct 5, 2001","$28,000,000"
Training Day,Denzel Washington,74%,89%,"1,506","Oct 5, 2001","$45,000,000"
Bandits,,64%,58%,830,"Oct 12, 2001","$75,000,000"
Corky Romano,,7%,39%,"3,985","Oct 12, 2001","$11,000,000"
From Hell,Johnny Depp,57%,66%,"1,977","Oct 19, 2001","$35,000,000"
The Last Castle,Mark Ruffalo,52%,74%,"1,141","Oct 19, 2001","$60,000,000"
Donnie Darko,Jake Gyllenhaal,87%,80%,"5,107","Oct 26, 2001","$4,500,000"
K-PAX,,42%,74%,"1,461","Aug 13, 2001","$48,000,000"
On the Line,,,,"4,192","Oct 26, 2001","$10,000,000"
Thirteen Ghosts,,19%,49%,"3,132","Oct 26, 2001","$19,000,000"
Bones,,26%,40%,"4,169","Oct 24, 2001","$10,000,000"
Wasabi,,43%,69%,"3,428","Sep 27, 2002","$15,300,000"
Domestic Disturbance,,23%,37%,"1,276","Nov 2, 2001","$53,000,000"
The One,Jason Statham,13%,51%,"1,444","Nov 2, 2001","$49,000,000"
Life as a House,,47%,88%,"3,221","Oct 26, 2001","$18,000,000"
Shallow Hal,,49%,45%,"1,669","Nov 9, 2001","$40,000,000"
Novocaine,,38%,37%,"4,789","Nov 16, 2001","$6,000,000"
The Wash,,,,"5,174","Nov 14, 2001","$4,000,000"
Black Knight,,15%,34%,"1,973","Nov 21, 2001","$35,000,000"
Out Cold,,8%,84%,"3,992","Nov 21, 2001","$11,000,000"
Spy Game,Brad Pitt,64%,75%,607,"Nov 21, 2001","$90,000,000"
In the Bedroom,,93%,81%,"5,794","Nov 23, 2001","$1,700,000"
Behind Enemy Lines,,,29%,"1,683","Nov 30, 2001","$40,000,000"
Texas Rangers,,2%,29%,"1,867","Nov 30, 2001","$38,000,000"
Iris,Emma Stone,,,"4,855","Dec 14, 2001","$5,500,000"
Not Another Teen Movie,Chris Evans,31%,55%,"3,476","Dec 14, 2001","$15,000,000"
The Royal Tenenbaums,,81%,89%,"2,382","Dec 14, 2001","$28,000,000"
The Other Side of Heaven,,30%,74%,"4,625","Dec 14, 2001","$7,000,000"
Vanilla Sky,Cameron Diaz,43%,72%,886,"Dec 14, 2001","$70,000,000"
The Shipping News,,54%,61%,"2,018","Dec 25, 2001","$35,000,000"
A Beautiful Mind,,74%,93%,773,"Dec 21, 2001","$78,000,000"
The Business of Strangers,,81%,51%,"4,793","Dec 7, 2001","$6,000,000"
How High,,25%,79%,"3,854","Dec 21, 2001","$12,000,000"
Jimmy Neutron: Boy Genius,,74%,53%,"2,517","Dec 21, 2001","$25,000,000"
Joe Somebody,,21%,27%,"1,853","Dec 21, 2001","$38,000,000"
The Majestic,Matt Damon,42%,60%,865,"Dec 21, 2001","$72,000,000"
Ali,Will Smith,68%,65%,450,"Dec 25, 2001","$109,000,000"
Gosford Park,Tom Holland,87%,78%,"3,192","Dec 26, 2001","$18,000,000"
Monster's Ball,Heath Ledger,85%,67%,"5,155","Dec 26, 2001","$4,000,000"
I Am Sam,,36%,86%,"2,786","Dec 28, 2001","$22,000,000"
Black Hawk Down,"Tom Hardy, Ewan McGregor",77%,88%,546,"Dec 28, 2001","$95,000,000"
Spider-Man,"Kirsten Dunst, Willem Dafoe, Tobey Maguire",90%,67%,305,"May 3, 2002","$139,000,000"
The Lord of the Rings: The Two Towers,"Elijah Wood, Ian McKellen, Viggo Mortensen",95%,95%,560,"Dec 18, 2002","$94,000,000"
Harry Potter and the Chamber of Secrets,"Emma Watson, Rupert Grint, Daniel Radcliffe",82%,80%,476,"Nov 15, 2002","$100,000,000"
My Big Fat Greek Wedding,,76%,73%,"4,887","Apr 19, 2002","$5,000,000"
Signs,Joaquin Phoenix,75%,67%,869,"Aug 2, 2002","$70,702,619"
Austin Powers in Goldmember,"Michael Caine, Mike Myers",53%,44%,"1,023","Jul 25, 2002","$63,000,000"
Ice Age,,77%,82%,965,"Mar 15, 2002","$65,000,000"
Chicago,,86%,83%,"2,141","Dec 27, 2002","$30,000,000"
Impostor,,25%,41%,"1,795","Jan 4, 2002","$40,000,000"
Orange County,,47%,61%,"3,193","Jan 11, 2002","$18,000,000"
Snow Dogs,,26%,40%,"2,092","Jan 18, 2002","$32,000,000"
The Mothman Prophecies,,52%,56%,"1,609","Jan 25, 2002","$42,000,000"
A Walk to Remember,,29%,78%,"3,974","Jan 25, 2002","$11,000,000"
Birthday Girl,Nicole Kidman,59%,39%,"3,768","Feb 1, 2002","$13,000,000"
Slackers,"Jason Schwartzman, Cameron Diaz",10%,50%,"4,003","Feb 1, 2002","$11,000,000"
Big Fat Liar,,46%,44%,"3,467","Feb 8, 2002","$15,000,000"
Hart's War,Sam Worthington,60%,48%,921,"Feb 15, 2002","$70,000,000"
Super Troopers,,36%,90%,"5,928","Feb 15, 2002","$1,200,000"
Dragonfly,,7%,62%,"1,129","Feb 22, 2002","$60,000,000"
Queen of the Damned,,17%,66%,"1,981","Feb 22, 2002","$35,000,000"
40 Days and 40 Nights,,39%,43%,"3,300","Mar 1, 2002","$17,000,000"
We Were Soldiers,,64%,84%,893,"Mar 1, 2002","$70,000,000"
All About the Benjamins,,31%,77%,"3,659","Mar 8, 2002","$14,000,000"
The Time Machine,,,43%,736,"Mar 8, 2002","$80,000,000"
Kissing Jessica Stein,,83%,65%,"5,831","Mar 13, 2002","$1,500,000"
Resident Evil,,36%,67%,"1,959","Mar 15, 2002","$35,000,000"
Showtime,,,,669,"Mar 15, 2002","$85,000,000"
Sorority Boys,,12%,54%,"3,893","Mar 22, 2002","$12,000,000"
Stolen Summer,,36%,66%,"5,860","Mar 22, 2002","$1,500,000"
Clockstoppers,,29%,30%,"2,475","Mar 29, 2002","$26,000,000"
Death to Smoochy,Edward Norton,42%,66%,"1,426","Mar 29, 2002","$50,000,000"
Panic Room,Nicole Kidman,76%,64%,"1,451","Mar 29, 2002","$48,000,000"
High Crimes,,31%,50%,"1,606","Apr 5, 2002","$42,000,000"
Changing Lanes,Samuel L. Jackson,78%,53%,"1,513","Apr 12, 2002","$45,000,000"
Frailty,,75%,79%,"3,996","Apr 12, 2002","$11,000,000"
The Sweetest Thing,Cameron Diaz,26%,65%,"1,590","Jan 1, 2002","$43,000,000"
Murder by Numbers,Ryan Gosling,,,"1,384","Apr 19, 2002","$50,000,000"
The Scorpion King,Dwayne Johnson,41%,37%,"1,062","Apr 18, 2002","$60,000,000"
Jason X,,20%,25%,"3,670","Apr 26, 2002","$14,000,000"
The Salton Sea,,63%,82%,"3,253","Apr 26, 2002","$18,000,000"
Deuces Wild,,3%,51%,"4,181","May 3, 2002","$10,000,000"
Hollywood Ending,,47%,49%,"3,393","May 3, 2002","$16,000,000"
Unfaithful,,50%,68%,"1,350","May 8, 2002","$50,000,000"
About a Boy,Nicholas Hoult,93%,55%,"2,433","May 17, 2002","$27,000,000"
The Believer,Ryan Gosling,82%,82%,"5,848","May 17, 2002","$1,500,000"
The Importance of Being Earnest,,57%,72%,"3,563","May 22, 2002","$15,000,000"
Enough,,,,"1,848","May 24, 2002","$38,000,000"
Spirit: Stallion of the Cimarron,Matt Damon,69%,77%,728,"May 24, 2002","$80,000,000"
Thirteen Conversations About One Thing,,83%,71%,"5,426","May 24, 2002","$3,000,000"
The Sum of All Fears,,59%,49%,940,"May 31, 2002","$68,000,000"
Undercover Brother,,78%,64%,"2,557","May 31, 2002","$25,000,000"
The Bourne Identity,Matt Damon,84%,93%,"1,049","Jun 14, 2002","$60,000,000"
The Dangerous Lives of Altar Boys,,76%,79%,"3,917","Jun 14, 2002","$12,000,000"
Windtalkers,Mark Ruffalo,33%,50%,411,"Jun 14, 2002","$115,000,000"
Juwanna Mann,,10%,39%,"3,418","Jun 21, 2002","$15,600,000"
Lilo & Stitch,,87%,78%,698,"Jun 21, 2002","$80,000,000"
Minority Report,Cameron Diaz,89%,80%,467,"Jun 21, 2002","$102,000,000"
Sunshine State,,80%,58%,"4,840","Jun 21, 2002","$5,600,000"
Hey Arnold! The Movie,,29%,37%,"4,143","Jun 28, 2002","$10,000,000"
Mr. Deeds,"Adam Sandler, Winona Ryder",22%,59%,"1,309","Jun 28, 2002","$50,000,000"
Like Mike,,57%,51%,"2,198","Jul 3, 2002","$30,000,000"
The Crocodile Hunter: Collision Course,,53%,44%,"3,795","Jul 12, 2002","$12,500,000"
Halloween: Resurrection,,10%,24%,"3,495","Jul 12, 2002","$15,000,000"
Reign of Fire,Christian Bale,42%,49%,"1,110","Feb 19, 2002","$60,000,000"
Road to Perdition,Tom Hanks,81%,86%,710,"Jul 12, 2002","$80,000,000"
Eight Legged Freaks,Scarlett Johansson,48%,33%,"2,274","Jul 17, 2002","$30,000,000"
K-19: The Widowmaker,"Harrison Ford, Liam Neeson",60%,52%,616,"Jul 19, 2002","$90,000,000"
Stuart Little 2,,81%,41%,391,"Jul 19, 2002","$120,000,000"
The Country Bears,,29%,34%,"2,997","Jul 26, 2002","$20,000,000"
Full Frontal,Brad Pitt,39%,27%,"5,665","Aug 2, 2002","$2,000,000"
The Master of Disguise,,1%,36%,"3,359","Aug 2, 2002","$16,000,000"
The Good Girl,Jake Gyllenhaal,82%,59%,"4,465","Aug 7, 2002","$8,000,000"
Blood Work,,52%,40%,"1,395","Aug 9, 2002","$50,000,000"
The Adventures of Pluto Nash,,5%,20%,531,"Aug 16, 2002","$100,000,000"
Blue Crush,,61%,58%,"2,219","Aug 16, 2002","$30,000,000"
Possession,,63%,58%,"2,638","Aug 16, 2002","$25,000,000"
One Hour Photo,,81%,65%,"3,851","Aug 21, 2002","$12,000,000"
Serving Sara,,4%,27%,"2,354","Aug 23, 2002","$29,000,000"
Undisputed,,49%,46%,"3,023","Aug 23, 2002","$20,000,000"
City by the Sea,,48%,40%,"1,757","Sep 6, 2002","$40,000,000"
Swimfan,,15%,32%,"4,101","Sep 6, 2002","$10,000,000"
Barbershop,,82%,62%,"3,830","Sep 13, 2002","$12,000,000"
Igby Goes Down,Jeff Goldblum,75%,80%,"4,355","Sep 13, 2002","$9,000,000"
Stealing Harvard,,9%,39%,"2,620","Sep 13, 2002","$25,000,000"
Ballistic: Ecks vs. Sever,,0%,20%,926,"Sep 20, 2002","$70,000,000"
The Banger Sisters,,48%,42%,"4,093","Sep 20, 2002","$10,000,000"
The Four Feathers,Heath Ledger,42%,65%,"2,006","Sep 20, 2002","$35,000,000"
Secretary,,78%,82%,"5,188","Sep 20, 2002","$4,000,000"
Trapped,,,,"2,306","Sep 20, 2002","$30,000,000"
Sweet Home Alabama,,38%,78%,"1,834","Sep 27, 2002","$38,000,000"
The Tuxedo,,21%,30%,"1,096","Sep 27, 2002","$60,000,000"
Jonah: A VeggieTales Movie,,66%,75%,"3,658","Oct 4, 2002","$14,000,000"
Moonlight Mile,Jake Gyllenhaal,63%,66%,"2,848","Sep 27, 2002","$21,000,000"
Red Dragon,"Ralph Fiennes, Edward Norton",69%,74%,776,"Oct 4, 2002","$78,000,000"
Bowling for Columbine,,95%,83%,"5,373","Oct 11, 2002","$3,000,000"
Brown Sugar,,67%,90%,"4,446","Oct 11, 2002","$8,000,000"
Knockaround Guys,,21%,51%,"3,545","Oct 11, 2002","$15,000,000"
The Rules of Attraction,,44%,71%,"5,184","Oct 11, 2002","$4,000,000"
The Transporter,Jason Statham,54%,73%,"2,840","Oct 11, 2002","$21,000,000"
White Oleander,,69%,81%,"3,379","Oct 11, 2002","$16,000,000"
Abandon,,16%,31%,"2,635","Oct 18, 2002","$25,000,000"
Auto Focus,Willem Dafoe,72%,61%,"4,631","Oct 18, 2002","$7,000,000"
Real Women Have Curves,,85%,75%,"5,410","Oct 18, 2002","$3,000,000"
The Ring,,71%,48%,"1,449","Oct 18, 2002","$48,000,000"
Welcome to Collinwood,George Clooney,55%,55%,"3,926","Oct 4, 2002","$12,000,000"
Frida,Edward Norton,76%,85%,"3,859","Oct 25, 2002","$12,000,000"
Ghost Ship,,15%,37%,"2,948","Oct 25, 2002","$20,000,000"
Jackass: The Movie,,49%,75%,"5,623","Oct 25, 2002","$2,000,000"
Punch-Drunk Love,Adam Sandler,79%,77%,"2,600","Oct 11, 2002","$25,000,000"
The Santa Clause 2,,56%,43%,970,"Nov 1, 2002","$65,000,000"
I Spy,,15%,33%,914,"Nov 1, 2002","$70,000,000"
Femme Fatale,,,38%,"2,033","Nov 6, 2002","$35,000,000"
8 Mile,,75%,54%,"1,623","Nov 8, 2002","$41,000,000"
Far From Heaven,,87%,79%,"3,706","Nov 8, 2002","$13,500,000"
Half Past Dead,,3%,37%,"2,610","Nov 15, 2002","$25,000,000"
Die Another Day,,55%,41%,288,"Nov 22, 2002","$142,000,000"
The Emperor's Club,,50%,67%,"3,799","Nov 22, 2002","$12,500,000"
Friday After Next,,26%,75%,"4,084","Nov 22, 2002","$10,000,000"
Extreme Ops,,7%,28%,"1,798","Nov 27, 2002","$40,000,000"
They,,67%,38%,"3,314","Nov 27, 2002","$17,000,000"
Treasure Planet,Joseph Gordon-Levitt,69%,72%,517,"Nov 27, 2002","$100,000,000"
Adaptation,,,,"3,159","Dec 6, 2002","$18,500,000"
Analyze That,Robert De Niro,26%,39%,"1,125","Dec 6, 2002","$60,000,000"
Equilibrium,Christian Bale,40%,81%,"3,081","Dec 6, 2002","$20,000,000"
About Schmidt,,85%,74%,"2,175","Dec 13, 2002","$30,000,000"
Drumline,,82%,70%,"2,897","Dec 13, 2002","$20,000,000"
Maid in Manhattan,Ralph Fiennes,38%,44%,"1,211","Dec 13, 2002","$55,000,000"
Star Trek: Nemesis,Tom Hardy,38%,49%,"1,109","Dec 13, 2002","$60,000,000"
25th Hour,Edward Norton,79%,85%,"5,097","Dec 19, 2002","$4,500,000"
Antwone Fisher,Denzel Washington,78%,86%,"3,797","Dec 19, 2002","$12,500,000"
Gangs of New York,"Leonardo DiCaprio, Liam Neeson, Cameron Diaz",73%,81%,542,"Dec 20, 2002","$97,000,000"
Narc,,84%,79%,"4,543","Dec 20, 2002","$7,500,000"
Two Weeks Notice,,42%,59%,"1,059","Dec 20, 2002","$60,000,000"
The Wild Thornberrys Movie,,80%,51%,"2,554","Dec 20, 2002","$25,000,000"
Catch Me if You Can,,96%,89%,"1,281","Dec 25, 2002","$52,000,000"
The Pianist,Adrien Brody,,33%,"1,975","Dec 27, 2002","$35,000,000"
The Hours,"Nicole Kidman, Meryl Streep",80%,84%,"2,551","Dec 27, 2002","$25,000,000"
Nicholas Nickleby,,,,"4,220","Dec 27, 2002","$10,000,000"
Sonny,,21%,41%,"5,227","Dec 27, 2002","$4,000,000"
Confessions of a Dangerous Mind,"Brad Pitt, George Clooney, Matt Damon, Michael Cera",80%,75%,"2,355","Dec 31, 2002","$29,000,000"
The Lord of the Rings: The Return of the King,"Elijah Wood, Ian McKellen, Viggo Mortensen",94%,86%,558,"Dec 17, 2003","$94,000,000"
Finding Nemo,Willem Dafoe,99%,86%,559,"May 30, 2003","$94,000,000"
The Matrix Reloaded,Carrie-Anne Moss,73%,72%,233,"May 15, 2003","$150,000,000"
Bruce Almighty,,48%,57%,688,"May 23, 2003","$81,000,000"
Elf,,86%,79%,"2,089","Nov 7, 2003","$32,000,000"
Terminator 3: Rise of the Machines,,70%,46%,182,"Jul 1, 2003","$170,000,000"
The Matrix Revolutions,Carrie-Anne Moss,34%,60%,251,"Nov 5, 2003","$150,000,000"
Cheaper by the Dozen,,24%,56%,"1,637","Dec 25, 2003","$40,000,000"
Just Married,,20%,47%,"3,128","Jan 10, 2003","$19,000,000"
A Guy Thing,,25%,35%,"3,004","Jan 17, 2003","$20,000,000"
Kangaroo Jack,,9%,29%,"1,078","Jan 17, 2003","$60,000,000"
Amen,,67%,82%,"3,692","Jan 24, 2003","$14,000,000"
Darkness Falls,,10%,34%,"4,585","Jan 24, 2003","$7,000,000"
Final Destination 2,,50%,58%,"2,469","Jan 31, 2003","$26,000,000"
How to Lose a Guy in 10 Days,,42%,77%,"1,313","Feb 7, 2003","$50,000,000"
Shanghai Knights,,66%,54%,"1,342","Feb 7, 2003","$50,000,000"
Daredevil,,43%,35%,712,"Feb 14, 2003","$80,000,000"
The Jungle Book 2,,18%,30%,"2,909","Feb 14, 2003","$20,000,000"
Dark Blue,,58%,52%,"3,556","Feb 21, 2003","$15,000,000"
Gods and Generals,,8%,64%,"1,254","Feb 21, 2003","$55,000,000"
The Life of David Gale,,19%,81%,"1,409","Feb 21, 2003","$50,000,000"
Old School,,60%,86%,"2,690","Feb 21, 2003","$24,000,000"
Cradle 2 the Grave,,26%,52%,"2,567","Feb 28, 2003","$25,000,000"
Poolhall Junkies,,33%,87%,"5,205","Feb 28, 2003","$4,000,000"
Bringing Down the House,,34%,49%,"2,866","Mar 7, 2003","$20,000,000"
Tears of the Sun,,34%,69%,827,"Mar 7, 2003","$75,000,000"
Agent Cody Banks,,38%,32%,"2,542","Mar 14, 2003","$25,000,000"
Boat Trip,,7%,36%,"3,562","Mar 21, 2003","$15,000,000"
Dreamcatcher,,28%,35%,945,"Mar 21, 2003","$68,000,000"
Basic,Samuel L. Jackson,21%,62%,"1,393","Mar 28, 2003","$50,000,000"
The Core,,39%,34%,673,"Mar 28, 2003","$85,000,000"
Head of State,,30%,46%,"1,911","Mar 28, 2003","$35,200,000"
Phone Booth,,72%,64%,"3,973","Apr 4, 2003","$11,000,000"
What a Girl Wants,,36%,62%,"2,563","Apr 4, 2003","$25,000,000"
Anger Management,,,,"1,188","Apr 11, 2003","$56,000,000"
Bulletproof Monk,,23%,38%,"1,290","Apr 16, 2003","$52,000,000"
Chasing Papi,,14%,40%,"4,351","Apr 16, 2003","$9,000,000"
A Mighty Wind,,87%,75%,"4,749","Apr 16, 2003","$6,000,000"
Holes,Sigourney Weaver,78%,76%,"2,889","Apr 18, 2003","$20,000,000"
Confidence,,69%,70%,"3,543","Apr 25, 2003","$15,000,000"
The Good Thief,Ralph Fiennes,77%,62%,"2,316","Apr 2, 2003","$30,000,000"
Identity,,63%,75%,"2,383","Apr 25, 2003","$28,000,000"
The Real Cancun,,34%,30%,"5,189","Apr 25, 2003","$4,000,000"
The Lizzie McGuire Movie,,40%,49%,"3,471","May 2, 2003","$15,000,000"
Owning Mahowny,,78%,75%,"4,227","May 2, 2003","$10,000,000"
Daddy Day Care,,27%,48%,"1,054","May 9, 2003","$60,000,000"
The Italian Job,"Jason Statham, Mark Wahlberg, Edward Norton",72%,80%,"1,053","May 30, 2003","$60,000,000"
Wrong Turn,,41%,54%,"4,136","May 30, 2003","$10,000,000"
2 Fast 2 Furious,John Cena,37%,50%,785,"Jun 6, 2003","$76,000,000"
The Eye,,64%,72%,"3,852","Feb 1, 2008","$12,000,000"
Whale Rider,,91%,88%,"5,135","Jan 30, 2003","$4,300,000"
Dumb and Dumberer: When Harry Met Lloyd,,10%,23%,"2,247","Jun 13, 2003","$30,000,000"
The Heart of Me,,50%,61%,"4,652","May 2, 2003","$7,000,000"
Hollywood Homicide,Harrison Ford,30%,27%,836,"Jun 13, 2003","$75,000,000"
Rugrats Go Wild,,40%,39%,"2,555","Jun 13, 2003","$25,000,000"
Alex & Emma,,11%,41%,"2,284","Jun 20, 2003","$30,000,000"
From Justin to Kelly,,8%,39%,"3,906","Jun 20, 2003","$12,000,000"
Hulk,,63%,29%,309,"Jun 20, 2003","$137,000,000"
Charlie's Angels: Full Throttle,Cameron Diaz,41%,40%,386,"Jun 27, 2003","$120,000,000"
"Legally Blonde 2: Red, White & Blonde",,36%,39%,"2,510","Jul 2, 2003","$25,000,000"
Sinbad: Legend of the Seven Seas,Brad Pitt,45%,57%,"1,134","Jul 2, 2003","$60,000,000"
Swimming Pool,,83%,67%,"4,529","Jul 4, 2003","$7,800,000"
The League of Extraordinary Gentlemen,,17%,44%,778,"Jul 11, 2003","$78,000,000"
Northfork,,57%,66%,"5,757","Jul 11, 2003","$1,900,000"
Bad Boys II,Will Smith,24%,78%,335,"Jul 18, 2003","$130,000,000"
How to Deal,,27%,64%,"3,383","Jul 18, 2003","$16,000,000"
Johnny English,,33%,51%,"1,541","Apr 11, 2003","$45,000,000"
Dirty Pretty Things,,94%,82%,"4,165","Jul 18, 2003","$10,000,000"
Masked and Anonymous,,25%,45%,"4,551","Jul 24, 2003","$7,500,000"
Seabiscuit,Tobey Maguire,78%,76%,632,"Jul 25, 2003","$86,000,000"
American Wedding,,53%,63%,"1,205","Aug 1, 2003","$55,000,000"
Gigli,Al Pacino,6%,14%,"1,269","Aug 1, 2003","$54,000,000"
S.W.A.T.,Samuel L. Jackson,48%,52%,883,"Aug 8, 2003","$70,000,000"
American Splendor,Josh Hutcherson,94%,86%,"5,649","Aug 15, 2003","$2,000,000"
Freddy vs. Jason,,42%,50%,"2,515","Aug 15, 2003","$25,000,000"
Open Range,,79%,84%,"2,464","Aug 15, 2003","$26,000,000"
Thirteen,,81%,77%,"5,655","Aug 20, 2003","$2,000,000"
Marci X,,8%,29%,"3,080","Aug 22, 2003","$20,000,000"
My Boss's Daughter,,8%,23%,"3,664","Aug 22, 2003","$14,000,000"
Jeepers Creepers 2,,24%,37%,"2,564","Aug 29, 2003","$25,000,000"
Dickie Roberts: Former Child Star,,22%,46%,"3,308","Sep 5, 2003","$17,000,000"
The Order,Heath Ledger,13%,28%,"2,029","Sep 5, 2003","$35,000,000"
Party Monster,,29%,75%,"5,011","Aug 29, 2003","$5,000,000"
Cabin Fever,,,,"5,823","Sep 12, 2003","$1,500,000"
Lost in Translation,Scarlett Johansson,95%,85%,"5,150","Sep 12, 2003","$4,000,000"
Once Upon a Time in Mexico,"Willem Dafoe, Johnny Depp",66%,64%,"2,345","Sep 12, 2003","$29,000,000"
Anything Else,,40%,44%,"3,247","Sep 19, 2003","$18,000,000"
Secondhand Lions,Michael Caine,60%,84%,"2,216","Sep 19, 2003","$30,000,000"
Duplex,,35%,40%,"1,790","Sep 26, 2003","$40,000,000"
The Rundown,Dwayne Johnson,70%,66%,663,"Sep 26, 2003","$85,000,000"
Under the Tuscan Sun,,62%,78%,"3,188","Sep 26, 2003","$18,000,000"
Out of Time,Denzel Washington,64%,58%,"1,371","Oct 3, 2003","$50,000,000"
Intolerable Cruelty,George Clooney,76%,48%,"1,119","Oct 10, 2003","$60,000,000"
Mystic River,,89%,89%,"2,159","Oct 8, 2003","$30,000,000"
The Texas Chainsaw Massacre,,37%,58%,"4,322","Oct 17, 2003","$9,000,000"
Veronica Guerin,,53%,69%,"3,326","Jul 11, 2003","$17,000,000"
In the Cut,Mark Ruffalo,34%,34%,"3,909","Oct 22, 2003","$12,000,000"
Beyond Borders,,14%,72%,"1,156","Oct 24, 2003","$60,000,000"
Radio,,35%,79%,"1,946","Oct 24, 2003","$35,000,000"
Scary Movie 3,Kevin Hart,35%,54%,"1,495","Oct 24, 2003","$45,000,000"
The Singing Detective,"Robert Downey Jr., Adrien Brody",39%,40%,"4,498","Oct 24, 2003","$8,000,000"
Shattered Glass,,92%,79%,"4,786","Oct 31, 2003","$6,000,000"
Brother Bear,,37%,66%,"1,484","Oct 24, 2003","$46,000,000"
Love Actually,Liam Neeson,64%,72%,"1,518","Nov 7, 2003","$45,000,000"
Looney Tunes: Back in Action,,57%,50%,756,"Nov 14, 2003","$80,000,000"
Master and Commander: The Far Side of the World,,85%,80%,317,"Nov 14, 2003","$135,000,000"
21 Grams,,81%,86%,"3,000","Nov 21, 2003","$20,000,000"
Gothika,Robert Downey Jr.,15%,45%,"1,682","Nov 21, 2003","$40,000,000"
Bad Santa,,78%,75%,"3,177","Nov 26, 2003","$18,000,000"
The Cooler,,77%,69%,"5,178","Nov 26, 2003","$4,000,000"
The Haunted Mansion,,13%,31%,601,"Nov 26, 2003","$90,000,000"
The Missing,,,58%,"1,004","Nov 26, 2003","$65,000,000"
Timeline,,13%,45%,758,"Nov 26, 2003","$80,000,000"
Honey,,21%,71%,"3,198","Dec 5, 2003","$18,000,000"
The Last Samurai,,66%,83%,297,"Dec 5, 2003","$140,000,000"
Something's Gotta Give,,72%,69%,705,"Dec 12, 2003","$80,000,000"
My Life Without Me,Mark Ruffalo,65%,87%,"5,557","Sep 26, 2003","$2,500,000"
Calendar Girls,,74%,67%,"4,090","Oct 9, 2003","$10,000,000"
House of Sand and Fog,Ben Kingsley,74%,83%,"3,344","Dec 19, 2003","$16,500,000"
Mona Lisa Smile,Kirsten Dunst,34%,60%,986,"Dec 19, 2003","$65,000,000"
Monster,,82%,81%,"4,906","Dec 24, 2003","$5,000,000"
Cold Mountain,"Nicole Kidman, Natalie Portman",70%,77%,716,"Dec 25, 2003","$80,000,000"
Paycheck,Uma Thurman,27%,45%,"1,092","Dec 25, 2003","$60,000,000"
Shrek 2,"Mike Myers, Cameron Diaz",89%,69%,870,"May 19, 2004","$70,000,000"
Spider-Man 2,"Kirsten Dunst, Willem Dafoe, Tobey Maguire",93%,82%,73,"Jun 30, 2004","$200,000,000"
The Passion of the Christ,,49%,80%,"2,499","Feb 19, 2004","$25,000,000"
Meet the Fockers,Robert De Niro,39%,58%,"1,041","Dec 22, 2004","$60,000,000"
The Incredibles,Samuel L. Jackson,97%,75%,567,"Oct 22, 2004","$92,000,000"
Harry Potter and the Prisoner of Azkaban,"Emma Watson, Rupert Grint, Daniel Radcliffe, Gary Oldman",90%,86%,326,"May 31, 2004","$130,000,000"
The Day After Tomorrow,Jake Gyllenhaal,45%,50%,360,"May 27, 2004","$125,000,000"
The Bourne Supremacy,Matt Damon,82%,90%,639,"Jul 23, 2004","$85,000,000"
National Treasure,,46%,76%,482,"Nov 19, 2004","$100,000,000"
The Polar Express,Tom Hanks,56%,64%,180,"Nov 10, 2004","$170,000,000"
Chasing Liberty,,18%,60%,"2,754","Jan 9, 2004","$23,000,000"
My Baby's Daddy,,6%,50%,"3,876","Jan 9, 2004","$12,000,000"
Along Came Polly,Kevin Hart,27%,47%,"1,600","Jan 16, 2004","$42,000,000"
D.E.B.S.,,42%,56%,"5,314","Mar 25, 2005","$3,500,000"
The Butterfly Effect,,34%,81%,"3,724","Jan 23, 2004","$13,000,000"
The Big Bounce,,,32%,"1,431","Jan 30, 2004","$50,000,000"
You Got Served,,14%,69%,"4,441","Jan 30, 2004","$8,000,000"
Barbershop 2: Back in Business,,69%,48%,"3,175","Feb 6, 2004","$18,000,000"
Catch That Kid,,13%,47%,"3,218","Feb 6, 2004","$18,000,000"
Miracle,,81%,90%,"2,376","Feb 6, 2004","$28,000,000"
50 First Dates,Adam Sandler,45%,65%,805,"Feb 13, 2004","$75,000,000"
Against the Ropes,,12%,29%,"1,831","Feb 20, 2004","$39,000,000"
Confessions of a Teenage Drama Queen,,14%,35%,"3,499","Feb 20, 2004","$15,000,000"
Eurotrip,,47%,75%,"2,601","Feb 20, 2004","$25,000,000"
Welcome to Mooseport,,13%,19%,"2,483","Feb 20, 2004","$26,000,000"
Twisted,,2%,31%,"1,398","Feb 27, 2004","$50,000,000"
Hidalgo,Viggo Mortensen,46%,64%,777,"Mar 5, 2004","$78,000,000"
Starsky & Hutch,,63%,49%,"1,064","Mar 5, 2004","$60,000,000"
Agent Cody Banks 2: Destination London,,13%,31%,"2,479","Mar 12, 2004","$26,000,000"
Secret Window,Johnny Depp,45%,65%,"1,702","Mar 12, 2004","$40,000,000"
Eternal Sunshine of the Spotless Mind,"Mark Ruffalo, Kirsten Dunst, Elijah Wood",92%,94%,"2,936","Mar 19, 2004","$20,000,000"
Jersey Girl,"Will Smith, Matt Damon",43%,48%,"1,990","Mar 26, 2004","$35,000,000"
The Ladykillers,Tom Hanks,54%,43%,"1,960","Mar 26, 2004","$35,000,000"
Hellboy,,81%,66%,"1,084","Apr 2, 2004","$60,000,000"
Hellboy,,81%,66%,"1,402","Apr 10, 2019","$50,000,000"
Home on the Range,,52%,29%,443,"Apr 2, 2004","$110,000,000"
The Prince & Me,,29%,59%,"2,244","Apr 2, 2004","$30,000,000"
Johnson Family Vacation,,6%,44%,"3,853","Apr 7, 2004","$12,000,000"
The Alamo,,29%,46%,569,"Apr 9, 2004","$92,000,000"
The Alamo,,29%,46%,"3,898","Oct 24, 1960","$12,000,000"
Ella Enchanted,,51%,57%,"1,996","Apr 9, 2004","$35,000,000"
The Girl Next Door,,,65%,"2,617","Apr 9, 2004","$25,000,000"
The Whole Ten Yards,,4%,40%,"2,278","Apr 9, 2004","$30,000,000"
Connie and Carla,,44%,70%,"3,048","Apr 16, 2004","$20,000,000"
Man on Fire,Denzel Washington,39%,89%,"1,069","Apr 23, 2004","$60,000,000"
Bobby Jones: Stroke of Genius,,27%,62%,"3,322","Apr 30, 2004","$17,000,000"
Envy,Amy Poehler,,15%,"3,015","Apr 30, 2004","$20,000,000"
Godsend,Robert De Niro,4%,20%,"2,283","Apr 30, 2004","$30,000,000"
Laws of Attraction,,18%,47%,"2,110","Apr 30, 2004","$32,000,000"
Mean Girls,"Rachel McAdams, Amy Poehler",84%,66%,"1,893","Jan 10, 2024","$36,000,000"
Mean Girls,"Rachel McAdams, Amy Poehler",84%,66%,"3,171","Apr 30, 2004","$18,000,000"
New York Minute,,11%,47%,"1,781","May 7, 2004","$40,000,000"
Van Helsing,,24%,57%,183,"May 5, 2004","$170,000,000"
Breakin' All the Rules,,31%,57%,"4,345","May 14, 2004","$9,000,000"
Troy,Brad Pitt,53%,73%,256,"May 13, 2004","$150,000,000"
Raising Helen,,25%,61%,"1,377","May 28, 2004","$50,000,000"
Saved!,,61%,78%,"4,965","May 28, 2004","$5,000,000"
Soul Plane,Kevin Hart,18%,51%,"3,385","May 28, 2004","$16,000,000"
The Chronicles of Riddick,,29%,65%,393,"Jun 11, 2004","$120,000,000"
Garfield: The Movie,,14%,38%,"1,332","Jun 11, 2004","$50,000,000"
Around the World in 80 Days,,32%,34%,448,"Jun 16, 2004","$110,000,000"
Around the World in 80 Days,,32%,34%,"4,730","Oct 17, 1956","$6,000,000"
Dodgeball: A True Underdog Story,,71%,76%,"2,151","Jun 18, 2004","$30,000,000"
White Chicks,,15%,55%,"2,887","Jun 23, 2004","$20,000,000"
Fahrenheit 9/11,Robert De Niro,82%,70%,"4,725","Jun 23, 2004","$6,000,000"
The Notebook,"Ryan Gosling, Rachel McAdams",54%,85%,"2,163","Jun 25, 2004","$30,000,000"
Two Brothers,,78%,75%,866,"Jun 25, 2004","$72,000,000"
Before Sunset,,94%,92%,"5,652","Jul 2, 2004","$2,000,000"
De-Lovely,,48%,66%,"3,535","Jun 25, 2004","$15,000,000"
Anchorman: The Legend of Ron Burgundy,,66%,86%,"2,513","Jul 9, 2004","$25,000,000"
Sleepover,,15%,54%,"4,160","Jul 9, 2004","$10,000,000"
A Cinderella Story,,11%,53%,"3,130","Jul 16, 2004","$19,000,000"
"I, Robot",Will Smith,57%,70%,453,"Jul 16, 2004","$105,000,000"
Catwoman,,8%,18%,514,"Jul 23, 2004","$100,000,000"
A Home at the End of the World,,50%,67%,"4,702","Jul 23, 2004","$6,500,000"
Garden State,Natalie Portman,86%,88%,"5,538","Jul 28, 2004","$2,500,000"
Harold & Kumar Go to White Castle,Ryan Reynolds,75%,80%,"4,338","Jul 30, 2004","$9,000,000"
The Manchurian Candidate,"Denzel Washington, Meryl Streep",80%,63%,731,"Jul 30, 2004","$80,000,000"
Thunderbirds,Ben Kingsley,19%,37%,"1,258","Jul 30, 2004","$55,000,000"
The Town,,,72%,"1,876","Sep 17, 2010","$37,000,000"
The Village,"Joaquin Phoenix, Sigourney Weaver, Adrien Brody",44%,57%,867,"Jul 30, 2004","$71,682,975"
Collateral,"Jason Statham, Mark Ruffalo",86%,84%,"1,057","Aug 6, 2004","$60,000,000"
Little Black Book,,22%,37%,"2,259","Aug 6, 2004","$30,000,000"
The Princess Diaries 2: Royal Engagement,,26%,59%,"1,500","Aug 11, 2004","$45,000,000"
Exorcist: The Beginning,,11%,27%,779,"Aug 20, 2004","$78,000,000"
Without a Paddle,,14%,68%,"2,186","Aug 20, 2004","$30,000,000"
Anacondas: The Hunt for the Blood Orchid,,26%,27%,"2,575","Aug 27, 2004","$25,000,000"
Suspect Zero,"Ben Kingsley, Carrie-Anne Moss",18%,38%,"2,445","Aug 27, 2004","$27,000,000"
Vanity Fair,Robert Pattinson,51%,50%,"2,748","Sep 1, 2004","$23,000,000"
The Cookout,,5%,37%,"3,389","Sep 3, 2004","$16,000,000"
Paparazzi,Tom Holland,18%,38%,"3,003","Sep 3, 2004","$20,000,000"
Wicker Park,,27%,79%,"2,287","Sep 3, 2004","$30,000,000"
Cellular,"Jason Statham, Chris Evans",56%,58%,"1,538","Sep 10, 2004","$45,000,000"
Criminal,"Ryan Reynolds, Gary Oldman",,,"2,123","Aug 21, 2015","$31,500,000"
Resident Evil: Apocalypse,,19%,60%,"1,353","Sep 10, 2004","$50,000,000"
Saving Face,,88%,88%,"5,553","May 27, 2005","$2,500,000"
Mr. 3000,,55%,30%,"2,254","Sep 17, 2004","$30,000,000"
Wimbledon,Kirsten Dunst,61%,57%,"2,009","Sep 17, 2004","$35,000,000"
First Daughter,,8%,42%,"2,299","Sep 24, 2004","$30,000,000"
The Forgotten,,,,"1,339","Sep 24, 2004","$50,000,000"
The Last Shot,Matthew Broderick,62%,32%,"1,809","Sep 24, 2004","$40,000,000"
Shaun of the Dead,,92%,93%,"4,941","Sep 24, 2004","$5,000,000"
I Heart Huckabees,"Mark Wahlberg, Jason Schwartzman",64%,75%,"2,808","Oct 1, 2004","$22,000,000"
Ladder 49,Joaquin Phoenix,41%,81%,"1,074","Oct 1, 2004","$60,000,000"
Shark Tale,"Will Smith, Robert De Niro",35%,48%,799,"Sep 20, 2004","$75,000,000"
Bride & Prejudice,,64%,70%,"4,619","Feb 11, 2005","$7,000,000"
Friday Night Lights,,82%,85%,"2,181","Oct 8, 2004","$30,000,000"
Raise Your Voice,,16%,71%,"3,552","Oct 8, 2004","$15,000,000"
Being Julia,,77%,74%,"3,231","Oct 15, 2004","$18,000,000"
Shall We Dance?,,47%,57%,"1,685","Oct 15, 2004","$40,000,000"
Team America: World Police,"George Clooney, Matt Damon",77%,80%,"2,941","Oct 15, 2004","$20,000,000"
The Grudge,,41%,46%,"4,048","Oct 22, 2004","$10,000,000"
The Grudge,,41%,46%,"4,112","Dec 31, 2019","$10,000,000"
Sideways,,97%,79%,"3,287","Oct 22, 2004","$17,000,000"
Vera Drake,,93%,84%,"4,005","Oct 10, 2004","$11,000,000"
Birth,Nicole Kidman,39%,43%,"3,064","Oct 29, 2004","$20,000,000"
Ray,,79%,87%,"1,664","Oct 29, 2004","$40,000,000"
Saw,,50%,84%,"5,926","Oct 29, 2004","$1,200,000"
Alfie,,48%,51%,"1,783","Nov 5, 2004","$40,000,000"
After the Sunset,,18%,52%,"1,185","Nov 12, 2004","$57,000,000"
Finding Neverland,Johnny Depp,83%,87%,"2,537","Nov 12, 2004","$25,000,000"
Kinsey,Liam Neeson,90%,75%,"3,998","Nov 12, 2004","$11,000,000"
Seed of Chucky,,35%,43%,"2,353","Nov 12, 2004","$29,000,000"
Alexander,,16%,35%,220,"Nov 24, 2004","$155,000,000"
Closer,Natalie Portman,68%,81%,"1,971","Dec 3, 2004","$35,000,000"
House of Flying Daggers,,87%,82%,"3,890","Dec 3, 2004","$12,000,000"
Blade: Trinity,Ryan Reynolds,24%,58%,992,"Dec 8, 2004","$65,000,000"
Million Dollar Baby,,90%,90%,"2,158","Dec 15, 2004","$30,000,000"
Beyond the Sea,,42%,64%,"2,720","Dec 17, 2004","$24,000,000"
Flight of the Phoenix,,31%,40%,838,"Dec 17, 2004","$75,000,000"
Spanglish,Adam Sandler,54%,60%,829,"Dec 17, 2004","$75,000,000"
Hotel Rwanda,Joaquin Phoenix,91%,94%,"3,274","Dec 22, 2004","$17,500,000"
The Aviator,"Leonardo DiCaprio, Willem Dafoe",87%,79%,432,"Dec 17, 2004","$110,000,000"
Darkness,,5%,31%,"4,033","Dec 25, 2004","$10,600,000"
Fat Albert,,23%,44%,"1,528","Dec 25, 2004","$45,000,000"
The Assassination of Richard Nixon,,68%,69%,"5,085","Dec 29, 2004","$4,600,000"
In Good Company,Scarlett Johansson,82%,54%,"2,471","Dec 29, 2004","$26,000,000"
Harry Potter and the Goblet of Fire,"Emma Watson, Rupert Grint, Daniel Radcliffe, Robert Pattinson, Ralph Fiennes, Gary Oldman",88%,74%,232,"Nov 18, 2005","$150,000,000"
War of the Worlds,Channing Tatum,76%,42%,323,"Jun 24, 2005","$132,000,000"
Wedding Crashers,,75%,70%,"1,631","Jul 15, 2005","$40,000,000"
Charlie and the Chocolate Factory,Johnny Depp,83%,51%,238,"Jul 15, 2005","$150,000,000"
Batman Begins,"Christian Bale, Liam Neeson, Michael Caine, Gary Oldman",85%,94%,241,"Jun 15, 2005","$150,000,000"
Madagascar,,55%,67%,796,"May 27, 2005","$75,000,000"
White Noise,Michael Keaton,7%,31%,"4,060","Jan 7, 2005","$10,000,000"
Coach Carter,"Channing Tatum, Samuel L. Jackson",64%,85%,"1,511","Jan 14, 2005","$45,000,000"
Elektra,Jennifer Garner,11%,29%,"1,005","Jan 14, 2005","$65,000,000"
Racing Stripes,,35%,42%,"2,203","Jan 7, 2005","$30,000,000"
The Wedding Date,,11%,67%,"3,493","Feb 4, 2005","$15,000,000"
Hitch,Will Smith,69%,62%,"1,196","Feb 11, 2005","$55,000,000"
Pooh's Heffalump Movie,,80%,68%,"2,988","Feb 11, 2005","$20,000,000"
Because of Winn-Dixie,,55%,63%,"3,490","Feb 18, 2005","$15,000,000"
Constantine,,46%,72%,814,"Feb 18, 2005","$75,000,000"
Son of the Mask,,6%,16%,526,"Feb 18, 2005","$100,000,000"
Cursed,,,,"2,004","Feb 25, 2005","$35,000,000"
Diary of a Mad Black Woman,,16%,86%,"4,846","Feb 25, 2005","$5,500,000"
Be Cool,"Dwayne Johnson, Uma Thurman",30%,42%,822,"Mar 4, 2005","$75,000,000"
The Jacket,Adrien Brody,44%,73%,"2,361","Mar 4, 2005","$28,500,000"
The Pacifier,,21%,58%,"1,189","Mar 4, 2005","$56,000,000"
Hostage,,,,834,"Mar 11, 2005","$75,000,000"
Robots,Ewan McGregor,64%,54%,703,"Mar 11, 2005","$80,000,000"
Ice Princess,,52%,58%,"2,588","Mar 18, 2005","$25,000,000"
The Ring Two,,21%,33%,"1,329","Mar 18, 2005","$50,000,000"
Miss Congeniality 2: Armed and Fabulous,,15%,43%,"1,099","Mar 24, 2005","$60,000,000"
Guess Who,,41%,49%,"1,932","Mar 25, 2005","$35,000,000"
The Ballad of Jack and Rose,,47%,61%,"5,845","Mar 25, 2005","$1,500,000"
Sin City,Elijah Wood,76%,78%,"1,665","Apr 1, 2005","$40,000,000"
The Upside of Anger,,74%,63%,"3,873","Mar 11, 2005","$12,000,000"
The Interpreter,Nicole Kidman,86%,,603,"Apr 22, 2005","$90,000,000"
King's Ransom,,2%,32%,"2,654","Apr 22, 2005","$25,000,000"
A Lot Like Love,,,,"2,594","Apr 22, 2005","$25,000,000"
The Hitchhiker's Guide to the Galaxy,,60%,65%,"1,525","Apr 29, 2005","$45,000,000"
XXX: State of the Union,,17%,32%,"1,132","Apr 29, 2005","$60,000,000"
House of Wax,,28%,43%,"1,976","May 6, 2005","$35,000,000"
Kingdom of Heaven,"Liam Neeson, Edward Norton",40%,72%,445,"May 6, 2005","$110,000,000"
Mindhunters,,24%,57%,"2,449","May 13, 2005","$27,000,000"
Monster-in-Law,,18%,55%,"1,505","May 13, 2005","$45,000,000"
The Sisterhood of the Traveling Pants,,82%,78%,"2,556","Jun 1, 2005","$25,000,000"
Cinderella Man,,80%,91%,626,"Jun 3, 2005","$88,000,000"
Lords of Dogtown,Heath Ledger,55%,81%,"2,631","Jun 3, 2005","$25,000,000"
The Perfect Man,,,,"4,131","Jun 17, 2005","$10,000,000"
Herbie: Fully Loaded,,41%,39%,"1,340","Jun 22, 2005","$50,000,000"
Bewitched,,24%,28%,733,"Jun 24, 2005","$80,000,000"
Rebound,,14%,38%,"1,556","Jul 1, 2005","$45,000,000"
Dark Water,,47%,28%,"1,135","Jul 8, 2005","$60,000,000"
Fantastic Four,,28%,45%,629,"Jul 8, 2005","$87,500,000"
Hustle & Flow,,82%,82%,"5,501","Jul 22, 2005","$2,800,000"
Must Love Dogs,,37%,50%,"1,955","Jul 29, 2005","$35,000,000"
Sky High,,,56%,"1,935","Jul 29, 2005","$35,000,000"
Stealth,,,56%,307,"Jul 29, 2005","$138,000,000"
The Chumscrubber,"Ralph Fiennes, Carrie-Anne Moss",37%,75%,"4,674","Aug 5, 2005","$6,800,000"
The Dukes of Hazzard,,14%,46%,"1,271","Aug 5, 2005","$53,000,000"
Four Brothers,Mark Wahlberg,53%,80%,"2,169","Aug 12, 2005","$30,000,000"
The Great Raid,Sam Worthington,38%,70%,"1,150","Aug 12, 2005","$60,000,000"
Red Eye,Rachel McAdams,,,"2,465","Aug 19, 2005","$26,000,000"
Valiant,Ewan McGregor,32%,29%,"2,002","Aug 19, 2005","$35,000,000"
The Brothers Grimm,"Matt Damon, Heath Ledger",38%,39%,746,"Aug 26, 2005","$80,000,000"
The Cave,,,,"2,282","Aug 26, 2005","$30,000,000"
Undiscovered,Carrie Fisher,8%,48%,"4,365","Aug 26, 2005","$9,000,000"
The Constant Gardener,Ralph Fiennes,83%,82%,"2,497","Aug 31, 2005","$25,500,000"
A Sound of Thunder,Ben Kingsley,6%,18%,768,"Sep 2, 2005","$80,000,000"
Underclassman,,6%,34%,"2,649","Sep 2, 2005","$25,000,000"
Thumbsucker,,71%,71%,"5,198","Sep 16, 2005","$4,000,000"
The Exorcism of Emily Rose,,45%,60%,"3,173","Sep 9, 2005","$18,000,000"
Cry Wolf,,23%,51%,"5,995","Sep 16, 2005","$1,000,000"
Just Like Heaven,Mark Ruffalo,54%,75%,"1,172","Sep 16, 2005","$58,000,000"
Lord of War,,62%,85%,"1,614","Sep 16, 2005","$42,000,000"
Venom,,,,403,"Oct 2, 2018","$116,000,000"
Venom,,,,"2,666","Sep 16, 2005","$25,000,000"
Flightplan,,37%,48%,"1,213","Sep 23, 2005","$55,000,000"
Roll Bounce,,66%,70%,"4,127","Sep 23, 2005","$10,000,000"
The Greatest Game Ever Played,,63%,82%,"2,613","Sep 30, 2005","$25,000,000"
A History of Violence,Viggo Mortensen,88%,76%,"2,107","Sep 23, 2005","$32,000,000"
Into the Blue,,21%,57%,"1,412","Sep 30, 2005","$50,000,000"
Serenity,Morena Baccarin,82%,91%,"1,829","Sep 30, 2005","$39,000,000"
Serenity,Morena Baccarin,82%,91%,"2,641","Jan 24, 2019","$25,000,000"
The Squid and the Whale,,92%,81%,"5,830","Oct 5, 2005","$1,500,000"
Domino,,18%,56%,"1,422","Oct 14, 2005","$50,000,000"
Elizabethtown,Kirsten Dunst,28%,66%,"1,268","Oct 14, 2005","$54,000,000"
Doom,Dwayne Johnson,18%,34%,916,"Oct 21, 2005","$70,000,000"
Take Me Home Tonight,Chris Pratt,28%,42%,"3,148","Mar 4, 2011","$19,000,000"
North Country,,70%,76%,"2,269","Oct 21, 2005","$30,000,000"
Shopgirl,Jason Schwartzman,61%,58%,"4,544","Oct 21, 2005","$7,500,000"
The Legend of Zorro,,28%,48%,740,"Oct 28, 2005","$80,000,000"
Saw II,,37%,59%,"4,890","Oct 28, 2005","$5,000,000"
The Weather Man,"Nicholas Hoult, Michael Caine",60%,56%,"3,022","Oct 28, 2005","$20,000,000"
Chicken Little,,37%,47%,253,"Nov 4, 2005","$150,000,000"
Get Rich or Die Tryin',,17%,70%,"1,737","Nov 9, 2005","$40,000,000"
Derailed,,21%,58%,"2,788","Nov 11, 2005","$22,000,000"
"Kiss Kiss, Bang Bang",,86%,87%,"3,580","Oct 21, 2005","$15,000,000"
Zathura,,76%,51%,"1,003","Nov 11, 2005","$65,000,000"
Walk the Line,Joaquin Phoenix,82%,90%,"2,341","Nov 18, 2005","$29,000,000"
Brokeback Mountain,"Jake Gyllenhaal, Heath Ledger",88%,82%,"3,698","Dec 9, 2005","$13,900,000"
Syriana,"George Clooney, Matt Damon",73%,67%,"1,352","Nov 23, 2005","$50,000,000"
The Family Stone,Rachel McAdams,52%,63%,"3,176","Dec 16, 2005","$18,000,000"
Cheaper by the Dozen 2,,7%,57%,"1,066","Dec 21, 2005","$60,000,000"
Memoirs of a Geisha,,36%,83%,660,"Dec 9, 2005","$85,000,000"
Munich,,78%,83%,824,"Dec 23, 2005","$75,000,000"
Transamerica,,77%,83%,"5,998","Jan 20, 2006","$1,000,000"
Mrs. Henderson Presents,,68%,72%,"3,028","Dec 9, 2005","$20,000,000"
The New World,Christian Bale,,,"2,288","Dec 25, 2005","$30,000,000"
Match Point,Scarlett Johansson,77%,81%,"3,511","Dec 28, 2005","$15,000,000"
The Matador,,,,"4,146","Dec 30, 2005","$10,000,000"
Night at the Museum,,42%,67%,418,"Dec 22, 2006","$110,000,000"
Cars,"Tom Hanks, Michael Keaton",75%,80%,871,"May 1, 2006","$70,000,000"
The Da Vinci Code,"Tom Hanks, Ian McKellen",25%,57%,355,"May 19, 2006","$125,000,000"
Superman Returns,Marlon Brando,74%,60%,39,"Jun 28, 2006","$232,000,000"
Happy Feet,"Hugh Jackman, Nicole Kidman, Elijah Wood",76%,70%,636,"Nov 17, 2006","$85,000,000"
Casino Royale,,94%,90%,466,"Nov 17, 2006","$102,000,000"
Casino Royale,,94%,90%,"3,864","Apr 28, 1967","$12,000,000"
The Pursuit of Happyness,Will Smith,67%,87%,"1,198","Dec 15, 2006","$55,000,000"
BloodRayne,Ben Kingsley,4%,17%,"2,660","Jan 6, 2006","$25,000,000"
Hostel,,59%,53%,"5,071","Jan 6, 2006","$4,800,000"
Last Holiday,,100%,77%,"1,534","Jan 13, 2006","$45,000,000"
End of the Spear,,42%,82%,"4,149","Jan 20, 2006","$10,000,000"
High School Musical,,67%,74%,"5,145","May 23, 2006","$4,200,000"
Underworld: Evolution,,17%,72%,"1,515","Jan 20, 2006","$45,000,000"
Nanny McPhee,,74%,64%,"2,543","Jan 27, 2006","$25,000,000"
Curious George,,,,"1,344","Feb 10, 2006","$50,000,000"
Final Destination 3,,43%,57%,"2,534","Feb 10, 2006","$25,000,000"
Firewall,Harrison Ford,19%,37%,"1,356","Feb 10, 2006","$50,000,000"
The Pink Panther,Jason Statham,89%,78%,723,"Feb 10, 2006","$80,000,000"
Eight Below,,73%,79%,"1,660","Feb 17, 2006","$40,000,000"
Madea's Family Reunion,,26%,93%,"4,058","Feb 24, 2006","$10,000,000"
16 Blocks,,55%,57%,"1,535","Mar 3, 2006","$45,000,000"
Aquamarine,,53%,62%,"3,874","Mar 3, 2006","$12,000,000"
Failure to Launch,,23%,52%,"1,321","Mar 10, 2006","$50,000,000"
The Libertine,"Tom Holland, Johnny Depp",34%,58%,"2,816","Nov 23, 2005","$22,000,000"
The Shaggy Dog,Robert Downey Jr.,,,"1,082","Mar 10, 2006","$60,000,000"
V for Vendetta,Natalie Portman,73%,90%,"1,334","Mar 17, 2006","$50,000,000"
Inside Man,"Denzel Washington, Willem Dafoe",86%,85%,"1,322","Mar 24, 2006","$50,000,000"
Larry the Cable Guy: Health Inspector,,5%,52%,"3,312","Mar 24, 2006","$17,000,000"
The Secret,,,,"5,320","Oct 1, 2006","$3,500,000"
ATL,,62%,86%,"3,309","Mar 31, 2006","$17,000,000"
Basic Instinct 2,,6%,27%,930,"Mar 31, 2006","$70,000,000"
The Benchwarmers,,13%,64%,"1,940","Apr 7, 2006","$35,000,000"
Lucky Number Slevin,Ben Kingsley,52%,87%,"2,436","Apr 7, 2006","$27,000,000"
Phat Girlz,,21%,65%,"5,408","Apr 7, 2006","$3,000,000"
Take the Lead,,44%,77%,"2,233","Apr 7, 2006","$30,000,000"
Scary Movie 4,Kevin Hart,34%,51%,"1,652","Apr 14, 2006","$40,000,000"
The Wild,,19%,36%,748,"Apr 14, 2006","$80,000,000"
Wild,,50%,71%,"3,477","Dec 3, 2014","$15,000,000"
American Dreamz,Willem Dafoe,39%,31%,"3,318","Apr 21, 2006","$17,000,000"
Silent Hill,,32%,63%,"1,361","Apr 21, 2006","$50,000,000"
Akeelah and the Bee,,86%,81%,"4,455","Apr 28, 2006","$8,000,000"
Stick It,,32%,73%,"2,954","Apr 28, 2006","$20,000,000"
United 93,,90%,83%,"3,196","Apr 28, 2006","$18,000,000"
An American Haunting,,13%,35%,"3,663","May 5, 2006","$14,000,000"
Hoot,,26%,54%,"3,565","May 5, 2006","$15,000,000"
Just My Luck,,14%,48%,"2,403","May 12, 2006","$28,000,000"
Poseidon,,33%,43%,211,"May 12, 2006","$160,000,000"
Over the Hedge,,75%,71%,697,"May 19, 2006","$80,000,000"
An Inconvenient Truth,,93%,79%,"5,987","May 24, 2006","$1,000,000"
The Break-Up,,34%,46%,"1,283","Jun 2, 2006","$52,000,000"
The Fast and the Furious: Tokyo Drift,,37%,69%,659,"Jun 15, 2006","$85,000,000"
The Lake House,,35%,73%,"1,694","Jun 16, 2006","$40,000,000"
Nacho Libre,,40%,55%,"2,093","Jun 16, 2006","$32,000,000"
Click,Adam Sandler,34%,66%,679,"Jun 23, 2006","$82,500,000"
The Devil Wears Prada,"Meryl Streep, Emily Blunt",75%,76%,"1,921","Jun 30, 2006","$35,000,000"
A Scanner Darkly,"Robert Downey Jr., Winona Ryder",68%,74%,"3,061","Jul 7, 2006","$20,000,000"
Little Man,,12%,55%,"1,018","Jul 14, 2006","$64,000,000"
"You, Me and Dupree",,20%,50%,"1,265","Jul 14, 2006","$54,000,000"
Lady in the Water,,25%,49%,828,"Jul 21, 2006","$75,000,000"
Monster House,,75%,64%,816,"Jul 21, 2006","$75,000,000"
Little Miss Sunshine,,91%,91%,"4,436","Jul 26, 2006","$8,000,000"
The Ant Bully,Meryl Streep,62%,42%,"1,540","Jul 28, 2006","$45,000,000"
Miami Vice,,47%,43%,321,"Jul 28, 2006","$135,000,000"
Scoop,"Hugh Jackman, Scarlett Johansson",41%,55%,"5,173","Jul 28, 2006","$4,000,000"
Barnyard: The Original Party Animals,,22%,52%,"1,292","Aug 4, 2006","$51,000,000"
The Descent,,87%,76%,"4,591","Aug 4, 2006","$7,000,000"
The Night Listener,,40%,35%,"5,180","Aug 4, 2006","$4,000,000"
Talladega Nights: The Ballad of Ricky Bobby,,71%,73%,852,"Aug 4, 2006","$73,000,000"
World Trade Center,,66%,60%,984,"Aug 9, 2006","$65,000,000"
Step Up,Channing Tatum,21%,83%,"3,835","Aug 11, 2006","$12,000,000"
Zoom,,4%,33%,"2,017","Aug 11, 2006","$35,000,000"
The Illusionist,Edward Norton,90%,79%,"3,342","Aug 18, 2006","$16,500,000"
Snakes on a Plane,Samuel L. Jackson,69%,49%,"2,073","Aug 18, 2006","$33,000,000"
Trust the Man,,29%,35%,"4,364","Aug 18, 2006","$9,000,000"
Beerfest,,40%,75%,"3,275","Aug 25, 2006","$17,500,000"
Idlewild,,47%,66%,"3,541","Aug 25, 2006","$15,000,000"
Invincible,,72%,73%,"1,686","Aug 25, 2006","$40,000,000"
Crank,Jason Statham,62%,71%,"3,856","Sep 1, 2006","$12,000,000"
Crossover,,2%,59%,"4,839","Sep 1, 2006","$5,600,000"
Idiocracy,,71%,60%,"5,585","Sep 1, 2006","$2,400,000"
The Namesake,,,,"4,408","Mar 9, 2007","$8,500,000"
The Covenant,,,,"2,965","Sep 8, 2006","$20,000,000"
The Black Dahlia,Scarlett Johansson,32%,27%,"1,137","Sep 15, 2006","$60,000,000"
Gridiron Gang,Dwayne Johnson,43%,81%,"2,223","Sep 15, 2006","$30,000,000"
Bandidas,,56%,43%,"2,047","Sep 22, 2006","$35,000,000"
Flyboys,,33%,66%,"1,145","Sep 22, 2006","$60,000,000"
The Last King of Scotland,,87%,89%,"4,748","Sep 27, 2006","$6,000,000"
School for Scoundrels,,27%,52%,"2,989","Sep 29, 2006","$20,000,000"
The Departed,"Mark Wahlberg, Matt Damon, John Cena, Leonardo DiCaprio",91%,94%,585,"Oct 6, 2006","$90,000,000"
Employee of the Month,,20%,53%,"4,102","Oct 6, 2006","$10,000,000"
Little Children,,80%,82%,"3,680","Oct 6, 2006","$14,000,000"
The Queen,,97%,76%,"3,459","Sep 15, 2006","$15,000,000"
The Texas Chainsaw Massacre: The Beginning,,15%,53%,"3,360","Oct 6, 2006","$16,000,000"
The Grudge 2,,12%,40%,"2,923","Oct 13, 2006","$20,000,000"
Infamous,Sigourney Weaver,74%,69%,"3,781","Oct 13, 2006","$13,000,000"
Man of the Year,"Jeff Goldblum, Amy Poehler",21%,45%,"2,928","Oct 13, 2006","$20,000,000"
The Marine,John Cena,17%,60%,"3,523","Oct 13, 2006","$15,000,000"
Flags of Our Fathers,,76%,69%,"1,277","Oct 20, 2006","$53,000,000"
Flicka,Armie Hammer,54%,82%,"3,516","Oct 20, 2006","$15,000,000"
The Prestige,"Hugh Jackman, Scarlett Johansson, Christian Bale, Michael Caine",77%,92%,"1,693","Oct 20, 2006","$40,000,000"
Babel,Brad Pitt,69%,77%,"2,938","Oct 27, 2006","$20,000,000"
Catch a Fire,,75%,71%,"3,684","Oct 27, 2006","$14,000,000"
Running With Scissors,,32%,56%,"3,900","Oct 20, 2006","$12,000,000"
Flushed Away,"Hugh Jackman, Ian McKellen",73%,65%,277,"Nov 3, 2006","$149,000,000"
Unknown,Liam Neeson,38%,54%,"1,680","Feb 18, 2011","$40,000,000"
Unknown,Liam Neeson,38%,54%,"5,271","Nov 3, 2006","$3,700,000"
Volver,,91%,89%,"4,309","Jul 6, 2006","$9,400,000"
Come Early Morning,,84%,49%,"4,803","Nov 10, 2006","$6,000,000"
Harsh Times,Christian Bale,48%,55%,"5,661","Nov 10, 2006","$2,000,000"
The Return,,96%,93%,"3,602","Feb 6, 2004","$15,000,000"
Stranger Than Fiction,,73%,85%,"2,217","Nov 10, 2006","$30,000,000"
Bobby,Elijah Wood,,,"3,675","Nov 17, 2006","$14,000,000"
For Your Consideration,,53%,43%,"3,904","Nov 17, 2006","$12,000,000"
Let's Go to Prison,,13%,48%,"5,186","Nov 17, 2006","$4,000,000"
Deck the Halls,Matthew Broderick,6%,30%,"1,294","Nov 22, 2006","$51,000,000"
The Fountain,Hugh Jackman,53%,74%,"2,025","Nov 22, 2006","$35,000,000"
The Nativity Story,,38%,76%,"1,962","Dec 1, 2006","$35,000,000"
Turistas,,19%,28%,"4,171","Dec 1, 2006","$10,000,000"
Miss Potter,Ewan McGregor,69%,68%,"2,318","Dec 29, 2006","$30,000,000"
Apocalypto,,65%,79%,"1,699","Dec 8, 2006","$40,000,000"
Blood Diamond,Leonardo DiCaprio,63%,90%,507,"Dec 8, 2006","$100,000,000"
The Holiday,Cameron Diaz,50%,80%,658,"Dec 8, 2006","$85,000,000"
Unaccompanied Minors,,30%,53%,"2,607","Dec 8, 2006","$25,000,000"
Dreamgirls,,79%,71%,809,"Dec 15, 2006","$75,000,000"
Eragon,,16%,46%,500,"Dec 15, 2006","$100,000,000"
The Good German,"George Clooney, Tobey Maguire",34%,33%,"2,120","Dec 15, 2006","$32,000,000"
The Painted Veil,Edward Norton,74%,85%,"3,118","Dec 20, 2006","$19,400,000"
Rocky Balboa,,78%,76%,"2,691","Dec 20, 2006","$24,000,000"
Venus,,88%,74%,"4,782","Dec 21, 2006","$6,000,000"
The Good Shepherd,,,27%,735,"Dec 22, 2006","$80,000,000"
We Are Marshall,,49%,79%,994,"Dec 22, 2006","$65,000,000"
Children of Men,Michael Caine,92%,85%,786,"Dec 25, 2006","$76,000,000"
Notes on a Scandal,,88%,83%,"2,421","Dec 25, 2006","$27,500,000"
Perfume: The Story of a Murderer,,59%,74%,"1,021","Dec 27, 2006","$63,700,000"
The Dead Girl,,76%,65%,"5,344","Dec 29, 2006","$3,300,000"
Spider-Man 3,"Kirsten Dunst, Willem Dafoe, Tobey Maguire",63%,51%,24,"May 3, 2007","$258,000,000"
Shrek the Third,"Mike Myers, Cameron Diaz, Amy Poehler",42%,52%,202,"May 17, 2007","$160,000,000"
Harry Potter and the Order of the Phoenix,"Emma Watson, Rupert Grint, Daniel Radcliffe, Ralph Fiennes, Gary Oldman",78%,81%,231,"Jul 11, 2007","$150,000,000"
The Bourne Ultimatum,Matt Damon,92%,91%,327,"Aug 3, 2007","$130,000,000"
Alvin and the Chipmunks,,,57%,"1,194","Dec 14, 2007","$55,000,000"
300,,61%,89%,"1,043","Mar 9, 2007","$60,000,000"
Code Name: The Cleaner,,4%,38%,"3,046","Jan 5, 2007","$20,000,000"
Freedom Writers,,70%,87%,"2,837","Jan 5, 2007","$21,000,000"
Happily N'Ever After,Sigourney Weaver,6%,34%,"1,475","Jan 5, 2007","$47,000,000"
Stomp the Yard,,27%,81%,"3,642","Jan 12, 2007","$14,000,000"
Blood and Chocolate,,11%,52%,"3,583","Jan 26, 2007","$15,000,000"
Epic Movie,,2%,29%,"2,921","Jan 26, 2007","$20,000,000"
Smokin' Aces,Ryan Reynolds,31%,62%,"3,302","Jan 26, 2007","$17,000,000"
Because I Said So,,4%,65%,"1,826","Feb 2, 2007","$39,000,000"
Factory Girl,,20%,60%,"4,636","Feb 2, 2007","$7,000,000"
The Messengers,,11%,44%,"3,363","Feb 2, 2007","$16,000,000"
Hannibal Rising,,16%,55%,"1,390","Feb 9, 2007","$50,000,000"
Music and Lyrics,,63%,68%,"1,700","Feb 14, 2007","$40,000,000"
Bridge to Terabithia,Josh Hutcherson,85%,70%,"2,516","Feb 16, 2007","$25,000,000"
Ghost Rider,,27%,48%,384,"Feb 16, 2007","$120,000,000"
The Number 23,,7%,56%,"2,103","Feb 23, 2007","$32,000,000"
Black Snake Moan,Samuel L. Jackson,66%,69%,"3,555","Mar 2, 2007","$15,000,000"
Wild Hogs,,14%,61%,"1,044","Mar 2, 2007","$60,000,000"
Zodiac,"Jake Gyllenhaal, Mark Ruffalo, Robert Downey Jr.",90%,77%,672,"Mar 2, 2007","$85,000,000"
The Ultimate Gift,,33%,84%,"4,358","Mar 9, 2007","$9,000,000"
I Think I Love My Wife,,19%,41%,"3,672","Mar 16, 2007","$14,000,000"
The Wind That Shakes the Barley,,90%,87%,"4,425","Jun 23, 2006","$8,300,000"
Reign Over Me,Adam Sandler,64%,81%,"2,981","Mar 23, 2007","$20,000,000"
Shooter,Mark Wahlberg,48%,80%,"1,102","Mar 23, 2007","$60,000,000"
Blades of Glory,Amy Poehler,70%,68%,"1,035","Mar 30, 2007","$61,000,000"
The Reaping,,8%,49%,"1,752","Apr 5, 2007","$40,000,000"
Grindhouse,,84%,87%,"1,278","Apr 6, 2007","$53,000,000"
The Hoax,,,,"2,644","Apr 6, 2007","$25,000,000"
Disturbia,Carrie-Anne Moss,70%,77%,"2,881","Apr 13, 2007","$20,000,000"
Slow Burn,,9%,55%,"3,423","Apr 13, 2007","$15,500,000"
Hot Fuzz,,91%,89%,"3,371","Feb 16, 2007","$16,000,000"
In the Land of Women,,44%,52%,"4,037","Apr 20, 2007","$10,500,000"
Jindabyne,,65%,49%,"4,027","Apr 27, 2007","$10,800,000"
Next,,28%,53%,924,"Apr 27, 2007","$70,000,000"
Waitress,,89%,74%,"5,824","May 2, 2007","$1,500,000"
Lucky You,Robert Downey Jr.,28%,28%,"1,260","May 4, 2007","$55,000,000"
28 Weeks Later,,72%,66%,"3,501","May 11, 2007","$15,000,000"
Georgia Rule,,19%,52%,"2,983","May 11, 2007","$20,000,000"
The Wendell Baker Story,,40%,40%,"4,504","May 18, 2007","$8,000,000"
Gracie,,62%,58%,"4,360","Jun 1, 2007","$9,000,000"
Knocked Up,,89%,83%,"2,415","Jun 1, 2007","$27,500,000"
Fantastic Four: Rise of the Silver Surfer,,38%,51%,382,"Jun 15, 2007","$120,000,000"
Nancy Drew,,50%,59%,"2,961","Jun 15, 2007","$20,000,000"
1408,Samuel L. Jackson,80%,61%,"2,767","Jun 22, 2007","$22,500,000"
Evan Almighty,,24%,52%,169,"Jun 22, 2007","$175,000,000"
Live Free or Die Hard,,82%,86%,425,"Jun 27, 2007","$110,000,000"
Evening,,27%,48%,"2,289","Jun 29, 2007","$30,000,000"
Ratatouille,,96%,87%,239,"Jun 29, 2007","$150,000,000"
Sicko,,91%,87%,"4,335","Jun 22, 2007","$9,000,000"
License to Wed,,7%,53%,"1,956","Jul 3, 2007","$35,000,000"
Rescue Dawn,Christian Bale,90%,75%,"4,185","Jul 4, 2007","$10,000,000"
I Now Pronounce You Chuck and Larry,,14%,69%,650,"Jul 20, 2007","$85,000,000"
No Reservations,,42%,62%,"2,390","Jul 27, 2007","$28,000,000"
The Simpsons Movie,Tom Hanks,,,856,"Jul 26, 2007","$72,500,000"
Who's Your Caddy?,,6%,59%,"4,621","Jul 27, 2007","$7,000,000"
Becoming Jane,,58%,74%,"3,343","Aug 3, 2007","$16,500,000"
Hot Rod,,39%,64%,"2,621","Aug 3, 2007","$25,000,000"
The Ten,Winona Ryder,35%,40%,"4,879","Aug 3, 2007","$5,250,000"
Daddy Day Camp,,1%,38%,"4,753","Aug 8, 2007","$6,000,000"
Rush Hour 3,,17%,63%,145,"Aug 10, 2007","$180,000,000"
Death at a Funeral,,62%,79%,"2,833","Apr 16, 2010","$21,000,000"
Death at a Funeral,,62%,79%,"3,044","Aug 17, 2007","$20,000,000"
High School Musical 2,,83%,72%,"4,664","Dec 11, 2007","$7,000,000"
The Invasion,Nicole Kidman,20%,40%,766,"Aug 17, 2007","$80,000,000"
The Last Legion,Ben Kingsley,15%,34%,957,"Aug 17, 2007","$67,000,000"
Superbad,"Emma Stone, Michael Cera",88%,87%,"3,270","Aug 17, 2007","$17,500,000"
Resurrecting the Champ,Samuel L. Jackson,61%,60%,"3,771","Aug 24, 2007","$13,000,000"
September Dawn,,16%,49%,"4,045","Aug 24, 2007","$10,100,000"
Death Sentence,,20%,60%,"3,036","Aug 31, 2007","$20,000,000"
3:10 to Yuma,Christian Bale,89%,86%,"1,460","Sep 7, 2007","$48,000,000"
Shoot 'Em Up,,67%,65%,"1,830","Sep 7, 2007","$39,000,000"
The Brave One,,43%,64%,913,"Sep 14, 2007","$70,000,000"
Eastern Promises,Viggo Mortensen,89%,83%,"1,413","Sep 14, 2007","$50,000,000"
In the Valley of Elah,,74%,77%,"2,758","Sep 14, 2007","$23,000,000"
Good Luck Chuck,,5%,57%,"2,566","Sep 21, 2007","$25,000,000"
Into the Wild,,83%,89%,"2,986","Sep 21, 2007","$20,000,000"
Resident Evil: Extinction,,24%,58%,"1,526","Sep 21, 2007","$45,000,000"
Sydney White,,35%,70%,"3,345","Sep 21, 2007","$16,500,000"
The Kingdom,Jennifer Garner,52%,76%,859,"Sep 28, 2007","$72,500,000"
The Good Night,,30%,33%,"3,612","Oct 5, 2007","$15,000,000"
Across the Universe,,53%,82%,"1,544","Sep 14, 2007","$45,000,000"
Michael Clayton,George Clooney,90%,69%,"2,824","Oct 5, 2007","$21,500,000"
We Own the Night,"Mark Wahlberg, Joaquin Phoenix",57%,61%,"2,398","Oct 12, 2007","$28,000,000"
Why Did I Get Married?,,48%,78%,"3,460","Oct 12, 2007","$15,000,000"
30 Days of Night,,51%,56%,"2,220","Oct 19, 2007","$30,000,000"
Gone Baby Gone,,94%,86%,"3,141","Oct 19, 2007","$19,000,000"
Rendition,"Jake Gyllenhaal, Meryl Streep",48%,62%,"2,422","Oct 19, 2007","$27,500,000"
Things We Lost in the Fire,,65%,73%,"3,397","Oct 19, 2007","$16,000,000"
American Gangster,"John Cena, Denzel Washington",81%,90%,488,"Nov 2, 2007","$100,000,000"
Bee Movie,"Jerry Seinfeld, Matthew Broderick",50%,53%,258,"Nov 2, 2007","$150,000,000"
Martian Child,,35%,72%,"2,446","Nov 2, 2007","$27,000,000"
Lions for Lambs,"Meryl Streep, Andrew Garfield",27%,47%,"2,012","Nov 9, 2007","$35,000,000"
No Country for Old Men,,93%,86%,"2,524","Nov 9, 2007","$25,000,000"
Southland Tales,"Dwayne Johnson, Amy Poehler",41%,41%,"3,329","Nov 14, 2007","$17,000,000"
Beowulf,,71%,50%,264,"Nov 16, 2007","$150,000,000"
Love in the Time of Cholera,,27%,45%,"1,573","Nov 16, 2007","$45,000,000"
August Rush,,37%,82%,"2,574","Nov 21, 2007","$25,000,000"
Enchanted,,93%,80%,648,"Nov 21, 2007","$85,000,000"
The Mist,,73%,65%,"3,745","Nov 21, 2007","$13,000,000"
This Christmas,,55%,81%,"3,730","Nov 21, 2007","$13,000,000"
The Savages,,,,"4,350","Nov 28, 2007","$9,000,000"
Awake,,23%,55%,"4,392","Nov 30, 2007","$8,600,000"
Juno,"Michael Cera, Jennifer Garner",94%,88%,"4,572","Dec 5, 2007","$7,000,000"
Atonement,Benedict Cumberbatch,83%,80%,"2,200","Dec 7, 2007","$30,000,000"
The Golden Compass,"Nicole Kidman, Ian McKellen",42%,51%,59,"Dec 7, 2007","$205,000,000"
The Kite Runner,,65%,84%,"3,002","Dec 14, 2007","$20,000,000"
The Bucket List,,41%,77%,"1,501","Dec 25, 2007","$45,000,000"
The Great Debaters,Denzel Washington,80%,86%,"3,496","Dec 25, 2007","$15,000,000"
There Will Be Blood,,91%,86%,"2,553","Dec 26, 2007","$25,000,000"
The Dark Knight,"Christian Bale, Heath Ledger, Michael Caine, Gary Oldman",94%,94%,128,"Jul 11, 2008","$185,000,000"
Iron Man,"Robert Downey Jr., Samuel L. Jackson",94%,91%,127,"Apr 30, 2008","$186,000,000"
Indiana Jones and the Kingdom of the Crystal Skull,Harrison Ford,77%,53%,130,"May 22, 2008","$185,000,000"
Hancock,Will Smith,42%,59%,236,"Jul 1, 2008","$150,000,000"
Kung Fu Panda,,87%,83%,329,"Jun 6, 2008","$130,000,000"
Madagascar: Escape 2 Africa,,64%,66%,245,"Nov 7, 2008","$150,000,000"
Quantum of Solace,,64%,58%,42,"Nov 14, 2008","$230,000,000"
One Missed Call,,0%,29%,"2,955","Jan 4, 2008","$20,000,000"
27 Dresses,,41%,57%,"2,165","Jan 18, 2008","$30,000,000"
Cloverfield,,78%,68%,"2,518","Jan 18, 2008","$25,000,000"
Teeth,,80%,45%,"5,691","Jan 18, 2008","$2,000,000"
How She Move,,66%,51%,"3,319","Jan 25, 2008","$17,000,000"
Meet the Spartans,,2%,25%,"2,225","Jan 25, 2008","$30,000,000"
Rambo,,,77%,"1,467","Jan 25, 2008","$47,500,000"
Strange Wilderness,,2%,35%,"3,055","Feb 1, 2008","$20,000,000"
In Bruges,Ralph Fiennes,85%,87%,"3,568","Feb 8, 2008","$15,000,000"
Welcome Home Roscoe Jenkins,,23%,63%,"2,418","Feb 8, 2008","$27,500,000"
Jumper,Samuel L. Jackson,15%,44%,681,"Feb 14, 2008","$82,500,000"
The Spiderwick Chronicles,,81%,63%,566,"Feb 14, 2008","$92,500,000"
Step Up 2 the Streets,,28%,76%,"3,272","Feb 14, 2008","$17,500,000"
Be Kind Rewind,Sigourney Weaver,65%,56%,"3,027","Feb 22, 2008","$20,000,000"
Charlie Bartlett,Robert Downey Jr.,58%,71%,"3,910","Feb 22, 2008","$12,000,000"
U2 3D,,92%,93%,"3,538","Jan 23, 2008","$15,000,000"
Vantage Point,Sigourney Weaver,34%,57%,"1,667","Feb 22, 2008","$40,000,000"
Witless Protection,,4%,46%,"4,547","Feb 22, 2008","$7,500,000"
The Other Boleyn Girl,"Scarlett Johansson, Natalie Portman, Andrew Garfield, Benedict Cumberbatch",43%,62%,"1,749","Feb 29, 2008","$40,000,000"
"10,000 B.C.",,9%,37%,456,"Mar 7, 2008","$105,000,000"
The Bank Job,Jason Statham,,59%,"2,950","Mar 7, 2008","$20,000,000"
Snow Angels,,67%,67%,"5,849","Mar 7, 2008","$1,500,000"
Doomsday,,50%,44%,"2,079","Mar 14, 2008","$33,000,000"
Never Back Down,,21%,34%,"2,841","Mar 14, 2008","$21,000,000"
Drillbit Taylor,,27%,44%,"1,731","Mar 21, 2008","$40,000,000"
The Grand,,40%,43%,"5,458","Mar 21, 2008","$3,000,000"
Shutter,,63%,77%,"4,449","Mar 21, 2008","$8,000,000"
21,,,17%,"1,927","Mar 28, 2008","$35,000,000"
Leatherheads,George Clooney,52%,38%,"1,175","Apr 4, 2008","$58,000,000"
My Blueberry Nights,Natalie Portman,45%,61%,"4,230","Apr 4, 2008","$10,000,000"
Nim's Island,,53%,46%,"1,882","Apr 4, 2008","$37,000,000"
The Ruins,,50%,30%,"2,603","Apr 4, 2008","$25,000,000"
Street Kings,Chris Evans,38%,58%,"2,957","Apr 11, 2008","$20,000,000"
88 Minutes,Al Pacino,5%,44%,"2,277","Apr 18, 2008","$30,000,000"
The Forbidden Kingdom,,63%,60%,"1,229","Apr 18, 2008","$55,000,000"
Forgetting Sarah Marshall,,83%,76%,"2,180","Apr 18, 2008","$30,000,000"
Baby Mama,"Sigourney Weaver, Amy Poehler",63%,55%,"2,183","Apr 25, 2008","$30,000,000"
Deception,,53%,21%,"2,652","Apr 25, 2008","$25,000,000"
Rogue,,84%,54%,"2,762","Apr 25, 2008","$23,000,000"
Standard Operating Procedure,,79%,79%,"5,020","Apr 25, 2008","$5,000,000"
Made of Honor,,16%,55%,"1,706","May 2, 2008","$40,000,000"
Redbelt,,68%,65%,"4,629","May 2, 2008","$7,000,000"
Speed Racer,,42%,60%,395,"May 9, 2008","$120,000,000"
The Chronicles of Narnia: Prince Caspian,Liam Neeson,66%,73%,46,"May 16, 2008","$225,000,000"
"War, Inc.",Ben Kingsley,29%,38%,"4,236","May 23, 2008","$10,000,000"
Savage Grace,,38%,38%,"5,087","May 28, 2008","$4,600,000"
Sex and the City,,50%,77%,"1,179","May 30, 2008","$57,500,000"
The Strangers,,49%,48%,"4,328","May 30, 2008","$9,000,000"
Mongol,,87%,76%,"3,237","Jun 6, 2008","$18,000,000"
The Children of Huang Shi,,31%,66%,"3,084","May 23, 2008","$20,000,000"
The Incredible Hulk,"Robert Downey Jr., Edward Norton",67%,69%,308,"Jun 13, 2008","$137,500,000"
Brick Lane,,68%,60%,"5,554","Jun 20, 2008","$2,500,000"
Get Smart,Dwayne Johnson,51%,67%,702,"Jun 20, 2008","$80,000,000"
Kit Kittredge: An American Girl,,80%,69%,"4,125","Jun 20, 2008","$10,000,000"
The Love Guru,"Mariska Hargitay, Mike Myers, Ben Kingsley",13%,33%,"1,031","Jun 20, 2008","$62,000,000"
Wanted,Chris Pratt,,,802,"Jun 27, 2008","$75,000,000"
The Wackness,Ben Kingsley,,,"4,788","Jul 3, 2008","$6,000,000"
Journey to the Center of the Earth,Josh Hutcherson,84%,69%,"1,498","Jul 11, 2008","$45,000,000"
Meet Dave,Kevin Hart,20%,35%,"1,148","Jul 11, 2008","$60,000,000"
Mamma Mia!,Meryl Streep,55%,66%,"1,282","Jul 2, 2008","$52,000,000"
Transsiberian,Ben Kingsley,91%,65%,"3,590","Jul 18, 2008","$15,000,000"
The Mummy: Tomb of the Dragon Emperor,,13%,30%,168,"Aug 1, 2008","$175,000,000"
Swing Vote,,38%,41%,"2,846","Aug 1, 2008","$21,000,000"
Pineapple Express,,68%,73%,"2,460","Aug 6, 2008","$26,000,000"
The Sisterhood of the Traveling Pants 2,,66%,66%,"2,431","Aug 6, 2008","$27,000,000"
Tropic Thunder,"Robert Downey Jr., Tobey Maguire",82%,71%,589,"Aug 13, 2008","$90,000,000"
Fly Me to the Moon,,20%,25%,525,"Jul 5, 2024","$100,000,000"
Mirrors,,,,"1,979","Aug 15, 2008","$35,000,000"
Star Wars: The Clone Wars,,19%,40%,"4,398","Aug 15, 2008","$8,500,000"
Vicky Cristina Barcelona,Scarlett Johansson,80%,74%,"3,372","Aug 15, 2008","$16,000,000"
Death Race,Jason Statham,41%,60%,"1,000","Aug 22, 2008","$65,000,000"
Hamlet 2,,62%,56%,"4,354","Aug 22, 2008","$9,000,000"
The House Bunny,Emma Stone,43%,50%,"2,541","Aug 22, 2008","$25,000,000"
The Longshots,,41%,61%,"2,755","Aug 22, 2008","$23,000,000"
Traitor,,65%,64%,"2,794","Aug 27, 2008","$22,000,000"
Babylon A.D.,,7%,26%,"1,546","Aug 29, 2008","$45,000,000"
Disaster Movie,,1%,21%,"3,010","Aug 29, 2008","$20,000,000"
Bangkok Dangerous,,9%,26%,"1,559","Sep 5, 2008","$45,000,000"
"Surfer, Dude",,0%,26%,"4,809","Sep 5, 2008","$6,000,000"
Burn After Reading,"Brad Pitt, George Clooney",78%,65%,"1,879","Sep 12, 2008","$37,000,000"
The Women,Carrie Fisher,,,"3,370","Sep 12, 2008","$16,000,000"
Ghost Town,,100%,,"3,018","Sep 19, 2008","$20,000,000"
My Best Friend's Girl,,,44%,"2,982","Sep 19, 2008","$20,000,000"
Choke,,56%,52%,"5,331","Sep 26, 2008","$3,400,000"
Eagle Eye,,26%,62%,713,"Sep 26, 2008","$80,000,000"
Miracle at St. Anna,Joseph Gordon-Levitt,33%,51%,"1,569","Sep 26, 2008","$45,000,000"
An American Carol,,12%,48%,"3,053","Oct 3, 2008","$20,000,000"
Blindness,Mark Ruffalo,,,"2,656","Oct 3, 2008","$25,000,000"
Flash of Genius,,62%,55%,"3,068","Oct 3, 2008","$20,000,000"
How to Lose Friends & Alienate People,Kirsten Dunst,37%,42%,"2,413","Oct 3, 2008","$28,000,000"
Nick and Norah's Infinite Playlist,Michael Cera,75%,65%,"4,089","Oct 3, 2008","$10,000,000"
Rachel Getting Married,,84%,62%,"3,885","Oct 3, 2008","$12,000,000"
Body of Lies,Leonardo DiCaprio,56%,62%,952,"Oct 10, 2008","$67,500,000"
City of Ember,,53%,46%,"1,864","Oct 10, 2008","$38,000,000"
Quarantine,,,,"3,850","Oct 10, 2008","$12,000,000"
Max Payne,Mark Wahlberg,16%,29%,"1,958","Oct 17, 2008","$35,000,000"
The Secret Life of Bees,,60%,78%,"3,979","Oct 17, 2008","$11,000,000"
Sex Drive,,45%,58%,"3,146","Oct 17, 2008","$19,000,000"
Passengers,,,,433,"Dec 21, 2016","$110,000,000"
Pride and Glory,Edward Norton,35%,49%,"2,280","Oct 24, 2008","$30,000,000"
Saw V,,13%,52%,"4,024","Oct 24, 2008","$10,800,000"
"Synecdoche, New York",,69%,71%,"3,072","Oct 24, 2008","$20,000,000"
The Haunting of Molly Hartley,,2%,18%,"4,946","Oct 31, 2008","$5,000,000"
The Other End of the Line,,35%,50%,"5,563","Oct 31, 2008","$2,500,000"
RocknRolla,,60%,71%,"3,238","Oct 8, 2008","$18,000,000"
Repo! The Genetic Opera,,37%,73%,"4,417","Nov 7, 2008","$8,500,000"
Role Models,,77%,74%,"2,374","Nov 7, 2008","$28,000,000"
Slumdog Millionaire,,91%,90%,"3,637","Nov 12, 2008","$14,000,000"
Bolt,,90%,74%,260,"Nov 21, 2008","$150,000,000"
Australia,"Hugh Jackman, Nicole Kidman",54%,65%,341,"Nov 26, 2008","$130,000,000"
Four Christmases,,25%,47%,706,"Nov 26, 2008","$80,000,000"
Milk,,93%,89%,"2,945","Nov 26, 2008","$20,000,000"
Cadillac Records,Adrien Brody,66%,65%,"3,896","Dec 5, 2008","$12,000,000"
Extreme Movie,Michael Cera,,18%,"5,949","Feb 24, 2009","$1,200,000"
Frost/Nixon,,93%,88%,"2,352","Dec 5, 2008","$29,000,000"
Punisher: War Zone,,29%,42%,"2,028","Dec 5, 2008","$35,000,000"
The Reader,Ralph Fiennes,,50%,"2,086","Dec 10, 2008","$32,500,000"
The Day the Earth Stood Still,,21%,27%,725,"Dec 12, 2008","$80,000,000"
The Day the Earth Stood Still,,21%,27%,"5,934","Sep 18, 1951","$1,200,000"
Delgo,,12%,26%,"1,805","Dec 12, 2008","$40,000,000"
Doubt,Meryl Streep,79%,78%,"2,940","Dec 12, 2008","$20,000,000"
Gran Torino,,81%,90%,"2,505","Dec 12, 2008","$25,000,000"
The Wrestler,,98%,88%,"4,734","Dec 17, 2008","$6,000,000"
Seven Pounds,Will Smith,27%,75%,"1,266","Dec 19, 2008","$54,000,000"
The Tale of Despereaux,"Emma Watson, Sigourney Weaver, Matthew Broderick",,,"1,094","Dec 19, 2008","$60,000,000"
Yes Man,,46%,66%,"1,316","Dec 19, 2008","$50,000,000"
Bedtime Stories,Adam Sandler,27%,55%,708,"Dec 25, 2008","$80,000,000"
The Curious Case of Benjamin Button,Brad Pitt,72%,80%,209,"Dec 25, 2008","$160,000,000"
Marley & Me,,63%,75%,"1,045","Dec 25, 2008","$60,000,000"
Valkyrie,Tom Holland,62%,65%,598,"Dec 25, 2008","$90,000,000"
Revolutionary Road,Leonardo DiCaprio,67%,71%,"1,545","Dec 26, 2008","$45,000,000"
Avatar,"Sigourney Weaver, Sam Worthington",81%,82%,38,"Dec 17, 2009","$237,000,000"
Transformers: Revenge of the Fallen,,20%,57%,53,"Jun 24, 2009","$210,000,000"
The Twilight Saga: New Moon,Robert Pattinson,28%,61%,"1,297","Nov 19, 2009","$50,000,000"
The Hangover,,79%,84%,"1,913","Jun 5, 2009","$35,000,000"
Star Trek,"Chris Hemsworth, Winona Ryder",94%,91%,290,"May 8, 2009","$140,000,000"
The Blind Side,,66%,85%,"1,914","Nov 20, 2009","$35,000,000"
Sherlock Holmes,"Robert Downey Jr., Rachel McAdams",,,576,"Dec 25, 2009","$90,000,000"
Bride Wars,Chris Pratt,10%,51%,"2,185","Jan 9, 2009","$30,000,000"
The Unborn,Gary Oldman,,,"3,358","Jan 9, 2009","$16,000,000"
Hotel for Dogs,,46%,55%,"1,931","Jan 16, 2009","$35,000,000"
Notorious,,,,"3,135","Jan 16, 2009","$19,000,000"
Notorious,,,,"5,627","Aug 15, 1946","$2,000,000"
Paul Blart: Mall Cop,,34%,43%,"2,455","Jan 16, 2009","$26,000,000"
Inkheart,,38%,45%,"1,142","Jan 23, 2009","$60,000,000"
Outlander,,37%,45%,"1,437","Jan 23, 2009","$50,000,000"
New in Town,,28%,37%,"4,461","Jan 30, 2009","$8,000,000"
Taken,Liam Neeson,60%,85%,"2,506","Apr 9, 2008","$25,000,000"
Coraline,,91%,74%,"1,050","Feb 6, 2009","$60,000,000"
He's Just Not That Into You,Scarlett Johansson,41%,59%,"1,649","Feb 6, 2009","$40,000,000"
Push,,,,"1,850","Feb 6, 2009","$38,000,000"
Gomorra,,91%,70%,"4,718","Feb 13, 2009","$6,200,000"
The International,,,,"1,396","Feb 13, 2009","$50,000,000"
Two Lovers,Joaquin Phoenix,82%,59%,"3,911","Feb 13, 2009","$12,000,000"
Fired Up,,25%,52%,"2,995","Feb 20, 2009","$20,000,000"
Watchmen,,65%,71%,306,"Mar 6, 2009","$138,000,000"
Race to Witch Mountain,Dwayne Johnson,42%,44%,"1,338","Mar 13, 2009","$50,000,000"
Sunshine Cleaning,Emily Blunt,74%,63%,"4,953","Mar 13, 2009","$5,000,000"
Duplicity,,,,"1,112","Mar 20, 2009","$60,000,000"
"I Love You, Man",,83%,74%,"1,668","Mar 20, 2009","$40,000,000"
Knowing,Liam Hemsworth,35%,42%,"1,328","Mar 20, 2009","$50,000,000"
Super Capers,,6%,14%,"5,707","Mar 20, 2009","$2,000,000"
12 Rounds,John Cena,31%,45%,"3,024","Mar 27, 2009","$20,000,000"
Monsters vs. Aliens,,73%,59%,164,"Mar 27, 2009","$175,000,000"
Adventureland,Ryan Reynolds,88%,61%,"4,295","Apr 3, 2009","$9,800,000"
Fast & Furious,,28%,67%,642,"Apr 2, 2009","$85,000,000"
Hannah Montana: The Movie,,43%,67%,"2,164","Apr 10, 2009","$30,000,000"
Observe and Report,,51%,37%,"3,207","Apr 10, 2009","$18,000,000"
17 Again,,57%,67%,"1,679","Apr 17, 2009","$40,000,000"
Sleep Dealer,,73%,50%,"5,565","Apr 17, 2009","$2,500,000"
Earth,,,,"1,473","Apr 22, 2009","$47,000,000"
Fighting,,39%,36%,"2,591","Apr 24, 2009","$25,000,000"
The Informers,Winona Ryder,,,"3,254","Apr 24, 2009","$18,000,000"
Mutant Chronicles,,17%,24%,"2,673","Apr 24, 2009","$25,000,000"
Obsessed,,,38%,"2,888","Apr 24, 2009","$20,000,000"
The Soloist,"Robert Downey Jr., Tom Holland",,,"1,126","Apr 24, 2009","$60,000,000"
Adoration,,63%,49%,"5,211","May 8, 2009","$4,000,000"
Next Day Air,,21%,31%,"5,397","May 8, 2009","$3,000,000"
The Brothers Bloom,"Mark Ruffalo, Adrien Brody",68%,64%,"3,071","May 15, 2009","$20,000,000"
Terminator Salvation,"Christian Bale, Sam Worthington",33%,53%,94,"May 21, 2009","$200,000,000"
Dance Flick,,18%,30%,"2,585","May 22, 2009","$25,000,000"
The Girlfriend Experience,,,,"5,898","May 22, 2009","$1,300,000"
Into the Storm,,,63%,"1,359","Aug 8, 2014","$50,000,000"
Away We Go,,67%,74%,"2,847","Jun 5, 2009","$21,000,000"
My Life in Ruins,,10%,44%,"3,317","Jun 5, 2009","$17,000,000"
Moon,,90%,89%,"4,981","Jun 12, 2009","$5,000,000"
The Proposal,Ryan Reynolds,,27%,"1,635","Jun 19, 2009","$40,000,000"
Whatever Works,,50%,61%,"3,574","Jun 19, 2009","$15,000,000"
Year One,Michael Cera,14%,24%,"1,107","Jun 19, 2009","$60,000,000"
The Hurt Locker,Ralph Fiennes,96%,84%,"3,527","Jun 26, 2009","$15,000,000"
Surveillance,,55%,43%,"5,316","Jun 26, 2009","$3,500,000"
Ice Age: Dawn of the Dinosaurs,,46%,63%,578,"Jul 1, 2009","$90,000,000"
Public Enemies,"Channing Tatum, Christian Bale, Johnny Depp, Carey Mulligan",,44%,465,"Jul 1, 2009","$102,500,000"
(500) Days of Summer,Joseph Gordon-Levitt,85%,84%,"4,537","Jul 17, 2009","$7,500,000"
The Ugly Truth,,14%,60%,"1,835","Jul 24, 2009","$38,000,000"
Adam,,,62%,"5,356","Jul 29, 2009","$3,200,000"
Aliens in the Attic,,34%,43%,"1,543","Jul 31, 2009","$45,000,000"
The Collector,,,,"5,405","Jul 31, 2009","$3,000,000"
Funny People,"Adam Sandler, Jason Schwartzman",69%,48%,858,"Jul 31, 2009","$72,500,000"
G.I. Joe: The Rise of Cobra,"Channing Tatum, Joseph Gordon-Levitt",33%,50%,166,"Aug 7, 2009","$175,000,000"
Julie & Julia,Meryl Streep,77%,70%,"1,648","Aug 7, 2009","$40,000,000"
A Perfect Getaway,Chris Hemsworth,62%,52%,"3,665","Aug 7, 2009","$14,000,000"
Bandslam,,82%,64%,"3,062","Aug 14, 2009","$20,000,000"
District 9,,90%,82%,"2,150","Aug 14, 2009","$30,000,000"
Grace,,,,"5,034","Aug 14, 2009","$5,000,000"
Inglourious Basterds,"Brad Pitt, Samuel L. Jackson, Mike Myers, Christoph Waltz",89%,88%,879,"Aug 21, 2009","$70,000,000"
Post Grad,Michael Keaton,8%,27%,"3,573","Aug 21, 2009","$15,000,000"
Shorts,,47%,32%,"2,975","Aug 21, 2009","$20,000,000"
The Final Destination,,28%,35%,"1,676","Aug 28, 2009","$40,000,000"
The Open Road,,,,"4,262","Aug 28, 2009","$10,000,000"
Taking Woodstock,,48%,47%,"2,357","Aug 26, 2009","$29,000,000"
All About Steve,,6%,30%,"3,486","Sep 4, 2009","$15,000,000"
Gamer,,29%,39%,"1,407","Sep 4, 2009","$50,000,000"
Sorority Row,Carrie Fisher,25%,33%,"3,801","Sep 11, 2009","$12,500,000"
Whiteout,,,,"2,022","Sep 11, 2009","$35,000,000"
Mr. Nobody,,67%,76%,"1,480","Oct 4, 2012","$46,500,000"
The Other Woman,Cameron Diaz,,,"1,658","Apr 23, 2014","$40,000,000"
Bright Star,,83%,68%,"4,412","Sep 17, 2009","$8,500,000"
The Burning Plain,,38%,56%,"3,096","Sep 18, 2009","$20,000,000"
Fuel,,,55%,"5,561","Nov 14, 2008","$2,500,000"
The Informant!,Matt Damon,80%,44%,"2,789","Sep 18, 2009","$22,000,000"
Jennifer's Body,Chris Pratt,46%,35%,"3,380","Sep 18, 2009","$16,000,000"
Love Happens,,16%,37%,"3,209","Sep 18, 2009","$18,000,000"
I Hope They Serve Beer in Hell,,19%,42%,"4,639","Sep 25, 2009","$7,000,000"
Pandorum,,29%,49%,"1,789","Sep 25, 2009","$40,000,000"
Capitalism: A Love Story,,74%,74%,"3,008","Sep 23, 2009","$20,000,000"
The Invention of Lying,"Edward Norton, Jennifer Garner",56%,39%,"3,160","Oct 2, 2009","$18,500,000"
A Serious Man,,89%,68%,"4,612","Oct 2, 2009","$7,000,000"
Whip It,,86%,74%,"3,536","Oct 2, 2009","$15,000,000"
Zombieland,Emma Stone,89%,86%,"2,726","Oct 2, 2009","$23,600,000"
Couples Retreat,,10%,39%,"1,051","Oct 8, 2009","$60,000,000"
The Damned United,,92%,85%,"4,709","Oct 9, 2009","$6,400,000"
An Education,Carey Mulligan,93%,80%,"4,541","Oct 9, 2009","$7,500,000"
Trucker,,58%,57%,"5,863","Oct 9, 2009","$1,500,000"
Law Abiding Citizen,,26%,75%,"1,272","Oct 16, 2009","$53,000,000"
Triangle,Liam Hemsworth,,,"3,944","Feb 10, 2010","$12,000,000"
Where the Wild Things Are,Mark Ruffalo,73%,57%,499,"Oct 16, 2009","$100,000,000"
Amelia,,,100%,"1,779","Oct 23, 2009","$40,000,000"
Astro Boy,Samuel L. Jackson,51%,50%,"1,006","Oct 23, 2009","$65,000,000"
Motherhood,Uma Thurman,20%,16%,"4,256","Oct 23, 2009","$10,000,000"
Saw VI,,39%,49%,"3,984","Oct 23, 2009","$11,000,000"
Michael Jackson's This Is It,,81%,82%,"1,076","Oct 28, 2009","$60,000,000"
Gentlemen Broncos,,20%,44%,"4,304","Oct 30, 2009","$9,500,000"
The Box,Cameron Diaz,,,"2,614","Nov 6, 2009","$25,000,000"
The Fourth Kind,,18%,41%,"4,105","Nov 6, 2009","$10,000,000"
The Men Who Stare at Goats,"George Clooney, Ewan McGregor",51%,39%,"2,703","Nov 6, 2009","$24,000,000"
2012,,39%,47%,90,"Nov 12, 2009","$200,000,000"
Lesbian Vampire Killers,,28%,32%,"5,719","Dec 29, 2009","$2,000,000"
The Messenger,,90%,75%,"4,701","Nov 13, 2009","$6,500,000"
The Young Victoria,Emily Blunt,76%,74%,"2,019","Dec 18, 2009","$35,000,000"
Bad Lieutenant: Port of Call New Orleans,,86%,57%,"2,662","Nov 20, 2009","$25,000,000"
Planet 51,"Dwayne Johnson, Gary Oldman",23%,40%,"1,111","Nov 20, 2009","$60,000,000"
Me and Orson Welles,,86%,61%,"2,664","Nov 25, 2009","$25,000,000"
Ninja Assassin,,26%,54%,"1,376","Nov 25, 2009","$50,000,000"
The Road,Viggo Mortensen,,,"2,642","Nov 25, 2009","$25,000,000"
Armored,,41%,31%,"3,001","Dec 4, 2009","$20,000,000"
Everybody's Fine,Robert De Niro,70%,87%,"3,039","Dec 4, 2009","$20,000,000"
Up in the Air,George Clooney,,12%,"2,514","Dec 4, 2009","$25,000,000"
Invictus,Matt Damon,76%,75%,"1,114","Dec 11, 2009","$60,000,000"
The Princess and the Frog,,,,455,"Nov 25, 2009","$105,000,000"
A Single Man,Nicholas Hoult,,,"4,614","Dec 11, 2009","$7,000,000"
Crazy Heart,,90%,76%,"4,396","Dec 16, 2009","$8,500,000"
The Last Station,,71%,67%,"3,234","Jan 15, 2010","$18,000,000"
The Imaginarium of Doctor Parnassus,"Heath Ledger, Andrew Garfield, Johnny Depp",64%,60%,"2,304","Dec 25, 2009","$30,000,000"
Toy Story 3,"Tom Hanks, Michael Keaton",98%,90%,69,"Jun 18, 2010","$200,000,000"
Iron Man 2,"Scarlett Johansson, Robert Downey Jr., Samuel L. Jackson",72%,71%,177,"Apr 29, 2010","$170,000,000"
The Twilight Saga: Eclipse,Robert Pattinson,46%,60%,938,"Jun 30, 2010","$68,000,000"
Inception,"Leonardo DiCaprio, Joseph Gordon-Levitt, Tom Hardy, Michael Caine",87%,91%,203,"Jul 16, 2010","$160,000,000"
Despicable Me,,80%,83%,935,"Jul 9, 2010","$69,000,000"
Shrek Forever After,"Mike Myers, Cameron Diaz",57%,54%,190,"May 21, 2010","$165,000,000"
How to Train Your Dragon,,99%,91%,193,"Mar 26, 2010","$165,000,000"
Tangled,,89%,87%,23,"Nov 24, 2010","$260,000,000"
Daybreakers,Willem Dafoe,69%,49%,"2,949","Jan 8, 2010","$20,000,000"
Leap Year,,,50%,"3,138","Jan 8, 2010","$19,000,000"
Youth in Revolt,Michael Cera,67%,52%,"3,222","Jan 8, 2010","$18,000,000"
The Book of Eli,"Denzel Washington, Gary Oldman",47%,64%,717,"Jan 15, 2010","$80,000,000"
The Spy Next Door,,12%,40%,"2,401","Jan 15, 2010","$28,000,000"
Fish Tank,,91%,79%,"5,446","Jan 15, 2010","$3,000,000"
Extraordinary Measures,Harrison Ford,29%,53%,"2,135","Jan 22, 2010","$31,000,000"
The Girl on the Train,,76%,42%,"1,507","Oct 5, 2016","$45,000,000"
Edge of Darkness,,55%,49%,"1,108","Jan 29, 2010","$60,000,000"
Saint John of Las Vegas,,25%,27%,"5,698","Jan 29, 2010","$2,000,000"
Dear John,Channing Tatum,29%,55%,"2,519","Feb 5, 2010","$25,000,000"
From Paris With Love,,37%,54%,"1,289","Feb 5, 2010","$52,000,000"
Frozen,,56%,62%,228,"Nov 22, 2013","$150,000,000"
Percy Jackson & the Olympians: The Lightning Thief,Uma Thurman,49%,53%,549,"Feb 12, 2010","$95,000,000"
Valentine's Day,Jennifer Garner,,,"1,284","Feb 12, 2010","$52,000,000"
The Ghost Writer,Ewan McGregor,,,"1,557","Feb 19, 2010","$45,000,000"
The Good Guy,,36%,30%,"4,255","Feb 19, 2010","$10,000,000"
Cop Out,,18%,39%,"1,884","Feb 26, 2010","$37,000,000"
Defendor,,72%,58%,"5,266","Feb 19, 2010","$3,750,000"
Brooklyn's Finest,,44%,46%,"3,305","Mar 5, 2010","$17,000,000"
Our Family Wedding,,15%,48%,"3,661","Mar 12, 2010","$14,000,000"
Stolen,,67%,47%,"2,045","Sep 14, 2012","$35,000,000"
The Bounty Hunter,,,,"1,512","Mar 19, 2010","$45,000,000"
Diary of a Wimpy Kid,,54%,49%,"3,454","Mar 19, 2010","$15,000,000"
Repo Men,,,,"2,114","Mar 19, 2010","$32,000,000"
City Island,,83%,79%,"4,769","Mar 19, 2010","$6,000,000"
The Runaways,,69%,55%,"4,303","Mar 19, 2010","$9,500,000"
Hot Tub Time Machine,,64%,56%,"1,897","Mar 26, 2010","$36,000,000"
Chloe,Liam Neeson,,,"3,772","Mar 26, 2010","$13,000,000"
The Last Song,Liam Hemsworth,,,"2,892","Mar 31, 2010","$20,000,000"
Don McKay,,38%,23%,"4,812","Apr 2, 2010","$6,000,000"
Date Night,"Mark Wahlberg, Mark Ruffalo",67%,55%,"1,210","Apr 9, 2010","$55,000,000"
Letters to God,,25%,75%,"5,432","Apr 9, 2010","$3,000,000"
The City of Your Final Destination,,39%,39%,"4,426","Apr 16, 2010","$8,300,000"
The Joneses,,62%,47%,"4,221","Apr 16, 2010","$10,000,000"
The Perfect Game,,,,"3,814","Apr 16, 2010","$12,500,000"
Oceans,,81%,75%,759,"Apr 22, 2010","$80,000,000"
The Losers,Chris Evans,,,"2,590","Apr 23, 2010","$25,000,000"
Harry Brown,Michael Caine,63%,75%,"4,565","Apr 30, 2010","$7,300,000"
Please Give,,85%,64%,"5,422","Apr 30, 2010","$3,000,000"
Mother and Child,Samuel L. Jackson,79%,76%,"4,642","May 7, 2010","$7,000,000"
Just Wright,,47%,61%,"3,869","May 14, 2010","$12,000,000"
Letters to Juliet,,42%,62%,"2,192","May 14, 2010","$30,000,000"
Princess Kaiulani,,21%,46%,"4,367","May 14, 2010","$9,000,000"
MacGruber,,47%,35%,"4,164","May 21, 2010","$10,000,000"
Kites,,72%,53%,"4,316","May 21, 2010","$9,200,000"
Solitary Man,,78%,50%,"3,808","May 21, 2010","$12,500,000"
Sex and the City 2,,15%,43%,548,"May 27, 2010","$95,000,000"
Micmacs,,72%,74%,"1,620","May 28, 2010","$42,000,000"
Killers,,,,825,"Jun 4, 2010","$75,000,000"
Marmaduke,Emma Stone,9%,42%,"1,381","Jun 4, 2010","$50,000,000"
Ondine,,70%,60%,"3,924","Jun 4, 2010","$12,000,000"
Jonah Hex,,12%,20%,"1,477","Jun 18, 2010","$47,000,000"
8: The Mormon Proposition,,65%,72%,"5,564","Jun 18, 2010","$2,500,000"
Cyrus,,80%,53%,"4,617","Jun 18, 2010","$7,000,000"
Knight and Day,Cameron Diaz,52%,49%,401,"Jun 23, 2010","$117,000,000"
Grown Ups,Adam Sandler,10%,62%,798,"Jun 25, 2010","$75,000,000"
Love Ranch,,12%,28%,"2,671","Jun 30, 2010","$25,000,000"
The Last Airbender,,5%,30%,257,"Jul 1, 2010","$150,000,000"
The Kids Are All Right,"Mark Ruffalo, Josh Hutcherson",93%,74%,"5,159","Jul 9, 2010","$4,000,000"
Valhalla Rising,,71%,49%,"4,837","Jul 16, 2010","$5,700,000"
The Sorcerer's Apprentice,,40%,53%,210,"Jul 14, 2010","$160,000,000"
Ramona and Beezus,,70%,71%,"3,507","Jul 23, 2010","$15,000,000"
Salt,,,,337,"Jul 23, 2010","$130,000,000"
Spoken Word,,46%,39%,"5,120","Jul 23, 2010","$4,500,000"
Cats & Dogs: The Revenge of Kitty Galore,,13%,38%,667,"Jul 30, 2010","$85,000,000"
Charlie St. Cloud,,28%,60%,"1,582","Jul 30, 2010","$44,000,000"
Dinner for Schmucks,,42%,42%,936,"Jul 30, 2010","$69,000,000"
The Extra Man,,42%,37%,"4,647","Jul 30, 2010","$7,000,000"
Get Low,,84%,75%,"4,613","Jul 30, 2010","$7,000,000"
Flipped,,55%,79%,"3,689","Aug 6, 2010","$14,000,000"
The Other Guys,"Dwayne Johnson, Mark Wahlberg, Samuel L. Jackson, Michael Keaton",79%,60%,490,"Aug 6, 2010","$100,000,000"
The Disappearance of Alice Creed,,81%,67%,"5,856","Aug 6, 2010","$1,500,000"
Middle Men,,40%,56%,"3,086","Aug 6, 2010","$20,000,000"
Eat Pray Love,,35%,42%,"1,067","Aug 13, 2010","$60,000,000"
The Expendables,Jason Statham,42%,64%,684,"Aug 13, 2010","$82,000,000"
Animal Kingdom,,94%,83%,"5,142","Aug 13, 2010","$4,200,000"
Vampires Suck,,4%,30%,"2,930","Aug 18, 2010","$20,000,000"
Mao's Last Dancer,,56%,76%,"3,240","Aug 20, 2010","$18,000,000"
What If,,,,"4,006","Aug 8, 2014","$11,000,000"
The Last Exorcism,,71%,35%,"5,766","Aug 27, 2010","$1,800,000"
Takers,,28%,62%,"2,095","Aug 27, 2010","$32,000,000"
Centurion,,60%,43%,"3,605","Aug 27, 2010","$15,000,000"
The American,George Clooney,64%,39%,"2,933","Sep 1, 2010","$20,000,000"
Going the Distance,,,,"2,112","Sep 3, 2010","$32,000,000"
Machete,Robert De Niro,70%,63%,"3,796","Sep 3, 2010","$12,500,000"
Resident Evil: Afterlife,,21%,48%,"1,180","Sep 10, 2010","$57,500,000"
Never Let Me Go,"Andrew Garfield, Domhnall Gleeson, Carey Mulligan",,62%,"3,587","Sep 15, 2010","$15,000,000"
Alpha and Omega,,20%,41%,"2,962","Sep 17, 2010","$20,000,000"
Devil,,50%,43%,"4,083","Sep 17, 2010","$10,000,000"
Easy A,Emma Stone,85%,77%,"4,437","Sep 17, 2010","$8,000,000"
You Will Meet a Tall Dark Stranger,,45%,34%,"3,584","Sep 22, 2010","$15,000,000"
Legend of the Guardians: The Owls of Ga'Hoole,,,,509,"Sep 24, 2010","$100,000,000"
You Again,Sigourney Weaver,19%,43%,"2,960","Sep 24, 2010","$20,000,000"
Case 39,,21%,39%,"2,441","Oct 1, 2010","$27,000,000"
Let Me In,,88%,76%,"3,025","Oct 1, 2010","$20,000,000"
The Social Network,"Andrew Garfield, Armie Hammer",96%,87%,"1,647","Oct 1, 2010","$40,000,000"
It's Kind of a Funny Story,,58%,66%,"4,472","Oct 8, 2010","$8,000,000"
My Soul to Take,,11%,26%,"2,616","Oct 8, 2010","$25,000,000"
Secretariat,,64%,76%,"1,941","Oct 8, 2010","$35,000,000"
Inside Job,Matt Damon,98%,91%,"5,657","Oct 8, 2010","$2,000,000"
It's a Wonderful Afterlife,,29%,33%,"4,275","Oct 8, 2010","$10,000,000"
Nowhere Boy,,80%,74%,"5,756","Oct 8, 2010","$1,900,000"
Stone,"Robert De Niro, Edward Norton",50%,21%,"2,819","Oct 8, 2010","$22,000,000"
Wild Target,"Rupert Grint, Emily Blunt",31%,56%,"4,505","Oct 29, 2010","$8,000,000"
Red,,72%,72%,"1,063","Oct 15, 2010","$60,000,000"
Carlos,,,,"3,256","Oct 15, 2010","$18,000,000"
Hereafter,Matt Damon,47%,38%,"1,383","Oct 15, 2010","$50,000,000"
Paranormal Activity 2,,57%,48%,"5,362","Oct 20, 2010","$3,000,000"
Due Date,Robert Downey Jr.,40%,52%,975,"Nov 5, 2010","$65,000,000"
Megamind,"Brad Pitt, Amy Poehler",73%,72%,334,"Nov 5, 2010","$130,000,000"
127 Hours,,93%,85%,"3,214","Nov 5, 2010","$18,000,000"
Four Lions,Benedict Cumberbatch,83%,80%,"5,264","Nov 5, 2010","$3,750,000"
Morning Glory,"Harrison Ford, Rachel McAdams, Jeff Goldblum",64%,45%,"1,736","Nov 10, 2010","$40,000,000"
Skyline,,,,"4,111","Nov 12, 2010","$10,000,000"
Unstoppable,Denzel Washington,,24%,551,"Nov 12, 2010","$95,000,000"
The Next Three Days,Liam Neeson,50%,66%,"2,256","Nov 19, 2010","$30,000,000"
Made in Dagenham,,80%,75%,"4,488","Nov 19, 2010","$8,000,000"
Burlesque,,37%,64%,"1,237","Nov 24, 2010","$55,000,000"
Faster,Dwayne Johnson,53%,90%,"2,709","Nov 24, 2010","$24,000,000"
The Warrior's Way,,33%,47%,"1,618","Dec 3, 2010","$42,000,000"
The Tourist,Johnny Depp,,,502,"Dec 10, 2010","$100,000,000"
The Fighter,"Mark Wahlberg, Christian Bale",91%,89%,"3,966","Dec 10, 2010","$11,000,000"
Yogi Bear,,13%,34%,715,"Dec 17, 2010","$80,000,000"
Casino Jack,,39%,34%,"3,810","Dec 17, 2010","$12,500,000"
Rabbit Hole,Nicole Kidman,87%,72%,"5,002","Dec 17, 2010","$5,000,000"
Little Fockers,Robert De Niro,9%,34%,486,"Dec 22, 2010","$100,000,000"
True Grit,"Matt Damon, Domhnall Gleeson",88%,84%,"1,917","Dec 22, 2010","$35,000,000"
Country Strong,,22%,53%,"3,520","Dec 22, 2010","$15,000,000"
Gulliver's Travels,Emily Blunt,,13%,414,"Dec 24, 2010","$112,000,000"
Another Year,,92%,74%,"4,480","Nov 5, 2010","$8,000,000"
Biutiful,,66%,75%,"2,036","Jan 28, 2011","$35,000,000"
Blue Valentine,Ryan Gosling,86%,77%,"5,997","Dec 29, 2010","$1,000,000"
Transformers: Dark of the Moon,,35%,55%,113,"Jun 29, 2011","$195,000,000"
The Hangover Part II,,34%,52%,690,"May 26, 2011","$80,000,000"
Pirates of the Caribbean: On Stranger Tides,Johnny Depp,33%,54%,5,"May 20, 2011","$379,000,000"
Fast Five,Dwayne Johnson,78%,83%,357,"Apr 21, 2011","$125,000,000"
Cars 2,Michael Caine,39%,49%,84,"Jun 23, 2011","$200,000,000"
Sherlock Holmes: A Game of Shadows,"Robert Downey Jr., Rachel McAdams",60%,77%,359,"Dec 16, 2011","$125,000,000"
Thor,"Natalie Portman, Chris Hemsworth, Samuel L. Jackson",77%,76%,244,"Apr 29, 2011","$150,000,000"
Season of the Witch,,,,"1,753","Jan 7, 2011","$40,000,000"
Barney's Version,,77%,78%,"2,305","Jan 14, 2011","$30,000,000"
The Dilemma,"Channing Tatum, Winona Ryder",24%,29%,905,"Jan 14, 2011","$70,000,000"
The Green Hornet,"Christoph Waltz, Cameron Diaz",45%,43%,434,"Jan 14, 2011","$110,000,000"
No Strings Attached,Natalie Portman,,,"2,527","Jan 21, 2011","$25,000,000"
The Rite,,22%,40%,"1,885","Jan 28, 2011","$37,000,000"
The Roommate,,3%,27%,"3,362","Feb 4, 2011","$16,000,000"
Sanctum,,30%,37%,"2,251","Feb 4, 2011","$30,000,000"
Cedar Rapids,Sigourney Weaver,86%,59%,"4,173","Feb 11, 2011","$10,000,000"
The Eagle,,83%,71%,"2,596","Feb 11, 2011","$25,000,000"
Just Go With It,,19%,59%,711,"Feb 11, 2011","$80,000,000"
Justin Bieber: Never Say Never,,66%,65%,"3,720","Feb 11, 2011","$13,000,000"
"Big Mommas: Like Father, Like Son",,5%,58%,"2,101","Feb 18, 2011","$32,000,000"
Drive Angry,,47%,37%,"1,419","Feb 25, 2011","$50,000,000"
Hall Pass,,33%,40%,943,"Feb 25, 2011","$68,000,000"
The Adjustment Bureau,"Matt Damon, Emily Blunt",72%,67%,"1,296","Mar 4, 2011","$50,200,000"
Beastly,,21%,48%,"3,304","Mar 4, 2011","$17,000,000"
Rango,Johnny Depp,88%,70%,316,"Mar 4, 2011","$135,000,000"
Battle: Los Angeles,,37%,48%,890,"Mar 11, 2011","$70,000,000"
Mars Needs Moms,,37%,40%,272,"Mar 11, 2011","$150,000,000"
Red Riding Hood,Gary Oldman,,,"1,608","Mar 11, 2011","$42,000,000"
Limitless,,68%,74%,"2,424","Mar 18, 2011","$27,000,000"
The Lincoln Lawyer,,84%,82%,"1,684","Mar 18, 2011","$40,000,000"
Paul,Sigourney Weaver,70%,62%,"1,718","Mar 18, 2011","$40,000,000"
Diary of a Wimpy Kid: Rodrick Rules,,50%,47%,"3,182","Mar 25, 2011","$18,000,000"
Sucker Punch,,,45%,833,"Mar 25, 2011","$75,000,000"
Insidious,,67%,62%,"5,821","Apr 1, 2011","$1,500,000"
Hop,,,86%,"1,024","Apr 1, 2011","$63,000,000"
Source Code,Jake Gyllenhaal,92%,82%,"2,096","Apr 1, 2011","$32,000,000"
Trust,,,,"5,220","Apr 1, 2011","$4,000,000"
Hanna,Tom Holland,72%,66%,"2,218","Apr 8, 2011","$30,000,000"
Soul Surfer,,45%,75%,"3,187","Apr 8, 2011","$18,000,000"
Your Highness,Natalie Portman,27%,34%,"1,403","Apr 8, 2011","$50,000,000"
The Conspirator,,56%,62%,"2,628","Apr 15, 2011","$25,000,000"
Rio,,72%,71%,583,"Apr 7, 2011","$90,000,000"
Scream 4,,60%,57%,"1,715","Apr 15, 2011","$40,000,000"
Water for Elephants,"Robert Pattinson, Christoph Waltz",60%,70%,"1,843","Apr 22, 2011","$38,000,000"
Dylan Dog: Dead of Night,,4%,29%,"3,082","Apr 29, 2011","$20,000,000"
The Beaver,Jennifer Lawrence,63%,55%,"2,849","May 6, 2011","$21,000,000"
Jumping the Broom,,57%,58%,"4,582","May 6, 2011","$7,000,000"
Bridesmaids,,,62%,"2,085","May 13, 2011","$32,500,000"
Priest,,15%,46%,"1,130","May 13, 2011","$60,000,000"
Midnight in Paris,"Rachel McAdams, Adrien Brody",93%,83%,"2,187","May 20, 2011","$30,000,000"
The Tree of Life,Brad Pitt,,,"2,014","May 27, 2011","$35,000,000"
Beautiful Boy,,71%,56%,"2,643","Oct 12, 2018","$25,000,000"
Beginners,Ewan McGregor,86%,77%,"5,354","Jun 3, 2011","$3,200,000"
Submarine,,88%,82%,"5,759","Jun 3, 2011","$1,900,000"
The Lion of Judah,,0%,61%,"5,872","Jun 3, 2011","$1,500,000"
Super 8,,81%,75%,"1,308","Jun 10, 2011","$50,000,000"
The Art of Getting By,,20%,46%,"5,197","Jun 17, 2011","$4,000,000"
Green Lantern,Ryan Reynolds,25%,45%,97,"Jun 17, 2011","$200,000,000"
A Better Life,,86%,79%,"4,217","Jun 24, 2011","$10,000,000"
Bad Teacher,Cameron Diaz,45%,36%,"3,124","Jun 24, 2011","$19,000,000"
Larry Crowne,Tom Hanks,37%,41%,"2,230","Jul 1, 2011","$30,000,000"
Monte Carlo,,40%,50%,"2,967","Jul 1, 2011","$20,000,000"
Horrible Bosses,,69%,70%,"1,922","Jul 8, 2011","$35,000,000"
Zookeeper,Adam Sandler,14%,41%,724,"Jul 8, 2011","$80,000,000"
Winnie the Pooh,,,,"2,245","Apr 15, 2011","$30,000,000"
Captain America: The First Avenger,"Chris Evans, Samuel L. Jackson",80%,75%,293,"Jul 22, 2011","$140,000,000"
Attack the Block,,91%,75%,"3,782","Jul 29, 2011","$13,000,000"
The Devil's Double,,55%,64%,"3,120","Jul 29, 2011","$19,100,000"
The Guard,,,,"4,773","Jul 29, 2011","$6,000,000"
The Smurfs,,21%,43%,423,"Jul 29, 2011","$110,000,000"
Rise of the Planet of the Apes,,82%,77%,565,"Aug 5, 2011","$93,000,000"
The Help,Emma Stone,76%,89%,"2,502","Aug 10, 2011","$25,000,000"
30 Minutes or Less,,45%,40%,"2,392","Aug 12, 2011","$28,000,000"
Final Destination 5,,63%,53%,"1,709","Aug 12, 2011","$40,000,000"
Colombiana,,28%,67%,"1,720","Aug 26, 2011","$40,000,000"
Higher Ground,,,,"5,776","Aug 23, 2011","$1,800,000"
Apollo 18,,24%,23%,"4,932","Sep 2, 2011","$5,000,000"
Bucky Larson: Born to Be a Star,,3%,25%,"4,209","Sep 9, 2011","$10,000,000"
Contagion,Matt Damon,,,"1,071","Sep 9, 2011","$60,000,000"
Warrior,Tom Hardy,,,"2,622","Sep 9, 2011","$25,000,000"
Drive,"Ryan Gosling, Carey Mulligan",,68%,"3,481","Sep 16, 2011","$15,000,000"
I Don't Know How She Does It,,17%,32%,"2,716","Sep 16, 2011","$24,000,000"
Restless,,,,"4,502","Sep 16, 2011","$8,000,000"
Abduction,Sigourney Weaver,,44%,"1,985","Sep 23, 2011","$35,000,000"
Dolphin Tale,,81%,80%,"1,877","Sep 23, 2011","$37,000,000"
Moneyball,"Brad Pitt, Chris Pratt",94%,86%,"1,331","Sep 23, 2011","$50,000,000"
Courageous,,36%,86%,"5,625","Sep 30, 2011","$2,000,000"
Dream House,,,17%,"1,405","Sep 30, 2011","$50,000,000"
Margaret,"Matt Damon, Mark Ruffalo, Matthew Broderick",75%,49%,"3,694","Sep 30, 2011","$14,000,000"
Take Shelter,,92%,81%,"5,074","Sep 30, 2011","$4,750,000"
What's Your Number?,"Chris Evans, Chris Pratt",23%,44%,"3,011","Sep 30, 2011","$20,000,000"
The Ides of March,"George Clooney, Ryan Gosling",83%,73%,"2,737","Oct 7, 2011","$23,000,000"
Real Steel,Hugh Jackman,60%,73%,436,"Oct 7, 2011","$110,000,000"
The Big Year,,42%,41%,"1,627","Oct 14, 2011","$41,000,000"
Johnny English Reborn,,38%,45%,"1,568","Oct 21, 2011","$45,000,000"
Margin Call,,87%,74%,"5,330","Oct 5, 2011","$3,400,000"
Paranormal Activity 3,,66%,51%,"4,889","Oct 21, 2011","$5,000,000"
Anonymous,,20%,33%,"2,423","Oct 28, 2011","$27,500,000"
In Time,,37%,51%,"1,963","Oct 28, 2011","$35,000,000"
Tower Heist,Matthew Broderick,67%,48%,655,"Nov 4, 2011","$85,000,000"
J. Edgar,"Leonardo DiCaprio, Armie Hammer",43%,44%,"1,965","Nov 9, 2011","$35,000,000"
Melancholia,Kirsten Dunst,,,"4,310","Nov 11, 2011","$9,400,000"
Happy Feet Two,"Brad Pitt, Matt Damon, Elijah Wood",46%,60%,320,"Nov 18, 2011","$135,000,000"
A Dangerous Method,Viggo Mortensen,79%,50%,"3,060","Nov 23, 2011","$20,000,000"
Arthur Christmas,,92%,77%,664,"Nov 11, 2011","$85,000,000"
Hugo,Ben Kingsley,93%,78%,147,"Nov 23, 2011","$180,000,000"
The Muppets,Emily Blunt,95%,80%,"1,503","Nov 23, 2011","$45,000,000"
The Artist,,95%,87%,"3,357","Oct 12, 2011","$16,000,000"
Shame,Carey Mulligan,65%,88%,"4,697","Dec 2, 2011","$6,500,000"
Tinker Tailor Soldier Spy,"Benedict Cumberbatch, Tom Hardy, Gary Oldman",84%,65%,"2,842","Dec 9, 2011","$21,000,000"
The Sitter,,,,"2,576","Dec 9, 2011","$25,000,000"
We Need to Talk About Kevin,,75%,78%,"4,635","Jan 13, 2012","$7,000,000"
Young Adult,,80%,49%,"3,878","Dec 9, 2011","$12,000,000"
Alvin and the Chipmunks: Chipwrecked,Amy Poehler,10%,51%,701,"Dec 14, 2011","$80,000,000"
Carnage,Christoph Waltz,70%,66%,"2,658","Dec 16, 2011","$25,000,000"
The Adventures of Tintin,,75%,74%,339,"Oct 28, 2011","$130,000,000"
We Bought a Zoo,"Matt Damon, Scarlett Johansson",65%,71%,"1,330","Dec 23, 2011","$50,000,000"
The Darkest Hour,,11%,25%,"2,054","Dec 25, 2011","$34,800,000"
War Horse,Benedict Cumberbatch,75%,74%,892,"Dec 25, 2011","$70,000,000"
The Iron Lady,Meryl Streep,52%,51%,"3,656","Jan 13, 2012","$14,000,000"
The Dark Knight Rises,"Christian Bale, Liam Neeson, Joseph Gordon-Levitt, Tom Hardy, Michael Caine, Gary Oldman",87%,90%,40,"Jul 19, 2012","$230,000,000"
The Hunger Games,"Jennifer Lawrence, Liam Hemsworth, Josh Hutcherson",84%,81%,689,"Mar 8, 2012","$80,000,000"
Skyfall,Ralph Fiennes,92%,86%,76,"Oct 26, 2012","$200,000,000"
Brave,,79%,75%,131,"Jun 21, 2012","$185,000,000"
Ted,"Ryan Reynolds, Mark Wahlberg",,,"1,299","Jun 29, 2012","$50,000,000"
Madagascar 3: Europe's Most Wanted,,78%,72%,280,"Jun 8, 2012","$145,000,000"
The Devil Inside,,6%,22%,"5,984","Jan 6, 2012","$1,000,000"
The Divide,,75%,,"5,464","Jan 13, 2012","$3,000,000"
Haywire,"Channing Tatum, Ewan McGregor",,,"2,746","Jan 20, 2012","$23,000,000"
Red Tails,,40%,57%,"1,171","Jan 20, 2012","$58,000,000"
Underworld: Awakening,,25%,62%,899,"Jan 20, 2012","$70,000,000"
Coriolanus,Ralph Fiennes,,,"4,232","Jan 20, 2012","$10,000,000"
The Grey,Liam Neeson,,,"2,538","Jan 27, 2012","$25,000,000"
Man on a Ledge,Sam Worthington,31%,52%,"1,617","Jan 27, 2012","$42,000,000"
One for the Money,,2%,42%,"1,612","Jan 27, 2012","$42,000,000"
Big Miracle,,74%,64%,"1,765","Feb 3, 2012","$40,000,000"
Chronicle,,85%,72%,"3,836","Feb 2, 2012","$12,000,000"
The Woman in Black,"Daniel Radcliffe, Tom Hardy",100%,78%,"3,461","Feb 3, 2012","$15,000,000"
Journey 2: The Mysterious Island,"Dwayne Johnson, Michael Caine, Josh Hutcherson",45%,59%,771,"Jan 19, 2012","$79,000,000"
Safe House,"Ryan Reynolds, Denzel Washington",,,649,"Feb 8, 2012","$85,000,000"
The Vow,"Channing Tatum, Rachel McAdams",,,"2,145","Feb 9, 2012","$30,000,000"
Ghost Rider: Spirit of Vengeance,,19%,31%,"1,183","Feb 17, 2012","$57,000,000"
This Means War,Tom Hardy,26%,56%,990,"Feb 16, 2012","$65,000,000"
Act of Valor,,28%,72%,"3,833","Feb 24, 2012","$12,000,000"
Gone,,,,"3,144","Feb 24, 2012","$19,000,000"
Tyler Perry's Good Deeds,,36%,76%,"3,651","Feb 24, 2012","$14,000,000"
Wanderlust,,,,"2,088","Feb 24, 2012","$32,500,000"
Tim and Eric's Billion Dollar Movie,"Johnny Depp, Jeff Goldblum",38%,47%,"5,454","Mar 2, 2012","$3,000,000"
John Carter,Willem Dafoe,52%,60%,19,"Mar 7, 2012","$263,700,000"
A Thousand Words,,0%,46%,"1,767","Mar 9, 2012","$40,000,000"
21 Jump Street,"Channing Tatum, Johnny Depp",,87%,"1,596","Mar 14, 2012","$42,000,000"
"Jeff, Who Lives at Home",,77%,62%,"4,195","Mar 16, 2012","$10,000,000"
Wrath of the Titans,"Ralph Fiennes, Liam Neeson, Sam Worthington",,50%,263,"Mar 28, 2012","$150,000,000"
American Reunion,,80%,,"1,345","Apr 4, 2012","$50,000,000"
Damsels in Distress,,76%,39%,"5,440","Apr 6, 2012","$3,000,000"
The Cabin in the Woods,"Chris Hemsworth, Sigourney Weaver",92%,74%,"2,215","Apr 13, 2012","$30,000,000"
Detention,Josh Hutcherson,,,"4,288","Apr 13, 2012","$10,000,000"
Lockout,,,25%,"3,009","Apr 13, 2012","$20,000,000"
The Three Stooges,,51%,47%,"2,208","Apr 13, 2012","$30,000,000"
The Lucky One,,20%,67%,"2,530","Apr 19, 2012","$25,000,000"
Think Like a Man,Kevin Hart,54%,79%,"3,826","Apr 20, 2012","$12,000,000"
Darling Companion,,21%,29%,"3,923","Apr 20, 2012","$12,000,000"
The Pirates! Band of Misfits,,86%,60%,"1,247","Mar 28, 2012","$55,000,000"
The Raven,,,41%,"2,482","Apr 12, 2012","$26,000,000"
The Best Exotic Marigold Hotel,,78%,78%,"4,066","Feb 24, 2012","$10,000,000"
Dark Shadows,Johnny Depp,35%,46%,265,"May 9, 2012","$150,000,000"
The Dictator,Ben Kingsley,,,987,"May 16, 2012","$65,000,000"
Battleship,Liam Neeson,34%,54%,49,"Apr 11, 2012","$220,000,000"
What to Expect When You're Expecting,Cameron Diaz,23%,47%,"1,870","May 17, 2012","$37,500,000"
Beyond the Black Rainbow,,61%,53%,"5,972","May 18, 2012","$1,100,000"
Polisse,,86%,79%,"4,385","May 18, 2012","$8,900,000"
Chernobyl Diaries,,17%,28%,"5,989","May 24, 2012","$1,000,000"
Moonrise Kingdom,"Edward Norton, Jason Schwartzman",93%,86%,"3,356","May 16, 2012","$16,000,000"
Snow White and the Huntsman,Chris Hemsworth,49%,52%,181,"May 30, 2012","$170,000,000"
Prometheus,,,,365,"May 30, 2012","$125,000,000"
Rock of Ages,,,,909,"Jun 13, 2012","$70,000,000"
Abraham Lincoln: Vampire Hunter,,34%,50%,953,"Jun 20, 2012","$67,500,000"
Seeking a Friend for the End of the World,,55%,53%,"4,170","Jun 22, 2012","$10,000,000"
Beasts of the Southern Wild,,87%,76%,"5,769","Jun 27, 2012","$1,800,000"
Tyler Perry's Madea's Witness Protection,,19%,66%,"2,890","Jun 29, 2012","$20,000,000"
Magic Mike,Channing Tatum,78%,60%,"4,574","Jun 28, 2012","$7,000,000"
Ice Age: Continental Drift,,37%,61%,545,"Jun 27, 2012","$95,000,000"
Step Up Revolution,,41%,68%,"2,072","Jul 26, 2012","$33,000,000"
Killer Joe,,80%,61%,"4,223","Jun 29, 2012","$10,000,000"
Diary of a Wimpy Kid: Dog Days,,52%,63%,"2,785","Aug 3, 2012","$22,000,000"
Hope Springs,Meryl Streep,25%,27%,"2,179","Aug 8, 2012","$30,000,000"
The Bourne Legacy,Edward Norton,56%,58%,366,"Aug 10, 2012","$125,000,000"
The Campaign,,66%,51%,550,"Aug 10, 2012","$95,000,000"
The Odd Life of Timothy Green,Jennifer Garner,36%,67%,"1,696","Aug 15, 2012","$40,000,000"
The Expendables 2,"Jason Statham, Liam Hemsworth",67%,67%,498,"Aug 15, 2012","$100,000,000"
ParaNorman,,89%,72%,"1,090","Aug 3, 2012","$60,000,000"
Robot & Frank,,86%,75%,"5,549","Aug 17, 2012","$2,500,000"
The Apparition,,3%,24%,"3,321","Aug 23, 2012","$17,000,000"
Premium Rush,Joseph Gordon-Levitt,75%,60%,"2,000","Aug 23, 2012","$35,000,000"
Lawless,,,,"2,474","Aug 29, 2012","$26,000,000"
The Possession,,39%,48%,"3,645","Aug 31, 2012","$14,000,000"
The Cold Light of Day,Sigourney Weaver,4%,29%,"3,070","Apr 4, 2012","$20,000,000"
The Words,,24%,49%,"4,760","Sep 7, 2012","$6,000,000"
Resident Evil: Retribution,,28%,51%,996,"Sep 12, 2012","$65,000,000"
Arbitrage,,87%,62%,"3,897","Sep 14, 2012","$12,000,000"
The Master,Joaquin Phoenix,,,"1,871","Sep 14, 2012","$37,500,000"
Dredd,Domhnall Gleeson,80%,72%,"1,562","Sep 7, 2012","$45,000,000"
End of Watch,Jake Gyllenhaal,85%,86%,"3,473","Sep 20, 2012","$15,000,000"
House at the End of the Street,Jennifer Lawrence,12%,41%,"4,669","Sep 21, 2012","$6,900,000"
The Perks of Being a Wallflower,Emma Watson,85%,89%,"3,751","Sep 20, 2012","$13,000,000"
Hotel Transylvania,Adam Sandler,44%,72%,646,"Sep 27, 2012","$85,000,000"
Looper,"Joseph Gordon-Levitt, Emily Blunt",93%,82%,"2,171","Sep 27, 2012","$30,000,000"
Won't Back Down,,35%,61%,"3,149","Sep 28, 2012","$19,000,000"
Pitch Perfect,,82%,83%,"3,290","Sep 28, 2012","$17,000,000"
Taken 2,Liam Neeson,22%,52%,"1,493","Sep 27, 2012","$45,000,000"
The Paperboy,,,33%,"3,815","Oct 5, 2012","$12,500,000"
Here Comes the Boom,,42%,65%,"1,605","Oct 10, 2012","$42,000,000"
Seven Psychopaths,,83%,71%,"3,707","Oct 12, 2012","$13,500,000"
Sinister,,,36%,"5,366","Oct 5, 2012","$3,000,000"
Holy Motors,,92%,71%,"5,203","Jul 11, 2012","$4,000,000"
Alex Cross,,11%,47%,"1,989","Oct 17, 2012","$35,000,000"
Paranormal Activity 4,,23%,34%,"4,895","Oct 17, 2012","$5,000,000"
Girl,,84%,75%,"5,791","Sep 27, 2018","$1,750,000"
Chasing Mavericks,,33%,70%,"3,058","Oct 25, 2012","$20,000,000"
Cloud Atlas,Tom Hanks,66%,66%,469,"Oct 26, 2012","$102,000,000"
Fun Size,,25%,47%,"3,677","Oct 26, 2012","$14,000,000"
Flight,Denzel Washington,,,"2,126","Nov 2, 2012","$31,000,000"
Silver Linings Playbook,"Jennifer Lawrence, Robert De Niro",92%,86%,"2,828","Nov 16, 2012","$21,000,000"
Life of Pi,,86%,84%,383,"Nov 21, 2012","$120,000,000"
Rise of the Guardians,Hugh Jackman,74%,80%,285,"Nov 20, 2012","$145,000,000"
Killing Them Softly,Brad Pitt,74%,44%,"3,532","Sep 21, 2012","$15,000,000"
Playing for Keeps,Uma Thurman,,57%,"2,016","Dec 7, 2012","$35,000,000"
Playing for Keeps,Uma Thurman,,57%,"2,041","Oct 3, 1986","$35,000,000"
The Guilt Trip,,37%,39%,"1,719","Dec 19, 2012","$40,000,000"
Zero Dark Thirty,Chris Pratt,91%,80%,"1,280","Dec 19, 2012","$52,500,000"
Cirque du Soleil: Worlds Away,,45%,93%,"2,625","Dec 21, 2012","$25,000,000"
Jack Reacher,,64%,67%,"1,068","Dec 20, 2012","$60,000,000"
The Impossible,"Tom Holland, Ewan McGregor",82%,84%,"1,766","Oct 11, 2012","$40,000,000"
Django Unchained,"Leonardo DiCaprio, Samuel L. Jackson, Christoph Waltz",87%,92%,484,"Dec 25, 2012","$100,000,000"
Quartet,,,,"3,990","Dec 26, 2012","$11,000,000"
The Hunger Games: Catching Fire,"Jennifer Lawrence, Liam Hemsworth, Josh Hutcherson",90%,89%,325,"Nov 15, 2013","$130,000,000"
Iron Man 3,"Mark Ruffalo, Robert Downey Jr., Ben Kingsley",79%,78%,71,"Apr 24, 2013","$200,000,000"
Despicable Me 2,,75%,85%,784,"Jun 26, 2013","$76,000,000"
Man of Steel,,,,45,"Jun 14, 2013","$225,000,000"
Gravity,George Clooney,,29%,417,"Oct 3, 2013","$110,000,000"
Monsters University,,80%,81%,78,"Jun 21, 2013","$200,000,000"
The Hobbit: The Desolation of Smaug,"Benedict Cumberbatch, Ian McKellen",75%,85%,31,"Dec 12, 2013","$250,000,000"
Oz the Great and Powerful,,57%,56%,80,"Mar 8, 2013","$200,000,000"
A Haunted House,,10%,51%,"5,535","Jan 11, 2013","$2,500,000"
Broken City,Mark Wahlberg,27%,40%,"2,001","Jan 18, 2013","$35,000,000"
The Last Stand,,,,"2,290","Jan 17, 2013","$30,000,000"
Mama,,,,"3,449","Jan 17, 2013","$15,000,000"
Hansel & Gretel: Witch Hunters,,16%,53%,"1,346","Jan 25, 2013","$50,000,000"
Movie 43,"Hugh Jackman, Emma Stone, Chris Pratt, Uma Thurman",5%,24%,"4,161","Feb 8, 2012","$10,000,000"
Parker,Jason Statham,,,"2,008","Jan 24, 2013","$35,000,000"
Bullet to the Head,,45%,39%,"1,256","Jan 31, 2013","$55,000,000"
Warm Bodies,Nicholas Hoult,81%,73%,"2,172","Jan 31, 2013","$30,000,000"
Identity Thief,,19%,53%,"1,920","Feb 7, 2013","$35,000,000"
Side Effects,Channing Tatum,11%,30%,"2,238","Feb 8, 2013","$30,000,000"
Beautiful Creatures,,38%,33%,"1,411","Feb 14, 2013","$50,000,000"
A Good Day to Die Hard,,15%,40%,568,"Feb 6, 2013","$92,000,000"
Safe Haven,,13%,67%,"2,371","Feb 13, 2013","$28,000,000"
Escape From Planet Earth,,,,"1,687","Feb 15, 2013","$40,000,000"
Dark Skies,,,,"5,286","Feb 21, 2013","$3,500,000"
21 and Over,,27%,46%,"3,744","Mar 1, 2013","$13,000,000"
Jack the Giant Slayer,"Nicholas Hoult, Ewan McGregor",52%,55%,116,"Feb 27, 2013","$195,000,000"
The Last Exorcism Part II,,15%,26%,"5,163","Mar 1, 2013","$4,000,000"
Dead Man Down,John Cena,41%,47%,"2,295","Mar 7, 2013","$30,000,000"
The Call,,,,"3,792","Mar 14, 2013","$12,800,000"
The Incredible Burt Wonderstone,,37%,33%,"2,108","Mar 14, 2013","$32,000,000"
Spring Breakers,,68%,38%,"4,943","Mar 6, 2013","$5,000,000"
Admission,,37%,32%,"3,750","Mar 22, 2013","$13,000,000"
The Croods,"Ryan Reynolds, Emma Stone",72%,77%,313,"Mar 15, 2013","$135,000,000"
Olympus Has Fallen,,50%,66%,888,"Mar 20, 2013","$70,000,000"
Trance,,,,"3,399","Mar 27, 2013","$16,000,000"
G.I. Joe: Retaliation,"Dwayne Johnson, Channing Tatum",29%,48%,296,"Mar 27, 2013","$140,000,000"
The Host,,10%,50%,"1,392","Mar 22, 2013","$50,000,000"
The Place Beyond the Pines,Ryan Gosling,78%,75%,"3,515","Mar 20, 2013","$15,000,000"
Scary Movie V,,4%,38%,"2,943","Apr 11, 2013","$20,000,000"
The Lords of Salem,,47%,30%,"5,843","Apr 19, 2013","$1,500,000"
Oblivion,,,27%,388,"Apr 19, 2013","$120,000,000"
The Big Wedding,Robert De Niro,7%,40%,"2,087","Apr 25, 2013","$32,500,000"
Mud,,97%,80%,"4,110","Apr 26, 2013","$10,000,000"
Pain & Gain,"Dwayne Johnson, Mark Wahlberg",50%,47%,"2,468","Apr 24, 2013","$26,000,000"
The Iceman,"Chris Evans, Winona Ryder",,,"4,213","May 3, 2013","$10,000,000"
Peeples,,40%,49%,"3,999","May 10, 2013","$11,000,000"
Star Trek Into Darkness,"Chris Hemsworth, Benedict Cumberbatch",84%,89%,119,"May 16, 2013","$190,000,000"
Frances Ha,,92%,78%,"5,421","May 17, 2013","$3,000,000"
The Reluctant Fundamentalist,,57%,61%,"3,601","Apr 26, 2013","$15,000,000"
Before Midnight,,,,"5,403","May 22, 2013","$3,000,000"
Epic,"Christoph Waltz, Josh Hutcherson",,,494,"May 24, 2013","$100,000,000"
After Earth,Will Smith,12%,36%,340,"May 31, 2013","$130,000,000"
The East,,77%,64%,"4,699","May 31, 2013","$6,500,000"
Now You See Me,"Mark Ruffalo, Michael Caine",50%,70%,808,"May 31, 2013","$75,000,000"
The Internship,,35%,51%,"1,173","Jun 7, 2013","$58,000,000"
The Purge,,41%,36%,"5,364","Jun 7, 2013","$3,000,000"
The Bling Ring,,,33%,"4,527","Sep 26, 2011","$8,000,000"
World War Z,Brad Pitt,67%,72%,120,"Jun 19, 2013","$190,000,000"
The Heat,,66%,71%,"1,586","Jun 28, 2013","$43,000,000"
White House Down,Channing Tatum,51%,62%,266,"Jun 28, 2013","$150,000,000"
Kevin Hart: Let Me Explain,Kevin Hart,61%,72%,"5,537","Jul 3, 2013","$2,500,000"
The Lone Ranger,"Johnny Depp, Armie Hammer",31%,51%,47,"Jul 2, 2013","$225,000,000"
Bad Words,,66%,61%,"4,166","Mar 14, 2014","$10,000,000"
Grown Ups 2,Adam Sandler,8%,53%,700,"Jul 12, 2013","$80,000,000"
Turbo,"Ryan Reynolds, Samuel L. Jackson",,71%,318,"Jul 17, 2013","$135,000,000"
The Conjuring,,86%,83%,"2,864","Jul 18, 2013","$20,000,000"
R.I.P.D.,Ryan Reynolds,12%,38%,342,"Jul 19, 2013","$130,000,000"
Blue Jasmine,,90%,77%,"3,195","Jul 26, 2013","$18,000,000"
The To Do List,,56%,46%,"5,836","Jul 26, 2013","$1,500,000"
X-Men Origins: Wolverine,"Ryan Reynolds, Hugh Jackman",38%,58%,246,"May 1, 2009","$150,000,000"
The Smurfs 2,,14%,56%,439,"Jul 31, 2013","$110,000,000"
2 Guns,"Mark Wahlberg, Denzel Washington",64%,66%,"1,037","Aug 2, 2013","$61,000,000"
The Spectacular Now,,91%,76%,"5,545","Aug 2, 2013","$2,500,000"
Percy Jackson: Sea of Monsters,,42%,54%,604,"Aug 7, 2013","$90,000,000"
Elysium,Matt Damon,,45%,387,"Aug 9, 2013","$120,000,000"
Ain't Them Bodies Saints,,77%,61%,"5,015","Aug 16, 2013","$5,000,000"
Lee Daniels' The Butler,,72%,78%,"2,148","Aug 16, 2013","$30,000,000"
Jobs,,27%,40%,"3,219","Aug 16, 2013","$18,000,000"
Paranoia,,,,"1,791","Aug 16, 2013","$40,000,000"
The Mortal Instruments: City of Bones,,13%,58%,"1,127","Aug 21, 2013","$60,000,000"
You're Next,,80%,60%,"5,988","Aug 23, 2013","$1,000,000"
Riddick,Dave Bautista,58%,56%,"1,846","Sep 5, 2013","$38,000,000"
August: Osage County,"Meryl Streep, Benedict Cumberbatch, Ewan McGregor",66%,65%,"2,558","Dec 25, 2013","$25,000,000"
The Family,,,,"2,227","Sep 13, 2013","$30,000,000"
Battle of the Year,,6%,49%,"3,042","Sep 20, 2013","$20,000,000"
Enough Said,,95%,75%,"4,459","Sep 18, 2013","$8,000,000"
Prisoners,"Hugh Jackman, Jake Gyllenhaal",,,"1,486","Sep 19, 2013","$46,000,000"
Baggage Claim,,16%,48%,"4,404","Sep 27, 2013","$8,500,000"
Don Jon,"Channing Tatum, Scarlett Johansson, Joseph Gordon-Levitt",80%,58%,"4,848","Sep 27, 2013","$5,500,000"
Grace Unplugged,,50%,78%,"5,798","Oct 4, 2013","$1,700,000"
Runner Runner,,7%,33%,"2,264","Sep 26, 2013","$30,000,000"
Captain Phillips,Tom Hanks,93%,89%,"1,203","Oct 11, 2013","$55,000,000"
Machete Kills,,29%,34%,"3,049","Oct 11, 2013","$20,000,000"
12 Years a Slave,"Brad Pitt, Benedict Cumberbatch, Lupita Nyong'o",95%,90%,"2,896","Oct 18, 2013","$20,000,000"
Escape Plan,,50%,55%,918,"Oct 10, 2013","$70,000,000"
The Fifth Estate,Benedict Cumberbatch,36%,36%,"2,489","Oct 18, 2013","$26,000,000"
The Counselor,"Brad Pitt, Cameron Diaz",34%,24%,"2,606","Oct 25, 2013","$25,000,000"
Jackass Presents: Bad Grandpa,,61%,60%,"3,442","Oct 23, 2013","$15,000,000"
About Time,"Margot Robbie, Rachel McAdams, Tom Holland, Domhnall Gleeson",71%,82%,"3,880","Sep 4, 2013","$12,000,000"
Dallas Buyers Club,Jennifer Garner,92%,91%,"4,911","Nov 1, 2013","$5,000,000"
Free Birds,Amy Poehler,,,"1,227","Oct 31, 2013","$55,000,000"
Last Vegas,Robert De Niro,46%,59%,"2,377","Jan 28, 2013","$28,000,000"
The Book Thief,,49%,73%,"3,140","Nov 8, 2013","$19,000,000"
Thor: The Dark World,"Chris Evans, Natalie Portman, Chris Hemsworth",67%,75%,240,"Oct 30, 2013","$150,000,000"
The Best Man Holiday,,71%,83%,"3,288","Nov 15, 2013","$17,000,000"
The Christmas Candle,,21%,74%,"4,637","Nov 15, 2013","$7,000,000"
Delivery Man,Chris Pratt,40%,47%,"2,790","Nov 21, 2013","$22,000,000"
Nebraska,,91%,83%,"3,875","Nov 15, 2013","$12,000,000"
Philomena,,91%,89%,"3,846","Nov 1, 2013","$12,000,000"
Black Nativity,,51%,51%,"3,276","Nov 27, 2013","$17,500,000"
Homefront,"Jason Statham, Winona Ryder",42%,61%,"2,798","Nov 27, 2013","$22,000,000"
Oldboy,,83%,94%,"5,434","Nov 21, 2003","$3,000,000"
Inside Llewyn Davis,Carey Mulligan,92%,74%,"3,995","Nov 6, 2013","$11,000,000"
Out of the Furnace,"Christian Bale, Willem Dafoe",53%,52%,"2,810","Dec 4, 2013","$22,000,000"
American Hustle,"Christian Bale, Jennifer Lawrence, Robert De Niro",92%,74%,"1,636","Dec 12, 2013","$40,000,000"
Saving Mr. Banks,"Tom Hanks, Jason Schwartzman",79%,84%,"1,925","Nov 29, 2013","$35,000,000"
Anchorman 2: The Legend Continues,"Will Smith, Harrison Ford, Kirsten Dunst, Liam Neeson, Amy Poehler",74%,52%,"1,307","Dec 18, 2013","$50,000,000"
Her,"Scarlett Johansson, Joaquin Phoenix, Chris Pratt",95%,82%,"2,741","Jan 10, 2014","$23,000,000"
47 Ronin,,16%,48%,173,"Dec 6, 2013","$175,000,000"
Grudge Match,"Kevin Hart, Robert De Niro",31%,46%,"1,740","Dec 25, 2013","$40,000,000"
Lone Survivor,Mark Wahlberg,75%,87%,"1,639","Dec 25, 2013","$40,000,000"
The Secret Life of Walter Mitty,,52%,71%,571,"Dec 19, 2013","$91,000,000"
The Wolf of Wall Street,"Leonardo DiCaprio, Margot Robbie",63%,,492,"Dec 25, 2013","$100,000,000"
Labor Day,Tobey Maguire,,,"3,228","Jan 31, 2014","$18,000,000"
American Sniper,,72%,84%,"1,167","Dec 25, 2014","$58,000,000"
Guardians of the Galaxy,"Chris Pratt, Dave Bautista",92%,92%,176,"Jul 31, 2014","$170,000,000"
Captain America: The Winter Soldier,"Scarlett Johansson, Chris Evans, Samuel L. Jackson",90%,92%,178,"Mar 28, 2014","$170,000,000"
The Hobbit: The Battle of the Five Armies,"Benedict Cumberbatch, Ian McKellen",59%,74%,32,"Dec 10, 2014","$250,000,000"
Transformers: Age of Extinction,Mark Wahlberg,18%,50%,54,"Jun 25, 2014","$210,000,000"
Maleficent,,54%,70%,141,"May 28, 2014","$180,000,000"
Big Hero 6,,90%,91%,192,"Oct 25, 2014","$165,000,000"
Paranormal Activity: The Marked Ones,,40%,34%,"4,907","Jan 3, 2014","$5,000,000"
The Legend of Hercules,,5%,33%,923,"Jan 10, 2014","$70,000,000"
Devil's Due,,21%,21%,"4,604","Jan 17, 2014","$7,000,000"
Jack Ryan: Shadow Recruit,,54%,52%,"1,097","Jan 17, 2014","$60,000,000"
The Nut Job,Liam Neeson,13%,43%,"2,176","Jan 17, 2014","$30,000,000"
Ride Along,Kevin Hart,17%,58%,"2,507","Jan 17, 2014","$25,000,000"
"I, Frankenstein",,5%,38%,"1,007","Jan 24, 2014","$65,000,000"
That Awkward Moment,,23%,46%,"4,448","Jan 31, 2014","$8,000,000"
The Monuments Men,"George Clooney, Matt Damon",31%,44%,894,"Feb 7, 2014","$70,000,000"
3 Days to Kill,,28%,43%,"2,396","Feb 21, 2014","$28,000,000"
Non-Stop,"Liam Neeson, Lupita Nyong'o",67%,75%,"1,318","Feb 28, 2014","$50,000,000"
Son of God,,19%,73%,"2,779","Feb 28, 2014","$22,000,000"
300: Rise of an Empire,,45%,51%,431,"Mar 7, 2014","$110,000,000"
Mr. Peabody & Sherman,,81%,73%,284,"Feb 20, 2014","$145,000,000"
The Grand Budapest Hotel,"Willem Dafoe, Ralph Fiennes, Edward Norton, Jeff Goldblum, Adrien Brody, Jason Schwartzman",92%,87%,"2,129","Mar 5, 2014","$31,000,000"
Need for Speed,Michael Keaton,23%,56%,961,"Mar 13, 2014","$66,000,000"
Veronica Mars,,80%,78%,"4,783","Mar 14, 2014","$6,000,000"
Divergent,,41%,69%,645,"Mar 21, 2014","$85,000,000"
Muppets Most Wanted,"Tom Holland, Christoph Waltz",80%,59%,"1,231","Mar 21, 2014","$55,000,000"
50 to 1,,29%,71%,"4,226","Mar 21, 2014","$10,000,000"
Noah,Emma Watson,75%,41%,338,"Mar 27, 2014","$130,000,000"
Draft Day,Jennifer Garner,60%,65%,"2,582","Apr 11, 2014","$25,000,000"
Oculus,,75%,53%,"4,910","Apr 11, 2014","$5,000,000"
Rio 2,,49%,58%,336,"Mar 20, 2014","$130,000,000"
A Haunted House 2,,8%,43%,"5,161","Apr 18, 2014","$4,000,000"
13 Sins,,66%,45%,"5,229","Apr 18, 2014","$4,000,000"
Brick Mansions,,24%,47%,"2,402","Apr 23, 2014","$28,000,000"
Million Dollar Arm,,65%,68%,"2,560","May 16, 2014","$25,000,000"
Blended,Adam Sandler,15%,64%,"1,531","May 22, 2014","$45,000,000"
Edge of Tomorrow,Emily Blunt,91%,90%,154,"May 28, 2014","$178,000,000"
The Fault in Our Stars,Willem Dafoe,81%,85%,"3,823","Jun 4, 2014","$12,000,000"
22 Jump Street,Channing Tatum,84%,77%,"1,300","Jun 5, 2014","$50,000,000"
How to Train Your Dragon 2,,92%,90%,282,"Jun 5, 2014","$145,000,000"
The Signal,,,,"5,204","Jun 13, 2014","$4,000,000"
Jersey Boys,,51%,62%,"1,705","Jun 18, 2014","$40,000,000"
Think Like a Man Too,Kevin Hart,23%,59%,"2,692","Jun 18, 2014","$24,000,000"
They Came Together,Amy Poehler,70%,40%,"5,471","Jun 27, 2014","$3,000,000"
Earth to Echo,,50%,47%,"3,735","Jul 2, 2014","$13,000,000"
Tammy,,24%,36%,"2,876","Jul 2, 2014","$20,000,000"
Boyhood,,97%,80%,"5,156","Jun 5, 2014","$4,000,000"
Dawn of the Planet of the Apes,Gary Oldman,91%,88%,179,"Jul 9, 2014","$170,000,000"
Snowpiercer,Chris Evans,94%,72%,"1,800","Aug 1, 2013","$40,000,000"
The Purge: Anarchy,,58%,56%,"4,324","Jul 16, 2014","$9,000,000"
Sex Tape,Cameron Diaz,16%,33%,"1,714","Jul 16, 2014","$40,000,000"
Wish I Was Here,,45%,59%,"4,780","Jul 18, 2014","$6,000,000"
And So It Goes,,18%,40%,"3,223","Jul 10, 2014","$18,000,000"
Lucy,Scarlett Johansson,,14%,"1,638","Jul 25, 2014","$40,000,000"
A Most Wanted Man,"Rachel McAdams, Willem Dafoe",86%,65%,"3,525","Jul 25, 2014","$15,000,000"
The Expendables 3,"Jason Statham, Harrison Ford",32%,48%,515,"Aug 14, 2014","$100,000,000"
The Giver,Meryl Streep,35%,55%,"2,546","Aug 15, 2014","$25,000,000"
Life After Beth,,45%,31%,"5,586","Aug 15, 2014","$2,400,000"
If I Stay,,36%,61%,"3,971","Aug 22, 2014","$11,000,000"
The Prince,,,,"3,264","Aug 22, 2014","$18,000,000"
When the Game Stands Tall,,20%,72%,"3,497","Aug 22, 2014","$15,000,000"
Dolphin Tale 2,,66%,72%,"1,899","Sep 12, 2014","$36,000,000"
A Walk Among the Tombstones,Liam Neeson,68%,53%,"2,399","Sep 19, 2014","$28,000,000"
The Maze Runner,,65%,68%,"2,056","Sep 11, 2014","$34,000,000"
The Boxtrolls,Ben Kingsley,78%,63%,"1,095","Sep 19, 2014","$60,000,000"
The Equalizer,Denzel Washington,61%,77%,"1,207","Sep 26, 2014","$55,000,000"
Annabelle,,28%,35%,"4,681","Oct 2, 2014","$6,500,000"
Gone Girl,,88%,87%,"1,033","Oct 2, 2014","$61,000,000"
Addicted,,,,"4,934","Oct 10, 2014","$5,000,000"
Dracula Untold,,25%,58%,901,"Oct 1, 2014","$70,000,000"
The Judge,Robert Downey Jr.,,,"1,360","Oct 10, 2014","$50,000,000"
Whiplash,,,92%,"5,340","Oct 10, 2014","$3,300,000"
The Book of Life,Channing Tatum,83%,77%,"1,354","Oct 17, 2014","$50,000,000"
Dear White People,,91%,61%,"5,918","Oct 17, 2014","$1,250,000"
Nightcrawler,Jake Gyllenhaal,95%,86%,"4,401","Oct 31, 2014","$8,500,000"
John Wick,,86%,81%,"2,210","Oct 24, 2014","$30,000,000"
Revenge of the Green Dragons,,15%,30%,"5,036","Oct 24, 2014","$5,000,000"
Ouija,,,42%,"4,896","Oct 24, 2014","$5,000,000"
Interstellar,"Matt Damon, Michael Caine",73%,86%,194,"Nov 5, 2014","$165,000,000"
Jessabelle,,29%,30%,"4,272","Nov 7, 2014","$10,000,000"
Beyond the Lights,,84%,75%,"4,606","Nov 14, 2014","$7,000,000"
Dumb and Dumber To,,30%,35%,"1,657","Nov 13, 2014","$40,000,000"
Foxcatcher,,88%,66%,"2,715","Nov 14, 2014","$24,000,000"
The Homesman,Meryl Streep,81%,53%,"3,398","Jun 4, 2014","$16,000,000"
Horrible Bosses 2,Christoph Waltz,35%,47%,"1,690","Nov 26, 2014","$40,000,000"
Penguins of Madagascar,Benedict Cumberbatch,74%,63%,324,"Nov 26, 2014","$132,000,000"
Exodus: Gods and Kings,"Christian Bale, Sigourney Weaver, Ben Kingsley",31%,35%,299,"Dec 5, 2014","$140,000,000"
Inherent Vice,Joaquin Phoenix,74%,53%,"3,047","Dec 12, 2014","$20,000,000"
Top Five,"Kevin Hart, Jerry Seinfeld, Adam Sandler",85%,64%,"3,861","Dec 12, 2014","$12,000,000"
Night at the Museum: Secret of the Tomb,"Hugh Jackman, Ben Kingsley",48%,57%,348,"Dec 18, 2014","$127,000,000"
Big Eyes,"Jason Schwartzman, Christoph Waltz",72%,68%,"4,141","Dec 25, 2014","$10,000,000"
The Interview,"Emma Stone, Joseph Gordon-Levitt",,,"1,584","Feb 6, 2014","$44,000,000"
Selma,,99%,86%,"2,903","Jan 9, 2015","$20,000,000"
Unbroken,Domhnall Gleeson,52%,70%,973,"Dec 25, 2014","$65,000,000"
Jurassic World,Chris Pratt,71%,78%,51,"Jun 9, 2015","$215,000,000"
Avengers: Age of Ultron,"Scarlett Johansson, Mark Ruffalo, Chris Evans, Robert Downey Jr., Chris Hemsworth, Samuel L. Jackson",76%,82%,6,"Apr 22, 2015","$365,000,000"
Furious 7,"Dwayne Johnson, Jason Statham",81%,82%,117,"Apr 1, 2015","$190,000,000"
Minions,Michael Keaton,56%,49%,848,"Jun 17, 2015","$74,000,000"
The Martian,Matt Damon,91%,91%,451,"Sep 30, 2015","$108,000,000"
Taken 3,Liam Neeson,13%,43%,"1,452","Jan 2, 2015","$48,000,000"
Let's Kill Ward's Wife,,17%,30%,"5,055","Jan 9, 2015","$5,000,000"
Blackhat,Chris Hemsworth,33%,24%,929,"Jan 16, 2015","$70,000,000"
The Wedding Ringer,,29%,63%,"2,733","Jan 16, 2015","$23,000,000"
Vice,,,,"1,100","Dec 21, 2018","$60,000,000"
Veronika Decides to Die,,,50%,"4,382","Sep 13, 2012","$9,000,000"
The Boy Next Door,,,22%,"5,152","Jan 22, 2015","$4,000,000"
Mortdecai,"Johnny Depp, Ewan McGregor, Jeff Goldblum",12%,31%,"1,153","Jan 21, 2015","$60,000,000"
Song One,,33%,29%,"4,810","Jan 23, 2015","$6,000,000"
Black or White,,39%,65%,"4,336","Jan 30, 2015","$9,000,000"
Project Almanac,,38%,45%,"3,866","Jan 30, 2015","$12,000,000"
Wild Card,Jason Statham,,,"2,328","Jan 16, 2015","$30,000,000"
Enter the Dangerous Mind,,23%,30%,"5,480","Feb 6, 2015","$3,000,000"
Jupiter Ascending,Channing Tatum,28%,38%,150,"Feb 6, 2015","$179,000,000"
Seventh Son,,12%,34%,557,"Dec 19, 2014","$95,000,000"
The SpongeBob Movie: Sponge Out of Water,,81%,54%,849,"Jan 28, 2015","$74,000,000"
Accidental Love,Jake Gyllenhaal,9%,15%,"2,494","Mar 17, 2015","$26,000,000"
Da Sweet Blood of Jesus,,48%,20%,"5,923","Jan 13, 2015","$1,250,000"
Fifty Shades of Grey,,25%,41%,"1,633","Feb 11, 2015","$40,000,000"
Kingsman: The Secret Service,,75%,84%,562,"Jan 29, 2015","$94,000,000"
The Last Five Years,,60%,57%,"5,694","Feb 13, 2015","$2,000,000"
The DUFF,,73%,66%,"4,399","Feb 20, 2015","$8,500,000"
Hot Tub Time Machine 2,,14%,26%,"3,673","Feb 20, 2015","$14,000,000"
"McFarland, USA",,80%,88%,"3,295","Feb 20, 2015","$17,000,000"
Focus,"Will Smith, Margot Robbie",56%,62%,991,"Feb 26, 2015","$65,000,000"
The Lazarus Effect,,15%,23%,"4,914","Feb 26, 2015","$5,000,000"
Chappie,"Hugh Jackman, Sigourney Weaver",32%,56%,"1,445","Mar 4, 2015","$49,000,000"
Road Hard,,50%,76%,"5,861","Mar 6, 2015","$1,500,000"
The Second Best Exotic Marigold Hotel,,66%,59%,"4,085","Feb 26, 2015","$10,000,000"
Unfinished Business,,,,"2,023","Mar 5, 2015","$35,000,000"
It Follows,,95%,66%,"5,632","Feb 6, 2015","$2,000,000"
Run All Night,"John Cena, Liam Neeson",59%,56%,"1,394","Mar 11, 2015","$50,000,000"
Danny Collins,"Al Pacino, Jennifer Garner",78%,73%,"4,184","Mar 20, 2015","$10,000,000"
The Divergent Series: Insurgent,,28%,58%,426,"Mar 18, 2015","$110,000,000"
Do You Believe?,,25%,83%,"5,592","Mar 20, 2015","$2,300,000"
The Walking Deceased,,0%,27%,"5,724","Mar 20, 2015","$2,000,000"
Get Hard,Kevin Hart,28%,45%,"1,653","Mar 26, 2015","$40,000,000"
While We're Young,,84%,51%,"4,167","Mar 27, 2015","$10,000,000"
Woman in Gold,Ryan Reynolds,57%,79%,"3,981","Apr 1, 2015","$11,000,000"
Ex Machina,Domhnall Gleeson,92%,86%,"3,746","Jan 21, 2015","$13,000,000"
The Longest Ride,,31%,71%,"2,057","Apr 9, 2015","$34,000,000"
Child 44,"Tom Hardy, Gary Oldman",29%,42%,"1,436","Apr 17, 2015","$50,000,000"
Paul Blart: Mall Cop 2,,6%,34%,"1,840","Apr 10, 2015","$38,000,000"
Unfriended,,62%,37%,"5,986","Apr 17, 2015","$1,000,000"
Brotherly Love,,,,"5,758","Apr 24, 2015","$1,900,000"
The Age of Adaline,Harrison Ford,55%,67%,"2,212","Apr 16, 2015","$30,000,000"
The Water Diviner,,63%,60%,"2,769","Dec 26, 2014","$22,500,000"
The D Train,,,,"5,442","May 8, 2015","$3,000,000"
Mad Max: Fury Road,"Nicholas Hoult, Tom Hardy",97%,86%,249,"May 14, 2015","$150,000,000"
Pitch Perfect 2,,65%,64%,"2,340","May 7, 2015","$29,000,000"
Aloha,"Rachel McAdams, Emma Stone",,,"1,888","May 27, 2015","$37,000,000"
San Andreas,Dwayne Johnson,49%,52%,422,"May 27, 2015","$110,000,000"
Barely Lethal,,26%,38%,"3,613","May 8, 2015","$15,000,000"
Entourage,,32%,57%,"2,236","Jun 3, 2015","$30,000,000"
Me and Earl and the Dying Girl,,82%,86%,"4,471","Jun 12, 2015","$8,000,000"
Dope,,,,"4,601","Jun 19, 2015","$7,000,000"
Max,,69%,64%,"2,917","Jun 25, 2015","$20,000,000"
Ted 2,"Mark Wahlberg, Liam Neeson",44%,50%,941,"Jun 25, 2015","$68,000,000"
Magic Mike XXL,Channing Tatum,65%,55%,"3,628","Jul 1, 2015","$14,500,000"
Strangerland,Nicole Kidman,40%,23%,"4,263","Jun 11, 2015","$10,000,000"
Ant-Man,,83%,85%,330,"Jul 14, 2015","$130,000,000"
Trainwreck,"John Cena, Daniel Radcliffe, Matthew Broderick",84%,66%,"1,924","Jul 17, 2015","$35,000,000"
Pixels,Adam Sandler,18%,46%,599,"Jul 16, 2015","$90,000,000"
Paper Towns,,58%,47%,"3,849","Jul 9, 2015","$12,000,000"
The Vatican Tapes,,20%,58%,"3,778","Jul 23, 2015","$13,000,000"
Vacation,Chris Hemsworth,,,"2,130","Jul 29, 2015","$31,000,000"
Ricki and the Flash,,65%,43%,"3,201","Aug 7, 2015","$18,000,000"
Straight Outta Compton,,89%,91%,"2,364","Aug 14, 2015","$28,000,000"
The Man From U.N.C.L.E.,,68%,73%,826,"Aug 12, 2015","$75,000,000"
American Ultra,,44%,45%,"2,405","Aug 19, 2015","$28,000,000"
Hitman: Agent 47,,8%,40%,"1,997","Aug 19, 2015","$35,000,000"
Before We Go,,28%,57%,"5,463","Sep 4, 2015","$3,000,000"
The Visit,,,,"4,893","Sep 10, 2015","$5,000,000"
The Perfect Guy,,18%,51%,"3,180","Sep 9, 2015","$18,000,000"
Black Mass,"Benedict Cumberbatch, Johnny Depp",,,"1,273","Sep 17, 2015","$53,000,000"
Maze Runner: The Scorch Trials,,48%,54%,"1,036","Sep 9, 2015","$61,000,000"
Sicario,Emily Blunt,,93%,"2,204","Sep 17, 2015","$30,000,000"
Hotel Transylvania 2,Adam Sandler,57%,64%,693,"Sep 23, 2015","$80,000,000"
The Intern,Robert De Niro,59%,73%,"1,662","Sep 24, 2015","$40,000,000"
Mississippi Grind,,91%,55%,"4,571","Sep 25, 2015","$7,100,000"
The Walk,"Joseph Gordon-Levitt, Ben Kingsley",,,"2,024","Sep 30, 2015","$35,000,000"
Freeheld,,,84%,"4,645","Oct 2, 2015","$7,000,000"
Knock Knock,,,25%,"5,705","Jun 26, 2015","$2,000,000"
Beasts of No Nation,,91%,92%,"4,805","Oct 16, 2015","$6,000,000"
Bridge of Spies,Tom Hanks,91%,87%,"1,666","Oct 14, 2015","$40,000,000"
Crimson Peak,,73%,56%,"1,246","Oct 14, 2015","$55,000,000"
Woodlawn,,73%,80%,"3,755","Oct 16, 2015","$13,000,000"
Rock the Kasbah,,7%,29%,"3,585","Oct 23, 2015","$15,000,000"
Paranormal Activity: The Ghost Dimension,,15%,27%,"4,123","Oct 21, 2015","$10,000,000"
The Last Witch Hunter,"Elijah Wood, Michael Caine",18%,44%,752,"Oct 21, 2015","$80,000,000"
Bone Tomahawk,,91%,74%,"5,720","Oct 23, 2015","$2,000,000"
Scouts Guide to the Zombie Apocalypse,,44%,50%,"3,582","Oct 29, 2015","$15,000,000"
Freaks of Nature,,0%,45%,"2,083","Oct 30, 2015","$33,000,000"
Burnt,Uma Thurman,28%,45%,"3,014","Oct 22, 2015","$20,000,000"
Spotlight,"Mark Ruffalo, Rachel McAdams, Michael Keaton",,,"2,914","Nov 6, 2015","$20,000,000"
The Peanuts Movie,,87%,76%,537,"Nov 5, 2015","$99,000,000"
The 33,,48%,59%,"2,626","Aug 6, 2015","$25,000,000"
Love the Coopers,,18%,36%,"3,205","Nov 12, 2015","$18,000,000"
Carol,,94%,75%,"3,955","Nov 20, 2015","$11,800,000"
The Night Before,,,,"2,549","Nov 12, 2015","$25,000,000"
Creed,,95%,89%,"1,875","Nov 25, 2015","$37,000,000"
The Good Dinosaur,,75%,64%,126,"Nov 25, 2015","$187,500,000"
Krampus,,66%,52%,"3,472","Dec 2, 2015","$15,000,000"
In the Heart of the Sea,"Chris Hemsworth, Tom Holland",43%,54%,523,"Nov 26, 2015","$100,000,000"
The Big Short,"Brad Pitt, Margot Robbie, Christian Bale, Ryan Gosling",89%,88%,"2,372","Dec 11, 2015","$28,000,000"
Alvin and the Chipmunks: The Road Chip,,15%,51%,596,"Dec 18, 2015","$90,000,000"
Extraction,,,28%,"1,016","Apr 24, 2020","$65,000,000"
Concussion,Will Smith,78%,57%,"1,969","Dec 24, 2015","$35,000,000"
Joy,"Jennifer Lawrence, Robert De Niro",,,"1,089","Dec 24, 2015","$60,000,000"
The Hateful Eight,"Channing Tatum, Samuel L. Jackson",75%,77%,"1,030","Dec 25, 2015","$62,000,000"
Anomalisa,,91%,71%,"4,478","Jan 21, 2016","$8,000,000"
Rogue One: A Star Wars Story,,84%,87%,14,"Dec 14, 2016","$280,200,000"
Finding Dory,,94%,84%,67,"Jun 16, 2016","$200,000,000"
Captain America: Civil War,"Scarlett Johansson, Chris Evans, Robert Downey Jr., Tom Holland",90%,89%,26,"Apr 22, 2016","$250,000,000"
The Secret Life of Pets,Kevin Hart,70%,62%,789,"May 8, 2016","$75,000,000"
Deadpool,"Ryan Reynolds, Morena Baccarin",85%,90%,"1,166","Feb 9, 2016","$58,000,000"
Zootopia,,98%,92%,230,"Feb 10, 2016","$150,000,000"
Batman v Superman: Dawn of Justice,,29%,63%,20,"Mar 23, 2016","$263,000,000"
Suicide Squad,"Will Smith, Margot Robbie",,50%,160,"Aug 2, 2016","$175,000,000"
Sing,,43%,88%,792,"Nov 24, 2016","$75,000,000"
Ride Along 2,Kevin Hart,14%,48%,"1,651","Jan 14, 2016","$40,000,000"
13 Hours: The Secret Soldiers of Benghazi,,52%,83%,"1,349","Jan 15, 2016","$50,000,000"
Norm of the North,,6%,22%,"3,217","Jan 14, 2016","$18,000,000"
Dirty Grandpa,Robert De Niro,10%,44%,"3,957","Jan 21, 2016","$11,500,000"
The Boy,,31%,38%,"4,080","Jan 21, 2016","$10,000,000"
Kung Fu Panda 3,,86%,79%,294,"Jan 23, 2016","$140,000,000"
The Finest Hours,,64%,66%,917,"Jan 27, 2016","$70,000,000"
Fifty Shades of Black,,4%,19%,"4,954","Jan 28, 2016","$5,000,000"
Jane Got a Gun,"Natalie Portman, Ewan McGregor",41%,38%,"2,663","Dec 31, 2015","$25,000,000"
Pride and Prejudice and Zombies,,47%,45%,"2,407","Feb 4, 2016","$28,000,000"
The Witch,Anya Taylor-Joy,,,"5,282","Feb 19, 2016","$3,500,000"
Gods of Egypt,,14%,37%,302,"Feb 24, 2016","$140,000,000"
Triple 9,,55%,41%,"3,020","Feb 19, 2016","$20,000,000"
Eddie the Eagle,Hugh Jackman,82%,82%,"2,749","Feb 26, 2016","$23,000,000"
London Has Fallen,,28%,50%,"1,080","Mar 2, 2016","$60,000,000"
Whiskey Tango Foxtrot,,68%,54%,"1,995","Mar 4, 2016","$35,000,000"
The Other Side of the Door,,36%,29%,"4,999","Feb 24, 2016","$5,000,000"
10 Cloverfield Lane,,90%,79%,"3,448","Jan 4, 2016","$15,000,000"
The Brothers Grimsby,,36%,41%,"2,031","Feb 24, 2016","$35,000,000"
The Young Messiah,,49%,65%,"3,337","Mar 10, 2016","$16,800,000"
The Perfect Match,,,,"4,963","Mar 11, 2016","$5,000,000"
The Divergent Series: Allegiant,,11%,41%,440,"Mar 9, 2016","$110,000,000"
The Bronze,,36%,44%,"5,308","Mar 18, 2016","$3,500,000"
My Big Fat Greek Wedding 2,,28%,52%,"3,179","Mar 23, 2016","$18,000,000"
The Boss,,,,"2,343","Apr 7, 2016","$29,000,000"
Hardcore Henry,,51%,55%,"5,638","Apr 7, 2016","$2,000,000"
Barbershop: The Next Cut,,90%,66%,"2,900","Apr 15, 2016","$20,000,000"
A Hologram for the King,,70%,54%,"2,039","Apr 22, 2016","$35,000,000"
Keanu,,78%,55%,"3,518","Apr 29, 2016","$15,000,000"
Money Monster,George Clooney,59%,51%,"2,432","May 12, 2016","$27,000,000"
The Darkness,,3%,19%,"5,172","Mar 18, 2005","$4,000,000"
The Angry Birds Movie,,44%,47%,853,"May 11, 2016","$73,000,000"
Neighbors 2: Sorority Rising,,64%,44%,"1,944","May 5, 2016","$35,000,000"
The Nice Guys,,91%,79%,"1,378","May 19, 2016","$50,000,000"
Alice Through the Looking Glass,Johnny Depp,,49%,188,"May 20, 2016","$170,000,000"
Teenage Mutant Ninja Turtles: Out of the Shadows,,38%,47%,319,"Jun 2, 2016","$135,000,000"
Me Before You,,54%,73%,"2,898","Jun 1, 2016","$20,000,000"
Popstar: Never Stop Never Stopping,,79%,65%,"3,037","Jun 3, 2016","$20,000,000"
Warcraft,,29%,76%,212,"May 25, 2016","$160,000,000"
Now You See Me 2,"Daniel Radcliffe, Mark Ruffalo, Michael Caine",33%,53%,606,"May 27, 2016","$90,000,000"
Central Intelligence,"Dwayne Johnson, Kevin Hart",71%,62%,"1,306","Jun 16, 2016","$50,000,000"
Independence Day: Resurgence,"Liam Hemsworth, Jeff Goldblum",29%,30%,197,"Jun 22, 2016","$165,000,000"
The Shallows,,79%,59%,"3,726","Jun 23, 2016","$13,000,000"
Free State of Jones,,48%,64%,"1,406","Jun 24, 2016","$50,000,000"
The Neon Demon,,59%,51%,"4,550","Jun 9, 2016","$7,500,000"
Swiss Army Man,,72%,72%,"5,416","Jun 24, 2016","$3,000,000"
The Legend of Tarzan,"Margot Robbie, Samuel L. Jackson, Christoph Waltz",35%,58%,146,"Jun 27, 2016","$180,000,000"
The BFG,,,65%,300,"Jun 30, 2016","$140,000,000"
The Purge: Election Year,,55%,48%,"4,052","Jul 1, 2016","$10,000,000"
Captain Fantastic,,83%,85%,"4,975","Jul 8, 2016","$5,000,000"
Mike and Dave Need Wedding Dates,,39%,51%,"2,071","Jul 7, 2016","$33,000,000"
Café Society,,71%,56%,"2,293","May 20, 2016","$30,000,000"
Star Trek Beyond,,86%,80%,133,"Jul 21, 2016","$185,000,000"
Ice Age: Collision Course,,18%,39%,457,"Jul 1, 2016","$105,000,000"
Lights Out,,,,"4,892","Jul 21, 2016","$5,000,000"
Nerve,,,,"2,924","Jul 27, 2016","$20,000,000"
Jason Bourne,Matt Damon,54%,55%,380,"Jul 20, 2016","$120,000,000"
Bad Moms,,59%,63%,"2,871","Jul 29, 2016","$20,000,000"
Sausage Party,"Michael Cera, Edward Norton",82%,50%,"3,125","Aug 10, 2016","$19,000,000"
Hell or High Water,,97%,88%,"3,858","Aug 12, 2016","$12,000,000"
Ben-Hur,,85%,89%,555,"Jun 30, 2016","$95,000,000"
Ben-Hur,,85%,89%,"3,447","Nov 18, 1959","$15,000,000"
Kubo and the Two Strings,,97%,86%,"1,234","Aug 18, 2016","$55,000,000"
War Dogs,,,,"1,367","Aug 19, 2016","$50,000,000"
Mechanic: Resurrection,,31%,40%,"1,759","Aug 25, 2016","$40,000,000"
Hands of Stone,Robert De Niro,45%,52%,"3,065","Aug 26, 2016","$20,000,000"
The Light Between Oceans,,62%,61%,"3,021","Sep 2, 2016","$20,000,000"
Sully,,85%,84%,"1,048","Sep 8, 2016","$60,000,000"
The Disappointments Room,,0%,17%,"3,588","Sep 9, 2016","$15,000,000"
Snowden,,61%,70%,"1,404","Dec 30, 2015","$50,000,000"
Blair Witch,,38%,31%,"4,116","Sep 15, 2016","$10,000,000"
Hillsong: Let Hope Rise,,60%,78%,"4,210","Sep 16, 2016","$10,000,000"
The Magnificent Seven,,64%,71%,595,"Sep 12, 2016","$90,000,000"
Storks,,65%,62%,895,"Sep 22, 2016","$70,000,000"
Deepwater Horizon,,82%,82%,214,"Sep 29, 2016","$156,000,000"
Queen of Katwe,,94%,86%,"3,559","Sep 23, 2016","$15,000,000"
Masterminds,,19%,49%,"2,604","Sep 23, 2016","$25,000,000"
The Birth of a Nation,Armie Hammer,91%,47%,"4,134","Oct 7, 2016","$10,000,000"
Middle School: The Worst Years of My Life,,64%,59%,"4,405","Oct 7, 2016","$8,500,000"
The Accountant,,,69%,"1,656","Oct 11, 2016","$40,000,000"
Kevin Hart: What Now?,,76%,58%,"4,109","Oct 14, 2016","$10,000,000"
Max Steel,,0%,48%,"4,199","Oct 14, 2016","$10,000,000"
Jack Reacher: Never Go Back,,38%,42%,"1,085","Oct 20, 2016","$60,000,000"
Ouija: Origin of Evil,,83%,57%,"4,330","Oct 20, 2016","$9,000,000"
Inferno,,,,835,"Oct 5, 2016","$75,000,000"
Trolls,,76%,67%,363,"Oct 12, 2016","$125,000,000"
Hacksaw Ridge,,84%,91%,"1,674","Nov 3, 2016","$40,000,000"
Fantastic Beasts and Where to Find Them,,74%,79%,142,"Nov 14, 2016","$180,000,000"
The Edge of Seventeen,,94%,83%,"4,342","Nov 18, 2016","$9,000,000"
Bleed for This,,71%,70%,"3,392","Nov 18, 2016","$16,000,000"
Manchester by the Sea,,96%,78%,"4,395","Nov 17, 2016","$8,500,000"
Moana,,87%,65%,235,"Jan 27, 2016","$150,000,000"
Allied,,60%,64%,452,"Nov 20, 2016","$106,000,000"
Bad Santa 2,,23%,34%,"2,480","Nov 23, 2016","$26,000,000"
Incarnate,,,,"4,984","Dec 2, 2016","$5,000,000"
La La Land,,91%,81%,"2,143","Nov 30, 2016","$30,000,000"
Office Christmas Party,,40%,41%,"1,521","Dec 8, 2016","$45,000,000"
Collateral Beauty,,13%,64%,"1,901","Dec 16, 2016","$36,000,000"
Fences,,,,"2,693","Dec 16, 2016","$24,000,000"
The Founder,,81%,82%,"3,540","Nov 25, 2016","$15,000,000"
A Monster Calls,,86%,81%,"1,593","Oct 7, 2016","$43,000,000"
Silence,,,,"1,479","Dec 23, 2016","$46,500,000"
Why Him?,,39%,51%,"1,842","Dec 21, 2016","$38,000,000"
Hidden Figures,,93%,93%,"2,503","Dec 25, 2016","$25,000,000"
Live by Night,,35%,42%,"1,011","Dec 25, 2016","$65,000,000"
Paterson,,96%,72%,"5,004","Nov 25, 2016","$5,000,000"
Wonder Woman,,85%,78%,227,"May 29, 2017","$150,000,000"
It,,,,"1,912","Aug 31, 2017","$35,000,000"
Thor: Ragnarok,,93%,87%,139,"Oct 25, 2017","$180,000,000"
Despicable Me 3,,58%,53%,793,"Jun 14, 2017","$75,000,000"
The Bye Bye Man,,18%,22%,"4,561","Jan 13, 2017","$7,400,000"
Sleepless,,55%,51%,"2,258","Jan 11, 2017","$30,000,000"
Split,,,50%,"4,321","Jan 18, 2017","$9,000,000"
xXx: Return of Xander Cage,,45%,37%,665,"Jan 19, 2017","$85,000,000"
The Resurrection of Gavin Stone,,54%,84%,"5,667","Jan 20, 2017","$2,000,000"
Resident Evil: The Final Chapter,,38%,47%,"1,748","Dec 23, 2016","$40,000,000"
Rings,,,60%,"2,584","Feb 3, 2017","$25,000,000"
The Space Between Us,,16%,55%,"2,302","Jan 4, 2017","$30,000,000"
Fifty Shades Darker,,11%,48%,"1,202","Feb 8, 2017","$55,000,000"
The Great Wall,,,,270,"Dec 15, 2016","$150,000,000"
Get Out,,98%,86%,"4,888","Feb 24, 2017","$5,000,000"
Rock Dog,,46%,48%,"1,151","Jul 2, 2016","$60,000,000"
Collide,,,,"2,339","Aug 26, 2016","$29,200,000"
The Shack,,21%,76%,"2,895","Mar 3, 2017","$20,000,000"
Before I Fall,,64%,57%,"4,951","Mar 3, 2017","$5,000,000"
Table 19,,26%,41%,"4,993","Mar 3, 2017","$5,000,000"
Kong: Skull Island,,75%,70%,132,"Feb 23, 2017","$185,000,000"
The Belko Experiment,,54%,40%,"4,962","Mar 17, 2017","$5,000,000"
Wilson,,89%,41%,"4,882","Aug 1, 1944","$5,200,000"
Ghost in the Shell,,95%,89%,446,"Mar 23, 2017","$110,000,000"
The Boss Baby,,53%,51%,361,"Mar 17, 2017","$125,000,000"
The Case for Christ,,61%,78%,"5,387","Apr 7, 2017","$3,000,000"
Smurfs: The Lost Village,,40%,55%,"1,105","Mar 24, 2017","$60,000,000"
The Fate of the Furious,,67%,72%,33,"Apr 7, 2017","$250,000,000"
The Lost City of Z,,86%,58%,"2,300","Mar 15, 2017","$30,000,000"
The Circle,,,,"3,211","Apr 28, 2017","$18,000,000"
Circle,,,,"5,713","Aug 27, 2010","$2,000,000"
How to Be a Latin Lover,,39%,61%,"4,087","Apr 28, 2017","$10,000,000"
The Lovers,,91%,80%,"2,052","Mar 13, 2015","$35,000,000"
King Arthur: Legend of the Sword,,31%,69%,172,"May 11, 2017","$175,000,000"
Snatched,,,,"1,604","May 12, 2017","$42,000,000"
Alien: Covenant,,65%,55%,543,"May 4, 2017","$97,000,000"
Diary of a Wimpy Kid: The Long Haul,,19%,30%,"2,796","May 19, 2017","$22,000,000"
"Everything, Everything",,44%,61%,"4,082","May 19, 2017","$10,000,000"
Pirates of the Caribbean: Dead Men Tell No Tales,,30%,60%,41,"May 23, 2017","$230,000,000"
Captain Underpants: The First Epic Movie,,87%,62%,"1,839","Jun 2, 2017","$38,000,000"
It Comes at Night,,88%,44%,"4,944","Jun 9, 2017","$5,000,000"
Cars 3,,69%,68%,165,"Jun 16, 2017","$175,000,000"
Rough Night,,45%,29%,"2,970","Jun 14, 2017","$20,000,000"
47 Meters Down,,53%,35%,"4,874","May 26, 2017","$5,300,000"
The Book of Henry,,22%,63%,"4,193","Jun 16, 2017","$10,000,000"
Transformers: The Last Knight,,16%,43%,50,"Jun 20, 2017","$217,000,000"
The Big Sick,,98%,88%,"4,901","Jun 23, 2017","$5,000,000"
Baby Driver,,92%,86%,"2,055","Jun 28, 2017","$34,000,000"
The House,,,,"1,750","Jun 30, 2017","$40,000,000"
War for the Planet of the Apes,,94%,84%,222,"Jul 14, 2017","$152,000,000"
Wish Upon,,20%,31%,"3,882","Jul 14, 2017","$12,000,000"
Dunkirk,,60%,73%,243,"Jul 18, 2017","$150,000,000"
Girls Trip,,91%,78%,"2,365","Jul 20, 2017","$28,000,000"
The Emoji Movie,,6%,36%,"1,323","Jul 26, 2017","$50,000,000"
The Dark Tower,,,43%,960,"Aug 2, 2017","$66,000,000"
Kidnap,,,,"2,839","Aug 4, 2017","$21,000,000"
Wind River,,,57%,"3,980","Jun 16, 2017","$11,000,000"
Annabelle: Creation,,70%,68%,"3,441","Aug 2, 2017","$15,000,000"
The Nut Job 2: Nutty by Nature,,15%,44%,"1,744","Aug 11, 2017","$40,000,000"
Logan Lucky,,92%,76%,"2,348","Aug 18, 2017","$29,000,000"
All Saints,,95%,73%,"5,651","Aug 23, 2017","$2,000,000"
Birth of the Dragon,,25%,67%,"2,136","Aug 25, 2017","$31,000,000"
Tulip Fever,,10%,43%,"2,659","Aug 25, 2017","$25,000,000"
Home Again,,,57%,"3,504","Sep 8, 2017","$15,000,000"
American Assassin,,,,"1,025","Sep 14, 2017","$63,000,000"
Kingsman: The Golden Circle,,50%,64%,460,"Sep 19, 2017","$104,000,000"
Stronger,,,,"2,311","Sep 22, 2017","$30,000,000"
Battle of the Sexes,,84%,71%,"2,624","Sep 22, 2017","$25,000,000"
American Made,,,,"1,351","Aug 23, 2017","$50,000,000"
Blade Runner 2049,,88%,88%,135,"Sep 29, 2017","$185,000,000"
The Florida Project,,96%,81%,"5,650","Oct 6, 2017","$2,000,000"
Brawl in Cell Block 99,,90%,74%,"5,238","Oct 6, 2017","$4,000,000"
Happy Death Day,,70%,67%,"4,894","Oct 11, 2017","$5,000,000"
Marshall,,80%,84%,"3,894","Oct 13, 2017","$12,000,000"
Geostorm,,18%,35%,520,"Oct 13, 2017","$100,000,000"
Only the Brave,,,,"1,857","Oct 20, 2017","$38,000,000"
The Snowman,,,,"2,032","Oct 11, 2017","$35,000,000"
Same Kind of Different as Me,,40%,84%,"4,695","Oct 20, 2017","$6,500,000"
Thank You for Your Service,,,67%,"3,038","Oct 27, 2017","$20,000,000"
Suburbicon,,28%,26%,"2,648","Oct 27, 2017","$25,000,000"
Jigsaw,,,,"4,073","Oct 27, 2017","$10,000,000"
A Bad Moms Christmas,,32%,43%,"2,370","Nov 1, 2017","$28,000,000"
Lady Bird,,99%,79%,"4,064","Nov 3, 2017","$10,000,000"
LBJ,,56%,54%,"3,075","Nov 3, 2017","$20,000,000"
"Three Billboards Outside Ebbing, Missouri",,90%,87%,"3,840","Nov 10, 2017","$12,000,000"
The Star,,25%,59%,"2,920","Nov 15, 2017","$20,000,000"
Wonder,,86%,88%,"2,867","Oct 17, 2017","$20,000,000"
"Roman J. Israel, Esq.",,55%,57%,"2,809","Nov 17, 2017","$22,000,000"
Coco,,,15%,162,"Oct 27, 2017","$175,000,000"
Call Me by Your Name,,94%,86%,"5,284","Oct 27, 2017","$3,500,000"
The Disaster Artist,,91%,85%,"4,113","Dec 1, 2017","$10,000,000"
"I, Tonya",,90%,88%,"3,983","Dec 8, 2017","$11,000,000"
Just Getting Started,,4%,12%,"2,813","Dec 8, 2017","$22,000,000"
Ferdinand,,71%,52%,415,"Dec 8, 2017","$111,000,000"
Beyond Skyline,,67%,38%,"3,106","Oct 27, 2017","$20,000,000"
The Greatest Showman,,57%,86%,675,"Dec 11, 2017","$84,000,000"
Pitch Perfect 3,,28%,43%,"1,497","Dec 21, 2017","$45,000,000"
Downsizing,,47%,25%,948,"Dec 22, 2017","$68,000,000"
Father Figures,,,,"2,602","Dec 22, 2017","$25,000,000"
The Post,,88%,74%,"1,325","Dec 22, 2017","$50,000,000"
Bright,,26%,83%,623,"Dec 13, 2017","$90,000,000"
Hostiles,,70%,76%,"1,386","Dec 22, 2017","$50,000,000"
All the Money in the World,,79%,66%,"1,399","Dec 25, 2017","$50,000,000"
Phantom Thread,,91%,70%,"1,998","Dec 25, 2017","$35,000,000"
Black Panther,,,50%,62,"Feb 13, 2018","$200,000,000"
Avengers: Infinity War,,85%,92%,9,"Apr 25, 2018","$300,000,000"
Incredibles 2,,93%,84%,66,"Jun 15, 2018","$200,000,000"
Jurassic World: Fallen Kingdom,,46%,48%,175,"Jun 6, 2018","$170,000,000"
Aquaman,,65%,72%,201,"Dec 6, 2018","$160,000,000"
Deadpool 2,,84%,85%,416,"May 11, 2018","$110,000,000"
Bohemian Rhapsody,,60%,85%,"1,195","Oct 24, 2018","$55,000,000"
Insidious: The Last Key,,33%,49%,"4,055","Jan 3, 2018","$10,000,000"
The Commuter,,55%,40%,"1,723","Jan 11, 2018","$40,000,000"
Proud Mary,,25%,45%,"2,257","Jan 10, 2018","$30,000,000"
12 Strong,,50%,62%,"1,952","Jan 16, 2018","$35,000,000"
Den of Thieves,,41%,62%,"2,207","Jan 19, 2018","$30,000,000"
Forever My Girl,,24%,79%,"5,287","Jan 19, 2018","$3,500,000"
Maze Runner: The Death Cure,,42%,58%,"1,038","Jan 17, 2018","$61,000,000"
Winchester,,13%,32%,"5,283","Feb 2, 2018","$3,500,000"
Peter Rabbit,,64%,56%,"1,312","Feb 8, 2018","$50,000,000"
Fifty Shades Freed,,11%,38%,"1,209","Feb 7, 2018","$55,000,000"
The 15:17 to Paris,,23%,37%,"2,228","Feb 9, 2018","$30,000,000"
Game Night,,85%,78%,"1,878","Feb 23, 2018","$37,000,000"
Annihilation,,88%,67%,"1,245","Feb 23, 2018","$55,000,000"
Every Day,,,,"5,064","Feb 23, 2018","$4,900,000"
Red Sparrow,,45%,51%,937,"Feb 28, 2018","$69,000,000"
A Wrinkle in Time,,,40%,464,"Mar 9, 2018","$103,000,000"
Thoroughbreds,,,,"4,997","Mar 9, 2018","$5,000,000"
The Strangers: Prey at Night,,40%,36%,"4,917","Mar 9, 2018","$5,000,000"
The Hurricane Heist,,47%,23%,"1,794","Mar 2, 2018","$40,000,000"
"Love, Simon",,92%,87%,"4,068","Mar 16, 2018","$10,000,000"
Sherlock Gnomes,,27%,36%,"1,164","Mar 15, 2018","$59,000,000"
Unsane,,80%,59%,"5,828","Mar 22, 2018","$1,500,000"
"Paul, Apostle of Christ",,48%,83%,"4,933","Mar 22, 2018","$5,000,000"
Ready Player One,,72%,77%,252,"Mar 20, 2018","$150,000,000"
Acrimony,,18%,60%,"2,916","Mar 29, 2018","$20,000,000"
A Quiet Place,,96%,83%,"3,280","Apr 4, 2018","$17,000,000"
Blockers,,84%,51%,"2,829","Mar 29, 2018","$21,000,000"
Sgt. Stubby: An American Hero,,89%,92%,"2,657","Apr 13, 2018","$25,000,000"
I Feel Pretty,,35%,35%,"2,099","Apr 20, 2018","$32,000,000"
Super Troopers 2,,35%,64%,"3,705","Apr 20, 2018","$13,500,000"
Traffik,,,80%,"5,177","Apr 20, 2018","$4,000,000"
Life of the Party,,,39%,"2,191","May 10, 2018","$30,000,000"
Book Club,,55%,51%,"4,053","May 18, 2018","$10,000,000"
First Reformed,,94%,69%,"5,300","May 18, 2018","$3,500,000"
Show Dogs,,16%,27%,"4,849","May 11, 2018","$5,500,000"
Solo: A Star Wars Story,,69%,63%,8,"May 23, 2018","$330,400,000"
Action Point,,16%,27%,"3,150","Jun 1, 2018","$19,000,000"
Adrift,,70%,65%,"1,978","Jun 1, 2018","$35,000,000"
Hereditary,,90%,71%,"4,067","Jun 1, 2018","$10,000,000"
Hotel Artemis,,57%,35%,"3,571","Jun 7, 2018","$15,000,000"
Tag,,,,"2,381","Jun 15, 2018","$28,000,000"
Sicario: Day of the Soldado,,62%,65%,"1,947","Jun 25, 2018","$35,000,000"
Uncle Drew,,61%,48%,"3,189","Jun 27, 2018","$18,000,000"
Woman Walks Ahead,,59%,61%,"3,936","Jun 29, 2018","$12,000,000"
The First Purge,,56%,27%,"3,721","Jul 4, 2018","$13,000,000"
Sorry to Bother You,,93%,70%,"5,351","Jul 6, 2018","$3,200,000"
Hotel Transylvania 3: Summer Vacation,,62%,49%,968,"Jun 22, 2018","$65,000,000"
Skyscraper,,,17%,369,"Jul 5, 2018","$125,000,000"
Eighth Grade,,99%,82%,"5,633","Jul 13, 2018","$2,000,000"
The Equalizer 2,,52%,61%,783,"Jul 18, 2018","$77,000,000"
Extinction,,,,"3,104","Jul 20, 2018","$20,000,000"
Christopher Robin,,72%,83%,810,"Aug 3, 2018","$75,000,000"
The Darkest Minds,,15%,71%,"2,060","Aug 3, 2018","$34,000,000"
The Spy Who Dumped Me,,49%,58%,"1,728","Aug 1, 2018","$40,000,000"
Dog Days,,49%,69%,"4,175","Aug 8, 2018","$10,000,000"
The Meg,,47%,44%,153,"Aug 9, 2018","$178,000,000"
BlacKkKlansman,,96%,83%,"3,465","Aug 9, 2018","$15,000,000"
Slender Man,,8%,16%,"4,092","May 18, 2018","$10,000,000"
Crazy Rich Asians,,91%,76%,"2,140","Aug 15, 2018","$30,000,000"
Alpha,,,,"1,293","Aug 15, 2018","$51,000,000"
Mile 22,,23%,44%,"1,967","Aug 17, 2018","$35,000,000"
"Juliet, Naked",,82%,74%,"4,781","Aug 17, 2018","$6,000,000"
Down a Dark Hall,,48%,20%,"5,235","Aug 1, 2018","$4,000,000"
The Happytime Murders,,23%,40%,"1,762","Aug 24, 2018","$40,000,000"
Operation Finale,,61%,67%,"2,991","Aug 29, 2018","$20,000,000"
The Nun,,,20%,"2,774","Jul 27, 2018","$22,000,000"
Peppermint,,,67%,"2,565","Sep 7, 2018","$25,000,000"
The Predator,,34%,32%,627,"Sep 11, 2018","$88,000,000"
White Boy Rick,,57%,50%,"2,248","Sep 14, 2018","$30,000,000"
A Simple Favor,,84%,73%,"2,902","Sep 12, 2018","$20,000,000"
Unbroken: Path to Redemption,,38%,73%,"4,771","Sep 14, 2018","$6,000,000"
Life Itself,,98%,88%,"4,196","Sep 21, 2018","$10,000,000"
The Sisters Brothers,,87%,69%,"1,866","Sep 21, 2018","$38,000,000"
Assassination Nation,,74%,55%,"4,632","Sep 21, 2018","$7,000,000"
Fahrenheit 11/9,,82%,60%,"4,971","Sep 21, 2018","$5,000,000"
Smallfoot,,76%,62%,722,"Sep 21, 2018","$80,000,000"
Hell Fest,,39%,41%,"4,851","Sep 27, 2018","$5,500,000"
First Man,,87%,68%,"1,106","Oct 10, 2018","$60,000,000"
Bad Times at the El Royale,,75%,75%,"2,111","Sep 27, 2018","$32,000,000"
Goosebumps 2: Haunted Halloween,,48%,37%,"1,951","Oct 10, 2018","$35,000,000"
The Hate U Give,,97%,81%,"2,739","Oct 5, 2018","$23,000,000"
Can You Ever Forgive Me?,,98%,81%,"4,162","Oct 19, 2018","$10,000,000"
Mid90s,,81%,81%,"5,504","Oct 19, 2018","$2,800,000"
Hunter Killer,,38%,67%,"1,772","Oct 19, 2018","$40,000,000"
Johnny English Strikes Again,,36%,50%,"2,310","Sep 13, 2018","$30,000,000"
Indivisible,,,,"5,513","Oct 26, 2018","$2,700,000"
The Nutcracker and the Four Realms,,32%,35%,322,"Oct 31, 2018","$132,900,000"
Boy Erased,,80%,74%,"4,001","Nov 2, 2018","$11,000,000"
Fantastic Beasts: The Crimes of Grindelwald,,36%,54%,92,"Nov 14, 2018","$200,000,000"
Widows,,,20%,"1,710","Nov 6, 2018","$40,000,000"
Green Book,,77%,91%,"2,730","Nov 16, 2018","$23,000,000"
Instant Family,,82%,83%,"1,455","Nov 16, 2018","$48,000,000"
Creed II,,83%,80%,"1,311","Nov 21, 2018","$50,000,000"
Roma,,96%,72%,"3,620","Nov 30, 2018","$15,000,000"
The Favourite,,93%,70%,"3,484","Nov 23, 2018","$15,000,000"
The Possession of Hannah Grace,,21%,28%,"4,751","Nov 28, 2018","$6,000,000"
Mortal Engines,,26%,48%,528,"Dec 5, 2018","$100,000,000"
The Mule,,,50%,"1,315","Dec 14, 2018","$50,000,000"
If Beale Street Could Talk,,95%,68%,"3,881","Dec 14, 2018","$12,000,000"
Mary Poppins Returns,,79%,64%,332,"Dec 19, 2018","$130,000,000"
Bumblebee,,90%,75%,468,"Dec 13, 2018","$102,000,000"
Welcome to Marwen,,34%,48%,"1,565","Dec 21, 2018","$45,000,000"
Second Act,,,,"3,417","Dec 7, 2018","$15,700,000"
Holmes & Watson,,10%,25%,"1,611","Dec 20, 2018","$42,000,000"
On the Basis of Sex,,72%,76%,"2,963","Nov 23, 2018","$20,000,000"
Destroyer,,74%,50%,"4,363","Dec 25, 2018","$9,000,000"
Avengers: Endgame,,94%,90%,2,"Apr 23, 2019","$400,000,000"
Star Wars: The Rise of Skywalker,,51%,86%,15,"Dec 18, 2019","$275,000,000"
Frozen II,,77%,92%,225,"Nov 20, 2019","$150,000,000"
Toy Story 4,,97%,94%,68,"Jun 20, 2019","$200,000,000"
Captain Marvel,,79%,45%,156,"Mar 6, 2019","$175,000,000"
Joker,,,33%,"1,192","Oct 2, 2019","$55,000,000"
Jumanji: The Next Level,,72%,87%,352,"Dec 4, 2019","$125,000,000"
Escape Room,,,19%,"4,326","Jan 2, 2019","$9,000,000"
The Upside,,43%,82%,"1,869","Jan 10, 2019","$37,500,000"
Glass,,,,"2,872","Jan 17, 2019","$20,000,000"
The Kid Who Would Be King,,90%,55%,"1,165","Jan 18, 2019","$59,000,000"
Miss Bala,,88%,63%,"3,531","Jan 30, 2019","$15,000,000"
Velvet Buzzsaw,,61%,36%,"2,853","Feb 1, 2019","$21,000,000"
The LEGO Movie 2: The Second Part,,84%,68%,538,"Feb 6, 2019","$99,000,000"
Cold Pursuit,,68%,49%,"1,124","Feb 7, 2019","$60,000,000"
High Flying Bird,,91%,50%,"5,746","Feb 8, 2019","$2,000,000"
The Prodigy,,,,"4,750","Feb 8, 2019","$6,000,000"
Happy Death Day 2U,,71%,60%,"4,333","Feb 13, 2019","$9,000,000"
Alita: Battle Angel,,61%,91%,187,"Feb 1, 2019","$170,000,000"
How to Train Your Dragon: The Hidden World,,90%,87%,343,"Jan 3, 2019","$129,000,000"
Fighting With My Family,,93%,86%,"3,986","Feb 14, 2019","$11,000,000"
Triple Frontier,,70%,58%,412,"Mar 6, 2019","$115,000,000"
Wonder Park,,34%,43%,513,"Mar 15, 2019","$100,000,000"
Nancy Drew and the Hidden Staircase,,,44%,"3,328","Mar 15, 2019","$17,000,000"
Captive State,,42%,39%,"2,646","Mar 14, 2019","$25,000,000"
Five Feet Apart,,53%,79%,"4,579","Mar 13, 2019","$7,000,000"
Triple Threat,,,,"4,257","Mar 19, 2019","$10,000,000"
Us,,,,"5,090","Mar 20, 2019","$4,500,000"
Hotel Mumbai,,76%,88%,"3,279","Feb 22, 2019","$17,300,000"
The Beach Bum,,58%,42%,"4,994","Mar 21, 2019","$5,000,000"
Unplanned,,42%,94%,"4,746","Mar 29, 2019","$6,000,000"
Shazam!,,90%,82%,647,"Apr 3, 2019","$85,000,000"
Her Smell,,84%,44%,"5,560","Apr 12, 2019","$2,500,000"
Breakthrough,,,,"3,648","Apr 12, 2019","$14,000,000"
The Curse of La Llorona,,,,"4,327","Apr 17, 2019","$9,000,000"
Long Shot,,88%,84%,"1,738","May 1, 2019","$40,000,000"
The Intruder,,,,"4,442","May 1, 2019","$8,000,000"
UglyDolls,,29%,54%,"1,550","May 1, 2019","$45,000,000"
The Hustle,,,89%,"2,838","May 8, 2019","$21,000,000"
Tolkien,,51%,71%,"3,066","May 3, 2019","$20,000,000"
Poms,,36%,73%,"4,144","May 10, 2019","$10,000,000"
The Professor and the Madman,,39%,79%,"2,678","Mar 15, 2019","$25,000,000"
Booksmart,,96%,77%,"4,740","May 24, 2019","$6,000,000"
Dark Phoenix,,22%,64%,103,"Jun 5, 2019","$200,000,000"
The Secret Life of Pets 2,,60%,90%,696,"May 24, 2019","$80,000,000"
The Last Black Man in San Francisco,,93%,84%,"5,414","Jun 7, 2019","$3,000,000"
Men in Black: International,,23%,66%,437,"Jun 12, 2019","$110,000,000"
Annabelle Comes Home,,64%,70%,"2,426","Jun 26, 2019","$27,000,000"
Midsommar,,83%,63%,"4,334","Jul 3, 2019","$9,000,000"
Stuber,,42%,79%,"3,374","Jul 11, 2019","$16,000,000"
Crawl,,63%,63%,"3,299","Jul 11, 2019","$17,000,000"
Point Blank,,91%,77%,"5,482","Sep 18, 1967","$3,000,000"
Fast & Furious Presents: Hobbs & Shaw,,67%,88%,86,"Jul 31, 2019","$200,000,000"
Dora and the Lost City of Gold,,85%,88%,"1,443","Aug 8, 2019","$49,000,000"
The Kitchen,,24%,69%,"1,862","Aug 9, 2019","$38,000,000"
The Art of Racing in the Rain,,45%,96%,"3,203","Aug 9, 2019","$18,000,000"
Scary Stories to Tell in the Dark,,78%,72%,"2,373","Aug 8, 2019","$28,000,000"
The Peanut Butter Falcon,,95%,96%,"4,716","Aug 9, 2019","$6,200,000"
The Angry Birds Movie 2,,72%,84%,997,"Aug 2, 2019","$65,000,000"
Good Boys,,,,"2,877","Aug 14, 2019","$20,000,000"
Blinded by the Light,,89%,91%,"3,544","Aug 9, 2019","$15,000,000"
47 Meters Down: Uncaged,,44%,68%,"3,867","Aug 15, 2019","$12,000,000"
Ready or Not,,,,"4,732","Aug 21, 2019","$6,000,000"
Angel Has Fallen,,38%,93%,"1,672","Aug 22, 2019","$40,000,000"
Overcomer,,56%,98%,"4,905","Aug 22, 2019","$5,000,000"
It: Chapter Two,,62%,78%,873,"Sep 4, 2019","$70,000,000"
The Goldfinch,,25%,72%,"1,797","Sep 12, 2019","$40,000,000"
Monos,,93%,85%,"5,688","Aug 23, 2019","$2,000,000"
Ad Astra,,83%,40%,739,"Sep 19, 2019","$80,000,000"
Rambo: Last Blood,,26%,81%,"1,364","Sep 19, 2019","$50,000,000"
Abominable,,82%,95%,820,"Sep 19, 2019","$75,000,000"
Prey,,,,"1,017","Aug 5, 2022","$65,000,000"
Lucy in the Sky,,21%,31%,"2,452","Oct 4, 2019","$27,000,000"
Gemini Man,,,,301,"Oct 3, 2019","$140,000,000"
Jexi,,21%,71%,"4,970","Oct 11, 2019","$5,000,000"
Maleficent: Mistress of Evil,,39%,95%,134,"Oct 17, 2019","$185,000,000"
Zombieland: Double Tap,,68%,88%,"1,453","Oct 9, 2019","$48,000,000"
Jojo Rabbit,,80%,94%,"3,654","Oct 18, 2019","$14,000,000"
The Lighthouse,,,,"5,171","Oct 18, 2019","$4,000,000"
Countdown,,,,"4,687","Oct 25, 2019","$6,500,000"
Terminator: Dark Fate,,70%,82%,136,"Oct 25, 2019","$185,000,000"
Motherless Brooklyn,,64%,80%,"2,486","Nov 1, 2019","$26,000,000"
The Irishman,,95%,86%,213,"Nov 1, 2019","$159,000,000"
Harriet,,74%,97%,"3,296","Nov 1, 2019","$17,000,000"
Arctic Dogs,,12%,60%,"1,434","Nov 1, 2019","$50,000,000"
Doctor Sleep,,78%,89%,"1,539","Oct 31, 2019","$45,000,000"
Last Christmas,,,,"2,232","Nov 7, 2019","$30,000,000"
Klaus,,95%,96%,"1,816","Nov 8, 2019","$40,000,000"
Honey Boy,,95%,92%,"5,302","Nov 7, 2019","$3,500,000"
The Good Liar,,64%,85%,"4,128","Nov 8, 2019","$10,000,000"
A Beautiful Day in the Neighborhood,,95%,92%,"1,516","Nov 22, 2019","$45,000,000"
21 Bridges,,54%,91%,"2,076","Nov 22, 2019","$33,000,000"
Knives Out,,97%,92%,"1,634","Nov 27, 2019","$40,000,000"
Queen & Slim,,82%,92%,"2,915","Nov 27, 2019","$20,000,000"
The Aeronauts,,72%,95%,769,"Nov 1, 2019","$80,000,000"
Richard Jewell,,77%,96%,"1,547","Dec 13, 2019","$45,000,000"
6 Underground,,36%,60%,276,"Dec 13, 2019","$150,000,000"
Bombshell,,,0%,"2,106","Dec 13, 2019","$32,000,000"
Seberg,,35%,51%,"4,497","Jan 10, 2020","$8,000,000"
Cats,,,,522,"Dec 17, 2019","$100,000,000"
Spies in Disguise,,77%,92%,504,"Dec 25, 2019","$100,000,000"
Just Mercy,,85%,99%,"2,562","Dec 25, 2019","$25,000,000"
Dolittle,,15%,76%,171,"Jan 8, 2020","$175,000,000"
The Invisible Man,,,,"4,578","Feb 26, 2020","$7,000,000"
The Call of the Wild,,,,370,"Jan 3, 2020","$125,000,000"
Onward,,88%,95%,105,"Feb 28, 2020","$200,000,000"
The Croods: A New Age,,77%,94%,988,"Nov 25, 2020","$65,000,000"
Tenet,,69%,76%,60,"Aug 26, 2020","$205,000,000"
Wonder Woman 1984,,57%,73%,107,"Dec 16, 2020","$200,000,000"
Like a Boss,,22%,65%,"2,351","Jan 10, 2020","$29,000,000"
The Gentlemen,,75%,84%,"2,787","Dec 27, 2019","$22,000,000"
The Turning,,86%,54%,"3,879","Jan 23, 2020","$12,000,000"
The Last Full Measure,,61%,96%,"3,073","Jan 24, 2020","$20,000,000"
The Rhythm Section,,29%,44%,"1,435","Jan 31, 2020","$50,000,000"
Gretel & Hansel,,62%,23%,"4,936","Jan 30, 2020","$5,000,000"
The Assistant,,,,"5,787","Jan 31, 2020","$1,780,000"
Timmy Failure: Mistakes Were Made,,85%,60%,"1,821","Feb 7, 2020","$40,000,000"
Fantasy Island,,,82%,"4,590","Feb 12, 2020","$7,000,000"
The Photograph,,,60%,"3,519","Feb 14, 2020","$15,000,000"
Brahms: The Boy II,,11%,44%,"4,145","Feb 20, 2020","$10,000,000"
Impractical Jokers: The Movie,,35%,76%,"5,395","Feb 21, 2020","$3,000,000"
The Way Back,,74%,72%,"2,751","Mar 5, 2020","$23,000,000"
The Banker,,,36%,"4,021","Mar 6, 2020","$11,000,000"
Bloodshot,,,,"1,566","Nov 29, 2019","$45,000,000"
The Hunt,,,,"3,164","Mar 12, 2020","$18,200,000"
I Still Believe,,49%,98%,"3,892","Mar 11, 2020","$12,000,000"
The Lovebirds,,,,"3,413","May 22, 2020","$16,000,000"
Artemis Fowl,,8%,20%,535,"Jun 12, 2020","$100,000,000"
The King of Staten Island,,76%,83%,"2,048","Jun 12, 2020","$35,000,000"
7500,,71%,61%,"5,062","Jul 18, 2019","$5,000,000"
My Spy,,48%,39%,"3,258","Jan 10, 2020","$18,000,000"
The Old Guard,,80%,70%,932,"Jul 10, 2020","$70,000,000"
Greyhound,,78%,76%,"1,295","Jul 10, 2020","$50,300,000"
Animal Crackers,,97%,89%,"3,333","Jul 15, 2018","$17,000,000"
The Secret: Dare to Dream,,28%,72%,"4,311","Jul 30, 2020","$9,400,000"
Summerland,,,,"5,971","Jun 24, 2020","$1,100,000"
The Tax Collector,,18%,72%,"2,320","Aug 7, 2020","$30,000,000"
Project Power,,61%,46%,634,"Aug 14, 2020","$85,100,000"
The SpongeBob Movie: Sponge on the Run,,66%,49%,"1,154","Jul 31, 2020","$60,000,000"
Unhinged,,,25%,"2,077","Jul 16, 2020","$33,000,000"
Cut Throat City,,70%,39%,"4,490","Jul 31, 2020","$8,000,000"
Words on Bathroom Walls,,89%,94%,"4,313","Aug 21, 2020","$9,300,000"
Bill & Ted Face the Music,,82%,65%,"2,655","Aug 23, 2020","$25,000,000"
The New Mutants,,36%,56%,955,"Aug 26, 2020","$67,000,000"
The Personal History of David Copperfield,,92%,54%,"3,420","Jan 24, 2020","$15,600,000"
The Trial of the Chicago 7,,89%,90%,"2,050","Oct 2, 2020","$35,000,000"
Love and Monsters,,94%,89%,"2,319","Oct 16, 2020","$30,000,000"
Honest Thief,,41%,87%,"2,285","Oct 8, 2020","$30,000,000"
Come Play,,56%,67%,"4,347","Oct 29, 2020","$9,000,000"
The Informer,,,,"1,159","Aug 30, 2019","$60,000,000"
Hillbilly Elegy,,25%,81%,"1,577","Nov 11, 2020","$45,000,000"
Freaky,,83%,80%,"4,764","Nov 12, 2020","$6,000,000"
The Climb,,,72%,"5,452","Jul 29, 2020","$3,000,000"
Sound of Metal,,97%,90%,"4,873","Jan 31, 2020","$5,400,000"
The Midnight Sky,,49%,26%,534,"Dec 9, 2020","$100,000,000"
Monster Hunter,,44%,70%,"1,143","Feb 18, 2020","$60,000,000"
Greenland,,78%,63%,"2,065","Jul 31, 2020","$34,000,000"
Soul,,95%,88%,109,"Dec 24, 2020","$200,000,000"
News of the World,,88%,89%,"1,861","Dec 25, 2020","$38,000,000"
One Night in Miami,,98%,78%,"3,336","Dec 26, 2020","$16,937,665"
Eternals,,47%,77%,91,"Nov 3, 2021","$200,000,000"
Sing 2,,72%,98%,641,"Dec 1, 2021","$85,000,000"
No Time to Die,,,,35,"Sep 29, 2021","$250,000,000"
Ghostbusters: Afterlife,,63%,94%,804,"Nov 18, 2021","$75,000,000"
The Marksman,,,,"2,750","Jan 15, 2021","$23,000,000"
Our Friend,,86%,95%,"4,233","Jan 22, 2021","$10,000,000"
The Little Things,,,,"2,281","Jan 28, 2021","$30,000,000"
Nomadland,,93%,82%,"4,992","Jan 29, 2021","$5,000,000"
Malcolm & Marie,,57%,67%,"5,580","Feb 5, 2021","$2,500,000"
Palmer,,72%,88%,"4,677","Jan 29, 2021","$6,713,933"
Judas and the Black Messiah,,96%,95%,"2,488","Feb 12, 2021","$26,000,000"
Minari,,98%,87%,"5,663","Dec 11, 2020","$2,000,000"
Cherry,,,50%,"1,819","Feb 26, 2021","$40,000,000"
Coming 2 America,,49%,38%,"1,160","Mar 5, 2021","$60,000,000"
Chaos Walking,,21%,71%,529,"Feb 3, 2021","$100,000,000"
Nobody,,,,"3,368","Mar 19, 2021","$16,000,000"
Godzilla vs. Kong,,76%,91%,217,"Mar 25, 2021","$155,000,000"
Voyagers,,25%,55%,"2,359","Apr 8, 2021","$29,000,000"
Wrath of Man,,67%,90%,"1,746","Apr 22, 2021","$40,000,000"
Army of the Dead,,,14%,624,"May 14, 2021","$90,000,000"
The Woman in the Window,,86%,83%,"1,818","May 14, 2021","$40,000,000"
Spiral,,,,"2,966","May 12, 2021","$20,000,000"
Spirit Untamed,,47%,95%,"2,273","Mar 7, 2021","$30,000,000"
The Conjuring: The Devil Made Me Do It,,55%,83%,"1,678","Mar 7, 2021","$40,000,000"
Peter Rabbit 2: The Runaway,,67%,89%,"1,533","Mar 26, 2021","$45,000,000"
The Misfits,,17%,46%,"5,179","Feb 1, 1961","$4,000,000"
The House Next Door: Meet the Blacks 2,,17%,50%,"5,303","Jun 11, 2021","$3,500,000"
Zola,,88%,68%,"4,982","Jun 30, 2021","$5,000,000"
The Tomorrow War,,52%,76%,111,"Jul 2, 2021","$200,000,000"
The Boss Baby: Family Business,,46%,89%,686,"Jul 1, 2021","$82,000,000"
The Forever Purge,,49%,78%,"3,185","Jul 1, 2021","$18,000,000"
Space Jam: A New Legacy,,25%,79%,267,"Jul 14, 2021","$150,000,000"
Escape Room: Tournament of Champions,,51%,75%,"3,508","Jul 1, 2021","$15,000,000"
How It Ends,,16%,17%,"3,112","Jul 13, 2018","$20,000,000"
Old,,50%,53%,"3,184","Jul 21, 2021","$18,000,000"
Midnight in the Switchgrass,,8%,20%,"3,623","Jul 23, 2021","$15,000,000"
Jungle Cruise,,62%,92%,96,"Jul 28, 2021","$200,000,000"
The Green Knight,,89%,50%,"3,526","Jul 30, 2021","$15,000,000"
The Suicide Squad,,90%,82%,137,"Jul 28, 2021","$185,000,000"
Reminiscence,,,,950,"Aug 18, 2021","$67,972,729"
Annette,,71%,76%,"3,426","Jul 7, 2021","$15,500,000"
Malignant,,,40%,"1,784","Sep 2, 2021","$40,000,000"
The Many Saints of Newark,,71%,59%,"1,428","Sep 24, 2021","$50,000,000"
Halloween Kills,,39%,66%,"2,875","Oct 14, 2021","$20,000,000"
The Last Duel,,,,530,"Oct 13, 2021","$100,000,000"
A Mouthful of Air,,68%,80%,"5,596","Oct 29, 2021","$2,300,000"
Red Notice,,36%,92%,274,"Nov 4, 2021","$150,000,000"
Clifford the Big Red Dog,,58%,94%,"1,019","Nov 10, 2021","$64,000,000"
The Power of the Dog,,94%,76%,"2,049","Nov 17, 2021","$35,000,000"
King Richard,,90%,98%,"1,415","Nov 18, 2021","$50,000,000"
House of Gucci,,62%,83%,823,"Nov 24, 2021","$75,000,000"
Resident Evil: Welcome to Raccoon City,,30%,65%,"2,605","Nov 24, 2021","$25,000,000"
Licorice Pizza,,90%,66%,"1,769","Nov 26, 2021","$40,000,000"
West Side Story,,92%,84%,516,"Dec 8, 2021","$100,000,000"
West Side Story,,92%,84%,"4,729","Oct 18, 1961","$6,000,000"
National Champions,,66%,79%,"4,368","Dec 10, 2021","$9,000,000"
Nightmare Alley,,88%,86%,"1,149","Dec 17, 2021","$60,000,000"
The Lost Daughter,,94%,56%,"5,041","Dec 16, 2021","$5,000,000"
The Matrix Resurrections,,63%,63%,125,"Dec 16, 2021","$190,000,000"
A Journal for Jordan,,39%,95%,"2,645","Dec 25, 2021","$25,000,000"
Top Gun: Maverick,,96%,99%,155,"May 20, 2022","$177,000,000"
Avatar: The Way of Water,,76%,92%,3,"Dec 9, 2022","$400,000,000"
Black Panther: Wakanda Forever,,84%,94%,25,"Nov 9, 2022","$250,000,000"
Doctor Strange in the Multiverse of Madness,,74%,85%,70,"May 4, 2022","$200,000,000"
Minions: The Rise of Gru,,70%,89%,472,"Jun 16, 2022","$100,000,000"
The Batman,,85%,87%,74,"Mar 1, 2022","$200,000,000"
Thor: Love and Thunder,,63%,76%,28,"Jul 1, 2022","$250,000,000"
Sonic the Hedgehog 2,,68%,96%,579,"Mar 30, 2022","$90,000,000"
Puss in Boots: The Last Wish,,95%,94%,421,"Dec 2, 2022","$110,000,000"
The 355,,24%,86%,840,"Jan 6, 2022","$75,000,000"
Moonfall,,35%,70%,273,"Feb 3, 2022","$150,000,000"
Shut In,,4%,23%,"4,172","Mar 17, 2016","$10,000,000"
Marry Me,,,,"2,742","Feb 9, 2022","$23,000,000"
Uncharted,,,17%,381,"Feb 10, 2022","$120,000,000"
Dog,,,,"3,455","Feb 18, 2022","$15,000,000"
A Day to Die,,,87%,"5,043","Mar 4, 2022","$5,000,000"
Turning Red,,95%,67%,174,"Mar 10, 2022","$175,000,000"
X,,,,"5,994","Mar 17, 2022","$1,000,000"
The Lost City,,79%,83%,850,"Mar 24, 2022","$74,000,000"
The Lost City,,79%,83%,"4,298","Apr 28, 2006","$9,600,000"
Morbius,,15%,71%,815,"Mar 30, 2022","$75,000,000"
Father Stu,,43%,95%,"5,158","Apr 13, 2022","$4,000,000"
Fantastic Beasts: The Secrets of Dumbledore,,46%,83%,100,"Apr 6, 2022","$200,000,000"
The Bad Guys,,,,889,"Mar 17, 2022","$70,000,000"
The Unbearable Weight of Massive Talent,,87%,87%,"2,261","Apr 1, 2022","$30,000,000"
Survivor,,,25%,"3,105","May 29, 2015","$20,000,000"
Operation Mincemeat,,83%,66%,"4,712","Apr 15, 2022","$6,300,000"
Lightyear,,74%,84%,95,"Jun 15, 2022","$200,000,000"
Elvis,,77%,94%,644,"Jun 22, 2022","$85,000,000"
The Black Phone,,82%,88%,"3,170","Jun 22, 2022","$18,000,000"
The Man From Toronto,,,,846,"Jun 24, 2022","$75,000,000"
Marcel the Shell with Shoes On,,98%,90%,"4,770","Jun 24, 2022","$6,000,000"
The Gray Man,,,35%,112,"Jul 13, 2022","$200,000,000"
Where the Crawdads Sing,,35%,96%,"2,688","Jul 15, 2022","$24,000,000"
Paws of Fury: The Legend of Hank,,54%,67%,"1,554","Jul 15, 2022","$45,000,000"
Nope,,83%,69%,939,"Jul 21, 2022","$68,000,000"
Bullet Train,,,56%,633,"Jul 14, 2022","$85,900,000"
Three Thousand Years of Longing,,71%,73%,"1,152","Aug 24, 2022","$60,000,000"
The Woman King,,94%,99%,"1,337","Sep 15, 2022","$50,000,000"
Hocus Pocus 2,,65%,47%,"1,823","Sep 30, 2022","$40,000,000"
"Lyle, Lyle, Crocodile",,71%,93%,"1,362","Oct 6, 2022","$50,000,000"
Amsterdam,,,19%,767,"Oct 6, 2022","$80,000,000"
Halloween Ends,,40%,57%,"2,891","Oct 12, 2022","$20,000,000"
Black Adam,,39%,88%,89,"Oct 19, 2022","$200,000,000"
Ticket to Paradise,,,,"1,077","Sep 8, 2022","$60,000,000"
The Banshees of Inisherin,,96%,75%,"3,030","Oct 21, 2022","$20,000,000"
Armageddon Time,,76%,48%,"3,593","Sep 14, 2022","$15,000,000"
The Menu,,88%,76%,"2,222","Nov 16, 2022","$30,000,000"
The Inspection,,88%,91%,"5,445","Nov 18, 2022","$3,000,000"
Strange World,,72%,66%,149,"Nov 22, 2022","$180,000,000"
Devotion,,,,618,"Nov 23, 2022","$90,000,000"
Violent Night,,73%,88%,"2,904","Nov 30, 2022","$20,000,000"
The Whale,,86%,84%,"5,383","Dec 21, 2022","$3,000,000"
A Man Called Otto,,70%,97%,"1,341","Dec 25, 2022","$50,000,000"
Barbie,,88%,83%,278,"Jul 19, 2023","$145,000,000"
The Super Mario Bros. Movie,,59%,95%,470,"Apr 4, 2023","$100,000,000"
Wonka,,82%,91%,354,"Dec 6, 2023","$125,000,000"
John Wick: Chapter 4,,94%,93%,479,"Mar 22, 2023","$100,000,000"
Sound of Freedom,,57%,99%,"3,627","Jul 4, 2023","$14,500,000"
M3GAN,,93%,78%,"3,825","Dec 28, 2022","$12,000,000"
The Drop,,89%,76%,"3,794","Sep 12, 2014","$12,600,000"
Drop,,,,"3,991","Apr 9, 2025","$11,000,000"
Knock at the Cabin,,67%,63%,"2,934","Feb 1, 2023","$20,000,000"
80 for Brady,,58%,89%,"2,391","Feb 3, 2023","$28,000,000"
Jesus Revolution,,54%,99%,"3,462","Feb 24, 2023","$15,000,000"
Creed III,,88%,95%,801,"Mar 1, 2023","$75,000,000"
Operation Fortune: Ruse de guerre,,51%,82%,"1,430","Jan 5, 2023","$50,000,000"
Scream VI,,76%,91%,"2,069","Mar 8, 2023","$33,000,000"
65,,36%,65%,"1,537","Mar 9, 2023","$45,000,000"
Shazam! Fury of the Gods,,49%,86%,372,"Mar 15, 2023","$125,000,000"
Dungeons & Dragons: Honor Among Thieves,,91%,93%,262,"Mar 2, 2023","$150,000,000"
Renfield,,58%,79%,631,"Apr 6, 2023","$86,203,077"
Mafia Mamma,,21%,67%,"1,628","Apr 13, 2023","$41,000,000"
Evil Dead Rise,,84%,76%,"3,451","Apr 19, 2023","$15,000,000"
Knights of the Zodiac,,21%,60%,"1,157","Mar 25, 2023","$60,000,000"
Fast X,,56%,84%,7,"May 17, 2023","$340,000,000"
The Machine,,,,"3,033","May 25, 2023","$20,000,000"
Past Lives,,95%,84%,"3,891","Jun 2, 2023","$12,000,000"
Transformers: Rise of the Beasts,,52%,91%,114,"Jun 6, 2023","$195,000,000"
The Flash,,,,98,"Jun 13, 2023","$200,000,000"
Elemental,,100%,60%,93,"Jun 14, 2023","$200,000,000"
Indiana Jones and the Dial of Destiny,,70%,88%,12,"Jun 28, 2023","$300,000,000"
"Ruby Gillman, Teenage Kraken",,65%,81%,925,"Jun 28, 2023","$70,000,000"
Insidious: The Red Door,,39%,70%,"3,352","Jul 5, 2023","$16,000,000"
Teenage Mutant Ninja Turtles: Mutant Mayhem,,95%,90%,881,"Aug 2, 2023","$70,000,000"
Meg 2: The Trench,,27%,73%,344,"Jul 29, 2023","$129,000,000"
The Last Voyage of the Demeter,,49%,75%,"1,561","Aug 9, 2023","$45,000,000"
Blue Beetle,,77%,91%,390,"Aug 16, 2023","$120,000,000"
Strays,,40%,44%,"1,488","Aug 4, 2023","$46,000,000"
Bottoms,,90%,89%,"3,961","Aug 25, 2023","$11,300,000"
The Nun II,,52%,73%,"1,836","Sep 6, 2023","$38,000,000"
Dumb Money,,84%,85%,"2,286","Sep 15, 2023","$30,000,000"
Expend4bles,,13%,70%,527,"Sep 15, 2023","$100,000,000"
The Creator,,,,742,"Sep 27, 2023","$80,000,000"
Saw X,,80%,89%,"3,727","Sep 27, 2023","$13,000,000"
The Exorcist: Believer,,22%,59%,"2,173","Oct 4, 2023","$30,000,000"
Dicks: The Musical,,67%,66%,"4,484","Oct 6, 2023","$8,000,000"
TAYLOR SWIFT | THE ERAS TOUR,,99%,98%,"3,432","Oct 13, 2023","$15,000,000"
Killers of the Flower Moon,,93%,84%,102,"Oct 18, 2023","$200,000,000"
Priscilla,,84%,63%,"2,976","Oct 27, 2023","$20,000,000"
The Marvels,,62%,82%,16,"Nov 8, 2023","$270,000,000"
Journey to Bethlehem,,75%,94%,"4,768","Nov 10, 2023","$6,000,000"
The Hunger Games: The Ballad of Songbirds & Snakes,,64%,89%,483,"Nov 15, 2023","$100,000,000"
Trolls Band Together,,63%,92%,547,"Oct 12, 2023","$95,000,000"
Thanksgiving,,,,"3,492","Nov 16, 2023","$15,000,000"
Next Goal Wins,,100%,89%,"4,177","Nov 16, 2023","$10,000,000"
Wish,,,,104,"Nov 22, 2023","$200,000,000"
Napoleon,,,,106,"Nov 22, 2023","$200,000,000"
Abigail,,,38%,"2,400","Apr 17, 2024","$28,000,000"
American Fiction,,93%,96%,"4,114","Dec 15, 2023","$10,000,000"
Aquaman and the Lost Kingdom,,33%,81%,58,"Dec 20, 2023","$205,000,000"
Migration,,,,860,"Dec 6, 2023","$72,000,000"
The Iron Claw,,100%,100%,"3,414","Dec 21, 2023","$15,900,000"
Ferrari,,,,556,"Dec 14, 2023","$95,000,000"
