primaryTitle,originalTitle,genres,critic_score,audience_score
"Hamlet, Prince of Denmark",hamlet,Drama,100%,91%
Carmen,carmen,,78%,
Oliver Twist,oliver twist,Drama,,
Macbeth,macbeth,"Crime,Drama",,
Macbeth,macbeth,"Crime,Drama",80%,73%
The Prisoner of Zenda,the prisoner of zenda,Adventure,,
Robin Hood,robin hood,Adventure,,
Aftermath,aftermath,Drama,82%,80%
Anna Karenina,anna karenina,Drama,,70%
Born Again,born again,Drama,,
Cinderella,cinderella,"Drama,Fantasy",98%,80%
The Crucible,the crucible,"Drama,Romance",,
Dope,dope,Drama,,
Nightmare,nightmare,,,50%
The Pit,the pit,Drama,,38%
Samson,samson,Drama,,40%
The Spy,the spy,"Drama,War",,
The Thief,the thief,Drama,,
The Three Musketeers,the three musketeers,Drama,,
Vendetta,vendetta,Drama,,
Wildflower,wildflower,"Drama,Romance",63%,93%
The Woman in Black,the woman in black,"Drama,Romance",100%,78%
Alice in Wonderland,alice in wonderland,"Adventure,Family,Fantasy",,
The Birth of a Nation,the birth of a nation,"Drama,War",91%,47%
The Boss,the boss,Drama,,
The Dictator,the dictator,"Adventure,Romance",,
The Dictator,the dictator,"Adventure,Romance",56%,44%
An Eye for an Eye,an eye for an eye,Drama,,
Fatherhood,fatherhood,Western,,
The Fifth Commandment,the fifth commandment,Drama,,25%
Four Feathers,four feathers,Drama,,100%
The Lamb,the lamb,"Adventure,Comedy,Western",,
The Quest,the quest,"Action,Adventure,Drama",,
The Raven,the raven,"Biography,Drama",,41%
The Red Circle,the red circle,Drama,96%,92%
Rumpelstiltskin,rumpelstiltskin,Fantasy,,
Scandal,scandal,Drama,,
Vanity Fair,vanity fair,Drama,51%,50%
The Vow,the vow,Drama,,
The Way Back,the way back,Crime,74%,72%
Ambition,ambition,Drama,,
The Beast,the beast,"Comedy,Drama,Romance",,
Black Friday,black friday,"Drama,History",100%,52%
The Challenge,the challenge,Drama,,60%
The Challenge,the challenge,Drama,,35%
The Deserter,the deserter,"Adventure,Western",,
The Deserter,the deserter,"Adventure,Western",,
Desperation,driven,Drama,64%,62%
The Devil's Double,the devil's double,Western,55%,64%
Iris,iris,"Drama,Romance",,
The Iron Claw,the iron claw,"Action,Adventure",100%,100%
King Lear,king lear,Drama,,
The Kiss,the kiss,"Comedy,Drama",,
Motherhood,motherhood,Drama,20%,16%
The Net,the net,"Crime,Drama",,
The Net,the net,"Crime,Drama",43%,44%
The Other Side of the Door,the other side of the door,Romance,36%,29%
The Patriot,the patriot,Western,100%,58%
The Patriot,the patriot,Western,,0%
Playing with Fire,playing with fire,Drama,,50%
Powder,powder,"Drama,War",50%,69%
Redeeming Love,redeeming love,Drama,11%,95%
Romeo and Juliet,romeo and juliet,Drama,,
She,she,"Fantasy,Sci-Fi",,24%
Sherlock Holmes,sherlock holmes,"Crime,Mystery",,
Vice Versa,vice versa,"Comedy,Fantasy",,40%
The Witch,the witch,Drama,,
The Clock,the clock,Comedy,100%,83%
A Doll's House,a doll's house,Drama,,
Down to Earth,down to earth,"Comedy,Romance",,
Easy Money,easy money,Drama,,
Envy,envy,Drama,,15%
Fighting Mad,fighting mad,"Drama,Western",,
Glory,glory,"Comedy,Drama",,
Great Expectations,great expectations,Drama,,
The Hand That Rocks the Cradle,the hand that rocks the cradle,Drama,66%,61%
House of Cards,house of cards,Drama,,
Jack and the Beanstalk,jack and the beanstalk,Fantasy,,72%
A Little Princess,a little princess,Drama,,100%
Love Letters,love letters,"Drama,Mystery",,
Magic,magic,,87%,64%
The Midnight Man,the midnight man,"Crime,Drama",,
Pride,pride,Drama,47%,72%
The Rescue,the rescue,Drama,,
The Rescue,the rescue,Drama,,68%
The Scarlet Letter,the scarlet letter,Drama,,
The Scarlet Letter,the scarlet letter,Drama,,36%
The Scarlet Pimpernel,the scarlet pimpernel,Adventure,,
Tom Sawyer,tom sawyer,"Adventure,Comedy,Drama",,
The Awakening,the awakening,Drama,,43%
The Blue Bird,the blue bird,"Family,Fantasy",,
The Claim,the claim,Drama,62%,48%
The Eagle,the eagle,"Crime,Thriller,Western",83%,71%
The House of Mirth,the house of mirth,Drama,82%,72%
Kiss or Kill,kiss or kill,"Crime,Drama",83%,76%
The Lie,the lie,Drama,74%,48%
Little Women,little women,"Drama,Family,Romance",,
The Mask,the mask,"Comedy,Drama",67%,
Midnight Madness,midnight madness,Mystery,,70%
Missing,missing,"Drama,War",,56%
Neighbors,neighbors,"Comedy,Drama",,
No Man's Land,no man's land,"Drama,War",93%,92%
Othello,othello,"Drama,Romance",,
The Other Woman,the other woman,Drama,,
The Other Woman,the other woman,Drama,,
Over the Top,over the top,"Drama,War",32%,49%
Resurrection,resurrection,Drama,,
Revenge,revenge,Western,0%,12%
Treasure Island,treasure island,"Adventure,Drama",82%,
Vengeance,vengeance,Drama,,
Atonement,atonement,"Drama,Romance",83%,80%
The Best Man,the best man,"Adventure,Comedy",72%,86%
Deliverance,deliverance,"Biography,Drama",89%,82%
Fool's Gold,fool's gold,Drama,,
Forbidden,forbidden,Drama,,
Greased Lightning,greased lightning,Comedy,,52%
Loot,loot,"Crime,Drama",,32%
The Pest,the pest,"Comedy,Drama",4%,67%
The Secret Garden,the secret garden,Drama,89%,80%
Stepping Out,stepping out,Drama,,
Thieves,thieves,"Crime,Drama",,
The Confession,the confession,Drama,,92%
Devotion,devotion,Drama,,
Earthbound,earthbound,"Crime,Drama",,
The Hound of the Baskervilles,the hound of the baskervilles,"Crime,Horror,Mystery",,
The Hound of the Baskervilles,the hound of the baskervilles,"Crime,Horror,Mystery",,69%
Huckleberry Finn,huckleberry finn,"Comedy,Drama",,38%
The Last of the Mohicans,the last of the mohicans,"Action,Adventure,Drama",,
The Lost City,the lost city,"Action,Adventure",79%,83%
Risky Business,risky business,Drama,,
Voices,voices,Drama,,29%
What Women Want,what women want,Drama,54%,54%
Wuthering Heights,wuthering heights,Drama,31%,66%
The Barbarian,the barbarian,Drama,,
Black Beauty,black beauty,Drama,,
Black Sheep,black sheep,Western,71%,53%
Cold Steel,cold steel,"Action,Drama",,11%
The Fighter,the fighter,Drama,91%,89%
First Love,first love,"Comedy,Romance",,
Fool's Paradise,fool's paradise,Romance,,
The Four Feathers,the four feathers,"Adventure,Drama,Romance",42%,65%
Habit,habit,Drama,75%,62%
High Heels,high heels,Drama,,
Hush,hush,"Drama,Romance",,
Idle Hands,idle hands,Drama,16%,58%
The Killer,the killer,Western,,
Leap Year,leap year,Comedy,,50%
Little Italy,little italy,"Comedy,Romance",,
Made in Heaven,made in heaven,"Comedy,Romance",,
Nobody's Fool,nobody's fool,Comedy,,
The Oath,the oath,Drama,75%,61%
Salvage,salvage,Drama,86%,20%
Shame,shame,Drama,65%,88%
Stranger Than Fiction,stranger than fiction,"Action,Drama",73%,85%
Barb Wire,barb wire,Western,28%,14%
Confidence,confidence,Comedy,69%,70%
Glass Houses,glass houses,"Comedy,Romance",,
Grandma's Boy,grandma's boy,"Comedy,Family",15%,85%
Gun Shy,gun shy,"Comedy,Western",26%,36%
Handle with Care,handle with care,Comedy,,
Head Over Heels,head over heels,Comedy,90%,92%
Head Over Heels,head over heels,Comedy,,
The Infidel,the infidel,Drama,59%,45%
Kissed,kissed,"Comedy,Romance",68%,67%
Kisses,kisses,"Comedy,Romance",,86%
Making the Grade,making the grade,,,54%
Nobody,nobody,"Drama,Mystery",,
Phantom,phantom,"Drama,Romance",,
Rob Roy,rob roy,Adventure,,
The Seventh Day,the seventh day,"Drama,Romance",,
Skin Deep,skin deep,"Crime,Drama",,
Sky High,sky high,"Action,Drama,Romance",,56%
Sonny,sonny,Drama,21%,41%
Speed,speed,"Action,Drama",,62%
Call of the Wild,call of the wild,Adventure,,100%
The Fog,the fog,Drama,,
The Fog,the fog,Drama,4%,19%
Fury,fury,"Adventure,Drama",,
Gossip,gossip,Drama,28%,47%
Lights Out,lights out,"Crime,Drama",,
The Love Letter,the love letter,"Crime,Drama",33%,38%
Luck,luck,"Action,Comedy,Sport",43%,38%
New Year's Eve,sylvester,Drama,,90%
The Ten Commandments,the ten commandments,"Biography,Drama,History",,
The Tie That Binds,the tie that binds,Drama,8%,32%
White Tiger,white tiger,Drama,,58%
White Tiger,white tiger,Drama,,
The Wild Party,the wild party,"Comedy,Drama",,
Against All Odds,against all odds,Western,64%,46%
The Age of Innocence,the age of innocence,Drama,,33%
The Age of Innocence,the age of innocence,Drama,88%,75%
The Bedroom Window,the bedroom window,Mystery,72%,50%
Butterfly,butterfly,"Drama,Romance",,
Hit and Run,hit and run,"Sport,Western",,16%
Manhattan,manhattan,"Adventure,Comedy,Romance",94%,92%
Michael,michael,"Drama,Romance",,
Peter Pan,peter pan,"Adventure,Family,Fantasy",,50%
Sundown,sundown,Western,,9%
Teeth,teeth,Western,80%,45%
Accused,accused,Drama,100%,
Bad Company,bad company,"Drama,Romance",,
Before Midnight,before midnight,Drama,,
Blue Blood,blue blood,Drama,,
Boy,boy,Drama,88%,86%
Braveheart,braveheart,Western,,
The Circle,the circle,"Comedy,Drama",,
Cobra,cobra,"Drama,Romance",18%,43%
Cymbeline,cymbeline,,,
The Freshman,the freshman,"Comedy,Family,Romance",95%,78%
The Freshman,the freshman,"Comedy,Family,Romance",94%,61%
The Live Wire,the live wire,"Comedy,Romance",,
Marry Me,marry me,Comedy,,
My Son,my son,"Drama,Romance",,80%
The Phantom of the Opera,the phantom of the opera,"Horror,Music",33%,84%
The Promised Land,the promised land,,,92%
Quick Change,quick change,Drama,84%,71%
Siege,siege,"Drama,Romance",,
The Verdict,the verdict,Mystery,,
The Verdict,the verdict,Mystery,88%,88%
Welcome Home,welcome home,"Comedy,Drama",,
White Fang,white fang,"Adventure,Family,Western",,14%
The Boy Friend,the boy friend,"Comedy,Romance",,
The Boy Friend,the boy friend,"Comedy,Romance",88%,68%
The Great Gatsby,the great gatsby,Drama,52%,
Metropolis,metropolis,"Drama,Sci-Fi",,78%
Moana,moana,Documentary,87%,65%
Money Talks,money talks,Comedy,15%,71%
Monte Carlo,monte carlo,"Comedy,Romance",40%,50%
North Star,north star,Drama,,24%
The Outsider,the outsider,Drama,,
Paradise,paradise,"Drama,Romance",,
Paris,paris,"Drama,Romance",92%,
The Rainmaker,the rainmaker,Drama,,
The Sea Beast,the sea beast,"Action,Adventure,Fantasy",94%,84%
The Set-Up,the set-up,"Action,Adventure,Romance",85%,89%
Shipwrecked,shipwrecked,"Adventure,Drama,Romance",,68%
Silence,silence,"Crime,Drama,Romance",,
Under Fire,under fire,Western,91%,70%
Volcano,volcano,"Drama,Romance",86%,75%
The American,the american,Western,64%,39%
Backstage,backstage,Comedy,,
Becky,becky,"Comedy,Romance",,
Birds of Prey,birds of prey,"Crime,Drama,Romance",,
Cabaret,cabaret,"Crime,Drama",92%,87%
The Cat and the Canary,the cat and the canary,"Comedy,Horror,Mystery",,72%
The Cherokee Kid,the cherokee kid,"Drama,Western",,60%
Chicago,chicago,"Comedy,Crime,Drama",86%,83%
Convoy,convoy,"Drama,War",,0%
Death Valley,death valley,"Drama,Western",75%,4%
The Dove,the dove,"Adventure,Drama,Romance",67%,
The Dove,the dove,"Adventure,Drama,Romance",,80%
Downhill,downhill,"Adventure,Drama,Thriller",89%,62%
The General,the general,"Action,Adventure,Comedy",,
It,it,"Comedy,Romance",,
The Jazz Singer,the jazz singer,"Drama,Music,Musical",78%,56%
The Jazz Singer,the jazz singer,"Drama,Music,Musical",,0%
The Last Outlaw,the last outlaw,Western,,
The Last Outlaw,the last outlaw,Western,,
The Main Event,the main event,"Drama,Romance",29%,25%
The Nest,the nest,Drama,,
New York,new york,Drama,,100%
Open Range,open range,Western,79%,84%
Ragtime,ragtime,Drama,84%,76%
The Ring,the ring,"Drama,Romance,Sport",71%,48%
Shooting Stars,shooting stars,"Drama,Romance",,
Special Delivery,special delivery,Comedy,,23%
Spring Fever,spring fever,Comedy,,
Surrender,surrender,"Action,Drama,Romance",,
Turkish Delight,turkish delight,Comedy,86%,80%
Underworld,underworld,"Crime,Drama,Film-Noir",31%,79%
The Wizard,the wizard,"Horror,Mystery,Sci-Fi",,
The Wizard,the wizard,"Horror,Mystery,Sci-Fi",27%,59%
Adoration,adoration,Drama,63%,49%
Annapolis,annapolis,"Comedy,Drama",10%,60%
The Ape,the ape,"Horror,Mystery",100%,56%
Avalanche,avalanche,"Action,Drama,Romance",,
Brotherly Love,brotherly love,Comedy,,
Celebrity,celebrity,"Drama,Romance,Sport",,
Conquest,conquest,Drama,,
The Devil's Playground,the devil's playground,"Adventure,Drama",100%,66%
The Devil's Playground,the devil's playground,"Adventure,Drama",,
Doomsday,doomsday,"Drama,Romance",50%,44%
Dressed to Kill,dressed to kill,"Comedy,Crime",83%,74%
Excess Baggage,excess baggage,Comedy,32%,40%
Finders Keepers,finders keepers,Comedy,,
Honeymoon,honeymoon,Comedy,,8%
Into the Night,into the night,"Crime,Drama",40%,49%
Just Married,just married,Comedy,20%,47%
The Man Without a Face,the man without a face,"Action,Adventure",67%,64%
Moulin Rouge,moulin rouge,Drama,,60%
Night Watch,night watch,Drama,44%,67%
Ransom,ransom,"Action,Adventure,Crime",,
The Ringer,the ringer,"Crime,Drama",,
Road House,road house,"Crime,Drama",59%,53%
The Showdown,the showdown,Drama,,
Skyscraper,skyscraper,Drama,,17%
Stand and Deliver,stand and deliver,"Drama,Romance",90%,79%
Submarine,submarine,"Action,Adventure,Drama",88%,82%
Times Square,times square,"Drama,Music,Romance",50%,73%
Two Lovers,two lovers,"Action,Drama,History",82%,59%
Waterloo,waterloo,"Drama,History,War",30%,83%
Arsenal,arsenal,"Drama,War",83%,73%
The Aviator,the aviator,"Comedy,Romance",87%,79%
Betrayal,betrayal,Drama,,
Brothers,brothers,Drama,,
Crossroads,crossroads,,,
A Dangerous Woman,a dangerous woman,"Drama,Romance",,
Dark Skies,dark skies,"Crime,Romance",,
Flight,flight,"Action,Adventure,Romance",,
Frozen River,frozen river,"Action,Adventure,Drama",88%,74%
Hot Stuff,hot stuff,Comedy,,74%
The Informer,the informer,Drama,,
Masquerade,masquerade,,13%,29%
New Year's Eve,new year's eve,Drama,,
Nothing But the Truth,nothing but the truth,"Action,Comedy,Romance",,50%
Prisoners,prisoners,"Crime,Drama,Romance",,
The River,the river,"Drama,Romance",,
A Single Man,a single man,Comedy,,
Wall Street,wall street,Drama,79%,81%
The Wolf of Wall Street,the wolf of wall street,Drama,63%,
All Quiet on the Western Front,all quiet on the western front,"Drama,War",98%,89%
Animal Crackers,animal crackers,"Comedy,Family,Musical",97%,89%
Borderline,borderline,Drama,,71%
Conspiracy,conspiracy,"Comedy,Crime,Mystery",,19%
Holiday,holiday,"Comedy,Drama",100%,89%
Honey,honey,"Comedy,Musical",21%,71%
Hurricane,hurricane,Drama,,
Hurricane,hurricane,Drama,88%,78%
Just Like Heaven,just like heaven,"Drama,Romance",54%,75%
Love at First Sight,love at first sight,"Comedy,Musical",,0%
Man Trouble,man trouble,"Crime,Drama,Music",7%,14%
The Mighty,the mighty,"Action,Drama",75%,79%
Only the Brave,only the brave,"Action,Drama,Mystery",,
Sisters,sisters,"Crime,Drama,Romance",,
Aloha,aloha,"Drama,Romance",,
Black and White,black and white,,,
Caught,caught,"Romance,Western",,
The Champ,the champ,"Drama,Family,Sport",96%,76%
Just a Gigolo,just a gigolo,"Comedy,Romance",33%,38%
Daybreak,daybreak,Drama,,
Doctors' Wives,doctors' wives,Drama,20%,
Dracula,dracula,"Drama,Fantasy,Horror",,39%
The Front Page,the front page,"Comedy,Crime,Drama",,
The Iron Man,iron man,"Drama,Romance",94%,91%
Ladies' Man,ladies' man,Drama,,
Maid to Order,maid to order,"Comedy,Mystery",42%,55%
Out of the Blue,out of the blue,Musical,,40%
Rebound,rebound,Drama,14%,38%
The Skin Game,the skin game,Drama,,
Skyline,skyline,Drama,,
Unfaithful,unfaithful,"Drama,Romance",50%,68%
Baby,baby,"Comedy,Musical",,
Big Town,big town,"Crime,Drama",,
The Boiling Point,the boiling point,Western,,
Deception,deception,Drama,53%,21%
Exposed,exposed,"Crime,Drama",,
The Intruder,the intruder,"Crime,Drama,Mystery",,
The Last Ride,the last ride,"Crime,Drama",,59%
Love Affair,love affair,"Drama,Romance",,
Money for Nothing,money for nothing,Comedy,20%,31%
The Mummy,the mummy,"Fantasy,Horror",62%,75%
Once Bitten,once bitten,Comedy,10%,39%
Partners,partners,Western,,
Scarface,scarface,"Action,Crime,Drama",79%,93%
The Stoker,the stoker,Drama,,
That's My Boy,that's my boy,"Drama,Romance,Sport",,
Bed of Roses,bed of roses,"Comedy,Drama,Romance",19%,67%
Blood Money,blood money,"Drama,Film-Noir,Romance",,
Bombshell,bombshell,"Comedy,Drama,Mystery",,0%
Death Watch,death watch,,73%,59%
Friday the Thirteenth,friday the thirteenth,"Comedy,Drama",,47%
The Fugitive,the fugitive,"Drama,Western",,
The Invisible Man,the invisible man,"Horror,Sci-Fi",,
Just My Luck,just my luck,Comedy,14%,48%
King Kong,king kong,"Adventure,Horror",84%,50%
The Man from Toronto,the man from toronto,"Comedy,Romance",,
Morning Glory,morning glory,"Drama,Romance",64%,45%
All of Me,all of me,"Drama,Romance",,
Beloved,beloved,"Drama,Musical",,
Big Business,big business,Comedy,52%,69%
Blind Justice,blind justice,"Crime,Thriller",,
Blue Steel,blue steel,"Drama,Western",,36%
Dangerous Ground,dangerous ground,Mystery,8%,35%
Dirty Work,dirty work,"Comedy,Crime,Romance",,
The Fountain,the fountain,"Drama,Romance",53%,74%
I Spy,i spy,"Comedy,Drama,Romance",15%,33%
Little Miss Marker,little miss marker,"Adventure,Comedy,Drama",89%,73%
Maniac,maniac,"Horror,Sci-Fi",,
Million Dollar Baby,million dollar baby,"Comedy,Drama,Music",90%,90%
No Escape,no escape,Drama,59%,41%
The Painted Veil,the painted veil,"Drama,Romance",74%,85%
The Pursuit of Happiness,the pursuit of happiness,"Comedy,Romance",,
The Pursuit of Happiness,the pursuit of happiness,"Comedy,Romance",,33%
Call of the Wild,the call of the wild,"Adventure,Drama,Family",,
Crime and Punishment,crime and punishment,"Crime,Drama",,
Dangerous,dangerous,"Drama,Romance",29%,68%
A Dog of Flanders,a dog of flanders,"Drama,Family",,
Enchanted April,enchanted april,"Comedy,Drama,Romance",85%,84%
Frisco Kid,frisco kid,"Action,Adventure,Crime",,29%
Home on the Range,home on the range,"Action,Drama,Romance",52%,29%
Mad Love,mad love,"Horror,Romance,Sci-Fi",,
Metropolitan,metropolitan,"Drama,Musical,Romance",93%,84%
A Midsummer Night's Dream,a midsummer night's dream,"Comedy,Fantasy,Romance",,
Opening Night,opening night,Musical,96%,90%
Reckless,reckless,"Comedy,Drama,Musical",,44%
Scrooge,scrooge,"Drama,Family,Fantasy",,
The Silver Bullet,the silver bullet,Western,,
The Silver Streak,the silver streak,Drama,,
Suicide Squad,suicide squad,"Action,Drama,Romance",,50%
Windfall,windfall,Drama,,29%
The Woman in Red,the woman in red,Drama,,33%
The Woman in Red,the woman in red,Drama,32%,39%
Viennese Love Song,faithful,Musical,6%,49%
Fame,fame,Comedy,81%,69%
Frankie and Johnnie,frankie and johnnie,"Drama,Musical",,
Head Office,head office,Drama,0%,28%
Hollywood Boulevard,hollywood boulevard,"Drama,Romance",,46%
Jenny,jenny,Drama,,
Juggernaut,juggernaut,Mystery,80%,56%
Love on the Run,love on the run,"Comedy,Fantasy,Romance",,
Shakedown,shakedown,"Action,Crime,Drama",,
The Demon Barber of Fleet Street,sweeney todd: the demon barber of fleet street,"Crime,Drama",,86%
Tango,tango,Drama,,
Ticket to Paradise,ticket to paradise,"Adventure,Comedy,Crime",,
Trouble Ahead,falling in love,Comedy,54%,63%
The Walking Dead,the walking dead,"Crime,Drama,Horror",,57%
Angel,angel,"Comedy,Drama,Romance",,
Ghost Town,ghost town,Western,100%,
Hideaway,hideaway,"Comedy,Romance",,
The Hurricane,the hurricane,"Action,Adventure,Drama",,
It Could Happen to You,it could happen to you,"Action,Adventure,Crime",,
Lost Horizon,lost horizon,"Adventure,Drama,Fantasy",93%,82%
Over the Moon,over the moon,Comedy,,33%
Snow White and the Seven Dwarfs,snow white and the seven dwarfs,"Adventure,Animation,Family",97%,78%
A Star Is Born,a star is born,"Drama,Romance",90%,80%
Trapped,trapped,Western,,
Born to Be Wild,born to be wild,"Action,Comedy,Drama",,
A Christmas Carol,a christmas carol,"Drama,Family,Fantasy",,
Gangs of New York,gangs of new york,"Crime,Drama",73%,81%
Gateway,gateway,"Drama,Romance",,
He Loved an Actress,stardust,"Comedy,Musical,Romance",77%,86%
The Last Stand,the last stand,"Drama,Music,Western",,
The Lone Ranger,the lone ranger,Western,31%,51%
Where the Buffalo Roam,where the buffalo roam,"Drama,Music,Western",19%,73%
For Love or Money,for love or money,"Comedy,Crime,Drama",,
The Green Hornet,the green hornet,"Adventure,Crime,Family",45%,43%
Gulliver's Travels,gulliver's travels,"Adventure,Animation,Comedy",,13%
Long Shot,long shot,"Drama,Romance",88%,84%
Made for Each Other,made for each other,"Comedy,Drama,Romance",,56%
The Man in the Iron Mask,the man in the iron mask,"Adventure,History,Romance",,
Nancy Drew and the Hidden Staircase,nancy drew and the hidden staircase,"Comedy,Crime,Family",,44%
Rio,rio,"Crime,Drama,Romance",72%,71%
South of the Border,south of the border,Western,54%,69%
The Star Maker,the star maker,"Biography,Comedy,Music",,
The Star Maker,the star maker,"Biography,Comedy,Music",75%,81%
The Women,the women,"Comedy,Drama",,
The Biscuit Eater,the biscuit eater,"Drama,Family",,100%
The Biscuit Eater,the biscuit eater,"Drama,Family",,48%
Claudine,claudine,,67%,91%
Fantasia,fantasia,"Animation,Family,Fantasy",95%,83%
Fingers,fingers,Drama,85%,69%
Law and Disorder,law and disorder,"Comedy,Crime,Thriller",40%,40%
Pinocchio,pinocchio,"Adventure,Animation,Comedy",0%,33%
Ski Patrol,ski patrol,"Adventure,Drama,War",,52%
Swiss Family Robinson,swiss family robinson,"Adventure,Drama,Family",,
Up in the Air,up in the air,"Comedy,Musical,Mystery",,12%
Citizen Kane,citizen kane,"Drama,Mystery",99%,90%
Dumbo,dumbo,"Adventure,Animation,Drama",95%,70%
Mr. & Mrs. Smith,mr. & mrs. smith,"Comedy,Romance",60%,58%
Public Enemies,public enemies,"Comedy,Crime,Drama",,44%
Unfinished Business,unfinished business,"Comedy,Musical,Romance",,
Virginia,virginia,"Drama,Romance",,
Bambi,bambi,"Adventure,Animation,Drama",91%,73%
The Black Swan,the black swan,"Adventure,Drama",83%,73%
Boléro,boléro,Comedy,,
Cat People,cat people,"Fantasy,Horror,Thriller",92%,73%
The Dark Tower,the dark tower,"Drama,Thriller",,43%
Edge of Darkness,edge of darkness,"Drama,War",55%,49%
The Hard Way,the hard way,"Drama,Music,Romance",,71%
The Hard Way,the hard way,"Drama,Music,Romance",75%,53%
Hurricane Smith,hurricane smith,"Action,Crime,Drama",,
Journey Into Fear,journey into fear,"Drama,Film-Noir,Thriller",,
The Jungle Book,jungle book,"Action,Adventure,Family",,
Kate & Leopold,kate & leopold,"Comedy,Fantasy,Romance",52%,62%
To Be or Not to Be,to be or not to be,"Comedy,Romance,War",96%,93%
War Dogs,war dogs,"Action,Adventure,Drama",,
Destroyer,destroyer,"Drama,Thriller,War",74%,50%
Happy Go Lucky,happy go lucky,"Comedy,Musical,Romance",,50%
Heaven Can Wait,heaven can wait,"Comedy,Drama,Fantasy",86%,69%
Holy Matrimony,holy matrimony,"Comedy,Drama",0%,24%
Hostages,hostages,"Drama,War",,
The Memphis Belle: A Story of a Flying Fortress,the memphis belle: a story of a flying fortress,"Documentary,History,War",,81%
The Renegade,the renegade,Western,,
Son of Dracula,son of dracula,"Drama,Fantasy,Horror",60%,33%
Titanic,titanic,"Action,Drama,History",88%,69%
The Adventures of Mark Twain,the adventures of mark twain,"Adventure,Biography,Drama",,59%
Alaska,alaska,"Drama,Western",,
Atlantic City,atlantic city,"Musical,Romance",100%,78%
Bluebeard,bluebeard,"Crime,Horror,Thriller",,70%
Brazil,brazil,"Comedy,Musical,Romance",,
Captain America,captain america,"Action,Adventure,Sci-Fi",12%,19%
The Contender,the contender,"Drama,Sport",,
The Contender,the contender,"Drama,Sport",,
Dark Waters,dark waters,"Drama,Film-Noir,Mystery",67%,54%
End of the Road,end of the road,"Crime,Drama,Film-Noir",,
A Lady Surrenders,love story,"Drama,Music,Romance",63%,75%
Nothing But Trouble,nothing but trouble,Comedy,,43%
Thoroughbreds,thoroughbreds,Drama,,
The Uninvited,the uninvited,"Fantasy,Horror,Mystery",,17%
The Very Thought of You,the very thought of you,"Drama,Romance,War",40%,60%
Wilson,wilson,"Biography,Drama,History",89%,41%
The Woman in the Window,the woman in the window,"Crime,Drama,Film-Noir",86%,83%
And Then There Were None,and then there were none,"Crime,Drama,Mystery",100%,77%
Bewitched,bewitched,"Crime,Drama,Film-Noir",24%,28%
Dakota,dakota,Western,22%,67%
Dillinger,dillinger,"Biography,Crime,Drama",,44%
The Unseen,the unseen,"Drama,Film-Noir,Horror",,40%
The Unseen,the unseen,"Drama,Film-Noir,Horror",,
The Wicked Lady,the wicked lady,"Adventure,Drama",,38%
The Chase,the chase,"Crime,Drama,Film-Noir",40%,44%
Cloak and Dagger,cloak and dagger,"Adventure,Film-Noir,Romance",67%,56%
Crime of the Century,crime of the century,"Crime,Drama,Film-Noir",,74%
Fear,fear,"Drama,Film-Noir,Mystery",,40%
God's Country,god's country,"Drama,Western",,91%
Inside Job,inside job,"Crime,Drama,Film-Noir",98%,91%
Just Before Dawn,just before dawn,"Crime,Drama,Mystery",60%,52%
Nocturne,nocturne,"Crime,Drama,Film-Noir",,47%
Notorious,notorious,"Drama,Film-Noir,Mystery",,
The Razor's Edge,the razor's edge,"Drama,Romance",56%,71%
Song of the South,song of the south,"Animation,Comedy,Family",50%,72%
The Big Fix,the big fix,"Crime,Drama,Film-Noir",86%,84%
The Big Fix,the big fix,"Crime,Drama,Film-Noir",88%,49%
Born to Kill,born to kill,"Crime,Drama,Film-Noir",,
Calendar Girl,calendar girl,"Musical,Romance",11%,31%
Cry Wolf,cry wolf,"Crime,Drama,Film-Noir",23%,51%
Dragnet,dragnet,"Action,Adventure,Comedy",43%,66%
The Guilty,the guilty,"Crime,Film-Noir,Mystery",40%,41%
An Ideal Husband,an ideal husband,"Comedy,Drama",,
Kiss of Death,kiss of death,"Crime,Drama,Film-Noir",,
The Long Night,the long night,"Drama,Film-Noir",,
The Long Night,the long night,"Drama,Film-Noir",,51%
The Marauders,the marauders,"Drama,Western",,
Miracle on 34th Street,miracle on 34th street,"Comedy,Drama,Family",96%,87%
Nightmare Alley,nightmare alley,"Drama,Film-Noir",88%,86%
The Secret Life of Walter Mitty,the secret life of walter mitty,"Comedy,Fantasy,Romance",52%,71%
The Secret Life of Walter Mitty,the secret life of walter mitty,"Comedy,Fantasy,Romance",82%,80%
Shoot to Kill,shoot to kill,"Crime,Drama,Film-Noir",,
When the Bough Breaks,when the bough breaks,Drama,,
Wild Country,wild country,Western,,
The Accused,the accused,"Drama,Film-Noir,Romance",,
Bodyguard,bodyguard,"Crime,Drama,Film-Noir",,64%
Quartet,quartet,"Drama,Romance",,
Fandango,fandango,Comedy,,
Fighting Back,fighting back,"Crime,Drama,Mystery",20%,47%
Homecoming,homecoming,"Drama,Mystery,Romance",0%,33%
I Love Trouble,i love trouble,"Crime,Drama,Film-Noir",22%,33%
Raw Deal,raw deal,"Crime,Drama,Film-Noir",,
Relentless,relentless,"Drama,Romance,Western",50%,33%
Rocky,rocky,Drama,,
Superman,superman,"Action,Sci-Fi",,
The Swordsman,the swordsman,"Adventure,Romance",,
Triple Threat,triple threat,"Action,Drama,Romance",,
Unfaithfully Yours,unfaithfully yours,"Comedy,Music,Romance",94%,85%
Whiplash,whiplash,"Drama,Film-Noir,Sport",,92%
The Winslow Boy,the winslow boy,Drama,,67%
All the King's Men,all the king's men,"Drama,Film-Noir",12%,40%
The Blue Lagoon,the blue lagoon,"Adventure,Drama,Romance",12%,53%
Conspirator,conspirator,"Crime,Drama,Thriller",0%,41%
Fools Rush In,fools rush in,Comedy,31%,64%
The Hidden Room,obsession,"Crime,Film-Noir,Thriller",,
Home of the Brave,home of the brave,"Drama,War",23%,46%
Homicide,homicide,"Crime,Drama",,
Jigsaw,jigsaw,"Crime,Drama,Film-Noir",,
The Judge,the judge,"Crime,Drama,Film-Noir",,
Project X,project x,"Action,Adventure,Drama",,71%
Born Yesterday,born yesterday,"Comedy,Drama,Romance",,
Breakthrough,breakthrough,"Drama,War",,
Cheaper by the Dozen,cheaper by the dozen,"Comedy,Drama,Family",24%,56%
Crisis,crisis,"Crime,Drama,Romance",,
Cyrano de Bergerac,cyrano de bergerac,"Adventure,Drama,Romance",,
Dark City,dark city,"Crime,Drama,Film-Noir",76%,85%
Father of the Bride,father of the bride,"Comedy,Drama,Romance",,
The Glass Menagerie,the glass menagerie,Drama,,
The Goldbergs,molly,Comedy,14%,52%
Hot Rod,hot rod,"Action,Drama",39%,64%
Man in the Dinghy,into the blue,Comedy,21%,57%
Julius Caesar,julius caesar,"Drama,History",,
Last Holiday,last holiday,"Comedy,Drama,Romance",100%,77%
My Blue Heaven,my blue heaven,"Drama,Musical",71%,59%
Native Son,native son,"Drama,Film-Noir",44%,
No Way Out,no way out,"Crime,Drama,Film-Noir",,
Pretty Baby,pretty baby,Comedy,71%,58%
Stage Fright,stage fright,"Film-Noir,Mystery,Thriller",,
Stella,stella,"Comedy,Crime,Romance",29%,76%
Fortune in Diamonds,the adventurers,"Adventure,Drama",,41%
Anna,anna,"Drama,Romance",,
The Black Widow,black widow,"Crime,Drama,Thriller",,
The Browning Version,the browning version,Drama,78%,79%
The Day the Earth Stood Still,the day the earth stood still,"Drama,Sci-Fi",21%,27%
Death of a Salesman,death of a salesman,Drama,100%,77%
The Enforcer,the enforcer,"Crime,Film-Noir,Thriller",69%,59%
G.I. Jane,g.i. jane,Musical,53%,53%
The Girl on the Bridge,the girl on the bridge,"Crime,Drama",88%,91%
I'll See You in My Dreams,i'll see you in my dreams,"Biography,Comedy,Drama",93%,68%
Lone Star,lone star,"Drama,Western",,
Bloodhounds of Broadway,bloodhounds of broadway,"Comedy,Musical",,
Breakdown,breakdown,"Crime,Drama,Film-Noir",,
Carrie,carrie,"Drama,Romance",50%,44%
Fargo,fargo,Western,95%,92%
Ghost Ship,ghost ship,Horror,15%,37%
The Importance of Being Earnest,the importance of being earnest,"Comedy,Drama",57%,72%
Invitation,invitation,"Drama,Romance",,57%
My Cousin Rachel,my cousin rachel,"Drama,Mystery,Romance",60%,74%
No Holds Barred,no holds barred,"Comedy,Family",10%,34%
The Star,the star,"Drama,Romance",25%,59%
The Stranger in Between,hunted,"Crime,Drama,Film-Noir",,62%
The Stranger in Between,hunted,"Crime,Drama,Film-Noir",,
Target,target,Western,,
Thunderbirds,thunderbirds,"Adventure,Drama,Romance",19%,37%
Mr. Potts Goes to Moscow,top secret,Comedy,,
When in Rome,when in rome,"Comedy,Crime,Drama",17%,41%
Arena,arena,"Drama,Sport,Western",,
Child's Play,child's play,"Comedy,Sci-Fi",74%,65%
The Girl Next Door,the girl next door,"Comedy,Musical",,65%
The Girl Next Door,the girl next door,"Comedy,Musical",,71%
The Horse's Mouth,the oracle,"Comedy,Fantasy",,0%
House of Wax,house of wax,Horror,28%,43%
Inferno,inferno,"Crime,Drama,Romance",,
Invaders from Mars,invaders from mars,"Horror,Sci-Fi",88%,56%
Jennifer,jennifer,"Drama,Mystery,Thriller",,40%
Let's Do It Again,let's do it again,"Comedy,Musical",60%,86%
The Marksman,the marksman,Western,,
The Marksman,the marksman,Western,,23%
Never Let Me Go,never let me go,"Adventure,Drama,Romance",,62%
Off Limits,off limits,Comedy,45%,31%
Return to Paradise,return to paradise,"Adventure,Drama,Romance",,0%
Split Second,split second,"Crime,Drama,Film-Noir",,33%
Taxi,taxi,"Drama,Romance",9%,43%
Twice Upon a Time,twice upon a time,"Comedy,Drama,Family",,91%
Vice Squad,vice squad,"Crime,Drama,Film-Noir",60%,65%
White Lightning,white lightning,"Drama,Sport",67%,61%
The Bounty Hunter,the bounty hunter,"Drama,Western",,
Double Jeopardy,double jeopardy,"Action,Adventure,Crime",,27%
The Fast and the Furious,the fast and the furious,"Crime,Drama,Film-Noir",54%,74%
Impulse,impulse,"Crime,Drama,Mystery",,22%
Maxie,maxie,"Comedy,Drama",0%,27%
Sabrina,sabrina,"Comedy,Drama,Romance",,43%
Taxi Driver,taxi driver,"Musical,Romance",89%,93%
Young at Heart,young at heart,"Drama,Music,Romance",90%,91%
Angela,angela,"Crime,Drama",,
The Cobweb,the cobweb,Drama,75%,48%
Lady and the Tramp,lady and the tramp,"Adventure,Animation,Comedy",93%,80%
The Ladykillers,the ladykillers,"Comedy,Crime",54%,43%
Summertime,summertime,"Comedy,Drama,Romance",92%,79%
Top Gun,top gun,Western,57%,83%
Underwater!,underwater!,"Adventure,Drama",,14%
Yellow Rose,yellow rose,,87%,76%
1984,1984,"Drama,Sci-Fi",,75%
Anastasia,anastasia,"Biography,Drama,History",,90%
Beyond a Reasonable Doubt,beyond a reasonable doubt,"Crime,Drama,Film-Noir",68%,56%
The Brave One,the brave one,"Drama,Family",43%,64%
Giant,giant,"Drama,Western",88%,87%
The Harder They Fall,the harder they fall,"Drama,Film-Noir,Sport",88%,93%
Hot Shots,hot shots,"Comedy,Family",,
The King and I,the king and i,"Biography,Drama,Musical",13%,41%
A Kiss Before Dying,a kiss before dying,"Crime,Drama,Film-Noir",36%,31%
The Peacemaker,the peacemaker,Western,,
Reprisal!,reprisal!,Western,,
Smiley,smiley,Comedy,,
3:10 to Yuma,3:10 to yuma,"Adventure,Drama,Thriller",89%,86%
Fire Down Below,fire down below,"Adventure,Drama,Romance",,27%
The Girl Most Likely,the girl most likely,"Comedy,Musical",,17%
Code of Silence,code of silence,"Crime,Drama",68%,51%
Lizzie,lizzie,Drama,,7%
Man on Fire,man on fire,Drama,39%,89%
The Moonraker,the moonraker,"Action,Adventure,Drama",,38%
Not of This Earth,not of this earth,"Horror,Sci-Fi",,
La vida por delante,la vida por delante,Comedy,,
The Blob,the blob,"Horror,Sci-Fi",68%,52%
Christine,christine,"Comedy,Drama,Romance",72%,64%
Dunkirk,dunkirk,"Action,Drama,History",60%,73%
The Fly,the fly,"Drama,Horror,Sci-Fi",,
House on Haunted Hill,house on haunted hill,"Crime,Horror,Mystery",79%,73%
In Love and War,in love and war,"Drama,War",,33%
Joy Ride,joy ride,"Crime,Drama,Film-Noir",74%,66%
The Witches from Another World,machete,"Adventure,Comedy,Drama",70%,63%
The Matchmaker,the matchmaker,"Comedy,Romance",,29%
Teacher's Pet,teacher's pet,"Comedy,Romance",,
Vertigo,vertigo,"Mystery,Romance,Thriller",92%,93%
Ben-Hur,ben-hur,"Adventure,Drama",85%,89%
Girls Town,girls town,"Crime,Drama,Music",,
Journey to the Center of the Earth,journey to the center of the earth,"Adventure,Family,Fantasy",84%,69%
Labyrinth,labyrinth,Drama,77%,86%
The Rookie,the rookie,Comedy,84%,70%
Santa Claus,santa claus,"Comedy,Family,Fantasy",22%,67%
The Shaggy Dog,the shaggy dog,"Comedy,Family,Fantasy",,
The Shaggy Dog,the shaggy dog,"Comedy,Family,Fantasy",26%,39%
Sleeping Beauty,sleeping beauty,"Adventure,Animation,Family",,
"Tarzan, the Ape Man","tarzan, the ape man","Action,Adventure,Romance",,20%
Warlock,warlock,Western,56%,48%
The Alamo,the alamo,"Adventure,Drama,History",29%,46%
Boulevard,boulevard,"Comedy,Drama",,20%
The Hand,the hand,"Crime,Drama,Horror",,93%
Inherit the Wind,inherit the wind,"Biography,Drama,History",93%,91%
The Magnificent Seven,the magnificent seven,"Action,Adventure,Drama",64%,71%
Ocean's Eleven,ocean's eleven,"Comedy,Crime,Music",83%,80%
Private Property,private property,"Crime,Drama",71%,
Psycho,psycho,"Drama,Horror,Mystery",97%,95%
The Risk,suspect,"Crime,Drama,Thriller",,
School for Scoundrels,school for scoundrels,Comedy,27%,52%
There Was a Crooked Man,there was a crooked man,Comedy,82%,72%
The Time Machine,the time machine,"Adventure,Romance,Sci-Fi",,43%
All Night Long,all night long,"Drama,Music",,
Cry Freedom,cry freedom,"Drama,Romance,War",74%,87%
The Kitchen,the kitchen,Drama,24%,69%
Dark Journey,leviathan,Drama,23%,27%
The Misfits,the misfits,"Drama,Romance,Western",17%,46%
The Misfits,the misfits,"Drama,Romance,Western",97%,78%
One Hundred and One Dalmatians,one hundred and one dalmatians,"Adventure,Animation,Comedy",98%,76%
Paradise Alley,paradise alley,Drama,40%,44%
The Parent Trap,the parent trap,"Comedy,Family,Romance",87%,70%
Sanctuary,sanctuary,Drama,,89%
Something Wild,something wild,Drama,91%,69%
West Side Story,west side story,"Crime,Drama,Musical",92%,84%
Wonderful to Be Young!,the young ones,"Comedy,Musical",,54%
Beauty and the Beast,beauty and the beast,"Family,Fantasy,Horror",,
Beauty and the Beast,beauty and the beast,"Family,Fantasy,Horror",93%,92%
Lawrence of Arabia,lawrence of arabia,"Adventure,Biography,Drama",93%,93%
Lolita,lolita,"Crime,Drama,Romance",,
The Manchurian Candidate,the manchurian candidate,"Drama,Thriller",80%,63%
No Exit,no exit,Drama,,50%
Professor,professor,"Comedy,Drama,Musical",,
Serena,serena,"Crime,Drama,Mystery",,
Dilemma,dilemma,Drama,,
From Russia with Love,from russia with love,"Action,Adventure,Thriller",97%,84%
House of the Damned,house of the damned,"Horror,Mystery,Thriller",,44%
Lord of the Flies,lord of the flies,"Adventure,Drama,Thriller",55%,52%
The Nutty Professor,the nutty professor,"Comedy,Romance,Sci-Fi",82%,67%
The Nutty Professor,the nutty professor,"Comedy,Romance,Sci-Fi",,36%
The Pink Panther,the pink panther,"Comedy,Crime,Romance",89%,78%
The Pink Panther,the pink panther,"Comedy,Crime,Romance",21%,51%
The Quick and the Dead,the quick and the dead,"Action,Drama,War",,
Rampage,rampage,"Adventure,Romance",,
The Running Man,the running man,"Crime,Drama,Thriller",67%,61%
Shotgun Wedding,shotgun wedding,Comedy,,
The Sword in the Stone,the sword in the stone,"Adventure,Animation,Comedy",66%,73%
X: The Man with the X-Ray Eyes,x,"Horror,Sci-Fi,Thriller",,
The Candidate,the candidate,Drama,,
The Candidate,the candidate,Drama,89%,74%
Duel,duel,Drama,,
The Finest Hours,the finest hours,"Biography,Documentary,History",64%,66%
The Finest Hours,the finest hours,"Biography,Documentary,History",,
Hysteria,hysteria,"Crime,Mystery,Thriller",,44%
Nothing But a Man,nothing but a man,"Drama,Romance",98%,88%
The Outrage,the outrage,"Crime,Drama,Western",20%,42%
Shock Treatment,shock treatment,"Drama,Mystery,Thriller",43%,62%
The Visit,the visit,Drama,,
The Visit,the visit,Drama,72%,45%
Big Daddy,big daddy,"Adventure,Crime,Drama",39%,74%
Brainstorm,brainstorm,"Drama,Thriller",,
The Collector,the collector,"Drama,Thriller",,
Help!,help!,"Adventure,Comedy,Musical",,40%
The Hill,the hill,"Drama,War",44%,97%
Underworld Informers,the informers,"Crime,Drama,Thriller",,
The Ravagers,the ravagers,"Action,Drama,War",,50%
The Secret of My Success,the secret of my success,"Comedy,Horror",,
The Secret of My Success,the secret of my success,"Comedy,Horror",49%,58%
Alfie,alfie,"Comedy,Drama",48%,51%
The Appaloosa,the appaloosa,"Action,Drama,Romance",,46%
The Cat,the cat,"Adventure,Drama",,
The Cat,the cat,"Adventure,Drama",,
The Witches,the witches,Horror,94%,70%
Fahrenheit 451,fahrenheit 451,"Drama,Sci-Fi",31%,22%
Penelope,penelope,"Comedy,Crime",,
Rage,rage,"Drama,Thriller",,
The Reptile,the reptile,Horror,71%,39%
The Animal,the animal,Thriller,,
Assassination,assassination,"Drama,Thriller",,21%
Belle de Jour,belle de jour,"Drama,Romance",95%,85%
Casino Royale,casino royale,Comedy,94%,90%
The Edge,the edge,Drama,,
The Edge,the edge,Drama,62%,70%
Fathom,fathom,"Adventure,Comedy",33%,41%
Games,games,Thriller,57%,48%
The Jungle Book,the jungle book,"Adventure,Animation,Comedy",,75%
The Jungle Book,the jungle book,"Adventure,Animation,Comedy",,
Luv,luv,"Comedy,Romance",,39%
Wanted,wanted,"Action,Drama,Romance",,
Oscar,oscar,Comedy,,
Paranoia,paranoia,Drama,,
Point Blank,point blank,"Crime,Drama,Thriller",91%,77%
The Trip,the trip,Drama,89%,70%
2001: A Space Odyssey,2001: a space odyssey,"Adventure,Sci-Fi",92%,89%
Candy,candy,"Adventure,Comedy,Fantasy",47%,77%
Countdown,countdown,"Sci-Fi,Thriller",,
Deadfall,deadfall,"Crime,Drama,Thriller",,37%
The Invincible Six,the invincible six,"Action,Adventure,Crime",,
Night of the Living Dead,night of the living dead,"Horror,Thriller",95%,87%
The Power,the power,"Sci-Fi,Thriller",,0%
The Queen,the queen,Documentary,97%,76%
Separation,separation,Drama,,
Sweet November,sweet november,"Comedy,Drama,Romance",,62%
The Thomas Crown Affair,the thomas crown affair,"Crime,Drama,Romance",70%,74%
Armageddon,armageddon,"Action,Sci-Fi",43%,73%
The Big Bounce,the big bounce,Drama,,32%
The Big Bounce,the big bounce,Drama,15%,24%
Colossus: The Forbin Project,colossus: the forbin project,"Sci-Fi,Thriller",89%,76%
The Desperados,the desperados,Western,,27%
The Fall,the fall,"Documentary,Music",,
The Honeymoon Killers,the honeymoon killers,"Crime,Drama,Romance",95%,69%
The Italian Job,the italian job,"Action,Comedy,Crime",72%,80%
Last Summer,last summer,Drama,78%,73%
Lucia,lucía,Drama,,86%
Midnight Cowboy,midnight cowboy,Drama,89%,88%
The Phantom Tollbooth,the phantom tollbooth,"Adventure,Animation,Comedy",100%,76%
Prince,prince,Romance,70%,56%
Scream and Scream Again,scream and scream again,"Crime,Drama,Horror",63%,28%
Taste the Blood of Dracula,taste the blood of dracula,"Drama,Fantasy,Horror",54%,54%
Three,three,"Drama,Romance",,
True Grit,true grit,"Adventure,Drama,Western",88%,84%
Two Mules for Sister Sara,two mules for sister sara,"Adventure,Drama,Romance",71%,73%
The Wild Bunch,the wild bunch,"Action,Adventure,Drama",91%,90%
Act of the Heart,act of the heart,Drama,,
Airport,airport,"Action,Drama,Thriller",75%,54%
Alex in Wonderland,alex in wonderland,"Comedy,Drama",,31%
And Soon the Darkness,and soon the darkness,"Horror,Mystery,Thriller",29%,63%
Angel Unchained,angel unchained,"Action,Drama,Thriller",,16%
The Aristocats,the aristocats,"Adventure,Animation,Comedy",,
The Aristocats,the aristocats,"Adventure,Animation,Comedy",64%,70%
The Baby Maker,the baby maker,Drama,,50%
The Ballad of Cable Hogue,the ballad of cable hogue,"Comedy,Drama,Romance",94%,81%
Beneath the Planet of the Apes,beneath the planet of the apes,"Action,Adventure,Sci-Fi",37%,38%
Beyond the Valley of the Dolls,beyond the valley of the dolls,"Comedy,Drama,Music",76%,72%
Bloody Mama,bloody mama,"Crime,Drama",14%,42%
The Boatniks,the boatniks,"Comedy,Family",,53%
Borsalino,borsalino,"Crime,Drama",,69%
The Boys in the Band,the boys in the band,Drama,84%,74%
The Boys in the Band,the boys in the band,Drama,90%,87%
Brewster McCloud,brewster mccloud,"Comedy,Crime,Fantasy",86%,81%
A Bullet for Pretty Boy,a bullet for pretty boy,"Action,Biography,Crime",,
Carry on Up the Jungle,carry on up the jungle,"Adventure,Comedy",,48%
Catch-22,catch-22,"Comedy,Drama,War",81%,76%
The Cheyenne Social Club,the cheyenne social club,Western,,68%
Chisum,chisum,"Biography,Drama,Western",83%,74%
The Cockeyed Cowboys of Calico County,the cockeyed cowboys of calico county,"Comedy,Western",,55%
Cotton Comes to Harlem,cotton comes to harlem,"Action,Comedy,Crime",,67%
Countess Dracula,countess dracula,Horror,40%,44%
Cover Me Babe,cover me babe,Drama,,
Crimes of the Future,crimes of the future,"Comedy,Sci-Fi",67%,29%
Cromwell,cromwell,"Biography,Drama,History",43%,69%
Darling Lili,darling lili,"Comedy,Drama,Musical",40%,69%
Deadlock,deadlock,"Thriller,Western",,
Diary of a Mad Housewife,diary of a mad housewife,"Comedy,Drama",82%,81%
Dirty Dingus Magee,dirty dingus magee,"Comedy,Romance,Western",,56%
The Dunwich Horror,the dunwich horror,Horror,29%,29%
The Executioner,the executioner,"Drama,Thriller",,
The Executioner,the executioner,"Drama,Thriller",,30%
Five Easy Pieces,five easy pieces,Drama,89%,84%
Fragment of Fear,fragment of fear,"Crime,Drama,Horror",,36%
The Games,the games,"Drama,Sport",,
Getting Straight,getting straight,"Comedy,Drama,Romance",33%,41%
Gimme Shelter,gimme shelter,"Documentary,Music,Thriller",94%,91%
Goin' Down the Road,goin' down the road,Drama,,83%
The Grasshopper,the grasshopper,"Drama,Romance",,
The Grasshopper,the grasshopper,"Drama,Romance",,55%
The Great White Hope,the great white hope,"Drama,Romance,Sport",43%,67%
Halls of Anger,halls of anger,Drama,,30%
The Hawaiians,the hawaiians,"Adventure,Drama",,52%
Hercules in New York,hercules in new york,"Adventure,Comedy,Fantasy",14%,27%
The Horror of Frankenstein,the horror of frankenstein,"Comedy,Horror,Sci-Fi",55%,40%
House of Dark Shadows,house of dark shadows,"Drama,Fantasy,Horror",43%,70%
How Do I Love Thee?,how do i love thee?,"Comedy,Drama",,
Husbands,husbands,"Comedy,Drama",66%,79%
I Never Sang for My Father,i never sang for my father,Drama,100%,83%
I Walk the Line,i walk the line,Drama,,69%
Joe,joe,"Drama,Thriller",75%,64%
Kelly's Heroes,kelly's heroes,"Adventure,Comedy,War",79%,88%
King of the Grizzlies,king of the grizzlies,"Family,Western",,27%
The Landlord,the landlord,"Comedy,Drama,Romance",,41%
The Landlord,the landlord,"Comedy,Drama,Romance",93%,79%
The Last Rebel,the last rebel,Western,,
The Last Valley,the last valley,"Adventure,Drama,War",,78%
Leo the Last,leo the last,"Comedy,Drama",,50%
Let It Be,let it be,"Documentary,Music",81%,88%
The Liberation of L.B. Jones,the liberation of l.b. jones,"Crime,Drama,Romance",63%,92%
Little Big Man,little big man,"Adventure,Drama,Western",91%,87%
Little Fauss and Big Halsy,little fauss and big halsy,Drama,33%,47%
Lovers and Other Strangers,lovers and other strangers,"Comedy,Drama,Romance",100%,75%
Loving,loving,"Comedy,Drama",,
The Magic Garden of Stanley Sweetheart,the magic garden of stanley sweetheart,Drama,,
The Man Who Haunted Himself,the man who haunted himself,"Drama,Mystery,Thriller",,55%
The Mind of Mr. Soames,the mind of mr. soames,"Drama,Sci-Fi",,40%
The Molly Maguires,the molly maguires,"Drama,History",90%,62%
The Moonshine War,the moonshine war,"Comedy,Crime,Drama",,36%
Move,move,"Comedy,Fantasy",,
The Music Lovers,the music lovers,"Biography,Comedy,Drama",61%,74%
"My Lover, My Son","my lover, my son",Drama,,
Myra Breckinridge,myra breckinridge,Comedy,27%,35%
The Losers,the losers,"Action,Drama,Thriller",,
The Losers,the losers,"Action,Drama,Thriller",,44%
No Blade of Grass,no blade of grass,"Drama,Sci-Fi",29%,42%
Norwood,norwood,"Comedy,Musical",,
On a Clear Day You Can See Forever,on a clear day you can see forever,"Comedy,Drama,Fantasy",100%,75%
One More Time,one more time,"Comedy,Thriller",,
The Only Game in Town,the only game in town,"Comedy,Drama,Romance",,35%
The Owl and the Pussycat,the owl and the pussycat,"Comedy,Romance",82%,64%
Patton,patton,"Biography,Drama,War",91%,93%
The People Next Door,the people next door,Drama,,47%
The People Next Door,the people next door,Drama,,40%
Perfect Friday,perfect friday,"Comedy,Crime",,67%
Performance,performance,"Crime,Drama",82%,78%
The Private Life of Sherlock Holmes,the private life of sherlock holmes,"Adventure,Comedy,Crime",89%,73%
Puzzle of a Downfall Child,puzzle of a downfall child,Drama,,61%
Quackser Fortune Has a Cousin in the Bronx,quackser fortune has a cousin in the bronx,"Comedy,Drama,Romance",,64%
Red the Half Breed,red,Drama,72%,72%
The Revolutionary,the revolutionary,"Action,Drama",,
The Revolutionary,the revolutionary,"Action,Drama",,
Rio Lobo,rio lobo,"Drama,War,Western",70%,70%
Ryan's Daughter,ryan's daughter,"Drama,Romance",47%,73%
Vampyros Lesbos,vampyros lesbos,"Drama,Horror",56%,47%
Skullduggery,skullduggery,Adventure,,7%
Soldier Blue,soldier blue,"Drama,War,Western",38%,71%
Something for Everyone,something for everyone,"Comedy,Crime,Drama",83%,70%
Start the Revolution Without Me,start the revolution without me,"Comedy,History",83%,77%
The Strawberry Statement,the strawberry statement,"Drama,Romance",,73%
"Tell Me That You Love Me, Junie Moon","tell me that you love me, junie moon","Comedy,Drama,Romance",22%,12%
There's a Girl in My Soup,there's a girl in my soup,"Comedy,Romance",,37%
Three Sisters,three sisters,"Drama,Romance",100%,88%
The Todd Killings,the todd killings,"Crime,Drama,Thriller",,
Too Late the Hero,too late the hero,"Action,Drama,War",57%,70%
Tora! Tora! Tora!,tora! tora! tora!,"Action,Drama,History",55%,81%
Trash,trash,Drama,,46%
Triangle,triangle,Drama,,
Trog,trog,"Horror,Sci-Fi",13%,23%
The Twelve Chairs,the twelve chairs,"Comedy,Drama",,60%
The Vampire Lovers,the vampire lovers,Horror,76%,60%
WUSA,wusa,"Drama,Romance",,37%
A Walk in the Spring Rain,a walk in the spring rain,"Drama,Romance",,23%
Watermelon Man,watermelon man,"Comedy,Drama,Fantasy",88%,70%
When Dinosaurs Ruled the Earth,when dinosaurs ruled the earth,"Adventure,Fantasy,Romance",17%,27%
Where's Poppa?,where's poppa?,Comedy,82%,69%
Which Way to the Front?,which way to the front?,"Comedy,War",,24%
Woodstock,woodstock,"Documentary,History,Music",100%,92%
Zabriskie Point,zabriskie point,Drama,64%,74%
Zig Zag,zig zag,"Crime,Drama,Thriller",,
10 Rillington Place,10 rillington place,"Biography,Crime,Drama",64%,84%
The Abominable Dr. Phibes,the abominable dr. phibes,"Comedy,Horror",88%,75%
Monty Python's and Now for Something Completely Different,and now for something completely different,Comedy,88%,87%
The Anderson Tapes,the anderson tapes,"Action,Crime,Thriller",76%,53%
The Andromeda Strain,the andromeda strain,"Mystery,Sci-Fi,Thriller",68%,72%
B.S. I Love You,b.s. i love you,"Comedy,Romance",,
Bananas,bananas,Comedy,83%,74%
The Barefoot Executive,the barefoot executive,"Comedy,Family",,
The Barefoot Executive,the barefoot executive,"Comedy,Family",83%,48%
The Battle of Love's Return,the battle of love's return,Comedy,,67%
Bedknobs and Broomsticks,bedknobs and broomsticks,"Adventure,Animation,Comedy",67%,74%
The Beguiled,the beguiled,"Drama,Thriller,War",78%,48%
The Beguiled,the beguiled,"Drama,Thriller,War",90%,72%
Believe in Me,believe in me,Drama,60%,74%
The Big Doll House,the big doll house,"Action,Drama,Thriller",100%,50%
Big Jake,big jake,"Drama,Western",75%,85%
Billy Jack,billy jack,"Action,Drama",63%,63%
Bleak Moments,bleak moments,"Comedy,Drama",,70%
The Blood on Satan's Claw,the blood on satan's claw,Horror,73%,58%
Born to Win,born to win,"Comedy,Crime,Drama",29%,35%
Bunny O'Hare,bunny o'hare,Comedy,,36%
Captain Apache,captain apache,"Action,Crime,Drama",,35%
Carnal Knowledge,carnal knowledge,"Comedy,Drama",88%,72%
Catlow,catlow,"Comedy,Western",,38%
Chato's Land,chato's land,"Drama,Western",,57%
The Christian Licorice Store,the christian licorice store,"Comedy,Drama",,
Cold Turkey,cold turkey,Comedy,60%,65%
Connecting Rooms,connecting rooms,Drama,,
Cry Uncle,cry uncle,"Comedy,Crime,Mystery",,64%
Daniel,daniel,Comedy,43%,54%
The Delta Factor,the delta factor,"Adventure,Crime,Drama",,
Desperate Characters,desperate characters,Drama,,40%
The Devils,the devils,"Biography,Drama,History",70%,88%
Diamonds Are Forever,diamonds are forever,"Action,Adventure,Thriller",64%,57%
Dirty Harry,dirty harry,"Action,Crime,Thriller",89%,90%
Dracula vs. Frankenstein,dracula vs. frankenstein,"Horror,Sci-Fi",,18%
Equinox,equinox,"Action,Adventure,Fantasy",,
Escape from the Planet of the Apes,escape from the planet of the apes,"Action,Sci-Fi",76%,53%
Fiddler on the Roof,fiddler on the roof,"Drama,Family,Musical",81%,92%
Fortune and Men's Eyes,fortune and men's eyes,Drama,57%,53%
The French Connection,the french connection,"Action,Crime,Drama",96%,87%
Friends,friends,"Drama,Romance",,
The Gang That Couldn't Shoot Straight,the gang that couldn't shoot straight,"Comedy,Crime",20%,26%
Get Carter,get carter,"Crime,Thriller",87%,84%
The Go-Between,the go-between,"Drama,Romance",100%,78%
The Grissom Gang,the grissom gang,"Crime,Drama",46%,70%
"Happy Birthday, Wanda June","happy birthday, wanda june","Comedy,Drama",,75%
Harold and Maude,harold and maude,"Comedy,Drama,Romance",86%,93%
The Hellstrom Chronicle,the hellstrom chronicle,"Documentary,Drama",75%,87%
The Hired Hand,the hired hand,"Drama,Western",81%,75%
The Horsemen,the horsemen,"Action,Adventure,Drama",30%,57%
The Hospital,the hospital,"Comedy,Drama,Mystery",100%,73%
How to Frame a Figg,how to frame a figg,Comedy,,72%
The Hunting Party,the hunting party,"Action,Drama,Western",20%,54%
Interview,interview,Drama,,65%
Jennifer on My Mind,jennifer on my mind,Comedy,,0%
Joe Hill,joe hill,"Biography,Drama,History",50%,89%
Johnny Got His Gun,johnny got his gun,"Drama,War",67%,86%
Klute,klute,"Crime,Mystery,Thriller",93%,80%
Kotch,kotch,"Comedy,Drama",75%,68%
The Last Movie,the last movie,Drama,,
The Last Movie,the last movie,Drama,50%,52%
The Last Picture Show,the last picture show,"Drama,Romance",98%,89%
Lawman,lawman,"Adventure,Drama,Western",73%,63%
Le Mans,le mans,"Action,Adventure,Drama",71%,79%
Let's Scare Jessica to Death,let's scare jessica to death,"Drama,Horror,Mystery",36%,50%
The Light at the Edge of the World,the light at the edge of the world,"Adventure,Drama,Fantasy",,62%
Little Murders,little murders,"Comedy,Crime",71%,80%
The Love Machine,the love machine,Drama,,
Man in the Wilderness,man in the wilderness,"Adventure,Drama,Western",,71%
The Marriage of a Young Stockbroker,the marriage of a young stockbroker,Comedy,,
McCabe & Mrs. Miller,mccabe & mrs. miller,"Drama,Western",85%,86%
Melody,melody,"Comedy,Drama,Romance",,93%
The Mephisto Waltz,the mephisto waltz,"Horror,Mystery,Thriller",63%,43%
Minnie and Moskowitz,minnie and moskowitz,"Comedy,Drama,Romance",82%,85%
My Uncle Antoine,mon oncle antoine,Drama,,77%
Murphy's War,murphy's war,"Drama,War",,62%
The Omega Man,the omega man,"Action,Drama,Sci-Fi",65%,53%
On Any Sunday,on any sunday,"Documentary,Sport",83%,84%
The Organization,the organization,"Action,Crime,Drama",25%,29%
Wake in Fright,wake in fright,"Drama,Thriller",97%,83%
The Sidelong Glances of a Pigeon Kicker,the sidelong glances of a pigeon kicker,Comedy,,
Pink Narcissus,pink narcissus,"Drama,Fantasy",,74%
Play Misty for Me,play misty for me,"Drama,Thriller",85%,71%
Plaza Suite,plaza suite,"Comedy,Drama,Romance",67%,56%
The Possession of Joel Delaney,the possession of joel delaney,"Drama,Horror,Thriller",,36%
Pretty Maids All in a Row,pretty maids all in a row,"Comedy,Crime,Mystery",8%,48%
Punishment Park,punishment park,"Drama,Thriller",92%,86%
Raid on Rommel,raid on rommel,"Drama,War",,31%
Von Richthofen and Brown,von richthofen and brown,"Action,Biography,Drama",56%,35%
Roommates,roommates,Drama,29%,56%
A Safe Place,a safe place,Drama,,23%
Scandalous John,scandalous john,"Comedy,Drama,Family",20%,
Scars of Dracula,scars of dracula,Horror,50%,44%
Schlock,schlock,"Comedy,Horror,Sci-Fi",75%,45%
The Seven Minutes,the seven minutes,Drama,,41%
Shaft,shaft,"Action,Crime,Thriller",34%,94%
Shinbone Alley,shinbone alley,"Animation,Comedy,Fantasy",,68%
Silent Running,silent running,"Drama,Sci-Fi",71%,66%
The Ski Bum,the ski bum,Drama,,
Smoke,smoke,Drama,,
Smoke in the Wind,smoke in the wind,"Action,Drama,Romance",,
Sometimes a Great Notion,sometimes a great notion,"Action,Adventure,Drama",100%,77%
Star Spangled Girl,star spangled girl,Comedy,,62%
Straw Dogs,straw dogs,"Crime,Drama,Thriller",82%,82%
Such Good Friends,such good friends,"Comedy,Drama",,33%
Summer of '42,summer of '42,"Drama,Romance",79%,73%
Support Your Local Gunfighter,support your local gunfighter,"Comedy,Romance,Western",62%,61%
Sweet Sweetback's Baadasssss Song,sweet sweetback's baadasssss song,"Crime,Drama,Thriller",73%,48%
T.R. Baskin,t.r. baskin,Drama,0%,
Taking Off,taking off,"Comedy,Drama,Music",100%,84%
They Might Be Giants,they might be giants,"Comedy,Mystery,Romance",61%,74%
The Trojan Women,the trojan women,Drama,,52%
Troll,troll,"Comedy,Drama",30%,28%
Two-Lane Blacktop,two-lane blacktop,Drama,93%,82%
"Unman, Wittering and Zigo","unman, wittering and zigo","Drama,Thriller",40%,82%
Up Pompeii,up pompeii,"Comedy,History",,41%
Valdez Is Coming,valdez is coming,"Drama,Western",,67%
Vampire Circus,vampire circus,Horror,80%,64%
Vanishing Point,vanishing point,"Action,Crime,Thriller",79%,81%
The Legend of Spider Forest,venom,Horror,,
Walkabout,walkabout,"Adventure,Drama",86%,86%
Wanda,wanda,"Crime,Drama",92%,70%
What's the Matter with Helen?,what's the matter with helen?,"Crime,Horror,Musical",55%,41%
Who Is Harry Kellerman and Why Is He Saying Those Terrible Things About Me?,who is harry kellerman and why is he saying those terrible things about me?,"Comedy,Drama",40%,33%
The Wild Country,the wild country,"Action,Adventure,Comedy",,
Willard,willard,Horror,64%,51%
The Young Graduates,the young graduates,Drama,,40%
Zachariah,zachariah,"Comedy,Drama,Musical",50%,39%
Zeppelin,zeppelin,"Adventure,Drama,War",,50%
1776,1776,"Drama,Family,History",68%,84%
Across 110th Street,across 110th street,"Action,Crime,Drama",83%,78%
Adolf Hitler: My Part in His Downfall,adolf hitler: my part in his downfall,Comedy,,18%
The Assassination of Trotsky,the assassination of trotsky,"Biography,Drama,History",,35%
Avanti!,avanti!,"Comedy,Romance",79%,76%
Ben,ben,"Drama,Horror,Thriller",60%,38%
The Big Bird Cage,the big bird cage,"Action,Crime,Drama",100%,63%
Black Gunn,black gunn,"Action,Crime,Thriller",,31%
Blacula,blacula,"Fantasy,Horror,Romance",46%,44%
Boxcar Bertha,boxcar bertha,"Crime,Drama,Romance",56%,33%
Brother John,brother john,"Drama,Sci-Fi",,54%
Buck and the Preacher,buck and the preacher,"Adventure,Drama,Western",84%,62%
Butterflies Are Free,butterflies are free,"Comedy,Drama,Music",69%,80%
Cancel My Reservation,cancel my reservation,"Comedy,Mystery",,22%
Carry on Matron,carry on matron,"Comedy,Crime",,64%
Chandler,chandler,"Crime,Drama",,5%
Cisco Pike,cisco pike,"Crime,Drama,Thriller",100%,62%
Conquest of the Planet of the Apes,conquest of the planet of the apes,"Action,Sci-Fi",52%,46%
Corky,corky,"Action,Drama,Thriller",,
The Cowboys,the cowboys,"Adventure,Drama,Western",75%,88%
The Creeping Flesh,the creeping flesh,"Horror,Sci-Fi",83%,52%
Daughters of Satan,daughters of satan,Horror,,21%
A Day in the Death of Joe Egg,a day in the death of joe egg,"Comedy,Drama",,70%
Dirty Little Billy,dirty little billy,"Biography,Drama,Western",,67%
Dr. Phibes Rises Again,dr. phibes rises again,"Comedy,Horror",59%,57%
Dracula A.D. 1972,dracula a.d. 1972,Horror,27%,40%
"Drive, He Said","drive, he said","Comedy,Drama,Sport",57%,21%
The Effect of Gamma Rays on Man-in-the-Moon Marigolds,the effect of gamma rays on man-in-the-moon marigolds,Drama,77%,82%
Family Life,family life,Drama,,60%
Fat City,fat city,"Drama,Sport",100%,84%
Fillmore,fillmore,"Documentary,Music",,
The Final Comedown,the final comedown,"Action,Crime,Drama",,36%
Fly Me,fly me,"Action,Drama",,
Frenzy,frenzy,"Drama,Thriller",91%,78%
Fritz the Cat,fritz the cat,"Animation,Comedy,Drama",64%,59%
Frogs,frogs,"Horror,Mystery,Sci-Fi",28%,24%
Fuzz,fuzz,"Action,Comedy,Crime",,17%
Ganja & Hess,ganja & hess,"Drama,Fantasy,Horror",93%,53%
The Getaway,the getaway,"Action,Crime,Thriller",,
The Godfather,the godfather,"Crime,Drama",97%,98%
The Great Northfield Minnesota Raid,the great northfield minnesota raid,"Drama,Western",73%,44%
The Groundstar Conspiracy,the groundstar conspiracy,"Action,Crime,Mystery",33%,67%
Gumshoe,gumshoe,"Comedy,Crime,Drama",88%,54%
Hammersmith Is Out,hammersmith is out,"Comedy,Drama",29%,56%
Hannie Caulder,hannie caulder,"Crime,Drama,Western",60%,54%
The Heartbreak Kid,the heartbreak kid,"Comedy,Drama,Romance",29%,37%
The Heartbreak Kid,the heartbreak kid,"Comedy,Drama,Romance",92%,73%
Heat,heat,"Comedy,Drama,Romance",,
Hickey & Boggs,hickey & boggs,"Crime,Drama,Thriller",67%,57%
High Plains Drifter,high plains drifter,"Drama,Mystery,Western",94%,86%
Hit Man,hit man,"Crime,Drama",,45%
The Honkers,the honkers,"Action,Comedy,Drama",,
The Hot Rock,the hot rock,"Action,Comedy,Crime",78%,69%
"I, Monster","i, monster",Horror,,40%
Images,images,"Drama,Horror,Mystery",75%,70%
Jeremiah Johnson,jeremiah johnson,"Adventure,Drama,Western",91%,89%
Joe Kidd,joe kidd,"Drama,Western",80%,54%
Jory,jory,"Drama,Western",,
Junior Bonner,junior bonner,"Drama,Western",92%,62%
Kansas City Bomber,kansas city bomber,"Drama,Sport",,37%
The King of Marvin Gardens,the king of marvin gardens,Drama,70%,58%
Lady Sings the Blues,lady sings the blues,"Biography,Drama,Music",71%,86%
The Last House on the Left,the last house on the left,"Crime,Horror,Thriller",43%,52%
The Life and Times of Judge Roy Bean,the life and times of judge roy bean,"Comedy,Drama,Romance",80%,74%
Limbo,limbo,Drama,,72%
Ludwig,ludwig,"Biography,Drama,History",33%,89%
The Magnificent Seven Ride!,the magnificent seven ride!,"Action,Drama,Western",,25%
Man and Boy,man and boy,"Adventure,Crime,Drama",,71%
Man of La Mancha,man of la mancha,"Drama,Fantasy,Musical",53%,71%
The Man,the man,Drama,12%,41%
The Mechanic,the mechanic,"Action,Crime,Thriller",53%,51%
My Old Man's Place,my old man's place,"Drama,War",,
Napoleon and Samantha,napoleon and samantha,"Adventure,Drama",,44%
The New Centurions,the new centurions,"Action,Crime,Drama",60%,63%
Night of the Lepus,night of the lepus,"Drama,Horror,Sci-Fi",0%,27%
"No Deposit, No Return","no deposit, no return",,,66%
"Now You See Him, Now You Don't","now you see him, now you don't","Comedy,Family,Sci-Fi",80%,57%
One Is a Lonely Number,one is a lonely number,Drama,,38%
The Other Side of the Wind,the other side of the wind,Drama,83%,58%
The Other,the other,"Drama,Horror,Mystery",,
Pancho Villa,pancho villa,"Action,Biography,Comedy",,
Payday,payday,"Drama,Music",56%,78%
Pete 'n' Tillie,pete 'n' tillie,"Comedy,Drama,Romance",67%,72%
Pink Flamingos,pink flamingos,"Comedy,Crime",84%,72%
Piranha,piranha,"Action,Adventure,Drama",,
Piranha,piranha,"Action,Adventure,Drama",74%,45%
"Play It Again, Sam","play it again, sam","Comedy,Romance",97%,89%
Play It As It Lays,play it as it lays,Drama,50%,53%
Pocket Money,pocket money,"Comedy,Drama,Western",50%,31%
Premonition,premonition,"Horror,Mystery",8%,50%
Prime Cut,prime cut,"Action,Crime,Drama",71%,72%
Private Parts,private parts,"Comedy,Horror,Mystery",,57%
Fellini's Roma,roma,"Comedy,Drama",96%,72%
The Ruling Class,the ruling class,"Comedy,Drama,Musical",77%,85%
"Run, Cougar, Run","run, cougar, run","Drama,Family,Western",,
Running Scared,running scared,Drama,,50%
Score,score,"Adult,Comedy,Drama",,
Shaft's Big Score!,shaft's big score!,"Action,Crime,Drama",58%,46%
Skyjacked,skyjacked,"Action,Drama,Thriller",,26%
Slaughter,slaughter,"Action,Crime,Drama",,
Sleuth,sleuth,"Mystery,Thriller",36%,51%
Slither,slither,"Comedy,Crime,Thriller",87%,63%
Snowball Express,snowball express,"Comedy,Family",,60%
Sounder,sounder,"Drama,Family",91%,77%
The Strange Vengeance of Rosalie,the strange vengeance of rosalie,"Drama,Thriller",,
They Only Kill Their Masters,they only kill their masters,"Mystery,Romance,Thriller",,29%
The Thing with Two Heads,the thing with two heads,"Comedy,Sci-Fi",0%,25%
To Find a Man,to find a man,"Comedy,Drama",,
To Kill a Clown,to kill a clown,"Drama,Horror,Thriller",,20%
Travels with My Aunt,travels with my aunt,"Adventure,Comedy",50%,47%
Trouble Man,trouble man,"Action,Crime,Drama",14%,65%
Two for the Money,two for the money,Drama,22%,48%
Ulzana's Raid,ulzana's raid,"Adventure,Drama,Western",90%,67%
The War Between Men and Women,the war between men and women,"Comedy,Drama",,31%
"What's Up, Doc?","what's up, doc?","Comedy,Romance",89%,88%
When the Legends Die,when the legends die,"Drama,Western",,86%
The Wrath of God,the wrath of god,"Adventure,Drama,Western",,38%
Dead Planet,z.p.g.,"Sci-Fi,Thriller",,23%
Ace Eli and Rodger of the Skies,ace eli and rodger of the skies,Drama,,
The All-American Boy,the all-american boy,"Drama,Sport",,
Alpha,alpha,Comedy,,
Alvin Purple,alvin purple,"Comedy,Romance",,43%
American Graffiti,american graffiti,"Comedy,Drama",95%,84%
Arnold,arnold,"Comedy,Horror,Mystery",,65%
Ash Wednesday,ash wednesday,"Drama,Mystery",,
Assassin,assassin,"Drama,Thriller",,
The Baby,the baby,"Drama,Horror,Thriller",,
Badge 373,badge 373,"Crime,Drama,Thriller",,33%
Badlands,badlands,"Action,Crime,Drama",97%,90%
Battle for the Planet of the Apes,battle for the planet of the apes,"Action,Sci-Fi",36%,30%
Billy Two Hats,billy two hats,"Drama,Romance,Western",,44%
Black Caesar,black caesar,"Action,Crime,Drama",64%,63%
Blackenstein,blackenstein,"Horror,Sci-Fi",,10%
The Blockhouse,the blockhouse,"Drama,War",,73%
Blume in Love,blume in love,"Comedy,Drama,Romance",70%,53%
Bobby,bobby,"Comedy,Drama,Musical",,
Book of Numbers,book of numbers,"Crime,Drama",,
The Boy Who Cried Werewolf,the boy who cried werewolf,Horror,,65%
The Boy Who Cried Werewolf,the boy who cried werewolf,Horror,,22%
Breezy,breezy,"Drama,Romance",63%,65%
The Candy Snatchers,the candy snatchers,"Crime,Thriller",83%,60%
Cannibal Girls,cannibal girls,"Comedy,Horror",,24%
Carry on Girls,carry on girls,"Comedy,Romance",,55%
Charley Varrick,charley varrick,"Crime,Drama,Thriller",82%,83%
Charley and the Angel,charley and the angel,"Comedy,Family,Fantasy",,33%
Cinderella Liberty,cinderella liberty,"Drama,Romance",56%,62%
Class of '44,class of '44,Drama,,11%
Cleopatra Jones,cleopatra jones,"Action,Crime,Thriller",80%,44%
The Crazies,the crazies,"Action,Horror,Sci-Fi",71%,48%
Coffy,coffy,"Action,Crime,Thriller",79%,75%
Cops and Robbers,cops and robbers,"Comedy,Crime",,60%
Dark Star,dark star,"Comedy,Sci-Fi",72%,65%
The Day of the Dolphin,the day of the dolphin,"Drama,Sci-Fi,Thriller",43%,41%
The Day of the Jackal,the day of the jackal,"Crime,Drama,Thriller",91%,88%
The Day of the Wolves,the day of the wolves,"Action,Crime,Drama",,75%
The Deadly Trackers,the deadly trackers,"Drama,Western",,36%
The Don Is Dead,the don is dead,"Action,Crime,Drama",60%,27%
Don't Look in the Basement,the forgotten,"Horror,Thriller",,
Don't Look in the Basement,the forgotten,"Horror,Thriller",31%,36%
Don't Look Now,don't look now,"Drama,Horror,Mystery",93%,76%
Charlotte's Web,charlotte's web,"Adventure,Animation,Drama",79%,62%
Electra Glide in Blue,electra glide in blue,"Comedy,Crime,Drama",64%,74%
England Made Me,england made me,Drama,,
Enter the Dragon,enter the dragon,"Action,Crime,Thriller",88%,91%
Executive Action,executive action,"Crime,Drama,History",60%,57%
The Exorcist,the exorcist,Horror,78%,87%
Five on the Black Hand Side,five on the black hand side,Comedy,,45%
From Beyond the Grave,from beyond the grave,"Drama,Fantasy,Horror",60%,61%
From the Mixed-Up Files of Mrs. Basil E. Frankweiler,from the mixed-up files of mrs. basil e. frankweiler,"Comedy,Drama,Family",,41%
Gordon's War,gordon's war,"Adventure,Crime",60%,47%
Guns of a Stranger,guns of a stranger,"Action,Music,Western",,
The Harder They Come,the harder they come,"Crime,Drama,Music",91%,82%
The Harrad Experiment,the harrad experiment,"Comedy,Drama,Romance",,12%
Harry in Your Pocket,harry in your pocket,"Comedy,Crime,Drama",,47%
Heavy Traffic,heavy traffic,"Animation,Comedy,Drama",89%,74%
Hell Up in Harlem,hell up in harlem,"Action,Crime,Drama",22%,50%
Hex,hex,"Drama,Horror,Western",,
The Hireling,the hireling,Drama,,56%
Hit!,hit!,"Action,Crime,Drama",,59%
Hitler: The Last Ten Days,hitler: the last ten days,"Biography,Drama,History",38%,55%
The Homecoming,the homecoming,Drama,,
I Escaped from Devil's Island,i escaped from devil's island,"Action,Adventure",,36%
The Iceman Cometh,the iceman cometh,Drama,,
Interval,interval,"Drama,Romance",,
Jeremy,jeremy,"Drama,Music,Romance",,74%
Jimi Hendrix,jimi hendrix,"Biography,Documentary,Music",,85%
Jonathan Livingston Seagull,jonathan livingston seagull,"Drama,Family",8%,61%
Kid Blue,kid blue,"Comedy,Crime,Western",50%,62%
Lady Ice,lady ice,"Crime,Drama,Thriller",,18%
The Last American Hero,the last american hero,"Drama,Sport",75%,52%
The Last Detail,the last detail,"Comedy,Drama",87%,87%
The Last of Sheila,the last of sheila,"Crime,Drama,Mystery",90%,84%
The Laughing Policeman,the laughing policeman,"Crime,Drama,Thriller",,
The Laughing Policeman,the laughing policeman,"Crime,Drama,Thriller",56%,48%
The Legend of Hell House,the legend of hell house,Horror,65%,56%
Little Cigars,little cigars,"Comedy,Crime,Drama",,67%
Little Laura and Big John,little laura and big john,"Biography,Crime,Drama",,
Live and Let Die,live and let die,"Action,Adventure,Thriller",67%,64%
The Long Goodbye,the long goodbye,"Comedy,Crime,Drama",,
The Love Ban,the love ban,Comedy,,
Luther,luther,"Biography,Drama",,
The Mack,the mack,"Crime,Drama",60%,85%
The MacKintosh Man,the mackintosh man,Thriller,58%,44%
Magnum Force,magnum force,"Action,Crime,Mystery",67%,78%
The Man Who Loved Cat Dancing,the man who loved cat dancing,"Drama,Romance,Western",,47%
The Manchu Eagle Murder Caper Mystery,the manchu eagle murder caper mystery,"Comedy,Crime,Mystery",,
Marco,marco,"Adventure,Family,Musical",,
Mean Streets,mean streets,"Crime,Drama,Thriller",94%,84%
The Mutations,the mutations,"Horror,Sci-Fi",,37%
The Naked Ape,the naked ape,"Comedy,Drama",,
The Neptune Factor,the neptune factor,"Action,Adventure,Drama",,15%
Nightmare Honeymoon,nightmare honeymoon,"Crime,Drama,Horror",,0%
O Lucky Man!,o lucky man!,"Comedy,Drama,Fantasy",81%,87%
The Offence,the offence,"Crime,Drama,Thriller",71%,72%
Oklahoma Crude,oklahoma crude,"Comedy,Drama,Western",,32%
One Little Indian,one little indian,"Comedy,Family,Western",,38%
The Paper Chase,the paper chase,"Comedy,Drama",81%,72%
Paper Moon,paper moon,"Comedy,Crime,Drama",90%,94%
Papillon,papillon,"Biography,Crime,Drama",72%,90%
Pat Garrett & Billy the Kid,pat garrett and billy the kid,"Biography,Drama,Western",57%,82%
Phase IV,phase iv,"Horror,Sci-Fi,Thriller",,10%
The Pyx,the pyx,"Crime,Drama,Mystery",,33%
Rhinoceros,rhinoceros,"Comedy,Drama,Fantasy",,51%
Sssssss,sssssss,"Horror,Sci-Fi",30%,26%
Santee,santee,"Drama,Western",,22%
The Satanic Rites of Dracula,the satanic rites of dracula,"Drama,Horror",33%,30%
Save the Tiger,save the tiger,Drama,86%,74%
Scorpio,scorpio,"Action,Drama,Thriller",59%,40%
Serpico,serpico,"Biography,Crime,Drama",93%,88%
The Seven-Ups,the seven-ups,"Action,Crime,Drama",73%,70%
Shaft in Africa,shaft in africa,"Action,Adventure,Crime",64%,52%
Shamus,shamus,"Action,Comedy,Crime",25%,40%
Slaughter Day,situation,"Crime,Drama",,
The Slams,the slams,"Action,Crime,Drama",,29%
Sleeper,sleeper,"Comedy,Sci-Fi",100%,81%
Superdad,superdad,"Comedy,Family",,36%
Soylent Green,soylent green,"Crime,Mystery,Sci-Fi",71%,70%
The Spook Who Sat by the Door,the spook who sat by the door,"Action,Crime,Drama",75%,83%
Steelyard Blues,steelyard blues,"Comedy,Crime",50%,31%
The Stone Killer,the stone killer,"Action,Crime,Drama",60%,42%
"Summer Wishes, Winter Dreams","summer wishes, winter dreams",Drama,,19%
Terror in the Wax Museum,terror in the wax museum,"Horror,Mystery",,29%
That'll Be the Day,that'll be the day,"Drama,Music",,56%
The Thief Who Came to Dinner,the thief who came to dinner,"Comedy,Romance",,56%
Tiffany Jones,tiffany jones,Comedy,,
The Train Robbers,the train robbers,"Action,Adventure,Western",33%,58%
Two People,two people,"Drama,Romance",,
The Girl in Blue,u-turn,Drama,,
Undercovers Hero,"soft beds, hard battles",Comedy,,55%
Walking Tall,walking tall,"Action,Biography,Crime",26%,59%
Wattstax,wattstax,"Comedy,Documentary,Music",90%,90%
The Way We Were,the way we were,"Drama,Romance",64%,81%
Westworld,westworld,"Action,Drama,Sci-Fi",84%,70%
"Wicked, Wicked","wicked, wicked","Horror,Mystery,Thriller",,25%
The Wicker Man,the wicker man,"Horror,Mystery,Thriller",15%,17%
The World's Greatest Athlete,the world's greatest athlete,"Comedy,Family,Romance",,34%
The Wrestler,the wrestler,"Action,Crime,Drama",98%,88%
The Wrestler,the wrestler,"Action,Crime,Drama",,20%
Zardoz,zardoz,"Adventure,Fantasy,Sci-Fi",49%,53%
11 Harrowhouse,11 harrowhouse,"Comedy,Crime,Thriller",,79%
Abby,abby,Horror,,41%
The Abdication,the abdication,"Biography,Drama,History",,
Airport 1975,airport 1975,"Action,Drama,Thriller",30%,38%
Alice Doesn't Live Here Anymore,alice doesn't live here anymore,"Drama,Romance",92%,81%
Amarcord,amarcord,"Comedy,Drama",87%,90%
Amazing Grace,amazing grace,Comedy,,
Beautiful People,animals are beautiful people,"Comedy,Documentary",,89%
The Apprenticeship of Duddy Kravitz,the apprenticeship of duddy kravitz,"Comedy,Drama",93%,73%
The Bat People,the bat people,"Horror,Romance",,6%
The Bears and I,the bears and i,"Adventure,Drama,Family",,27%
The Beast Must Die,the beast must die,"Horror,Mystery",43%,37%
Benji,benji,"Adventure,Family,Romance",86%,55%
Big Bad Mama,big bad mama,"Action,Comedy,Crime",75%,41%
Black Belt Jones,black belt jones,"Action,Crime",,69%
Black Christmas,black christmas,"Horror,Mystery,Thriller",14%,38%
The Black Godfather,the black godfather,Crime,,16%
The Black Windmill,the black windmill,"Action,Crime,Thriller",57%,36%
Blazing Saddles,blazing saddles,"Comedy,Western",89%,91%
Blazing Stewardesses,blazing stewardesses,"Comedy,Western",,11%
Bootleggers,bootleggers,"Comedy,Crime,Drama",,
Bring Me the Head of Alfredo Garcia,bring me the head of alfredo garcia,"Action,Crime,Drama",78%,85%
Buster and Billie,buster and billie,"Crime,Drama",,91%
Busting,busting,"Comedy,Crime,Drama",17%,55%
Caged Heat,caged heat,"Action,Comedy,Drama",76%,39%
California Split,california split,"Comedy,Drama",87%,83%
Captain Kronos: Vampire Hunter,captain kronos: vampire hunter,"Adventure,Horror,Mystery",,60%
Carry on Dick,carry on dick,"Adventure,Comedy",,57%
The Cars That Ate Paris,the cars that ate paris,"Comedy,Horror,Sci-Fi",65%,35%
The Castaway Cowboy,the castaway cowboy,"Comedy,Family,Western",,24%
Catch My Soul,catch my soul,"Drama,Musical",,
Open Season,open season,"Action,Drama,Thriller",49%,57%
Chinatown,chinatown,"Drama,Mystery,Thriller",98%,93%
Chosen Survivors,chosen survivors,"Action,Adventure,Drama",,29%
Confessions of a Window Cleaner,confessions of a window cleaner,Comedy,,28%
Conrack,conrack,Drama,69%,79%
The Conversation,the conversation,"Drama,Mystery,Thriller",97%,89%
Coonskin,coonskin,"Action,Animation,Comedy",,79%
Crash,crash,Drama,,
Crazy Joe,crazy joe,"Crime,Drama",,36%
The Crazy World of Julius Vrooder,the crazy world of julius vrooder,"Comedy,Drama,Romance",,
Daisy Miller,daisy miller,"Comedy,Drama,Romance",69%,32%
Messiah of Evil,messiah of evil,Horror,100%,57%
Death Wish,death wish,"Action,Crime,Drama",66%,69%
Dersu Uzala,dersu uzala,"Adventure,Biography,Drama",73%,94%
Earthquake,earthquake,"Action,Drama,Thriller",44%,36%
The Education of Sonny Carson,the education of sonny carson,Drama,,80%
Emmanuelle,emmanuelle,"Drama,Romance",38%,43%
The Family,the family,Drama,,
Foxy Brown,foxy brown,"Action,Crime,Thriller",64%,66%
Frankenstein and the Monster from Hell,frankenstein and the monster from hell,"Horror,Sci-Fi",63%,48%
Freebie and the Bean,freebie and the bean,"Action,Comedy,Crime",23%,67%
The Gambler,the gambler,"Crime,Drama",,
The Girl from Petrovka,the girl from petrovka,"Comedy,Drama,Romance",,22%
Golden Needles,golden needles,"Action,Drama",,88%
The Golden Voyage of Sinbad,the golden voyage of sinbad,"Action,Adventure,Fantasy",76%,64%
The Dion Brothers,the gravy train,"Action,Comedy,Crime",,
The Great McGonagall,the great mcgonagall,"Biography,Comedy",,40%
The Groove Tube,the groove tube,Comedy,14%,59%
Harry and Tonto,harry and tonto,"Adventure,Comedy,Drama",88%,81%
Hearts and Minds,hearts and minds,"Documentary,History,War",91%,90%
Herbie Rides Again,herbie rides again,"Comedy,Family,Fantasy",83%,53%
Homebodies,homebodies,"Comedy,Horror",,71%
The House on Skull Mountain,the house on skull mountain,"Horror,Mystery",,22%
Idaho Transfer,idaho transfer,Sci-Fi,,32%
The Internecine Project,the internecine project,"Action,Thriller",,47%
The Island at the Top of the World,the island at the top of the world,"Adventure,Family,Fantasy",50%,47%
The Klansman,the klansman,"Crime,Drama,Thriller",22%,25%
Lenny,lenny,"Biography,Drama",87%,88%
The Little Prince,the little prince,"Family,Fantasy,Musical",,88%
The Longest Yard,the longest yard,"Comedy,Crime,Drama",31%,62%
The Lords of Flatbush,the lords of flatbush,"Comedy,Drama,Romance",67%,42%
Lovin' Molly,lovin' molly,"Drama,Romance",40%,14%
Macon County Line,macon county line,"Action,Drama,Romance",56%,56%
Madhouse,madhouse,"Crime,Horror,Mystery",,24%
Ghost Story,ghost story,"Horror,Mystery",29%,45%
Mahler,mahler,"Biography,Drama,Music",75%,77%
The Maids,the maids,"Drama,Romance",,69%
Mame,mame,"Comedy,Musical",36%,48%
Man on a Swing,man on a swing,"Crime,Mystery,Thriller",,11%
The Man with the Golden Gun,the man with the golden gun,"Action,Adventure,Thriller",42%,55%
McQ,mcq,"Action,Crime,Drama",40%,56%
Memoria,memoria,"Horror,Sci-Fi",,
Mixed Company,mixed company,"Drama,Family",,60%
Monty Python and the Holy Grail,monty python and the holy grail,"Adventure,Comedy,Fantasy",96%,95%
Moonrunners,moonrunners,"Action,Comedy,Crime",,57%
Mr. Majestyk,mr. majestyk,"Action,Crime,Drama",83%,67%
Murder on the Orient Express,murder on the orient express,"Crime,Drama,Mystery",90%,78%
Newman's Law,newman's law,"Action,Crime,Thriller",,
The Nine Lives of Fritz the Cat,the nine lives of fritz the cat,"Animation,Comedy,Horror",30%,41%
Once,once,Fantasy,97%,91%
Our Time,our time,Drama,,
The Outfit,the outfit,"Crime,Drama,Thriller",80%,73%
The Outfit,the outfit,"Crime,Drama,Thriller",,
The Parallax View,the parallax view,"Drama,Mystery,Thriller",87%,78%
Phantom of the Paradise,phantom of the paradise,"Comedy,Drama,Fantasy",82%,84%
The Prisoner of Second Avenue,the prisoner of second avenue,Comedy,44%,67%
Act of Vengeance,act of vengeance,"Crime,Drama,Horror",,50%
The Return of the Pink Panther,the return of the pink panther,"Comedy,Crime,Mystery",86%,82%
The Savage Is Loose,the savage is loose,"Adventure,Drama",,40%
Seizure,seizure,Horror,,3%
Shanks,shanks,"Fantasy,Horror",,33%
The Spikes Gang,the spikes gang,"Drama,Western",,47%
Stone,stone,"Action,Adventure,Crime",50%,21%
Storyville,storyville,Drama,67%,22%
The Sugarland Express,the sugarland express,"Crime,Drama",87%,66%
The Super Cops,the super cops,"Action,Comedy,Crime",100%,65%
Symptoms,symptoms,Horror,100%,57%
The Take,the take,"Action,Crime,Drama",90%,91%
The Take,the take,"Action,Crime,Drama",,
The Taking of Pelham One Two Three,the taking of pelham one two three,"Action,Crime,Thriller",98%,88%
The Tamarind Seed,the tamarind seed,"Drama,Romance,Thriller",,75%
Terminal,terminal,Drama,,
The Terminal Man,the terminal man,"Horror,Sci-Fi,Thriller",50%,40%
That's Entertainment!,that's entertainment!,"Documentary,Family,Musical",100%,86%
Thieves Like Us,thieves like us,"Crime,Drama,Romance",84%,72%
Thomasine & Bushrod,thomasine & bushrod,"Action,Crime,Romance",,55%
Three the Hard Way,three the hard way,"Action,Thriller",33%,49%
Thunderbolt and Lightfoot,thunderbolt and lightfoot,"Action,Comedy,Crime",89%,73%
Together Brothers,together brothers,"Adventure,Crime,Drama",,64%
The Towering Inferno,the towering inferno,"Action,Drama,Thriller",68%,72%
The Trial of Billy Jack,the trial of billy jack,"Action,Drama,Music",40%,48%
Truck Turner,truck turner,"Action,Crime,Thriller",60%,73%
Tough Guys,tough guys,"Action,Crime",,
Uptown Saturday Night,uptown saturday night,"Action,Comedy,Crime",70%,79%
W,w,Thriller,,
Welcome to Arrow Beach,welcome to arrow beach,Horror,,67%
Where the Lilies Bloom,where the lilies bloom,"Drama,Family,Romance",,84%
Where the Red Fern Grows,where the red fern grows,"Drama,Family",,75%
The White Dawn,the white dawn,"Adventure,Drama,History",,83%
Willie Dynamite,willie dynamite,"Crime,Drama",,68%
Young Frankenstein,young frankenstein,Comedy,95%,92%
Zandy's Bride,zandy's bride,"Drama,Western",,58%
Zorro,zorro,"Action,Adventure,Comedy",,58%
92 in the Shade,92 in the shade,"Comedy,Drama",,53%
Aaron Loves Angela,aaron loves angela,"Comedy,Crime,Drama",,83%
Abduction,abduction,"Crime,Drama,Thriller",,44%
The Adventure of Sherlock Holmes' Smarter Brother,the adventure of sherlock holmes' smarter brother,"Comedy,Crime,Music",56%,57%
The Adventures of the Wilderness Family,the adventures of the wilderness family,"Adventure,Drama,Family",,60%
Against a Crooked Sky,against a crooked sky,"Adventure,Drama,Family",,37%
The Apple Dumpling Gang,the apple dumpling gang,"Comedy,Family,Western",56%,60%
At Long Last Love,at long last love,"Comedy,Musical,Romance",22%,40%
Barry Lyndon,barry lyndon,"Adventure,Drama,War",87%,92%
Best Friends,best friends,Drama,62%,30%
"Birds Do It, Bees Do It","birds do it, bees do it",Documentary,,
Bite the Bullet,bite the bullet,"Action,Adventure,Drama",73%,54%
The Black Bird,the black bird,"Adventure,Comedy,Crime",27%,50%
The Box,the box,Comedy,,
A Boy and His Dog,a boy and his dog,"Comedy,Drama,Sci-Fi",,
Brannigan,brannigan,"Action,Comedy,Crime",25%,40%
Breakheart Pass,breakheart pass,"Drama,Mystery,Western",68%,59%
Breaking Point,breaking point,"Adult,Thriller",,45%
Breakout,breakout,"Action,Adventure,Drama",,
Bucktown,bucktown,"Action,Crime,Drama",40%,51%
Bug,bug,"Horror,Mystery,Sci-Fi",61%,34%
The Candy Tangerine Man,the candy tangerine man,"Action,Adventure",,60%
Capone,capone,"Biography,Crime,Drama",40%,24%
Carry on Behind,carry on behind,Comedy,,51%
Cleopatra Jones and the Casino of Gold,cleopatra jones and the casino of gold,Action,,47%
Conduct Unbecoming,conduct unbecoming,"Crime,Drama,Mystery",63%,39%
Cooley High,cooley high,"Comedy,Drama,Romance",89%,89%
"Cornbread, Earl and Me","cornbread, earl and me","Drama,Sport",,86%
Cover Girl Models,cover girl models,Thriller,,20%
Crazy Mama,crazy mama,"Action,Comedy,Crime",92%,39%
The Day of the Locust,the day of the locust,"Drama,Thriller",63%,76%
Death Race 2000,death race 2000,"Action,Comedy,Sci-Fi",82%,63%
The Devil's Rain,the devil's rain,Horror,17%,34%
Diamonds,diamonds,"Crime,Drama",,
Doc Savage: The Man of Bronze,doc savage: the man of bronze,"Action,Adventure,Comedy",,57%
Dog Day Afternoon,dog day afternoon,"Biography,Crime,Drama",96%,90%
Dolemite,dolemite,"Action,Comedy,Crime",57%,66%
The Drowning Pool,the drowning pool,"Crime,Drama,Mystery",,
The Drowning Pool,the drowning pool,"Crime,Drama,Mystery",53%,47%
The Eiger Sanction,the eiger sanction,"Action,Crime,Thriller",67%,54%
Escape to Witch Mountain,escape to witch mountain,"Adventure,Family,Fantasy",73%,59%
F for Fake,f for fake,Documentary,88%,88%
The Farmer,the farmer,"Action,Crime,Drama",,
Female Trouble,female trouble,"Comedy,Crime",90%,85%
Slade in Flame,flame,"Drama,Music,Musical",,54%
The Fortune,the fortune,"Comedy,Crime,Romance",36%,34%
The Four Deuces,the four deuces,"Action,Comedy",,17%
The Four Musketeers: Milady's Revenge,the four musketeers,"Action,Adventure,Romance",77%,74%
French Connection II,french connection ii,"Action,Crime,Drama",82%,62%
Friday Foster,friday foster,Action,,41%
Funny Lady,funny lady,"Biography,Comedy,Drama",30%,55%
The Giant Spider Invasion,the giant spider invasion,"Horror,Sci-Fi",,14%
"Give 'em Hell, Harry!","give 'em hell, harry!","Biography,Comedy,Drama",100%,82%
The Great Waldo Pepper,the great waldo pepper,"Adventure,Drama",67%,57%
Grey Gardens,grey gardens,"Comedy,Documentary,Drama",94%,85%
The Happy Hooker,the happy hooker,"Biography,Comedy",,
Hearts of the West,hearts of the west,"Comedy,Western",90%,42%
Hennessy,hennessy,"Action,Drama,Thriller",,22%
Hester Street,hester street,"Drama,Romance",79%,68%
The Hiding Place,the hiding place,"Biography,Drama,History",,91%
The Hiding Place,the hiding place,"Biography,Drama,History",,87%
Hustle,hustle,"Crime,Drama,Mystery",,24%
In Celebration,in celebration,Drama,,60%
Independence Day,independence day,Drama,,
Inserts,inserts,"Comedy,Drama",69%,56%
Inside Out,inside out,"Comedy,Crime,Thriller",,37%
It Seemed Like a Good Idea at the Time,it seemed like a good idea at the time,Comedy,,0%
Once Is Not Enough,once is not enough,"Drama,Romance",,11%
Jaws,jaws,"Adventure,Drama,Horror",97%,90%
Killer Force,killer force,"Action,Crime,Thriller",,9%
The Land That Time Forgot,the land that time forgot,"Adventure,Fantasy,Sci-Fi",,8%
Legacy,legacy,"Action,Crime,Drama",,
Lepke,lepke,"Biography,Drama",,43%
Lisztomania,lisztomania,"Biography,Comedy,Music",46%,60%
Love and Death,love and death,"Comedy,War",100%,90%
Made,made,Drama,71%,66%
Mahogany,mahogany,"Drama,Romance",29%,75%
The Man Who Would Be King,the man who would be king,"Adventure,Drama,War",97%,90%
The Man from Hong Kong,the man from hong kong,"Action,Adventure,Crime",100%,63%
The Man in the Glass Booth,the man in the glass booth,"Drama,War",80%,73%
Mandingo,mandingo,"Drama,History,Romance",29%,64%
The Master Gunfighter,the master gunfighter,"Drama,Western",,50%
Mitchell,mitchell,"Action,Crime,Drama",,29%
Mr. Ricco,mr. ricco,"Crime,Drama,Thriller",,33%
Nashville,nashville,"Comedy,Drama,Music",89%,84%
The Nickel Ride,the nickel ride,"Crime,Drama",,59%
Night Moves,night moves,"Crime,Drama,Mystery",84%,71%
One Flew Over the Cuckoo's Nest,one flew over the cuckoo's nest,Drama,93%,96%
The Other Side of the Mountain,the other side of the mountain,"Biography,Drama,Romance",,
The Other Side of the Mountain,the other side of the mountain,"Biography,Drama,Romance",,79%
Out of Season,out of season,"Drama,Romance",,8%
Overlord,overlord,"Drama,History,War",89%,73%
Peeper,peeper,"Comedy,Crime,Mystery",22%,47%
The Executioner,permission to kill,"Drama,Thriller",,
Picnic at Hanging Rock,picnic at hanging rock,"Drama,Mystery",92%,83%
Psychic Killer,psychic killer,"Horror,Thriller",,29%
Race with the Devil,race with the devil,"Action,Drama,Horror",71%,56%
Rafferty and the Gold Dust Twins,rafferty and the gold dust twins,"Comedy,Drama",71%,44%
Rancho Deluxe,rancho deluxe,"Comedy,Romance,Western",73%,40%
Report to the Commissioner,report to the commissioner,"Action,Crime,Drama",43%,60%
Return to Macon County,return to macon county,Drama,,57%
Revolver,revolver,"Crime,Drama,Thriller",,
The Rocky Horror Picture Show,the rocky horror picture show,"Comedy,Horror,Musical",80%,85%
Rollerball,rollerball,"Action,Sci-Fi,Sport",67%,62%
The Romantic Englishwoman,the romantic englishwoman,"Comedy,Drama,Romance",80%,38%
Rooster Cogburn,rooster cogburn,"Adventure,Drama,Western",45%,70%
Rosebud,rosebud,"Action,Adventure,Drama",44%,20%
Royal Flash,royal flash,"Adventure,Comedy,History",50%,64%
Shampoo,shampoo,"Comedy,Drama",68%,56%
"'Sheba, Baby'","sheba, baby","Action,Crime,Drama",29%,30%
Sheila Levine Is Dead and Living in New York,sheila levine is dead and living in new york,Comedy,43%,57%
Smile,smile,Comedy,,
The Specialist,the specialist,Thriller,,20%
The Stepford Wives,the stepford wives,"Horror,Mystery,Sci-Fi",26%,30%
The Strongest Man in the World,the strongest man in the world,"Comedy,Family,Sci-Fi",,38%
Sunday Too Far Away,sunday too far away,Drama,,79%
The Sunshine Boys,the sunshine boys,Comedy,71%,72%
Take a Hard Ride,take a hard ride,"Adventure,Drama,Western",,27%
That Lucky Touch,that lucky touch,Comedy,,
Three Days of the Condor,three days of the condor,"Crime,Mystery,Thriller",87%,82%
Tommy,tommy,"Drama,Musical",,
The Ultimate Warrior,the ultimate warrior,"Action,Sci-Fi",33%,34%
W.W. and the Dixie Dancekings,w.w. and the dixie dancekings,Comedy,,28%
Whiffs,whiffs,"Comedy,Crime",,
White Line Fever,white line fever,"Action,Crime,Drama",29%,55%
The Wilby Conspiracy,the wilby conspiracy,"Action,Adventure,Drama",67%,45%
The Wind and the Lion,the wind and the lion,"Action,Adventure,Drama",63%,69%
The Yakuza,the yakuza,"Action,Crime,Drama",60%,72%
All the President's Men,all the president's men,"Drama,History,Thriller",94%,92%
American Reunion,american reunion,Documentary,80%,
Assault on Precinct 13,assault on precinct 13,"Action,Crime,Thriller",60%,48%
At the Earth's Core,at the earth's core,"Adventure,Fantasy,Sci-Fi",33%,33%
Baby Blue Marine,baby blue marine,Drama,,
The Big Bus,the big bus,"Action,Comedy",64%,56%
Black Shampoo,black shampoo,"Action,Comedy,Crime",,48%
Bobbie Jo and the Outlaw,bobbie jo and the outlaw,"Crime,Drama,Romance",,41%
Bound for Glory,bound for glory,"Biography,Drama,Music",81%,76%
Bugsy Malone,bugsy malone,"Comedy,Crime,Family",79%,80%
Burnt Offerings,burnt offerings,"Horror,Mystery,Thriller",50%,43%
Caddie,caddie,"Biography,Drama,Romance",,44%
Car Wash,car wash,"Comedy,Drama,Romance",86%,60%
Carry on England,carry on england,"Comedy,War",,27%
The Cassandra Crossing,the cassandra crossing,"Drama,Thriller",36%,52%
Challenge to Be Free,challenge to be free,"Adventure,Family",,72%
Clockwork Bananas,q,Comedy,73%,43%
Creature from Black Lake,creature from black lake,"Drama,Horror,Mystery",,33%
Tomcats,tomcats,"Crime,Drama,Thriller",14%,42%
Deadly Hero,deadly hero,"Crime,Drama,Thriller",,75%
Domino,domino,,18%,56%
Drive-In,drive-in,Comedy,,60%
Drum,drum,"Action,Drama",11%,53%
The Duchess and the Dirtwater Fox,the duchess and the dirtwater fox,"Comedy,Western",50%,55%
Echoes of a Summer,echoes of a summer,Drama,,57%
Embryo,embryo,"Horror,Sci-Fi",,16%
Eraserhead,eraserhead,"Fantasy,Horror",89%,82%
Family Plot,family plot,"Comedy,Crime,Drama",93%,62%
The First Nudie Musical,the first nudie musical,"Comedy,Musical",86%,51%
The Food of the Gods,the food of the gods,"Adventure,Horror,Sci-Fi",18%,26%
From Noon Till Three,from noon till three,"Drama,Romance,Western",43%,60%
The Front,the front,Drama,,
The Front,the front,Drama,69%,74%
Futureworld,futureworld,"Sci-Fi,Thriller",36%,30%
Gable and Lombard,gable and lombard,"Biography,Drama,Romance",0%,46%
Gator,gator,"Action,Crime,Drama",25%,43%
"Botas Duras, Medias De Seda",the great scout & cathouse thursday,"Comedy,Western",,45%
The Gumball Rally,the gumball rally,Comedy,29%,65%
Gus,gus,"Comedy,Family,Sport",,57%
Harry and Walter Go to New York,harry and walter go to new york,"Comedy,Crime",50%,32%
Hawmps!,hawmps!,"Comedy,Family,Western",,85%
Hot Potato,hot potato,"Action,Comedy,Drama",,5%
Cross of Iron,cross of iron,"Drama,War",71%,87%
J.D.'s Revenge,j.d.'s revenge,"Action,Horror,Thriller",50%,61%
Jack,jack,Drama,,
Jackson County Jail,jackson county jail,"Action,Crime,Drama",,36%
"Jim, the World's Greatest","jim, the world's greatest",Drama,,
Joshua,joshua,"Drama,Western",62%,41%
The Killer Inside Me,the killer inside me,"Crime,Drama",56%,40%
The Killer Inside Me,the killer inside me,"Crime,Drama",40%,25%
The Killing of a Chinese Bookie,the killing of a chinese bookie,"Crime,Drama,Thriller",79%,83%
Las Vegas Lady,las vegas lady,"Crime,Drama",,0%
The Last Hard Men,the last hard men,"Drama,Western",,53%
The Last Tycoon,the last tycoon,"Drama,Romance",,61%
The Last Tycoon,the last tycoon,"Drama,Romance",33%,40%
Leadbelly,leadbelly,"Biography,Drama,Music",,
The Life and Times of Grizzly Adams,the life and times of grizzly adams,"Adventure,Family,Western",,80%
Lifeguard,lifeguard,"Drama,Romance",47%,72%
Lipstick,lipstick,"Crime,Drama,Thriller",18%,35%
The Little Girl Who Lives Down the Lane,the little girl who lives down the lane,"Drama,Horror,Mystery",93%,75%
Logan's Run,logan's run,"Action,Adventure,Sci-Fi",58%,67%
Mad Dog Morgan,mad dog morgan,"Action,Crime,Drama",,40%
Man Friday,man friday,"Adventure,Comedy,Drama",33%,65%
The Man Who Fell to Earth,the man who fell to earth,"Drama,Sci-Fi",,67%
The Man Who Fell to Earth,the man who fell to earth,"Drama,Sci-Fi",79%,69%
Marathon Man,marathon man,"Crime,Drama,Thriller",81%,81%
A Matter of Time,a matter of time,"Drama,Fantasy,Romance",,
Midway,midway,"Action,Drama,History",41%,71%
Mikey and Nicky,mikey and nicky,"Crime,Drama",88%,78%
The Missouri Breaks,the missouri breaks,"Drama,Western",79%,60%
"Mother, Jugs & Speed","mother, jugs & speed","Comedy,Drama",53%,53%
Moving Violation,moving violation,"Comedy,Crime,Drama",,
Murder by Death,murder by death,"Comedy,Crime,Mystery",68%,82%
Mustang Country,mustang country,"Drama,Family,Western",,
Network,network,Drama,91%,93%
The Next Man,the next man,Thriller,11%,21%
"Next Stop, Greenwich Village","next stop, greenwich village","Comedy,Drama",86%,64%
Norman... Is That You?,norman... is that you?,Comedy,40%,70%
Ode to Billy Joe,ode to billy joe,Drama,44%,79%
The Omen,the omen,"Horror,Mystery",26%,40%
On the Line,on the line,Documentary,,
Dragonfly,dragonfly,Drama,7%,62%
One of Our Dinosaurs Is Missing,one of our dinosaurs is missing,"Adventure,Comedy,Family",,68%
The Outlaw Josey Wales,the outlaw josey wales,"Drama,Western",91%,91%
The Pink Panther Strikes Again,the pink panther strikes again,"Comedy,Crime",72%,84%
The Premonition,the premonition,"Horror,Thriller",,25%
Queen Kong,queen kong,"Adventure,Comedy,Fantasy",,19%
The Return of a Man Called Horse,the return of a man called horse,"Drama,Western",55%,42%
Ride a Wild Pony,ride a wild pony,"Adventure,Family",,60%
The Ritz,the ritz,"Comedy,Crime",67%,79%
The River Niger,the river niger,Drama,,44%
Robin and Marian,robin and marian,"Adventure,Drama,Romance",73%,53%
The Sailor Who Fell from Grace with the Sea,the sailor who fell from grace with the sea,"Drama,Romance,Thriller",75%,50%
Scorchy,scorchy,"Action,Crime,Drama",,38%
The Seven-Per-Cent Solution,the seven-per-cent solution,"Adventure,Comedy,Crime",72%,68%
Shadow of the Hawk,shadow of the hawk,"Adventure,Horror",,39%
The Shaggy D.A.,the shaggy d.a.,"Comedy,Family,Fantasy",50%,44%
Shoot,shoot,"Action,Drama,Thriller",,46%
The Shootist,the shootist,"Drama,Romance,Western",,
The Shootist,the shootist,"Drama,Romance,Western",81%,88%
Shout at the Devil,shout at the devil,"Action,Adventure,Comedy",50%,33%
Silent Movie,silent movie,Comedy,79%,72%
Sky Riders,sky riders,"Action,Adventure",,38%
The Song Remains the Same,the song remains the same,"Documentary,Music",75%,87%
Sparkle,sparkle,"Drama,Music",78%,
Squirm,squirm,Horror,27%,27%
St. Ives,st. ives,"Action,Crime,Drama",33%,41%
Stay Hungry,stay hungry,"Comedy,Drama",67%,40%
Striptease,striptease,Drama,13%,24%
Stroszek,stroszek,"Comedy,Drama",96%,92%
Swashbuckler,swashbuckler,"Action,Adventure,Comedy",40%,56%
The Town That Dreaded Sundown,the town that dreaded sundown,"Crime,Drama,Horror",66%,40%
The Town That Dreaded Sundown,the town that dreaded sundown,"Crime,Drama,Horror",42%,40%
Tracks,tracks,"Drama,War",,43%
Treasure of Matecumbe,treasure of matecumbe,"Adventure,Drama,Family",,47%
Vigilante Force,vigilante force,"Action,Adventure,Crime",17%,14%
Voyage of the Damned,voyage of the damned,"Drama,War",77%,52%
What Maisie Knew,what maisie knew,Drama,86%,80%
Winterhawk,winterhawk,"Adventure,Western",,73%
3 Women,3 women,"Drama,Mystery,Thriller",85%,86%
ABBA: The Movie,abba: the movie,"Comedy,Documentary,Music",,68%
Across the Great Divide,across the great divide,"Adventure,Drama,Family",,50%
Airport '77,airport '77,"Action,Drama,Thriller",40%,32%
Bad,bad,"Comedy,Crime,Horror",67%,66%
Obsessed,obsessed,"Adult,Crime,Drama",,38%
Annie Hall,annie hall,"Comedy,Romance",97%,92%
Audrey Rose,audrey rose,"Drama,Fantasy,Horror",57%,43%
The Bad News Bears in Breaking Training,the bad news bears in breaking training,"Comedy,Family,Sport",50%,40%
Between the Lines,between the lines,"Comedy,Drama,Romance",94%,52%
Black Sunday,black sunday,"Adventure,Crime,Drama",86%,78%
Bobby Deerfield,bobby deerfield,"Drama,Romance",29%,45%
Breaker! Breaker!,breaker! breaker!,"Action,Adventure,Crime",,29%
Candleshoe,candleshoe,"Adventure,Comedy,Drama",,71%
The Car,the car,"Action,Horror,Mystery",30%,52%
The Chicken Chronicles,the chicken chronicles,Comedy,,55%
The Choirboys,the choirboys,"Comedy,Crime,Drama",40%,39%
Close Encounters of the Third Kind,close encounters of the third kind,"Drama,Sci-Fi",90%,85%
Cyclone,cyclone,"Action,Adventure,Drama",,
Damnation Alley,damnation alley,Sci-Fi,45%,34%
The House by the Lake,death weekend,"Horror,Thriller",,28%
The Deep,the deep,"Adventure,Mystery,Thriller",42%,38%
God Told Me To,god told me to,"Crime,Horror,Mystery",80%,51%
Demon Seed,demon seed,"Horror,Sci-Fi",59%,47%
Desperate Living,desperate living,"Comedy,Crime,Fantasy",70%,80%
The Disappearance,the disappearance,"Drama,Thriller",,
The Domino Principle,the domino principle,"Drama,Thriller",14%,20%
The Duellists,the duellists,"Drama,War",74%,83%
Empire of the Ants,empire of the ants,"Adventure,Horror,Sci-Fi",5%,25%
An Enemy of the People,an enemy of the people,Drama,,
Equus,equus,"Drama,Mystery",70%,78%
Exorcist II: The Heretic,exorcist ii: the heretic,Horror,11%,13%
Fire Sale,fire sale,Comedy,,
For the Love of Benji,for the love of benji,"Adventure,Comedy,Drama",,59%
Freaky Friday,freaky friday,"Comedy,Family,Fantasy",88%,58%
Fun with Dick and Jane,fun with dick and jane,"Comedy,Crime",29%,49%
Funny People,funny people,Comedy,69%,48%
The Gauntlet,the gauntlet,"Action,Crime,Thriller",75%,54%
The Getting of Wisdom,the getting of wisdom,Drama,80%,50%
The Goodbye Girl,the goodbye girl,"Comedy,Drama,Romance",80%,85%
The Report,gozaresh,Drama,,57%
Grand Theft Auto,grand theft auto,"Action,Comedy,Crime",27%,35%
The Great Bank Hoax,the great bank hoax,Comedy,,12%
The Great Texas Dynamite Chase,the great texas dynamite chase,"Action,Comedy,Crime",,41%
The Greatest,the greatest,"Biography,Drama,Sport",,
The Happy Hooker Goes to Washington,the happy hooker goes to washington,Comedy,,10%
Herbie Goes to Monte Carlo,herbie goes to monte carlo,"Action,Adventure,Comedy",60%,57%
Heroes,heroes,"Comedy,Drama",,58%
High Anxiety,high anxiety,"Comedy,Mystery,Thriller",75%,67%
High Velocity,high velocity,"Action,Adventure,Drama",,60%
"Alice, Sweet Alice",communion,"Crime,Drama,Horror",43%,46%
I Never Promised You a Rose Garden,i never promised you a rose garden,"Drama,Fantasy",40%,54%
March or Die,march or die,"Adventure,Drama,Romance",,46%
In Search of Noah's Ark,in search of noah's ark,"Documentary,Family",,44%
Jabberwocky,jabberwocky,"Adventure,Comedy,Fantasy",45%,47%
Joseph Andrews,joseph andrews,"Adventure,Comedy,Drama",,45%
Joy,joy,Adult,,
Joyride,joyride,"Adventure,Comedy,Crime",,
Jubilee,jubilee,"Comedy,Crime,Drama",100%,58%
Julia,julia,Drama,,
The Kentucky Fried Movie,the kentucky fried movie,Comedy,83%,66%
Killer of Sheep,killer of sheep,Drama,98%,84%
Kingdom of the Spiders,kingdom of the spiders,"Horror,Sci-Fi",50%,36%
The Last Remake of Beau Geste,the last remake of beau geste,"Adventure,Comedy,War",50%,63%
The Last Wave,the last wave,"Drama,Fantasy,Mystery",82%,79%
The Late Show,the late show,"Comedy,Mystery,Thriller",95%,77%
A Little Night Music,a little night music,"Comedy,Musical,Romance",17%,29%
Looking for Mr. Goodbar,looking for mr. goodbar,Drama,61%,74%
MacArthur,macarthur,"Biography,Drama,History",45%,60%
The Many Adventures of Winnie the Pooh,the many adventures of winnie the pooh,"Animation,Comedy,Family",100%,87%
Mirrors,mirrors,"Horror,Thriller",,
The Mouse and His Child,the mouse and his child,"Adventure,Animation,Drama",,60%
Mr. Billion,mr. billion,"Action,Comedy,Family",,12%
"New York, New York","new york, new york","Drama,Music,Musical",57%,58%
"Oh, God!","oh, god!","Comedy,Fantasy",75%,59%
One on One,one on one,"Drama,Sport",,
Orca,orca,"Adventure,Drama,Horror",,
The Other Side of Midnight,the other side of midnight,"Drama,Romance,Thriller",25%,73%
Outlaw Blues,outlaw blues,"Action,Comedy,Drama",,45%
The Pack,the pack,"Adventure,Horror,Thriller",,19%
Pete's Dragon,pete's dragon,"Adventure,Animation,Comedy",56%,60%
The Picture Show Man,the picture show man,"Comedy,Drama",,40%
Providence,providence,Drama,73%,86%
Pumping Iron,pumping iron,"Documentary,Sport",92%,84%
Coming Attractions,loose shoes,Comedy,,16%
Rabid,rabid,"Horror,Sci-Fi",78%,46%
The Rescuers,the rescuers,"Adventure,Animation,Comedy",,
The Rescuers,the rescuers,"Adventure,Animation,Comedy",79%,68%
Rollercoaster,rollercoaster,"Action,Crime,Drama",17%,
Rolling Thunder,rolling thunder,"Crime,Drama,Thriller",,
Roseland,roseland,"Drama,Music,Romance",,25%
Ruby,ruby,"Drama,Horror",57%,10%
Saturday Night Fever,saturday night fever,"Drama,Music",82%,71%
Scott Joplin,scott joplin,"Biography,Drama,Music",,75%
The Sentinel,the sentinel,Horror,35%,41%
The Serpent's Egg,the serpent's egg,"Drama,Mystery,Thriller",20%,56%
Short Eyes,short eyes,Drama,92%,84%
Silver Bears,silver bears,"Comedy,Crime",,33%
Sinbad and the Eye of the Tiger,sinbad and the eye of the tiger,"Action,Adventure,Family",60%,55%
Slap Shot,slap shot,"Comedy,Drama,Sport",85%,88%
Smokey and the Bandit,smokey and the bandit,"Action,Adventure,Comedy",72%,85%
The Spy Who Loved Me,the spy who loved me,"Action,Adventure,Thriller",82%,77%
Starship Invasions,starship invasions,Sci-Fi,,36%
Steppe,step,"Drama,History",,
Summer City,summer city,"Drama,Thriller",,20%
Suspiria,suspiria,Horror,65%,72%
Sweet Revenge,sweet revenge,"Comedy,Crime,Drama",,
Taboo,tabu,Drama,93%,77%
Telefon,telefon,"Action,Crime,Drama",44%,48%
Thunder and Lightning,thunder and lightning,"Action,Adventure,Comedy",,40%
Tomorrow Never Comes,tomorrow never comes,"Crime,Drama",,0%
Twilight's Last Gleaming,twilight's last gleaming,"Drama,Thriller",80%,73%
Welcome to L.A.,welcome to l.a.,"Drama,Music,Romance",,46%
Which Way Is Up?,which way is up?,Comedy,20%,82%
The White Buffalo,the white buffalo,"Action,Adventure,Western",17%,51%
Wizards,wizards,"Adventure,Animation,Fantasy",62%,69%
The World's Greatest Lover,the world's greatest lover,Comedy,15%,54%
You Light Up My Life,you light up my life,"Drama,Music,Romance",17%,20%
Almost Summer,almost summer,Comedy,,
American Hot Wax,american hot wax,"Drama,History,Music",67%,85%
The Bad News Bears Go to Japan,the bad news bears go to japan,"Comedy,Family,Sport",6%,28%
The Betsy,the betsy,Drama,17%,22%
Big Wednesday,big wednesday,"Drama,Sport",67%,87%
Blue Collar,blue collar,"Crime,Drama",96%,88%
Blue Fin,blue fin,"Adventure,Drama,Family",,56%
The Boys in Company C,the boys in company c,"Drama,War",,77%
Brass Target,brass target,"Action,Drama,Mystery",,35%
The Brink's Job,the brink's job,"Comedy,Crime,Drama",70%,56%
The Buddy Holly Story,the buddy holly story,"Biography,Drama,Music",100%,77%
California Suite,california suite,"Comedy,Drama,Romance",48%,45%
Capricorn One,capricorn one,"Action,Adventure,Drama",65%,58%
Casey's Shadow,casey's shadow,"Drama,Family,Sport",80%,72%
The Cat from Outer Space,the cat from outer space,"Comedy,Family,Sci-Fi",67%,59%
The Cheap Detective,the cheap detective,"Comedy,Crime,Mystery",53%,57%
The Children of Sanchez,the children of sanchez,Drama,,59%
The Class of Miss MacMichael,the class of miss macmichael,"Comedy,Drama",,
Coach,coach,"Comedy,Sport",,0%
Coma,coma,"Drama,Mystery,Thriller",,55%
The Comeback,the comeback,"Horror,Mystery,Thriller",,
Comes a Horseman,comes a horseman,"Drama,Romance,Western",67%,54%
Coming Home,coming home,"Drama,Romance,War",83%,83%
Corvette Summer,corvette summer,"Adventure,Comedy",56%,43%
Damien: Omen II,damien: omen ii,Horror,48%,48%
Dawn of the Dead,dawn of the dead,"Horror,Thriller",76%,77%
Days of Heaven,days of heaven,"Drama,Romance",94%,89%
Deal,deal,Documentary,,
Death on the Nile,death on the nile,"Crime,Drama,Mystery",80%,79%
Deathsport,deathsport,"Action,Drama,Sci-Fi",,27%
The Deer Hunter,the deer hunter,"Drama,War",86%,91%
Despair,despair,"Drama,History",65%,76%
The Driver,the driver,"Action,Crime,Thriller",,8%
The Driver,the driver,"Action,Crime,Thriller",79%,77%
The End,the end,"Comedy,Drama",56%,50%
Every Which Way But Loose,every which way but loose,"Action,Comedy",41%,56%
The Evil,the evil,"Horror,Thriller",,33%
Eyes of Laura Mars,eyes of laura mars,"Mystery,Thriller",61%,43%
FM,fm,"Comedy,Drama,Music",20%,63%
Five Days from Home,five days from home,"Action,Crime,Drama",,
Force 10 from Navarone,force 10 from navarone,"Action,Drama,War",67%,56%
Foul Play,foul play,"Comedy,Mystery,Thriller",,
The Further Adventures of the Wilderness Family,the further adventures of the wilderness family,"Adventure,Family",,48%
The Fury,the fury,"Horror,Sci-Fi,Thriller",,
Game of Death,game of death,"Action,Crime,Drama",,20%
Girlfriends,girlfriends,"Comedy,Drama",,
Go Tell the Spartans,go tell the spartans,"Drama,War",67%,58%
Goin' Coconuts,goin' coconuts,"Adventure,Comedy",,40%
Goin' South,goin' south,"Comedy,Romance,Western",69%,49%
Gray Lady Down,gray lady down,"Adventure,Drama,History",63%,37%
Grayeagle,grayeagle,"Adventure,Drama,Romance",,70%
Grease,grease,"Comedy,Musical,Romance",66%,87%
The Greek Tycoon,the greek tycoon,Drama,0%,27%
Harper Valley P.T.A.,harper valley p.t.a.,Comedy,,54%
Here Come the Tigers,here come the tigers,"Comedy,Sport",,33%
High-Ballin',high-ballin',"Action,Drama",,28%
The Hills Have Eyes,the hills have eyes,"Horror,Thriller",52%,58%
Hooper,hooper,"Action,Comedy",57%,61%
Hot Lead and Cold Feet,hot lead and cold feet,"Comedy,Western",,65%
House Calls,house calls,"Comedy,Drama,Romance",33%,48%
I Wanna Hold Your Hand,i wanna hold your hand,"Comedy,Music,Romance",90%,75%
Ice Castles,ice castles,"Drama,Romance,Sport",44%,68%
If Ever I See You Again,if ever i see you again,"Drama,Romance",,86%
Interiors,interiors,Drama,78%,79%
International Velvet,international velvet,"Drama,Family,Sport",,72%
The Irishman,the irishman,"Drama,Romance",95%,86%
The Irishman,the irishman,"Drama,Romance",,
It Lives Again,it lives again,"Horror,Sci-Fi",47%,27%
Jaws 2,jaws 2,"Adventure,Horror,Thriller",62%,39%
Killer's Moon,killer's moon,"Crime,Drama,Horror",,8%
King of the Gypsies,king of the gypsies,"Crime,Drama",67%,62%
The Kirlian Witness,the kirlian witness,Thriller,,
Laserblast,laserblast,"Horror,Sci-Fi",,15%
The Last Waltz,the last waltz,"Biography,Documentary,Music",,
The Last Waltz,the last waltz,"Biography,Documentary,Music",98%,94%
The Lord of the Rings,the lord of the rings,"Adventure,Animation,Fantasy",49%,64%
The Magic of Lassie,the magic of lassie,"Drama,Family,Musical",,62%
The Manitou,the manitou,"Horror,Sci-Fi",45%,35%
Martin,martin,"Drama,Horror",90%,76%
Matilda,matilda,"Comedy,Crime,Family",,53%
Mean Dog Blues,mean dog blues,"Action,Drama,Thriller",,
The Medusa Touch,the medusa touch,"Drama,Mystery",,73%
Midnight Express,midnight express,"Biography,Crime,Drama",90%,88%
Moment by Moment,moment by moment,"Drama,Romance",22%,24%
Money Movers,money movers,"Crime,Drama,Thriller",,56%
Mouth to Mouth,mouth to mouth,Drama,33%,49%
Movie Movie,movie movie,"Comedy,Musical,Sport",,57%
National Lampoon's Animal House,national lampoon's animal house,Comedy,91%,89%
Newsfront,newsfront,"Drama,History",80%,57%
"The Night, the Prowler","the night, the prowler","Comedy,Drama",,
Nighthawks,nighthawks,Drama,71%,55%
The Norseman,the norseman,"Action,Adventure",,9%
Nunzio,nunzio,Drama,,
The Odd Job,the odd job,Comedy,,14%
Oliver's Story,oliver's story,"Drama,Romance",25%,24%
The One and Only,the one and only,"Comedy,Romance",,
Our Winning Season,our winning season,Drama,,
Patrick,patrick,"Drama,Horror,Sci-Fi",40%,
Planet of Dinosaurs,planet of dinosaurs,"Drama,Sci-Fi",,32%
Power Play,power play,"Drama,Thriller",,
Rabbit Test,rabbit test,Comedy,,17%
Remember My Name,remember my name,"Drama,Thriller",70%,40%
Renaldo and Clara,renaldo and clara,"Documentary,Drama,Music",38%,67%
Return from Witch Mountain,return from witch mountain,"Adventure,Family,Fantasy",50%,39%
Revenge of the Pink Panther,revenge of the pink panther,"Comedy,Crime,Mystery",84%,70%
"Same Time, Next Year","same time, next year","Comedy,Drama,Romance",40%,85%
Semi-Tough,semi-tough,"Comedy,Romance,Sport",83%,33%
The Seniors,the seniors,Comedy,,0%
"September 30, 1955","september 30, 1955",Drama,,53%
Sextette,sextette,"Comedy,Musical,Romance",25%,32%
Sgt. Pepper's Lonely Hearts Club Band,sgt. pepper's lonely hearts club band,"Adventure,Comedy,Fantasy",11%,44%
The Shout,the shout,"Drama,Horror",87%,68%
Slow Dancing in the Big City,slow dancing in the big city,"Drama,Musical,Romance",,
Solo,solo,"Drama,Romance",8%,26%
Somebody Killed Her Husband,somebody killed her husband,"Comedy,Crime,Drama",,
Straight Time,straight time,"Crime,Drama",83%,83%
The Stud,the stud,"Drama,Romance",,
The Stud,the stud,"Drama,Romance",,31%
Stunt Rock,stunt rock,"Action,Drama,Music",80%,30%
The Swarm,the swarm,"Horror,Thriller",9%,19%
Thank God It's Friday,thank god it's friday,"Comedy,Music",36%,35%
Till Death,till death,Horror,,
Tilt,tilt,Drama,,57%
Two Solitudes,two solitudes,"Drama,History",,
Uncle Joe Shannon,uncle joe shannon,Drama,,
Warlords of the Deep,warlords of atlantis,"Adventure,Fantasy,Horror",,42%
The Watcher,the watcher,,11%,28%
The Water Babies,the water babies,"Adventure,Animation,Family",,70%
Watership Down,watership down,"Adventure,Animation,Drama",79%,86%
A Wedding,a wedding,"Comedy,Drama",100%,86%
Who Is Killing the Great Chefs of Europe?,who is killing the great chefs of europe?,"Comedy,Crime,Mystery",77%,70%
The Wild Geese,the wild geese,"Action,Adventure,Drama",70%,76%
Metamorphoses,metamorphoses,"Animation,Fantasy",,
The Wiz,the wiz,"Adventure,Family,Fantasy",44%,65%
Zero to Sixty,zero to sixty,Comedy,,17%
And Justice for All,...and justice for all,"Crime,Drama,Thriller",83%,80%
10,10,"Comedy,Romance",68%,56%
10,10,"Comedy,Romance",85%,80%
1941,1941,"Action,Comedy,War",39%,48%
Agatha,agatha,"Drama,Mystery,Thriller",71%,58%
Alien,alien,"Horror,Sci-Fi",93%,94%
All That Jazz,all that jazz,"Drama,Music,Musical",87%,85%
An Almost Perfect Affair,an almost perfect affair,"Comedy,Romance",,
The Amityville Horror,the amityville horror,Horror,31%,52%
The Amityville Horror,the amityville horror,Horror,24%,52%
Animalympics,animalympics,"Animation,Comedy,Family",,88%
Apocalypse Now,apocalypse now,"Drama,Mystery,War",97%,94%
The Apple Dumpling Gang Rides Again,the apple dumpling gang rides again,"Comedy,Family,Western",,53%
Arabian Adventure,arabian adventure,"Adventure,Fantasy",,36%
Avalanche Express,avalanche express,"Action,Thriller",20%,12%
Baby Snakes,baby snakes,"Comedy,Documentary,Music",,92%
Bear Island,bear island,"Action,Adventure,Mystery",,30%
Being There,being there,"Comedy,Drama",95%,92%
Beyond the Poseidon Adventure,beyond the poseidon adventure,"Action,Adventure",0%,21%
Birth of the Beatles,birth of the beatles,"Biography,Drama,Music",,58%
The Black Hole,the black hole,"Action,Sci-Fi",,8%
The Black Stallion,the black stallion,"Adventure,Family,Sport",90%,83%
Bloodbrothers,bloodbrothers,Drama,,50%
Bloodline,bloodline,"Crime,Drama,Mystery",,
Border Cop,the border,"Crime,Drama,Thriller",65%,52%
Boulevard Nights,boulevard nights,"Crime,Drama",,91%
Breaking Away,breaking away,"Comedy,Drama,Sport",95%,88%
The Brood,the brood,"Horror,Sci-Fi",81%,68%
Butch and Sundance: The Early Days,butch and sundance: the early days,"Comedy,Western",33%,52%
C.H.O.M.P.S.,c.h.o.m.p.s.,"Comedy,Family,Sci-Fi",,28%
Chapter Two,chapter two,"Comedy,Drama,Romance",50%,35%
The China Syndrome,the china syndrome,"Drama,Thriller",88%,81%
Circle of Iron,circle of iron,"Action,Adventure,Fantasy",38%,60%
City on Fire,city on fire,"Action,Drama",,23%
Cuba,cuba,"Adventure,Romance,Thriller",42%,28%
Dirt,dirt,"Documentary,Sport",,
The Driller Killer,the driller killer,"Drama,Horror,Thriller",64%,32%
Eagle's Wing,eagle's wing,Western,,26%
The Electric Horseman,the electric horseman,"Comedy,Drama,Romance",64%,57%
Escape from Alcatraz,escape from alcatraz,"Biography,Crime,Drama",97%,85%
Escape to Athena,escape to athena,"Action,Adventure,Comedy",,32%
The Europeans,the europeans,"Drama,Romance",80%,38%
Fast Break,fast break,"Comedy,Sport",,56%
Fast Charlie... the Moonbeam Rider,fast charlie... the moonbeam rider,Comedy,,
The Fifth Musketeer,the fifth musketeer,"Action,Adventure,Romance",,42%
The Fish That Saved Pittsburgh,the fish that saved pittsburgh,"Comedy,Sport",,71%
Flicka,flicka,,54%,82%
A Force of One,a force of one,"Action,Crime,Drama",,28%
French Kiss,french kiss,"Adult,Comedy",48%,74%
French Postcards,french postcards,"Comedy,Drama,Romance",,67%
The Frisco Kid,the frisco kid,"Adventure,Comedy,Drama",54%,67%
Going in Style,going in style,"Comedy,Crime,Drama",82%,75%
Going the Distance,going the distance,"Documentary,Sport",,
Goldengirl,goldengirl,"Drama,Sci-Fi,Sport",,
Good Guys Wear Black,good guys wear black,Action,17%,36%
The Great Santini,the great santini,Drama,95%,75%
Hair,hair,"Comedy,Drama,Musical",83%,87%
Hanover Street,hanover street,"Action,Adventure,Drama",70%,40%
Hardcore,hardcore,"Crime,Drama",,
Saturn 3,saturn 3,"Adventure,Horror,Sci-Fi",33%,30%
Home Movies,home movies,Comedy,,39%
In Search of Anna,in search of anna,Drama,,
The In-Laws,the in-laws,"Action,Adventure,Comedy",90%,83%
The In-Laws,the in-laws,"Action,Adventure,Comedy",33%,40%
Instant Pictures,polaroid,,,
The Jerk,the jerk,Comedy,82%,84%
Kramer vs. Kramer,kramer vs. kramer,Drama,89%,89%
Last Embrace,last embrace,"Mystery,Romance,Thriller",58%,31%
The Last Word,the last word,"Comedy,Drama",,
The Last Word,the last word,"Comedy,Drama",40%,48%
The Last of the Knucklemen,the last of the knucklemen,Drama,,
The Legacy,the legacy,Horror,,
Monty Python's Life of Brian,life of brian,Comedy,96%,93%
A Little Romance,a little romance,"Adventure,Comedy,Drama",72%,84%
Lost and Found,lost and found,Comedy,,40%
Love and Bullets,love and bullets,"Action,Crime,Drama",,38%
Love at First Bite,love at first bite,"Comedy,Horror",70%,55%
Luna,la luna,Drama,,
Mad Max,mad max,"Action,Adventure,Sci-Fi",90%,70%
The Magician of Lublin,the magician of lublin,Drama,,
"A Man, a Woman and a Bank","a man, a woman and a bank","Comedy,Crime",,22%
Meatballs,meatballs,Comedy,73%,57%
Meetings with Remarkable Men,meetings with remarkable men,"Biography,Drama",,74%
Meteor,meteor,"Action,Drama,Sci-Fi",,23%
Monstroid,monster,"Horror,Sci-Fi",82%,81%
More American Graffiti,more american graffiti,"Comedy,Drama,War",20%,33%
Adventures of the Wilderness Family 3,mountain family robinson,"Adventure,Family",,61%
Mr. Mike's Mondo Video,mr. mike's mondo video,Comedy,,33%
The Muppet Movie,the muppet movie,"Adventure,Comedy,Family",89%,88%
Murder by Decree,murder by decree,"Crime,Mystery,Thriller",86%,64%
My Brilliant Career,my brilliant career,"Biography,Drama,Romance",86%,66%
Nightwing,nightwing,"Drama,Horror",33%,26%
Norma Rae,norma rae,Drama,91%,79%
The North Avenue Irregulars,the north avenue irregulars,"Action,Comedy,Crime",78%,79%
North Dallas Forty,north dallas forty,"Comedy,Drama,Sport",85%,71%
The Odd Angry Shot,the odd angry shot,"Action,Comedy,War",,78%
The Onion Field,the onion field,"Crime,Drama",87%,64%
Over the Edge,over the edge,"Crime,Drama",85%,84%
The Passage,the passage,"Action,Drama,War",,
Paydirt,paydirt,"Crime,Thriller",,47%
Phantasm,phantasm,"Horror,Sci-Fi",74%,67%
Promises in the Dark,promises in the dark,Drama,,50%
Prophecy,prophecy,"Horror,Sci-Fi,Thriller",100%,
Quadrophenia,quadrophenia,"Drama,Music",100%,83%
Quintet,quintet,"Drama,Mystery,Sci-Fi",27%,37%
Real Life,real life,Comedy,82%,83%
Rich Kids,rich kids,"Comedy,Drama",67%,43%
Richard Pryor: Live in Concert,richard pryor: live in concert,"Comedy,Documentary",92%,93%
The Riddle of the Sands,the riddle of the sands,"Adventure,Drama,Thriller",,46%
Rock 'n' Roll High School,rock 'n' roll high school,"Comedy,Music",81%,75%
Rocky II,rocky ii,"Drama,Sport",71%,82%
Roller Boogie,roller boogie,"Comedy,Drama,Music",0%,54%
The Rose,the rose,"Drama,Music,Romance",74%,81%
Running,running,"Drama,Sport",,
Saint Jack,saint jack,Drama,72%,75%
Scavenger Hunt,scavenger hunt,Comedy,,74%
The Seduction of Joe Tynan,the seduction of joe tynan,Drama,75%,38%
Seven,seven,"Action,Drama",83%,95%
Stalker,stalker,"Drama,Sci-Fi",,
Star Trek: The Motion Picture,star trek: the motion picture,"Adventure,Mystery,Sci-Fi",53%,42%
Starcrash,starcrash,"Action,Adventure,Sci-Fi",33%,36%
Sunburn,sunburn,"Action,Comedy,Crime",,53%
Tess,tess,"Drama,Romance",81%,77%
Thirst,thirst,"Drama,Horror,Mystery",,21%
Time After Time,time after time,"Adventure,Drama,Sci-Fi",88%,71%
Tom Horn,tom horn,"Biography,Crime,Drama",71%,70%
Tourist Trap,tourist trap,Horror,,
Zombie,zombi 2,Horror,43%,69%
Up from the Depths,up from the depths,"Action,Adventure,Comedy",,9%
The Villain,the villain,"Comedy,Western",0%,39%
Walk Proud,walk proud,Drama,,93%
Wanda Nevada,wanda nevada,"Comedy,Mystery,Romance",,37%
The Wanderers,the wanderers,"Crime,Drama,Romance",,
The Wanderers,the wanderers,"Crime,Drama,Romance",89%,87%
The War at Home,the war at home,"Documentary,History,Music",,
The Warriors,the warriors,"Action,Crime,Thriller",,
When a Stranger Calls,when a stranger calls,"Horror,Mystery,Thriller",9%,43%
Fighter Pilots,wing commander,"Drama,War",10%,26%
Winter Kills,winter kills,"Comedy,Drama,Mystery",92%,54%
Wise Blood,wise blood,"Comedy,Drama",88%,74%
Yanks,yanks,"Drama,War",57%,62%
Yesterday's Hero,yesterday's hero,"Drama,Music",,0%
Zulu Dawn,zulu dawn,"Action,Adventure,Drama",50%,61%
Airplane!,airplane!,Comedy,97%,89%
Alligator,alligator,"Horror,Sci-Fi,Thriller",86%,49%
Altered States,altered states,"Horror,Sci-Fi,Thriller",86%,71%
American Gigolo,american gigolo,"Crime,Drama,Mystery",75%,50%
Any Which Way You Can,any which way you can,"Action,Comedy",20%,45%
The Apple,the apple,"Music,Musical,Sci-Fi",85%,84%
Babylon,babylon,Drama,100%,46%
Bad Timing: A Sensual Obsession,bad timing,"Drama,Mystery,Thriller",,
Battle Beyond the Stars,battle beyond the stars,"Action,Adventure,Sci-Fi",50%,42%
The Big Red One,the big red one,"Drama,War",90%,78%
The Blues Brothers,the blues brothers,"Adventure,Comedy,Crime",72%,92%
Bronco Billy,bronco billy,"Action,Adventure,Comedy",75%,48%
Brubaker,brubaker,"Crime,Drama",75%,73%
Caddyshack,caddyshack,"Comedy,Sport",72%,87%
Can't Stop the Music,can't stop the music,"Biography,Comedy,Musical",22%,37%
Cardiac Arrest,cardiac arrest,"Crime,Drama,Horror",,
Carny,carny,Drama,,
The Changeling,the changeling,"Horror,Mystery",,60%
The Changeling,the changeling,"Horror,Mystery",85%,79%
The Children,the children,"Horror,Sci-Fi",,
Circus maximus,circus maximus,"Drama,War",,
Coal Miner's Daughter,coal miner's daughter,"Biography,Drama,Music",86%,86%
Coast to Coast,coast to coast,"Comedy,Drama,Romance",,
The Competition,the competition,"Drama,Music,Romance",,
The Competition,the competition,"Drama,Music,Romance",67%,63%
Cruising,cruising,"Crime,Drama,Mystery",51%,49%
Diary of the Dead,diary of the dead,"Drama,Thriller",,45%
Die Laughing,die laughing,"Adventure,Comedy,Crime",,
Divine Madness,divine madness,"Comedy,Documentary,Music",100%,90%
The Dogs of War,the dogs of war,"Action,Adventure,Drama",70%,53%
Double Negative,double negative,Thriller,,
The Earthling,the earthling,"Adventure,Drama",,88%
The Elephant Man,the elephant man,"Biography,Drama",,88%
Star Wars: Episode V - The Empire Strikes Back,star wars: episode v - the empire strikes back,"Action,Adventure,Fantasy",95%,97%
The Exterminator,the exterminator,"Action,Crime,Drama",38%,39%
Fade to Black,fade to black,"Comedy,Crime,Horror",,
Fatso,fatso,"Comedy,Drama,Romance",29%,65%
The Fiendish Plot of Dr. Fu Manchu,the fiendish plot of dr. fu manchu,"Comedy,Crime,Fantasy",15%,42%
The Final Countdown,the final countdown,"Action,Adventure,Sci-Fi",52%,60%
Death Games,final cut,Drama,,57%
The First Deadly Sin,the first deadly sin,"Crime,Thriller",67%,30%
First Family,first family,Comedy,20%,11%
Foolin' Around,foolin' around,"Comedy,Romance,Sport",,75%
Forbidden Zone,forbidden zone,"Comedy,Fantasy,Musical",,
The Formula,the formula,"Crime,Thriller",,15%
The Formula,the formula,"Crime,Thriller",30%,22%
Foxes,foxes,Drama,70%,56%
Galaxina,galaxina,"Comedy,Sci-Fi",17%,22%
Gilda Live,gilda live,Comedy,,82%
The Gods Must Be Crazy,the gods must be crazy,"Adventure,Comedy",85%,84%
The Gong Show Movie,the gong show movie,Comedy,,37%
Gorp,gorp,Comedy,,23%
The Great Rock 'n' Roll Swindle,the great rock 'n' roll swindle,"Comedy,Fantasy,Music",100%,72%
Guns,guns,"Crime,Drama",,
The Happy Hooker Goes Hollywood,the happy hooker goes hollywood,Comedy,,33%
He Knows You're Alone,he knows you're alone,"Horror,Thriller",30%,31%
Head On,head on,Drama,,
Heart Beat,heart beat,Drama,20%,40%
Heaven's Gate,heaven's gate,"Adventure,Drama,Western",57%,54%
Herbie Goes Bananas,herbie goes bananas,"Adventure,Comedy,Family",40%,36%
Hero at Large,hero at large,"Comedy,Romance",,67%
The Hollywood Knights,the hollywood knights,Comedy,14%,71%
Honeysuckle Rose,honeysuckle rose,"Drama,Music,Romance",60%,75%
Hopscotch,hopscotch,"Adventure,Comedy",81%,78%
How to Beat the High Cost of Living,how to beat the high cost of living,"Comedy,Crime",,42%
The Human Factor,the human factor,"Drama,Romance,Thriller",33%,28%
Humanoids from the Deep,humanoids from the deep,"Horror,Sci-Fi",55%,41%
The Hunter,the hunter,"Action,Biography,Comedy",79%,44%
The Idolmaker,the idolmaker,"Biography,Drama,Music",90%,85%
Image of the Beast,image of the beast,"Sci-Fi,Thriller",,50%
In Search of Historic Jesus,in search of historic jesus,"Documentary,Drama",,
Inside Moves,inside moves,"Comedy,Drama,Romance",67%,76%
The Island,the island,"Action,Adventure,Drama",40%,63%
It's My Turn,it's my turn,"Comedy,Drama",17%,25%
Jane Austen in Manhattan,jane austen in manhattan,"Drama,Romance",,0%
Just Tell Me What You Want,just tell me what you want,"Comedy,Romance",,47%
Kagemusha: The Shadow Warrior,kagemusha,"Drama,History,War",89%,92%
The Kidnapping of the President,the kidnapping of the president,Thriller,,36%
The Last Flight of Noah's Ark,the last flight of noah's ark,"Adventure,Family",,40%
The Last Married Couple in America,the last married couple in america,Comedy,,22%
Lion of the Desert,lion of the desert,"Biography,Drama,History",75%,93%
Little Darlings,little darlings,"Comedy,Drama",67%,74%
The Little Dragons,the little dragons,"Action,Comedy",,
The Long Good Friday,the long good friday,"Crime,Drama,Mystery",97%,89%
The Long Riders,the long riders,"Biography,Crime,Drama",81%,73%
Loving Couples,loving couples,Comedy,,80%
The Man with Bogart's Face,the man with bogart's face,"Comedy,Crime,Mystery",,64%
McVicar,mcvicar,"Crime,Drama",,85%
Melvin and Howard,melvin and howard,"Comedy,Drama",92%,60%
Middle Age Crazy,middle age crazy,"Comedy,Drama",,25%
The Mirror Crack'd,the mirror crack'd,"Crime,Mystery,Thriller",62%,47%
Motel Hell,motel hell,"Comedy,Horror,Thriller",67%,53%
Mother's Day,mother's day,"Comedy,Horror,Thriller",46%,38%
The Mountain Men,the mountain men,"Adventure,Drama,Western",43%,63%
My Bodyguard,my bodyguard,"Comedy,Drama,Family",79%,70%
Nightkill,nightkill,"Crime,Horror,Mystery",,24%
Stage Fright,nightmares,"Horror,Thriller",29%,31%
Nijinsky,nijinsky,"Biography,Drama,Music",50%,29%
The Ninth Configuration,the ninth configuration,"Comedy,Drama,Horror",81%,76%
The Nude Bomb,the nude bomb,"Action,Comedy,Crime",17%,39%
The Octagon,the octagon,"Action,Drama,Romance",25%,32%
"Oh, God! Book II","oh, god! book ii","Comedy,Fantasy",43%,37%
One-Trick Pony,one-trick pony,"Comedy,Drama,Music",,45%
Ordinary People,ordinary people,Drama,89%,88%
Phobia,phobia,"Drama,Horror,Thriller",,18%
Popeye,popeye,"Adventure,Comedy,Family",,
Princess,princess,Adult,57%,67%
Private Benjamin,private benjamin,"Comedy,War",83%,60%
The Private Eyes,the private eyes,"Comedy,Mystery",,83%
Prom Night,prom night,"Horror,Mystery,Thriller",9%,38%
Raging Bull,raging bull,"Biography,Drama,Sport",92%,93%
Raise the Titanic,raise the titanic,"Action,Adventure,Drama",38%,28%
Resistance,resistance,"Documentary,Drama",,
The Return,the return,"Mystery,Sci-Fi,Thriller",96%,93%
The Return,the return,"Mystery,Sci-Fi,Thriller",16%,32%
Roadie,roadie,"Comedy,Music",14%,57%
Rough Cut,rough cut,"Adventure,Comedy,Crime",,12%
Schizoid,schizoid,"Drama,Horror,Mystery",,19%
The Sea Wolves,the sea wolves,"Action,History,War",,40%
Seems Like Old Times,seems like old times,"Comedy,Romance",70%,64%
Serial,serial,Comedy,60%,78%
The Shining,the shining,"Drama,Horror",83%,93%
Shogun Assassin,shogun assassin,"Action,Adventure",82%,92%
The Silent Scream,the silent scream,"Horror,Mystery,Thriller",,
Simon,simon,"Comedy,Sci-Fi",67%,88%
Smokey and the Bandit II,smokey and the bandit ii,"Action,Adventure,Comedy",25%,43%
Somewhere in Time,somewhere in time,"Drama,Fantasy,Romance",52%,88%
Stardust Memories,stardust memories,"Comedy,Drama",66%,78%
Steel,steel,"Action,Adventure,Crime",,20%
Stir Crazy,stir crazy,"Comedy,Crime",69%,75%
The Stunt Man,the stunt man,"Action,Comedy,Drama",91%,73%
Summer School,summer school,Adult,,
Superman II,superman ii,"Action,Adventure,Sci-Fi",83%,76%
The Tempest,the tempest,"Drama,Fantasy",,
The Tempest,the tempest,"Drama,Fantasy",31%,27%
Terror Train,terror train,"Horror,Mystery,Thriller",44%,38%
"Those Lips, Those Eyes","those lips, those eyes","Comedy,Romance",,40%
Time Bandits,time bandits,"Adventure,Comedy,Fantasy",91%,77%
Touched by Love,touched by love,Drama,,87%
Tuck Everlasting,tuck everlasting,"Drama,Family,Fantasy",60%,70%
Up the Academy,up the academy,Comedy,0%,43%
Urban Cowboy,urban cowboy,"Drama,Romance,Western",70%,80%
Used Cars,used cars,Comedy,77%,69%
The Watcher in the Woods,the watcher in the woods,"Family,Horror,Mystery",,51%
The Watcher in the Woods,the watcher in the woods,"Family,Horror,Mystery",52%,57%
Wholly Moses!,wholly moses!,"Comedy,Fantasy",13%,39%
Why Would I Lie?,why would i lie?,"Comedy,Drama",,
Windows,windows,"Drama,Thriller",0%,10%
Witches' Brew,witches' brew,"Comedy,Horror",,40%
Without Warning,without warning,"Horror,Sci-Fi,Thriller",,
Xanadu,xanadu,"Fantasy,Musical,Romance",30%,58%
...All the Marbles,...all the marbles,"Comedy,Drama,Sport",,68%
Absence of Malice,absence of malice,"Drama,Romance,Thriller",81%,63%
Absolution,absolution,"Drama,Mystery,Thriller",,
The Amateur,the amateur,"Action,Crime,Thriller",,
American Pop,american pop,"Animation,Drama,History",65%,80%
An American Werewolf in London,an american werewolf in london,"Comedy,Horror",89%,85%
Amy,amy,"Drama,Family",,74%
Back Roads,back roads,"Adventure,Comedy,Romance",40%,36%
Bad Girls,bad girls,"Adult,Adventure,Comedy",,
Blood Beach,blood beach,"Comedy,Horror,Sci-Fi",13%,25%
Blow Out,blow out,"Crime,Drama,Mystery",89%,81%
The Boogens,the boogens,"Horror,Sci-Fi,Thriller",22%,30%
Das Boot,das boot,"Drama,War",98%,96%
Buddy Buddy,buddy buddy,Comedy,65%,43%
The Burning,the burning,Horror,,
Bustin' Loose,bustin' loose,"Comedy,Drama",60%,61%
The Cannonball Run,the cannonball run,"Action,Comedy,Sport",29%,61%
Cattle Annie and Little Britches,cattle annie and little britches,"Drama,Western",,71%
Caveman,caveman,"Comedy,Romance",33%,54%
Chariots of Fire,chariots of fire,"Biography,Drama,Sport",83%,80%
Charlie Chan and the Curse of the Dragon Queen,charlie chan and the curse of the dragon queen,"Comedy,Mystery",29%,32%
The Chosen,the chosen,Drama,,
Chu Chu and the Philly Flash,chu chu and the philly flash,Comedy,,
Clash of the Titans,clash of the titans,"Action,Adventure,Fantasy",64%,70%
Conan the Barbarian,conan the barbarian,"Adventure,Fantasy",67%,74%
Condorman,condorman,"Action,Adventure,Comedy",27%,65%
Continental Divide,continental divide,"Comedy,Romance",73%,54%
Cutter's Way,cutter's way,"Crime,Drama,Mystery",92%,70%
Dawn of the Mummy,dawn of the mummy,Horror,,23%
Deadly Blessing,deadly blessing,"Horror,Thriller",38%,28%
Death Hunt,death hunt,"Action,Adventure,Crime",17%,70%
Death Wish II,death wish ii,"Action,Crime,Drama",33%,44%
The Devil and Max Devlin,the devil and max devlin,"Comedy,Family,Fantasy",17%,25%
Dragonslayer,dragonslayer,"Action,Adventure,Fantasy",84%,63%
Endless Love,endless love,"Drama,Romance",26%,51%
Enter the Ninja,enter the ninja,"Action,Crime,Drama",43%,37%
The Entity,the entity,"Drama,Horror",,
The Entity,the entity,"Drama,Horror",62%,61%
Evilspeak,evilspeak,Horror,47%,36%
Excalibur,excalibur,"Adventure,Drama,Fantasy",72%,81%
Eye of the Needle,eye of the needle,"Romance,Thriller,War",85%,75%
Eyes of a Stranger,eyes of a stranger,"Horror,Thriller",43%,37%
Fantasies,fantasies,"Drama,Romance",,
Final Exam,final exam,"Horror,Thriller",,
The Final Terror,the final terror,Horror,33%,25%
First Monday in October,first monday in october,"Comedy,Drama",,45%
For Your Eyes Only,for your eyes only,"Action,Adventure,Thriller",69%,64%
Four Friends,four friends,"Comedy,Drama",78%,72%
The Four Seasons,the four seasons,"Comedy,Drama",76%,75%
The Fox and the Hound,the fox and the hound,"Adventure,Animation,Drama",,
The Fox and the Hound,the fox and the hound,"Adventure,Animation,Drama",75%,78%
The French Lieutenant's Woman,the french lieutenant's woman,"Drama,Romance",83%,67%
Full Moon High,full moon high,"Comedy,Fantasy,Horror",,38%
The Funhouse,the funhouse,Horror,67%,43%
Going Ape!,going ape!,"Comedy,Crime,Family",,24%
Graduation Day,graduation day,"Horror,Mystery,Thriller",57%,18%
The Great Muppet Caper,the great muppet caper,"Adventure,Comedy,Crime",78%,78%
Halloween II,halloween ii,Horror,33%,63%
Happy Birthday to Me,happy birthday to me,"Horror,Mystery,Thriller",29%,42%
Hardly Working,hardly working,Comedy,9%,24%
Heartland,heartland,"Drama,Western",100%,86%
Heavy Metal,heavy metal,"Adventure,Animation,Fantasy",,
Hell Night,hell night,"Horror,Thriller",57%,44%
History of the World: Part I,history of the world: part i,"Comedy,History,Musical",61%,81%
Honky Tonk Freeway,honky tonk freeway,"Action,Comedy",,54%
The Howling,the howling,Horror,74%,60%
The Incredible Shrinking Woman,the incredible shrinking woman,"Comedy,Sci-Fi",27%,51%
Hell of the Living Dead,virus,"Horror,Sci-Fi,Thriller",,16%
Knightriders,knightriders,"Action,Drama",80%,61%
Lady Chatterley's Lover,lady chatterley's lover,"Drama,Romance",,
The Legend of the Lone Ranger,the legend of the lone ranger,"Action,Adventure,Drama",,57%
Looker,looker,"Drama,Sci-Fi,Thriller",32%,40%
Modern Problems,modern problems,"Comedy,Fantasy,Sci-Fi",,31%
Modern Romance,modern romance,"Comedy,Romance",83%,71%
Mommie Dearest,mommie dearest,"Biography,Drama",48%,72%
Moving,moving,,67%,
My Bloody Valentine,my bloody valentine,"Horror,Mystery,Thriller",58%,52%
My Dinner with Andre,my dinner with andre,"Comedy,Drama",92%,85%
Night Crossing,night crossing,"Drama,Family,History",80%,66%
Night School,night school,"Horror,Mystery,Thriller",,27%
The Night the Lights Went Out in Georgia,the night the lights went out in georgia,"Drama,Music",,75%
On Golden Pond,on golden pond,Drama,91%,87%
On the Right Track,on the right track,"Comedy,Romance",,31%
Outland,outland,"Action,Crime,Sci-Fi",54%,54%
Paternity,paternity,"Comedy,Romance",,25%
Polyester,polyester,Comedy,94%,81%
Possession,possession,"Drama,Horror",63%,58%
Prince of the City,prince of the city,"Crime,Drama",92%,82%
Private Lessons,private lessons,Comedy,,
Raggedy Man,raggedy man,Drama,83%,57%
Raiders of the Lost Ark,raiders of the lost ark,"Action,Adventure",93%,96%
Reds,reds,"Biography,Drama,History",90%,82%
Rich and Famous,rich and famous,Drama,,59%
Rollover,rollover,"Drama,Mystery,Romance",70%,33%
S.O.B.,s.o.b.,"Comedy,Drama",81%,64%
Sharky's Machine,sharky's machine,"Action,Crime,Drama",83%,63%
Silence of the North,silence of the north,Drama,,60%
So Fine,so fine,Comedy,63%,31%
Some Kind of Hero,some kind of hero,"Crime,Drama,War",50%,33%
Southern Comfort,southern comfort,"Action,Thriller",,
Stripes,stripes,"Comedy,War",88%,79%
Student Bodies,student bodies,"Comedy,Horror,Mystery",33%,52%
The Survivor,the survivor,"Fantasy,Horror,Mystery",,
Sweet Sixteen,sweet sixteen,"Crime,Drama,Horror",97%,88%
Take This Job and Shove It,take this job and shove it,Comedy,,50%
Taps,taps,Drama,68%,67%
Tattoo,tattoo,"Drama,Horror,Thriller",,
They All Laughed,they all laughed,"Comedy,Romance",50%,50%
Thief,thief,"Action,Crime,Drama",,
This Is Elvis,this is elvis,"Biography,Documentary,Music",89%,88%
True Confessions,true confessions,"Crime,Drama",71%,53%
Under the Rainbow,under the rainbow,Comedy,0%,48%
Visiting Hours,visiting hours,"Horror,Thriller",14%,25%
Whose Life Is It Anyway?,whose life is it anyway?,"Comedy,Drama",70%,79%
Wolfen,wolfen,"Horror,Thriller",77%,47%
Zoot Suit,zoot suit,"Drama,Musical",55%,74%
48 Hrs.,48 hrs.,"Action,Comedy,Crime",92%,69%
The Aftermath,the aftermath,"Action,Horror,Sci-Fi",,
Alone in the Dark,alone in the dark,"Drama,Horror,Thriller",1%,11%
Annie,annie,"Comedy,Drama,Family",49%,69%
Author! Author!,author! author!,"Comedy,Drama,Family",50%,48%
Barbarosa,barbarosa,"Comedy,Drama,Romance",100%,72%
Basket Case,basket case,"Comedy,Horror",77%,54%
The Beast Within,the beast within,Horror,,
The Beast Within,the beast within,Horror,17%,33%
The Beastmaster,the beastmaster,"Action,Adventure,Fantasy",50%,54%
The Best Little Whorehouse in Texas,the best little whorehouse in texas,"Comedy,Musical",48%,68%
Best Seller,best seller,,69%,54%
Bill Cosby: Himself,bill cosby: himself,"Comedy,Documentary",67%,93%
Blade Runner,blade runner,"Action,Drama,Sci-Fi",89%,91%
Britannia Hospital,britannia hospital,"Comedy,Sci-Fi",50%,54%
Bugs Bunny's 3rd Movie: 1001 Rabbit Tales,bugs bunny's 3rd movie: 1001 rabbit tales,"Adventure,Animation,Comedy",,63%
Cannery Row,cannery row,"Drama,Romance",75%,72%
Chan Is Missing,chan is missing,"Drama,Mystery",96%,75%
Class of 1984,class of 1984,"Action,Crime,Drama",71%,67%
"Come Back to the 5 & Dime Jimmy Dean, Jimmy Dean","come back to the 5 & dime jimmy dean, jimmy dean","Comedy,Drama",86%,81%
Comeback,comeback,Drama,,
The Concrete Jungle,the concrete jungle,"Crime,Drama,Thriller",,20%
Creepshow,creepshow,"Comedy,Fantasy,Horror",66%,69%
The Dark Crystal,the dark crystal,"Adventure,Family,Fantasy",78%,81%
Dead Men Don't Wear Plaid,dead men don't wear plaid,"Comedy,Crime,Mystery",77%,72%
Deadly Eyes,deadly eyes,"Horror,Sci-Fi,Thriller",33%,28%
Deathtrap,deathtrap,"Comedy,Crime,Drama",74%,70%
Diner,diner,"Comedy,Drama",92%,77%
The Draughtsman's Contract,the draughtsman's contract,"Comedy,Drama,Mystery",97%,85%
E.T. the Extra-Terrestrial,e.t. the extra-terrestrial,"Adventure,Family,Sci-Fi",99%,72%
Eating Raoul,eating raoul,"Comedy,Crime",86%,71%
Endangered Species,endangered species,"Drama,Mystery,Thriller",19%,18%
The Escape Artist,the escape artist,"Comedy,Crime,Drama",80%,63%
Eureka,eureka,"Drama,Thriller",,
The Evil Dead,the evil dead,Horror,86%,84%
Evil Under the Sun,evil under the sun,"Crime,Drama,Mystery",92%,73%
Experience Preferred... But Not Essential,experience preferred... but not essential,Drama,88%,
Fast Times at Ridgemont High,fast times at ridgemont high,"Comedy,Drama",78%,80%
Fast-Walking,fast-walking,Drama,,48%
Firefox,firefox,"Action,Adventure,Thriller",41%,42%
First Blood,first blood,"Action,Adventure,Thriller",86%,86%
Fitzcarraldo,fitzcarraldo,"Adventure,Drama,Music",75%,92%
Five Days One Summer,five days one summer,Drama,25%,33%
Forbidden World,forbidden world,"Horror,Sci-Fi",60%,30%
Forced Vengeance,forced vengeance,"Action,Adventure,Crime",,41%
Frances,frances,"Biography,Drama,Romance",67%,78%
Gandhi,gandhi,"Biography,Drama,History",89%,92%
Grease 2,grease 2,"Comedy,Music,Musical",35%,53%
Hanky Panky,hanky panky,"Action,Comedy,Crime",45%,31%
Heat and Dust,heat and dust,"Drama,Romance",79%,59%
Heidi's Song,heidi's song,"Adventure,Animation,Drama",,92%
Hero,hero,"Adventure,Drama,Fantasy",94%,87%
Hey Good Lookin',hey good lookin',"Animation,Comedy,Drama",,52%
Honkytonk Man,honkytonk man,"Comedy,Drama,Music",93%,64%
Inseminoid,inseminoid,"Horror,Sci-Fi",,13%
The House Where Evil Dwells,the house where evil dwells,Horror,,21%
I Ought to Be in Pictures,i ought to be in pictures,"Comedy,Drama",80%,43%
I'm Dancing as Fast as I Can,i'm dancing as fast as i can,"Biography,Drama",33%,53%
If You Could See What I Hear,if you could see what i hear,"Biography,Comedy,Drama",,77%
It Came from Hollywood,it came from hollywood,"Comedy,Documentary",,55%
Jinxed!,jinxed!,Comedy,,29%
The Junkman,the junkman,"Action,Comedy,Crime",,60%
Kiss Me Goodbye,kiss me goodbye,"Comedy,Fantasy,Romance",,60%
The Last American Virgin,the last american virgin,"Comedy,Drama,Romance",77%,65%
The Last Unicorn,the last unicorn,"Adventure,Animation,Drama",77%,86%
Let's Spend the Night Together,let's spend the night together,"Documentary,Music",,62%
Lonely Hearts,lonely hearts,"Comedy,Drama,Romance",48%,49%
Love Child,love child,"Crime,Drama,Romance",,40%
Making Love,making love,Drama,56%,58%
The Man from Snowy River,the man from snowy river,"Adventure,Drama,Romance",85%,89%
Megaforce,megaforce,"Action,Sci-Fi",6%,44%
Monsignor,monsignor,"Crime,Drama,War",0%,17%
My Favorite Year,my favorite year,"Comedy,Drama",97%,84%
Class Reunion,class reunion,"Comedy,Horror",,
Next of Kin,next of kin,"Horror,Mystery",50%,46%
Night Shift,night shift,Comedy,93%,63%
Nutcracker,nutcracker,"Drama,Music",,
One from the Heart,one from the heart,"Drama,Musical,Romance",51%,61%
Out of Time,out of time,Musical,64%,58%
Pandemonium,pandemonium,"Comedy,Horror,Mystery",,45%
Parasite,parasite,"Horror,Sci-Fi",,
Penitentiary II,penitentiary ii,"Crime,Drama,Sport",,
Permanent Vacation,permanent vacation,"Comedy,Drama",,4%
Personal Best,personal best,"Drama,Sport",74%,52%
The Pirate Movie,the pirate movie,"Adventure,Comedy,Musical",9%,77%
The Plague Dogs,the plague dogs,"Adventure,Animation,Drama",67%,90%
Poltergeist,poltergeist,"Horror,Thriller",88%,79%
Porky's,porky's,Comedy,,50%
Preppies,preppies,Comedy,,15%
Querelle,querelle,Drama,63%,70%
The Return of the Soldier,the return of the soldier,Drama,,43%
"Reuben, Reuben","reuben, reuben","Comedy,Drama,Romance",100%,78%
Rocky III,rocky iii,"Drama,Sport",66%,74%
Running on Empty,running on empty,"Action,Drama,Sport",81%,69%
Klynham Summer,the scarecrow,"Horror,Mystery,Thriller",,
The Secret of NIMH,the secret of nimh,"Adventure,Animation,Drama",93%,85%
The Seduction,the seduction,Thriller,,44%
Shoot the Moon,shoot the moon,Drama,86%,75%
Silent Rage,silent rage,"Action,Crime,Horror",67%,39%
Six Pack,six pack,"Comedy,Drama,Sport",,71%
Six Weeks,six weeks,Drama,,68%
The Slumber Party Massacre,the slumber party massacre,Horror,48%,46%
Sophie's Choice,sophie's choice,"Drama,Romance",74%,85%
Soup for One,soup for one,Comedy,,
Split Image,split image,"Drama,Romance",,72%
Star Trek II: The Wrath of Khan,star trek ii: the wrath of khan,"Action,Adventure,Sci-Fi",87%,90%
Starstruck,starstruck,"Comedy,Drama,Musical",,17%
Still of the Night,still of the night,"Crime,Drama,Mystery",63%,47%
Summer Lovers,summer lovers,"Comedy,Drama,Romance",25%,56%
Swamp Thing,swamp thing,"Horror,Sci-Fi",60%,40%
The Sword and the Sorcerer,the sword and the sorcerer,"Action,Adventure,Fantasy",67%,45%
Talk to Me,talk to me,"Comedy,Drama",83%,77%
Tex,tex,Drama,85%,65%
The Thing,the thing,"Horror,Mystery,Sci-Fi",34%,42%
Things Are Tough All Over,things are tough all over,"Action,Comedy",,63%
Tootsie,tootsie,"Comedy,Drama,Romance",91%,81%
The Toy,the toy,Comedy,3%,53%
Trail of the Pink Panther,trail of the pink panther,"Comedy,Crime,Mystery",23%,32%
Tron,tron,"Action,Adventure,Sci-Fi",73%,69%
Victor/Victoria,victor/victoria,"Comedy,Music,Romance",97%,86%
Vigilante,vigilante,"Action,Crime,Thriller",20%,69%
White Dog,white dog,"Drama,Horror",94%,73%
The World According to Garp,the world according to garp,"Comedy,Drama",71%,78%
Wrong Is Right,wrong is right,"Comedy,Drama,Thriller",27%,38%
"Yes, Giorgio","yes, giorgio","Comedy,Musical,Romance",33%,37%
Young Doctors in Love,young doctors in love,Comedy,35%,34%
Zapped!,zapped!,"Comedy,Fantasy,Sci-Fi",6%,39%
All the Right Moves,all the right moves,"Drama,Romance,Sport",61%,39%
Bad Boys,bad boys,"Crime,Drama,Thriller",,
The Big Chill,the big chill,"Comedy,Drama",69%,77%
The Black Stallion Returns,the black stallion returns,"Adventure,Family",20%,72%
Blue Thunder,blue thunder,"Action,Crime,Drama",78%,53%
Chained Heat,chained heat,"Action,Crime,Drama",56%,44%
Champions,champions,"Biography,Drama,Romance",,72%
Class,class,"Comedy,Drama,Romance",29%,49%
Cujo,cujo,"Horror,Thriller",59%,45%
Curse of the Pink Panther,curse of the pink panther,"Comedy,Crime,Mystery",29%,23%
Curtains,curtains,"Horror,Mystery,Thriller",63%,37%
D.C. Cab,d.c. cab,"Action,Comedy",18%,52%
The Dead Zone,the dead zone,"Drama,Horror,Sci-Fi",89%,77%
Deal of the Century,deal of the century,"Comedy,Crime",10%,18%
Doctor Detroit,doctor detroit,Comedy,33%,40%
The Dresser,the dresser,Drama,100%,60%
The Dresser,the dresser,Drama,100%,86%
Eddie Macon's Run,eddie macon's run,"Action,Adventure,Crime",,20%
Eddie and the Cruisers,eddie and the cruisers,"Drama,Music,Mystery",38%,73%
Educating Rita,educating rita,"Comedy,Drama",82%,81%
El Norte,el norte,"Adventure,Drama",92%,82%
Fire and Ice,fire and ice,"Adventure,Animation,Fantasy",,
Flashdance,flashdance,"Drama,Music,Romance",37%,61%
Get Crazy,get crazy,"Comedy,Music",,66%
Forever Young,forever young,Drama,,
Going Berserk,going berserk,Comedy,,31%
The Grey Fox,the grey fox,"Biography,Drama,History",100%,78%
Halloween III: Season of the Witch,halloween iii: season of the witch,"Horror,Mystery,Sci-Fi",50%,29%
Hammett,hammett,"Crime,Drama,Mystery",77%,62%
Heart Like a Wheel,heart like a wheel,"Biography,Drama,Romance",100%,82%
Hercules,hercules,"Adventure,Fantasy,History",82%,76%
High Road to China,high road to china,"Adventure,Drama,Romance",,64%
Savage Attraction,hostage,"Biography,Drama,Thriller",,
The House on Sorority Row,the house on sorority row,"Horror,Mystery,Thriller",50%,62%
The Hunger,the hunger,"Drama,Horror",59%,66%
Jimmy the Kid,jimmy the kid,Comedy,,
The Keep,the keep,"Drama,Fantasy,Horror",39%,43%
Krull,krull,"Action,Adventure,Fantasy",35%,52%
Liquid Sky,liquid sky,"Sci-Fi,Thriller",93%,70%
Local Hero,local hero,"Comedy,Drama",100%,87%
Lone Wolf McQuade,lone wolf mcquade,"Action,Crime,Drama",57%,67%
The Lonely Lady,the lonely lady,Drama,0%,25%
Lovesick,lovesick,"Comedy,Fantasy,Romance",,
The Man Who Loved Women,the man who loved women,"Comedy,Drama,Romance",82%,85%
The Man Who Wasn't There,the man who wasn't there,"Action,Adventure,Comedy",81%,85%
The Man with Two Brains,the man with two brains,"Comedy,Romance,Sci-Fi",79%,64%
Max Dugan Returns,max dugan returns,"Comedy,Drama",71%,67%
Merry Christmas Mr. Lawrence,"merry christmas, mr. lawrence","Drama,War",86%,79%
Metalstorm: The Destruction of Jared-Syn,metalstorm: the destruction of jared-syn,"Action,Adventure,Romance",,23%
Mr. Mom,mr. mom,"Comedy,Drama",76%,57%
My Tutor,my tutor,Comedy,,38%
Nate and Hayes,nate and hayes,"Action,Adventure,Comedy",0%,59%
National Lampoon's Vacation,national lampoon's vacation,"Adventure,Comedy",94%,85%
Never Cry Wolf,never cry wolf,"Adventure,Drama",100%,84%
Never Say Never Again,never say never again,"Action,Adventure,Thriller",71%,37%
Nostalghia,nostalghia,Drama,88%,90%
Octopussy,octopussy,"Action,Adventure,Thriller",42%,47%
Of Unknown Origin,of unknown origin,"Horror,Thriller",63%,40%
The Osterman Weekend,the osterman weekend,"Action,Drama,Thriller",45%,37%
The Outsiders,the outsiders,"Crime,Drama",,
The Outsiders,the outsiders,"Crime,Drama",70%,82%
Phar Lap,phar lap,"Biography,Drama,Family",88%,93%
Porky's II: The Next Day,porky's ii: the next day,Comedy,10%,40%
Prisoners of the Lost Universe,prisoners of the lost universe,"Action,Adventure,Comedy",,15%
Star Wars: Episode VI - Return of the Jedi,star wars: episode vi - return of the jedi,"Action,Adventure,Fantasy",82%,94%
Revenge of the Ninja,revenge of the ninja,"Action,Crime,Drama",,58%
The Right Stuff,the right stuff,"Adventure,Biography,Drama",96%,90%
Romantic Comedy,romantic comedy,"Comedy,Romance",94%,43%
Rumble Fish,rumble fish,"Crime,Drama,Romance",76%,80%
Running Brave,running brave,"Biography,Drama,Sport",,83%
Rush,rush,"Action,Adventure,Sci-Fi",,
Sacred Ground,sacred ground,"Drama,Western",,43%
Scream,scream,"Horror,Mystery",76%,82%
Screwballs,screwballs,Comedy,,35%
Silkwood,silkwood,"Biography,Drama,History",76%,78%
Irresistible,irresistible,"Adult,Sci-Fi",22%,32%
Sleepaway Camp,sleepaway camp,Horror,81%,61%
Smokey and the Bandit Part 3,smokey and the bandit part 3,"Action,Comedy,Crime",17%,17%
Something Wicked This Way Comes,something wicked this way comes,"Fantasy,Mystery,Thriller",61%,64%
Spacehunter: Adventures in the Forbidden Zone,spacehunter: adventures in the forbidden zone,"Action,Adventure,Sci-Fi",27%,36%
Star 80,star 80,"Biography,Drama",81%,70%
The Star Chamber,the star chamber,"Crime,Drama,Mystery",77%,42%
Staying Alive,staying alive,"Drama,Music,Romance",0%,40%
Strange Invaders,strange invaders,"Horror,Mystery,Sci-Fi",67%,34%
Streamers,streamers,"Crime,Drama,War",55%,44%
Stroker Ace,stroker ace,"Action,Comedy,Romance",19%,50%
Sudden Impact,sudden impact,"Action,Crime,Thriller",51%,54%
Superman III,superman iii,"Action,Adventure,Comedy",29%,23%
The Survivors,the survivors,"Comedy,Crime,Drama",,
The Survivors,the survivors,"Comedy,Crime,Drama",9%,44%
Table for Five,table for five,"Drama,Romance",67%,59%
Tender Mercies,tender mercies,"Drama,Music",82%,81%
Terms of Endearment,terms of endearment,"Comedy,Drama",82%,83%
Testament,testament,"Drama,Sci-Fi",89%,74%
Tough Enough,tough enough,"Action,Drama,Romance",,63%
Trading Places,trading places,Comedy,89%,85%
Trenchcoat,trenchcoat,"Comedy,Mystery,Thriller",,33%
Twilight Zone: The Movie,twilight zone: the movie,"Horror,Sci-Fi",60%,55%
Uncommon Valor,uncommon valor,"Action,Drama,Thriller",,
Valley Girl,valley girl,"Comedy,Romance",84%,71%
Videodrome,videodrome,"Drama,Horror,Sci-Fi",83%,80%
Walking the Edge,walking the edge,"Action,Crime,Drama",,33%
WarGames,wargames,"Action,Drama,Sci-Fi",94%,76%
Suburbia,suburbia,"Drama,Thriller",68%,68%
Without a Trace,without a trace,"Drama,Mystery",86%,76%
Xtro,xtro,"Horror,Sci-Fi",44%,37%
The Year of Living Dangerously,the year of living dangerously,"Drama,Romance,War",88%,77%
Yellowbeard,yellowbeard,"Action,Adventure,Comedy",22%,63%
Yentl,yentl,"Drama,Musical,Romance",69%,75%
Young Warriors,young warriors,"Action,Crime,Drama",,44%
Zelig,zelig,Comedy,97%,88%
The Adventures of Pinocchio,the adventures of pinocchio,"Animation,Family",,
The Adventures of Pinocchio,the adventures of pinocchio,"Animation,Family",,
Prey,prey,"Horror,Mystery,Sci-Fi",,
Alphabet City,alphabet city,"Crime,Drama,Thriller",,32%
Amadeus,amadeus,"Biography,Drama,Music",89%,95%
The Ambassador,the ambassador,"Action,Drama,Thriller",71%,75%
American Dreamer,american dreamer,"Comedy,Crime,Romance",17%,83%
Bachelor Party,bachelor party,Comedy,,
The Bear,the bear,"Biography,Drama,Family",,
Beat Street,beat street,"Drama,Music",57%,83%
Beverly Hills Cop,beverly hills cop,"Action,Comedy,Crime",82%,82%
Birdy,birdy,"Drama,War",84%,83%
Blame It on Rio,blame it on rio,"Comedy,Romance",7%,40%
Blood Simple,blood simple,"Crime,Drama,Thriller",94%,88%
Body Double,body double,"Crime,Drama,Mystery",78%,65%
Body Rock,body rock,"Drama,Music,Musical",,46%
Bones,parker,"Crime,Drama",,
The Bostonians,the bostonians,"Drama,Romance",81%,37%
Breakin',breakin',"Comedy,Drama,Music",33%,73%
Broadway Danny Rose,broadway danny rose,Comedy,100%,84%
The Brother from Another Planet,the brother from another planet,"Comedy,Sci-Fi",89%,75%
The Buddy System,the buddy system,"Comedy,Drama,Romance",,50%
C.H.U.D.,c.h.u.d.,"Horror,Sci-Fi",29%,33%
Children of the Corn,children of the corn,"Horror,Thriller",12%,38%
Choose Me,choose me,"Comedy,Drama,Romance",94%,73%
City Heat,city heat,"Action,Comedy,Crime",22%,24%
Cold Feet,cold feet,Comedy,,
Comfort and Joy,comfort and joy,Comedy,,45%
The Company of Wolves,the company of wolves,"Drama,Fantasy,Horror",86%,73%
Conan the Destroyer,conan the destroyer,"Action,Adventure,Fantasy",26%,38%
The Cotton Club,the cotton club,"Crime,Drama,Music",74%,57%
Country,country,Drama,,
Crackers,crackers,"Adventure,Comedy,Crime",0%,34%
Crimes of Passion,crimes of passion,"Drama,Romance,Thriller",50%,61%
Dreamscape,dreamscape,"Action,Adventure,Horror",79%,46%
The Falcon and the Snowman,the falcon and the snowman,"Biography,Crime,Drama",83%,69%
Firestarter,firestarter,"Action,Horror,Sci-Fi",40%,53%
Firstborn,firstborn,"Drama,Thriller",36%,53%
The Flamingo Kid,the flamingo kid,"Comedy,Drama,Romance",85%,55%
Flashpoint,flashpoint,"Action,Crime,Drama",57%,44%
Footloose,footloose,"Drama,Music,Romance",55%,71%
The Last Victim,forced entry,"Horror,Thriller",,21%
Friday the 13th: The Final Chapter,friday the 13th: the final chapter,"Horror,Thriller",21%,51%
Garbo Talks,garbo talks,"Comedy,Drama",57%,50%
Ghostbusters,ghostbusters,"Action,Comedy,Fantasy",95%,88%
Give My Regards to Broad Street,give my regards to broad street,"Drama,Music",25%,30%
Godzilla 1985,godzilla 1985,"Action,Drama,Sci-Fi",27%,66%
"Grandview, U.S.A.","grandview, u.s.a.",Drama,,39%
Gremlins,gremlins,"Comedy,Fantasy,Horror",86%,78%
"Greystoke: The Legend of Tarzan, Lord of the Apes","greystoke: the legend of tarzan, lord of the apes","Adventure,Drama",73%,60%
Hard to Hold,hard to hold,"Comedy,Drama,Music",,60%
Heartbreakers,heartbreakers,Drama,80%,53%
The Hit,the hit,"Crime,Drama,Thriller",,20%
The Hotel New Hampshire,the hotel new hampshire,"Comedy,Drama",71%,50%
Iceman,iceman,"Drama,Sci-Fi",,49%
Indiana Jones and the Temple of Doom,indiana jones and the temple of doom,"Action,Adventure",77%,82%
Irreconcilable Differences,irreconcilable differences,"Comedy,Drama,Romance",60%,47%
Johnny Dangerously,johnny dangerously,"Comedy,Crime",44%,63%
Joy of Sex,joy of sex,"Comedy,Romance",,47%
Juice,juice,"Adult,Drama",81%,90%
Just the Way You Are,just the way you are,"Comedy,Music,Romance",,62%
The Karate Kid,the karate kid,"Action,Drama,Family",90%,82%
Kidco,kidco,Comedy,,81%
The Killing Fields,the killing fields,"Biography,Drama,History",93%,91%
Lassiter,lassiter,"Action,Crime,Drama",53%,30%
The Last Horror Film,the last horror film,"Comedy,Horror",,40%
The Last Starfighter,the last starfighter,"Action,Adventure,Sci-Fi",76%,70%
The Little Drummer Girl,the little drummer girl,Drama,56%,60%
The Lonely Guy,the lonely guy,"Comedy,Romance",50%,47%
Love Streams,love streams,Drama,100%,88%
Mass Appeal,mass appeal,Drama,100%,80%
Meatballs Part II,meatballs part ii,Comedy,,24%
Mesrine,mesrine,"Biography,Crime,Drama",,47%
Mike's Murder,mike's murder,"Drama,Mystery,Thriller",80%,45%
Misunderstood,misunderstood,Drama,,
Mortuary,mortuary,Horror,,30%
Moscow on the Hudson,moscow on the hudson,"Comedy,Drama,Romance",73%,59%
The Muppets Take Manhattan,the muppets take manhattan,"Adventure,Comedy,Drama",85%,76%
The Natural,the natural,"Drama,Sport",83%,88%
Dream one,nemo,"Adventure,Fantasy",,
Night Patrol,night patrol,"Comedy,Crime",,
Night of the Comet,night of the comet,"Comedy,Horror,Sci-Fi",79%,58%
A Nightmare on Elm Street,a nightmare on elm street,Horror,95%,84%
No Small Affair,no small affair,"Comedy,Drama,Music",57%,35%
Old Enough,old enough,Drama,,33%
Once Upon a Time in America,once upon a time in america,"Crime,Drama",86%,93%
One Night Stand,one night stand,"Comedy,Drama,Music",,
Ordeal by Innocence,ordeal by innocence,"Mystery,Thriller",,27%
Oxford Blues,oxford blues,"Comedy,Drama,Sport",,26%
"Paris, Texas","paris, texas",Drama,94%,93%
A Passage to India,a passage to india,"Adventure,Drama,History",76%,79%
The Philadelphia Experiment,the philadelphia experiment,"Adventure,Drama,Romance",,17%
The Philadelphia Experiment,the philadelphia experiment,"Adventure,Drama,Romance",50%,40%
Places in the Heart,places in the heart,Drama,89%,83%
I Go Pogo,i go pogo,"Animation,Comedy",,
Police Academy,police academy,Comedy,56%,64%
The Pope of Greenwich Village,the pope of greenwich village,"Action,Comedy,Crime",77%,74%
Protocol,protocol,Comedy,33%,38%
Purple Hearts,purple hearts,"Drama,War",20%,63%
Purple Rain,purple rain,"Drama,Music,Romance",72%,78%
Racing with the Moon,racing with the moon,"Comedy,Drama,Romance",60%,61%
Red Dawn,red dawn,"Action,Drama,Thriller",50%,65%
Repo Man,repo man,"Comedy,Crime,Sci-Fi",98%,78%
Revenge of the Nerds,revenge of the nerds,Comedy,71%,73%
Rhinestone,rhinestone,"Comedy,Music",19%,36%
The River Rat,the river rat,"Adventure,Crime,Drama",,55%
Romancing the Stone,romancing the stone,"Action,Adventure,Comedy",86%,69%
Runaway,runaway,"Action,Crime,Drama",,
Secret Honor,secret honor,"Biography,Comedy,Drama",77%,78%
Sheena: Queen of the Jungle,sheena,"Adventure,Fantasy",11%,33%
Sixteen Candles,sixteen candles,"Comedy,Romance",81%,85%
A Soldier's Story,a soldier's story,"Crime,Drama,Mystery",90%,82%
Songwriter,songwriter,"Drama,Music",89%,45%
Splash,splash,"Comedy,Fantasy,Romance",91%,62%
Star Trek III: The Search for Spock,star trek iii: the search for spock,"Action,Adventure,Sci-Fi",79%,68%
Starman,starman,"Romance,Sci-Fi",86%,70%
The Stone Boy,the stone boy,Drama,67%,46%
Stop Making Sense,stop making sense,"Documentary,Music",100%,97%
Streets of Fire,streets of fire,"Action,Crime,Drama",70%,70%
Streetwise,streetwise,"Documentary,Drama",,
Supergirl,supergirl,"Action,Adventure,Fantasy",8%,26%
Swing Shift,swing shift,"Drama,Romance,War",87%,42%
Tank,tank,"Action,Comedy,Drama",20%,47%
Teachers,teachers,"Comedy,Drama",61%,46%
The Terminator,the terminator,"Action,Adventure,Sci-Fi",100%,89%
Terror in the Aisles,terror in the aisles,"Documentary,Drama,Horror",63%,52%
Thief of Hearts,thief of hearts,"Crime,Drama,Thriller",0%,50%
This Is Spinal Tap,this is spinal tap,"Comedy,Music",96%,92%
Tightrope,tightrope,"Crime,Mystery,Thriller",85%,50%
The Times of Harvey Milk,the times of harvey milk,"Biography,Documentary,History",96%,94%
Under the Volcano,under the volcano,Drama,74%,71%
The NeverEnding Story,the neverending story,"Adventure,Drama,Family",83%,81%
Until September,until september,"Drama,Romance",0%,70%
Vigil,vigil,"Drama,Mystery",,62%
The Wild Life,the wild life,"Comedy,Drama",17%,29%
Windy City,windy city,"Drama,Romance",14%,80%
After Darkness,after darkness,"Drama,Horror,Thriller",,
After Hours,after hours,"Comedy,Crime,Drama",,
Agnes of God,agnes of god,"Drama,Mystery",44%,59%
Alamo Bay,alamo bay,"Action,Drama,Romance",,36%
Always,always,"Comedy,Drama,Romance",68%,58%
American Flyers,american flyers,"Drama,Sport",70%,89%
American Ninja,american ninja,"Action,Adventure,Romance",0%,47%
Avenging Angel,avenging angel,"Action,Crime,Thriller",,57%
Back to the Future,back to the future,"Adventure,Comedy,Sci-Fi",93%,95%
Bad Medicine,bad medicine,Comedy,,28%
The Black Cauldron,the black cauldron,"Action,Adventure,Animation",54%,48%
Bliss,bliss,"Comedy,Drama",,
The Breakfast Club,the breakfast club,"Comedy,Drama",89%,92%
The Bride,the bride,"Fantasy,Horror,Romance",27%,33%
Bring on the Night,bring on the night,"Documentary,Music",,79%
The Care Bears Movie,the care bears movie,"Adventure,Animation,Comedy",,
The Care Bears Movie,the care bears movie,"Adventure,Animation,Comedy",43%,58%
Cat's Eye,cat's eye,"Comedy,Drama,Horror",69%,53%
Certain Fury,certain fury,"Action,Crime,Drama",,40%
Clue,clue,"Comedy,Crime,Mystery",71%,86%
The Coca-Cola Kid,the coca-cola kid,"Comedy,Drama",47%,40%
Cocoon,cocoon,"Comedy,Drama,Sci-Fi",82%,60%
The Color Purple,the color purple,Drama,82%,95%
The Color Purple,the color purple,Drama,73%,94%
Commando,commando,"Action,Adventure,Thriller",,
Compromising Positions,compromising positions,"Comedy,Drama,Mystery",56%,38%
Creator,creator,"Comedy,Romance,Sci-Fi",38%,75%
Creature,creature,"Horror,Sci-Fi",90%,80%
Crimewave,crimewave,"Comedy,Crime,Horror",57%,47%
Crossover Dreams,crossover dreams,"Comedy,Drama,Music",60%,
D.A.R.Y.L.,d.a.r.y.l.,"Family,Sci-Fi",53%,55%
Day of the Dead,day of the dead,"Horror,Thriller",,
Death Wish 3,death wish 3,"Action,Crime,Drama",16%,53%
Defense of the Realm,defence of the realm,Thriller,100%,69%
Desert Hearts,desert hearts,"Drama,Romance",90%,77%
Desperately Seeking Susan,desperately seeking susan,"Comedy,Drama",85%,62%
Dreamchild,dreamchild,"Biography,Comedy,Drama",100%,80%
Eleni,eleni,"Drama,War",86%,75%
Enemy Mine,enemy mine,"Action,Adventure,Drama",59%,68%
Explorers,explorers,"Adventure,Comedy,Family",72%,66%
F/X,f/x,"Action,Thriller",89%,54%
Fair Game,fair game,"Action,Adventure,Thriller",,38%
Fast Forward,fast forward,"Drama,Musical",,83%
Fever Pitch,fever pitch,"Drama,Mystery",66%,60%
Fletch,fletch,"Comedy,Crime,Mystery",79%,81%
Fool for Love,fool for love,Drama,79%,44%
Ghoulies,ghoulies,"Comedy,Fantasy,Horror",7%,20%
Girls Just Want to Have Fun,girls just want to have fun,"Comedy,Music,Romance",40%,77%
"Goodbye, New York","goodbye, new york","Comedy,Drama,Romance",,
The Goonies,the goonies,"Adventure,Comedy,Family",77%,91%
Gotcha!,gotcha!,"Action,Comedy,Mystery",31%,53%
Gymkata,gymkata,"Action,Thriller",17%,40%
Heaven Help Us,heaven help us,"Comedy,Drama,Romance",29%,75%
The Heavenly Kid,the heavenly kid,"Comedy,Fantasy,Romance",30%,64%
Here Come the Littles,here come the littles,"Adventure,Animation,Family",,59%
The Holcroft Covenant,the holcroft covenant,"Action,Crime,Mystery",27%,30%
Invasion U.S.A.,invasion u.s.a.,"Action,Thriller",,10%
Jagged Edge,jagged edge,"Drama,Mystery,Thriller",81%,59%
The Jewel of the Nile,the jewel of the nile,"Action,Adventure,Comedy",48%,37%
The Journey of Natty Gann,the journey of natty gann,"Adventure,Drama,Family",91%,78%
Junior,junior,"Comedy,Horror,Thriller",,
Just One of the Guys,just one of the guys,"Comedy,Romance",57%,65%
Key Exchange,key exchange,"Comedy,Romance",43%,17%
King David,king david,"Adventure,Biography,Drama",8%,43%
Kiss of the Spider Woman,kiss of the spider woman,Drama,86%,81%
Krush Groove,krush groove,"Comedy,Drama,Music",43%,81%
Ladyhawke,ladyhawke,"Adventure,Comedy,Drama",67%,74%
The Last Dragon,the last dragon,"Action,Comedy,Drama",61%,86%
Legend,legend,"Adventure,Fantasy,Romance",41%,73%
The Legend of Billie Jean,the legend of billie jean,"Action,Drama",39%,75%
The Lost Empire,the lost empire,"Action,Adventure,Comedy",,59%
Lost in America,lost in america,Comedy,95%,77%
Lust in the Dust,lust in the dust,"Comedy,Western",25%,79%
Mad Max Beyond Thunderdome,mad max beyond thunderdome,"Action,Adventure,Sci-Fi",79%,49%
The Man with One Red Shoe,the man with one red shoe,"Comedy,Thriller",47%,40%
Mask,mask,"Biography,Drama",93%,83%
The Mean Season,the mean season,"Crime,Thriller",64%,33%
Mischief,mischief,"Comedy,Romance",,
Missing in Action 2: The Beginning,missing in action 2: the beginning,"Action,Drama,Thriller",,47%
Dark of the Night,mr. wrong,"Horror,Thriller",6%,26%
Murphy's Romance,murphy's romance,"Comedy,Drama,Romance",73%,75%
My Science Project,my science project,"Action,Adventure,Comedy",11%,56%
National Lampoon's European Vacation,national lampoon's european vacation,"Adventure,Comedy",37%,49%
The New Kids,the new kids,"Crime,Drama,Horror",40%,48%
"No Retreat, No Surrender",no retreat no surrender,"Action,Comedy,Crime",80%,53%
One Magic Christmas,one magic christmas,"Family,Fantasy",47%,68%
Out of Africa,out of africa,"Biography,Drama,Romance",62%,82%
Pale Rider,pale rider,"Drama,Western",93%,83%
Pee-wee's Big Adventure,pee-wee's big adventure,"Adventure,Comedy,Family",88%,79%
Perfect,perfect,"Drama,Romance",18%,28%
Plenty,plenty,Drama,59%,52%
Police Academy 2: Their First Assignment,police academy 2: their first assignment,Comedy,28%,42%
Porky's Revenge,porky's revenge,Comedy,25%,33%
Pray for Death,pray for death,"Action,Crime,Drama",,53%
A Private Function,a private function,Comedy,90%,62%
Private Resort,private resort,Comedy,14%,40%
Prizzi's Honor,prizzi's honor,"Comedy,Crime,Drama",85%,62%
The Purple Rose of Cairo,the purple rose of cairo,"Comedy,Fantasy,Romance",93%,88%
The Quiet Earth,the quiet earth,"Drama,Mystery,Sci-Fi",71%,69%
Rainbow Brite and the Star Stealer,rainbow brite and the star stealer,"Adventure,Animation,Family",0%,80%
Rambo: First Blood Part II,rambo: first blood part ii,"Action,Adventure,Thriller",33%,60%
Ran,ran,"Action,Drama,War",96%,95%
Re-Animator,re-animator,"Comedy,Horror,Sci-Fi",94%,82%
Real Genius,real genius,"Comedy,Romance,Sci-Fi",77%,83%
Red Heat,red heat,Thriller,,28%
Remo Williams: The Adventure Begins,remo williams: the adventure begins,"Action,Adventure,Comedy",41%,59%
The Return of the Living Dead,the return of the living dead,"Comedy,Horror,Sci-Fi",91%,79%
Return to Oz,return to oz,"Adventure,Family,Fantasy",,
Rocky IV,rocky iv,"Drama,Sport",40%,80%
Runaway Train,runaway train,"Action,Adventure,Drama",83%,76%
Running Mates,running mates,Romance,,
Rustlers' Rhapsody,rustlers' rhapsody,"Comedy,Western",17%,84%
Secret Admirer,secret admirer,"Comedy,Romance",33%,64%
He-Man and She-Ra: The Secret of the Sword,the secret of the sword,"Action,Adventure,Animation",60%,79%
Silverado,silverado,"Action,Crime,Drama",78%,80%
The Slugger's Wife,the slugger's wife,"Comedy,Music,Romance",0%,20%
Smooth Talk,smooth talk,"Drama,Romance,Thriller",94%,47%
Spies Like Us,spies like us,"Adventure,Comedy",35%,56%
St. Elmo's Fire,st. elmo's fire,"Drama,Romance",42%,67%
Starchaser: The Legend of Orin,starchaser: the legend of orin,"Action,Adventure,Animation",,65%
Stick,stick,"Action,Crime,Drama",38%,37%
The Stuff,the stuff,"Comedy,Horror,Sci-Fi",,
The Stuff,the stuff,"Comedy,Horror,Sci-Fi",73%,48%
Sudden Death,sudden death,"Action,Thriller",,
Summer Rental,summer rental,Comedy,17%,52%
The Sure Thing,the sure thing,"Comedy,Drama,Romance",86%,79%
Sweet Dreams,sweet dreams,"Biography,Drama,Music",90%,81%
Teen Wolf,teen wolf,"Comedy,Fantasy,Romance",46%,52%
That's Dancing!,that's dancing!,"Documentary,Musical",,72%
To Live and Die in L.A.,to live and die in l.a.,"Action,Crime,Drama",88%,79%
Too Scared to Scream,too scared to scream,"Crime,Drama,Horror",,21%
Transylvania 6-5000,transylvania 6-5000,"Comedy,Fantasy,Horror",18%,41%
The Trip to Bountiful,the trip to bountiful,Drama,100%,86%
Trouble in Mind,trouble in mind,"Comedy,Crime,Drama",80%,63%
Tuff Turf,tuff turf,"Action,Comedy,Drama",17%,59%
Turtle Diary,turtle diary,"Comedy,Drama,Romance",82%,73%
Twice in a Lifetime,twice in a lifetime,"Drama,Romance",83%,53%
Vision Quest,vision quest,"Drama,Romance,Sport",,
Volunteers,volunteers,"Adventure,Comedy",58%,33%
Water,water,"Adventure,Comedy,Drama",91%,90%
Wetherby,wetherby,"Drama,Mystery",67%,47%
What Comes Around,what comes around,"Action,Comedy,Drama",,
White Nights,white nights,"Drama,Music",46%,74%
Witchboard,witchboard,"Horror,Mystery,Thriller",50%,41%
Witness,witness,"Drama,Romance,Thriller",,
Yesterday,yesterday,"Comedy,Drama,Music",,
Young Sherlock Holmes,young sherlock holmes,"Adventure,Fantasy,Mystery",68%,63%
Crocodile Dundee,crocodile dundee,"Adventure,Comedy",89%,59%
"'night, Mother","'night, mother",Drama,80%,85%
52 Pick-Up,52 pick-up,"Crime,Drama,Thriller",53%,47%
8 Million Ways to Die,8 million ways to die,"Action,Crime,Drama",0%,39%
84 Charing Cross Road,84 charing cross road,"Biography,Drama,Romance",86%,81%
Absolute Beginners,absolute beginners,"Drama,Musical,Romance",70%,38%
Alone,alone,,,58%
An American Tail,an american tail,"Adventure,Animation,Comedy",77%,71%
Armed Response,armed response,"Action,Crime,Thriller",,33%
At Close Range,at close range,"Crime,Drama",86%,78%
Avenging Force,avenging force,"Action,Drama,Thriller",,50%
Back to School,back to school,"Comedy,Romance,Sport",87%,68%
Bad Guys,bad guys,Comedy,,
Band of the Hand,band of the hand,"Action,Crime,Drama",0%,59%
Belizaire the Cajun,belizaire the cajun,"Drama,History,Romance",64%,69%
The Best of Times,the best of times,"Comedy,Drama,Sport",,
Big Trouble,big trouble,"Comedy,Crime",14%,25%
Big Trouble in Little China,big trouble in little china,"Action,Adventure,Comedy",74%,82%
Black Moon Rising,black moon rising,"Action,Crime,Thriller",47%,25%
Blue City,blue city,"Action,Crime,Drama",0%,25%
Blue Velvet,blue velvet,"Crime,Drama,Mystery",95%,88%
The Boy Who Could Fly,the boy who could fly,"Drama,Fantasy,Romance",64%,69%
Brighton Beach Memoirs,brighton beach memoirs,Comedy,71%,79%
Children of a Lesser God,children of a lesser god,"Drama,Romance",81%,78%
Choke Canyon,choke canyon,"Action,Sci-Fi",,29%
The Clan of the Cave Bear,the clan of the cave bear,"Adventure,Drama,Fantasy",10%,47%
The Climb,the climb,Adventure,,72%
Club Paradise,club paradise,Comedy,11%,36%
The Color of Money,the color of money,"Drama,Sport",,
The Color of Money,the color of money,"Drama,Sport",88%,73%
Crawlspace,crawlspace,"Horror,Thriller",,20%
Crimes of the Heart,crimes of the heart,"Comedy,Drama",82%,64%
Critters,critters,"Comedy,Horror,Sci-Fi",50%,45%
Dangerously Close,dangerously close,"Action,Crime,Thriller",10%,45%
Deadly Friend,deadly friend,"Drama,Horror,Sci-Fi",20%,38%
The Delta Force,the delta force,"Action,Adventure,Drama",15%,49%
Desert Bloom,desert bloom,"Drama,Family,Romance",69%,69%
Down and Out in Beverly Hills,down and out in beverly hills,Comedy,80%,52%
Down by Law,down by law,"Comedy,Crime,Drama",88%,93%
Dr. Otto and the Riddle of the Gloom Beam,dr. otto and the riddle of the gloom beam,"Comedy,Sci-Fi",,36%
Echo Park,echo park,"Comedy,Drama",78%,38%
Elysium,elysium,"Drama,War",,45%
Every Time We Say Goodbye,every time we say goodbye,"Drama,Romance,War",,44%
Extremities,extremities,"Drama,Thriller",40%,64%
Eye of the Tiger,eye of the tiger,"Action,Drama",20%,45%
Singing the Blues in Red,fatherland,"Drama,Music",50%,52%
Ferris Bueller's Day Off,ferris bueller's day off,Comedy,82%,92%
Fire with Fire,fire with fire,"Drama,Romance",,83%
Firewalker,firewalker,"Action,Adventure,Comedy",8%,32%
Flight of the Navigator,flight of the navigator,"Adventure,Comedy,Family",84%,75%
Fortress,fortress,"Action,Crime,Horror",,74%
The Girl,the girl,"Drama,Romance,Thriller",,
GoBots: Battle of the Rock Lords,gobots: battle of the rock lords,"Action,Adventure,Animation",20%,55%
The Golden Child,the golden child,"Action,Adventure,Comedy",20%,47%
Good to Go,good to go,"Drama,Musical",,
The Great Mouse Detective,the great mouse detective,"Adventure,Animation,Family",77%,79%
The Great Wall Is a Great Wall,a great wall,"Comedy,Drama",56%,53%
Half Moon Street,half moon street,"Drama,Thriller",50%,33%
Hannah and Her Sisters,hannah and her sisters,"Comedy,Drama",91%,90%
Hard Choices,hard choices,"Crime,Drama",,
Haunted Honeymoon,haunted honeymoon,Comedy,18%,53%
Heartbreak Ridge,heartbreak ridge,"Drama,War",68%,74%
Heartburn,heartburn,"Comedy,Drama",45%,46%
Highlander,highlander,"Action,Adventure,Fantasy",70%,79%
The Hitcher,the hitcher,"Mystery,Thriller",64%,74%
The Hitcher,the hitcher,"Mystery,Thriller",19%,52%
Hollywood Vice Squad,hollywood vice squad,"Action,Comedy,Crime",,17%
Hoosiers,hoosiers,"Drama,Sport",91%,88%
Howard the Duck,howard the duck,"Action,Adventure,Comedy",13%,38%
If Looks Could Kill,if looks could kill,Thriller,,
Iron Eagle,iron eagle,"Action,Thriller,War",20%,56%
"Jo Jo Dancer, Your Life Is Calling","jo jo dancer, your life is calling","Biography,Comedy,Drama",50%,79%
Jumpin' Jack Flash,jumpin' jack flash,"Comedy,Romance,Thriller",30%,58%
Just Between Friends,just between friends,Drama,33%,52%
The Kindred,the kindred,"Horror,Sci-Fi,Thriller",67%,36%
The Kindred,the kindred,"Horror,Sci-Fi,Thriller",44%,47%
King Kong Lives,king kong lives,"Action,Adventure",8%,17%
Knights of the City,knights of the city,"Action,Music",,33%
Last Resort,last resort,Comedy,,
Legal Eagles,legal eagles,"Comedy,Crime,Romance",44%,32%
Little Shop of Horrors,little shop of horrors,"Comedy,Horror,Musical",91%,79%
The Longshot,the longshot,Comedy,,53%
Lucas,lucas,"Comedy,Drama,Romance",73%,70%
The Manhattan Project,the manhattan project,"Sci-Fi,Thriller",,80%
Manhunter,manhunter,"Crime,Mystery,Thriller",,
Matador,matador,"Drama,Thriller",93%,78%
Maximum Overdrive,maximum overdrive,"Action,Comedy,Horror",14%,50%
Mayhem,mayhem,"Action,Crime,Thriller",,
The Men's Club,the men's club,Drama,,25%
Mona Lisa,mona lisa,"Crime,Drama,Romance",98%,81%
The Money Pit,the money pit,Comedy,50%,58%
The Morning After,the morning after,"Crime,Mystery,Romance",,
The Morning After,the morning after,"Crime,Mystery,Romance",63%,38%
The Mosquito Coast,the mosquito coast,"Adventure,Drama,Thriller",77%,61%
Murphy's Law,murphy's law,"Action,Crime,Drama",40%,44%
My Beautiful Laundrette,my beautiful laundrette,"Comedy,Drama,Romance",98%,74%
My Chauffeur,my chauffeur,Comedy,,57%
The Name of the Rose,the name of the rose,"Drama,Mystery,Thriller",76%,85%
Never Too Young to Die,never too young to die,"Action,Adventure,Comedy",,51%
Night of the Creeps,night of the creeps,"Comedy,Horror,Sci-Fi",73%,70%
No Mercy,no mercy,"Crime,Drama,Romance",,
Nomads,nomads,"Drama,Horror,Mystery",36%,37%
Nothing in Common,nothing in common,"Comedy,Drama,Romance",54%,40%
Off Beat,off beat,"Comedy,Crime,Romance",,27%
One Crazy Summer,one crazy summer,"Comedy,Romance",45%,63%
Out of Bounds,out of bounds,"Action,Crime,Drama",,
P.O.W. the Escape,behind enemy lines,"Action,Adventure,Drama",,29%
Parting Glances,parting glances,"Drama,Music,Romance",90%,75%
Peggy Sue Got Married,peggy sue got married,"Comedy,Drama,Fantasy",87%,55%
Platoon,platoon,"Drama,War",89%,93%
Playing for Keeps,playing for keeps,Comedy,,57%
Police Academy 3: Back in Training,police academy 3: back in training,Comedy,36%,39%
Pretty in Pink,pretty in pink,"Comedy,Drama,Romance",75%,81%
Puzzle,puzzle,"Action,Crime,Thriller",,
Quicksilver,quicksilver,"Crime,Drama,Thriller",13%,38%
Quiet Cool,quiet cool,Action,,53%
Rad,rad,"Drama,Sport",42%,90%
River's Edge,river's edge,"Crime,Drama",88%,75%
Robotech: The Movie,robotech: the movie,"Action,Animation,Music",,40%
A Room with a View,a room with a view,"Drama,Romance",60%,20%
Ruthless People,ruthless people,"Comedy,Crime",93%,72%
Salvador,salvador,"Drama,History,Thriller",90%,85%
Saving Grace,saving grace,"Comedy,Drama",,76%
Shanghai Surprise,shanghai surprise,"Adventure,Comedy,Crime",20%,16%
She's Gotta Have It,she's gotta have it,"Comedy,Romance",94%,72%
Short Circuit,short circuit,"Comedy,Family,Sci-Fi",,86%
Solarbabies,solarbabies,"Action,Adventure,Drama",0%,43%
Soul Man,soul man,"Comedy,Romance",17%,35%
Stand by Me,stand by me,"Adventure,Comedy,Drama",,
Star Trek IV: The Voyage Home,star trek iv: the voyage home,"Adventure,Comedy,Sci-Fi",82%,81%
Streets of Gold,streets of gold,"Drama,Sport",31%,45%
Sweet Liberty,sweet liberty,Comedy,76%,37%
Tai-Pan,tai-pan,Adventure,14%,39%
TerrorVision,terrorvision,"Comedy,Horror,Sci-Fi",10%,44%
That's Life!,that's life!,"Comedy,Drama",53%,52%
Trick or Treat,trick or treat,"Comedy,Horror,Music",71%,63%
True Stories,true stories,"Comedy,Musical",79%,83%
Truth or Dare?,truth or dare?: a critical madness,Horror,,58%
Twisted,twisted,"Horror,Thriller",2%,31%
Under the Cherry Moon,under the cherry moon,"Comedy,Drama,Music",36%,67%
Vamp,vamp,"Comedy,Fantasy,Horror",40%,49%
Whatever It Takes,whatever it takes,"Comedy,Drama",,
Where the River Runs Black,where the river runs black,Adventure,60%,92%
Wildcats,wildcats,"Comedy,Sport",26%,50%
Wisdom,wisdom,"Crime,Drama",,49%
Wise Guys,wise guys,"Comedy,Crime",31%,42%
The Wraith,the wraith,"Action,Horror,Romance",33%,61%
Youngblood,youngblood,"Drama,Romance,Sport",44%,69%
*batteries not included,*batteries not included,"Comedy,Family,Fantasy",65%,64%
Adventures in Babysitting,adventures in babysitting,"Adventure,Comedy,Crime",72%,70%
Alien from L.A.,alien from l.a.,"Adventure,Comedy,Sci-Fi",22%,3%
Allan Quatermain and the Lost City of Gold,allan quatermain and the lost city of gold,"Action,Adventure,Comedy",40%,22%
The Allnighter,the allnighter,"Comedy,Romance",100%,92%
The Allnighter,the allnighter,"Comedy,Romance",0%,37%
Amazing Grace and Chuck,amazing grace and chuck,"Drama,Sport",43%,69%
Amazon Women on the Moon,amazon women on the moon,"Comedy,Sci-Fi",65%,58%
American Ninja 2: The Confrontation,american ninja 2: the confrontation,"Action,Comedy,Drama",,40%
And God Created Woman,and god created woman,"Comedy,Drama,Romance",69%,54%
Aria,aria,"Comedy,Drama,Music",57%,47%
Baby Boom,baby boom,"Comedy,Drama,Romance",67%,62%
Back to the Beach,back to the beach,"Comedy,Musical",78%,63%
Barfly,barfly,"Comedy,Drama,Romance",76%,82%
The Believers,the believers,"Crime,Drama,Horror",35%,45%
Benji the Hunted,benji the hunted,"Adventure,Family",55%,61%
Big Shots,big shots,"Adventure,Comedy,Crime",60%,59%
The Big Town,the big town,"Drama,Romance,Thriller",,
Bloodsport,bloodsport,"Action,Biography,Drama",48%,74%
Born in East L.A.,born in east l.a.,Comedy,40%,61%
The Brave Little Toaster,the brave little toaster,"Adventure,Animation,Family",77%,81%
Broadcast News,broadcast news,"Comedy,Drama,Romance",98%,79%
Burglar,burglar,"Comedy,Crime",,
Can't Buy Me Love,can't buy me love,"Comedy,Drama,Romance",50%,74%
The Care Bears Adventure in Wonderland,the care bears adventure in wonderland,"Adventure,Animation,Comedy",,33%
Cherry 2000,cherry 2000,"Action,Adventure,Comedy",38%,41%
The Chipmunk Adventure,the chipmunk adventure,"Adventure,Animation,Comedy",75%,87%
Cop,cop,"Crime,Drama,Mystery",83%,49%
Creepshow 2,creepshow 2,"Fantasy,Horror",29%,41%
The Curse,the curse,"Horror,Sci-Fi",,
Dark Tower,dark tower,"Horror,Mystery,Thriller",,6%
Date with an Angel,date with an angel,"Comedy,Fantasy,Romance",11%,58%
Dead Man Walking,dead man walking,"Action,Sci-Fi",,56%
Dead of Winter,dead of winter,"Drama,Horror,Thriller",77%,47%
The Dead,the dead,Drama,94%,77%
Dear John,dear john,"Horror,Thriller",29%,55%
Death Wish 4: The Crackdown,death wish 4: the crackdown,"Action,Crime,Drama",25%,40%
Dirty Dancing,dirty dancing,"Drama,Music,Romance",72%,90%
Disorderlies,disorderlies,Comedy,,53%
Distortions,distortions,"Horror,Thriller",,
The Long Farewell,dolgie provody,Drama,,100%
Doom Asylum,doom asylum,"Comedy,Horror",,33%
Empire of the Sun,empire of the sun,"Drama,War",77%,90%
Ernest Goes to Camp,ernest goes to camp,"Comedy,Family",62%,51%
Extreme Prejudice,extreme prejudice,"Action,Crime,Drama",73%,59%
Fatal Beauty,fatal beauty,"Action,Comedy,Crime",20%,55%
Flowers in the Attic,flowers in the attic,"Drama,Mystery,Thriller",20%,50%
The Fourth Protocol,the fourth protocol,Thriller,67%,55%
From the Hip,from the hip,"Comedy,Crime,Drama",30%,60%
Full Metal Jacket,full metal jacket,"Drama,War",90%,94%
The Garbage Pail Kids Movie,the garbage pail kids movie,"Adventure,Comedy,Family",0%,27%
Gardens of Stone,gardens of stone,"Drama,Romance,War",44%,56%
The Gate,the gate,"Fantasy,Horror",,44%
The Gate,the gate,"Fantasy,Horror",36%,45%
"Good Morning, Vietnam","good morning, vietnam","Biography,Comedy,Drama",90%,82%
Graveyard Shift,graveyard shift,Horror,0%,23%
Hamburger Hill,hamburger hill,"Action,Drama,Thriller",100%,72%
Harry and the Hendersons,harry and the hendersons,"Comedy,Family,Fantasy",45%,54%
Heaven and Earth,heaven and earth,Drama,,
Hello Again,hello again,"Comedy,Drama,Fantasy",10%,49%
Hellraiser,hellraiser,"Horror,Thriller",70%,73%
The Hidden,the hidden,"Horror,Sci-Fi,Thriller",,
The Hidden,the hidden,"Horror,Sci-Fi,Thriller",76%,72%
Hiding Out,hiding out,"Comedy,Drama,Romance",43%,70%
Hollywood Shuffle,hollywood shuffle,Comedy,88%,80%
Hope and Glory,hope and glory,"Comedy,Drama,Romance",96%,82%
Hot Pursuit,hot pursuit,Comedy,,
House of Games,house of games,"Crime,Drama,Thriller",97%,79%
Housekeeping,housekeeping,"Comedy,Drama",93%,84%
In the Mood,in the mood,"Comedy,Romance",67%,68%
Innerspace,innerspace,"Action,Adventure,Comedy",82%,65%
Ironweed,ironweed,Drama,60%,59%
Ishtar,ishtar,"Action,Adventure,Comedy",41%,39%
Jocks,jocks,"Comedy,Sport",,13%
La Bamba,la bamba,"Biography,Drama,Music",83%,78%
The Last Emperor,the last emperor,"Biography,Drama,History",86%,88%
Leonard Part 6,leonard part 6,"Action,Comedy,Sci-Fi",7%,20%
Less Than Zero,less than zero,"Crime,Drama",50%,63%
Lethal Weapon,lethal weapon,"Action,Crime,Thriller",80%,86%
Light of Day,light of day,"Drama,Music",53%,54%
The Living Daylights,the living daylights,"Action,Adventure,Thriller",73%,66%
The Lonely Passion of Judith Hearne,the lonely passion of judith hearne,"Drama,Romance",100%,77%
The Lost Boys,the lost boys,"Comedy,Horror",77%,85%
Making Mr. Right,making mr. right,"Comedy,Romance,Sci-Fi",56%,35%
Malone,malone,"Action,Drama,Thriller",29%,36%
Masters of the Universe,masters of the universe,"Action,Adventure,Fantasy",21%,41%
Matewan,matewan,"Drama,History",94%,93%
Maurice,maurice,"Drama,Romance",82%,87%
The Monster Squad,the monster squad,"Action,Comedy,Fantasy",56%,78%
Moonstruck,moonstruck,"Comedy,Drama,Romance",89%,80%
My Demon Lover,my demon lover,"Comedy,Fantasy,Horror",0%,46%
Nadine,nadine,"Comedy,Mystery,Romance",46%,28%
Night of the Demons,night of the demons,"Comedy,Fantasy,Horror",43%,58%
A Nightmare on Elm Street 3: Dream Warriors,a nightmare on elm street 3: dream warriors,"Fantasy,Horror",67%,68%
North Shore,north shore,"Action,Drama,Romance",,83%
Nowhere to Hide,nowhere to hide,"Action,Thriller",,
Number One with a Bullet,number one with a bullet,"Action,Crime,Thriller",,
Nuts,nuts,"Drama,Thriller",41%,71%
Orphans,orphans,Drama,47%,77%
Outrageous Fortune,outrageous fortune,Comedy,58%,60%
Overboard,overboard,"Comedy,Romance",46%,74%
The Perfect Match,the perfect match,"Comedy,Romance",,
Personal Services,personal services,Comedy,67%,80%
The Pick-up Artist,the pick-up artist,"Comedy,Crime,Drama",58%,37%
Pinocchio and the Emperor of the Night,pinocchio and the emperor of the night,"Adventure,Animation,Family",43%,61%
The New Adventures of Pippi Longstocking,the new adventures of pippi longstocking,"Adventure,Family,Fantasy",17%,68%
Police Academy 4: Citizens on Patrol,police academy 4: citizens on patrol,"Comedy,Crime",0%,38%
Predator,predator,"Action,Adventure,Horror",80%,87%
Prince of Darkness,prince of darkness,Horror,63%,61%
The Princess Bride,the princess bride,"Adventure,Comedy,Family",96%,94%
The Principal,the principal,"Action,Crime,Drama",44%,51%
Radio Days,radio days,Comedy,93%,84%
Raising Arizona,raising arizona,"Comedy,Crime",91%,85%
Real Men,real men,"Action,Comedy,Sci-Fi",,60%
Red Riding Hood,red riding hood,"Adventure,Family,Fantasy",,
Revenge of the Nerds II: Nerds in Paradise,revenge of the nerds ii: nerds in paradise,Comedy,7%,34%
RoboCop,robocop,"Action,Crime,Sci-Fi",49%,49%
The Rosary Murders,the rosary murders,"Crime,Drama,Mystery",,41%
Roxanne,roxanne,"Comedy,Romance",88%,63%
Russkies,russkies,Drama,14%,42%
September,september,Drama,,
The Sicilian,the sicilian,"Action,Crime,Drama",10%,42%
Siesta,siesta,"Drama,Mystery,Romance",14%,63%
Sign 'o' the Times,sign 'o' the times,"Documentary,Music",82%,91%
Skin,skin,Crime,77%,82%
Slumber Party Massacre II,slumber party massacre ii,"Comedy,Horror,Musical",,36%
Some Kind of Wonderful,some kind of wonderful,"Drama,Romance",76%,80%
Someone to Watch Over Me,someone to watch over me,"Crime,Drama,Romance",65%,41%
Spaceballs,spaceballs,"Adventure,Comedy,Sci-Fi",52%,83%
Square Dance,square dance,"Drama,Romance",31%,48%
Stakeout,stakeout,"Action,Comedy,Crime",,
Steel Dawn,steel dawn,"Action,Adventure,Sci-Fi",,34%
The Stepfather,the stepfather,"Horror,Thriller",89%,65%
Straight to Hell,straight to hell,"Action,Comedy,Western",30%,58%
Street Smart,street smart,"Crime,Drama,Thriller",67%,45%
Superman IV: The Quest for Peace,superman iv: the quest for peace,"Action,Adventure,Sci-Fi",10%,16%
Sweet Lorraine,sweet lorraine,Drama,,
Teen Wolf Too,teen wolf too,"Comedy,Fantasy",8%,18%
Three O'Clock High,three o'clock high,Comedy,60%,73%
Three for the Road,three for the road,"Comedy,Drama",,42%
Throw Momma from the Train,throw momma from the train,"Comedy,Crime,Thriller",64%,54%
Tin Men,tin men,"Comedy,Drama",78%,64%
The Trouble with Spies,the trouble with spies,"Action,Adventure,Comedy",,17%
The Untouchables,the untouchables,"Crime,Drama,Thriller",83%,89%
A Walk on the Moon,a walk on the moon,"Adventure,Drama",,
Wanted: Dead or Alive,wanted: dead or alive,"Action,Crime,Drama",,
Weeds,weeds,"Drama,Music",71%,54%
The Whales of August,the whales of august,Drama,64%,67%
White Mischief,white mischief,"Crime,Drama,Mystery",80%,54%
White Water Summer,white water summer,"Adventure,Drama",25%,54%
Wild Thing,wild thing,"Action,Drama,Thriller",33%,58%
Wish You Were Here,wish you were here,"Comedy,Drama",85%,77%
The Witches of Eastwick,the witches of eastwick,"Comedy,Fantasy,Horror",67%,62%
18 Again!,18 again!,"Comedy,Fantasy,Romance",29%,45%
1969,1969,"Drama,War",55%,44%
976-EVIL,976-evil,"Comedy,Horror",15%,28%
Above the Law,above the law,"Action,Crime,Drama",50%,48%
The Accidental Tourist,the accidental tourist,"Comedy,Drama,Romance",82%,60%
Action Jackson,action jackson,"Action,Comedy,Crime",19%,35%
Alien Nation,alien nation,"Action,Sci-Fi",53%,44%
Allegoria,allegoria,Documentary,,56%
Another Woman,another woman,Drama,59%,75%
Appointment with Death,appointment with death,"Crime,Drama,Mystery",,43%
Arthur 2: On the Rocks,arthur 2: on the rocks,"Comedy,Romance",13%,30%
Bad Dreams,bad dreams,"Horror,Thriller",38%,42%
Baxter,baxter,"Drama,Horror",90%,83%
Beaches,beaches,"Comedy,Drama,Music",42%,88%
Beetlejuice,beetlejuice,"Comedy,Fantasy",86%,82%
Big,big,"Comedy,Drama,Fantasy",98%,82%
Big Top Pee-wee,big top pee-wee,"Adventure,Comedy,Romance",36%,30%
Biloxi Blues,biloxi blues,"Comedy,Drama",76%,63%
Bird,bird,"Biography,Drama,Music",77%,79%
The Blue Iguana,the blue iguana,"Action,Comedy,Mystery",0%,38%
The Boost,the boost,"Drama,Romance",40%,49%
Brain Damage,brain damage,"Comedy,Horror",67%,64%
Bull Durham,bull durham,"Comedy,Romance,Sport",97%,82%
Bulletproof,bulletproof,Action,100%,
Buster,buster,"Comedy,Crime,Drama",,
Caddyshack II,caddyshack ii,"Comedy,Sport",4%,17%
Call Me,call me,"Drama,Thriller",,20%
Camille Claudel,camille claudel,"Biography,Drama,History",92%,88%
Casual Sex?,casual sex?,Comedy,31%,29%
Chocolat,chocolat,Drama,63%,83%
The Chocolate War,the chocolate war,Drama,,
The Chocolate War,the chocolate war,Drama,85%,67%
The Choice,the choice,,11%,61%
Clara's Heart,clara's heart,Drama,47%,59%
Clean and Sober,clean and sober,Drama,53%,62%
Cocktail,cocktail,"Comedy,Drama,Romance",9%,58%
Cocoon: The Return,cocoon: the return,"Adventure,Comedy,Mystery",31%,34%
Colors,colors,"Action,Crime,Drama",,
Coming to America,coming to america,"Comedy,Romance",73%,85%
Committed,committed,"Drama,Thriller",,
The Couch Trip,the couch trip,Comedy,33%,44%
The Courier,the courier,"Action,Crime,Thriller",85%,95%
Crossing Delancey,crossing delancey,"Comedy,Romance",80%,77%
Da,da,"Drama,Fantasy",64%,
Daffy Duck's Quackbusters,daffy duck's quackbusters,"Action,Adventure,Animation",,71%
Dead Heat,dead heat,"Action,Comedy,Horror",11%,48%
The Dead Pool,the dead pool,"Action,Crime,Mystery",53%,44%
Dead Ringers,dead ringers,"Drama,Horror,Thriller",85%,82%
The Deceivers,the deceivers,"Adventure,Crime,Drama",33%,64%
Die Hard,die hard,"Action,Thriller",94%,94%
Dirty Rotten Scoundrels,dirty rotten scoundrels,"Comedy,Crime",89%,84%
Doin' Time on Planet Earth,doin' time on planet earth,"Comedy,Sci-Fi",,44%
Dominick and Eugene,dominick and eugene,Drama,78%,73%
Eight Men Out,eight men out,"Drama,History,Sport",87%,79%
Ernest Saves Christmas,ernest saves christmas,"Comedy,Family,Fantasy",36%,43%
Everybody's All-American,everybody's all-american,"Drama,Romance,Sport",44%,47%
The Expendables,the expendables,"Action,Adventure,War",42%,64%
Far North,far north,Drama,86%,46%
Fever,fever,"Crime,Romance,Thriller",,
A Fish Called Wanda,a fish called wanda,"Comedy,Crime",96%,84%
Freeway,freeway,Thriller,,
Fresh Horses,fresh horses,"Drama,Romance",0%,33%
Full Moon in Blue Water,full moon in blue water,"Comedy,Drama,Romance",27%,25%
Funny Farm,funny farm,Comedy,,
The Game,the game,"Action,Drama",77%,84%
Georgia,georgia,"Mystery,Thriller",,
The Good Mother,the good mother,"Drama,Romance",22%,35%
The Good Mother,the good mother,"Drama,Romance",54%,28%
The Great Outdoors,the great outdoors,Comedy,40%,71%
Hairspray,hairspray,"Comedy,Drama,Family",92%,84%
Halloween 4: The Return of Michael Myers,halloween 4: the return of michael myers,"Horror,Thriller",39%,53%
Hanna's War,hanna's war,"Biography,Drama,War",,55%
Heartbreak Hotel,heartbreak hotel,"Comedy,Musical,Romance",38%,49%
Hellbound: Hellraiser II,hellbound: hellraiser ii,"Horror,Thriller",53%,58%
Hero and the Terror,hero and the terror,"Action,Crime,Drama",0%,38%
High Spirits,high spirits,"Comedy,Fantasy,Romance",31%,58%
Hit List,hit list,"Action,Thriller",,11%
Hot to Trot,hot to trot,"Comedy,Fantasy",0%,40%
The House on Carroll Street,the house on carroll street,Thriller,71%,27%
I'm Gonna Git You Sucka,i'm gonna git you sucka,"Action,Comedy,Crime",62%,70%
Imagine: John Lennon,imagine: john lennon,"Biography,Documentary,Music",91%,91%
The in Crowd,the in crowd,"Comedy,Drama,History",2%,38%
Jack's Back,jack's back,"Crime,Horror,Mystery",71%,38%
Johnny Be Good,johnny be good,"Comedy,Sport",0%,30%
Judgment in Berlin,judgment in berlin,Drama,20%,41%
Kansas,kansas,"Crime,Drama,Romance",,
Killer Klowns from Outer Space,killer klowns from outer space,"Comedy,Horror,Sci-Fi",78%,60%
Lady in White,lady in white,"Fantasy,Horror,Mystery",71%,69%
The Land Before Time,the land before time,"Adventure,Animation,Drama",65%,79%
Last Man Standing,last man standing,"Action,Drama,Sport",42%,51%
The Last Temptation of Christ,the last temptation of christ,Drama,82%,84%
License to Drive,license to drive,Comedy,24%,61%
Gandahar,gandahar,"Adventure,Animation,Fantasy",,74%
Little Nikita,little nikita,"Drama,Thriller",53%,45%
Mac and Me,mac and me,"Adventure,Comedy,Family",7%,38%
Madame Sousatzka,madame sousatzka,"Drama,Music",78%,65%
Maniac Cop,maniac cop,"Action,Crime,Horror",56%,41%
Married to the Mob,married to the mob,"Comedy,Crime,Romance",88%,49%
Matinee,matinee,"Horror,Mystery,Thriller",93%,63%
Memories of Me,memories of me,"Comedy,Drama",,46%
Messenger of Death,messenger of death,"Action,Crime,Mystery",,24%
Midnight Run,midnight run,"Action,Comedy,Crime",95%,87%
The Milagro Beanfield War,the milagro beanfield war,"Comedy,Drama,Fantasy",61%,74%
Miles from Home,miles from home,"Action,Crime,Drama",60%,59%
Missing Link,missing link,Adventure,,55%
Mississippi Burning,mississippi burning,"Crime,Drama,Mystery",79%,90%
The Moderns,the moderns,"Comedy,Drama,Romance",81%,63%
Monkey Shines,monkey shines,"Drama,Horror,Sci-Fi",53%,41%
Moon Over Parador,moon over parador,"Comedy,Romance",42%,46%
Mr. North,mr. north,"Comedy,Drama",50%,38%
My Stepmother Is an Alien,my stepmother is an alien,"Comedy,Sci-Fi",20%,30%
Mystic Pizza,mystic pizza,"Comedy,Drama,Romance",78%,55%
A New Life,a new life,Comedy,,
The Night Before,the night before,Comedy,,
The Night Before,the night before,Comedy,,54%
A Nightmare on Elm Street 4: The Dream Master,a nightmare on elm street 4: the dream master,Horror,57%,43%
Oliver & Company,oliver & company,"Adventure,Animation,Comedy",53%,62%
Patty Hearst,patty hearst,"Biography,Drama",57%,51%
Payback,payback,"Action,Comedy,Crime",,
Permanent Record,permanent record,"Drama,Music,Romance",47%,69%
Phantasm II,phantasm ii,"Fantasy,Horror,Sci-Fi",33%,57%
Plain Clothes,plain clothes,"Comedy,Mystery,Romance",,61%
Poltergeist III,poltergeist iii,"Horror,Thriller",16%,22%
Powaqqatsi,powaqqatsi,"Documentary,Music",56%,81%
The Presidio,the presidio,"Action,Crime,Mystery",41%,33%
The Prince of Pennsylvania,the prince of pennsylvania,"Comedy,Drama",14%,49%
Prison,prison,"Crime,Drama,Horror",40%,34%
Pulse,pulse,"Horror,Sci-Fi",11%,27%
Pumpkinhead,pumpkinhead,"Fantasy,Horror",65%,49%
Punchline,punchline,"Comedy,Drama,Romance",60%,43%
Rain Man,rain man,Drama,88%,90%
Rambo III,rambo iii,"Action,Adventure,Thriller",41%,45%
Retribution,retribution,"Horror,Mystery",,
Rikky and Pete,rikky and pete,"Comedy,Drama",,50%
Rocket Gibraltar,rocket gibraltar,Drama,,58%
Salsa,salsa,"Music,Romance",20%,79%
Satisfaction,satisfaction,"Comedy,Music,Romance",40%,52%
School Daze,school daze,"Comedy,Drama,Musical",58%,79%
Scrooged,scrooged,"Comedy,Drama,Fantasy",71%,71%
The Serpent and the Rainbow,the serpent and the rainbow,"Fantasy,Horror",62%,57%
The Seventh Sign,the seventh sign,"Drama,Fantasy,Horror",15%,49%
She's Having a Baby,she's having a baby,"Comedy,Drama,Romance",44%,51%
Short Circuit 2,short circuit 2,"Comedy,Drama,Family",38%,54%
Souvenir,souvenir,Drama,,
Spellbinder,spellbinder,"Drama,Horror,Romance",,37%
Spike of Bensonhurst,spike of bensonhurst,"Comedy,Drama",50%,62%
Split Decisions,split decisions,"Action,Drama,Sport",,24%
Stars and Bars,stars and bars,Comedy,,42%
Stealing Home,stealing home,"Drama,Romance,Sport",20%,78%
Sunset,sunset,"Comedy,Crime,Drama",21%,29%
Sweet Hearts Dance,sweet hearts dance,"Comedy,Drama,Romance",44%,35%
Sweetwater,sweetwater,"Drama,Thriller",25%,95%
Switching Channels,switching channels,"Comedy,Crime",60%,32%
Talk Radio,talk radio,"Drama,Thriller",82%,80%
Tapeheads,tapeheads,"Comedy,Music",60%,46%
The Telephone,the telephone,"Comedy,Drama",,44%
Tequila Sunrise,tequila sunrise,"Crime,Drama,Romance",53%,40%
They Live,they live,"Action,Horror,Sci-Fi",86%,80%
The Thin Blue Line,the thin blue line,"Crime,Documentary",100%,90%
Things Change,things change,"Comedy,Crime,Drama",85%,80%
Tiger Warsaw,tiger warsaw,Drama,,27%
A Time of Destiny,a time of destiny,"Drama,War",,
Torch Song Trilogy,torch song trilogy,"Comedy,Drama,Romance",77%,91%
Tougher Than Leather,tougher than leather,"Crime,Drama,Music",,38%
Track 29,track 29,"Drama,Mystery",63%,44%
Tucker: The Man and His Dream,tucker: the man and his dream,"Biography,Comedy,Drama",81%,68%
Twins,twins,"Comedy,Crime",,
Two Moon Junction,two moon junction,"Drama,Romance",0%,49%
The Unbearable Lightness of Being,the unbearable lightness of being,"Drama,Romance",87%,84%
The Unholy,the unholy,Horror,25%,45%
Vibes,vibes,"Adventure,Comedy,Romance",13%,62%
Walker,walker,"Biography,Drama,History",44%,66%
The Wash,the wash,"Drama,Romance",,
Watchers,watchers,"Action,Horror,Sci-Fi",0%,31%
Waxwork,waxwork,"Comedy,Horror",60%,47%
Who Framed Roger Rabbit,who framed roger rabbit,"Adventure,Animation,Comedy",96%,85%
Willow,willow,"Action,Adventure,Drama",53%,80%
Without a Clue,without a clue,"Comedy,Crime,Mystery",62%,72%
Working Girl,working girl,"Comedy,Drama,Romance",83%,67%
Young Einstein,young einstein,Comedy,36%,50%
Young Guns,young guns,"Action,Drama,Western",43%,76%
The 'Burbs,the 'burbs,"Comedy,Mystery,Thriller",56%,71%
The Abyss,the abyss,"Adventure,Drama,Mystery",80%,25%
The Abyss,the abyss,"Adventure,Drama,Mystery",89%,83%
The Adventures of Baron Munchausen,the adventures of baron munchausen,"Adventure,Comedy,Fantasy",90%,82%
All Dogs Go to Heaven,all dogs go to heaven,"Adventure,Animation,Comedy",44%,63%
American Ninja 3: Blood Hunt,american ninja 3: blood hunt,"Action,Drama",,19%
Australia,australia,Drama,54%,65%
The BFG,the bfg,"Adventure,Animation,Drama",,65%
Babar: The Movie,babar: the movie,"Adventure,Animation,Family",,73%
The Banker,the banker,"Crime,Horror,Thriller",,36%
"Bert Rigby, You're a Fool","bert rigby, you're a fool","Comedy,Musical",40%,58%
Best of the Best,best of the best,"Action,Drama,Sport",,
The Big Bang,the big bang,Documentary,19%,25%
The Big Bang,the big bang,Documentary,80%,45%
Bill & Ted's Excellent Adventure,bill & ted's excellent adventure,"Adventure,Comedy,Music",83%,75%
Black Rain,black rain,"Action,Crime,Drama",54%,55%
Blaze,blaze,"Biography,Comedy,Drama",75%,49%
Blind Fury,blind fury,"Action,Comedy,Crime",53%,51%
Blood Red,blood red,"Drama,Romance,Western",,28%
Born on the Fourth of July,born on the fourth of july,"Biography,Drama,War",84%,76%
Breaking In,breaking in,"Adventure,Comedy",80%,43%
Cameron's Closet,cameron's closet,"Fantasy,Horror",,18%
Casualties of War,casualties of war,"Action,Crime,Drama",84%,75%
Catch Me If You Can,catch me if you can,"Action,Comedy,Drama",96%,89%
Chances Are,chances are,"Comedy,Fantasy,Romance",67%,65%
Checking Out,checking out,Comedy,43%,58%
Cheetah,cheetah,"Adventure,Drama,Family",43%,54%
Cohen and Tate,cohen and tate,"Action,Crime,Drama",,58%
Cookie,cookie,"Comedy,Crime",13%,37%
Courage Mountain,courage mountain,"Adventure,Drama,Family",,66%
Cousins,cousins,"Comedy,Romance",56%,68%
Crimes and Misdemeanors,crimes and misdemeanors,"Comedy,Drama",92%,91%
Criminal Law,criminal law,"Crime,Drama,Thriller",33%,27%
Crossing Over,crossing over,Documentary,15%,49%
Cyborg,cyborg,"Action,Sci-Fi,Thriller",22%,31%
Dad,dad,"Comedy,Drama",58%,61%
Dead Calm,dead calm,"Horror,Thriller",84%,63%
Dead Poets Society,dead poets society,"Comedy,Drama",84%,92%
Dead Bang,dead bang,"Action,Crime,Drama",33%,44%
Dealers,dealers,Drama,,62%
DeepStar Six,deepstar six,"Action,Horror,Sci-Fi",15%,27%
Dirty Love,dirty love,Drama,6%,68%
Disorganized Crime,disorganized crime,"Action,Comedy,Crime",43%,58%
Do the Right Thing,do the right thing,"Comedy,Drama",92%,89%
The Dream Team,the dream team,"Comedy,Crime,Thriller",50%,61%
Dream a Little Dream,dream a little dream,"Comedy,Drama,Romance",9%,67%
Driving Miss Daisy,driving miss daisy,"Comedy,Drama",85%,81%
Drugstore Cowboy,drugstore cowboy,"Crime,Drama",97%,85%
Earth Girls Are Easy,earth girls are easy,"Comedy,Musical,Romance",68%,43%
Erik the Viking,erik the viking,"Adventure,Comedy,Fantasy",,
The Experts,the experts,Comedy,,30%
The Fabulous Baker Boys,the fabulous baker boys,"Comedy,Drama,Music",97%,70%
Family Business,family business,"Crime,Drama",35%,28%
Farewell to the King,farewell to the king,"Action,Adventure,Drama",55%,54%
Fat Man and Little Boy,fat man and little boy,"Biography,Drama,History",50%,46%
Field of Dreams,field of dreams,"Drama,Family,Fantasy",88%,86%
Fletch Lives,fletch lives,"Comedy,Crime,Mystery",35%,55%
The Fly II,the fly ii,"Drama,Horror,Sci-Fi",33%,24%
Ghost Writer,ghost writer,"Comedy,Fantasy",,43%
Gleaming the Cube,gleaming the cube,"Action,Drama,Mystery",29%,68%
Great Balls of Fire!,great balls of fire!,"Biography,Drama,Music",63%,53%
Gross Anatomy,gross anatomy,Drama,36%,53%
Guru,guru,Crime,85%,84%
Halloween 5: The Revenge of Michael Myers,halloween 5: the revenge of michael myers,"Horror,Thriller",12%,36%
Harlem Nights,harlem nights,"Comedy,Crime,Drama",26%,80%
Heart of Dixie,heart of dixie,Drama,,25%
Heathers,heathers,"Comedy,Crime",95%,83%
Her Alibi,her alibi,"Comedy,Crime,Mystery",17%,44%
"Honey, I Shrunk the Kids","honey, i shrunk the kids","Adventure,Comedy,Family",76%,54%
House III: The Horror Show,the horror show,Horror,,
House III: The Horror Show,the horror show,Horror,0%,27%
How I Got Into College,how i got into college,"Comedy,Romance",50%,42%
How to Get Ahead in Advertising,how to get ahead in advertising,"Comedy,Fantasy",60%,77%
"I, Madman","i, madman","Fantasy,Horror",67%,40%
Immediate Family,immediate family,Drama,54%,55%
In Country,in country,"Drama,Romance,War",68%,35%
Indiana Jones and the Last Crusade,indiana jones and the last crusade,"Action,Adventure",84%,94%
Island,island,Drama,,
Jacknife,jacknife,"Drama,War",64%,48%
The January Man,the january man,"Action,Comedy,Crime",28%,29%
Johnny Handsome,johnny handsome,"Crime,Drama,Thriller",60%,47%
K-9,k-9,"Action,Comedy,Crime",30%,44%
The Karate Kid Part III,the karate kid part iii,"Action,Drama,Family",15%,35%
Kinjite: Forbidden Subjects,kinjite: forbidden subjects,"Action,Crime,Drama",0%,35%
Last Exit to Brooklyn,last exit to brooklyn,Drama,67%,74%
Lean on Me,lean on me,"Biography,Drama",68%,85%
Lethal Weapon 2,lethal weapon 2,"Action,Crime,Thriller",82%,78%
Licence to Kill,licence to kill,"Action,Adventure,Thriller",80%,61%
Limit Up,limit up,"Comedy,Fantasy",,
Listen to Me,listen to me,"Drama,Romance",20%,69%
The Little Mermaid,the little mermaid,"Adventure,Animation,Family",,54%
Little Monsters,little monsters,"Adventure,Comedy,Family",44%,62%
Lock Up,lock up,"Action,Crime,Drama",,
Look Who's Talking,look who's talking,Comedy,58%,47%
Lost Angels,lost angels,Drama,40%,66%
Loverboy,loverboy,Comedy,,
Major League,major league,"Comedy,Sport",83%,84%
Melancholia,melancholia,"Crime,Drama,Thriller",,
The Mighty Quinn,the mighty quinn,"Action,Crime,Drama",89%,48%
Miracle Mile,miracle mile,"Action,Drama,Romance",91%,73%
Miss Firecracker,miss firecracker,"Comedy,Drama",75%,52%
Mystery Train,mystery train,"Comedy,Crime,Drama",,
National Lampoon's Christmas Vacation,national lampoon's christmas vacation,Comedy,70%,86%
New Year's Day,new year's day,"Comedy,Drama",,56%
New York Stories,new york stories,"Comedy,Drama,Romance",76%,56%
Nowhere to Run,nowhere to run,"Drama,Thriller",,
Old Gringo,old gringo,"Adventure,History,Romance",46%,45%
Out Cold,out cold,"Comedy,Drama,Thriller",8%,84%
The Package,the package,"Action,Crime,Drama",,
The Package,the package,"Action,Crime,Drama",68%,44%
Parenthood,parenthood,"Comedy,Drama",92%,76%
Parents,parents,"Comedy,Horror,Mystery",63%,54%
Penn & Teller Get Killed,penn & teller get killed,"Adventure,Comedy,Crime",25%,58%
Pet Sematary,pet sematary,"Fantasy,Horror,Thriller",56%,60%
Physical Evidence,physical evidence,"Crime,Mystery,Romance",22%,11%
Pink Cadillac,pink cadillac,"Action,Comedy,Crime",24%,25%
Police Academy 6: City Under Siege,police academy 6: city under siege,"Comedy,Crime",0%,28%
Prancer,prancer,"Drama,Family,Fantasy",67%,58%
The Rachel Papers,the rachel papers,"Comedy,Drama,Romance",45%,53%
Red Scorpion,red scorpion,"Action,Adventure",17%,35%
Roger & Me,roger & me,Documentary,100%,79%
Rooftops,rooftops,"Action,Crime,Drama",10%,36%
Rude Awakening,rude awakening,Comedy,,
Say Anything,say anything...,"Comedy,Drama,Romance",98%,85%
Scenes from the Class Struggle in Beverly Hills,scenes from the class struggle in beverly hills,Comedy,78%,61%
Sea of Love,sea of love,"Crime,Drama,Mystery",75%,66%
Second Sight,second sight,"Comedy,Mystery,Sci-Fi",,
"See No Evil, Hear No Evil","see no evil, hear no evil","Comedy,Crime",27%,72%
See You in the Morning,see you in the morning,"Drama,Romance",55%,35%
She's Out of Control,she's out of control,Comedy,11%,52%
She-Devil,she-devil,Comedy,48%,49%
Shirley Valentine,shirley valentine,"Comedy,Drama,Romance",72%,86%
Shocker,shocker,"Comedy,Horror,Thriller",30%,31%
Sing,sing,"Drama,Musical",43%,88%
Some Girls,some girls,"Comedy,Drama,Fantasy",43%,43%
Split,split,"Comedy,Drama,Mystery",,50%
Star Trek V: The Final Frontier,star trek v: the final frontier,"Action,Adventure,Fantasy",23%,25%
Staying Together,staying together,"Comedy,Drama",80%,55%
Steel Magnolias,steel magnolias,"Comedy,Drama,Romance",73%,89%
Stepfather II: Make Room for Daddy,stepfather ii,"Horror,Thriller",13%,35%
Strapless,strapless,"Drama,Romance",36%,20%
Tango & Cash,tango & cash,"Action,Comedy,Crime",31%,52%
Tap,tap,"Comedy,Drama,Music",56%,70%
Teen Witch,teen witch,"Comedy,Fantasy,Romance",43%,74%
Three Fugitives,three fugitives,"Action,Comedy",14%,50%
To Die For,to die for,"Horror,Romance,Thriller",,
Triumph of the Spirit,triumph of the spirit,"Biography,Drama,History",63%,52%
Troop Beverly Hills,troop beverly hills,"Adventure,Comedy",14%,62%
True Believer,true believer,"Crime,Drama,Mystery",96%,63%
True Love,true love,"Comedy,Romance",,
Turner & Hooch,turner & hooch,"Comedy,Crime,Drama",52%,51%
UHF,uhf,"Comedy,Sci-Fi",63%,77%
Uncle Buck,uncle buck,Comedy,62%,77%
Under the Boardwalk,under the boardwalk,"Comedy,Romance",,53%
Valmont,valmont,"Drama,Romance",48%,69%
Vampire's Kiss,vampire's kiss,"Comedy,Crime,Fantasy",65%,54%
War Party,war party,"Action,Drama",0%,77%
The War of the Roses,the war of the roses,"Comedy,Romance",83%,71%
Weekend at Bernie's,weekend at bernie's,"Adventure,Comedy,Crime",54%,57%
When Harry Met Sally...,when harry met sally...,"Comedy,Drama,Romance",89%,89%
When the Whales Came,when the whales came,Drama,60%,86%
Who's Harry Crumb?,who's harry crumb?,"Comedy,Mystery",27%,46%
Wicked Stepmother,wicked stepmother,"Comedy,Fantasy",,19%
Winter People,winter people,Drama,20%,52%
Wired,wired,"Biography,Comedy,Drama",4%,15%
Worth Winning,worth winning,"Comedy,Romance",0%,42%
"Sex, Lies, and Videotape","sex, lies, and videotape",Drama,96%,79%
The Adventures of Ford Fairlane,the adventures of ford fairlane,"Action,Adventure,Comedy",25%,68%
"After Dark, My Sweet","after dark, my sweet","Crime,Drama,Mystery",80%,62%
Aftershock,aftershock,"Action,Sci-Fi",41%,24%
Air America,air america,"Action,Comedy,War",13%,34%
Almost an Angel,almost an angel,"Comedy,Drama",33%,49%
The Ambulance,the ambulance,"Action,Comedy,Horror",,
Another 48 Hrs.,another 48 hrs.,"Action,Comedy,Crime",19%,35%
Arachnophobia,arachnophobia,"Comedy,Horror,Thriller",93%,55%
The Arrival,the arrival,"Horror,Sci-Fi",,
Avalon,avalon,Drama,83%,73%
Bad Influence,bad influence,"Drama,Thriller",65%,51%
Betsy's Wedding,betsy's wedding,"Comedy,Romance",56%,39%
Bird on a Wire,bird on a wire,"Action,Comedy,Crime",25%,41%
The Bonfire of the Vanities,the bonfire of the vanities,"Comedy,Drama,Romance",15%,26%
Book of Love,book of love,"Comedy,Romance",,39%
Brain Dead,brain dead,"Horror,Mystery,Sci-Fi",17%,68%
Bride of Re-Animator,bride of re-animator,"Comedy,Horror,Sci-Fi",37%,45%
Cadillac Man,cadillac man,"Comedy,Crime",58%,32%
Chattahoochee,chattahoochee,"Biography,Drama",11%,51%
Chicago Joe and the Showgirl,chicago joe and the showgirl,"Crime,Drama,Romance",,35%
Child's Play 2,child's play 2,"Horror,Thriller",44%,52%
Chill Factor,chill factor,Action,10%,30%
Class of 1999,class of 1999,"Action,Horror,Sci-Fi",63%,50%
Come See the Paradise,come see the paradise,"Drama,Romance,War",64%,73%
The Comfort of Strangers,the comfort of strangers,"Crime,Drama,Fantasy",54%,58%
Coupe de Ville,coupe de ville,"Comedy,Drama",25%,72%
Crazy People,crazy people,"Comedy,Drama",35%,62%
Cursed,cursed,Horror,,
Dances with Wolves,dances with wolves,"Adventure,Drama,Western",87%,87%
Darkman,darkman,"Action,Sci-Fi,Thriller",83%,59%
Days of Thunder,days of thunder,"Action,Drama,Sport",38%,60%
Death Warrant,death warrant,"Action,Crime,Mystery",0%,35%
Defenseless,defenseless,"Mystery,Thriller",,37%
Die Hard 2,die hard 2,"Action,Thriller",69%,70%
The Boyfriend School,don't tell her it's me,"Comedy,Romance",,59%
Downtown,downtown,"Action,Comedy,Crime",,32%
Edward Scissorhands,edward scissorhands,"Drama,Fantasy,Romance",90%,91%
Enid Is Sleeping,enid is sleeping,"Comedy,Crime",,38%
Ernest Goes to Jail,ernest goes to jail,"Comedy,Crime,Family",11%,49%
Everybody Wins,everybody wins,"Drama,Mystery,Thriller",13%,35%
Far Out Man,far out man,Comedy,,50%
Fire Birds,fire birds,"Action,Adventure",9%,35%
The First Power,the first power,"Crime,Horror,Thriller",25%,46%
Flashback,flashback,"Action,Adventure,Comedy",,
Flatliners,flatliners,"Drama,Horror,Sci-Fi",50%,59%
Flight of the Intruder,flight of the intruder,"Action,Drama,Thriller",25%,51%
The Forbidden Dance,the forbidden dance,"Drama,Music,Romance",23%,77%
Frankenhooker,frankenhooker,"Comedy,Horror,Sci-Fi",60%,58%
Frankenstein Unbound,frankenstein unbound,"Drama,Horror,Sci-Fi",50%,33%
Funny About Love,funny about love,"Comedy,Romance",0%,14%
The Garden,the garden,Drama,,
Ghost,ghost,"Drama,Fantasy,Romance",,50%
Ghost Dad,ghost dad,"Comedy,Family,Fantasy",6%,32%
Goodfellas,goodfellas,"Biography,Crime,Drama",95%,97%
Graffiti Bridge,graffiti bridge,"Drama,Music",18%,88%
Green Card,green card,"Comedy,Drama,Romance",59%,50%
Gremlins 2: The New Batch,gremlins 2: the new batch,"Comedy,Fantasy,Horror",71%,59%
The Grifters,the grifters,"Crime,Drama,Thriller",91%,70%
The Guardian,the guardian,"Drama,Fantasy,Horror",,
The Guardian,the guardian,"Drama,Fantasy,Horror",37%,80%
The Handmaid's Tale,the handmaid's tale,"Drama,Romance,Sci-Fi",32%,43%
Happily Ever After,happily ever after,"Animation,Family,Fantasy",,
Hard to Kill,hard to kill,"Action,Crime,Drama",33%,47%
Hardware,hardware,"Horror,Sci-Fi,Thriller",46%,52%
Havana,havana,"Drama,Romance,War",27%,57%
Haven,haven,Animation,15%,60%
Heart Condition,heart condition,"Comedy,Crime,Drama",10%,34%
Henry & June,henry & june,"Biography,Drama",60%,68%
Henry: Portrait of a Serial Killer,henry: portrait of a serial killer,"Biography,Crime,Drama",89%,71%
Home Alone,home alone,"Comedy,Family",66%,80%
The Hot Spot,the hot spot,"Crime,Drama,Romance",,50%
House Party,house party,"Comedy,Music",94%,81%
The Hunt for Red October,the hunt for red october,"Action,Adventure,Thriller",88%,88%
I Love You to Death,i love you to death,"Comedy,Crime",58%,62%
In Too Deep,in too deep,"Music,Thriller",,
In the Spirit,in the spirit,Comedy,,67%
Internal Affairs,internal affairs,"Crime,Drama,Thriller",79%,59%
The Invisible Maniac,the invisible maniac,"Comedy,Horror,Sci-Fi",,33%
Jacob's Ladder,jacob's ladder,"Drama,Horror,Mystery",72%,84%
Jetsons: The Movie,jetsons: the movie,"Animation,Comedy,Family",27%,45%
Joe Versus the Volcano,joe versus the volcano,"Comedy,Romance",67%,54%
Kindergarten Cop,kindergarten cop,"Action,Comedy,Crime",54%,52%
King of New York,king of new york,"Crime,Thriller",70%,77%
The Krays,the krays,"Biography,Crime,Drama",82%,80%
The Last Samurai,the last samurai,"Action,Adventure,Drama",66%,83%
The Last of the Finest,the last of the finest,"Action,Crime,Drama",,26%
The Lemon Sisters,the lemon sisters,"Comedy,Romance",11%,19%
Life Is Sweet,life is sweet,"Comedy,Drama",93%,87%
Lisa,lisa,"Drama,Horror,Thriller",50%,49%
The Long Walk Home,the long walk home,"Drama,History",88%,84%
Longtime Companion,longtime companion,"Drama,Romance",91%,83%
Look Who's Talking Too,look who's talking too,"Comedy,Family,Romance",13%,32%
Loose Cannons,loose cannons,"Action,Comedy,Crime",0%,27%
Love at Large,love at large,"Comedy,Drama,Mystery",78%,44%
Marked for Death,marked for death,"Action,Crime,Drama",27%,50%
Men Don't Leave,men don't leave,"Comedy,Drama",83%,62%
Mermaids,mermaids,"Comedy,Drama,Romance",72%,70%
Miami Blues,miami blues,"Comedy,Crime,Drama",85%,62%
Miller's Crossing,miller's crossing,"Crime,Drama,Thriller",93%,90%
Misery,misery,"Drama,Thriller",91%,90%
Mo' Better Blues,mo' better blues,"Drama,Music,Romance",71%,75%
Mountains of the Moon,mountains of the moon,"Adventure,Drama,History",65%,77%
Mr. & Mrs. Bridge,mr. & mrs. bridge,Drama,82%,44%
Mr. Destiny,mr. destiny,"Comedy,Fantasy,Romance",35%,55%
Murder by Numbers,murder by numbers,"Crime,Thriller",,
Music Box,music box,"Crime,Drama,Thriller",,
Naked Tango,naked tango,"Crime,Drama,Romance",,92%
The NeverEnding Story II: The Next Chapter,the neverending story ii: the next chapter,"Adventure,Drama,Family",14%,40%
Nightbreed,nightbreed,"Action,Fantasy,Horror",53%,60%
Nuns on the Run,nuns on the run,"Comedy,Crime",42%,53%
The Nutcracker Prince,the nutcracker prince,"Adventure,Animation,Family",14%,72%
Opportunity Knocks,opportunity knocks,"Action,Comedy,Romance",11%,47%
Pacific Heights,pacific heights,"Drama,Mystery,Thriller",52%,48%
Peacemaker,peacemaker,"Action,Romance,Sci-Fi",,
Postcards from the Edge,postcards from the edge,"Comedy,Drama",83%,66%
Predator 2,predator 2,"Action,Horror,Sci-Fi",30%,44%
Presumed Innocent,presumed innocent,"Mystery,Thriller",86%,67%
Pretty Woman,pretty woman,"Comedy,Romance",65%,68%
Problem Child,problem child,"Comedy,Family",0%,42%
Pump Up the Volume,pump up the volume,"Comedy,Drama,Music",79%,85%
Rapid Fire,rapid fire,"Action,Adventure",,
Repossessed,repossessed,"Comedy,Fantasy,Horror",0%,63%
The Rescuers Down Under,the rescuers down under,"Adventure,Animation,Comedy",72%,68%
Reversal of Fortune,reversal of fortune,"Biography,Drama,Mystery",92%,78%
RoboCop 2,robocop 2,"Action,Crime,Sci-Fi",28%,36%
Rocky V,rocky v,"Drama,Sport",33%,31%
The Russia House,the russia house,"Drama,Romance,Thriller",70%,49%
Shakma,shakma,"Horror,Sci-Fi,Thriller",,42%
The Sheltering Sky,the sheltering sky,"Adventure,Drama",45%,79%
Short Time,short time,"Action,Comedy,Crime",29%,54%
The Shrimp on the Barbie,the shrimp on the barbie,Comedy,,41%
Side Out,side out,"Comedy,Drama,Romance",,60%
Silent Scream,silent scream,"Biography,Crime,Drama",,
Soultaker,soultaker,"Fantasy,Horror",0%,29%
Spaced Invaders,spaced invaders,"Adventure,Comedy,Sci-Fi",8%,51%
Stanley & Iris,stanley & iris,"Drama,Romance",29%,49%
State of Grace,state of grace,"Action,Crime,Drama",85%,83%
Strangers,strangers,,,
Struck by Lightning,struck by lightning,"Comedy,Drama,Sport",,
Tales from the Darkside: The Movie,tales from the darkside: the movie,"Comedy,Fantasy,Horror",46%,45%
To Sleep with Anger,to sleep with anger,Drama,89%,79%
Total Recall,total recall,"Action,Adventure,Sci-Fi",82%,79%
Tremors,tremors,"Comedy,Horror",88%,75%
Tune in Tomorrow...,tune in tomorrow...,"Comedy,Romance",50%,53%
The Two Jakes,the two jakes,"Crime,Drama,Mystery",63%,39%
Vital Signs,vital signs,"Drama,Romance",43%,31%
Waiting for the Light,waiting for the light,Comedy,,92%
"Welcome Home, Roxy Carmichael","welcome home, roxy carmichael","Comedy,Drama",55%,47%
Who Shot Pat?,who shot pat?,Comedy,,9%
Wild Orchid,wild orchid,"Drama,Romance",9%,44%
Wild at Heart,wild at heart,"Crime,Drama,Thriller",65%,81%
Without You I'm Nothing,without you i'm nothing,"Comedy,Musical",73%,72%
29th Street,29th street,"Comedy,Drama",75%,86%
The Addams Family,the addams family,"Comedy,Fantasy",45%,69%
The Addams Family,the addams family,"Comedy,Fantasy",67%,66%
The Adjuster,the adjuster,"Comedy,Drama",,
The Adjuster,the adjuster,"Comedy,Drama",75%,72%
All I Want for Christmas,all i want for christmas,"Comedy,Family,Romance",,
Amelia,amelia,,,100%
American Ninja 4: The Annihilation,american ninja 4: the annihilation,"Action,Crime,Drama",,30%
An American Tail: Fievel Goes West,an american tail: fievel goes west,"Adventure,Animation,Family",57%,62%
Another You,another you,"Comedy,Crime",5%,34%
Article 99,article 99,"Comedy,Drama",43%,54%
At Play in the Fields of the Lord,at play in the fields of the lord,"Drama,Romance",57%,74%
Backdraft,backdraft,"Action,Drama,Mystery",73%,75%
Barton Fink,barton fink,"Comedy,Drama,Thriller",90%,89%
Beastmaster 2: Through the Portal of Time,beastmaster 2: through the portal of time,"Action,Adventure,Fantasy",20%,33%
Big Girls Don't Cry... They Get Even,big girls don't cry... they get even,Comedy,,61%
Bill & Ted's Bogus Journey,bill & ted's bogus journey,"Adventure,Comedy,Fantasy",56%,56%
Billy Bathgate,billy bathgate,"Crime,Drama,Thriller",36%,28%
Bingo,bingo,"Adventure,Comedy,Family",,
Body Parts,body parts,"Horror,Sci-Fi,Thriller",42%,32%
Boys,boys,Comedy,100%,84%
Boyz n the Hood,boyz n the hood,"Crime,Drama",96%,93%
Bright Angel,bright angel,"Drama,Thriller",80%,27%
Bugsy,bugsy,"Biography,Crime,Drama",84%,69%
The Butcher's Wife,the butcher's wife,"Comedy,Fantasy,Romance",24%,30%
Cadence,cadence,Drama,42%,70%
Career Opportunities,career opportunities,"Comedy,Romance",42%,37%
City Slickers,city slickers,"Comedy,Western",89%,64%
City of Hope,city of hope,"Crime,Drama",95%,82%
Closet Land,closet land,"Drama,Thriller",44%,85%
Company Business,company business,"Action,Comedy,Crime",,32%
Cool as Ice,cool as ice,"Comedy,Drama,Music",3%,43%
Crooked Hearts,crooked hearts,"Drama,Romance",,38%
Curly Sue,curly sue,"Comedy,Drama,Family",13%,50%
Dead Again,dead again,"Crime,Drama,Mystery",81%,76%
Deceived,deceived,"Crime,Drama,Mystery",38%,47%
Defending Your Life,defending your life,"Comedy,Drama,Fantasy",98%,83%
Delicatessen,delicatessen,"Comedy,Crime",90%,91%
Delirious,delirious,"Comedy,Fantasy",29%,39%
Desperate Measures,desperate measures,Drama,19%,38%
Doc Hollywood,doc hollywood,"Comedy,Drama,Romance",69%,51%
The Doctor,the doctor,Drama,,
Dogfight,dogfight,"Comedy,Drama,Romance",83%,86%
Don't Tell Mom the Babysitter's Dead,don't tell mom the babysitter's dead,Comedy,35%,57%
The Doors,the doors,"Biography,Drama,Music",56%,79%
Double Impact,double impact,"Action,Crime",33%,42%
Drive,drive,Drama,,68%
Drop Dead Fred,drop dead fred,"Comedy,Drama,Fantasy",11%,77%
Dutch,dutch,"Comedy,Drama",17%,63%
Dying Young,dying young,"Drama,Romance",25%,65%
Ernest Scared Stupid,ernest scared stupid,"Comedy,Family,Fantasy",25%,51%
Europa,europa,"Crime,Drama,Thriller",82%,88%
Eyes of an Angel,eyes of an angel,Drama,,55%
Femme Fatale,femme fatale,"Drama,Mystery",,38%
The Fisher King,the fisher king,"Comedy,Drama,Fantasy",85%,85%
The Five Heartbeats,the five heartbeats,"Drama,Music",39%,95%
Flirting,flirting,"Drama,Romance",96%,77%
For the Boys,for the boys,"Comedy,Drama,Music",44%,75%
Freddy's Dead: The Final Nightmare,freddy's dead: the final nightmare,"Fantasy,Horror",23%,32%
Fried Green Tomatoes,fried green tomatoes,Drama,76%,87%
Guilty by Suspicion,guilty by suspicion,Drama,68%,55%
Hangin' with the Homeboys,hangin' with the homeboys,"Comedy,Drama",93%,67%
Hard Promises,hard promises,"Comedy,Drama,Family",40%,59%
Harley Davidson and the Marlboro Man,harley davidson and the marlboro man,"Action,Crime,Drama",29%,65%
"He Said, She Said","he said, she said","Comedy,Drama,Romance",33%,34%
Hear My Song,hear my song,"Comedy,Drama,Music",90%,76%
Hearts of Darkness: A Filmmaker's Apocalypse,hearts of darkness: a filmmaker's apocalypse,Documentary,100%,94%
Highway 61,highway 61,"Comedy,Music",100%,84%
Hook,hook,"Adventure,Comedy,Family",29%,76%
House Party 2,house party 2,"Comedy,Drama,Music",27%,65%
Hudson Hawk,hudson hawk,"Action,Adventure,Comedy",31%,56%
Impromptu,impromptu,"Biography,Comedy,Music",74%,71%
In Between,in between,"Comedy,Drama,Fantasy",,
The Indian Runner,the indian runner,Drama,74%,80%
Joker,joker,"Comedy,Crime",,33%
Jungle Fever,jungle fever,"Drama,Romance",80%,67%
K2,k2,"Adventure,Drama,Sport",29%,49%
Kafka,kafka,"Drama,Mystery,Sci-Fi",52%,72%
Kid,kid,"Action,Thriller",,
King Ralph,king ralph,"Comedy,Romance",23%,28%
L.A. Story,l.a. story,"Comedy,Drama,Fantasy",91%,75%
The Last Boy Scout,the last boy scout,"Action,Comedy,Crime",46%,68%
Last Dance,last dance,Thriller,,12%
Late for Dinner,late for dinner,"Drama,Sci-Fi",58%,67%
Liebestraum,liebestraum,"Mystery,Thriller",45%,48%
Life Stinks,life stinks,Comedy,25%,45%
Light Sleeper,light sleeper,"Crime,Drama",87%,65%
Little Man Tate,little man tate,Drama,71%,66%
London Kills Me,london kills me,"Comedy,Drama",,62%
Loser,loser,Comedy,,
Love Crimes,love crimes,"Romance,Thriller",0%,12%
Love Potion No. 9,love potion no. 9,"Comedy,Fantasy,Romance",25%,43%
Madonna: Truth or Dare,madonna: truth or dare,"Documentary,Music",86%,70%
Mannequin: On the Move,mannequin: on the move,"Comedy,Fantasy,Romance",13%,40%
The Marrying Man,the marrying man,"Comedy,Music,Romance",10%,45%
McBain,mcbain,"Action,Crime,Drama",33%,36%
Meeting Venus,meeting venus,"Comedy,Drama,Romance",100%,76%
Men of Respect,men of respect,"Crime,Drama,Thriller",,41%
Mississippi Masala,mississippi masala,"Drama,Romance",92%,64%
Mister Johnson,mister johnson,Drama,78%,63%
Mobsters,mobsters,"Crime,Drama",9%,57%
Monster in a Box,monster in a box,"Comedy,Drama",93%,88%
Mortal Thoughts,mortal thoughts,"Mystery,Thriller",56%,36%
My Heroes Have Always Been Cowboys,my heroes have always been cowboys,"Drama,Western",33%,79%
My Own Private Idaho,my own private idaho,Drama,80%,80%
Mystery Date,mystery date,"Comedy,Crime,Romance",25%,40%
Naked Lunch,naked lunch,"Drama,Mystery",72%,77%
Necessary Roughness,necessary roughness,"Comedy,Sport",35%,47%
New Jack City,new jack city,"Action,Crime,Drama",81%,80%
Night on Earth,night on earth,"Comedy,Drama",76%,91%
Not Without My Daughter,not without my daughter,"Drama,Thriller",53%,71%
The Object of Beauty,the object of beauty,"Comedy,Crime,Drama",77%,36%
Once Around,once around,"Comedy,Drama,Romance",67%,73%
One False Move,one false move,"Crime,Drama,Thriller",93%,75%
One Good Cop,one good cop,"Action,Crime,Drama",14%,36%
Only the Lonely,only the lonely,"Comedy,Romance",65%,50%
Other People's Money,other people's money,"Comedy,Drama,Romance",31%,46%
Out for Justice,out for justice,"Action,Crime,Drama",23%,53%
The Perfect Weapon,the perfect weapon,"Action,Crime,Drama",36%,63%
The Pianist,the pianist,Romance,,33%
The Pianist,the pianist,Romance,95%,96%
Point Break,point break,"Action,Crime,Thriller",69%,79%
The Prince of Tides,the prince of tides,"Drama,Romance",69%,70%
Problem Child 2,problem child 2,"Comedy,Family",7%,42%
Proof,proof,"Drama,Romance",62%,59%
Prospero's Books,prospero's books,"Drama,Fantasy",62%,83%
Pure Luck,pure luck,"Comedy,Crime,Mystery",15%,60%
Queens Logic,queens logic,"Comedy,Drama",30%,35%
Quigley Down Under,quigley down under,"Action,Adventure,Drama",52%,74%
Rambling Rose,rambling rose,Drama,100%,54%
Regarding Henry,regarding henry,"Drama,Romance",49%,63%
Return to the Blue Lagoon,return to the blue lagoon,"Adventure,Drama,Romance",0%,41%
Ricochet,ricochet,"Action,Crime,Drama",,
Robin Hood: Prince of Thieves,robin hood: prince of thieves,"Action,Adventure,Drama",51%,72%
Robot Jox,robot jox,"Action,Sci-Fi,Thriller",40%,42%
Rock-A-Doodle,rock-a-doodle,"Adventure,Animation,Comedy",20%,55%
The Rocketeer,the rocketeer,"Action,Adventure,Family",,
The Rocketeer,the rocketeer,"Action,Adventure,Family",67%,65%
Rover Dangerfield,rover dangerfield,"Animation,Comedy,Family",17%,56%
Run,run,"Action,Drama,Thriller",89%,74%
Samantha,samantha,Comedy,,40%
Scenes from a Mall,scenes from a mall,Comedy,32%,26%
Shakes the Clown,shakes the clown,"Comedy,Crime,Drama",43%,49%
Shattered,shattered,"Crime,Drama,Mystery",,61%
Shout,shout,"Drama,Music,Romance",20%,39%
The Silence of the Lambs,the silence of the lambs,"Crime,Drama,Horror",95%,95%
Ski School,ski school,"Comedy,Sport",,59%
Slacker,slacker,"Comedy,Drama",82%,77%
Sleeping with the Enemy,sleeping with the enemy,"Drama,Thriller",24%,60%
Soapdish,soapdish,"Comedy,Romance",74%,63%
Star Trek VI: The Undiscovered Country,star trek vi: the undiscovered country,"Action,Adventure,Sci-Fi",83%,84%
Stone Cold,stone cold,"Action,Crime,Drama",,67%
Straight Out of Brooklyn,straight out of brooklyn,"Crime,Drama",80%,60%
Strictly Business,strictly business,"Comedy,Romance",10%,56%
Suburban Commando,suburban commando,"Action,Comedy,Sci-Fi",15%,33%
The Super,the super,Comedy,40%,60%
The Super,the super,Comedy,0%,42%
Sweet Talker,sweet talker,"Comedy,Romance",,
Taking Care of Business,taking care of business,Comedy,33%,52%
Talent for the Game,talent for the game,"Drama,Sport",,35%
Terminator 2: Judgment Day,terminator 2: judgment day,"Action,Adventure,Sci-Fi",91%,95%
Texasville,texasville,"Drama,Romance",59%,46%
Thelma & Louise,thelma & louise,"Adventure,Crime,Drama",86%,82%
Too Much Sun,too much sun,Comedy,14%,32%
True Colors,true colors,Drama,,
Trust,trust,"Comedy,Crime,Drama",,
Turbulence,turbulence,Drama,,
The Unborn,the unborn,"Drama,Horror,Sci-Fi",,
The Unborn,the unborn,"Drama,Horror,Sci-Fi",,25%
V.I. Warshawski,v.i. warshawski,"Action,Comedy,Crime",24%,23%
The Voices,the voices,,74%,58%
What About Bob?,what about bob?,Comedy,82%,79%
Where Angels Fear to Tread,where angels fear to tread,"Drama,Romance",64%,53%
White Palace,white palace,"Drama,Romance",50%,62%
Wild Hearts Can't Be Broken,wild hearts can't be broken,"Drama,Family,Romance",73%,89%
Year of the Gun,year of the gun,"Action,Romance,Thriller",29%,26%
1492: Conquest of Paradise,1492: conquest of paradise,"Adventure,Biography,Drama",32%,50%
3 Ninjas,3 ninjas,"Action,Comedy,Family",35%,53%
Aladdin,aladdin,"Adventure,Animation,Comedy",57%,94%
American Heart,american heart,"Crime,Drama,Romance",80%,68%
American Me,american me,"Biography,Crime,Drama",73%,90%
Bad Lieutenant,bad lieutenant,"Crime,Drama,Thriller",79%,73%
Basic Instinct,basic instinct,"Drama,Mystery,Thriller",55%,64%
Batman Returns,batman returns,"Action,Crime,Fantasy",82%,73%
Bebe's Kids,bebe's kids,"Animation,Comedy,Fantasy",36%,74%
Blame It on the Bellboy,blame it on the bellboy,Comedy,19%,39%
Bob Roberts,bob roberts,"Comedy,Drama",93%,78%
The Bodyguard,the bodyguard,"Drama,Music,Romance",,
Brain Donors,brain donors,Comedy,45%,85%
Dracula,bram stoker's dracula,"Fantasy,Horror,Romance",74%,79%
Buffy the Vampire Slayer,buffy the vampire slayer,"Action,Comedy,Fantasy",36%,43%
Candyman,candyman,"Horror,Thriller",79%,63%
Captain Ron,captain ron,"Adventure,Comedy",26%,52%
Chaplin,chaplin,"Biography,Comedy,Drama",61%,81%
Child's Play 3,child's play 3,"Horror,Thriller",19%,40%
Christopher Columbus: The Discovery,christopher columbus: the discovery,"Adventure,Biography,Drama",7%,17%
City of Joy,city of joy,"Crime,Drama",53%,74%
Cold Heaven,cold heaven,"Drama,Mystery,Thriller",60%,19%
Freelance,freelance,Crime,,
Cousin Bobby,cousin bobby,"Biography,Documentary",,
CrissCross,crisscross,"Crime,Drama",,24%
Crossing the Bridge,crossing the bridge,"Comedy,Drama",,52%
Crush,crush,Drama,36%,57%
The Crying Game,the crying game,"Crime,Drama,Romance",95%,78%
Death Becomes Her,death becomes her,"Comedy,Fantasy,Horror",55%,62%
Deep Cover,deep cover,"Action,Crime,Thriller",,
Diggstown,diggstown,"Drama,Sport",60%,78%
The Distinguished Gentleman,the distinguished gentleman,"Comedy,Crime",13%,37%
Dr. Giggles,dr. giggles,"Comedy,Drama,Horror",23%,42%
Encino Man,encino man,Comedy,14%,56%
Excessive Force,excessive force,Action,20%,36%
Falling from Grace,falling from grace,"Drama,Music",78%,43%
Far and Away,far and away,"Adventure,Drama,Romance",50%,62%
Damage,damage,"Drama,Romance",81%,73%
Final Analysis,final analysis,"Drama,Thriller",56%,44%
The Burning Season,the burning season,"Drama,Thriller",,
Folks!,folks!,"Comedy,Drama",0%,53%
Freejack,freejack,"Action,Crime,Sci-Fi",25%,25%
Frozen Assets,frozen assets,Comedy,0%,25%
Gladiator,gladiator,"Action,Drama,Sport",80%,87%
Glengarry Glen Ross,glengarry glen ross,"Crime,Drama,Mystery",95%,88%
The Gun in Betty Lou's Handbag,the gun in betty lou's handbag,"Comedy,Mystery",14%,25%
Hellraiser III: Hell on Earth,hellraiser iii: hell on earth,Horror,38%,35%
Hoffa,hoffa,"Biography,Crime,Drama",52%,58%
Home Alone 2: Lost in New York,home alone 2: lost in new york,"Adventure,Comedy,Crime",35%,62%
"Honey, I Blew Up the Kid","honey, i blew up the kid","Adventure,Comedy,Family",40%,24%
Honeymoon in Vegas,honeymoon in vegas,"Comedy,Romance,Thriller",64%,36%
HouseSitter,housesitter,"Comedy,Romance",36%,47%
Howards End,howards end,"Drama,Romance",94%,81%
Indochine,indochine,"Drama,Romance,War",75%,84%
Innocent Blood,innocent blood,"Action,Comedy,Crime",36%,45%
Interceptor,interceptor,"Action,Sci-Fi",,16%
Into the Sun,into the sun,"Action,Comedy,War",,32%
Jennifer 8,jennifer eight,"Crime,Drama,Mystery",39%,39%
Jersey Girl,jersey girl,"Comedy,Drama,Romance",43%,48%
Johnny Suede,johnny suede,"Comedy,Drama,Music",27%,47%
Just Another Girl on the I.R.T.,just another girl on the i.r.t.,"Drama,Romance",68%,83%
Kuffs,kuffs,"Action,Comedy,Crime",28%,47%
Ladybugs,ladybugs,"Comedy,Sport",14%,43%
The Lawnmower Man,the lawnmower man,"Horror,Sci-Fi",37%,31%
Laws of Gravity,laws of gravity,"Crime,Drama",100%,81%
A League of Their Own,a league of their own,"Comedy,Drama,Sport",81%,84%
Lethal Weapon 3,lethal weapon 3,"Action,Crime,Thriller",58%,61%
The Long Day Closes,the long day closes,"Biography,Drama",82%,77%
Lorenzo's Oil,lorenzo's oil,"Biography,Drama",93%,80%
Love Field,love field,Drama,40%,55%
Bitter Moon,bitter moon,"Drama,Romance,Thriller",63%,80%
Mac,mac,Drama,67%,62%
Mama,mama,Drama,,
The Mambo Kings,the mambo kings,"Drama,Music",79%,68%
El Mariachi,el mariachi,"Action,Crime,Thriller",91%,76%
Meatballs 4,meatballs 4,Comedy,,23%
Meet the Parents,meet the parents,Comedy,85%,79%
Memoirs of an Invisible Man,memoirs of an invisible man,"Comedy,Romance,Sci-Fi",26%,32%
The Mighty Ducks,the mighty ducks,"Comedy,Drama,Family",23%,65%
Mistress,mistress,"Comedy,Drama",,
Mo' Money,mo' money,"Action,Comedy,Crime",16%,51%
Mom and Dad Save the World,mom and dad save the world,"Adventure,Comedy,Family",12%,44%
Mr. Baseball,mr. baseball,"Comedy,Romance,Sport",11%,41%
Mr. Saturday Night,mr. saturday night,"Comedy,Drama",59%,38%
The Muppet Christmas Carol,the muppet christmas carol,"Comedy,Drama,Family",77%,86%
My Cousin Vinny,my cousin vinny,"Comedy,Crime",87%,87%
My New Gun,my new gun,Comedy,44%,40%
Newsies,newsies,"Drama,Family,History",39%,88%
Only You,only you,"Comedy,Romance",53%,68%
Out on a Limb,out on a limb,Comedy,,75%
Passed Away,passed away,Comedy,10%,45%
Passenger 57,passenger 57,"Action,Crime,Thriller",30%,38%
Passion Fish,passion fish,Drama,100%,82%
Patriot Games,patriot games,"Action,Thriller",72%,73%
The People Under the Stairs,the people under the stairs,"Comedy,Horror,Mystery",70%,61%
Peter's Friends,peter's friends,"Comedy,Drama,Romance",65%,77%
The Playboys,the playboys,"Drama,Romance",92%,53%
The Player,the player,"Comedy,Crime,Drama",,
The Player,the player,"Comedy,Crime,Drama",97%,84%
Poison Ivy,poison ivy,"Drama,Thriller",,
The Power of One,the power of one,"Drama,Sport",39%,87%
Prelude to a Kiss,prelude to a kiss,"Comedy,Fantasy,Romance",63%,39%
The Prom,the prom,Drama,,
The Public Eye,the public eye,"Crime,Drama,Romance",,59%
The Public Eye,the public eye,"Crime,Drama,Romance",61%,51%
Pure Country,pure country,"Drama,Music,Romance",41%,90%
Radio Flyer,radio flyer,Drama,35%,72%
Raising Cain,raising cain,"Crime,Drama,Horror",62%,40%
Red Rock West,red rock west,"Crime,Drama,Thriller",98%,75%
Reservoir Dogs,reservoir dogs,"Crime,Thriller",90%,94%
Rich in Love,rich in love,Drama,69%,38%
Sarafina!,sarafina!,"Drama,Musical",60%,86%
School Ties,school ties,Drama,60%,69%
Shadow of the Wolf,shadow of the wolf,"Adventure,Drama,Thriller",,46%
Shadows and Fog,shadows and fog,Comedy,54%,55%
Shining Through,shining through,"Drama,Romance,Thriller",41%,72%
Sidekicks,sidekicks,"Action,Adventure,Comedy",26%,48%
Single White Female,single white female,"Drama,Thriller",53%,44%
Singles,singles,"Comedy,Drama,Music",,
Sister Act,sister act,"Comedy,Family,Music",76%,65%
Sleepwalkers,sleepwalkers,"Fantasy,Horror",29%,32%
Sneakers,sneakers,"Comedy,Crime,Drama",80%,80%
South Central,south central,"Crime,Drama",75%,83%
Stay Tuned,stay tuned,"Adventure,Comedy,Fantasy",44%,55%
Stop! Or My Mom Will Shoot,stop! or my mom will shoot,"Action,Comedy",14%,21%
Straight Talk,straight talk,"Comedy,Drama,Romance",46%,58%
Sunset Strip,sunset strip,"Drama,Thriller",,
Swoon,swoon,"Crime,Drama",73%,65%
The Taking of Beverly Hills,the taking of beverly hills,"Action,Thriller",40%,36%
That Night,that night,"Drama,Romance",67%,79%
This Is My Life,this is my life,Drama,36%,49%
Thunderheart,thunderheart,"Crime,Mystery,Thriller",90%,75%
Tom and Jerry: The Movie,tom and jerry: the movie,"Adventure,Animation,Comedy",14%,41%
Toys,toys,"Adventure,Comedy,Drama",29%,39%
Traces of Red,traces of red,"Crime,Drama,Mystery",29%,44%
Trespass,trespass,"Action,Thriller",70%,47%
Troll 2,troll 2,"Comedy,Fantasy,Horror",5%,45%
The Turning,the turning,Drama,86%,54%
The Turning,the turning,Drama,,0%
Twin Peaks: Fire Walk with Me,twin peaks: fire walk with me,"Drama,Horror,Mystery",63%,78%
Under Siege,under siege,"Action,Thriller",80%,62%
Unforgiven,unforgiven,"Drama,Western",,
Universal Soldier,universal soldier,"Action,Sci-Fi",34%,46%
Unlawful Entry,unlawful entry,"Crime,Drama,Thriller",76%,49%
Used People,used people,"Comedy,Drama,Romance",44%,39%
The Waterdance,the waterdance,"Comedy,Drama,Romance",94%,63%
Wayne's World,wayne's world,"Comedy,Music",79%,84%
Where the Day Takes You,where the day takes you,"Crime,Drama,Thriller",80%,73%
Whispers in the Dark,whispers in the dark,"Drama,Mystery,Thriller",33%,72%
White Men Can't Jump,white men can't jump,"Comedy,Sport",75%,69%
White Sands,white sands,"Action,Crime,Drama",44%,41%
Year of the Comet,year of the comet,"Action,Adventure,Comedy",0%,51%
Zebrahead,zebrahead,"Drama,Romance",75%,69%
Addams Family Values,addams family values,"Comedy,Fantasy",75%,63%
The Adventures of Huck Finn,the adventures of huck finn,"Adventure,Comedy,Drama",75%,50%
Alive,alive,"Biography,Drama,Thriller",,
Amos & Andrew,amos & andrew,"Comedy,Crime",17%,31%
Angel Eyes,angel eyes,"Crime,Drama,Horror",,31%
Angie,angie,"Crime,Thriller",53%,33%
Another Stakeout,another stakeout,"Comedy,Crime",16%,28%
Army of Darkness,army of darkness,"Comedy,Horror",68%,87%
Aspen Extreme,aspen extreme,"Drama,Romance,Sport",22%,67%
Backbeat,backbeat,"Biography,Drama,Music",68%,67%
The Ballad of Little Jo,the ballad of little jo,"Drama,Romance,Western",77%,62%
Batman: Mask of the Phantasm,batman: mask of the phantasm,"Action,Adventure,Animation",83%,88%
Beethoven's 2nd,beethoven's 2nd,"Comedy,Family,Romance",23%,31%
Being Human,being human,"Comedy,Drama",54%,42%
Benefit of the Doubt,benefit of the doubt,Thriller,0%,19%
Benny & Joon,benny & joon,"Comedy,Drama,Romance",76%,85%
Best of the Best II,best of the best ii,"Action,Crime,Drama",10%,47%
"Bodies, Rest & Motion","bodies, rest & motion",Drama,53%,50%
Body Snatchers,body snatchers,"Horror,Sci-Fi",71%,45%
Body of Evidence,body of evidence,"Drama,Thriller",8%,23%
Bopha!,bopha!,Drama,82%,67%
Boys from Brazil,boys from brazil,Documentary,,
CB4,cb4,"Comedy,Music",52%,62%
Carlito's Way,carlito's way,"Crime,Drama,Thriller",84%,91%
Carnosaur,carnosaur,"Horror,Sci-Fi",18%,23%
The Cemetery Club,the cemetery club,Comedy,,
The Cemetery Club,the cemetery club,Comedy,57%,30%
Children of the Corn II: The Final Sacrifice,children of the corn ii: the final sacrifice,"Horror,Thriller",30%,20%
Coneheads,coneheads,"Comedy,Sci-Fi",35%,37%
Crossover,crossover,Horror,2%,59%
Dangerous Game,snake eyes,Drama,43%,35%
The Dark Half,the dark half,"Horror,Mystery,Thriller",62%,41%
Dave,dave,"Comedy,Romance",95%,72%
Dazed and Confused,dazed and confused,Comedy,93%,90%
Demolition Man,demolition man,"Action,Sci-Fi,Thriller",63%,67%
Dennis the Menace,dennis the menace,"Comedy,Family",27%,38%
Double Dragon,double dragon,"Action,Adventure,Comedy",12%,26%
Dragon: The Bruce Lee Story,dragon: the bruce lee story,"Action,Biography,Drama",74%,79%
Ed and His Dead Mother,ed and his dead mother,"Comedy,Horror",50%,51%
Ernest Rides Again,ernest rides again,"Comedy,Family",14%,42%
Even Cowgirls Get the Blues,even cowgirls get the blues,"Comedy,Drama,Romance",17%,28%
Extreme Justice,extreme justice,"Action,Crime,Drama",,31%
Falling Down,falling down,"Crime,Drama,Thriller",75%,84%
Father Hood,father hood,"Adventure,Comedy,Crime",10%,34%
Fear of a Black Hat,fear of a black hat,"Comedy,Music",83%,87%
Fearless,fearless,"Drama,Thriller",73%,86%
Fire in the Sky,fire in the sky,"Biography,Drama,Fantasy",52%,57%
Flesh and Bone,flesh and bone,"Drama,Mystery,Romance",70%,42%
Free Willy,free willy,"Adventure,Drama,Family",71%,50%
Geronimo: An American Legend,geronimo: an american legend,"Drama,History,Western",50%,52%
Ghost in the Machine,ghost in the machine,"Horror,Sci-Fi,Thriller",10%,23%
The Good Son,the good son,"Drama,Thriller",25%,54%
Groundhog Day,groundhog day,"Comedy,Drama,Fantasy",94%,88%
Grumpy Old Men,grumpy old men,"Comedy,Drama,Romance",65%,74%
Guilty as Sin,guilty as sin,"Crime,Drama,Thriller",38%,43%
Hard Target,hard target,"Action,Crime,Thriller",60%,49%
Hear No Evil,hear no evil,Thriller,20%,35%
Heart and Souls,heart and souls,"Comedy,Drama,Fantasy",58%,76%
Hexed,hexed,"Comedy,Crime,Mystery",9%,36%
Hocus Pocus,hocus pocus,"Comedy,Family,Fantasy",40%,72%
Homeward Bound: The Incredible Journey,homeward bound: the incredible journey,"Adventure,Comedy,Drama",87%,71%
Hot Shots! Part Deux,hot shots! part deux,"Action,Comedy",59%,63%
The House of the Spirits,the house of the spirits,"Drama,Romance",31%,72%
Household Saints,household saints,Drama,68%,74%
In the Line of Fire,in the line of fire,"Action,Crime,Drama",96%,79%
In the Name of the Father,in the name of the father,"Biography,Crime,Drama",94%,95%
Indecent Proposal,indecent proposal,"Drama,Romance",34%,47%
Jack the Bear,jack the bear,"Comedy,Drama",28%,58%
Jason Goes to Hell: The Final Friday,jason goes to hell: the final friday,"Fantasy,Horror,Thriller",16%,23%
Josh and S.A.M.,josh and s.a.m.,"Adventure,Comedy,Drama",25%,48%
The Joy Luck Club,the joy luck club,Drama,86%,89%
Judgment Night,judgment night,"Action,Crime,Drama",38%,54%
Jurassic Park,jurassic park,"Action,Adventure,Sci-Fi",92%,91%
Just Friends,just friends,"Drama,Music",42%,71%
Kalifornia,kalifornia,"Crime,Drama,Thriller",58%,64%
King of the Hill,king of the hill,"Drama,History",,
Last Action Hero,last action hero,"Action,Adventure,Comedy",42%,48%
Leprechaun,leprechaun,"Comedy,Fantasy,Horror",35%,33%
Life with Mikey,life with mikey,"Comedy,Family",25%,39%
Little Buddha,little buddha,Drama,65%,53%
Look Who's Talking Now,look who's talking now,"Comedy,Family,Romance",0%,29%
Lost in Yonkers,lost in yonkers,"Comedy,Drama",71%,77%
M. Butterfly,m. butterfly,"Drama,Romance",39%,67%
Mad Dog and Glory,mad dog and glory,"Comedy,Crime,Drama",78%,45%
Made in America,made in america,Comedy,,
Malice,malice,"Crime,Mystery,Thriller",57%,46%
Man's Best Friend,man's best friend,"Comedy,Horror,Sci-Fi",,
Manhattan Murder Mystery,manhattan murder mystery,"Comedy,Mystery",94%,83%
Married to It,married to it,"Comedy,Drama",30%,43%
Mayday,mayday,,,43%
Menace II Society,menace ii society,"Crime,Drama,Thriller",84%,93%
The Meteor Man,the meteor man,"Action,Comedy,Fantasy",25%,36%
My Crazy Life,mi vida loca,"Crime,Drama",74%,87%
Mr. Jones,mr. jones,"Drama,Romance",43%,50%
Mr. Nanny,mr. nanny,"Action,Comedy,Family",6%,33%
Mr. Wonderful,mr. wonderful,"Comedy,Romance",52%,41%
Mrs. Doubtfire,mrs. doubtfire,"Comedy,Drama",70%,77%
Much Ado About Nothing,much ado about nothing,"Comedy,Drama,Romance",,
The Music of Chance,the music of chance,Drama,100%,87%
My Boyfriend's Back,my boyfriend's back,"Comedy,Fantasy,Horror",13%,45%
My Life,my life,Drama,44%,74%
Naked,naked,"Comedy,Drama",,60%
Needful Things,needful things,"Crime,Drama,Fantasy",32%,44%
The Night We Never Met,the night we never met,"Comedy,Romance",56%,35%
The Nightmare Before Christmas,the nightmare before christmas,"Animation,Family,Fantasy",95%,92%
Once Upon a Forest,once upon a forest,"Adventure,Animation,Drama",22%,69%
Only the Strong,only the strong,"Action,Drama",13%,77%
Orlando,orlando,"Biography,Drama,Fantasy",84%,82%
The Pelican Brief,the pelican brief,"Crime,Drama,Mystery",55%,61%
The Perfect Man,the perfect man,,,
The Perfect Man,the perfect man,,6%,58%
A Perfect World,a perfect world,"Crime,Drama,Thriller",78%,84%
Philadelphia,philadelphia,Drama,81%,89%
The Piano,the piano,"Drama,Music,Romance",,
The Piano,the piano,"Drama,Music,Romance",90%,86%
Poetic Justice,poetic justice,"Drama,Romance",34%,83%
Point of No Return,point of no return,"Action,Crime,Drama",,
The Princess and the Goblin,the princess and the goblin,"Adventure,Animation,Comedy",,77%
The Program,the program,"Action,Drama,Romance",62%,44%
The Program,the program,"Action,Drama,Romance",43%,80%
The Real McCoy,the real mccoy,"Crime,Drama,Thriller",,
The Remains of the Day,the remains of the day,"Drama,Romance",96%,90%
The Ride,the ride,,,80%
Rising Sun,rising sun,"Action,Crime,Drama",33%,40%
Robin Hood: Men in Tights,robin hood: men in tights,"Adventure,Comedy,Musical",42%,81%
RoboCop 3,robocop 3,"Action,Crime,Sci-Fi",9%,15%
Romeo Is Bleeding,romeo is bleeding,"Crime,Drama,Romance",27%,61%
Rookie of the Year,rookie of the year,"Comedy,Family,Fantasy",41%,52%
Deception,ruby cairo,"Mystery,Thriller",,27%
Ruby in Paradise,ruby in paradise,"Drama,Romance",86%,76%
Rudy,rudy,"Biography,Drama,Sport",77%,90%
The Saint of Fort Washington,the saint of fort washington,Drama,80%,87%
The Sandlot,the sandlot,"Comedy,Drama,Family",65%,89%
Schindler's List,schindler's list,"Biography,Drama,History",98%,97%
Searching for Bobby Fischer,searching for bobby fischer,"Biography,Drama,Sport",100%,86%
Shadowlands,shadowlands,"Biography,Drama,Romance",97%,89%
Short Cuts,short cuts,"Comedy,Drama",95%,88%
Sister Act 2: Back in the Habit,sister act 2: back in the habit,"Comedy,Family,Music",18%,61%
Six Degrees of Separation,six degrees of separation,"Comedy,Drama,Mystery",88%,71%
Sleepless in Seattle,sleepless in seattle,"Comedy,Drama,Romance",75%,75%
Sliver,sliver,"Drama,Thriller",18%,30%
So I Married an Axe Murderer,so i married an axe murderer,"Comedy,Romance",53%,68%
Sommersby,sommersby,"Drama,Mystery,Romance",63%,59%
Son of the Pink Panther,son of the pink panther,"Comedy,Crime",6%,18%
Splitting Heirs,splitting heirs,"Comedy,Crime",7%,37%
Striking Distance,striking distance,"Action,Crime,Mystery",20%,35%
Super Mario Bros.,super mario bros.,"Adventure,Comedy,Family",29%,29%
Surf Ninjas,surf ninjas,"Action,Adventure,Comedy",23%,68%
Swing Kids,swing kids,"Drama,Music",56%,79%
Teenage Mutant Ninja Turtles III,teenage mutant ninja turtles iii,"Action,Adventure,Comedy",19%,33%
The Temp,the temp,"Drama,Thriller",,
The Temp,the temp,"Drama,Thriller",32%,19%
The Thing Called Love,the thing called love,"Comedy,Drama,Music",57%,52%
This Boy's Life,this boy's life,"Biography,Drama",76%,80%
Three of Hearts,three of hearts,"Comedy,Romance",53%,35%
Tombstone,tombstone,"Biography,Drama,History",73%,94%
True Romance,true romance,"Crime,Drama,Romance",93%,93%
Twenty Bucks,twenty bucks,"Comedy,Drama",75%,61%
Two Bits,two bits,,40%,39%
Undercover Blues,undercover blues,"Comedy,Crime",37%,67%
Uninvited,uninvited,"Horror,Western",,0%
Untamed Heart,untamed heart,"Drama,Romance",58%,76%
The Vanishing,the vanishing,"Drama,Horror,Mystery",96%,88%
The War Room,the war room,"Documentary,History",96%,83%
Warlock: The Armageddon,warlock: the armageddon,"Action,Fantasy,Horror",0%,41%
Wayne's World 2,wayne's world 2,"Comedy,Music",60%,63%
We're Back! A Dinosaur's Story,we're back! a dinosaur's story,"Adventure,Animation,Comedy",38%,50%
Weekend at Bernie's II,weekend at bernie's ii,"Adventure,Comedy,Fantasy",13%,41%
What's Eating Gilbert Grape,what's eating gilbert grape,Drama,90%,89%
What's Love Got to Do with It,what's love got to do with it,"Biography,Drama,Music",97%,88%
Who's the Man?,who's the man?,"Comedy,Drama,Mystery",56%,55%
Wilder Napalm,wilder napalm,"Comedy,Drama,Fantasy",25%,55%
Wrestling Ernest Hemingway,wrestling ernest hemingway,"Drama,Romance",59%,69%
3 Ninjas Kick Back,3 ninjas kick back,"Action,Comedy,Family",15%,40%
8 Seconds,8 seconds,"Biography,Drama,Sport",31%,94%
Above the Rim,above the rim,"Crime,Drama,Sport",50%,82%
Ace Ventura: Pet Detective,ace ventura: pet detective,Comedy,47%,57%
"The Adventures of Priscilla, Queen of the Desert","the adventures of priscilla, queen of the desert","Comedy,Music",94%,88%
The Air Up There,the air up there,"Comedy,Family,Sport",21%,35%
Airheads,airheads,"Comedy,Crime,Music",29%,50%
Amateur,amateur,"Comedy,Crime,Drama",,
Andre,andre,"Adventure,Drama,Family",43%,53%
Baby's Day Out,baby's day out,"Adventure,Comedy,Crime",24%,52%
Bad Apples,bad apples,"Crime,Drama",,
Blank Check,blank check,"Comedy,Crime,Family",9%,34%
Blankman,blankman,"Action,Comedy,Crime",12%,41%
Blink,blink,"Crime,Drama,Mystery",67%,51%
Blue Chips,blue chips,"Drama,Sport",38%,51%
Blue Sky,blue sky,"Drama,Romance",80%,58%
Brainscan,brainscan,"Horror,Sci-Fi",13%,60%
Brave,brave,"Drama,Music",79%,75%
Bullets Over Broadway,bullets over broadway,"Comedy,Crime",95%,83%
Cabin Boy,cabin boy,"Adventure,Comedy,Romance",48%,42%
Camp Nowhere,camp nowhere,"Adventure,Comedy,Family",17%,58%
Canadian Bacon,canadian bacon,"Action,Comedy",17%,52%
Captives,captives,"Crime,Drama,Romance",,
"Car 54, Where Are You?","car 54, where are you?",Comedy,0%,12%
Chasers,chasers,"Action,Comedy,Drama",33%,21%
China Moon,china moon,"Crime,Drama,Mystery",40%,41%
City Slickers II: The Legend of Curly's Gold,city slickers ii: the legend of curly's gold,"Comedy,Western",15%,31%
Clean Slate,clean slate,"Comedy,Mystery",,
Clear and Present Danger,clear and present danger,"Action,Crime,Drama",81%,74%
Clerks,clerks,Comedy,90%,89%
The Client,the client,"Crime,Drama,Mystery",80%,68%
Clifford,clifford,Comedy,18%,67%
Cobb,cobb,"Biography,Drama,Sport",65%,58%
Color of Night,color of night,"Drama,Mystery,Romance",22%,30%
Cops and Robbersons,cops and robbersons,"Comedy,Crime,Thriller",18%,23%
"Corrina, Corrina","corrina, corrina","Comedy,Drama,Romance",37%,69%
Country Life,country life,"Drama,Romance",71%,53%
The Cowboy Way,the cowboy way,"Action,Comedy,Crime",20%,59%
The Crew,the crew,"Drama,Thriller",,
The Crew,the crew,"Drama,Thriller",,40%
Criminal,criminal,"Crime,Drama",,
Crooklyn,crooklyn,"Comedy,Drama",79%,90%
The Crow,the crow,"Action,Crime,Drama",86%,90%
Crumb,crumb,"Biography,Comedy,Documentary",95%,89%
D2: The Mighty Ducks,d2: the mighty ducks,"Comedy,Drama,Family",20%,59%
Death and the Maiden,death and the maiden,"Drama,Mystery,Thriller",82%,81%
Disclosure,disclosure,"Drama,Thriller",59%,41%
Dolores Claiborne,dolores claiborne,"Crime,Drama,Mystery",85%,82%
Double Happiness,double happiness,"Drama,Romance",75%,70%
Dragonworld,dragonworld,"Adventure,Family,Fantasy",,61%
Dreamland,dreamland,,,22%
Drop Squad,drop squad,"Comedy,Drama,Thriller",14%,45%
Drop Zone,drop zone,"Action,Adventure,Thriller",39%,32%
Ed Wood,ed wood,"Biography,Comedy,Drama",92%,88%
Exit to Eden,exit to eden,"Comedy,Crime,Romance",5%,26%
Exotica,exotica,Drama,95%,83%
The Favor,the favor,"Comedy,Romance",27%,21%
The Flintstones,the flintstones,"Comedy,Family,Fantasy",23%,25%
Foreign Student,foreign student,Drama,,48%
Forrest Gump,forrest gump,"Drama,Romance",76%,95%
Four Weddings and a Funeral,four weddings and a funeral,"Comedy,Drama,Romance",92%,74%
Frankenstein,mary shelley's frankenstein,"Drama,Horror,Romance",42%,49%
Freaked,freaked,"Comedy,Sci-Fi",50%,66%
Fresh,fresh,"Crime,Drama,Thriller",88%,91%
Getting Even with Dad,getting even with dad,"Comedy,Crime,Family",3%,25%
The Glass Shield,the glass shield,"Crime,Drama",68%,40%
Greedy,greedy,Comedy,32%,48%
Guarding Tess,guarding tess,"Comedy,Drama",57%,48%
Heavenly Creatures,heavenly creatures,"Biography,Crime,Drama",95%,83%
Heavyweights,heavyweights,"Comedy,Drama,Family",38%,77%
Hoop Dreams,hoop dreams,"Documentary,Drama,Sport",98%,92%
House Party 3,house party 3,"Comedy,Music",0%,67%
Houseguest,houseguest,Comedy,17%,55%
The Hudsucker Proxy,the hudsucker proxy,"Comedy,Drama,Fantasy",63%,79%
I Like It Like That,i like it like that,"Comedy,Drama,Romance",89%,91%
I'll Do Anything,i'll do anything,"Comedy,Drama",67%,41%
I.Q.,i.q.,"Comedy,Romance",45%,47%
Imaginary Crimes,imaginary crimes,Drama,60%,62%
Immortal Beloved,immortal beloved,"Biography,Drama,Music",57%,86%
In the Army Now,in the army now,"Comedy,War",12%,44%
The Cold Light of Day,the cold light of day,"Drama,Thriller",4%,29%
The Inkwell,the inkwell,"Comedy,Drama,Romance",22%,82%
Insomnia,insomnia,Comedy,,
Intersection,intersection,"Drama,Romance",9%,40%
Iron Will,iron will,"Adventure,Family",67%,66%
My Summer Story,it runs in the family,"Comedy,Family",29%,29%
Jason's Lyric,jason's lyric,"Crime,Drama,Romance",58%,90%
Jimmy Hollywood,jimmy hollywood,"Comedy,Crime,Drama",28%,28%
Bulletproof Heart,killer,"Crime,Drama,Romance",63%,62%
Bulletproof Heart,killer,"Crime,Drama,Romance",,
The Killing Jar,the killing jar,Thriller,,60%
Killing Zoe,killing zoe,"Crime,Drama,Thriller",36%,64%
Lassie,lassie,"Adventure,Family",93%,64%
The Last Seduction,the last seduction,"Crime,Drama,Romance",94%,76%
Legends of the Fall,legends of the fall,"Drama,Romance,War",59%,87%
Leprechaun 2,leprechaun 2,"Comedy,Fantasy,Horror",6%,29%
Lightning Jack,lightning jack,"Comedy,Western",6%,47%
The Lion King,the lion king,"Adventure,Animation,Drama",92%,93%
Little Big League,little big league,"Comedy,Family,Sport",35%,54%
Little Giants,little giants,"Comedy,Family,Sport",36%,63%
Little Odessa,little odessa,"Crime,Drama",53%,69%
The Little Rascals,the little rascals,"Comedy,Family,Romance",,
The Little Rascals,the little rascals,"Comedy,Family,Romance",21%,70%
The Long Weekend,the long weekend,Thriller,,38%
Love and a .45,love and a .45,"Crime,Romance,Thriller",71%,70%
Paperback Romance,lucky break,"Comedy,Romance",33%,54%
Madagascar,madagascar,Drama,55%,67%
The Madness of King George,the madness of king george,"Biography,Comedy,Drama",94%,80%
Major Payne,major payne,"Adventure,Comedy,Family",29%,68%
Maverick,maverick,"Action,Adventure,Comedy",68%,71%
Max,max,Family,69%,64%
Midnight Man,midnight man,"Action,Crime,Drama",,
Mixed Nuts,mixed nuts,"Comedy,Drama",13%,47%
Monkey Trouble,monkey trouble,"Adventure,Comedy,Crime",55%,41%
Mrs. Parker and the Vicious Circle,mrs. parker and the vicious circle,"Biography,Drama",76%,61%
Muriel's Wedding,muriel's wedding,"Comedy,Drama",81%,84%
Mute Witness,mute witness,"Crime,Horror,Thriller",85%,65%
My Girl 2,my girl 2,"Comedy,Drama,Family",27%,46%
Naked in New York,naked in new york,"Comedy,Romance",42%,39%
Natural Born Killers,natural born killers,"Crime,Romance",51%,81%
Nell,nell,Drama,57%,64%
The Next Karate Kid,the next karate kid,"Action,Drama,Family",7%,24%
North,north,"Adventure,Comedy,Drama",14%,27%
Nostradamus,nostradamus,"Biography,Drama",,
Nothing to Lose,nothing to lose,"Action,Crime,Drama",,73%
Oblivion,oblivion,"Adventure,Comedy,Crime",,27%
Of Love and Shadows,of love and shadows,"Drama,Romance,Thriller",20%,32%
Oleanna,oleanna,"Drama,Thriller",53%,61%
On Deadly Ground,on deadly ground,"Action,Adventure,Thriller",14%,35%
The Pagemaster,the pagemaster,"Adventure,Animation,Comedy",19%,49%
The Paper,the paper,"Comedy,Drama",,
The Paper,the paper,"Comedy,Drama",89%,66%
Pentathlon,pentathlon,"Action,Drama,Thriller",,24%
Pontiac Moon,pontiac moon,Drama,,45%
Priest,priest,"Drama,Romance",15%,46%
Princess Caraboo,princess caraboo,"Comedy,Drama,History",65%,50%
Pulp Fiction,pulp fiction,"Crime,Drama",92%,96%
Quiz Show,quiz show,"Biography,Drama,History",97%,87%
Radioland Murders,radioland murders,"Comedy,Crime,Drama",32%,60%
Rapa Nui,rapa nui,"Action,Adventure,Drama",,63%
Reality Bites,reality bites,"Comedy,Drama,Romance",62%,74%
The Ref,the ref,"Comedy,Crime,Drama",74%,73%
Renaissance Man,renaissance man,"Comedy,Drama",12%,53%
The River Wild,the river wild,"Adventure,Crime,Thriller",63%,52%
The Road to Wellville,the road to wellville,"Comedy,Drama",39%,44%
The Puppet Masters,the puppet masters,"Horror,Sci-Fi,Thriller",26%,33%
S.F.W.,s.f.w.,"Comedy,Drama",12%,49%
Safe Passage,safe passage,Drama,54%,73%
The Santa Clause,the santa clause,"Comedy,Drama,Family",73%,66%
The Scout,the scout,"Comedy,Drama,Sport",,
The Scout,the scout,"Comedy,Drama,Sport",31%,22%
The Secret of Roan Inish,the secret of roan inish,"Drama,Family,Fantasy",95%,87%
Serial Mom,serial mom,"Comedy,Crime,Thriller",63%,72%
The Shawshank Redemption,the shawshank redemption,Drama,89%,98%
Sicario,sicario,Drama,,93%
Silent Fall,silent fall,"Drama,Mystery,Thriller",26%,38%
Sirens,sirens,"Comedy,Drama,Romance",,
Sister My Sister,sister my sister,"Drama,Thriller",63%,66%
Sleep with Me,sleep with me,"Comedy,Drama,Romance",21%,50%
Speechless,speechless,"Comedy,Romance",10%,33%
Squanto: A Warrior's Tale,squanto: a warrior's tale,"Adventure,Biography,Drama",60%,55%
Stargate,stargate,"Action,Adventure,Sci-Fi",53%,73%
Surviving the Game,surviving the game,"Action,Adventure,Crime",35%,48%
The Swan Princess,the swan princess,"Adventure,Animation,Comedy",50%,66%
Terminal Velocity,terminal velocity,"Action,Mystery,Romance",16%,22%
That's Entertainment! III,that's entertainment! iii,"Documentary,Family,Musical",100%,83%
Threesome,threesome,"Comedy,Drama,Romance",26%,55%
Thumbelina,thumbelina,"Adventure,Animation,Family",40%,66%
Timecop,timecop,"Action,Crime,Sci-Fi",42%,36%
Tom & Viv,tom & viv,"Biography,Drama,Romance",36%,60%
Trapped in Paradise,trapped in paradise,"Adventure,Comedy,Crime",10%,42%
Trial by Jury,trial by jury,"Crime,Drama,Thriller",8%,29%
True Lies,true lies,"Action,Comedy,Thriller",70%,76%
Valentine's Day,valentine's day,,,
Wagons East,wagons east!,"Adventure,Comedy,Western",0%,33%
Wall,wall,"Drama,Romance",71%,
What Happened Was...,what happened was...,"Comedy,Drama,Romance",92%,76%
When a Man Loves a Woman,when a man loves a woman,"Drama,Romance",69%,77%
White Fang 2: Myth of the White Wolf,white fang 2: myth of the white wolf,"Adventure,Family",71%,47%
Widows' Peak,widows' peak,"Comedy,Crime,Drama",94%,52%
With Honors,with honors,"Comedy,Drama",19%,74%
Wolf,wolf,"Drama,Horror,Romance",,
Ace Ventura: When Nature Calls,ace ventura: when nature calls,"Adventure,Comedy,Crime",21%,72%
Tom and Huck,tom and huck,"Adventure,Drama,Family",25%,42%
The Affair,the affair,"Drama,Romance",,
The Amazing Panda Adventure,the amazing panda adventure,"Adventure,Drama,Family",30%,41%
The American President,the american president,"Comedy,Drama,Romance",91%,77%
Angels and Insects,angels and insects,"Drama,Romance",68%,67%
Angus,angus,"Comedy,Drama",67%,69%
Apollo 13,apollo 13,"Adventure,Drama,History",96%,87%
The Thief and the Cobbler,the thief and the cobbler,"Action,Adventure,Animation",60%,73%
Assassins,assassins,"Action,Crime,Thriller",16%,45%
An Awfully Big Adventure,an awfully big adventure,"Comedy,Drama,Romance",40%,57%
Balto,balto,"Adventure,Animation,Drama",56%,70%
The Basketball Diaries,the basketball diaries,"Biography,Crime,Drama",47%,76%
Batman Forever,batman forever,"Action,Adventure",41%,32%
Before Sunrise,before sunrise,"Comedy,Drama,Romance",100%,93%
The Betrayed,the betrayed,Documentary,,33%
Beyond Rangoon,beyond rangoon,"Action,Adventure,Drama",35%,71%
The Big Green,the big green,"Comedy,Family,Sport",0%,46%
Billy Madison,billy madison,Comedy,40%,79%
Blue in the Face,blue in the face,Comedy,43%,76%
Boys on the Side,boys on the side,"Comedy,Drama",73%,68%
The Brady Bunch Movie,the brady bunch movie,Comedy,64%,47%
The Bridges of Madison County,the bridges of madison county,"Drama,Romance",90%,87%
The Brothers McMullen,the brothers mcmullen,"Comedy,Drama,Romance",88%,60%
Bushwhacked,bushwhacked,"Adventure,Comedy,Crime",18%,38%
Butterfly Kiss,butterfly kiss,"Comedy,Drama,Romance",79%,60%
Candyman: Farewell to the Flesh,candyman: farewell to the flesh,"Horror,Thriller",21%,30%
Carrington,carrington,"Biography,Drama,Romance",54%,74%
Casino,casino,"Crime,Drama",,
Casper,casper,"Comedy,Family,Fantasy",52%,50%
Cello,cello,,,
The Celluloid Closet,the celluloid closet,"Documentary,History",97%,89%
Circle of Friends,circle of friends,"Drama,Romance",78%,73%
Clockers,clockers,"Crime,Drama,Mystery",74%,74%
Clueless,clueless,"Comedy,Romance",81%,76%
Congo,congo,"Action,Adventure,Mystery",20%,29%
Copycat,copycat,"Drama,Mystery,Thriller",,
Crimson Tide,crimson tide,"Action,Drama,Thriller",89%,83%
The Crossing Guard,the crossing guard,"Drama,Thriller",75%,53%
The Cure,the cure,"Adventure,Drama",,79%
Cutthroat Island,cutthroat island,"Action,Adventure,Comedy",40%,40%
Dangerous Minds,dangerous minds,"Biography,Drama",34%,64%
Dead Man,dead man,"Adventure,Drama,Western",70%,88%
Dead Presidents,dead presidents,"Action,Crime,Drama",49%,78%
Denise Calls Up,denise calls up,Comedy,72%,56%
Desperado,desperado,"Action,Crime,Drama",70%,79%
Destiny Turns on the Radio,destiny turns on the radio,"Comedy,Crime,Fantasy",16%,21%
Devil in a Blue Dress,devil in a blue dress,"Crime,Drama,Mystery",92%,71%
Die Hard with a Vengeance,die hard with a vengeance,"Action,Adventure,Thriller",59%,83%
Don Juan DeMarco,don juan demarco,"Comedy,Drama,Romance",72%,68%
The Doom Generation,the doom generation,"Comedy,Crime,Drama",55%,62%
Dr. Jekyll and Ms. Hyde,dr. jekyll and ms. hyde,"Comedy,Romance,Sci-Fi",14%,21%
Dracula: Dead and Loving It,dracula: dead and loving it,"Comedy,Fantasy,Horror",11%,49%
Empire Records,empire records,"Comedy,Drama,Music",31%,83%
The Englishman Who Went Up a Hill But Came Down a Mountain,the englishman who went up a hill but came down a mountain,"Comedy,Drama,Romance",67%,54%
The Fantasticks,the fantasticks,"Musical,Romance",48%,49%
Far from Home: The Adventures of Yellow Dog,far from home: the adventures of yellow dog,"Adventure,Family",63%,54%
Father of the Bride Part II,father of the bride part ii,"Comedy,Family,Romance",52%,60%
Feast of July,feast of july,"Crime,Drama,Mystery",60%,50%
The Final Cut,the final cut,"Action,Drama,Thriller",37%,45%
First Knight,first knight,"Action,Adventure,Drama",44%,54%
Fluke,fluke,"Drama,Family,Fantasy",31%,68%
Forget Paris,forget paris,"Comedy,Romance",50%,56%
Four Rooms,four rooms,Comedy,13%,69%
Frankie Starlight,frankie starlight,"Drama,Romance,War",71%,69%
Free Willy 2: The Adventure Home,free willy 2: the adventure home,"Adventure,Drama,Family",50%,42%
French Exit,french exit,"Comedy,Romance",,
Friday,friday,"Comedy,Drama",76%,91%
Funny Bones,funny bones,"Comedy,Drama",63%,81%
Get Shorty,get shorty,"Comedy,Crime,Thriller",89%,70%
Gold Diggers: The Secret of Bear Mountain,gold diggers: the secret of bear mountain,"Adventure,Drama,Family",50%,53%
GoldenEye,goldeneye,"Action,Adventure,Thriller",80%,83%
A Goofy Movie,a goofy movie,"Adventure,Animation,Comedy",59%,71%
Gordy,gordy,"Comedy,Drama,Family",21%,25%
The Grass Harp,the grass harp,"Comedy,Drama",50%,93%
Grumpier Old Men,grumpier old men,"Comedy,Romance",21%,63%
Hackers,hackers,"Crime,Drama,Romance",33%,68%
Halloween: The Curse of Michael Myers,halloween: the curse of michael myers,"Horror,Thriller",8%,36%
Heavy,heavy,"Drama,Romance",87%,66%
Higher Learning,higher learning,"Crime,Drama,Thriller",46%,73%
Home for the Holidays,home for the holidays,"Comedy,Drama,Romance",,
How to Make an American Quilt,how to make an american quilt,"Comedy,Drama,Romance",63%,63%
In the Mouth of Madness,in the mouth of madness,"Drama,Fantasy,Horror",60%,73%
The Incredibly True Adventure of Two Girls in Love,the incredibly true adventure of two girls in love,"Comedy,Drama,Romance",79%,69%
The Indian in the Cupboard,the indian in the cupboard,"Drama,Family,Fantasy",70%,41%
It's My Party,it's my party,"Drama,Romance",50%,79%
Jack & Sarah,jack & sarah,"Comedy,Drama,Romance",74%,79%
Jade,jade,"Crime,Drama,Thriller",16%,43%
Jefferson in Paris,jefferson in paris,"Biography,Drama,History",31%,35%
Johnny Mnemonic,johnny mnemonic,"Action,Drama,Sci-Fi",20%,31%
The Journey of August King,the journey of august king,Drama,57%,70%
Judge Dredd,judge dredd,"Action,Crime,Sci-Fi",22%,30%
Jury Duty,jury duty,Comedy,0%,26%
Just Cause,just cause,"Action,Crime,Drama",26%,46%
Kids,kids,Drama,47%,77%
Killer: A Journal of Murder,killer: a journal of murder,"Biography,Crime,Drama",,47%
Last Summer in the Hamptons,last summer in the hamptons,"Comedy,Drama",64%,44%
Last of the Dogmen,last of the dogmen,"Adventure,Western",69%,80%
Leaving Las Vegas,leaving las vegas,"Drama,Romance",91%,85%
Life Itself,life itself,,98%,88%
Living in Oblivion,living in oblivion,"Comedy,Drama",86%,87%
Lord of Illusions,lord of illusions,"Horror,Mystery,Thriller",58%,53%
Losing Isaiah,losing isaiah,Drama,45%,73%
Love Letter,love letter,"Drama,Romance",,
Magic in the Water,magic in the water,"Adventure,Family,Fantasy",21%,58%
Mallrats,mallrats,"Comedy,Romance",58%,82%
Man of the House,man of the house,"Comedy,Family",9%,46%
Man of the Year,man of the year,"Comedy,Romance",21%,45%
The Mangler,the mangler,"Drama,Horror,Mystery",27%,18%
Miami Rhapsody,miami rhapsody,"Comedy,Romance",45%,26%
Mighty Aphrodite,mighty aphrodite,"Comedy,Fantasy,Romance",78%,73%
Mighty Morphin Power Rangers,mighty morphin power rangers: the movie,"Action,Adventure,Family",32%,57%
Money Train,money train,"Action,Comedy,Crime",22%,29%
Moonlight and Valentino,moonlight and valentino,"Comedy,Drama,Romance",13%,51%
Mortal Kombat,mortal kombat,"Action,Adventure,Fantasy",47%,57%
Mr. Holland's Opus,mr. holland's opus,"Drama,Music",75%,84%
Mr. Payback: An Interactive Movie,mr. payback: an interactive movie,"Adventure,Comedy,Sci-Fi",,
Murder in the First,murder in the first,"Drama,Thriller",54%,79%
Napoleon,napoleon,"Adventure,Family",,
Never Talk to Strangers,never talk to strangers,"Crime,Drama,Mystery",15%,49%
New Jersey Drive,new jersey drive,"Crime,Drama",64%,84%
Nick of Time,nick of time,"Action,Crime,Drama",30%,47%
Nine Months,nine months,"Comedy,Romance",27%,37%
Nixon,nixon,"Biography,Drama,History",75%,74%
Now and Then,now and then,"Comedy,Drama,Romance",33%,82%
Once Upon a Time... When We Were Colored,once upon a time... when we were colored,"Drama,Romance",71%,85%
Operation Dumbo Drop,operation dumbo drop,"Action,Adventure,Comedy",25%,29%
Outbreak,outbreak,"Action,Drama,Thriller",59%,56%
Panther,panther,Drama,25%,75%
The Pebble and the Penguin,the pebble and the penguin,"Adventure,Animation,Comedy",31%,45%
The Perez Family,the perez family,"Comedy,Drama,Romance",60%,58%
Pie in the Sky,pie in the sky,"Comedy,Romance",,42%
Pocahontas,pocahontas,"Adventure,Animation,Drama",,
The Prophecy,the prophecy,"Action,Crime,Drama",46%,64%
Restoration,restoration,"Biography,Drama,History",,
The Run of the Country,the run of the country,"Drama,Romance",50%,78%
Safe,safe,Drama,87%,75%
Sense and Sensibility,sense and sensibility,"Drama,Romance",,
Showgirls,showgirls,Drama,23%,38%
Sleepover,sleepover,Drama,15%,54%
Something to Talk About,something to talk about,"Comedy,Drama,Romance",33%,52%
Species,species,"Action,Horror,Sci-Fi",42%,31%
The Stars Fell on Henrietta,the stars fell on henrietta,Drama,50%,42%
Stonewall,stonewall,"Comedy,Drama,Romance",67%,68%
Strange Days,strange days,"Crime,Drama,Sci-Fi",68%,73%
Stuart Saves His Family,stuart saves his family,"Comedy,Drama",30%,53%
Sweet Nothing,sweet nothing,Drama,36%,44%
Swimming with Sharks,swimming with sharks,"Comedy,Crime",76%,79%
Tales from the Hood,tales from the hood,"Crime,Drama,Horror",58%,69%
Tank Girl,tank girl,"Action,Comedy,Sci-Fi",45%,62%
Theodore Rex,theodore rex,"Action,Comedy,Family",0%,19%
Things to Do in Denver When You're Dead,things to do in denver when you're dead,"Crime,Drama,Thriller",37%,72%
Three Wishes,three wishes,"Drama,Family,Fantasy",13%,52%
Land and Freedom,land and freedom,"Drama,War",79%,94%
Tommy Boy,tommy boy,"Adventure,Comedy",40%,90%
Top Dog,top dog,"Action,Comedy,Crime",,
Total Eclipse,total eclipse,"Biography,Drama,Romance",22%,60%
Toy Story,toy story,"Adventure,Animation,Comedy",100%,92%
Under Siege 2: Dark Territory,under siege 2: dark territory,"Action,Adventure,Thriller",34%,38%
Unstrung Heroes,unstrung heroes,"Comedy,Drama",75%,61%
Unzipped,unzipped,Documentary,78%,78%
The Usual Suspects,the usual suspects,"Crime,Drama,Mystery",87%,96%
Vampire in Brooklyn,vampire in brooklyn,"Comedy,Fantasy,Horror",11%,31%
Virtuosity,virtuosity,"Action,Crime,Sci-Fi",32%,32%
Waiting to Exhale,waiting to exhale,"Comedy,Drama,Romance",56%,79%
Waterworld,waterworld,"Action,Adventure,Sci-Fi",47%,43%
Welcome to the Dollhouse,welcome to the dollhouse,"Comedy,Drama",93%,86%
While You Were Sleeping,while you were sleeping,"Comedy,Drama,Romance",81%,79%
The Wife,the wife,"Comedy,Drama",,
The Wife,the wife,"Comedy,Drama",,93%
Wigstock: The Movie,wigstock: the movie,Documentary,80%,71%
Wild Bill,wild bill,"Action,Biography,Drama",46%,27%
The Young Poisoner's Handbook,the young poisoner's handbook,"Comedy,Crime,Drama",87%,84%
2 Days in the Valley,2 days in the valley,"Comedy,Crime,Thriller",60%,54%
Adrenalin: Fear the Rush,adrenalin: fear the rush,"Action,Sci-Fi,Thriller",0%,28%
Albino Alligator,albino alligator,"Crime,Drama,Thriller",50%,42%
All Dogs Go to Heaven 2,all dogs go to heaven 2,"Adventure,Animation,Family",20%,39%
American Buffalo,american buffalo,Drama,74%,46%
The Associate,the associate,Comedy,,
Bad Moon,bad moon,"Horror,Thriller",30%,46%
Basquiat,basquiat,"Biography,Drama",67%,77%
Bastard Out of Carolina,bastard out of carolina,Drama,100%,84%
Beautiful Girls,beautiful girls,"Comedy,Drama,Romance",78%,80%
Beavis and Butt-Head Do America,beavis and butt-head do america,"Adventure,Animation,Comedy",71%,70%
Before and After,before and after,"Crime,Drama,Mystery",,
Big Bully,big bully,"Comedy,Thriller",0%,20%
Big Night,big night,"Drama,Romance",97%,84%
Bio-Dome,bio-dome,Comedy,4%,51%
The Birdcage,the birdcage,Comedy,84%,81%
Blood and Wine,blood and wine,"Crime,Drama,Thriller",63%,36%
Bogus,bogus,"Comedy,Family,Fantasy",41%,45%
Bottle Rocket,bottle rocket,"Comedy,Crime,Drama",86%,79%
Bound,bound,"Crime,Thriller",87%,83%
Box of Moonlight,box of moonlight,"Comedy,Drama",61%,81%
Breaking the Waves,breaking the waves,Drama,84%,91%
Broken English,broken english,"Drama,Romance",64%,62%
The Cable Guy,the cable guy,"Comedy,Drama,Thriller",55%,51%
Carpool,carpool,Comedy,,
Carried Away,carried away,"Drama,Romance",,40%
Celtic Pride,celtic pride,"Comedy,Sport",12%,32%
Chain Reaction,chain reaction,"Action,Drama,Sci-Fi",,
The Chamber,the chamber,"Crime,Drama,Thriller",12%,39%
Children of the Revolution,children of the revolution,"Comedy,Drama,Romance",79%,72%
Citizen Ruth,citizen ruth,"Comedy,Drama",81%,74%
City Hall,city hall,"Crime,Drama,Mystery",58%,37%
Commandments,commandments,"Comedy,Drama,Romance",24%,37%
Courage Under Fire,courage under fire,"Action,Drama,Mystery",86%,66%
The Craft,the craft,"Drama,Fantasy,Horror",57%,65%
D3: The Mighty Ducks,d3: the mighty ducks,"Action,Comedy,Drama",20%,45%
Daylight,daylight,"Action,Adventure,Drama",26%,37%
The Daytrippers,the daytrippers,"Comedy,Drama",74%,74%
Dear God,dear god,Comedy,12%,28%
Diabolique,diabolique,"Drama,Horror,Mystery",23%,40%
Don't Be a Menace to South Central While Drinking Your Juice in the Hood,don't be a menace to south central while drinking your juice in the hood,"Comedy,Crime",32%,80%
Down Periscope,down periscope,Comedy,11%,62%
DragonHeart,dragonheart,"Action,Adventure,Fantasy",50%,60%
Dream for an Insomniac,dream for an insomniac,"Comedy,Drama,Romance",50%,75%
Dunston Checks In,dunston checks in,"Adventure,Comedy,Family",17%,41%
Ed,ed,"Comedy,Family,Sport",6%,22%
Ed's Next Move,ed's next move,"Comedy,Romance",80%,25%
Eddie,eddie,"Comedy,Sport",16%,36%
The English Patient,the english patient,"Drama,Romance,War",86%,83%
Entertaining Angels: The Dorothy Day Story,entertaining angels: the dorothy day story,"Biography,Drama,Romance",50%,69%
Eraser,eraser,"Action,Crime,Thriller",43%,40%
The Evening Star,the evening star,"Comedy,Drama,Romance",20%,61%
Everyone Says I Love You,everyone says i love you,"Comedy,Musical,Romance",77%,68%
Evita,evita,"Biography,Drama,History",64%,68%
Executive Decision,executive decision,"Action,Adventure,Thriller",62%,53%
Extreme Measures,extreme measures,"Crime,Drama,Mystery",56%,41%
Eye for an Eye,eye for an eye,"Crime,Drama,Thriller",,
A Family Thing,a family thing,"Comedy,Drama",,
Feeling Minnesota,feeling minnesota,"Comedy,Crime,Drama",14%,27%
Female Perversions,female perversions,"Drama,Fantasy,Thriller",71%,45%
First Kid,first kid,"Comedy,Family",20%,32%
The First Wives Club,the first wives club,Comedy,50%,68%
Fled,fled,"Action,Adventure,Comedy",18%,23%
Flirting with Disaster,flirting with disaster,Comedy,88%,69%
Fly Away Home,fly away home,"Adventure,Drama,Family",88%,70%
The Frighteners,the frighteners,"Comedy,Drama,Fantasy",67%,71%
From Dusk Till Dawn,from dusk till dawn,"Action,Crime,Horror",63%,76%
The Funeral,the funeral,"Crime,Drama",80%,68%
Get Over It,get over it,"Comedy,Drama",43%,51%
Get on the Bus,get on the bus,"Adventure,Drama,History",89%,71%
Getting Away with Murder,getting away with murder,Comedy,0%,20%
The Ghost and the Darkness,the ghost and the darkness,"Adventure,Drama,Thriller",50%,75%
Ghosts of Mississippi,ghosts of mississippi,"Drama,History",43%,62%
Girl 6,girl 6,"Comedy,Drama",39%,36%
The Glimmer Man,the glimmer man,"Action,Comedy,Crime",11%,38%
Good Luck,good luck,"Comedy,Drama",,63%
Grace of My Heart,grace of my heart,"Comedy,Drama,Music",79%,79%
The Great White Hype,the great white hype,"Comedy,Sport",42%,35%
Happy Gilmore,happy gilmore,"Comedy,Sport",62%,85%
Head Above Water,head above water,"Comedy,Thriller",40%,44%
Heaven's Prisoners,heaven's prisoners,"Drama,Mystery,Thriller",16%,31%
Hellraiser: Bloodline,hellraiser: bloodline,"Horror,Sci-Fi",25%,36%
High School High,high school high,"Comedy,Crime,Romance",19%,37%
House Arrest,house arrest,"Comedy,Family",,
Hype!,hype!,"Documentary,History,Music",93%,87%
I Shot Andy Warhol,i shot andy warhol,"Biography,Drama",77%,70%
I'm Not Rappaport,i'm not rappaport,"Comedy,Drama",38%,60%
If Lucy Fell,if lucy fell,"Comedy,Romance",18%,52%
Infinity,infinity,"Biography,Drama",,
James and the Giant Peach,james and the giant peach,"Adventure,Animation,Family",91%,66%
Jerry Maguire,jerry maguire,"Comedy,Drama,Romance",84%,79%
Jingle All the Way,jingle all the way,"Adventure,Comedy,Family",20%,41%
Joe's Apartment,joe's apartment,"Comedy,Fantasy,Musical",21%,42%
Johns,johns,"Drama,Romance",54%,57%
Jude,jude,"Drama,Romance",81%,73%
The Juror,the juror,"Crime,Drama,Thriller",22%,31%
Kansas City,kansas city,"Crime,Drama,Music",60%,43%
Kazaam,kazaam,"Comedy,Family,Fantasy",5%,20%
Keys to Tulsa,keys to tulsa,"Crime,Drama,Thriller",10%,23%
Kids in the Hall: Brain Candy,kids in the hall: brain candy,Comedy,44%,77%
Killers,killers,"Action,Horror,Thriller",,
Kingpin,kingpin,"Comedy,Sport",,67%
Larger Than Life,larger than life,"Comedy,Family",11%,30%
A Leap of Faith,a leap of faith,Documentary,,
Life,life,Drama,52%,77%
The Long Kiss Goodnight,the long kiss goodnight,"Action,Crime,Drama",68%,70%
Looking for Richard,looking for richard,"Documentary,Drama",83%,79%
Lost Highway,lost highway,"Drama,Mystery,Thriller",69%,87%
Mad Dog Time,mad dog time,"Comedy,Crime,Drama",17%,48%
Mandela,mandela,"Biography,Documentary,History",,82%
Manny & Lo,manny & lo,"Comedy,Drama",61%,63%
Mars Attacks!,mars attacks!,"Comedy,Sci-Fi",56%,53%
Marvin's Room,marvin's room,Drama,84%,63%
Mary Reilly,mary reilly,"Drama,Horror,Romance",26%,40%
Maximum Risk,maximum risk,"Action,Crime,Thriller",34%,35%
Mercy,mercy,"Crime,Drama,Thriller",,17%
Michael Collins,michael collins,"Biography,Drama,History",78%,84%
The Mirror Has Two Faces,the mirror has two faces,"Comedy,Drama,Romance",,
The Mirror Has Two Faces,the mirror has two faces,"Comedy,Drama,Romance",54%,71%
"Mirror, Mirror","mirror, mirror","Biography,Documentary",80%,31%
Mission: Impossible,mission: impossible,"Action,Adventure,Thriller",65%,71%
Mother Night,mother night,"Drama,Romance,War",64%,75%
Mrs. Winterbourne,mrs. winterbourne,"Comedy,Drama,Romance",15%,63%
Death in Granada,the disappearance of garcia lorca,"Biography,Drama,Mystery",29%,57%
Mulholland Falls,mulholland falls,"Crime,Drama,Mystery",31%,39%
Multiplicity,multiplicity,"Comedy,Romance,Sci-Fi",45%,49%
Muppet Treasure Island,muppet treasure island,"Action,Adventure,Comedy",71%,77%
My Fellow Americans,my fellow americans,"Adventure,Comedy",47%,64%
Mystery Science Theater 3000: The Movie,mystery science theater 3000: the movie,"Comedy,Drama,Fantasy",80%,88%
One Fine Day,one fine day,"Comedy,Drama,Romance",,
The Open Road,the open road,,,
The Open Road,the open road,,29%,25%
Original Gangstas,original gangstas,"Action,Crime,Drama",53%,48%
Outsider,outsider,Drama,,
The Pallbearer,the pallbearer,"Comedy,Romance",48%,18%
Palookaville,palookaville,"Comedy,Crime",64%,63%
The People vs. Larry Flynt,the people vs. larry flynt,"Biography,Drama",88%,80%
Pepper's Pow Wow,pepper's pow wow,Documentary,100%,85%
Phat Beach,phat beach,Comedy,,45%
Phenomenon,phenomenon,"Drama,Fantasy,Romance",49%,59%
The Pompatus of Love,the pompatus of love,"Comedy,Drama,Romance",17%,23%
Ponette,ponette,Drama,92%,91%
The Preacher's Wife,the preacher's wife,"Comedy,Drama,Fantasy",62%,43%
The Prince,the prince,Drama,,
The Proprietor,the proprietor,Drama,,
Pusher,pusher,"Crime,Thriller",83%,85%
Race the Sun,race the sun,"Adventure,Comedy,Drama",22%,41%
The Rich Man's Wife,the rich man's wife,"Drama,Thriller",13%,39%
Ridicule,ridicule,"Comedy,Drama,History",80%,84%
Ringer,ringer,"Drama,Thriller",,
The Rock,the rock,"Action,Adventure,Thriller",,
Screwed,screwed,Documentary,,
Secrets & Lies,secrets & lies,"Comedy,Drama",96%,91%
Set It Off,set it off,"Action,Crime,Drama",70%,89%
Sgt. Bilko,sgt. bilko,Comedy,30%,47%
She's the One,she's the one,"Comedy,Drama,Romance",62%,41%
Shine,shine,"Biography,Drama,Music",91%,90%
Sling Blade,sling blade,Drama,97%,92%
Some Mother's Son,some mother's son,"Drama,History",71%,86%
Space Jam,space jam,"Adventure,Animation,Comedy",43%,63%
The Spitfire Grill,the spitfire grill,Drama,38%,76%
Spy Hard,spy hard,"Action,Comedy",7%,31%
Star Trek: First Contact,star trek: first contact,"Action,Adventure,Drama",93%,89%
Stealing Beauty,stealing beauty,"Drama,Mystery,Romance",50%,75%
The Stupids,the stupids,"Adventure,Comedy",21%,37%
The Substitute,the substitute,"Action,Crime,Drama",,
The Substitute,the substitute,"Action,Crime,Drama",,47%
Sunset Park,sunset park,"Drama,Sport",13%,83%
Surviving Picasso,surviving picasso,"Biography,Drama,Romance",35%,60%
Swingers,swingers,"Comedy,Drama",88%,89%
Tangled,tangled,Drama,89%,87%
That Thing You Do!,that thing you do!,"Comedy,Drama,Music",93%,78%
"This World, Then the Fireworks","this world, then the fireworks","Crime,Drama",38%,43%
A Time to Kill,a time to kill,"Crime,Drama,Thriller",,
Tin Cup,tin cup,"Comedy,Drama,Romance",72%,65%
To Gillian on Her 37th Birthday,to gillian on her 37th birthday,"Drama,Fantasy,Romance",14%,41%
Trainspotting,trainspotting,Drama,90%,93%
Trees Lounge,trees lounge,"Comedy,Drama",81%,78%
The Trigger Effect,the trigger effect,"Drama,Thriller",73%,43%
The Truth About Cats & Dogs,the truth about cats & dogs,"Comedy,Romance",85%,57%
Two Much,two much,"Comedy,Romance",14%,35%
Two If by Sea,two if by sea,"Comedy,Crime,Romance",13%,23%
Unforgettable,unforgettable,"Drama,Mystery,Sci-Fi",24%,49%
Unhook the Stars,unhook the stars,"Drama,Romance",81%,47%
Up Close & Personal,up close & personal,"Drama,Romance",32%,66%
Waiting for Guffman,waiting for guffman,Comedy,91%,91%
Walking and Talking,walking and talking,"Comedy,Drama,Romance",88%,70%
Wedding Bell Blues,wedding bell blues,"Comedy,Romance",40%,47%
When We Were Kings,when we were kings,"Documentary,Sport",98%,94%
White Squall,white squall,"Adventure,Drama",57%,65%
The Whole Wide World,the whole wide world,"Biography,Drama,Romance",76%,73%
Dead Man on Campus,dead man on campus,Comedy,15%,55%
'Til There Was You,'til there was you,"Comedy,Romance",5%,35%
One Eight Seven,one eight seven,"Drama,Thriller",30%,67%
3 Ninjas: High Noon at Mega Mountain,3 ninjas: high noon at mega mountain,"Action,Adventure,Comedy",0%,29%
4 Little Girls,4 little girls,"Documentary,History",100%,89%
8 Heads in a Duffel Bag,8 heads in a duffel bag,"Adventure,Comedy,Crime",10%,35%
Absolute Power,absolute power,"Action,Crime,Drama",56%,52%
Addicted to Love,addicted to love,"Comedy,Romance",55%,50%
Affliction,affliction,"Drama,Mystery,Thriller",88%,72%
Afterglow,afterglow,"Comedy,Drama,Romance",77%,63%
Air Bud,air bud,"Comedy,Drama,Family",48%,38%
Air Force One,air force one,"Action,Crime,Drama",79%,66%
Alien Resurrection,alien resurrection,"Action,Horror,Sci-Fi",55%,39%
Glitter,glitter,"Drama,Music,Romance",6%,48%
An American Affair,an american affair,Drama,,
Amistad,amistad,"Biography,Drama,History",78%,79%
Anaconda,anaconda,"Action,Adventure,Horror",41%,24%
The Apostle,the apostle,Drama,88%,79%
Apt Pupil,apt pupil,"Crime,Drama,Thriller",54%,56%
The Assignment,the assignment,"Action,Crime,Thriller",,
The Assistant,the assistant,"Crime,Drama,Romance",,
Austin Powers: International Man of Mystery,austin powers: international man of mystery,"Adventure,Comedy",73%,77%
Babel,babel,"Adventure,Family,Fantasy",69%,77%
Baby Geniuses,baby geniuses,"Comedy,Crime,Family",2%,25%
Bandits,bandits,"Drama,Music",64%,58%
Bean,bean,"Adventure,Comedy,Family",43%,53%
The Beautician and the Beast,the beautician and the beast,"Comedy,Romance",22%,46%
Bent,bent,"Drama,History,Romance",,43%
Best Men,best men,"Action,Comedy,Crime",13%,40%
Beverly Hills Ninja,beverly hills ninja,"Action,Comedy",13%,53%
The Big Empty,the big empty,"Comedy,Drama,Mystery",,
The Big Lebowski,the big lebowski,"Comedy,Crime",80%,93%
Blues Brothers 2000,blues brothers 2000,"Action,Comedy,Crime",46%,37%
Boogie Nights,boogie nights,Drama,94%,89%
Booty Call,booty call,"Comedy,Romance",31%,59%
Border,border,"Action,Drama,History",,
The Borrowers,the borrowers,"Adventure,Comedy,Family",,29%
The Borrowers,the borrowers,"Adventure,Comedy,Family",,53%
The Boxer,the boxer,"Drama,Romance,Sport",81%,74%
The Boxer,the boxer,"Drama,Romance,Sport",,14%
Glória,glória,Drama,,
A Brother's Kiss,a brother's kiss,Drama,100%,68%
Buddy,buddy,"Adventure,Comedy,Drama",,80%
Bulworth,bulworth,"Comedy,Drama,Romance",76%,68%
Career Girls,career girls,"Comedy,Drama",88%,78%
Cats Don't Dance,cats don't dance,"Animation,Comedy,Family",71%,80%
Chairman of the Board,chairman of the board,Comedy,11%,20%
Chasing Amy,chasing amy,"Comedy,Drama,Romance",87%,83%
Chinese Box,chinese box,"Drama,Romance",64%,54%
City of Industry,city of industry,"Crime,Drama,Thriller",43%,39%
Clay Pigeons,clay pigeons,"Comedy,Crime",61%,68%
Clockwatchers,clockwatchers,"Comedy,Drama",86%,61%
Con Air,con air,"Action,Crime,Thriller",58%,75%
Conspiracy Theory,conspiracy theory,"Action,Drama,Mystery",57%,64%
Contact,contact,"Drama,Mystery,Sci-Fi",,
Cop Land,cop land,"Crime,Drama,Thriller",75%,67%
Dangerous Beauty,dangerous beauty,"Biography,Drama,Romance",70%,85%
Cousin Bette,cousin bette,"Comedy,Drama,Romance",,
Gang Related,gang related,"Action,Crime,Drama",50%,65%
Critical Care,critical care,"Comedy,Drama",59%,30%
The Dancer Upstairs,the dancer upstairs,"Crime,Drama,Thriller",64%,76%
Dante's Peak,dante's peak,"Action,Adventure,Thriller",28%,38%
Deconstructing Harry,deconstructing harry,Comedy,73%,82%
Deep Rising,deep rising,"Action,Adventure,Horror",36%,43%
The Devil's Advocate,the devil's advocate,"Drama,Fantasy,Mystery",63%,80%
The Devil's Own,the devil's own,"Action,Crime,Drama",37%,41%
Donnie Brasco,donnie brasco,"Biography,Crime,Drama",88%,89%
Double Take,double take,Thriller,,
Double Team,double team,"Action,Comedy,Sci-Fi",11%,25%
Dream with the Fishes,dream with the fishes,"Comedy,Drama",61%,85%
The Education of Little Tree,the education of little tree,Drama,59%,75%
Almost Heroes,almost heroes,"Adventure,Comedy,Western",5%,64%
Eight Days a Week,eight days a week,"Comedy,Romance",20%,68%
The End of Violence,the end of violence,"Drama,Thriller",29%,43%
Eve's Bayou,eve's bayou,Drama,83%,89%
Event Horizon,event horizon,"Horror,Sci-Fi,Thriller",35%,61%
The Ex,the ex,Thriller,19%,32%
Face/Off,face/off,"Action,Crime,Sci-Fi",93%,82%
Fall,fall,"Drama,Romance",79%,79%
Fallen,fallen,"Action,Crime,Drama",,98%
"Fast, Cheap & Out of Control","fast, cheap & out of control",Documentary,91%,84%
Fathers' Day,fathers' day,"Comedy,Romance",25%,26%
Fierce Creatures,fierce creatures,Comedy,53%,58%
The Fifth Element,the fifth element,"Action,Adventure,Sci-Fi",71%,86%
Flubber,flubber,"Comedy,Family,Sci-Fi",23%,33%
For Richer or Poorer,for richer or poorer,"Comedy,Romance",13%,46%
Free Willy 3: The Rescue,free willy 3: the rescue,"Adventure,Drama,Family",44%,44%
The Full Monty,the full monty,"Comedy,Drama",96%,79%
Full Tilt Boogie,full tilt boogie,Documentary,87%,64%
Gattaca,gattaca,"Drama,Sci-Fi,Thriller",82%,87%
The Gingerbread Man,the gingerbread man,"Crime,Mystery,Thriller",60%,26%
Going All the Way,going all the way,"Comedy,Drama,Romance",65%,25%
Switchback,switchback,"Crime,Mystery,Thriller",31%,46%
Gone Fishin',gone fishin',"Comedy,Crime",4%,37%
Good Burger,good burger,"Comedy,Family",33%,63%
Good Will Hunting,good will hunting,"Drama,Romance",97%,94%
Goodbye Lover,goodbye lover,"Comedy,Crime,Mystery",29%,38%
Gridlock'd,gridlock'd,"Comedy,Crime,Drama",88%,79%
Snow White: A Tale of Terror,snow white: a tale of terror,"Adventure,Fantasy,Horror",55%,56%
Grind,grind,"Drama,Romance",,72%
Grosse Pointe Blank,grosse pointe blank,"Action,Comedy,Crime",82%,86%
Heavy Metal 2000,heavy metal 2000,"Action,Adventure,Animation",8%,36%
Chicago Cab,chicago cab,"Comedy,Drama",56%,66%
Home Alone 3,home alone 3,"Action,Comedy,Crime",32%,27%
Home Fries,home fries,"Comedy,Drama,Romance",31%,34%
Homegrown,homegrown,"Comedy,Crime,Drama",44%,50%
Hoodlum,hoodlum,"Crime,Drama",,20%
Hope Floats,hope floats,"Drama,Romance",27%,72%
The Horse Whisperer,the horse whisperer,"Drama,Romance,Western",73%,72%
The House of Yes,the house of yes,"Comedy,Drama,Thriller",62%,76%
Hurlyburly,hurlyburly,"Comedy,Drama",58%,65%
I Know What You Did Last Summer,i know what you did last summer,"Horror,Mystery",46%,41%
The Ice Storm,the ice storm,Drama,86%,82%
In & Out,in & out,"Comedy,Romance",73%,52%
In the Company of Men,in the company of men,"Comedy,Drama",89%,80%
The Informant,the informant,"Drama,Thriller",,43%
Inventing the Abbotts,inventing the abbotts,"Drama,Romance",36%,51%
The Jackal,the jackal,"Action,Crime,Drama",24%,51%
Jackie Brown,jackie brown,"Crime,Drama,Thriller",88%,85%
Julian Po,julian po,"Comedy,Drama",,67%
Jungle 2 Jungle,jungle 2 jungle,"Comedy,Family",19%,33%
"Kiss Me, Guido","kiss me, guido",Comedy,38%,40%
Kiss the Girls,kiss the girls,"Crime,Drama,Mystery",34%,62%
Kull the Conqueror,kull the conqueror,"Action,Adventure,Fantasy",25%,24%
Kundun,kundun,"Biography,Drama,History",74%,78%
L.A. Confidential,l.a. confidential,"Crime,Drama,Mystery",99%,94%
The Land Girls,the land girls,"Drama,Romance,War",61%,52%
The Last Time I Committed Suicide,the last time i committed suicide,"Biography,Drama,Romance",,43%
Leave It to Beaver,leave it to beaver,"Comedy,Family",21%,32%
Liar Liar,liar liar,"Comedy,Fantasy",83%,75%
Lift,lift,Sci-Fi,,
The Locusts,the locusts,Drama,20%,46%
The Lost World: Jurassic Park,the lost world: jurassic park,"Action,Adventure,Sci-Fi",53%,51%
Love Jones,love jones,"Comedy,Drama,Romance",76%,97%
Love! Valour! Compassion!,love! valour! compassion!,"Comedy,Drama,Romance",71%,77%
Mad City,mad city,"Crime,Drama,Thriller",33%,42%
Twilight,twilight,"Crime,Drama,Mystery",49%,72%
Masterminds,masterminds,"Action,Comedy,Thriller",19%,49%
Meet Joe Black,meet joe black,"Drama,Fantasy,Romance",46%,81%
Meet Wally Sparks,meet wally sparks,Comedy,13%,31%
Men in Black,men in black,"Action,Adventure,Comedy",91%,80%
Metro,metro,"Action,Comedy,Crime",,
Midnight in the Garden of Good and Evil,midnight in the garden of good and evil,"Crime,Drama,Mystery",50%,65%
Mimic,mimic,"Horror,Sci-Fi",65%,37%
Most Wanted,most wanted,"Action,Thriller",,
Mr. Magoo,mr. magoo,"Adventure,Comedy,Family",9%,24%
Murder at 1600,murder at 1600,"Action,Crime,Drama",32%,43%
Music from Another Room,music from another room,"Comedy,Drama,Romance",43%,67%
My Best Friend's Wedding,my best friend's wedding,"Comedy,Drama,Romance",74%,73%
My Son the Fanatic,my son the fanatic,"Comedy,Drama,Romance",79%,75%
The Myth of Fingerprints,the myth of fingerprints,"Comedy,Drama,Romance",60%,56%
Next Stop Wonderland,next stop wonderland,"Comedy,Drama,Romance",73%,74%
Night Falls on Manhattan,night falls on manhattan,"Crime,Drama,Mystery",71%,64%
Nil by Mouth,nil by mouth,Drama,77%,87%
Monument Ave.,snitch,"Crime,Drama,Thriller",90%,67%
Nowhere,nowhere,"Comedy,Drama,Sci-Fi",47%,76%
As Good as It Gets,as good as it gets,"Comedy,Drama,Romance",86%,86%
Oscar and Lucinda,oscar and lucinda,"Drama,Romance",67%,65%
Out to Sea,out to sea,"Comedy,Romance",36%,52%
Paradise Road,paradise road,"Drama,History,War",43%,78%
Phantoms,phantoms,"Horror,Sci-Fi,Thriller",10%,28%
Plan B,plan b,"Comedy,Romance",,
The Players Club,the players club,"Comedy,Drama",35%,85%
Playing God,playing god,"Crime,Drama,Thriller",16%,33%
Polish Wedding,polish wedding,"Comedy,Drama,Romance",42%,52%
The Postman,the postman,"Action,Adventure,Drama",14%,51%
Without Limits,without limits,"Biography,Drama,Sport",79%,91%
Prefontaine,prefontaine,"Biography,Drama,Romance",56%,78%
Primary Colors,primary colors,"Comedy,Drama",80%,64%
Prometheus,prometheus,"Drama,Family,Fantasy",,
The Proposition,the proposition,"Adventure,Drama,Romance",85%,85%
The Real Blonde,the real blonde,"Comedy,Drama,Romance",34%,37%
Caught Up,caught up,"Crime,Drama,Thriller",0%,54%
Red Corner,red corner,"Crime,Drama,Thriller",27%,48%
The Relic,the relic,"Horror,Mystery,Sci-Fi",37%,34%
Remember Me?,remember me?,Comedy,,
The Replacement Killers,the replacement killers,"Action,Crime,Thriller",37%,47%
RocketMan,rocketman,"Comedy,Family,Sci-Fi",,
Romy and Michele's High School Reunion,romy and michele's high school reunion,Comedy,75%,65%
Rosewood,rosewood,"Action,Drama,History",87%,83%
Safe House,safe house,"Drama,Thriller",,
The Saint,the saint,"Action,Adventure,Romance",,
The Saint,the saint,"Action,Adventure,Romance",30%,63%
Scream 2,scream 2,"Horror,Mystery",82%,58%
Selena,selena,"Biography,Drama,Music",66%,78%
Shadow Conspiracy,shadow conspiracy,"Action,Thriller",7%,18%
She's So Lovely,she's so lovely,"Drama,Romance",66%,62%
Shiloh,shiloh,"Drama,Family",73%,63%
Sliding Doors,sliding doors,"Comedy,Drama,Fantasy",65%,77%
A Smile Like Yours,a smile like yours,"Comedy,Romance",6%,19%
Smilla's Sense of Snow,smilla's sense of snow,"Crime,Drama,Mystery",53%,57%
Soldier,soldier,"Action,Drama,Sci-Fi",,
The Sorcerer's Apprentice,the sorcerer's apprentice,"Adventure,Family,Fantasy",40%,53%
Soul Food,soul food,"Comedy,Drama",82%,86%
Soul Survivors,soul survivors,,4%,26%
The Spanish Prisoner,the spanish prisoner,"Drama,Mystery,Thriller",89%,81%
Spawn,spawn,"Action,Crime,Drama",17%,36%
Speed 2: Cruise Control,speed 2: cruise control,"Action,Adventure,Crime",4%,16%
Sphere,sphere,"Mystery,Sci-Fi,Thriller",13%,38%
Spice World,spice world,"Comedy,Family,Music",35%,45%
Three Kings,three kings,"Action,Adventure,Comedy",94%,77%
Sprung,sprung,"Comedy,Romance",20%,73%
Star Maps,star maps,"Comedy,Drama",39%,45%
Starship Troopers,starship troopers,"Action,Adventure,Sci-Fi",72%,70%
State and Main,state and main,"Comedy,Drama",85%,70%
Suicide Kings,suicide kings,"Comedy,Crime,Drama",35%,74%
The Sweet Hereafter,the sweet hereafter,Drama,98%,86%
Swept from the Sea,swept from the sea,"Drama,Mystery,Romance",28%,76%
The Tango Lesson,the tango lesson,"Drama,Music,Romance",53%,78%
Telling Lies in America,telling lies in america,"Drama,Music",61%,45%
That Darn Cat,that darn cat,"Action,Comedy,Crime",13%,23%
That Old Feeling,that old feeling,"Comedy,Romance",43%,59%
Smoke Signals,smoke signals,"Comedy,Drama",90%,82%
Tomorrow Never Dies,tomorrow never dies,"Action,Adventure,Thriller",57%,53%
Touch,touch,"Comedy,Drama,Romance",,
Toy Story 2,toy story 2,"Adventure,Animation,Comedy",100%,87%
The Truman Show,the truman show,"Comedy,Drama",94%,89%
"Truth or Consequences, N.M.","truth or consequences, n.m.","Action,Crime,Drama",38%,46%
Turbo: A Power Rangers Movie,turbo: a power rangers movie,"Action,Adventure,Family",16%,40%
Twin Town,twin town,"Comedy,Drama",46%,89%
Ulee's Gold,ulee's gold,Drama,94%,75%
Vegas Vacation,vegas vacation,Comedy,15%,51%
Star Kid,star kid,"Adventure,Family,Sci-Fi",43%,36%
Warriors of Virtue,warriors of virtue,"Action,Adventure,Fantasy",18%,47%
Washington Square,washington square,"Drama,Romance",81%,69%
The Man Who Knew Too Little,the man who knew too little,"Comedy,Crime,Drama",37%,69%
The Waterboy,the waterboy,"Comedy,Sport",33%,71%
Welcome to Sarajevo,welcome to sarajevo,"Drama,War",78%,74%
Western,western,"Comedy,Romance",80%,83%
Wide Awake,wide awake,"Comedy,Drama,Family",80%,50%
Wild America,wild america,"Action,Adventure,Comedy",29%,59%
Wild Life,wild life,"Comedy,Thriller",,50%
The Wings of the Dove,the wings of the dove,"Drama,Romance",,
The Wings of the Dove,the wings of the dove,"Drama,Romance",85%,78%
Wishmaster,wishmaster,"Fantasy,Horror",25%,39%
Wonderland,wonderland,Documentary,34%,65%
Woo,woo,"Comedy,Romance",10%,62%
Zeus and Roxanne,zeus and roxanne,"Adventure,Comedy,Family",40%,42%
Dance with Me,dance with me,"Drama,Music,Romance",51%,67%
54,54,"Drama,Music",15%,36%
American History X,american history x,"Crime,Drama",84%,96%
Antz,antz,"Adventure,Animation,Comedy",92%,52%
Babe: Pig in the City,babe: pig in the city,"Adventure,Comedy,Drama",65%,41%
The Bachelor,the bachelor,"Comedy,Romance",,
The Bachelor,the bachelor,"Comedy,Romance",,
Barney's Great Adventure,barney's great adventure,"Adventure,Comedy,Drama",32%,44%
Being John Malkovich,being john malkovich,"Comedy,Drama,Fantasy",94%,87%
Beowulf,beowulf,"Action,Adventure,Fantasy",71%,50%
The Big Hit,the big hit,"Action,Comedy,Crime",41%,57%
Black Dog,black dog,"Action,Crime,Drama",14%,60%
Boss,boss,,,
Breakfast of Champions,breakfast of champions,Comedy,25%,31%
Brokedown Palace,brokedown palace,"Drama,Mystery,Thriller",31%,66%
A Bug's Life,a bug's life,"Adventure,Animation,Comedy",92%,73%
Chicken Run,chicken run,"Adventure,Animation,Comedy",97%,65%
Ever After: A Cinderella Story,ever after: a cinderella story,"Drama,Romance",91%,84%
City of Angels,city of angels,"Drama,Fantasy,Romance",58%,82%
Dancing at Lughnasa,dancing at lughnasa,"Drama,Romance",60%,58%
Meet the Deedles,meet the deedles,"Comedy,Family,Sport",10%,38%
The Deep End of the Ocean,the deep end of the ocean,Drama,42%,58%
Deep Impact,deep impact,"Action,Drama,Sci-Fi",45%,43%
Dogma,dogma,"Adventure,Comedy,Drama",68%,85%
The 13th Warrior,the 13th warrior,"Action,Adventure,History",33%,66%
Enemy of the State,enemy of the state,"Action,Thriller",71%,78%
Eyes Wide Shut,eyes wide shut,"Drama,Mystery,Thriller",76%,74%
Fantastic Four,fantastic four,"Action,Adventure,Fantasy",28%,45%
Fear and Loathing in Las Vegas,fear and loathing in las vegas,"Adventure,Comedy,Drama",51%,89%
Frida,frida,"Biography,Drama,Romance",76%,85%
From Hell,from hell,"Crime,Horror,Mystery",57%,66%
Gods and Monsters,gods and monsters,"Biography,Drama",96%,82%
Godzilla,godzilla,"Action,Sci-Fi,Thriller",20%,28%
Stepmom,stepmom,"Comedy,Drama",44%,75%
The Governess,the governess,"Drama,Romance",65%,50%
The Green Mile,the green mile,"Crime,Drama,Fantasy",79%,94%
Half Baked,half baked,"Comedy,Crime",28%,81%
Hard Rain,hard rain,"Action,Crime,Drama",34%,34%
The Hi-Lo Country,the hi-lo country,"Drama,Romance,Western",54%,48%
Holy Man,holy man,"Comedy,Drama",12%,25%
How Stella Got Her Groove Back,how stella got her groove back,"Comedy,Drama,Romance",50%,66%
Illuminata,illuminata,"Drama,Romance",46%,67%
In Dreams,in dreams,"Drama,Fantasy,Horror",25%,40%
The Interview,the interview,"Crime,Drama,Thriller",,
Jakob the Liar,jakob the liar,"Comedy,Drama,War",29%,63%
Living Out Loud,living out loud,"Comedy,Drama,Romance",60%,62%
Kissing a Fool,kissing a fool,"Comedy,Romance",29%,45%
Knock Off,knock off,"Action,Crime,Thriller",10%,26%
Krippendorf's Tribe,krippendorf's tribe,"Action,Adventure,Comedy",17%,24%
The Last Days of Disco,the last days of disco,"Comedy,Drama,Music",73%,66%
"Lock, Stock and Two Smoking Barrels","lock, stock and two smoking barrels","Comedy,Crime",75%,93%
The Lord of the Rings: The Fellowship of the Ring,the lord of the rings: the fellowship of the ring,"Adventure,Drama,Fantasy",92%,95%
Lost in Space,lost in space,"Action,Adventure,Sci-Fi",27%,24%
Major League: Back to the Minors,major league: back to the minors,"Comedy,Sport",21%,25%
The Mask of Zorro,the mask of zorro,"Action,Adventure,Comedy",84%,73%
Mercury Rising,mercury rising,"Action,Crime,Drama",21%,40%
Mission: Impossible II,mission: impossible ii,"Action,Adventure,Thriller",56%,42%
The Mod Squad,the mod squad,"Action,Crime,Thriller",3%,17%
Mulan,mulan,"Adventure,Animation,Comedy",86%,85%
My Favorite Martian,my favorite martian,"Comedy,Family,Sci-Fi",12%,31%
My Giant,my giant,"Comedy,Drama",21%,25%
The Negotiator,the negotiator,"Action,Crime,Drama",74%,79%
The Newton Boys,the newton boys,"Action,Crime,Drama",65%,44%
The Object of My Affection,the object of my affection,"Comedy,Drama,Romance",53%,51%
One True Thing,one true thing,Drama,87%,71%
The Opposite of Sex,the opposite of sex,"Comedy,Drama,Romance",81%,60%
Palmetto,palmetto,"Crime,Drama,Mystery",39%,31%
A Perfect Murder,a perfect murder,"Crime,Drama,Thriller",55%,51%
Permanent Midnight,permanent midnight,"Biography,Drama,Romance",59%,54%
Pleasantville,pleasantville,"Comedy,Drama,Fantasy",86%,79%
Practical Magic,practical magic,"Comedy,Drama,Fantasy",24%,73%
The Prince of Egypt,the prince of egypt,"Adventure,Animation,Drama",,93%
The Prince of Egypt,the prince of egypt,"Adventure,Animation,Drama",79%,90%
Pushing Tin,pushing tin,"Comedy,Drama,Romance",48%,42%
Quest for Camelot,quest for camelot,"Adventure,Animation,Comedy",43%,60%
Resident Evil,resident evil,"Action,Horror,Sci-Fi",36%,67%
Rush Hour,rush hour,"Action,Comedy,Crime",62%,78%
Saving Private Ryan,saving private ryan,"Drama,War",94%,95%
Senseless,senseless,"Comedy,Romance",,54%
The Shipping News,the shipping news,Drama,54%,61%
Slums of Beverly Hills,slums of beverly hills,"Comedy,Drama",81%,68%
Snow Falling on Cedars,snow falling on cedars,"Drama,Mystery,Romance",39%,67%
Sour Grapes,sour grapes,Comedy,27%,37%
Species II,species ii,"Action,Horror,Sci-Fi",9%,18%
Star Trek: Insurrection,star trek: insurrection,"Action,Adventure,Sci-Fi",55%,44%
Tarzan,tarzan,"Adventure,Animation,Comedy",89%,75%
Tarzan and the Lost City,tarzan and the lost city,"Action,Adventure,Family",6%,23%
The Theory of Flight,the theory of flight,"Comedy,Drama,Romance",50%,57%
Titus,titus,"Drama,History,Thriller",69%,86%
Trance,trance,"Action,Comedy,Horror",,
U.S. Marshals,u.s. marshals,"Action,Crime,Thriller",30%,53%
Vampires,vampires,"Action,Horror,Thriller",,
Velvet Goldmine,velvet goldmine,"Drama,Music",63%,80%
Wag the Dog,wag the dog,"Comedy,Drama",86%,76%
The Wedding Singer,the wedding singer,"Comedy,Music,Romance",72%,80%
What Dreams May Come,what dreams may come,"Drama,Fantasy,Romance",52%,84%
Wild Things,wild things,"Crime,Drama,Mystery",64%,54%
Wild Wild West,wild wild west,"Action,Comedy,Sci-Fi",16%,28%
Wrongfully Accused,wrongfully accused,"Action,Comedy,Thriller",18%,56%
X-Men,x-men,"Action,Adventure,Sci-Fi",82%,83%
Zero Effect,zero effect,"Comedy,Crime,Drama",66%,76%
eXistenZ,existenz,"Horror,Mystery,Sci-Fi",75%,69%
Fantasia 2000,fantasia 2000,"Animation,Family,Fantasy",80%,75%
Men in Black II,men in black ii,"Action,Adventure,Comedy",38%,45%
Titan A.E.,titan a.e.,"Action,Adventure,Animation",50%,61%
Star Wars: Episode I - The Phantom Menace,star wars: episode i - the phantom menace,"Action,Adventure,Fantasy",52%,59%
The Emperor's New Groove,the emperor's new groove,"Adventure,Animation,Comedy",86%,84%
Jacques Brel Is Alive and Well and Living in Paris,jacques brel is alive and well and living in paris,"Drama,Music,Musical",,
Nostalgia,nostalgia,Biography,,
Star Wars: Episode II - Attack of the Clones,star wars: episode ii - attack of the clones,"Action,Adventure,Fantasy",65%,56%
Star Wars: Episode III - Revenge of the Sith,star wars: episode iii - revenge of the sith,"Action,Adventure,Fantasy",79%,66%
Hannibal,hannibal,,,
Lethal Weapon 4,lethal weapon 4,"Action,Crime,Thriller",52%,64%
Return to Me,return to me,"Comedy,Drama,Romance",62%,80%
Henry Fool,henry fool,"Comedy,Drama",89%,83%
One Tough Cop,one tough cop,"Action,Crime",24%,21%
Ronin,ronin,"Action,Crime,Thriller",70%,80%
Small Soldiers,small soldiers,"Action,Adventure,Comedy",49%,45%
American Pie,american pie,Adult,62%,61%
Analyze This,analyze this,"Comedy,Crime",69%,62%
The Other Sister,the other sister,"Comedy,Drama,Romance",29%,71%
Just the Ticket,just the ticket,"Comedy,Drama,Romance",23%,38%
Why Do Fools Fall in Love,why do fools fall in love,"Biography,Drama,Music",52%,76%
Beauty,beauty,"Adult,Drama,Romance",,
Cube,cube,"Horror,Mystery,Sci-Fi",63%,76%
Daddy's Little Girls,daddy's little girls,"Adult,Comedy",26%,81%
Elvis,elvis,,77%,94%
Family Plan,family plan,"Comedy,Family",,55%
Cure,cure,"Crime,Horror,Mystery",,
Madeline,madeline,"Comedy,Family",,
Strangeland,strangeland,"Horror,Thriller",6%,64%
Two Girls and a Guy,two girls and a guy,Drama,50%,41%
Very Bad Things,very bad things,"Comedy,Crime,Thriller",41%,58%
The Big One,the big one,"Comedy,Crime,Documentary",92%,67%
Blast from the Past,blast from the past,"Comedy,Drama,Romance",58%,57%
The Cider House Rules,the cider house rules,"Drama,Romance",71%,77%
He Got Game,he got game,"Drama,Sport",80%,83%
Orgazmo,orgazmo,Comedy,48%,66%
Simon Birch,simon birch,"Comedy,Drama,Family",44%,77%
Lip Service,lip service,"Adult,Comedy",,
Notting Hill,notting hill,"Comedy,Drama,Romance",84%,79%
Paulie,paulie,"Adventure,Comedy,Drama",62%,55%
Thirteen,thirteen,Drama,81%,77%
Gasoline Alley,gasoline alley,"Comedy,Romance",31%,86%
Venom,gift,Drama,100%,89%
Glass,glass,Thriller,,
Outside Providence,outside providence,"Comedy,Drama,Romance",52%,65%
Passion in the Desert,passion in the desert,"Adventure,Drama",70%,65%
Shrek,shrek,"Adventure,Animation,Comedy",88%,90%
Cookie's Fortune,cookie's fortune,"Comedy,Drama",86%,66%
I Went Down,i went down,"Action,Comedy,Crime",84%,86%
Pecker,pecker,"Comedy,Drama",52%,64%
The Loss of Sexual Innocence,the loss of sexual innocence,Drama,47%,60%
Election,election,"Comedy,Romance",92%,79%
For Love of the Game,for love of the game,"Drama,Romance,Sport",46%,75%
Hav Plenty,hav plenty,"Comedy,Romance",36%,83%
Waking the Dead,waking the dead,"Drama,Mystery,Romance",50%,77%
Panic,panic,"Crime,Drama",,
Another Day in Paradise,another day in paradise,"Crime,Drama,Thriller",,
Can't Hardly Wait,can't hardly wait,"Comedy,Romance",40%,63%
Instinct,instinct,"Drama,Thriller",26%,67%
Rushmore,rushmore,"Comedy,Drama,Romance",90%,91%
Uncle Frank,uncle frank,Documentary,,
You've Got Mail,you've got mail,"Comedy,Drama,Romance",70%,73%
Backtrack,backtrack,,40%,24%
The Iron Giant,the iron giant,"Action,Adventure,Animation",96%,90%
Patch Adams,patch adams,"Biography,Comedy,Drama",21%,73%
Ravenous,ravenous,"Adventure,Drama,Horror",52%,78%
There's Something About Mary,there's something about mary,"Comedy,Romance",84%,61%
I Still Know What You Did Last Summer,i still know what you did last summer,"Horror,Mystery,Thriller",7%,29%
Mickey Blue Eyes,mickey blue eyes,"Comedy,Crime,Romance",45%,42%
Diggers,diggers,Comedy,69%,57%
Dinosaur,dinosaur,"Adventure,Animation,Drama",,
Rockin' Road Trip,rockin' road trip,"Comedy,Music",,
Strange Wilderness,strange wilderness,,2%,35%
Bowfinger,bowfinger,Comedy,81%,61%
Darkness Falls,darkness falls,"Drama,Thriller",10%,34%
Edtv,edtv,"Comedy,Drama",63%,30%
Fair Play,fair play,Drama,,27%
The Adventures of Rocky & Bullwinkle,the adventures of rocky and bullwinkle,"Adventure,Comedy,Family",42%,21%
BASEketball,baseketball,"Comedy,Sport",41%,74%
Flypaper,flypaper,"Comedy,Crime",,33%
Mystery Men,mystery men,"Action,Comedy,Fantasy",60%,57%
October Sky,october sky,"Biography,Drama,Family",91%,88%
The Flash,the flash,Drama,,
Teaching Mrs. Tingle,teaching mrs. tingle,"Comedy,Thriller",19%,31%
The Matrix,the matrix,"Action,Sci-Fi",83%,85%
Treasure Planet,treasure planet,"Adventure,Animation,Family",69%,72%
Paparazzi,paparazzi,"Comedy,Romance",18%,38%
Adam,adam,"Drama,Thriller",,62%
Best Laid Plans,best laid plans,"Crime,Drama,Thriller",43%,39%
Black & Blue,black & blue,Adult,,
The Faculty,the faculty,"Horror,Mystery,Sci-Fi",58%,57%
Flash,flash,"Action,Drama",,
The Siege,the siege,"Action,Thriller",,
The Rugrats Movie,the rugrats movie,"Adventure,Animation,Comedy",59%,50%
Scream 3,scream 3,"Horror,Mystery",41%,38%
The Talented Mr. Ripley,the talented mr. ripley,"Crime,Drama,Thriller",85%,80%
8MM,8mm,"Crime,Drama,Mystery",23%,52%
Albatross,albatross,Drama,54%,39%
Detention,detention,Drama,,
"Mystery, Alaska","mystery, alaska","Comedy,Drama,Sport",37%,66%
Disturbing Behavior,disturbing behavior,"Horror,Mystery,Sci-Fi",35%,40%
Maid in Manhattan,maid in manhattan,Adult,38%,44%
Pitch Black,pitch black,"Horror,Sci-Fi,Thriller",60%,77%
Wind River,wind river,"Drama,Family,Western",,57%
Breathe,breathe,Comedy,,
Hideous Kinky,hideous kinky,"Adventure,Drama,Romance",66%,60%
The Loves of Colette,la vie en rose,Drama,74%,84%
The Kidnapping,rapt,"Crime,Drama,Romance",,
The Tree of Life,the tree of life,,,
200 Cigarettes,200 cigarettes,"Comedy,Drama,Romance",30%,59%
Arlington Road,arlington road,"Action,Crime,Drama",63%,74%
Billy's Hollywood Screen Kiss,billy's hollywood screen kiss,"Comedy,Romance",78%,63%
Entrapment,entrapment,"Action,Crime,Romance",40%,50%
Fight Club,fight club,"Crime,Drama,Thriller",80%,96%
Inconceivable,inconceivable,Comedy,,22%
Scary Movie,scary movie,"Comedy,Horror,Thriller",51%,43%
Shakespeare in Love,shakespeare in love,"Comedy,Drama,History",92%,80%
The Astronaut's Wife,the astronaut's wife,"Drama,Sci-Fi,Thriller",15%,33%
Brown Sugar,brown sugar,Romance,67%,90%
Edge of Seventeen,edge of seventeen,"Comedy,Drama,Romance",80%,73%
Girl,girl,"Comedy,Drama,Music",84%,75%
Good Grief,good grief,"Adventure,Drama",,
Intolerable Cruelty,intolerable cruelty,"Comedy,Crime,Romance",76%,48%
The Opportunists,the opportunists,"Comedy,Crime,Drama",54%,46%
Pi,pi,"Drama,Horror,Mystery",88%,85%
The Road to El Dorado,the road to el dorado,"Adventure,Animation,Comedy",49%,66%
The Yards,the yards,"Crime,Drama,Romance",64%,51%
20 Dates,20 dates,"Biography,Comedy,Romance",35%,47%
Cherry,cherry,"Comedy,Romance",,50%
Cruel Intentions,cruel intentions,"Drama,Romance",53%,80%
Hard Candy,hard candy,"Adult,Comedy",67%,77%
High Art,high art,"Drama,Romance",76%,77%
Lake Placid,lake placid,"Action,Comedy,Horror",47%,37%
Message in a Bottle,message in a bottle,"Drama,Romance",32%,66%
Training Day,training day,"Crime,Drama,Thriller",74%,89%
True Crime,true crime,"Crime,Drama,Mystery",0%,41%
Varsity Blues,varsity blues,"Comedy,Drama,Romance",45%,76%
Impostors,impostors,Comedy,,
Local Color,local color,Drama,39%,59%
The Insider,the insider,"Biography,Drama,History",,
The Insider,the insider,"Biography,Drama,History",96%,90%
Mumford,mumford,"Comedy,Drama",58%,65%
Air Bud: Golden Receiver,air bud: golden receiver,"Comedy,Family,Sport",21%,38%
Forces of Nature,forces of nature,"Comedy,Romance",46%,34%
Jack Frost,jack frost,"Comedy,Drama,Family",,
Hotel Transylvania,hotel transylvania,Adult,44%,72%
Hotel Transylvania 2,hotel transylvania 2,Adult,57%,64%
The House,the house,Adult,,
Inspector Gadget,inspector gadget,"Action,Adventure,Comedy",20%,18%
Isn't She Great,isn't she great,"Biography,Comedy,Drama",24%,37%
Party Monster,party monster,"Biography,Documentary",29%,75%
Town & Country,town & country,"Comedy,Romance",13%,14%
U-571,u-571,"Action,War",68%,62%
Wild Man Blues,wild man blues,"Documentary,Music,Romance",86%,66%
The Cabin,the cabin,"Comedy,Horror",,
Close,close,"Crime,Drama",,
The Corruptor,the corruptor,"Action,Crime,Thriller",48%,43%
Crazy in Alabama,crazy in alabama,"Comedy,Crime,Drama",30%,64%
Down in the Delta,down in the delta,Drama,76%,71%
The Ninth Gate,the ninth gate,"Mystery,Thriller",43%,58%
One,one,Drama,,
The World Is Not Enough,the world is not enough,"Action,Adventure,Thriller",51%,49%
American Psycho,american psycho,"Crime,Drama,Horror",68%,85%
The Boondock Saints,the boondock saints,"Action,Crime,Thriller",26%,91%
Bride of Chucky,bride of chucky,"Comedy,Horror,Thriller",48%,50%
Fallout,fallout,Drama,,
The General's Daughter,the general's daughter,"Crime,Drama,Mystery",21%,46%
Nutty Professor II: The Klumps,nutty professor ii: the klumps,"Comedy,Romance,Sci-Fi",27%,33%
Three to Tango,three to tango,"Comedy,Romance",29%,48%
To Return,volver,Drama,91%,89%
Holy Smoke,holy smoke,"Comedy,Drama",46%,47%
The Rage: Carrie 2,the rage: carrie 2,"Drama,Horror,Sci-Fi",23%,33%
Highlander: Endgame,highlander: endgame,"Action,Adventure,Fantasy",11%,38%
Spider-Man,spider-man,"Action,Adventure,Sci-Fi",90%,67%
Sunshine,sunshine,"Drama,History,Romance",77%,73%
Stigmata,stigmata,"Horror,Mystery",22%,63%
Angela's Ashes,angela's ashes,"Biography,Drama",52%,81%
Austin Powers: The Spy Who Shagged Me,austin powers: the spy who shagged me,"Action,Adventure,Comedy",53%,71%
The Bone Collector,the bone collector,"Crime,Drama,Mystery",29%,63%
Playing by Heart,playing by heart,"Comedy,Drama,Romance",60%,79%
Simply Irresistible,simply irresistible,"Comedy,Drama,Fantasy",16%,54%
The Princess and the Pea,the princess and the pea,"Adventure,Animation,Family",,
The Princess and the Pea,the princess and the pea,"Adventure,Animation,Family",,60%
Respect,respect,"Crime,Drama,Thriller",,
Thirteen Days,thirteen days,"Drama,History,Thriller",83%,80%
Lara Croft: Tomb Raider,lara croft: tomb raider,"Action,Adventure,Fantasy",20%,47%
Urban Legend,urban legend,"Horror,Mystery,Thriller",28%,37%
End of Days,end of days,"Action,Fantasy,Horror",11%,33%
Any Given Sunday,any given sunday,"Drama,Sport",52%,73%
The Legend of Bagger Vance,the legend of bagger vance,"Drama,Sport",43%,65%
Little Voice,little voice,"Comedy,Drama,Music",80%,74%
Milk,milk,,93%,89%
10 Things I Hate About You,10 things i hate about you,"Comedy,Drama,Romance",71%,69%
At Sachem Farm,at sachem farm,Drama,,88%
Falling,falling,Documentary,,
Chips,chips,Musical,19%,45%
Heist,heist,"Crime,Thriller",,
Strays,strays,"Crime,Drama",40%,44%
Deep Blue Sea,deep blue sea,"Action,Adventure,Sci-Fi",,
Where the Money Is,where the money is,"Comedy,Crime,Drama",48%,36%
All Together Now,all together now,Drama,,78%
All the Pretty Horses,all the pretty horses,"Drama,Romance,Western",32%,42%
Anywhere But Here,anywhere but here,"Comedy,Drama",63%,55%
Cradle Will Rock,cradle will rock,Drama,65%,71%
Earth,earth,"Drama,Romance,War",,
Hilary and Jackie,hilary and jackie,"Biography,Drama,Music",88%,83%
Jeepers Creepers,jeepers creepers,"Comedy,Western",45%,49%
Topsy-Turvy,topsy-turvy,"Biography,Comedy,Drama",90%,79%
The Minus Man,the minus man,"Crime,Drama,Mystery",59%,46%
The Missing,the missing,"Crime,Mystery,Thriller",,58%
Never Been Kissed,never been kissed,"Comedy,Drama,Romance",55%,69%
Office Space,office space,Comedy,81%,93%
Rings,rings,Action,,60%
Superstar,superstar,Adult,,57%
Unforgivable,unforgivable,"Adult,Comedy",,69%
Up at the Villa,up at the villa,"Drama,Romance",45%,35%
Avatar,avatar,Drama,81%,82%
"Hey There, It's Yogi Bear","hey there, it's yogi bear","Adventure,Animation,Comedy",,55%
Flawless,flawless,"Crime,Drama",40%,54%
Jawbreaker,jawbreaker,"Comedy,Crime,Thriller",14%,55%
Lovers,lovers,"Comedy,Drama,Romance",,50%
Umma,umma,Drama,31%,51%
"Baby, It's You","baby, it's you",Documentary,94%,71%
The Big Tease,the big tease,Comedy,56%,54%
Deliver Us from Evil,deliver us from evil,Drama,,
Deliver Us from Evil,deliver us from evil,Drama,100%,89%
Kingdom Come,kingdom come,,27%,72%
Mr. Accident,mr. accident,Comedy,17%,31%
My Dog Skip,my dog skip,"Comedy,Drama,Family",73%,68%
The Next Best Thing,the next best thing,"Comedy,Drama,Romance",19%,35%
Random Hearts,random hearts,"Drama,Mystery,Romance",18%,24%
The Suburbans,the suburbans,"Comedy,Drama",0%,22%
Clockstoppers,clockstoppers,"Action,Adventure,Comedy",29%,30%
Drop Dead Gorgeous,drop dead gorgeous,"Comedy,Romance,Thriller",47%,75%
Sweet and Lowdown,sweet and lowdown,"Comedy,Drama,Music",77%,82%
Belly,belly,"Crime,Drama",23%,87%
The Concert for Bangladesh,the concert for bangladesh,"Documentary,Music",,95%
The Flintstones in Viva Rock Vegas,the flintstones in viva rock vegas,"Comedy,Family,Romance",25%,20%
Muppets from Space,muppets from space,"Adventure,Comedy,Family",63%,58%
"South Park: Bigger, Longer & Uncut","south park: bigger, longer & uncut","Animation,Comedy,Fantasy",81%,88%
The Virgin Suicides,the virgin suicides,"Drama,Romance",80%,81%
Beautiful People,beautiful people,"Comedy,Drama,War",80%,85%
Cold Mountain,cold mountain,"Adventure,Drama,Romance",70%,77%
Confirmation,confirmation,,84%,73%
Croupier,croupier,"Crime,Drama,Thriller",95%,79%
The Adventures of Elmo in Grouchland,the adventures of elmo in grouchland,"Adventure,Comedy,Family",77%,64%
Ted,ted,Comedy,,
Charlie's Angels,charlie's angels,"Action,Adventure,Comedy",68%,45%
Dudley Do-Right,dudley do-right,"Comedy,Family,Romance",16%,24%
Trippin',trippin',Comedy,18%,79%
The Hunt,the hunt,Documentary,,
The Hunt,the hunt,Documentary,,19%
Impostor,impostor,"Drama,Mystery,Sci-Fi",25%,41%
The Independent,the independent,Comedy,60%,49%
Love Happens,love happens,"Comedy,Romance",16%,37%
Lost Souls,lost souls,"Drama,Horror,Thriller",,
Agnes Browne,agnes browne,"Comedy,Drama,Romance",41%,71%
Marigold,marigold,Drama,30%,40%
Oxygen,oxygen,"Action,Crime,Drama",77%,55%
Passion of Mind,passion of mind,"Drama,Mystery,Romance",19%,51%
The Prodigy,the prodigy,"Crime,Drama,Thriller",,
Rules of Engagement,rules of engagement,"Drama,Thriller,War",37%,55%
She's All That,she's all that,"Comedy,Romance",41%,55%
The Story of Us,the story of us,"Comedy,Drama,Romance",,29%
The Story of Us,the story of us,"Comedy,Drama,Romance",26%,58%
What Lies Beneath,what lies beneath,"Drama,Horror,Mystery",47%,58%
What's the Worst That Could Happen?,what's the worst that could happen?,"Comedy,Crime",10%,35%
The Wood,the wood,"Comedy,Drama,Romance",61%,92%
Cast Away,cast away,"Adventure,Drama,Romance",89%,84%
Ghost World,ghost world,"Comedy,Drama",93%,84%
Sleepy Hollow,sleepy hollow,"Fantasy,Horror,Mystery",70%,80%
Summer of Sam,summer of sam,"Crime,Drama,Romance",50%,60%
Trick,trick,"Comedy,Music,Romance",79%,83%
Trixie,trixie,"Comedy,Crime,Mystery",28%,23%
Twin Falls Idaho,twin falls idaho,Drama,78%,83%
Hanging Up,hanging up,"Comedy,Drama",12%,34%
Jurassic Park III,jurassic park iii,"Action,Adventure,Sci-Fi",49%,37%
The Libertine,the libertine,Drama,34%,58%
Pieces,pieces,Comedy,43%,50%
Runaway Bride,runaway bride,"Comedy,Romance",46%,52%
Clean,clean,,,
Dark Water,dark water,"Crime,Drama,Mystery",47%,28%
Dead Silence,dead silence,"Comedy,Crime,Mystery",21%,51%
The Road,the road,Documentary,,
The Beach,the beach,"Adventure,Drama,Romance",,
The Beach,the beach,"Adventure,Drama,Romance",21%,57%
Bless the Child,bless the child,"Crime,Drama,Horror",4%,43%
Bringing Out the Dead,bringing out the dead,"Drama,Thriller",73%,70%
Hollow Man,hollow man,"Action,Horror,Sci-Fi",26%,28%
The Muse,the muse,Comedy,,
The Muse,the muse,Comedy,53%,34%
Drive Me Crazy,drive me crazy,"Comedy,Drama,Romance",29%,53%
Stir of Echoes,stir of echoes,"Horror,Mystery,Thriller",68%,70%
The Sum of All Fears,the sum of all fears,"Action,Drama,Thriller",59%,49%
Venus,venus,,88%,74%
Along Came a Spider,along came a spider,"Crime,Drama,Mystery",32%,53%
Caligula,caligula,Drama,21%,38%
Stuart Little,stuart little,"Adventure,Comedy,Family",67%,41%
The Match,the match,"Comedy,Romance,Sport",,52%
The Others,the others,"Drama,Thriller",,
Ringmaster,ringmaster,Comedy,21%,18%
Detroit Rock City,detroit rock city,"Adventure,Comedy,Music",50%,82%
Felicia's Journey,felicia's journey,"Drama,Thriller",88%,71%
Ghost Dog: The Way of the Samurai,ghost dog: the way of the samurai,"Crime,Drama",84%,86%
Held Up,held up,Comedy,17%,42%
The Limey,the limey,"Crime,Drama,Mystery",92%,78%
Liberty Heights,liberty heights,"Comedy,Drama,Music",86%,76%
Romeo Must Die,romeo must die,"Action,Crime,Thriller",32%,61%
Sinbad: Legend of the Seven Seas,sinbad: legend of the seven seas,"Adventure,Animation,Comedy",45%,57%
Anything's Possible,anything's possible,,,
Bones,bones,"Crime,Horror",26%,40%
Foolish,foolish,"Comedy,Drama",0%,67%
Monkeybone,monkeybone,"Comedy,Fantasy",20%,27%
Anna and the King,anna and the king,"Drama,History,Romance",,
Spirit: Stallion of the Cimarron,spirit: stallion of the cimarron,"Adventure,Animation,Drama",69%,77%
The Affair,there's always vanilla,"Comedy,Drama,Romance",,26%
The Straight Story,the straight story,"Biography,Drama",95%,91%
Music of the Heart,music of the heart,"Drama,Music",64%,72%
The Adventures of the American Rabbit,the adventures of the american rabbit,"Animation,Family,Fantasy",,56%
Birth,birth,Documentary,39%,43%
The Book of Life,the book of life,"Comedy,Fantasy",83%,77%
The Book of Life,the book of life,"Comedy,Fantasy",89%,71%
Hellboy,hellboy,"Action,Adventure,Fantasy",81%,66%
I Dreamed of Africa,i dreamed of africa,"Adventure,Biography,Drama",10%,56%
The Lighthouse,the lighthouse,,,
The Lord of the Rings: The Return of the King,the lord of the rings: the return of the king,"Adventure,Drama,Fantasy",94%,86%
The Lord of the Rings: The Two Towers,the lord of the rings: the two towers,"Adventure,Drama,Fantasy",95%,95%
The Sixth Sense,the sixth sense,"Drama,Mystery,Thriller",86%,90%
The Adventures of Sebastian Cole,the adventures of sebastian cole,"Comedy,Drama",46%,70%
Dancer in the Dark,dancer in the dark,"Crime,Drama,Musical",70%,91%
Antwone Fisher,antwone fisher,"Biography,Drama",78%,86%
The Five Senses,the five senses,"Comedy,Drama,Music",74%,79%
American Beauty,american beauty,Drama,87%,93%
Blindness,blindness,Drama,,
How the Grinch Stole Christmas,how the grinch stole christmas,"Comedy,Family,Fantasy",49%,58%
Tigerland,tigerland,"Drama,War",77%,71%
One Way,one way,"Crime,Drama,Thriller",,
Hugo,hugo,Documentary,93%,78%
Keeping the Faith,keeping the faith,"Comedy,Drama,Romance",69%,59%
Kings,kings,,,65%
Nurse Betty,nurse betty,"Comedy,Crime,Drama",83%,45%
Boys Don't Cry,boys don't cry,"Biography,Crime,Drama",90%,87%
Bad Boys II,bad boys ii,"Action,Comedy,Crime",24%,78%
Fatal Affair,fatal affair,"Mystery,Thriller",,
"Girl, Interrupted","girl, interrupted","Biography,Drama",53%,84%
Body Shots,body shots,Drama,11%,27%
Joe Gould's Secret,joe gould's secret,Drama,65%,63%
Light It Up,light it up,"Drama,Thriller",39%,75%
Rango,rango,Adventure,88%,70%
Cecil B. Demented,cecil b. demented,"Comedy,Crime,Thriller",52%,67%
Final Fantasy: The Spirits Within,final fantasy: the spirits within,"Action,Adventure,Animation",44%,48%
Simpatico,simpatico,"Comedy,Crime,Drama",25%,14%
Whipped,whipped,"Comedy,Romance",13%,32%
Autumn in New York,autumn in new york,"Drama,Romance",20%,53%
The Brothers,the brothers,Drama,,
Loving Jezebel,loving jezebel,"Comedy,Romance",33%,47%
Pig,pig,,,
Cherry Falls,cherry falls,"Horror,Mystery,Thriller",63%,41%
Enchanted,enchanted,Comedy,93%,80%
Magnolia,magnolia,Drama,82%,89%
Universal Soldier: The Return,universal soldier: the return,"Action,Sci-Fi",5%,24%
Spiral,spiral,Animation,,
Puss in Boots,puss in boots,"Family,Fantasy,Musical",,
Galaxy Quest,galaxy quest,"Adventure,Comedy,Sci-Fi",90%,79%
The Perfect Storm,the perfect storm,"Action,Adventure,Drama",46%,63%
Heart of Stone,heart of stone,Adult,,25%
The Invisible Circus,the invisible circus,Drama,22%,44%
Lorelei,lorelei,,90%,65%
Mansfield Park,mansfield park,"Comedy,Drama,Romance",,53%
Moonlight Mile,moonlight mile,"Drama,Romance",63%,66%
But I'm a Cheerleader,but i'm a cheerleader,"Comedy,Drama,Romance",43%,75%
The Proposal,the proposal,"Drama,Thriller",,27%
15 Minutes,15 minutes,"Action,Crime,Drama",32%,37%
Every Day,every day,,,
Non-Stop,non-stop,Adult,67%,75%
The Adventures of Pluto Nash,the adventures of pluto nash,"Action,Comedy,Sci-Fi",5%,20%
Quills,quills,"Biography,Drama",75%,83%
Requiem for a Dream,requiem for a dream,Drama,78%,93%
Unhinged,unhinged,Horror,,25%
The Last September,the last september,"Drama,History,Romance",42%,33%
Women in Trouble,women in trouble,"Adult,Comedy,Thriller",29%,29%
American Movie,american movie,"Comedy,Documentary",94%,90%
Blue Streak,blue streak,"Action,Comedy,Crime",35%,64%
The Breaks,the breaks,Comedy,,80%
Cheap Thrills,cheap thrills,Adult,88%,69%
Dreams,dreams,Adult,,
Finding Forrester,finding forrester,"Drama,Sport",74%,79%
Minority Report,minority report,"Action,Crime,Mystery",89%,80%
Osmosis Jones,osmosis jones,"Action,Adventure,Animation",55%,42%
The Specials,the specials,"Action,Comedy,Fantasy",82%,86%
The Specials,the specials,"Action,Comedy,Fantasy",47%,55%
Terminator 3: Rise of the Machines,terminator 3: rise of the machines,"Action,Sci-Fi",70%,46%
Almost Famous,almost famous,"Adventure,Comedy,Drama",91%,92%
The Caveman's Valentine,the caveman's valentine,"Crime,Drama,Music",45%,51%
Headhunters,headhunters,,93%,85%
Love's Labour's Lost,love's labour's lost,"Comedy,Musical,Romance",50%,40%
The Manor,the manor,"Comedy,Mystery",89%,57%
Memento,memento,Drama,94%,94%
Urbania,urbania,Drama,73%,71%
Bicentennial Man,bicentennial man,"Drama,Romance,Sci-Fi",37%,59%
Hot Seat,hot seat,"Adult,Comedy",16%,15%
Intrepid,intrepid,"Action,Adventure,Drama",,
"Me, Myself & Irene","me, myself & irene",Comedy,48%,57%
Mission to Mars,mission to mars,"Adventure,Sci-Fi,Thriller",24%,30%
Phone Booth,phone booth,"Crime,Thriller",72%,64%
Pollock,pollock,"Biography,Drama",79%,74%
Restless,restless,"Comedy,Romance",,
The Secret,the secret,,,
Sin City,sin city,Adult,76%,78%
O,o,"Drama,Romance,Thriller",65%,58%
Reindeer Games,reindeer games,"Action,Crime,Thriller",25%,27%
Shanghai Noon,shanghai noon,"Action,Adventure,Comedy",80%,65%
Snow Day,snow day,"Adventure,Comedy,Family",29%,27%
Whispers: An Elephant's Tale,whispers: an elephant's tale,"Adventure,Family",,38%
Wonder Boys,wonder boys,"Comedy,Drama",81%,83%
Battlefield Earth,battlefield earth,"Action,Adventure,Sci-Fi",3%,13%
Little Nicky,little nicky,"Comedy,Fantasy",22%,55%
The Messenger,the messenger,"Action,Drama",90%,75%
The Messenger,the messenger,"Action,Drama",,
The Blair Witch Project,the blair witch project,"Horror,Mystery",86%,57%
Carnage,carnage,Horror,70%,66%
Drowning Mona,drowning mona,"Comedy,Crime,Mystery",29%,47%
Frequency,frequency,"Crime,Drama,Mystery",70%,81%
Jesus' Son,jesus' son,Drama,79%,83%
Rebel Rousers,rebel rousers,,,22%
Space Cowboys,space cowboys,"Action,Adventure,Thriller",78%,53%
Sugar & Spice,sugar & spice,"Comedy,Crime",29%,42%
Bounce,bounce,"Drama,Romance",53%,33%
Down to You,down to you,"Comedy,Drama,Romance",3%,48%
No Strings Attached,no strings attached,"Drama,Mystery,Thriller",,
The Other Man,the other man,Drama,,
Blade II,blade ii,"Action,Horror,Sci-Fi",57%,68%
Doug's 1st Movie,doug's 1st movie,"Adventure,Animation,Comedy",28%,28%
Genghis Blues,genghis blues,"Documentary,Music",75%,90%
Price of Glory,price of glory,"Drama,Sport",33%,76%
All the Way,all the way,Comedy,,
Birthday Girl,birthday girl,"Comedy,Crime,Thriller",59%,39%
Love Stinks,love stinks,Comedy,19%,63%
Just Visiting,just visiting,"Adventure,Comedy,Fantasy",33%,53%
The Big Kahuna,the big kahuna,"Comedy,Drama",73%,72%
Miss Julie,miss julie,Drama,,
Shadow of the Vampire,shadow of the vampire,"Drama,Horror",82%,74%
Southpaw,southpaw: the francis barrett story,"Documentary,Sport",69%,82%
The Whole Nine Yards,the whole nine yards,"Comedy,Crime",43%,64%
Children,children,Drama,,25%
The Darkest Hour,the darkest hour,Drama,11%,25%
Dungeons & Dragons,dungeons & dragons,"Action,Adventure,Fantasy",9%,20%
The Gifted,the gifted,"Crime,Drama",,
Kitchen,kitchen,Drama,,
"O Brother, Where Art Thou?","o brother, where art thou?","Adventure,Comedy,Crime",78%,89%
Sex Drive,sex drive,Adult,45%,58%
Vatel,vatel,"Biography,Drama,History",31%,61%
Vertical Limit,vertical limit,"Action,Adventure,Drama",49%,41%
New Best Friend,new best friend,"Drama,Mystery,Thriller",5%,38%
The Fighting Temptations,the fighting temptations,"Comedy,Drama,Music",42%,66%
Mighty Mouse in the Great Space Chase,mighty mouse in the great space chase,"Action,Adventure,Animation",,
The Replacements,the replacements,"Comedy,Sport",41%,66%
28 Days,28 days,"Comedy,Drama",33%,50%
Head Games,head games,Thriller,88%,77%
The Little Vampire,the little vampire,"Adventure,Comedy,Family",55%,55%
Moving On,moving on,,100%,
The Skulls,the skulls,"Action,Crime,Drama",9%,43%
Urban Legends: Final Cut,urban legends: final cut,"Horror,Mystery",10%,20%
12,12,"Comedy,Music",77%,83%
The Accountant,the accountant,"Action,Thriller",,69%
Deceptions,deceptions,Thriller,,0%
The Gift,the gift,,,
The Order,the order,"Action,Adventure,Comedy",13%,28%
The Order,the order,"Action,Adventure,Comedy",10%,38%
Texas Rangers,texas rangers,"Action,Adventure,Drama",2%,29%
Cosmopolis,cosmopolis,Drama,67%,31%
Fatima,fatima,"Adventure,Drama,Romance",,
Revanche,revanche,,96%,83%
Tangerine,tangerine,"Adult,Comedy",,
Erin Brockovich,erin brockovich,"Biography,Drama",85%,81%
Final Destination,final destination,"Horror,Thriller",36%,68%
Here on Earth,here on earth,"Drama,Romance",17%,60%
The Love Witch,the love witch,"Adult,Comedy",95%,61%
Next Friday,next friday,Comedy,21%,76%
Significant Other,significant other,,70%,69%
MVP: Most Valuable Primate,mvp: most valuable primate,"Comedy,Family,Sport",40%,41%
The Switch,the switch,Comedy,,
The Switch,the switch,Comedy,,
Small Time Crooks,small time crooks,"Comedy,Crime",66%,57%
Zoolander,zoolander,Comedy,65%,80%
Family,family,"Animation,Comedy",,
Forever Lulu,forever lulu,"Drama,Romance",,56%
Play It to the Bone,play it to the bone,"Comedy,Drama,Sport",11%,25%
Acorralada,acorralada,,,33%
Godzilla: King of the Monsters!,"godzilla, king of the monsters!","Action,Drama,Horror",84%,73%
Rose,rose,,,
See How They Run,see how they run,Comedy,75%,69%
Something New,something new,"Adventure,Drama,Western",61%,72%
Buffalo Rider,buffalo rider,"Adventure,Drama,Western",,
"Monsters, Inc.","monsters, inc.","Adventure,Animation,Comedy",96%,90%
3 Strikes,3 strikes,Comedy,0%,67%
About Adam,about adam,"Comedy,Romance",68%,47%
In the Cut,in the cut,"Mystery,Thriller",34%,34%
Love & Basketball,love & basketball,"Drama,Romance,Sport",85%,95%
Red Planet,red planet,"Action,Sci-Fi,Thriller",14%,28%
Riding in Cars with Boys,riding in cars with boys,"Biography,Comedy,Drama",49%,66%
The Bank Job,the bank job,"Crime,Thriller",,59%
Bats,bats,"Horror,Sci-Fi,Thriller",17%,14%
Chuck & Buck,chuck & buck,"Comedy,Drama",84%,66%
Coyote Ugly,coyote ugly,"Comedy,Drama,Music",23%,71%
The Hoax,the hoax,Comedy,,
House!,house!,"Comedy,Romance",20%,
Dr. Frankenstein on Campus,flick,Horror,,
Labor Day,labor day,,,
Life of the Party,life of the party,,,39%
Rock Star,rock star,"Drama,Music",53%,59%
The Vigil,the vigil,Drama,,
The Way of the Gun,the way of the gun,"Action,Crime,Drama",46%,70%
Intern,the intern,Comedy,59%,73%
Men of Honor,men of honor,"Biography,Drama",42%,81%
Sexy Beast,sexy beast,"Crime,Drama,Thriller",87%,85%
You Can Count on Me,you can count on me,Drama,95%,88%
The Omega Code,the omega code,"Action,Adventure,Fantasy",8%,31%
One Night at McCool's,one night at mccool's,"Comedy,Crime",33%,39%
Animal Factory,animal factory,"Crime,Drama",83%,59%
Boys and Girls,boys and girls,"Comedy,Drama,Romance",11%,50%
Exorcist: The Beginning,exorcist: the beginning,"Horror,Mystery,Thriller",11%,27%
Survivor,survivor,"Action,Adventure,Drama",,25%
Bring It On,bring it on,"Comedy,Romance,Sport",65%,66%
Deuce Bigalow: Male Gigolo,deuce bigalow: male gigolo,"Comedy,Romance",22%,42%
Kevin & Perry Go Large,kevin & perry go large,"Comedy,Music",14%,70%
Dr. T & the Women,dr. t & the women,"Comedy,Drama,Romance",57%,20%
Thomas and the Magic Railroad,thomas and the magic railroad,"Adventure,Comedy,Family",21%,42%
Save the Last Dance,save the last dance,"Drama,Music,Romance",54%,59%
The Trumpet of the Swan,the trumpet of the swan,"Animation,Drama,Family",14%,37%
Woman on Top,woman on top,"Comedy,Fantasy,Romance",35%,42%
Children of Men,children of men,"Drama,Sci-Fi,Thriller",92%,85%
Fired Up,fired up,,25%,52%
The Man Who Cried,the man who cried,"Drama,Music,Romance",35%,59%
My First Mister,my first mister,"Comedy,Drama,Romance",53%,75%
The Photographer,the photographer,"Drama,Horror,Thriller",,
Big Momma's House,big momma's house,"Action,Comedy,Crime",30%,57%
Snatch,snatch,"Comedy,Crime",74%,93%
Happy Accidents,happy accidents,"Comedy,Romance",70%,75%
Taken,taken,"Drama,Thriller",60%,85%
The King Is Alive,the king is alive,Drama,60%,58%
The Mummy Returns,the mummy returns,"Action,Adventure,Fantasy",46%,63%
The Wedding Planner,the wedding planner,"Comedy,Romance",17%,59%
The Cell,the cell,"Crime,Horror,Sci-Fi",,
Girlfight,girlfight,"Drama,Sport",87%,75%
Things You Can Tell Just by Looking at Her,things you can tell just by looking at her,"Drama,Romance",76%,64%
Beautiful,beautiful,"Comedy,Drama",,
Bootmen,bootmen,"Comedy,Drama,Romance",39%,69%
Center Stage,center stage,"Drama,Music,Romance",41%,82%
Remember the Titans,remember the titans,"Biography,Comedy,Drama",71%,93%
102 Dalmatians,102 dalmatians,"Adventure,Comedy,Family",30%,32%
Jason X,jason x,"Action,Horror,Sci-Fi",20%,25%
Knockaround Guys,knockaround guys,"Crime,Drama,Thriller",21%,51%
Awake,awake,"Crime,Drama,Mystery",23%,55%
The Tracker,the tracker,"Drama,Western",88%,86%
Miss Congeniality,miss congeniality,"Action,Comedy,Crime",41%,69%
Let It Snow,snow days,"Comedy,Romance",53%,63%
Bride of the Wind,bride of the wind,"Biography,Drama,Music",11%,38%
Bruiser,bruiser,"Horror,Mystery",67%,35%
Last Stand,last stand,"Action,Sci-Fi",,
Guest House,guest house,Mystery,0%,40%
Kiss,kiss,"Documentary,Drama",,
Rustin,rustin,"Comedy,Drama",,
The Amati Girls,the amati girls,Drama,46%,64%
Ray: Life and Work of Satyajit Ray,ray,,79%,87%
Secretary,secretary,,78%,82%
Chief!,chef!,Documentary,,
'42,'42,"Action,Biography,Thriller",,
Bamboozled,bamboozled,"Comedy,Drama,Music",53%,74%
Enemy at the Gates,enemy at the gates,"Action,Drama,War",54%,82%
Messengers,messengers,"Action,Comedy,Drama",,
The 6th Day,the 6th day,"Action,Mystery,Sci-Fi",40%,33%
Devil's Due,devil's due,"Adult,Drama,Horror",21%,21%
Turn It Up,turn it up,"Action,Crime,Drama",10%,25%
Harrison's Flowers,harrison's flowers,"Drama,Romance,War",49%,76%
Watch,watch,,,
Ready to Rumble,ready to rumble,"Comedy,Sport",23%,52%
Unbreakable,unbreakable,"Drama,Mystery,Sci-Fi",70%,77%
The Woman Chaser,the woman chaser,Comedy,71%,73%
Fire Island,fire island,Adult,,43%
Antitrust,antitrust,"Action,Crime,Drama",24%,50%
Best in Show,best in show,Comedy,93%,88%
Original Sin,original sin,"Crime,Drama,Mystery",12%,61%
The Family Man,the family man,"Comedy,Drama,Fantasy",,
The Family Man,the family man,"Comedy,Drama,Fantasy",53%,67%
Gemini,gemini,"Action,Drama",100%,71%
Safe Haven,safe haven,"Drama,Thriller",13%,67%
Till,till,Drama,96%,97%
Lucky Numbers,lucky numbers,"Comedy,Crime",23%,19%
The Tigger Movie,the tigger movie,"Adventure,Animation,Comedy",62%,62%
Timecode,timecode,"Drama,Romance",68%,48%
Duplicity,duplicity,Crime,,
Halloween: Resurrection,halloween: resurrection,"Horror,Thriller",10%,24%
The Runaways,the runaways,Drama,69%,55%
Dark Harvest,dark harvest,"Horror,Thriller",,27%
Blow,blow,"Biography,Crime,Drama",56%,87%
The Glass House,the glass house,"Crime,Drama,Mystery",,100%
The Glass House,the glass house,"Crime,Drama,Mystery",22%,39%
Beautiful Creatures,beautiful creatures,"Comedy,Crime,Drama",38%,33%
The King,the king,"Drama,Romance",77%,53%
Monsters,monsters,,,
Off the Lip,off the lip,"Adventure,Comedy,Sport",25%,
Pay It Forward,pay it forward,Drama,39%,77%
See No Evil,see no evil,Documentary,10%,50%
21,21,"Comedy,Drama,Romance",,17%
Home Team,home team,"Comedy,Family,Sport",,12%
The Inheritance,the inheritance,Documentary,,75%
The Score,the score,"Crime,Drama,Thriller",56%,45%
Spy Kids,spy kids,"Action,Adventure,Comedy",93%,47%
The Waiting Room,the waiting room,,60%,56%
Formula 51,the 51st state,"Action,Comedy,Crime",25%,59%
Proof of Life,proof of life,"Action,Drama,Thriller",39%,43%
Book of Shadows: Blair Witch 2,book of shadows: blair witch 2,"Adventure,Fantasy,Horror",14%,18%
Dinner Rush,dinner rush,"Crime,Drama,Romance",91%,85%
Violet,violet,,,
Atlantis: The Lost Empire,atlantis: the lost empire,"Action,Adventure,Animation",49%,55%
Hambre,hambre,Drama,,
Sabotage!,sabotage!,Comedy,,
Crocodile Dundee in Los Angeles,crocodile dundee in los angeles,"Adventure,Comedy,Crime",11%,25%
Deuces Wild,deuces wild,"Action,Drama",3%,51%
Gambler,gambler,Action,,
Peppermint,peppermint,"Comedy,Drama,Family",,67%
Vice,vice,"Comedy,Drama",,
3000 Miles to Graceland,3000 miles to graceland,"Action,Comedy,Crime",15%,46%
The Eyes of Tammy Faye,the eyes of tammy faye,"Biography,Documentary",87%,72%
The Matrix Reloaded,the matrix reloaded,"Action,Sci-Fi",73%,72%
Novocaine,novocaine,"Comedy,Crime,Drama",38%,37%
The Cross,the cross,"Drama,Family",,
The Cross,the cross,"Drama,Family",18%,96%
Summer Catch,summer catch,"Comedy,Drama,Romance",8%,41%
The Tao of Steve,the tao of steve,"Comedy,Drama,Romance",80%,69%
Unleashed,unleashed,"Comedy,Horror",,
Us,us,Documentary,,
The Salton Sea,the salton sea,"Crime,Drama,Mystery",63%,82%
Born Romantic,born romantic,"Comedy,Romance",58%,55%
Doctor,doctor,Drama,,
Josie and the Pussycats,josie and the pussycats,"Comedy,Music",53%,52%
The Original Kings of Comedy,the original kings of comedy,"Comedy,Documentary",83%,79%
The Mexican,the mexican,"Adventure,Comedy,Drama",54%,44%
Rock of Ages,rock of ages,"Drama,Romance",,
The Tailor of Panama,the tailor of panama,"Drama,Thriller",75%,46%
The Pledge,the pledge,"Crime,Drama,Mystery",78%,59%
Captain Corelli's Mandolin,captain corelli's mandolin,"Drama,Music,Romance",28%,50%
Equilibrium,equilibrium,"Action,Drama,Sci-Fi",40%,81%
Queen of the Damned,queen of the damned,"Drama,Fantasy,Horror",17%,66%
The Dangerous Lives of Altar Boys,the dangerous lives of altar boys,"Comedy,Drama",76%,79%
The Cowboy,the cowboy,Documentary,,
Cats & Dogs,cats & dogs,"Action,Adventure,Comedy",52%,32%
Juno,juno,,94%,88%
Saving Silverman,saving silverman,"Comedy,Crime,Romance",18%,51%
Say It Isn't So,say it isn't so,"Comedy,Romance",8%,32%
The Center of the World,the center of the world,"Drama,Romance",34%,40%
Dr. Dolittle 2,dr. dolittle 2,"Comedy,Family,Fantasy",41%,26%
Freddy Got Fingered,freddy got fingered,Comedy,10%,56%
Serendipity,serendipity,"Comedy,Romance",59%,79%
Slackers,slackers,"Comedy,Romance",10%,50%
Harry Potter and the Sorcerer's Stone,harry potter and the sorcerer's stone,"Adventure,Family,Fantasy",81%,82%
The Affair of the Necklace,the affair of the necklace,"Drama,History,Romance",15%,42%
"Dude, Where's My Car?","dude, where's my car?","Comedy,Mystery,Sci-Fi",16%,47%
Exit Wounds,exit wounds,"Action,Crime,Thriller",33%,45%
The Matrix Revolutions,the matrix revolutions,"Action,Sci-Fi",34%,60%
Valentine,valentine,"Horror,Mystery,Thriller",11%,33%
Waking Life,waking life,"Animation,Drama,Fantasy",81%,87%
Mercy Streets,mercy streets,"Action,Crime,Drama",13%,55%
Stuart Little 2,stuart little 2,"Adventure,Comedy,Family",81%,41%
Wet Hot American Summer,wet hot american summer,"Comedy,Romance",38%,75%
40 Days and 40 Nights,40 days and 40 nights,"Comedy,Romance",39%,43%
American Outlaws,american outlaws,"Action,Western",13%,67%
Swordfish,swordfish,"Action,Crime,Thriller",26%,59%
Sybil,sybil,Drama,,88%
Charlotte Gray,charlotte gray,"Drama,Romance,Thriller",33%,62%
The Forsaken,the forsaken,"Action,Fantasy,Horror",,
The Forsaken,the forsaken,"Action,Fantasy,Horror",7%,41%
Invincible,invincible,"Drama,War",72%,73%
Lost and Delirious,lost and delirious,"Drama,Romance",51%,78%
Quarantine,quarantine,Sci-Fi,,
Just a Kiss,just a kiss,"Comedy,Drama,Romance",18%,28%
Windtalkers,windtalkers,"Action,Drama,War",33%,50%
Joe Dirt,joe dirt,"Adventure,Comedy,Drama",9%,63%
Big Boss,big boss,"Action,Drama",,48%
Bulletproof Monk,bulletproof monk,"Action,Comedy,Fantasy",23%,38%
Master,master,"Action,Drama",,64%
Maze,maze,"Drama,Romance",39%,44%
Die Another Day,die another day,"Action,Adventure,Thriller",55%,41%
Who Is Cletis Tout?,who is cletis tout?,"Action,Comedy,Crime",23%,51%
The Musketeer,the musketeer,"Action,Adventure,Romance",11%,33%
Donnie Darko,donnie darko,"Drama,Mystery,Sci-Fi",87%,80%
Focus,focus,"Drama,Romance",56%,62%
Nurse,nurse,,64%,36%
Before Night Falls,before night falls,"Biography,Drama,Romance",74%,83%
The Believer,the believer,Drama,82%,82%
In the Bedroom,in the bedroom,"Crime,Drama",93%,81%
Juwanna Mann,juwanna mann,"Comedy,Drama,Romance",10%,39%
The Princess Diaries,the princess diaries,"Comedy,Family,Romance",49%,68%
Super Troopers,super troopers,"Comedy,Crime,Mystery",36%,90%
War,war,,13%,51%
Invitation,the invitation,"Drama,Horror,Thriller",90%,69%
No Such Thing,no such thing,"Comedy,Drama,Fantasy",31%,59%
Old School,old school,"Comedy,Crime",60%,86%
Zoom,zoom,"Comedy,Crime,Drama",4%,33%
Ali,ali,"Biography,Drama,Sport",68%,65%
Hedwig and the Angry Inch,hedwig and the angry inch,"Comedy,Drama,Music",92%,93%
Into the Arms of Strangers: Stories of the Kindertransport,into the arms of strangers: stories of the kindertransport,"Documentary,History,War",92%,88%
The Recruit,the recruit,,43%,58%
Billy Elliot,billy elliot,"Drama,Music",85%,89%
Domestic Disturbance,domestic disturbance,"Crime,Thriller",23%,37%
Star,star,"Drama,Musical",,
Storytelling,storytelling,"Comedy,Drama,Romance",54%,67%
All Over the Guy,all over the guy,"Comedy,Romance",43%,67%
Corky Romano,corky romano,"Comedy,Crime",7%,39%
The Deep End,the deep end,"Crime,Drama,Mystery",82%,59%
The Other Side of Heaven,the other side of heaven,"Adventure,Biography,Drama",30%,74%
Legally Blonde,legally blonde,"Comedy,Romance",71%,72%
Rat Race,rat race,"Action,Adventure,Comedy",45%,64%
See Spot Run,see spot run,"Action,Comedy,Crime",23%,44%
Don't Let Go,don't let go,Drama,,
Evolution,evolution,"Comedy,Sci-Fi",,
Hart's War,hart's war,"Drama,War",60%,48%
How to Lose a Guy in 10 Days,how to lose a guy in 10 days,"Comedy,Romance",42%,77%
John Q,john q,"Crime,Drama,Thriller",26%,78%
Choke,choke,"Documentary,Sport",56%,52%
House of 1000 Corpses,house of 1000 corpses,Horror,22%,65%
Leo,leo,"Drama,Thriller",,
Surviving Christmas,surviving christmas,"Comedy,Romance",8%,30%
Hearts in Atlantis,hearts in atlantis,"Drama,Mystery",49%,64%
American Pie 2,american pie 2,Comedy,51%,68%
Reign of Fire,reign of fire,"Action,Adventure,Fantasy",42%,49%
Star Trek: Nemesis,star trek: nemesis,"Action,Adventure,Sci-Fi",38%,49%
The Sweetest Thing,the sweetest thing,"Comedy,Romance",26%,65%
The Visitor,the visitor,Drama,,
The Anniversary Party,the anniversary party,"Comedy,Drama,Romance",61%,57%
CQ,cq,"Comedy,Drama,Sci-Fi",66%,69%
A.Li.Ce,a.li.ce,"Adventure,Animation,Sci-Fi",,
Nice Guys,nice guys,,,25%
Baby Boy,baby boy,"Crime,Drama,Romance",71%,87%
Cubbyhouse,cubbyhouse,"Horror,Thriller",,15%
Father Dear Father,father dear father,Comedy,,
Road to Redemption,road to redemption,"Action,Comedy,Drama",,62%
Shallow Hal,shallow hal,"Comedy,Drama,Fantasy",49%,45%
Sweet Home Alabama,sweet home alabama,"Comedy,Romance",38%,78%
The Curse of the Jade Scorpion,the curse of the jade scorpion,"Comedy,Crime,Mystery",45%,53%
Road to Perdition,road to perdition,"Crime,Drama,Thriller",81%,86%
S.W.A.T.,s.w.a.t.,"Action,Adventure,Crime",48%,52%
Scary Movie 2,scary movie 2,"Comedy,Horror",13%,52%
About Schmidt,about schmidt,Drama,85%,74%
Kangaroo Jack,kangaroo jack,"Action,Adventure,Comedy",9%,29%
High Crimes,high crimes,"Crime,Drama,Mystery",31%,50%
Loft,loft,"Crime,Drama,Horror",,
Panic Room,panic room,"Crime,Drama,Thriller",76%,64%
Pootie Tang,pootie tang,"Action,Adventure,Comedy",27%,63%
The Bourne Identity,the bourne identity,"Action,Mystery,Thriller",84%,93%
Bubble Boy,bubble boy,"Adventure,Comedy,Romance",31%,48%
Clouds,clouds,Drama,,
The Operative,the operative,Action,,15%
Ghost Rider,ghost rider,"Action,Fantasy,Thriller",27%,48%
My Big Fat Greek Wedding,my big fat greek wedding,"Comedy,Drama,Romance",76%,73%
Please Stand By,please stand by,"Comedy,Drama",,
Vanilla Sky,vanilla sky,"Fantasy,Mystery,Romance",43%,72%
Digimon: The Movie,digimon: the movie,"Action,Adventure,Animation",24%,66%
Big Bad Love,big bad love,"Comedy,Drama,Romance",42%,70%
Don't Say a Word,don't say a word,"Drama,Mystery,Thriller",24%,49%
Serving Sara,serving sara,"Comedy,Romance",4%,27%
Surveillance,surveillance,"Comedy,Crime,Mystery",55%,43%
Jay and Silent Bob Strike Back,jay and silent bob strike back,Comedy,52%,75%
One for the Money,one for the money,,2%,42%
Gamer,gamer,"Comedy,Sci-Fi",29%,39%
Bangkok Dangerous,bangkok dangerous,"Action,Crime,Drama",9%,26%
Fighter,fighter,Documentary,,
Love the Hard Way,love the hard way,"Crime,Drama,Romance",28%,66%
Man of Steel,man of steel,Drama,,
Uptown Girls,uptown girls,"Comedy,Drama,Romance",13%,61%
View from the Top,view from the top,"Comedy,Romance",14%,34%
Basic,basic,"Crime,Drama,Mystery",21%,62%
Changing Lanes,changing lanes,"Drama,Thriller",78%,53%
Frailty,frailty,"Crime,Drama,Thriller",75%,79%
Kissing Jessica Stein,kissing jessica stein,"Comedy,Drama,Romance",83%,65%
Life as a House,life as a house,Drama,47%,88%
America's Sweethearts,america's sweethearts,"Comedy,Romance",33%,40%
Black Hawk Down,black hawk down,"Action,Drama,History",77%,88%
Black Knight,black knight,"Adventure,Comedy,Fantasy",15%,34%
Big Fat Liar,big fat liar,"Adventure,Comedy,Family",46%,44%
The Mothman Prophecies,the mothman prophecies,"Drama,Horror,Mystery",52%,56%
One Hour Photo,one hour photo,"Drama,Thriller",81%,65%
Pumpkin,pumpkin,"Comedy,Drama,Romance",36%,57%
Recess: School's Out,recess: school's out,"Adventure,Animation,Comedy",60%,56%
The Royal Tenenbaums,the royal tenenbaums,"Comedy,Drama",81%,89%
Stealing Harvard,stealing harvard,"Comedy,Crime",9%,39%
The Cat's Meow,the cat's meow,"Crime,Drama,Romance",76%,52%
Death to Smoochy,death to smoochy,"Comedy,Crime,Drama",42%,66%
Duplex,duplex,Comedy,35%,40%
Finding Nemo,finding nemo,"Adventure,Animation,Comedy",99%,86%
Marci X,marci x,"Comedy,Music",8%,29%
Rush Hour 2,rush hour 2,"Action,Comedy,Crime",50%,74%
Spy Game,spy game,"Action,Crime,Thriller",64%,75%
Yamakasi,yamakasi - les samouraïs des temps modernes,"Action,Crime,Drama",,63%
Abandon,abandon,"Drama,Mystery,Romance",16%,31%
K-19: The Widowmaker,k-19: the widowmaker,"Drama,History,Thriller",60%,52%
The One,the one,"Action,Sci-Fi,Thriller",13%,51%
Ice Age,ice age,"Adventure,Animation,Comedy",77%,82%
Jimmy Neutron: Boy Genius,jimmy neutron: boy genius,"Action,Adventure,Animation",74%,53%
13 Conversations About One Thing,thirteen conversations about one thing,Drama,83%,71%
A Beautiful Mind,a beautiful mind,"Biography,Drama,Mystery",74%,93%
The Majestic,the majestic,"Drama,Romance",42%,60%
City by the Sea,city by the sea,"Crime,Drama,Mystery",48%,40%
Two Can Play That Game,two can play that game,"Comedy,Romance",40%,83%
The Business of Strangers,the business of strangers,"Drama,Thriller",81%,51%
Confessions of a Dangerous Mind,confessions of a dangerous mind,"Biography,Comedy,Crime",80%,75%
The Truth About Charlie,the truth about charlie,"Mystery,Thriller",34%,27%
My Boss's Daughter,my boss's daughter,"Comedy,Romance",8%,23%
Kiss of the Dragon,kiss of the dragon,"Action,Crime,Thriller",52%,68%
Stoked: The Rise and Fall of Gator,stoked: the rise and fall of gator,"Documentary,Sport",81%,75%
Tadpole,tadpole,"Comedy,Drama,Romance",77%,57%
Welcome to Collinwood,welcome to collinwood,"Comedy,Crime",55%,55%
Eight Legged Freaks,eight legged freaks,"Action,Adventure,Comedy",48%,33%
National Security,national security,"Action,Comedy,Crime",11%,45%
The Last Castle,the last castle,"Action,Drama,Thriller",52%,74%
K-PAX,k-pax,"Drama,Mystery,Sci-Fi",42%,74%
Narc,narc,"Crime,Drama,Mystery",84%,79%
Punch-Drunk Love,punch-drunk love,"Comedy,Drama,Romance",79%,77%
According to Spencer,according to spencer,"Comedy,Drama,Romance",,22%
Contagion,contagion,"Drama,Sci-Fi",,
Darkness,darkness,Horror,5%,31%
Max Keeble's Big Move,max keeble's big move,"Action,Comedy,Crime",29%,38%
Mockingbird Don't Sing,mockingbird don't sing,"Biography,Drama",,72%
Orange County,orange county,"Comedy,Drama",47%,61%
Poolhall Junkies,poolhall junkies,"Comedy,Drama,Sport",33%,87%
Johnny English,johnny english,"Action,Adventure,Comedy",33%,51%
24 Hour Party People,24 hour party people,"Biography,Comedy,Drama",87%,87%
The Hours,the hours,"Drama,Romance",80%,84%
Scoop,scoop,"Comedy,Crime,Thriller",41%,55%
Shirley,shirley,Drama,74%,70%
Blood: The Last Vampire,blood: the last vampire,"Action,Animation,Horror",50%,66%
Lilo & Stitch,lilo & stitch,"Adventure,Animation,Comedy",87%,78%
Avenging Angelo,avenging angelo,"Action,Comedy,Crime",13%,33%
The Country Bears,the country bears,"Comedy,Family,Music",29%,34%
The Imposter,the imposter,"Adult,Comedy",,
P,p,Adult,,20%
About a Boy,about a boy,"Comedy,Drama,Romance",93%,55%
Dogville,dogville,"Crime,Drama",70%,89%
I Am Sam,i am sam,Drama,36%,86%
The Scorpion King,the scorpion king,"Action,Adventure,Fantasy",41%,37%
Not Another Teen Movie,not another teen movie,Comedy,31%,55%
We Were Soldiers,we were soldiers,"Action,Drama,History",64%,84%
Elektra,elektra,"Drama,Music",11%,29%
Full Frontal,full frontal,Comedy,39%,27%
Life Is Beautiful,life is beautiful,"Comedy,Drama",,
All About the Benjamins,all about the benjamins,"Action,Comedy,Crime",31%,77%
Enough,enough,"Crime,Drama,Thriller",,
How High,how high,"Comedy,Fantasy",25%,79%
Stanley Kubrick: A Life in Pictures,stanley kubrick: a life in pictures,"Biography,Documentary",86%,89%
Hollywood Ending,hollywood ending,"Comedy,Romance",47%,49%
Elling,elling,"Comedy,Drama",85%,91%
Gods and Generals,gods and generals,"Biography,Drama,History",8%,64%
The Good Girl,the good girl,"Drama,Romance",82%,59%
Dark Blue,dark blue,"Crime,Drama,Thriller",58%,52%
Undercover Brother,undercover brother,"Action,Comedy",78%,64%
Divine Secrets of the Ya-Ya Sisterhood,divine secrets of the ya-ya sisterhood,Drama,44%,65%
Sorority Boys,sorority boys,Comedy,12%,54%
Joe Somebody,joe somebody,"Comedy,Drama",21%,27%
Magdalen,magdalen,Drama,,
Return to Never Land,return to never land,"Adventure,Animation,Family",45%,39%
The Banger Sisters,the banger sisters,"Comedy,Drama",48%,42%
Mr. Deeds,mr. deeds,"Comedy,Romance",22%,59%
The First $20 Million Is Always the Hardest,the first $20 million is always the hardest,Comedy,11%,49%
Gosford Park,gosford park,"Comedy,Drama,Mystery",87%,78%
Igby Goes Down,igby goes down,"Comedy,Drama",75%,80%
Wanderlust,wanderlust,Drama,,
Undisputed,undisputed,"Action,Crime,Drama",49%,46%
A Walk to Remember,a walk to remember,"Drama,Romance",29%,78%
Wasabi,wasabi,"Action,Comedy,Crime",43%,69%
Snow Dogs,snow dogs,"Adventure,Comedy,Family",26%,40%
The Good Thief,the good thief,"Action,Crime,Drama",77%,62%
The Wild Thornberrys,the wild thornberrys movie,"Adventure,Animation,Comedy",80%,51%
Life or Something Like It,life or something like it,"Comedy,Romance",28%,44%
Swimfan,swimfan,"Drama,Thriller",15%,32%
Van Wilder,national lampoon's van wilder,"Comedy,Romance",18%,73%
White Oleander,white oleander,Drama,69%,81%
Extreme Ops,extreme ops,"Action,Adventure,Thriller",7%,28%
The Holy Land,the holy land,Drama,52%,78%
The Jungle Book 2,the jungle book 2,"Adventure,Animation,Comedy",18%,30%
The Emperor's Club,the emperor's club,Drama,50%,67%
They,they,"Horror,Mystery,Thriller",67%,38%
Assassination Tango,assassination tango,"Crime,Drama,Romance",47%,33%
Dog Days,dog days,Drama,49%,69%
Nebraska,nebraska,Drama,91%,83%
Showtime,showtime,"Action,Comedy,Crime",,
Gulag,gulag,"Documentary,History",,58%
Boat Trip,boat trip,Comedy,7%,36%
Dreamcatcher,dreamcatcher,"Drama,Horror,Sci-Fi",28%,35%
Monster's Ball,monster's ball,"Drama,Romance",85%,67%
Once Upon a Time in Mexico,once upon a time in mexico,"Action,Crime,Thriller",66%,64%
Owning Mahowny,owning mahowny,"Crime,Drama,Thriller",78%,75%
Passionada,passionada,"Comedy,Drama,Romance",57%,54%
Salt,salt,,,
Signs,signs,"Drama,Mystery,Sci-Fi",75%,67%
Stolen Summer,stolen summer,Drama,36%,66%
Sunshine State,sunshine state,"Drama,Romance",80%,58%
Bend It Like Beckham,bend it like beckham,"Comedy,Drama,Romance",85%,73%
Close Your Eyes,doctor sleep,"Crime,Horror,Mystery",78%,89%
Hulk,hulk,"Action,Sci-Fi",63%,29%
What a Girl Wants,what a girl wants,"Comedy,Drama,Family",36%,62%
Daredevil,daredevil,"Action,Crime,Drama",43%,35%
Swimming Pool,swimming pool,Drama,83%,67%
Wendy,wendy,,42%,75%
The Lift,the lift,,,
28 Days Later,28 days later,"Drama,Horror,Sci-Fi",87%,85%
The Powerpuff Girls Movie,the powerpuff girls movie,"Action,Adventure,Animation",64%,60%
Red Dragon,red dragon,"Crime,Drama,Thriller",69%,74%
Analyze That,analyze that,"Comedy,Crime",26%,39%
The Butterfly Effect,the butterfly effect,"Drama,Sci-Fi,Thriller",34%,81%
The Life of David Gale,the life of david gale,"Crime,Drama,Mystery",19%,81%
Meet the Fockers,meet the fockers,"Comedy,Romance",39%,58%
The Tuxedo,the tuxedo,"Action,Comedy,Sci-Fi",21%,30%
X2: X-Men United,x2,"Action,Sci-Fi,Thriller",85%,85%
Brownwood,knocked up,"Comedy,Drama",89%,83%
The Legend of Suriyothai,suriyothai,"Action,Adventure,Biography",51%,62%
The Rules of Attraction,the rules of attraction,"Comedy,Drama,Romance",44%,71%
Before the Devil Knows You're Dead,before the devil knows you're dead,"Crime,Drama,Thriller",89%,72%
Click,click,"Comedy,Family,Romance",34%,66%
Rush Hour 3,rush hour 3,"Action,Comedy,Crime",17%,63%
Super Sucker,super sucker,Comedy,29%,41%
The Transporter,the transporter,"Action,Crime,Thriller",54%,73%
Friday After Next,friday after next,"Comedy,Drama",26%,75%
Beyond Borders,beyond borders,"Adventure,Drama,Romance",14%,72%
The Wackiest Wagon Train in the West,the wackiest wagon train in the west,"Comedy,Western",,17%
Austin Powers in Goldmember,austin powers in goldmember,"Action,Adventure,Comedy",53%,44%
Personal Velocity,personal velocity: three portraits,"Drama,Romance",69%,61%
A Guy Thing,a guy thing,"Comedy,Romance",25%,35%
Harry Potter and the Chamber of Secrets,harry potter and the chamber of secrets,"Adventure,Family,Fantasy",82%,80%
The Master of Disguise,the master of disguise,"Adventure,Comedy,Family",1%,36%
Wrong Turn,wrong turn,"Horror,Thriller",41%,54%
xXx,xxx,"Action,Adventure,Drama",48%,58%
Real Women Have Curves,real women have curves,"Comedy,Drama",85%,75%
The Chronicles of Riddick,the chronicles of riddick,"Action,Adventure,Sci-Fi",29%,65%
Company,company,"Action,Crime,Drama",,
Epic,epic,"Action,Adventure,Animation",,
Half Past Dead,half past dead,"Action,Crime,Thriller",3%,37%
Mindhunters,mindhunters,"Crime,Horror,Thriller",24%,57%
Ultimate X: The Movie,ultimate x: the movie,"Documentary,Sport",72%,43%
Far from Heaven,far from heaven,"Drama,Romance",87%,79%
Shrek 2,shrek 2,"Adventure,Animation,Comedy",89%,69%
8 Mile,8 mile,"Drama,Music",75%,54%
Whale Rider,whale rider,"Drama,Family",91%,88%
Derailed,derailed,"Action,Thriller",21%,58%
Jonah: A VeggieTales Movie,jonah: a veggietales movie,"Adventure,Animation,Comedy",66%,75%
Man,man,,,
Auto Focus,auto focus,"Biography,Crime,Drama",72%,61%
The Core,the core,"Action,Adventure,Sci-Fi",39%,34%
In America,in america,Drama,90%,91%
Evelyn,evelyn,Drama,64%,78%
Hop,hop,"Comedy,Drama",,86%
Lucky,lucky,"Comedy,Fantasy,Horror",,58%
Someone Like You,someone like you,Drama,,
Cake,cake,,,
Drop,drop,,,
Gigli,gigli,"Comedy,Crime,Romance",6%,14%
I Capture the Castle,i capture the castle,"Drama,Romance",78%,76%
Shanghai Knights,shanghai knights,"Action,Adventure,Comedy",66%,54%
Blue Crush,blue crush,"Drama,Romance,Sport",61%,58%
Timeline,timeline,"Action,Adventure,Sci-Fi",13%,45%
Deliver Us from Eva,deliver us from eva,"Comedy,Drama,Romance",43%,76%
Dirty Pretty Things,dirty pretty things,"Crime,Drama,Thriller",94%,82%
The Heart of Me,the heart of me,"Drama,Romance",50%,61%
Jeepers Creepers 2,jeepers creepers 2,Horror,24%,37%
Once Upon a Time in the Midlands,once upon a time in the midlands,"Comedy,Drama,Romance",51%,45%
State Property,state property,"Action,Crime,Drama",0%,73%
The Hot Chick,the hot chick,"Comedy,Fantasy",21%,59%
The Kid Stays in the Picture,the kid stays in the picture,"Biography,Documentary",91%,80%
Barbershop,barbershop,"Comedy,Drama",82%,62%
Cabin Fever,cabin fever,Horror,,
Drumline,drumline,"Comedy,Drama,Music",82%,70%
Harry Potter and the Prisoner of Azkaban,harry potter and the prisoner of azkaban,"Adventure,Family,Fantasy",90%,86%
Mona Lisa Smile,mona lisa smile,Drama,34%,60%
The Santa Clause 2,the santa clause 2,"Comedy,Family,Fantasy",56%,43%
American Splendor,american splendor,"Biography,Comedy,Drama",94%,86%
Anger Management,anger management,Comedy,,
Charlie's Angels: Full Throttle,charlie's angels: full throttle,"Action,Adventure,Comedy",41%,40%
The Crocodile Hunter: Collision Course,the crocodile hunter: collision course,"Action,Adventure,Comedy",53%,44%
Bringing Down the House,bringing down the house,Comedy,34%,49%
The Last Summer,the last summer,Drama,,
Scary Movie 3,scary movie 3,Comedy,35%,54%
Cradle 2 the Grave,cradle 2 the grave,"Action,Crime,Drama",26%,52%
The Lizzie McGuire Movie,the lizzie mcguire movie,"Adventure,Comedy,Family",40%,49%
The Night Porter,the night porter,Comedy,67%,68%
Shark Tale,shark tale,"Adventure,Animation,Comedy",35%,48%
Solaris,solaris,"Drama,Mystery,Romance",66%,59%
The Wild,the wild,"Adventure,Drama,Mystery",19%,36%
25th Hour,25th hour,Drama,79%,85%
Bad Santa,bad santa,"Comedy,Crime,Drama",78%,75%
Ballistic: Ecks vs. Sever,ballistic: ecks vs. sever,"Action,Crime,Mystery",0%,20%
Happily N'Ever After,happily n'ever after,"Adventure,Animation,Comedy",6%,34%
The Human Stain,the human stain,"Drama,Romance,Thriller",42%,48%
Like Mike,like mike,"Comedy,Family,Fantasy",57%,51%
Step Into Liquid,step into liquid,"Documentary,Sport",80%,92%
Lost in La Mancha,lost in la mancha,Documentary,94%,77%
Finding Neverland,finding neverland,"Biography,Drama,Family",83%,87%
Revolution OS,revolution os,"Comedy,Documentary",43%,77%
The Shape of Things,the shape of things,"Comedy,Drama,Romance",64%,65%
Sight,sight,,71%,98%
Blood Work,blood work,"Action,Crime,Drama",52%,40%
Down with Love,down with love,"Comedy,Romance",60%,62%
Final Destination 2,final destination 2,"Horror,Thriller",50%,58%
Identity,identity,"Mystery,Thriller",63%,75%
Nicholas Nickleby,nicholas nickleby,"Adventure,Drama,Romance",,
Paul,paul,Drama,70%,62%
Reality,reality,Documentary,,
A Mighty Wind,a mighty wind,"Comedy,Music",87%,75%
White Elephant,white elephant,"Comedy,Drama",,
Bowling for Columbine,bowling for columbine,"Crime,Documentary,Drama",95%,83%
Master and Commander: The Far Side of the World,master and commander: the far side of the world,"Action,Adventure,Drama",85%,80%
Holes,holes,"Adventure,Comedy,Drama",78%,76%
The League of Extraordinary Gentlemen,the league of extraordinary gentlemen,"Action,Adventure,Fantasy",17%,44%
Pieces of April,pieces of april,"Comedy,Drama",84%,73%
Against the Ropes,against the ropes,"Biography,Drama,Romance",12%,29%
Veronica Guerin,veronica guerin,"Biography,Crime,Drama",53%,69%
Runaway Jury,runaway jury,"Crime,Drama,Thriller",73%,75%
Two Weeks Notice,two weeks notice,"Comedy,Romance",42%,59%
Anything Else,anything else,"Comedy,Romance",40%,44%
Agent Cody Banks,agent cody banks,"Action,Adventure,Comedy",38%,32%
Hey Arnold! The Movie,hey arnold! the movie,"Adventure,Animation,Comedy",29%,37%
Love Actually,love actually,"Comedy,Drama,Romance",64%,72%
Tears of the Sun,tears of the sun,"Action,Drama,Thriller",34%,69%
My Life Without Me,my life without me,"Drama,Romance",65%,87%
Hope Springs,hope springs,"Comedy,Romance",25%,27%
The Perfect Score,the perfect score,"Comedy,Crime,Drama",16%,44%
The Secret Lives of Dentists,the secret lives of dentists,Drama,85%,58%
The Singing Detective,the singing detective,"Comedy,Crime,Musical",39%,40%
Sucker Punch,sucker punch,"Comedy,Crime,Drama",,45%
Bruce Almighty,bruce almighty,"Comedy,Fantasy",48%,57%
Chino,chino,"Drama,Romance",,36%
Road,road,"Crime,Drama,Thriller",40%,40%
21 Grams,21 grams,"Crime,Drama,Thriller",81%,86%
House of Sand and Fog,house of sand and fog,"Crime,Drama",74%,83%
Radio,radio,"Biography,Drama,Sport",35%,79%
Spider-Man 2,spider-man 2,"Action,Adventure,Sci-Fi",93%,82%
Because of Winn-Dixie,because of winn-dixie,"Comedy,Drama,Family",55%,63%
Bridget Jones: The Edge of Reason,bridget jones: the edge of reason,"Comedy,Drama,Romance",27%,60%
Cars,cars,"Adventure,Animation,Comedy",75%,80%
Daddy Day Care,daddy day care,"Comedy,Family",27%,48%
The Guard,the guard,Drama,,
Hidalgo,hidalgo,"Action,Adventure,Biography",46%,64%
The Incredibles,the incredibles,"Action,Adventure,Animation",97%,75%
A Sound of Thunder,a sound of thunder,"Action,Adventure,Horror",6%,18%
Looney Tunes: Back in Action,looney tunes: back in action,"Adventure,Animation,Comedy",57%,50%
Alex & Emma,alex & emma,"Comedy,Romance",11%,41%
The Cooler,the cooler,"Drama,Romance",77%,69%
The Magdalene Sisters,the magdalene sisters,Drama,91%,89%
Resident Evil: Apocalypse,resident evil: apocalypse,"Action,Horror,Sci-Fi",19%,60%
Thumbsucker,thumbsucker,"Comedy,Drama",71%,71%
The Day After Tomorrow,the day after tomorrow,"Action,Adventure,Sci-Fi",45%,50%
Elf,elf,"Adventure,Comedy,Family",86%,79%
How to Deal,how to deal,"Comedy,Drama,Romance",27%,64%
Karumadikkuttan,karumadikkuttan,Drama,,
Masked and Anonymous,masked and anonymous,"Comedy,Drama,Music",25%,45%
Rogue,rogue,"Action,Adventure,Drama",84%,54%
Kingdom of Heaven,kingdom of heaven,"Action,Adventure,Drama",40%,72%
Warrior,warrior,"Action,Adventure,Fantasy",,
Burlesque,burlesque,"Comedy,Musical",37%,64%
2 Fast 2 Furious,2 fast 2 furious,"Action,Crime,Thriller",37%,50%
Northfork,northfork,"Drama,Fantasy",57%,66%
Jackass: The Movie,jackass: the movie,"Action,Comedy,Documentary",49%,75%
Laws of Attraction,laws of attraction,"Comedy,Romance",18%,47%
The Mother,the mother,"Drama,Romance",,
Chasing Papi,chasing papi,"Comedy,Romance",14%,40%
Piglet's Big Movie,piglet's big movie,"Adventure,Animation,Comedy",70%,64%
Shattered Glass,shattered glass,"Drama,History",92%,79%
Suspect Zero,suspect zero,"Crime,Horror,Mystery",18%,38%
The Texas Chainsaw Massacre,the texas chainsaw massacre,Horror,37%,58%
Wicker Park,wicker park,"Drama,Mystery,Romance",27%,79%
Dickie Roberts: Former Child Star,dickie roberts: former child star,Comedy,22%,46%
Head of State,head of state,Comedy,30%,46%
Matchstick Men,matchstick men,"Comedy,Crime,Drama",83%,74%
Pirates of the Caribbean: The Curse of the Black Pearl,pirates of the caribbean: the curse of the black pearl,"Action,Adventure,Fantasy",80%,86%
Biker Boyz,biker boyz,"Action,Drama",22%,54%
The Great Raid,the great raid,"Action,Drama,War",38%,70%
Martin Lawrence Live: Runteldat,martin lawrence live: runteldat,"Comedy,Documentary",39%,68%
Mystic River,mystic river,"Crime,Drama,Mystery",89%,89%
Over the Hedge,over the hedge,"Adventure,Animation,Comedy",75%,71%
Secondhand Lions,secondhand lions,"Comedy,Drama,Family",60%,84%
The Whole Ten Yards,the whole ten yards,"Comedy,Crime,Thriller",4%,40%
Around the World in 80 Days,around the world in 80 days,"Action,Adventure,Comedy",32%,34%
Catwoman,catwoman,"Action,Crime,Fantasy",8%,18%
Coraline,coraline,"Animation,Drama,Family",91%,74%
Ella Enchanted,ella enchanted,"Comedy,Family,Fantasy",51%,57%
The Rundown,the rundown,"Action,Adventure,Comedy",70%,66%
Kingdom,kingdom,"Adventure,Family,Fantasy",94%,96%
Malibu's Most Wanted,malibu's most wanted,"Comedy,Crime",31%,54%
Trip,trip,"Comedy,Romance",,
Under the Tuscan Sun,under the tuscan sun,"Comedy,Drama,Romance",62%,78%
American Wedding,american wedding,Comedy,53%,63%
Brother Bear,brother bear,"Adventure,Animation,Comedy",37%,66%
Dumb and Dumberer: When Harry Met Lloyd,dumb and dumberer: when harry met lloyd,Comedy,10%,23%
Freddy vs. Jason,freddy vs. jason,"Action,Horror",42%,50%
Seabiscuit,seabiscuit,"Drama,History,Sport",78%,76%
Hollywood Homicide,hollywood homicide,"Action,Comedy,Crime",30%,27%
xXx: State of the Union,xxx: state of the union,"Action,Adventure,Crime",17%,32%
Blue Collar Comedy Tour: The Movie,blue collar comedy tour: the movie,"Comedy,Documentary",92%,79%
Happening,happening,Adult,99%,77%
Harry Potter and the Goblet of Fire,harry potter and the goblet of fire,"Adventure,Family,Fantasy",88%,74%
The Old Guard,the old guard,,80%,70%
Cold Creek Manor,cold creek manor,"Drama,Mystery,Thriller",12%,23%
The Clearing,the clearing,"Drama,Mystery,Thriller",43%,32%
Grace,grace,Documentary,,
The Notebook,the notebook,"Drama,Romance",54%,85%
Saved!,saved!,"Comedy,Drama",61%,78%
Troy,troy,"Action,Adventure,Drama",53%,73%
My Baby's Daddy,my baby's daddy,Comedy,6%,50%
Garden State,garden state,"Comedy,Drama,Romance",86%,88%
"Legally Blonde 2: Red, White & Blonde","legally blonde 2: red, white & blonde",Comedy,36%,39%
Mr. Nobody,mr. nobody,Drama,67%,76%
Fractured,fractured,"Drama,Thriller",57%,53%
Girl with a Pearl Earring,girl with a pearl earring,"Biography,Drama,Romance",73%,68%
Godsend,godsend,"Action,Drama,Fantasy",4%,20%
Lost in Translation,lost in translation,"Comedy,Drama",95%,85%
The Passion of the Christ,the passion of the christ,Drama,49%,80%
Starsky & Hutch,starsky & hutch,"Comedy,Crime",63%,49%
Win a Date with Tad Hamilton!,win a date with tad hamilton!,"Comedy,Romance",55%,46%
13 Going on 30,13 going on 30,"Comedy,Fantasy,Romance",65%,71%
Barbershop 2: Back in Business,barbershop 2: back in business,"Comedy,Drama",69%,48%
Love Don't Cost a Thing,love don't cost a thing,"Comedy,Drama,Romance",13%,65%
The Prince and Me,the prince & me,"Comedy,Family,Romance",29%,59%
Rugrats Go Wild,rugrats go wild,"Adventure,Animation,Comedy",40%,39%
Something's Gotta Give,something's gotta give,"Comedy,Drama,Romance",72%,69%
Calendar Girls,calendar girls,"Comedy,Drama",74%,67%
Catch That Kid,catch that kid,"Adventure,Comedy,Crime",13%,47%
Cellular,cellular,"Action,Crime,Thriller",56%,58%
Live Free or Die Hard,live free or die hard,"Action,Thriller",82%,86%
Eternal Sunshine of the Spotless Mind,eternal sunshine of the spotless mind,"Drama,Romance,Sci-Fi",92%,94%
The Haunted Mansion,the haunted mansion,"Comedy,Family,Fantasy",13%,31%
Lucky You,lucky you,"Drama,Romance,Sport",28%,28%
Paycheck,paycheck,"Action,Mystery,Sci-Fi",27%,45%
The Polar Express,the polar express,"Adventure,Animation,Comedy",56%,64%
Shopgirl,shopgirl,"Drama,Romance",61%,58%
Spy Kids 3: Game Over,spy kids 3: game over,"Action,Adventure,Comedy",45%,25%
Stuck on You,stuck on you,Comedy,61%,35%
Van Helsing,van helsing,"Action,Adventure,Fantasy",24%,57%
From Justin to Kelly,from justin to kelly,"Comedy,Music,Musical",8%,39%
Gone,gone,Thriller,,
Highwaymen,highwaymen,"Action,Crime,Horror",13%,37%
Mr. 3000,mr. 3000,"Comedy,Drama,Romance",55%,30%
Stateside,stateside,"Drama,Music,Romance",24%,60%
Being Julia,being julia,"Comedy,Drama,Romance",77%,74%
The Drop,the drop,"Action,Adventure,Fantasy",89%,76%
New World,new world,"Action,Drama,Fantasy",63%,86%
The Station Agent,the station agent,"Comedy,Drama",94%,89%
Runaways,runaways,"Drama,Romance",,40%
Tupac: Resurrection,tupac: resurrection,"Biography,Documentary,Music",78%,90%
Along Came Polly,along came polly,"Comedy,Romance",27%,47%
50 First Dates,50 first dates,"Comedy,Drama,Romance",45%,65%
The Good Shepherd,the good shepherd,"Drama,History,Thriller",,27%
The Good Shepherd,the good shepherd,"Drama,History,Thriller",56%,51%
"I, Robot","i, robot","Action,Mystery,Sci-Fi",57%,70%
Tutor,tutor,Drama,,
Bedtime Stories,bedtime stories,"Drama,Romance",27%,55%
Connie and Carla,connie and carla,"Comedy,Crime,Music",44%,70%
Machine,machine,"Crime,Drama",,
P.S. I Love You,p.s. i love you,"Drama,Romance",25%,80%
The SpongeBob SquarePants Movie,the spongebob squarepants movie,"Adventure,Animation,Comedy",68%,78%
Alexander,alexander,"Action,Biography,Drama",16%,35%
Entourage,entourage,Drama,32%,57%
Jiminy Glick in Lalawood,jiminy glick in lalawood,"Comedy,Mystery",23%,33%
Outcasts,outcasts,"Comedy,Drama",,
Superman Returns,superman returns,"Action,Adventure,Sci-Fi",74%,60%
The Door in the Floor,the door in the floor,"Comedy,Drama",68%,64%
Gothika,gothika,"Horror,Mystery,Thriller",15%,45%
Breakin' All the Rules,breakin' all the rules,"Comedy,Romance",31%,57%
In My Country,country of my skull,"Drama,Romance",23%,56%
Freedomland,freedomland,"Crime,Drama,Mystery",24%,25%
Ladder 49,ladder 49,"Action,Drama,Thriller",41%,81%
Miracle,miracle,"Biography,Drama,History",81%,90%
Unstoppable,unstoppable,"Action,Adventure,Drama",,24%
Ocean's Twelve,ocean's twelve,"Crime,Thriller",55%,60%
Raising Helen,raising helen,"Comedy,Drama,Romance",25%,61%
Cinderella Man,cinderella man,"Biography,Drama,Romance",80%,91%
De-Lovely,de-lovely,"Biography,Drama,Music",48%,66%
Mafia,mafia,"Action,Crime,Thriller",,
New Guy,new guy,"Comedy,Fantasy,Horror",63%,42%
Year One,year one,"Action,Adventure,Drama",14%,24%
Five Times Two,5x2,"Drama,Romance",65%,69%
Never Die Alone,never die alone,"Action,Crime,Drama",26%,61%
Two Brothers and Two Others,two brothers,Drama,78%,75%
The Brothers Grimm,the brothers grimm,"Action,Adventure,Comedy",38%,39%
Lords of Dogtown,lords of dogtown,"Biography,Drama,Sport",55%,81%
Tom & Jerry,tom & jerry,"Action,Comedy",30%,82%
EuroTrip,eurotrip,Comedy,47%,75%
A Cinderella Story,a cinderella story,"Comedy,Family,Romance",11%,53%
Cold Light of Day,cold light of day,"Biography,Crime,Horror",,24%
Garfield: The Movie,garfield: the movie,"Adventure,Comedy,Family",14%,38%
The Family Stone,the family stone,"Comedy,Drama,Romance",52%,63%
I Heart Huckabees,i heart huckabees,Comedy,64%,75%
The Last Shot,the last shot,"Comedy,Romance",62%,32%
The Ballad of Jack and Rose,the ballad of jack and rose,Drama,47%,61%
Union Square,union square,Drama,64%,35%
Anchorman: The Legend of Ron Burgundy,anchorman: the legend of ron burgundy,Comedy,66%,86%
The Battle of Shaker Heights,the battle of shaker heights,"Comedy,Drama,Romance",39%,48%
Boogeyman,boogeyman,"Drama,Horror,Mystery",13%,21%
Robots,robots,"Adventure,Animation,Comedy",64%,54%
Shall We Dance?,shall we dance?,"Comedy,Drama,Music",47%,57%
Walk the Line,walk the line,"Biography,Drama,Music",82%,90%
Agent Cody Banks 2: Destination London,agent cody banks 2: destination london,"Action,Adventure,Comedy",13%,31%
Blade: Trinity,blade: trinity,"Action,Horror,Sci-Fi",24%,58%
A Home at the End of the World,a home at the end of the world,"Drama,Romance",50%,67%
Johnson Family Vacation,johnson family vacation,Comedy,6%,44%
Rise,rise,,100%,87%
Spartan,spartan,"Action,Crime,Drama",65%,62%
Chasing Liberty,chasing liberty,"Comedy,Romance",18%,60%
Wimbledon,wimbledon,"Comedy,Romance,Sport",61%,57%
Constantine,constantine,"Action,Fantasy,Horror",46%,72%
The Gray Man,the gray man,"Action,Crime,Drama",,35%
The Real Cancun,the real cancun,Documentary,34%,30%
Valiant,valiant,"Adventure,Animation,Comedy",32%,29%
Bride & Prejudice,bride & prejudice,"Comedy,Drama,Musical",64%,70%
Confessions of a Teenage Drama Queen,confessions of a teenage drama queen,"Comedy,Family,Music",14%,35%
Delgo,delgo,"Adventure,Animation,Comedy",12%,26%
Fahrenheit 9/11,fahrenheit 9/11,"Documentary,Drama,War",82%,70%
First Daughter,first daughter,"Comedy,Drama,Romance",8%,42%
Raise Your Voice,raise your voice,"Family,Music,Musical",16%,71%
Inglourious Basterds,inglourious basterds,"Adventure,Drama,War",89%,88%
Little Black Book,little black book,"Comedy,Drama,Romance",22%,37%
Welcome to Mooseport,welcome to mooseport,"Comedy,Romance",13%,19%
Scary Movie 4,scary movie 4,Comedy,34%,51%
Son of the Mask,son of the mask,"Comedy,Family,Fantasy",6%,16%
Kinsey,kinsey,"Biography,Drama,Romance",90%,75%
Another Nice Mess,another nice mess,Comedy,,
Employee of the Month,employee of the month,"Comedy,Drama",20%,53%
The Grey,the grey,Drama,,
New York Minute,new york minute,"Adventure,Comedy,Crime",11%,47%
Beyond the Sea,beyond the sea,"Biography,Drama,Music",42%,64%
Lymelife,lymelife,"Comedy,Drama,Romance",64%,52%
Secret Window,secret window,"Drama,Mystery,Thriller",45%,65%
Taking Lives,taking lives,"Crime,Mystery,Thriller",22%,54%
Long Gone,long gone,Documentary,,93%
Dodgeball: A True Underdog Story,dodgeball: a true underdog story,"Comedy,Sport",71%,76%
Without a Paddle,without a paddle,"Adventure,Comedy,Mystery",14%,68%
Art School Confidential,art school confidential,"Comedy,Drama,Romance",36%,48%
The Assassination of Richard Nixon,the assassination of richard nixon,"Biography,Crime,Drama",68%,69%
Babylon A.D.,babylon a.d.,"Action,Adventure,Sci-Fi",7%,26%
The Matador,the matador,"Comedy,Crime,Thriller",,
The Passing,the passing,"Drama,Horror,Sci-Fi",,
Syriana,syriana,"Drama,Thriller",73%,67%
Shaun of the Dead,shaun of the dead,"Comedy,Horror",92%,93%
The Upside of Anger,the upside of anger,"Comedy,Drama",74%,63%
A Walk Among the Tombstones,a walk among the tombstones,"Action,Crime,Drama",68%,53%
Whiteout,whiteout,"Action,Crime,Mystery",,
You Got Served,you got served,"Drama,Music",14%,69%
Anacondas: The Hunt for the Blood Orchid,anacondas: the hunt for the blood orchid,"Action,Adventure,Horror",26%,27%
Stalin,stalin,"Action,Drama",,72%
Happy Feet,happy feet,"Adventure,Animation,Comedy",76%,70%
Harold & Kumar Go to White Castle,harold & kumar go to white castle,"Adventure,Comedy",75%,80%
The Jacket,the jacket,"Drama,Fantasy,Mystery",44%,73%
Prisoner of Zenda,prisoner of zenda,"Adventure,Animation,Comedy",,
The Saddest Music in the World,the saddest music in the world,"Comedy,Musical",80%,79%
Soul Plane,soul plane,Comedy,18%,51%
The Squid and the Whale,the squid and the whale,"Comedy,Drama",92%,81%
Toolbox Murders,toolbox murders,"Drama,Horror,Mystery",50%,33%
After the Sunset,after the sunset,"Action,Comedy,Crime",18%,52%
Charlie and the Chocolate Factory,charlie and the chocolate factory,"Adventure,Comedy,Family",83%,51%
D.E.B.S.,d.e.b.s.,"Action,Comedy,Romance",42%,56%
Indiana Jones and the Kingdom of the Crystal Skull,indiana jones and the kingdom of the crystal skull,"Action,Adventure",77%,53%
Hannibal Rising,hannibal rising,"Adventure,Crime,Drama",16%,55%
November,november,"Drama,Mystery,Thriller",31%,41%
The Room,the room,Drama,24%,47%
This Is Not a Film,this is not a film,"Comedy,Romance",,56%
The Village,the village,"Drama,Mystery,Thriller",44%,57%
Stage Beauty,stage beauty,Drama,64%,78%
Elizabethtown,elizabethtown,"Comedy,Drama,Romance",28%,66%
Faster,faster,"Documentary,Sport",53%,90%
Maestro,maestro,"Documentary,Music",,80%
National Treasure,national treasure,"Action,Adventure,Mystery",46%,76%
The Princess Diaries 2: Royal Engagement,the princess diaries 2: royal engagement,"Comedy,Family,Romance",26%,59%
Collateral,collateral,"Action,Crime,Drama",86%,84%
Four Christmases,four christmases,"Comedy,Drama,Romance",25%,47%
Jurassic World,jurassic world,"Action,Adventure,Sci-Fi",71%,78%
Monster-in-Law,monster-in-law,"Comedy,Romance",18%,55%
Sonata,sonata,"Drama,Musical,Romance",,100%
Spanglish,spanglish,"Comedy,Drama,Romance",54%,60%
Stay,stay,"Drama,Mystery,Thriller",26%,69%
The Walk,the walk,Documentary,,
Chicken Little,chicken little,"Adventure,Animation,Comedy",37%,47%
The Hitchhiker's Guide to the Galaxy,the hitchhiker's guide to the galaxy,"Adventure,Comedy,Sci-Fi",60%,65%
The Bourne Supremacy,the bourne supremacy,"Action,Thriller",82%,90%
Guess Who,guess who,"Comedy,Romance",41%,49%
Mirror,mirror,"Comedy,Drama",,40%
The Wedding Date,the wedding date,"Comedy,Romance",11%,67%
Team America: World Police,team america: world police,"Action,Comedy",77%,80%
Batman Begins,batman begins,"Action,Crime,Drama",85%,94%
Saving Face,saving face,Comedy,88%,88%
Underclassman,underclassman,"Action,Comedy,Crime",6%,34%
The Wendell Baker Story,the wendell baker story,"Comedy,Drama,Romance",40%,40%
Harry Potter and the Order of the Phoenix,harry potter and the order of the phoenix,"Action,Adventure,Family",78%,81%
The Interpreter,the interpreter,"Crime,Mystery,Thriller",86%,
The Interpreter,the interpreter,"Crime,Mystery,Thriller",58%,54%
Open Water,open water,"Adventure,Drama,Horror",71%,33%
Sugar,sugar,"Drama,Romance",92%,79%
Captivity,captivity,"Crime,Horror,Mystery",9%,23%
Napoleon Dynamite,napoleon dynamite,Comedy,72%,74%
Sideways,sideways,"Comedy,Drama,Romance",97%,79%
Simhadri,simhadri,"Action,Drama",,
Bobby Jones: Stroke of Genius,bobby jones: stroke of genius,"Biography,Drama,Romance",27%,62%
White Noise,white noise,"Drama,Horror,Mystery",7%,31%
AfterLife,afterlife,Drama,,67%
Astro Boy,astro boy,"Action,Adventure,Animation",51%,50%
Racing Stripes,racing stripes,"Adventure,Comedy,Drama",35%,42%
Slow Burn,slow burn,"Drama,Mystery,Thriller",9%,55%
American Pastoral,american pastoral,"Crime,Drama,Mystery",24%,31%
Closer,closer,"Drama,Romance",68%,81%
Frozen,frozen,Thriller,56%,62%
Anonymous,anonymous,Drama,20%,33%
Flight of the Phoenix,flight of the phoenix,"Action,Adventure,Drama",31%,40%
Mean Girls,mean girls,Comedy,84%,66%
The Ring Two,the ring two,"Horror,Mystery",21%,33%
Be Cool,be cool,"Comedy,Crime,Music",30%,42%
The Dukes of Hazzard,the dukes of hazzard,Comedy,14%,46%
Gnomeo & Juliet,gnomeo & juliet,"Adventure,Animation,Comedy",55%,54%
Kill Bill: Vol. 2,kill bill: vol. 2,"Action,Crime,Thriller",84%,89%
Coffee and Cigarettes,coffee and cigarettes,"Comedy,Drama,Music",64%,75%
Serenity,serenity,"Action,Adventure,Sci-Fi",82%,91%
Georges Bataille's Story of the Eye,georges bataille's story of the eye,Drama,43%,29%
Leatherheads,leatherheads,"Comedy,Drama,Romance",52%,38%
Savage Grace,savage grace,Drama,38%,38%
Back to You in the Days,back in the day,"Action,Crime,Drama",11%,47%
Bridesmaids,bridesmaids,"Comedy,Drama",,62%
The Cookout,the cookout,Comedy,5%,37%
Grindhouse,grindhouse,Horror,84%,87%
Before Sunset,before sunset,"Drama,Romance",94%,92%
White Chicks,white chicks,"Comedy,Crime",15%,55%
Curious George,curious george,"Adventure,Animation,Comedy",,
Quality of Life,quality of life,Drama,67%,86%
The Da Vinci Code,the da vinci code,"Mystery,Thriller",25%,57%
Jindabyne,jindabyne,"Crime,Drama,Mystery",65%,49%
Little Fish,little fish,"Crime,Drama,Romance",90%,57%
Ratatouille,ratatouille,"Adventure,Animation,Comedy",96%,87%
Stealth,stealth,"Action,Adventure,Sci-Fi",,56%
The Three Stooges,the three stooges,"Comedy,Family",51%,47%
"Synecdoche, New York","synecdoche, new york",Drama,69%,71%
BloodRayne,bloodrayne,"Action,Fantasy,Horror",4%,17%
Bruised,bruised,Drama,50%,56%
Pirates of the Caribbean: Dead Man's Chest,pirates of the caribbean: dead man's chest,"Action,Adventure,Fantasy",53%,72%
Vera Drake,vera drake,"Crime,Drama",93%,84%
She Hate Me,she hate me,"Comedy,Drama",19%,59%
Silent Hill,silent hill,"Horror,Mystery",32%,63%
Kicking & Screaming,kicking & screaming,"Comedy,Family,Romance",41%,43%
The Weather Man,the weather man,"Comedy,Drama",60%,56%
What We Do Is Secret,what we do is secret,"Biography,Drama,Music",45%,53%
Accepted,accepted,Comedy,38%,72%
Around the Bend,around the bend,Drama,29%,60%
How the Garcia Girls Spent Their Summer,how the garcia girls spent their summer,"Comedy,Drama,Romance",79%,44%
In Good Company,in good company,"Comedy,Drama,Romance",82%,54%
Miss Congeniality 2: Armed & Fabulous,miss congeniality 2: armed and fabulous,"Action,Comedy,Crime",15%,43%
Burial,burial,,61%,53%
The Golden Compass,the golden compass,"Adventure,Family,Fantasy",42%,51%
Monster House,monster house,"Animation,Comedy,Family",75%,64%
Motherless Brooklyn,motherless brooklyn,"Crime,Drama,Mystery",64%,80%
Sicko,sicko,"Documentary,Drama",91%,87%
Where the Wild Things Are,where the wild things are,"Adventure,Drama,Family",73%,57%
The Legend of Zorro,the legend of zorro,"Action,Adventure,Romance",28%,48%
Civic Duty,civic duty,Thriller,56%,33%
Hitch,hitch,"Comedy,Romance",69%,62%
Bee Season,bee season,"Drama,Family",44%,35%
The Constant Gardener,the constant gardener,"Drama,Mystery,Romance",83%,82%
Prime,prime,"Comedy,Drama,Romance",50%,52%
Saw,saw,"Horror,Mystery,Thriller",50%,84%
Seed of Chucky,seed of chucky,"Comedy,Horror,Thriller",35%,43%
Idiocracy,idiocracy,"Adventure,Comedy,Sci-Fi",71%,60%
The Black Dahlia,the black dahlia,"Crime,Drama,Mystery",32%,27%
In Her Shoes,in her shoes,"Comedy,Drama,Romance",74%,66%
King's Ransom,king's ransom,"Comedy,Crime",2%,32%
Christmas with the Kranks,christmas with the kranks,"Comedy,Family",5%,39%
Transporter 2,transporter 2,"Action,Thriller",52%,58%
Brokeback Mountain,brokeback mountain,"Drama,Romance",88%,82%
Dig!,dig!,"Documentary,Music",89%,90%
Fracture,fracture,"Crime,Drama,Thriller",72%,73%
The Greatest Game Ever Played,the greatest game ever played,"Biography,Drama,Sport",63%,82%
30 Days of Night,30 days of night,"Horror,Thriller",51%,56%
Bee Movie,bee movie,"Adventure,Animation,Comedy",50%,53%
Friday Night Lights,friday night lights,"Action,Drama,Sport",82%,85%
Super Size Me,super size me,Documentary,92%,72%
The Grudge,the grudge,"Horror,Mystery,Thriller",41%,46%
I Want Someone to Eat Cheese With,i want someone to eat cheese with,"Comedy,Romance",73%,38%
A Lot Like Love,a lot like love,"Comedy,Drama,Romance",,
Acrimony,acrimony,"Horror,Thriller",18%,60%
Coach Carter,coach carter,"Biography,Drama,Sport",64%,85%
Viva,viva,"Comedy,Drama,Musical",60%,39%
Hotel Rwanda,hotel rwanda,"Biography,Drama,History",91%,94%
Catch and Release,catch and release,"Comedy,Drama,Romance",22%,55%
The Devil's Rejects,the devil's rejects,"Crime,Drama,Horror",54%,78%
The Pacifier,the pacifier,"Action,Comedy,Drama",21%,58%
The Photograph,the photograph,"Mystery,Thriller",,60%
Truce,truce,"Drama,Western",,71%
North Country,north country,Drama,70%,76%
Perfume: The Story of a Murderer,perfume: the story of a murderer,"Crime,Drama,Fantasy",59%,74%
Wedding Crashers,wedding crashers,"Comedy,Romance",75%,70%
Meet the Robinsons,meet the robinsons,"Adventure,Animation,Comedy",67%,74%
Fat Albert,fat albert,"Comedy,Family,Fantasy",23%,44%
Ice Princess,ice princess,"Comedy,Drama,Family",52%,58%
The Secret of Moonacre,the secret of moonacre,"Adventure,Family,Fantasy",23%,46%
Nanny McPhee,nanny mcphee,"Comedy,Family,Fantasy",74%,64%
Blood and Chocolate,blood and chocolate,"Drama,Fantasy,Horror",11%,52%
Eight Below,eight below,"Adventure,Drama,Family",73%,79%
Memoirs of a Geisha,memoirs of a geisha,"Drama,Romance",36%,83%
The Miles Ahead,the miles ahead,"Comedy,Fantasy",,
Bolt,bolt,"Adventure,Animation,Comedy",90%,74%
Bridge to Terabithia,bridge to terabithia,"Drama,Family,Fantasy",85%,70%
Che,che,,,
Clifford's Really Big Movie,clifford's really big movie,"Adventure,Animation,Comedy",55%,38%
A History of Violence,a history of violence,"Action,Crime,Drama",88%,76%
Lord of War,lord of war,"Crime,Drama",62%,85%
End of the Spear,end of the spear,"Adventure,Biography,Drama",42%,82%
Herbie: Fully Loaded,herbie: fully loaded,"Adventure,Comedy,Family",41%,39%
The Ice Harvest,the ice harvest,"Comedy,Crime,Drama",47%,43%
Fierce People,fierce people,"Drama,Thriller",24%,57%
Hand,hand,Comedy,,
John Carter,john carter,"Action,Adventure,Sci-Fi",52%,60%
Underworld: Evolution,underworld: evolution,"Action,Fantasy,Thriller",17%,72%
Breach,breach,"Biography,Crime,Drama",84%,67%
The New World,the new world,"Biography,Drama,History",,
Abominable,abominable,"Horror,Sci-Fi,Thriller",82%,95%
The Cave,the cave,"Adventure,Horror,Sci-Fi",,
The Cave,the cave,"Adventure,Horror,Sci-Fi",12%,28%
Roll Bounce,roll bounce,"Comedy,Drama,Music",66%,70%
The Sisterhood of the Traveling Pants,the sisterhood of the traveling pants,"Comedy,Drama,Romance",82%,78%
Youth in Revolt,youth in revolt,"Comedy,Drama,Romance",67%,52%
The Exorcism of Emily Rose,the exorcism of emily rose,"Drama,Horror,Thriller",45%,60%
Even Money,even money,"Crime,Drama",24%,29%
Little Children,little children,"Drama,Romance",80%,82%
Lullaby,lullaby,Drama,,
The Notorious Bettie Page,the notorious bettie page,"Biography,Drama",58%,51%
A Scanner Darkly,a scanner darkly,"Animation,Comedy,Crime",68%,74%
Southland Tales,southland tales,"Comedy,Drama,Mystery",41%,41%
Rudo y Cursi,rudo y cursi,"Comedy,Drama,Sport",73%,66%
"The Prize Winner of Defiance, Ohio","the prize winner of defiance, ohio","Biography,Drama",60%,74%
The Chumscrubber,the chumscrubber,"Comedy,Drama",37%,75%
Crude,crude,"Comedy,Crime,Drama",,
The Eye,the eye,"Horror,Mystery",64%,72%
Pooh's Heffalump Movie,pooh's heffalump movie,"Adventure,Animation,Comedy",80%,68%
Transamerica,transamerica,"Adventure,Comedy,Drama",77%,83%
War of the Worlds,war of the worlds,"Action,Adventure,Sci-Fi",76%,42%
Words,words,Documentary,,
The Departed,the departed,"Crime,Drama,Thriller",91%,94%
Munich,munich,"Drama,History,Thriller",78%,83%
Firewall,firewall,"Crime,Thriller",19%,37%
Alone Together,alone together,Drama,,
Animal,animal,"Action,Crime,Drama",,
Bad News Bears,bad news bears,"Comedy,Sport",48%,46%
Flightplan,flightplan,"Drama,Mystery,Thriller",37%,48%
Poseidon,poseidon,"Action,Adventure,Thriller",33%,43%
Watchmen,watchmen,"Action,Drama,Mystery",65%,71%
Cowboys & Aliens,cowboys & aliens,"Action,Drama,Sci-Fi",44%,43%
Hustle & Flow,hustle & flow,"Crime,Drama,Music",82%,82%
The Lake House,the lake house,"Drama,Fantasy,Romance",35%,73%
Nim's Island,nim's island,"Adventure,Family,Fantasy",53%,46%
88 Minutes,88 minutes,"Crime,Drama,Mystery",5%,44%
Brideshead Revisited,brideshead revisited,"Drama,Romance",62%,52%
Gravity,gravity,Drama,,29%
Little Manhattan,little manhattan,"Comedy,Family,Romance",77%,86%
Mrs. Henderson Presents,mrs. henderson presents,"Comedy,Drama,Music",68%,72%
Evan Almighty,evan almighty,"Comedy,Family,Fantasy",24%,52%
Shrek the Third,shrek the third,"Adventure,Animation,Comedy",42%,52%
Spider-Man 3,spider-man 3,"Action,Adventure,Sci-Fi",63%,51%
Final Destination 3,final destination 3,"Horror,Thriller",43%,57%
Talladega Nights: The Ballad of Ricky Bobby,talladega nights: the ballad of ricky bobby,"Comedy,Sport",71%,73%
Martian Child,martian child,"Comedy,Drama,Family",35%,72%
Mongol: The Rise of Genghis Khan,mongol,"Action,Biography,Drama",87%,76%
Resurrecting the Champ,resurrecting the champ,"Drama,Sport",61%,60%
The Secret Life of Bees,the secret life of bees,Drama,60%,78%
The Spiderwick Chronicles,the spiderwick chronicles,"Action,Adventure,Drama",81%,63%
Match Point,match point,"Drama,Romance,Thriller",77%,81%
300,300,"Action,Drama",61%,89%
Bandidas,bandidas,"Action,Comedy,Crime",56%,43%
Becoming Jane,becoming jane,"Biography,Drama,Romance",58%,74%
Girl Play,girl play,"Comedy,Romance",45%,54%
Must Love Dogs,must love dogs,"Comedy,Romance",37%,50%
Snakes on a Plane,snakes on a plane,"Action,Adventure,Crime",69%,49%
Idlewild,idlewild,"Crime,Drama,Musical",47%,66%
Forest of the Damned,forest of the damned,Horror,,13%
Transformers,transformers,"Action,Adventure,Sci-Fi",57%,85%
The Cake Eaters,the cake eaters,"Comedy,Drama,Romance",64%,48%
Dreamer,dreamer: inspired by a true story,"Drama,Family,Sport",64%,78%
Flags of Our Fathers,flags of our fathers,"Action,Adventure,Drama",76%,69%
Junebug,junebug,"Comedy,Drama",86%,73%
Land of the Dead,land of the dead,"Horror,Sci-Fi,Thriller",74%,52%
Memory,memory,"Drama,Horror,Mystery",14%,47%
Disconnect,disconnect,"Drama,Mystery,Sci-Fi",,42%
Doom,doom,"Action,Horror,Sci-Fi",18%,34%
In the Land of Women,in the land of women,"Comedy,Drama,Romance",44%,52%
The Kite Runner,the kite runner,Drama,65%,84%
The Marine,the marine,"Action,Comedy,Drama",17%,60%
Mr. Woodcock,mr. woodcock,"Comedy,Romance,Sport",14%,32%
The Tale of Despereaux,the tale of despereaux,"Adventure,Animation,Comedy",,
The Tale of Despereaux,the tale of despereaux,"Adventure,Animation,Comedy",56%,44%
The Texas Chainsaw Massacre: The Beginning,the texas chainsaw massacre: the beginning,Horror,15%,53%
Infamous,infamous,"Biography,Crime,Drama",74%,69%
Hitman,hitman,Action,16%,57%
Street Kings,street kings,"Action,Crime,Thriller",38%,58%
Gridiron Gang,gridiron gang,"Biography,Crime,Drama",43%,81%
Red Eye,red eye,Thriller,,
The Curious Case of Benjamin Button,the curious case of benjamin button,"Drama,Fantasy,Romance",72%,80%
Diary of a Mad Black Woman,diary of a mad black woman,"Comedy,Drama,Romance",16%,86%
Are We Done Yet?,are we done yet?,"Comedy,Family",7%,30%
Surf's Up,surf's up,"Adventure,Animation,Comedy",79%,70%
Charlie Bartlett,charlie bartlett,"Comedy,Drama,Romance",58%,71%
Flushed Away,flushed away,"Action,Adventure,Animation",73%,65%
Balls of Fury,balls of fury,"Comedy,Crime,Sport",21%,33%
Get Smart,get smart,"Action,Adventure,Comedy",51%,67%
Hot Fuzz,hot fuzz,"Action,Comedy,Mystery",91%,89%
Lucky Number Slevin,lucky number slevin,"Crime,Drama,Thriller",52%,87%
The Messengers,the messengers,"Drama,Horror,Mystery",11%,44%
Alien Abduction,alien abduction,"Horror,Sci-Fi,Thriller",,
Chosen,chosen,"Drama,Horror",,43%
In the Mix,in the mix,"Comedy,Crime,Drama",13%,50%
Alpha Dog,alpha dog,"Biography,Crime,Drama",55%,67%
August Rush,august rush,"Drama,Music",37%,82%
Breaking and Entering,breaking and entering,"Comedy,Romance",34%,52%
Dinner for Schmucks,dinner for schmucks,Comedy,42%,42%
Failure to Launch,failure to launch,"Comedy,Romance",23%,52%
The Great Debaters,the great debaters,"Biography,Drama,Romance",80%,86%
The Invasion,the invasion,"Sci-Fi,Thriller",20%,40%
The Lookout,the lookout,"Crime,Drama,Thriller",,
The Lookout,the lookout,"Crime,Drama,Thriller",87%,74%
A Million Little Pieces,a million little pieces,Drama,27%,51%
Stillwater,stillwater,Thriller,,
Thank You for Smoking,thank you for smoking,"Comedy,Drama",86%,87%
Trust the Man,trust the man,"Comedy,Drama,Romance",29%,35%
Hollywoodland,hollywoodland,"Biography,Crime,Drama",68%,48%
The Grand,the grand,Comedy,40%,43%
Sweet Land,sweet land,"Drama,Romance",85%,83%
An American Haunting,an american haunting,"Drama,Horror,Mystery",13%,35%
The Ant Bully,the ant bully,"Adventure,Animation,Comedy",62%,42%
Aquamarine,aquamarine,"Comedy,Family,Fantasy",53%,62%
Four Brothers,four brothers,"Action,Crime,Drama",53%,80%
Little Man,little man,Documentary,12%,55%
Get Rich or Die Tryin',get rich or die tryin',"Biography,Crime,Drama",17%,70%
Miami Vice,miami vice,"Action,Crime,Drama",47%,43%
One Night with the King,one night with the king,"Biography,Drama,History",20%,78%
Stick It,stick it,"Comedy,Drama,Sport",32%,73%
Everyone's Hero,everyone's hero,"Adventure,Animation,Comedy",41%,44%
Basic Instinct 2,basic instinct 2,"Drama,Mystery,Thriller",6%,27%
Role Models,role models,Comedy,77%,74%
The Possession,the possession,"Horror,Mystery,Thriller",39%,48%
The Kingdom,the kingdom,"Action,Drama,Thriller",52%,76%
Resident Evil: Extinction,resident evil: extinction,"Action,Horror,Sci-Fi",24%,58%
Swallow,swallow,Adventure,88%,71%
Saw II,saw ii,"Horror,Mystery",37%,59%
Factory Girl,factory girl,"Biography,Drama",20%,60%
Ouija,ouija,"Horror,Thriller",,42%
Real Steel,real steel,"Action,Drama,Sci-Fi",60%,73%
Daybreakers,daybreakers,"Action,Horror,Sci-Fi",69%,49%
"Good Night, and Good Luck.","good night, and good luck.","Biography,Drama,History",93%,83%
The Grudge 2,the grudge 2,"Horror,Thriller",12%,40%
Harsh Times,harsh times,"Action,Crime,Drama",48%,55%
Material Girls,material girls,"Comedy,Family,Romance",4%,44%
The Namesake,the namesake,Drama,,
The Namesake,the namesake,Drama,85%,79%
The Last Kiss,the last kiss,"Comedy,Drama,Romance",73%,79%
The Last Kiss,the last kiss,"Comedy,Drama,Romance",46%,59%
V for Vendetta,v for vendetta,"Action,Drama,Sci-Fi",73%,90%
Undiscovered,undiscovered,"Comedy,Music,Romance",8%,48%
The Descent,the descent,"Adventure,Horror,Thriller",87%,76%
The Giver,the giver,"Drama,Romance,Sci-Fi",35%,55%
Grey,grey,"Drama,Romance",,
Next,next,"Action,Sci-Fi,Thriller",28%,53%
The Perfect Sleep,the perfect sleep,"Action,Drama,Romance",38%,25%
Toy Story 3,toy story 3,"Adventure,Animation,Comedy",98%,90%
Friends with Money,friends with money,"Comedy,Drama,Romance",72%,40%
Alita: Battle Angel,alita: battle angel,"Action,Adventure,Sci-Fi",61%,91%
Catch a Fire,catch a fire,"Biography,Drama,History",75%,71%
Paper Man,paper man,"Comedy,Drama",,20%
Akeelah and the Bee,akeelah and the bee,"Drama,Family",86%,81%
The Benchwarmers,the benchwarmers,"Comedy,Sport",13%,64%
Mad Hot Ballroom,mad hot ballroom,"Documentary,Family,Music",84%,83%
Push,push,"Crime,Drama,Thriller",,
Side Effects,side effects,"Comedy,Drama,Romance",11%,30%
Terminator Salvation,terminator salvation,"Action,Adventure,Sci-Fi",33%,53%
Hummingbird,hummingbird,Documentary,,60%
Running with Scissors,running with scissors,"Comedy,Drama",32%,56%
Shutter,shutter,"Horror,Mystery,Thriller",63%,77%
The Bourne Ultimatum,the bourne ultimatum,"Action,Mystery,Thriller",92%,91%
Gracie,gracie,"Biography,Drama,Sport",62%,58%
Shootout,shootout,Comedy,20%,44%
Kung Fu Panda,kung fu panda,"Action,Adventure,Animation",87%,83%
Vantage Point,vantage point,"Action,Drama,Thriller",34%,57%
"Yours, Mine & Ours","yours, mine & ours","Comedy,Family,Romance",6%,51%
Before We Go,before we go,"Comedy,Drama,Romance",28%,57%
The Condemned,the condemned,"Action,Crime,Thriller",,43%
The Condemned,the condemned,"Action,Crime,Thriller",16%,58%
Dreamgirls,dreamgirls,"Drama,Musical",79%,71%
Guest of Cindy Sherman,guest of cindy sherman,Documentary,71%,64%
Hoodwinked!,hoodwinked!,"Adventure,Animation,Comedy",,
The Illusionist,the illusionist,"Drama,Fantasy,Mystery",90%,79%
The Illusionist,the illusionist,"Drama,Fantasy,Mystery",73%,83%
Killshot,killshot,"Action,Crime,Drama",38%,28%
Unholy,unholy,"Horror,Sci-Fi,Thriller",,29%
The Assassination of Jesse James by the Coward Robert Ford,the assassination of jesse james by the coward robert ford,"Biography,Crime,Drama",77%,75%
Vacancy,vacancy,Drama,55%,42%
Zodiac,zodiac,"Crime,Drama,Mystery",90%,77%
Forgiven,forgiven,Drama,,60%
The Reaping,the reaping,"Horror,Thriller",8%,49%
Mass,mass,"Action,Drama",,50%
Across the Universe,across the universe,"Drama,Fantasy,History",53%,82%
Blades of Glory,blades of glory,"Comedy,Sport",70%,68%
Disgrace,disgrace,Drama,83%,62%
Pathfinder,pathfinder,"Action,Adventure,Drama",9%,36%
Scott Pilgrim vs. the World,scott pilgrim vs. the world,"Action,Comedy,Fantasy",82%,84%
Take the Lead,take the lead,"Drama,Music",44%,77%
High Life,high life,Drama,,
Knowing,knowing,"Mystery,Sci-Fi,Thriller",35%,42%
The Night Listener,the night listener,"Crime,Drama,Horror",40%,35%
Shazam!,shazam!,"Action,Adventure,Comedy",90%,82%
Snow Cake,snow cake,"Drama,Romance",64%,86%
South of Heaven,south of heaven,"Comedy,Crime",,55%
Hancock,hancock,"Action,Comedy,Drama",42%,59%
Eragon,eragon,"Action,Adventure,Family",16%,46%
Little Miss Sunshine,little miss sunshine,"Comedy,Drama",91%,91%
Dominion: Prequel to the Exorcist,dominion: prequel to the exorcist,"Drama,Horror,Thriller",29%,25%
Pirates of the Caribbean: At World's End,pirates of the caribbean: at world's end,"Action,Adventure,Fantasy",44%,72%
RV,rv,"Adventure,Comedy,Family",24%,45%
Passengers,passengers,"Mystery,Romance,Thriller",,
Snow Angels,snow angels,Documentary,67%,67%
16 Blocks,16 blocks,"Action,Drama,Thriller",55%,57%
Blood Diamond,blood diamond,"Adventure,Drama,Thriller",63%,90%
Hostel,hostel,Horror,59%,53%
Punisher: War Zone,punisher: war zone,"Action,Crime,Drama",29%,42%
Unknown,unknown,"Crime,Drama,Mystery",38%,54%
1408,1408,"Fantasy,Horror,Mystery",80%,61%
The Gospel,the gospel,"Adventure,Drama,Family",32%,75%
Horton Hears a Who!,horton hears a who!,"Adventure,Animation,Comedy",,
The Elephant King,the elephant king,"Drama,Romance",18%,64%
Nefarious,nefarious,"Crime,Thriller",,
Wonder Woman,wonder woman,"Action,Adventure,Fantasy",85%,78%
The Break-Up,the break-up,"Comedy,Drama,Romance",34%,46%
Cheaper by the Dozen 2,cheaper by the dozen 2,"Adventure,Comedy,Family",7%,57%
Death Race,death race,"Action,Sci-Fi,Thriller",41%,60%
Gone Baby Gone,gone baby gone,"Crime,Drama,Mystery",94%,86%
The Good German,the good german,"Drama,Mystery,Romance",34%,33%
Good Luck Chuck,good luck chuck,"Comedy,Romance",5%,57%
Lady in the Water,lady in the water,"Drama,Fantasy,Mystery",25%,49%
The Time Traveler's Wife,the time traveler's wife,"Drama,Fantasy,Romance",38%,59%
Game,game,"Action,Crime,Drama",,
Mr. Bean's Holiday,mr. bean's holiday,"Comedy,Family",51%,49%
Hoot,hoot,"Adventure,Comedy,Family",26%,54%
TMNT,tmnt,"Action,Adventure,Animation",36%,60%
Flyboys,flyboys,"Action,Drama,History",33%,66%
Inside Man,inside man,"Crime,Drama,Mystery",86%,85%
Life of Pi,life of pi,"Adventure,Drama,Fantasy",86%,84%
The Pursuit of Happyness,the pursuit of happyness,"Biography,Drama",67%,87%
She's the Man,she's the man,"Comedy,Romance,Sport",44%,79%
Turistas,turistas,"Horror,Mystery,Thriller",19%,28%
Let's Go to Prison,let's go to prison,"Comedy,Crime",13%,48%
Being Flynn,being flynn,Drama,51%,41%
How to Lose Friends & Alienate People,how to lose friends & alienate people,"Biography,Comedy,Drama",37%,42%
The Last King of Scotland,the last king of scotland,"Biography,Drama,History",87%,89%
Madea's Family Reunion,madea's family reunion,"Comedy,Drama,Romance",26%,93%
Then She Found Me,then she found me,"Comedy,Drama,Romance",51%,43%
The Equalizer,the equalizer,"Action,Crime,Thriller",61%,77%
John Tucker Must Die,john tucker must die,"Comedy,Romance",28%,69%
The Seeker,the seeker,Documentary,,
Waist Deep,waist deep,"Action,Crime,Drama",28%,76%
Come Early Morning,come early morning,"Drama,Romance",84%,49%
From Mexico with Love,from mexico with love,"Action,Drama,Family",,52%
Mr. Magorium's Wonder Emporium,mr. magorium's wonder emporium,"Comedy,Family,Fantasy",39%,55%
Perfect Stranger,perfect stranger,"Crime,Mystery,Thriller",,
Nacho Libre,nacho libre,"Comedy,Family,Sport",40%,55%
The Holiday,the holiday,"Comedy,Romance",50%,80%
Captain America: The First Avenger,captain america: the first avenger,"Action,Adventure,Sci-Fi",80%,75%
The Devil Wears Prada,the devil wears prada,"Comedy,Drama",75%,76%
X-Men Origins: Wolverine,x-men origins: wolverine,"Action,Sci-Fi",38%,58%
Kangaroo Jack: G'Day U.S.A.!,kangaroo jack: g'day u.s.a.!,"Action,Adventure,Animation",,40%
Cashback,cashback,"Comedy,Drama,Romance",47%,77%
Fast Food Nation,fast food nation,"Comedy,Drama",49%,42%
The Only Living Boy in New York,the only living boy in new york,Drama,33%,59%
Unidentified,unidentified,Sci-Fi,,54%
The Wind that Shakes the Barley,the wind that shakes the barley,"Drama,War",90%,87%
Skinwalkers,skinwalkers,"Action,Fantasy,Horror",13%,25%
After...,after...,"Horror,Thriller",,11%
The Bag Man,the bag man,Comedy,11%,22%
Black Snake Moan,black snake moan,"Drama,Music",66%,69%
Code Name: The Cleaner,code name: the cleaner,"Action,Comedy,Crime",4%,38%
Daddy Day Camp,daddy day camp,"Comedy,Family",1%,38%
How to Eat Fried Worms,how to eat fried worms,"Comedy,Family",61%,47%
Larry the Cable Guy: Health Inspector,larry the cable guy: health inspector,"Comedy,Romance",5%,52%
The Last Legion,the last legion,"Action,Adventure,History",15%,34%
Outlander,outlander,"Action,Adventure,Sci-Fi",37%,45%
Rambo,rambo,"Action,Thriller",,77%
Rescue Dawn,rescue dawn,"Adventure,Biography,War",90%,75%
The Simpsons Movie,the simpsons movie,"Adventure,Animation,Comedy",,
The Simpsons Movie,the simpsons movie,"Adventure,Animation,Comedy",87%,77%
Step Up,step up,"Crime,Drama,Music",21%,83%
"You, Me and Dupree","you, me and dupree","Comedy,Romance",20%,50%
28 Weeks Later,28 weeks later,"Horror,Sci-Fi",72%,66%
The Fast and the Furious: Tokyo Drift,the fast and the furious: tokyo drift,"Action,Crime,Thriller",37%,69%
Freedom Writers,freedom writers,"Biography,Crime,Drama",70%,87%
Harder They Fall,harder they fall,"Action,Drama,Sport",,
American Dreamz,american dreamz,"Comedy,Music",39%,31%
National Treasure: Book of Secrets,national treasure: book of secrets,"Action,Adventure,Mystery",36%,67%
December Boys,december boys,"Drama,Romance",41%,52%
First Man,first man,Comedy,87%,68%
Michael Clayton,michael clayton,"Crime,Drama,Mystery",90%,69%
Notes on a Scandal,notes on a scandal,"Crime,Drama,Romance",88%,83%
Shoot 'Em Up,shoot 'em up,"Action,Comedy,Thriller",67%,65%
ATL,atl,"Comedy,Crime,Drama",62%,86%
Margaret,margaret,"Drama,Mystery",75%,49%
Underdog,underdog,"Action,Adventure,Comedy",14%,42%
Max Payne,max payne,"Action,Crime,Drama",16%,29%
The Other Boleyn Girl,the other boleyn girl,"Biography,Drama,History",43%,62%
Half Nelson,half nelson,Drama,91%,82%
Invisible,invisible,Documentary,,
Section 8,section 8,Drama,31%,36%
The Situation,the situation,"Drama,War",,
The Dark Knight,the dark knight,"Action,Crime,Drama",94%,94%
The Astronaut Farmer,the astronaut farmer,"Adventure,Drama,Sci-Fi",58%,49%
There Will Be Blood,there will be blood,Drama,91%,86%
Things We Lost in the Fire,things we lost in the fire,Drama,65%,73%
World Trade Center,world trade center,"Drama,History,Thriller",66%,60%
Spinning Into Butter,spinning into butter,Drama,16%,32%
Ex Machina,ex machina,"Drama,Sci-Fi,Thriller",92%,86%
For Your Consideration,for your consideration,Comedy,53%,43%
Knock Knock,knock knock,Horror,,25%
Tower Heist,tower heist,"Action,Comedy,Crime",67%,48%
Apocalypto,apocalypto,"Action,Adventure,Drama",65%,79%
Bart Got a Room,bart got a room,"Comedy,Drama,Romance",70%,56%
Charlie Wilson's War,charlie wilson's war,"Biography,Comedy,Drama",82%,73%
The Smurfs,the smurfs,"Adventure,Animation,Comedy",21%,43%
Alone with Her,alone with her,"Crime,Drama,Thriller",68%,46%
The Perfect Game,the perfect game,"Comedy,Drama,Family",,
Waitress,waitress,"Comedy,Drama,Romance",89%,74%
The Flock,the flock,"Crime,Drama,Mystery",,32%
A Guide to Recognizing Your Saints,a guide to recognizing your saints,"Crime,Drama",76%,73%
September Dawn,september dawn,"Drama,History,Romance",16%,49%
The TV Set,the tv set,"Comedy,Drama",64%,58%
Zombie Night 2: Awakening,awakening,Horror,,
The Maid,the maid,"Drama,Horror,Mystery",,
United 93,united 93,"Action,Drama,History",90%,83%
The Lodge,the lodge,"Horror,Thriller",75%,51%
The Lodge,the lodge,"Horror,Thriller",,13%
The Wedding Weekend,shut up and sing,"Comedy,Drama,Music",89%,86%
Smokin' Aces,smokin' aces,"Action,Comedy,Crime",31%,62%
The Abandoned,the abandoned,"Horror,Mystery,Thriller",36%,42%
The Covenant,the covenant,"Adventure,Fantasy,Horror",,
The Covenant,the covenant,"Adventure,Fantasy,Horror",4%,62%
The Pirates Who Don't Do Anything,the pirates who don't do anything: a veggietales movie,"Adventure,Animation,Comedy",43%,61%
The Entrance,the entrance,"Horror,Thriller",,6%
Firehouse Dog,firehouse dog,"Action,Comedy,Family",37%,62%
Norbit,norbit,"Comedy,Romance",9%,53%
Rocket Science,rocket science,"Comedy,Drama",84%,72%
Wristcutters: A Love Story,wristcutters: a love story,"Comedy,Drama,Fantasy",67%,82%
Extremely Loud & Incredibly Close,extremely loud & incredibly close,"Adventure,Drama,Mystery",45%,61%
Night at the Museum,night at the museum,"Adventure,Comedy,Family",42%,67%
No Country for Old Men,no country for old men,"Crime,Drama,Thriller",93%,86%
In the Valley of Elah,in the valley of elah,"Crime,Drama,Mystery",74%,77%
The Butcher,the butcher,"Horror,Thriller",100%,84%
Ant-Man,ant-man,"Action,Comedy,Sci-Fi",83%,85%
Freak Show,freak show,Horror,52%,71%
Rocky Balboa,rocky balboa,"Drama,Sport",78%,76%
Special,special,"Comedy,Drama,Sci-Fi",59%,63%
The Passenger,the passenger,"Drama,Thriller",,
The Passenger,the passenger,"Drama,Thriller",88%,84%
Nancy Drew,nancy drew,"Comedy,Crime,Family",50%,59%
Seraphim Falls,seraphim falls,"Action,Drama,Thriller",57%,53%
Crank,crank,"Action,Crime,Thriller",62%,71%
Madagascar: Escape 2 Africa,madagascar: escape 2 africa,"Adventure,Animation,Comedy",64%,66%
One Missed Call,one missed call,"Horror,Mystery",0%,29%
Season of the Witch,season of the witch,"Action,Adventure,Fantasy",,
Dan in Real Life,dan in real life,"Comedy,Drama,Romance",65%,69%
I Am Legend,i am legend,"Drama,Horror,Sci-Fi",68%,68%
Hall Pass,hall pass,"Comedy,Romance",33%,40%
No Reservations,no reservations,"Comedy,Drama,Romance",42%,62%
The Number 23,the number 23,"Crime,Mystery,Thriller",7%,56%
The Croods,the croods,"Adventure,Animation,Comedy",72%,77%
Youth Without Youth,youth without youth,"Drama,Fantasy,Mystery",33%,44%
Miss Potter,miss potter,"Biography,Drama,Romance",69%,68%
The Prestige,the prestige,"Drama,Mystery,Sci-Fi",77%,92%
Pride and Glory,pride and glory,"Crime,Drama,Thriller",35%,49%
Seagull,seagull,Drama,,
The Strangers,the strangers,"Horror,Mystery,Thriller",49%,48%
The Ultimate Gift,the ultimate gift,"Drama,Family,Romance",33%,84%
California Dreaming,out of omaha,Comedy,,16%
The Good Night,the good night,"Comedy,Drama,Fantasy",30%,33%
Love in the Time of Cholera,love in the time of cholera,"Drama,Romance",27%,45%
Red Tails,red tails,"Action,Drama,History",40%,57%
Wind Chill,wind chill,"Adventure,Drama,Horror",44%,31%
Fly Me to the Moon 3D,fly me to the moon,"Adventure,Animation,Family",20%,25%
Beerfest,beerfest,Comedy,40%,75%
First Sunday,first sunday,"Comedy,Crime,Drama",12%,56%
Fred Claus,fred claus,"Comedy,Family,Fantasy",21%,45%
Witches,witches,"Adventure,Comedy,Thriller",,
Disturbia,disturbia,"Crime,Drama,Mystery",70%,77%
Wild Hogs,wild hogs,"Action,Adventure,Comedy",14%,61%
Bonneville,bonneville,"Comedy,Drama",41%,43%
Small Engine Repair,small engine repair,"Comedy,Drama",88%,73%
The Call of Wild,arctic tale,"Documentary,Family",61%,61%
Unaccompanied Minors,unaccompanied minors,"Adventure,Comedy,Family",30%,53%
Fanboys,fanboys,"Adventure,Comedy,Crime",32%,57%
Jumper,jumper,"Action,Adventure,Sci-Fi",15%,44%
The Nanny Diaries,the nanny diaries,"Comedy,Drama,Romance",34%,51%
The Perfect Witness,the ungodly,"Crime,Horror,Thriller",,39%
Because I Said So,because i said so,"Comedy,Romance",4%,65%
Mutant Chronicles,mutant chronicles,"Action,Adventure,Mystery",17%,24%
Phat Girlz,phat girlz,Comedy,21%,65%
Reign Over Me,reign over me,Drama,64%,81%
Dedication,dedication,"Comedy,Drama,Romance",40%,64%
Suburbicon,suburbicon,"Comedy,Crime,Drama",28%,26%
Tulip Fever,tulip fever,"Drama,History,Romance",10%,43%
The Foot Fist Way,the foot fist way,Comedy,54%,46%
Our Brand Is Crisis,our brand is crisis,Documentary,93%,75%
The 11th Hour,the 11th hour,Documentary,67%,69%
Cook Off!,cook off!,Comedy,25%,60%
Ramona and Beezus,ramona and beezus,"Comedy,Drama,Family",70%,71%
Inkheart,inkheart,"Adventure,Family,Fantasy",38%,45%
"Welcome Home, Roscoe Jenkins",welcome home roscoe jenkins,"Comedy,Romance",23%,63%
Wild,wild,Drama,50%,71%
Monday,monday,Comedy,,86%
Wish,wish,Comedy,,
The Hottest State,the hottest state,"Drama,Music,Romance",32%,52%
Tracker,tracker,"Action,Adventure,Thriller",85%,53%
King,king,"Action,Romance",,
Ocean's Thirteen,ocean's thirteen,"Crime,Thriller",70%,75%
An Inconvenient Truth,an inconvenient truth,Documentary,93%,79%
Anamorph,anamorph,"Crime,Horror,Thriller",27%,24%
The Mill,the mill,Thriller,,
Vicky Cristina Barcelona,vicky cristina barcelona,"Comedy,Drama,Romance",80%,74%
Bad Trip,bad trip,Action,,
Sex and Death 101,sex and death 101,"Comedy,Drama,Fantasy",25%,42%
We Live in Public,we live in public,Documentary,81%,79%
Letters from Iwo Jima,letters from iwo jima,"Action,Adventure,Drama",91%,86%
We Own the Night,we own the night,"Crime,Drama,Thriller",57%,61%
The Chronicles of Narnia: Prince Caspian,the chronicles of narnia: prince caspian,"Action,Adventure,Family",66%,73%
Reno 911!: Miami,reno 911!: miami,"Comedy,Crime",35%,51%
10 Items or Less,10 items or less,"Comedy,Drama",64%,65%
Lucy,lucy,"Drama,Romance",,14%
Feel the Noise,feel the noise,"Drama,Music",11%,42%
Where God Left His Shoes,where god left his shoes,Drama,67%,70%
Year of the Dog,year of the dog,"Comedy,Drama",70%,43%
Margot at the Wedding,margot at the wedding,"Comedy,Drama",51%,40%
Dirty Sanchez: The Movie,dirty sanchez: the movie,"Action,Comedy,Documentary",40%,74%
Love & Other Drugs,love & other drugs,"Comedy,Drama,Romance",49%,53%
Into the Wild,into the wild,"Adventure,Biography,Drama",83%,89%
The Last Sentinel,the last sentinel,"Action,Sci-Fi,Thriller",,14%
Music and Lyrics,music and lyrics,"Comedy,Music,Romance",63%,68%
Body of Lies,body of lies,"Action,Drama,Thriller",56%,62%
We Are Marshall,we are marshall,"Drama,Sport",49%,79%
The Tripper,the tripper,"Comedy,Horror",38%,33%
I Hate Valentine's Day,i hate valentine's day,"Comedy,Romance",19%,28%
License to Wed,license to wed,"Comedy,Romance",7%,53%
The Nativity Story,the nativity story,"Adventure,Drama,Family",38%,76%
Planet 51,planet 51,"Adventure,Animation,Comedy",23%,40%
A Thousand Words,a thousand words,"Comedy,Drama,Fantasy",0%,46%
Lourdes,lourdes,,100%,91%
The Spell,the spell,"Drama,Mystery",,
Virtuoso,virtuoso,,,
My Blueberry Nights,my blueberry nights,"Drama,Romance",45%,61%
American Gangster,american gangster,"Biography,Crime,Drama",81%,90%
Eastern Promises,eastern promises,"Crime,Drama,Thriller",89%,83%
Escape from Planet Earth,escape from planet earth,"Adventure,Animation,Comedy",,
Evening,evening,"Drama,Romance",27%,48%
Meet Dave,meet dave,"Adventure,Comedy,Family",20%,35%
Carol,carol,Documentary,94%,75%
The Mysteries of Pittsburgh,the mysteries of pittsburgh,"Adventure,Comedy,Drama",12%,23%
What's Your Number?,what's your number?,"Comedy,Romance",23%,44%
I Think I Love My Wife,i think i love my wife,"Comedy,Drama,Romance",19%,41%
How She Move,how she move,Drama,66%,51%
Tennessee,tennessee,"Adventure,Comedy,Drama",33%,55%
Grace Is Gone,grace is gone,"Drama,War",63%,60%
Primeval,primeval,"Action,Adventure,Crime",21%,32%
Cell,cell,"Action,Adventure,Horror",,
The Savages,the savages,"Comedy,Drama",,
The Savages,the savages,"Comedy,Drama",90%,75%
Stomp the Yard,stomp the yard,"Drama,Music,Romance",27%,81%
Night Catches Us,night catches us,"Drama,Romance",80%,66%
Aliens in the Attic,aliens in the attic,"Adventure,Comedy,Family",34%,43%
Everybody's Fine,everybody's fine,"Adventure,Drama",70%,87%
The Princess and the Frog,the princess and the frog,"Adventure,Animation,Comedy",,
In Bruges,in bruges,"Comedy,Crime,Drama",85%,87%
Kid Cannabis,kid cannabis,"Biography,Comedy,Crime",71%,64%
Mr. Brooks,mr. brooks,"Crime,Drama,Mystery",55%,76%
Redline,redline,Action,0%,47%
The Signal,the signal,"Horror,Sci-Fi,Thriller",,
The Signal,the signal,"Horror,Sci-Fi,Thriller",59%,58%
The Dead Girl,the dead girl,"Crime,Drama,Mystery",76%,65%
Dare,dare,"Drama,Music",61%,42%
The Education of Charlie Banks,the education of charlie banks,Drama,48%,45%
The Last Full Measure,the last full measure,"Drama,War",61%,96%
Hotel for Dogs,hotel for dogs,"Comedy,Family",46%,55%
Who's Your Caddy?,who's your caddy?,"Comedy,Sport",6%,59%
The Boxtrolls,the boxtrolls,"Adventure,Animation,Comedy",78%,63%
Warning,warning,Action,,29%
Deck the Halls,deck the halls,"Comedy,Family",6%,30%
Brief Interviews with Hideous Men,brief interviews with hideous men,"Comedy,Drama",40%,32%
The Incredible Burt Wonderstone,the incredible burt wonderstone,Comedy,37%,33%
Dallas Buyers Club,dallas buyers club,"Biography,Drama",92%,91%
Jack Reacher,jack reacher,"Action,Thriller",64%,67%
R.I.P.D.,r.i.p.d.,"Action,Adventure,Comedy",12%,38%
The Comebacks,the comebacks,"Comedy,Sport",9%,33%
Georgia Rule,georgia rule,"Comedy,Drama",19%,52%
Case 39,case 39,"Horror,Mystery,Thriller",21%,39%
Death at a Funeral,death at a funeral,Comedy,62%,79%
Mamma Mia!,mamma mia!,"Comedy,Musical,Romance",55%,66%
Cassandra's Dream,cassandra's dream,"Crime,Drama,Romance",46%,49%
Star Trek,star trek,"Action,Adventure,Sci-Fi",94%,91%
Divide,divide,Drama,,
Be Kind Rewind,be kind rewind,Comedy,65%,56%
Epic Movie,epic movie,"Adventure,Comedy,Fantasy",2%,29%
Delta Farce,delta farce,"Action,Adventure,Comedy",5%,38%
Feast of Love,feast of love,"Drama,Romance",40%,55%
Forgetting Sarah Marshall,forgetting sarah marshall,"Comedy,Drama,Romance",83%,76%
The Incredible Hulk,the incredible hulk,"Action,Adventure,Sci-Fi",67%,69%
The Infiltrator,the infiltrator,"Action,Drama,Thriller",71%,71%
The Infiltrator,the infiltrator,"Action,Drama,Thriller",,58%
Lockout,lockout,"Horror,Mystery,Thriller",,25%
Transsiberian,transsiberian,"Crime,Drama,Mystery",91%,65%
Thor,thor,"Action,Fantasy",77%,76%
The Tracey Fragments,the tracey fragments,Drama,42%,54%
The Promotion,the promotion,Comedy,55%,28%
Warcraft,warcraft,"Action,Adventure,Fantasy",29%,76%
Bratz,bratz,"Comedy,Family,Music",10%,46%
Death Sentence,death sentence,"Action,Crime,Thriller",20%,60%
Devil's Knot,devil's knot,"Biography,Crime,Drama",26%,39%
It's Kind of a Funny Story,it's kind of a funny story,"Comedy,Drama,Romance",58%,66%
P2,p2,"Crime,Horror,Thriller",34%,36%
Rendition,rendition,"Drama,Thriller",48%,62%
Sleep Dealer,sleep dealer,"Drama,Romance,Sci-Fi",73%,50%
Facing the Giants,facing the giants,"Drama,Sport",16%,85%
The Midnight Meat Train,the midnight meat train,"Horror,Mystery,Thriller",71%,50%
Extreme Movie,extreme movie,Comedy,,18%
Air: The Motion Picture,air,"Adventure,Animation,Drama",,87%
"New York, I Love You","new york, i love you","Comedy,Drama,Romance",37%,37%
Bright Star,bright star,"Biography,Drama,Romance",83%,68%
Take Me Home Tonight,take me home tonight,"Comedy,Drama,Romance",28%,42%
Speed Racer,speed racer,"Action,Adventure,Comedy",42%,60%
The Ten,the ten,"Comedy,Romance",35%,40%
The Love Guru,the love guru,"Comedy,Romance,Sport",13%,33%
Brotherhood,brotherhood,Documentary,56%,54%
Percy Jackson & the Olympians: The Lightning Thief,percy jackson & the olympians: the lightning thief,"Adventure,Family,Fantasy",49%,53%
Seven Pounds,seven pounds,"Drama,Mystery,Thriller",27%,75%
The Life Before Her Eyes,the life before her eyes,"Drama,Fantasy,Mystery",24%,51%
She's Out of My League,she's out of my league,"Comedy,Romance",57%,59%
Sydney White,sydney white,"Comedy,Drama,Romance",35%,70%
The Book Thief,the book thief,"Drama,War",49%,73%
Interstellar,interstellar,"Adventure,Drama,Sci-Fi",73%,86%
World War Z,world war z,"Action,Adventure,Horror",67%,72%
Flipped,flipped,"Comedy,Drama,Romance",55%,79%
Drillbit Taylor,drillbit taylor,"Action,Comedy,Crime",27%,44%
The Edge of Love,the edge of love,"Biography,Drama,Romance",37%,43%
Fan,fan,,81%,78%
Ghosts of Girlfriends Past,ghosts of girlfriends past,"Comedy,Fantasy,Romance",28%,40%
The Soloist,the soloist,"Biography,Drama,Music",,
The Soloist,the soloist,"Biography,Drama,Music",56%,56%
Fantastic Planet,fantastic planet,"Drama,Sci-Fi",91%,87%
Marley & Me,marley & me,"Drama,Family",63%,75%
Shooter,shooter,"Action,Drama,Thriller",48%,80%
The Last Station,the last station,"Biography,Drama,Romance",71%,67%
The Bucket List,the bucket list,"Adventure,Comedy,Drama",41%,77%
Pandemic,pandemic,"Drama,Sci-Fi,Thriller",,32%
Garden Party,garden party,Drama,15%,25%
Dracula Untold,dracula untold,"Action,Drama,Fantasy",25%,58%
The Flying Scissors,the flying scissors,Comedy,,71%
Superbad,superbad,Comedy,88%,87%
Quantum of Solace,quantum of solace,"Action,Adventure,Mystery",64%,58%
Tag,tag,"Comedy,Drama",,
Reservation Road,reservation road,"Crime,Drama,Thriller",38%,52%
The Spirit,the spirit,"Action,Crime,Fantasy",14%,25%
Underworld: Rise of the Lycans,underworld: rise of the lycans,"Action,Fantasy,Thriller",29%,63%
Fall Down Dead,fall down dead,"Horror,Thriller",0%,5%
Sherman's Way,sherman's way,Comedy,33%,22%
The Darjeeling Limited,the darjeeling limited,"Adventure,Comedy,Drama",69%,78%
The Pink Panther 2,the pink panther 2,"Action,Adventure,Comedy",12%,42%
Forever Strong,forever strong,"Drama,Sport",29%,75%
The Town,the town,"Crime,Drama,Thriller",,72%
The Town,the town,"Crime,Drama,Thriller",92%,85%
The Kids Are All Right,the kids are all right,"Comedy,Drama,Romance",93%,74%
Paranoid Park,paranoid park,"Crime,Drama,Mystery",77%,65%
The Brothers Bloom,the brothers bloom,"Action,Adventure,Comedy",68%,64%
Cloudy with a Chance of Meatballs,cloudy with a chance of meatballs,"Adventure,Animation,Comedy",,69%
The Little Things,the little things,Drama,,
Hoodwinked Too! Hood vs. Evil,hoodwinked too! hood vs. evil,"Adventure,Animation,Comedy",11%,35%
Son of Rambow,son of rambow,"Action,Adventure,Comedy",74%,80%
Quest,quest,Drama,,
Kit Kittredge: An American Girl,kit kittredge: an american girl,"Comedy,Drama,Family",80%,69%
Battle in Seattle,battle in seattle,"Action,Drama,History",56%,64%
The House Bunny,the house bunny,Comedy,43%,50%
Death of a President,death of a president,"Crime,Drama,Mystery",40%,58%
Slumberland,slumberland,Drama,40%,86%
The Carbon Copy,the carbon copy,Adventure,,
Wonderful World,wonderful world,"Comedy,Drama,Romance",,
The Mummy: Tomb of the Dragon Emperor,the mummy: tomb of the dragon emperor,"Action,Adventure,Fantasy",13%,30%
Super Troopers 2,super troopers 2,"Comedy,Crime,Mystery",35%,64%
Touching Home,touching home,"Drama,Sport",50%,70%
Valhalla Rising,valhalla rising,"Adventure,Drama,Fantasy",71%,49%
Sunshine Cleaning,sunshine cleaning,"Comedy,Drama",74%,63%
Trick 'r Treat,trick 'r treat,"Comedy,Horror",83%,72%
Mr. Peabody & Sherman,mr. peabody & sherman,"Adventure,Animation,Comedy",81%,73%
The Forbidden Kingdom,the forbidden kingdom,"Action,Adventure,Fantasy",63%,60%
My Life in Ruins,my life in ruins,"Comedy,Romance",10%,44%
Higher Ground,higher ground,Documentary,,
Made of Honor,made of honor,"Comedy,Romance",16%,55%
Photographer,photographer,"Action,Comedy,Drama",,
Divine Intervention,divine intervention,"Comedy,Drama,Romance",,
Frost/Nixon,frost/nixon,"Biography,Drama,History",93%,88%
Jungle Cruise,jungle cruise,"Action,Adventure,Comedy",62%,92%
Antichrist,antichrist,"Drama,Horror,Thriller",0%,34%
Baby Mama,baby mama,"Comedy,Romance",63%,55%
My Soul to Take,my soul to take,"Horror,Mystery,Thriller",11%,26%
Pretty Ugly People,pretty ugly people,"Comedy,Drama",,26%
Lake City,lake city,"Crime,Drama",12%,34%
Murder Party,murder party,"Comedy,Horror",100%,58%
The Blind Side,the blind side,"Biography,Drama,Sport",66%,85%
Please Give,please give,"Comedy,Drama",85%,64%
Eat Pray Love,eat pray love,"Biography,Drama,Romance",35%,42%
The Ministers,the ministers,"Crime,Drama",,13%
Sanctum,sanctum,"Action,Adventure,Drama",30%,37%
All About Steve,all about steve,"Comedy,Romance",6%,30%
The Killing of John Lennon,the killing of john lennon,"Crime,Drama",39%,46%
Looking for Palladin,looking for palladin,Comedy,22%,33%
"War, Inc.","war, inc.","Action,Comedy,Thriller",29%,38%
The Mist,the mist,"Horror,Sci-Fi,Thriller",73%,65%
The Wedding Ringer,the wedding ringer,"Comedy,Romance",29%,63%
Luck by Chance,luck by chance,Drama,83%,67%
Burn After Reading,burn after reading,"Comedy,Crime,Drama",78%,65%
The Hurt Locker,the hurt locker,"Drama,Thriller,War",96%,84%
While She Was Out,while she was out,"Crime,Drama,Thriller",38%,17%
Sleepwalking,sleepwalking,Drama,17%,43%
Finding Amanda,finding amanda,"Comedy,Drama",40%,28%
The Children of Huang Shi,the children of huang shi,"Drama,War",31%,66%
Lions for Lambs,lions for lambs,"Crime,Drama,Mystery",27%,47%
Ready or Not,ready or not,Comedy,,
Letters to Juliet,letters to juliet,"Adventure,Comedy,Drama",42%,62%
U2 3D,u2 3d,"Documentary,Music",92%,93%
Horsemen,horsemen,"Crime,Mystery,Thriller",17%,25%
How to Train Your Dragon,how to train your dragon,"Action,Adventure,Animation",99%,91%
Shrek Forever After,shrek forever after,"Adventure,Animation,Comedy",57%,54%
White on Rice,white on rice,Comedy,45%,52%
Shine a Light,shine a light,"Biography,Documentary,Music",86%,74%
The Loss of a Teardrop Diamond,the loss of a teardrop diamond,"Drama,Romance",27%,40%
Beast,beast,Drama,92%,73%
Cairo Time,cairo time,"Drama,Romance",80%,62%
Standard Operating Procedure,standard operating procedure,"Crime,Documentary,War",79%,79%
The City of Your Final Destination,the city of your final destination,"Drama,Romance",39%,39%
I Know Who Killed Me,i know who killed me,"Horror,Mystery,Thriller",9%,26%
No Time to Die,no time to die,Comedy,,
Bride Wars,bride wars,"Comedy,Romance",10%,51%
Hostile Encounter,love and honor,Drama,81%,84%
The Hobbit: An Unexpected Journey,the hobbit: an unexpected journey,"Adventure,Fantasy",64%,83%
Love & Mercy,love & mercy,"Biography,Drama,Music",89%,85%
Normal,normal,Drama,100%,76%
Walk of Shame,walk of shame,Comedy,15%,38%
Chicago 10,chicago 10,"Animation,Documentary,History",80%,77%
Why Did I Get Married?,why did i get married?,"Comedy,Drama,Romance",48%,78%
Frequently Asked Questions About Time Travel,frequently asked questions about time travel,"Comedy,Sci-Fi",35%,61%
A Merry Friggin' Christmas,a merry friggin' christmas,"Comedy,Drama",14%,21%
Pineapple Express,pineapple express,"Action,Comedy,Crime",68%,73%
Armored,armored,"Action,Crime,Mystery",41%,31%
The Marc Pease Experience,the marc pease experience,"Comedy,Drama,Music",18%,14%
The Boy in the Striped Pajamas,the boy in the striped pajamas,"Drama,War",65%,85%
44 Inch Chest,44 inch chest,"Crime,Drama",40%,36%
Doubt,doubt,"Drama,Mystery",79%,78%
The Legend of Tarzan,the legend of tarzan,"Action,Adventure,Drama",35%,58%
Gomorrah,gomorra,"Crime,Drama",91%,70%
Rabbit Hole,rabbit hole,Drama,87%,72%
Transylmania,transylmania,"Comedy,Horror",0%,22%
This Christmas,this christmas,"Comedy,Drama,Romance",55%,81%
The Last Airbender,the last airbender,"Action,Adventure,Family",5%,30%
Silent Hill: Revelation,silent hill: revelation,"Horror,Mystery,Thriller",8%,35%
Brick Lane,brick lane,Drama,68%,60%
Tropic Thunder,tropic thunder,"Action,Comedy,War",82%,71%
Source Code,source code,"Action,Drama,Mystery",92%,82%
The New Daughter,the new daughter,"Crime,Horror,Thriller",40%,24%
Alvin and the Chipmunks,alvin and the chipmunks,"Adventure,Comedy,Family",,57%
The Yellow Handkerchief,the yellow handkerchief,"Adventure,Drama,Romance",,
The Yellow Handkerchief,the yellow handkerchief,"Adventure,Drama,Romance",65%,60%
Nights in Rodanthe,nights in rodanthe,"Drama,Romance",30%,52%
Revolutionary Road,revolutionary road,"Drama,Romance",67%,71%
The Black Waters of Echo's Pond,the black waters of echo's pond,"Fantasy,Horror,Thriller",22%,18%
You Don't Mess with the Zohan,you don't mess with the zohan,"Action,Comedy",37%,45%
Adventures of Power,adventures of power,"Comedy,Music",32%,49%
The Young Victoria,the young victoria,"Biography,Drama,History",76%,74%
The International,the international,"Action,Crime,Drama",,
The International,the international,"Action,Crime,Drama",58%,37%
Repo! The Genetic Opera,repo! the genetic opera,"Horror,Musical,Sci-Fi",37%,73%
Where in the World Is Osama Bin Laden?,where in the world is osama bin laden?,"Comedy,Documentary,War",38%,52%
The Ruins,the ruins,"Adventure,Horror,Thriller",50%,30%
St. Trinian's,st. trinian's,"Comedy,Family",32%,55%
The Merry Gentleman,the merry gentleman,"Crime,Drama,Thriller",65%,50%
The Conspirator,the conspirator,"Crime,Drama,History",56%,62%
Our City Dreams,our city dreams,Documentary,75%,59%
Dog Gone,dog gone,"Comedy,Family",41%,67%
City of Ember,city of ember,"Adventure,Drama,Family",53%,46%
Miss Pettigrew Lives for a Day,miss pettigrew lives for a day,"Comedy,Romance",78%,71%
Little Fockers,little fockers,"Comedy,Romance",9%,34%
A Perfect Getaway,a perfect getaway,"Drama,Mystery,Thriller",62%,52%
1 More Hit,1 more hit,"Documentary,Music",,
Blackbird,blackbird,Drama,,
Elegy,elegy,"Drama,Romance",,
17 Again,17 again,"Comedy,Drama,Fantasy",57%,67%
Bad Biology,bad biology,"Comedy,Horror",,20%
Hitchcock,hitchcock,"Biography,Drama,Romance",60%,60%
The Reader,the reader,"Drama,Mystery,Romance",,50%
The Reader,the reader,"Drama,Mystery,Romance",63%,79%
Bandslam,bandslam,"Comedy,Drama,Family",82%,64%
"Surfer, Dude","surfer, dude",Comedy,0%,26%
Every Little Step,every little step,"Documentary,Music",92%,88%
The Chronicles of Narnia: The Voyage of the Dawn Treader,the chronicles of narnia: the voyage of the dawn treader,"Adventure,Family,Fantasy",50%,58%
Like Dandelion Dust,like dandelion dust,Drama,82%,76%
Nick and Norah's Infinite Playlist,nick and norah's infinite playlist,"Comedy,Drama,Music",75%,65%
The Adventures of Tintin,the adventures of tintin,"Action,Adventure,Animation",75%,74%
On the Rocks,on the rocks,Documentary,87%,50%
Fantasy Island,fantasy island,"Fantasy,Horror,Mystery",,82%
Mothers,madres,Documentary,,
Incendiary,incendiary,"Drama,Romance,Thriller",20%,34%
Multiple Sarcasms,multiple sarcasms,"Comedy,Drama,Romance",9%,24%
Bounty,bounty,Western,,
Metropia,metropia,"Animation,Drama,Mystery",50%,56%
Valkyrie,valkyrie,"Drama,History,Thriller",62%,65%
Traitor,traitor,"Action,Crime,Drama",65%,64%
27 Dresses,27 dresses,"Comedy,Romance",41%,57%
Donkey Punch,donkey punch,"Crime,Drama,Horror",54%,24%
Sarah Landon and the Paranormal Hour,sarah landon and the paranormal hour,"Action,Adventure,Family",0%,26%
Fuel,fuel,"Drama,Romance,War",,55%
Army of the Dead,army of the dead,"Action,Adventure,Crime",,14%
Hanna,hanna,"Action,Adventure,Drama",72%,66%
The Business of Being Born,the business of being born,Documentary,81%,85%
A Journal for Jordan,a journal for jordan,"Drama,Romance,War",39%,95%
College Road Trip,college road trip,"Adventure,Comedy,Drama",12%,50%
Sex and the City,sex and the city,"Comedy,Drama,Romance",50%,77%
Changing the Game,changing the game,"Documentary,Drama,Sport",83%,78%
He's Just Not That Into You,he's just not that into you,"Comedy,Drama,Romance",41%,59%
The Last Voyage of the Demeter,the last voyage of the demeter,"Fantasy,Horror,Thriller",49%,75%
Megamind,megamind,"Action,Adventure,Animation",73%,72%
Selfless,selfless,Thriller,,
Witless Protection,witless protection,"Comedy,Crime",4%,46%
The Humans,the humans,Drama,92%,45%
The Young Messiah,the young messiah,"Drama,Fantasy",49%,65%
Secret,secret,Drama,,
Perrier's Bounty,perrier's bounty,"Action,Comedy,Crime",53%,47%
Fear of Rain,fear of rain,"Drama,Horror,Mystery",47%,60%
Abigail,abigail,Horror,,38%
Antebellum,antebellum,"Drama,Horror,Mystery",31%,50%
Encounter,encounter,Horror,,
The Iron Lady,the iron lady,"Biography,Drama",52%,51%
All Fun and Games,all fun and games,"Horror,Thriller",38%,37%
False Positive,false positive,"Horror,Mystery,Thriller",47%,19%
Jesus Revolution,jesus revolution,"Biography,Drama,History",54%,99%
Prodigy,prodigy,"Action,Adventure,Fantasy",,50%
The Lovebirds,the lovebirds,Drama,,
Slumdog Millionaire,slumdog millionaire,"Crime,Drama,Romance",91%,90%
My Little Pony: A New Generation,my little pony: a new generation,"Adventure,Animation,Comedy",92%,82%
Thunder Force,thunder force,"Action,Adventure,Comedy",22%,23%
Redbelt,redbelt,"Drama,Sport",68%,65%
Shut In,shut in,"Drama,Thriller",4%,23%
Knight and Day,knight and day,"Action,Adventure,Comedy",52%,49%
Fast & Furious,fast & furious,"Action,Thriller",28%,67%
Dylan Dog: Dead of Night,dylan dog: dead of night,"Action,Comedy,Crime",4%,29%
Thanksgiving,thanksgiving,,,
Child 44,child 44,"Crime,Drama,History",29%,42%
Until the Light Takes Us,until the light takes us,"Documentary,Music",46%,57%
Shazam! Fury of the Gods,shazam! fury of the gods,"Action,Adventure,Comedy",49%,86%
Sneakerella,sneakerella,"Comedy,Family,Musical",92%,50%
DOMINO: Battle of the Bones,domino: battle of the bones,Comedy,57%,70%
The Cursed,the cursed,"Horror,Mystery,Romance",,
Witch Hunt,witch hunt,"Drama,Fantasy,Horror",,
The Nun II,the nun ii,"Horror,Mystery,Thriller",52%,73%
Evil Eye,evil eye,Thriller,,
Bones and All,bones and all,"Drama,Horror,Romance",82%,62%
"Red, White & Royal Blue","red, white & royal blue","Comedy,Romance",75%,92%
Noah,noah,"Family,History,Musical",75%,41%
The Sisterhood of the Traveling Pants 2,the sisterhood of the traveling pants 2,"Comedy,Drama,Romance",66%,66%
The Tenant,the tenant,Drama,,16%
The Tenant,the tenant,Drama,84%,87%
Assassination of a High School President,assassination of a high school president,"Comedy,Crime,Mystery",55%,46%
Finding You,finding you,"Drama,Romance",51%,91%
Causeway,causeway,Drama,85%,73%
A Serious Man,a serious man,"Comedy,Drama",89%,68%
American Skin,american skin,"Drama,Thriller",35%,95%
Selma,selma,"Biography,Drama,History",99%,86%
Centurion,centurion,"Action,Drama,History",60%,43%
The Gateway,the gateway,"Action,Adventure,Crime",51%,40%
Report,report,Documentary,,
Vampire Killers,lesbian vampire killers,"Action,Comedy,Fantasy",28%,32%
Little Mermaid,little mermaid,"Adventure,Comedy,Family",,44%
616 Wilford Lane,616 wilford lane,Horror,,24%
500 Days of Summer,(500) days of summer,"Comedy,Drama,Romance",85%,84%
Jolt,jolt,"Action,Comedy,Crime",40%,38%
The Devil Inside,the devil inside,,6%,22%
The Dark and the Wicked,the dark and the wicked,Horror,91%,63%
Beckett,beckett,"Action,Crime,Drama",48%,33%
Never Back Down,never back down,"Action,Drama,Sport",21%,34%
Coco Chanel & Igor Stravinsky,coco chanel & igor stravinsky,"Drama,Music,Romance",52%,43%
Doghouse,doghouse,"Comedy,Horror,Sci-Fi",48%,46%
A Cold Hard Truth,#truth,Drama,,
The Land,the land,Drama,,
I'm Your Woman,i'm your woman,"Crime,Drama",81%,49%
Salem's Lot,salem's lot,"Horror,Thriller",89%,65%
Dreamin' Wild,dreamin' wild,"Biography,Drama,Music",90%,65%
The People I've Slept With,the people i've slept with,Comedy,27%,37%
Gemini Man,gemini man,"Action,Sci-Fi,Thriller",,
RiffTrax: High School Musical,high school musical,Comedy,67%,74%
The Greatest Beer Run Ever,the greatest beer run ever,"Adventure,Drama,War",43%,91%
Wall Street: Money Never Sleeps,wall street: money never sleeps,Drama,55%,44%
Swing Vote,swing vote,"Comedy,Drama",38%,41%
Secretariat,secretariat,"Biography,Drama,Family",64%,76%
Love N' Dancing,love n' dancing,"Drama,Romance",17%,42%
Henry Poole Is Here,henry poole is here,"Comedy,Drama",40%,52%
The Power of the Dog,the power of the dog,"Drama,Western",94%,76%
Lightyear,lightyear,"Action,Adventure,Animation",74%,84%
Strange World,strange world,"Action,Adventure,Animation",72%,66%
Kidnap,kidnap,"Crime,Drama",,
Sightless,sightless,"Drama,Mystery,Thriller",40%,41%
Amsterdam,amsterdam,"Comedy,Drama,History",,19%
Fatman,fatman,"Action,Adventure,Comedy",44%,84%
Heart of Champions,heart of champions,"Drama,Sport",29%,75%
RiffTrax: The Hunger Games,the hunger games,Comedy,84%,81%
The Contractor,the contractor,"Action,Drama,Thriller",,28%
The Ark,the ark,Thriller,,58%
Strapped,strapped,,,82%
The Forever Purge,the forever purge,"Action,Crime,Horror",49%,78%
The Warrior's Way,the warrior's way,"Action,Drama,Fantasy",33%,47%
RocknRolla,rocknrolla,"Action,Crime,Thriller",60%,71%
RiffTrax: Ready Player One,ready player one,"Adventure,Comedy",72%,77%
Tyson,tyson,"Biography,Documentary,Sport",,33%
Finding 'Ohana,finding 'ohana,"Action,Adventure,Comedy",82%,81%
Best Sellers,best sellers,"Comedy,Drama",53%,52%
Rifftrax: Batman v. Superman,batman v superman: dawn of justice,Comedy,29%,63%
Midnight in Paris,midnight in paris,"Comedy,Documentary,Drama",93%,83%
Gigi & Nate,gigi & nate,"Drama,Family",19%,95%
Armageddon Time,armageddon time,Drama,76%,48%
Don't Look Up,don't look up,Horror,,6%
Iron Sky,iron sky,"Action,Adventure,Comedy",41%,37%
Four Good Days,four good days,Drama,55%,81%
After We Collided,after we collided,"Drama,Romance",12%,93%
John Wick: Chapter 4,john wick: chapter 4,"Action,Crime,Thriller",94%,93%
Haywire,haywire,"Sci-Fi,Thriller",,
The Time That Remains,the time that remains,"Drama,History",86%,68%
The Book of Eli,the book of eli,"Action,Adventure,Drama",47%,64%
Damsel,damsel,Romance,67%,53%
Paradise City,paradise city,"Crime,Drama",,
Enemies of the State,enemies of the state,Documentary,78%,29%
Coriolanus,coriolanus,,,
Satanic Panic,satanic panic,Horror,,20%
Unbroken,unbroken,Drama,52%,70%
Terrifier 2,terrifier 2,Horror,86%,80%
The Shift,the shift,"Drama,Thriller",,65%
Fly,fly,Action,,
Filth and Wisdom,filth and wisdom,"Comedy,Drama,Music",24%,42%
Cadillac Records,cadillac records,"Biography,Drama,Music",66%,65%
Rushed,rushed,"Crime,Drama,Mystery",90%,88%
The Legend of Hercules,the legend of hercules,"Action,Adventure,Fantasy",5%,33%
The Nowhere Inn,the nowhere inn,"Comedy,Drama,Music",68%,75%
Sessions,sessions,Thriller,,
Into the Storm,into the storm,Documentary,,63%
Nine Days,nine days,"Drama,Fantasy",90%,72%
Outside the Wire,outside the wire,"Action,Adventure,Fantasy",37%,54%
Coco,coco,,,15%
The Haunting of Molly Hartley,the haunting of molly hartley,"Drama,Horror,Thriller",2%,18%
Silver Linings Playbook,silver linings playbook,"Comedy,Drama,Romance",92%,86%
I Love You Phillip Morris,i love you phillip morris,"Biography,Comedy,Crime",71%,61%
My Best Friend's Girl,my best friend's girl,"Comedy,Romance",,44%
G.I. Joe: The Rise of Cobra,g.i. joe: the rise of cobra,"Action,Adventure,Sci-Fi",33%,50%
The Estate,the estate,Thriller,,
Queen,queen,,92%,85%
Last Chance Harvey,last chance harvey,"Drama,Romance",71%,53%
Miracle at St. Anna,miracle at st. anna,"Action,Drama,War",33%,51%
Better Living Through Chemistry,better living through chemistry,Documentary,23%,38%
Passage,passage,"Documentary,Drama,History",,
The Other End of the Line,the other end of the line,"Comedy,Drama,Family",35%,50%
Up,up,"Adventure,Animation,Comedy",98%,90%
Garbage Dreams,garbage dreams,Documentary,100%,77%
Ma Rainey's Black Bottom,ma rainey's black bottom,"Drama,Music",97%,72%
Half Brothers,half brothers,"Comedy,Drama",,
Paranormal Activity: Next of Kin,paranormal activity: next of kin,"Horror,Mystery,Thriller",30%,37%
Nightbooks,nightbooks,"Family,Fantasy,Horror",88%,58%
Let Us In,let us in,"Horror,Sci-Fi",20%,20%
Repo Men,repo men,"Action,Sci-Fi,Thriller",,
The Big Year,the big year,Comedy,42%,41%
Jinn,jinn,Horror,18%,31%
The Midnight Sky,the midnight sky,"Adventure,Drama,Sci-Fi",49%,26%
The Hunger Games: The Ballad of Songbirds & Snakes,the hunger games: the ballad of songbirds & snakes,"Action,Adventure,Drama",64%,89%
Flash of Genius,flash of genius,"Biography,Drama",62%,55%
The Imaginarium of Doctor Parnassus,the imaginarium of doctor parnassus,"Adventure,Comedy,Fantasy",64%,60%
Transformers: Revenge of the Fallen,transformers: revenge of the fallen,"Action,Adventure,Sci-Fi",20%,57%
Unpregnant,unpregnant,"Comedy,Drama",92%,16%
Supercell,supercell,"Action,Adventure,Drama",50%,75%
Collection,collection,"Crime,Drama,Thriller",17%,29%
Invictus,invictus,"Biography,Drama,History",76%,75%
Uncharted,uncharted,Horror,,17%
The Invention of Lying,the invention of lying,"Comedy,Fantasy,Romance",56%,39%
Eagle Eye,eagle eye,"Action,Mystery,Thriller",26%,62%
We Can Be Heroes,we can be heroes,"Action,Animation,Comedy",74%,42%
Cloverfield,cloverfield,"Action,Horror,Sci-Fi",78%,68%
Hands of Stone,hands of stone,"Crime,Thriller",45%,52%
Mank,mank,"Biography,Drama",83%,63%
Severed Ways: The Norse Discovery of America,severed ways: the norse discovery of america,"Adventure,Drama,History",41%,37%
Minari,minari,Drama,98%,87%
Thor: Love and Thunder,thor: love and thunder,"Action,Adventure,Comedy",63%,76%
Safety,safety,"Biography,Drama,Sport",78%,78%
Boyhood,boyhood,Drama,97%,80%
The Last Shift,the last shift,"Comedy,Drama",64%,37%
Born a Champion,born a champion,"Action,Drama,Sport",,80%
Halloween Kills,halloween kills,"Action,Drama,Horror",39%,66%
Halloween Ends,halloween ends,"Drama,Horror,Mystery",40%,57%
Water for Elephants,water for elephants,"Drama,Romance",60%,70%
To All the Boys: Always and Forever,to all the boys: always and forever,"Comedy,Drama,Romance",78%,58%
The Marvels,the marvels,"Action,Adventure,Sci-Fi",62%,82%
Adult World,adult world,"Comedy,Drama",54%,38%
Hubie Halloween,hubie halloween,"Comedy,Horror,Mystery",52%,48%
The Burning Plain,the burning plain,"Crime,Drama,Mystery",38%,56%
Veronika Decides to Die,veronika decides to die,"Drama,Romance",,50%
Yes Man,yes man,"Comedy,Romance",46%,66%
The Electrical Life of Louis Wain,the electrical life of louis wain,"Biography,Drama,History",69%,71%
Circle,circle,Drama,,
Scarecrow,khayal maata,"Comedy,Crime,Drama",,
The Killing of Two Lovers,the killing of two lovers,Drama,93%,68%
The Secrets of Jonathan Sperry,the secrets of jonathan sperry,"Drama,Family",,84%
The Trial of the Chicago 7,the trial of the chicago 7,"Drama,History,Thriller",89%,90%
Horror Express,horror express,"Horror,Sci-Fi",81%,53%
Feel the Beat,feel the beat,"Comedy,Drama,Family",50%,55%
Ink,ink,"Action,Drama,Fantasy",,
Mao's Last Dancer,mao's last dancer,"Biography,Drama,Music",56%,76%
Stolen,stolen,Documentary,67%,47%
Ghost Rider: Spirit of Vengeance,ghost rider: spirit of vengeance,"Action,Fantasy,Thriller",19%,31%
The Birthday Cake,the birthday cake,"Crime,Thriller",22%,90%
Winchester,winchester,"Biography,Fantasy,Horror",13%,32%
Don't Worry Darling,don't worry darling,"Drama,Mystery,Thriller",38%,74%
Sweet Girl,sweet girl,"Action,Drama,Thriller",23%,49%
Meet the Spartans,meet the spartans,"Comedy,Fantasy",2%,25%
Spell,spell,"Horror,Thriller",0%,
Music,music,,7%,15%
Rita Moreno: Just a Girl Who Decided to Go for It,rita moreno: just a girl who decided to go for it,"Biography,Documentary",96%,93%
Skyfall,skyfall,"Action,Adventure,Thriller",92%,86%
Love Hard,love hard,"Comedy,Romance",52%,90%
Race to Witch Mountain,race to witch mountain,"Action,Adventure,Family",42%,44%
Jonah Hex,jonah hex,"Action,Drama,Fantasy",12%,20%
Collide,collide,Action,,
Night Teeth,night teeth,"Action,Crime,Drama",37%,48%
Next Goal Wins,next goal wins,"Comedy,Drama,Sport",100%,89%
Blast Beat,blast beat,Drama,61%,75%
Ajami,ajami,"Crime,Drama",97%,81%
Dark Shadows,dark shadows,"Comedy,Fantasy,Horror",35%,46%
Pearl,pearl,Documentary,,
Boy A,boy a,Drama,88%,87%
My Sister's Keeper,my sister's keeper,"Drama,Family",,67%
Sick Girl,sick girl,"Crime,Horror,Thriller",,25%
Couples Retreat,couples retreat,Comedy,10%,39%
Ice Age: Dawn of the Dinosaurs,ice age: dawn of the dinosaurs,"Adventure,Animation,Comedy",46%,63%
Pressure Cooker,pressure cooker,"Comedy,Drama,Family",92%,81%
Black Box,black box,"Drama,Romance",71%,65%
Let Them All Talk,let them all talk,"Comedy,Drama",87%,49%
Breaking,breaking,"Fantasy,Musical",82%,84%
Fighting,fighting,"Action,Crime,Drama",39%,36%
The Belko Experiment,the belko experiment,"Horror,Thriller",54%,40%
Management,management,"Comedy,Drama,Romance",46%,30%
The Wackness,the wackness,"Comedy,Drama,Romance",,
The Wackness,the wackness,"Comedy,Drama,Romance",71%,72%
Swan Song,swan song,"Biography,Comedy,Drama",,
Eddie the Eagle,eddie the eagle,"Adventure,Biography,Comedy",82%,82%
A Crime on the Bayou,a crime on the bayou,Documentary,100%,88%
The Matrix Resurrections,the matrix resurrections,"Action,Sci-Fi",63%,63%
Rachel Getting Married,rachel getting married,"Drama,Romance",84%,62%
Bill & Ted Face the Music,bill & ted face the music,"Adventure,Comedy,Music",82%,65%
Uncertainty,uncertainty,"Drama,Romance,Thriller",50%,33%
Blended,blended,"Comedy,Romance",15%,64%
Trucker,trucker,Drama,58%,57%
Lone Survivor,lone survivor,"Action,Biography,Drama",75%,87%
Beyond the Dunwich Horror,beyond the dunwich horror,Horror,,8%
Expelled: No Intelligence Allowed,expelled: no intelligence allowed,Documentary,11%,68%
Adventureland,adventureland,"Comedy,Drama,Romance",88%,61%
The Longshots,the longshots,"Biography,Comedy,Drama",41%,61%
Freaky,freaky,"Comedy,Horror,Thriller",83%,80%
Dream Team,dream team,,,
A Mouthful of Air,a mouthful of air,Drama,68%,80%
Dating & New York,dating & new york,Comedy,43%,62%
Nanny,nanny,"Drama,Horror",90%,68%
Confessions of a Shopaholic,confessions of a shopaholic,"Comedy,Romance",27%,49%
Spirited,spirited,"Horror,Thriller",70%,81%
Chick Fight,chick fight,"Action,Comedy,Drama",37%,20%
Here Today,here today,"Comedy,Drama,Music",,
Rumble Through the Dark,rumble through the dark,"Action,Drama,Thriller",64%,96%
New in Town,new in town,"Comedy,Romance",28%,37%
Old,old,"Drama,Horror,Mystery",50%,53%
Nope,nope,"Horror,Mystery,Sci-Fi",83%,69%
Turning Point,turning point,Drama,,34%
The Darkness,the darkness,Horror,3%,19%
Things Heard & Seen,things heard & seen,"Drama,Horror,Mystery",38%,23%
Next Day Air,next day air,"Action,Comedy,Crime",21%,31%
Golda,golda,"Biography,Documentary,History",,
C'mon C'mon,c'mon c'mon,Drama,94%,78%
Foxcatcher,foxcatcher,"Biography,Drama,History",88%,66%
Shorts,shorts,"Adventure,Comedy,Family",47%,32%
Immigrants,immigrants,"Sci-Fi,Thriller",,29%
Home Sweet Home Alone,home sweet home alone,"Comedy,Crime,Family",15%,12%
The Silence,the silence,Drama,,
Hunter,hunter,Horror,,
The Babysitter: Killer Queen,the babysitter: killer queen,"Comedy,Horror",45%,58%
The Girlfriend Experience,the girlfriend experience,Drama,,
The Girlfriend Experience,the girlfriend experience,Drama,67%,35%
Little Ashes,little ashes,"Biography,Drama,History",24%,49%
The Machine,the machine,"Action,Comedy",,
Hamlet 2,hamlet 2,"Comedy,Music",62%,56%
The Silent Twins,the silent twins,"Biography,Crime,Drama",,
The Sessions,the sessions,Drama,91%,80%
Dog,dog,Horror,,
The Maiden Heist,the maiden heist,"Comedy,Crime",,37%
The Map of Tiny Perfect Things,the map of tiny perfect things,"Comedy,Fantasy,Romance",78%,72%
Wrath of Man,wrath of man,"Action,Crime,Thriller",67%,90%
Spirit Untamed,spirit untamed,"Adventure,Animation,Comedy",47%,95%
My Name Is Pauli Murray,my name is pauli murray,"Biography,Documentary",94%,80%
Between Us,between us,Drama,,
Boys State,boys state,Documentary,95%,91%
"Love, Guaranteed","love, guaranteed","Comedy,Romance",58%,36%
Reboot Camp,reboot camp,Comedy,,94%
Blue Bayou,blue bayou,"Crime,Drama",,
Keeping up with the Joneses,keeping up with the joneses,Documentary,19%,37%
The Addams Family 2,the addams family 2,"Adventure,Animation,Comedy",28%,69%
Witch,witch,Fantasy,,
Clerks III,clerks iii,"Comedy,Drama",62%,93%
Kung Fu Ghost,kung fu ghost,"Action,Comedy",,
George Harrison: Living in the Material World,george harrison: living in the material world,"Biography,Documentary,Music",87%,93%
The Northman,the northman,"Action,Adventure,Drama",90%,64%
Creed III,creed iii,"Action,Drama,Sport",88%,95%
Hannah Montana: The Movie,hannah montana: the movie,"Comedy,Drama,Family",43%,67%
That Evening Sun,that evening sun,Drama,82%,76%
Paul Blart: Mall Cop,paul blart: mall cop,"Action,Comedy,Crime",34%,43%
On the Count of Three,on the count of three,"Comedy,Crime,Drama",85%,80%
Pieces of a Woman,pieces of a woman,Drama,76%,84%
North Hollywood,north hollywood,"Comedy,Drama,Sport",78%,89%
Protégé,protégé,Thriller,,
Low Tide,low tide,Drama,,
Sisu,sisu,Documentary,94%,88%
The Hustle,the hustle,Comedy,,89%
Friendsgiving,friendsgiving,Comedy,19%,22%
The Card Counter,the card counter,"Crime,Drama,Thriller",87%,42%
The Hangover,the hangover,Comedy,79%,84%
She Said,she said,"Drama,History",88%,91%
The Princess Switch: Switched Again,the princess switch: switched again,"Comedy,Drama,Family",56%,34%
Blue Valentine,blue valentine,"Drama,Romance",86%,77%
Seventh Son,seventh son,"Action,Adventure,Fantasy",12%,34%
House of Gucci,house of gucci,"Biography,Crime,Drama",62%,83%
Formosa Betrayed,formosa betrayed,Thriller,33%,55%
Crank: High Voltage,crank: high voltage,"Action,Thriller",63%,49%
Mother and Child,mother and child,"Drama,Romance",79%,76%
Rosencrantz and Guildenstern Are Undead,rosencrantz and guildenstern are undead,Comedy,40%,35%
Alien Trespass,alien trespass,"Comedy,Horror,Sci-Fi",38%,31%
Infidel,infidel,"Action,Thriller",58%,86%
AvA,ava,"Drama,Family,Sport",85%,67%
River,river,"Drama,Musical",,
The Unforgivable,the unforgivable,"Crime,Drama,Mystery",39%,75%
The Voyeurs,the voyeurs,"Drama,Mystery,Romance",,
The Ides of March,the ides of march,"Drama,Thriller",83%,73%
Free State of Jones,free state of jones,"Action,Biography,Drama",48%,64%
Echelon Conspiracy,echelon conspiracy,"Action,Crime,Thriller",8%,31%
Books of Blood,books of blood,"Drama,Horror,Mystery",20%,33%
John Rabe,john rabe,"Biography,Drama,History",75%,75%
Play the Game,play the game,"Comedy,Romance",28%,61%
The Tourist,the tourist,Drama,,
The Tourist,the tourist,Drama,21%,42%
Love Ranch,love ranch,"Biography,Comedy,Drama",12%,28%
Apex,apex,"Crime,Drama,Thriller",,23%
Escape the Field,escape the field,"Horror,Thriller",18%,69%
Big Eyes,big eyes,"Biography,Crime,Drama",72%,68%
Ghosted,ghosted,"Drama,Thriller",36%,50%
The Ultimate Playlist of Noise,the ultimate playlist of noise,"Comedy,Drama,Music",44%,66%
Licorice Pizza,licorice pizza,"Comedy,Drama,Romance",90%,66%
Drag Me to Hell,drag me to hell,Horror,92%,62%
Not Forgotten,not forgotten,"Horror,Thriller",,
Archenemy,archenemy,"Action,Adventure,Animation",75%,47%
Rescued by Ruby,rescued by ruby,"Biography,Drama,Family",88%,87%
Cold Souls,cold souls,"Comedy,Drama,Fantasy",75%,54%
Hannah Montana and Miley Cyrus: Best of Both Worlds Concert,hannah montana and miley cyrus: best of both worlds concert,"Documentary,Music",71%,70%
Taking Woodstock,taking woodstock,"Biography,Comedy,Drama",48%,47%
The Housekeeper,the housekeeper,Thriller,78%,42%
Together Together,together together,"Comedy,Drama",91%,77%
Concussion,concussion,Thriller,78%,57%
The Unbearable Weight of Massive Talent,the unbearable weight of massive talent,"Action,Comedy,Crime",87%,87%
The Informant!,the informant!,"Biography,Comedy,Crime",80%,44%
John and the Hole,john and the hole,"Drama,Horror,Thriller",60%,27%
Shiva Baby,shiva baby,"Comedy,Drama",96%,78%
2:22,2:22,"Drama,Mystery,Romance",,
The Boat That Rocked,pirate radio,"Comedy,Drama,Music",60%,71%
Jennifer's Body,jennifer's body,"Comedy,Horror",46%,35%
(Untitled),(untitled),"Comedy,Drama,Music",64%,57%
Lay the Favorite,lay the favorite,"Comedy,Drama,Romance",18%,19%
Gooby,gooby,"Family,Fantasy",20%,27%
Saw V,saw v,"Horror,Thriller",13%,52%
Green Lantern,green lantern,"Action,Adventure,Sci-Fi",25%,45%
The Private Lives of Pippa Lee,the private lives of pippa lee,"Comedy,Drama,Romance",69%,50%
Boogie Woogie,boogie woogie,"Comedy,Drama",32%,22%
Survival of the Dead,survival of the dead,"Comedy,Drama,Horror",29%,19%
Extinction,extinction,Sci-Fi,,
Takers,takers,"Action,Crime,Drama",28%,62%
The Limits of Control,the limits of control,"Crime,Drama,Mystery",43%,43%
Julie & Julia,julie & julia,"Biography,Drama,Romance",77%,70%
The Slammin' Salmon,the slammin' salmon,Comedy,35%,48%
Renfield,renfield,"Action,Comedy,Fantasy",58%,79%
District 9,district 9,"Action,Sci-Fi,Thriller",90%,82%
Accidental Love,accidental love,"Comedy,Romance",9%,15%
Faults,faults,Drama,92%,68%
Farewell Amor,farewell amor,"Drama,Music,Romance",97%,71%
V,v,"Action,Crime,Thriller",70%,77%
Horse Girl,horse girl,"Drama,Mystery,Thriller",71%,48%
I Carry You with Me,i carry you with me,Drama,97%,84%
A Fall from Grace,a fall from grace,"Crime,Drama,Mystery",20%,
The Ghost Writer,the ghost writer,"Crime,Drama,Mystery",,
Jeepers Creepers III,jeepers creepers 3,Horror,17%,29%
Crave,crave,Fantasy,,
"Summer of Soul (...Or, When the Revolution Could Not Be Televised)","summer of soul (...or, when the revolution could not be televised)","Documentary,History,Music",99%,98%
Post Grad,post grad,"Comedy,Family,Romance",8%,27%
Totally Killer,totally killer,"Comedy,Horror,Sci-Fi",87%,77%
The Ugly Truth,the ugly truth,"Comedy,Romance",14%,60%
Wild Indian,wild indian,"Crime,Drama,Mystery",90%,58%
Val,val,"Comedy,Horror,Thriller",93%,88%
Holy Rollers,holy rollers,"Biography,Crime,Drama",52%,33%
Peter and Vandy,peter and vandy,"Drama,Romance",65%,56%
The Final Destination,the final destination,"Horror,Thriller",28%,35%
Billie Eilish: The World's a Little Blurry,billie eilish: the world's a little blurry,"Biography,Documentary,Drama",96%,95%
Jackass Forever,jackass forever,"Action,Comedy,Documentary",85%,91%
Rifftrax: Willy Wonka and the Chocolate Factory,willy wonka and the chocolate factory,Comedy,92%,87%
Cuckoo,cuckoo,"Drama,Thriller",10%,8%
Trouble the Water,trouble the water,Documentary,96%,87%
Delia's Gone,delia's gone,"Adventure,Crime,Drama",31%,83%
Whitney,whitney,Thriller,47%,39%
Nothing Like the Holidays,nothing like the holidays,"Comedy,Drama,Romance",53%,42%
American Violet,american violet,Drama,75%,79%
Beastly,beastly,"Drama,Fantasy,Romance",21%,48%
Hellblazers,hellblazers,"Action,Horror",,
No Sudden Move,no sudden move,"Crime,Drama,Mystery",92%,59%
The Joneses,the joneses,"Comedy,Drama",62%,47%
Racing Dreams,racing dreams,"Documentary,Sport",100%,93%
Wendy and Lucy,wendy and lucy,Drama,86%,67%
Tidal Wave,haeundae,"Action,Drama,Sci-Fi",,49%
No Impact Man,no impact man,"Comedy,Drama",83%,63%
All Dirt Roads Taste of Salt,all dirt roads taste of salt,Drama,90%,61%
Family Camp,family camp,"Comedy,Family",40%,84%
Dance Flick,dance flick,"Action,Comedy,Music",18%,30%
The Deep Ones,the deep ones,"Horror,Sci-Fi",,
"I Love You, Man","i love you, man","Comedy,Romance",83%,74%
The Lightkeepers,the lightkeepers,Comedy,20%,45%
RiffTrax: Star Wars: The Last Jedi,star wars: the last jedi,"Action,Comedy,Sci-Fi",91%,41%
Zombieland,zombieland,"Action,Comedy,Horror",89%,86%
Worth,worth,Drama,81%,76%
Roman Polanski: Wanted and Desired,roman polanski: wanted and desired,"Crime,Documentary",85%,78%
Never Grow Old,never grow old,"Drama,Western",90%,62%
Cheerful Weather for the Wedding,cheerful weather for the wedding,"Comedy,Drama,Romance",37%,27%
Waking Sleeping Beauty,waking sleeping beauty,"Documentary,Drama,History",71%,80%
Spirit,spirit,Drama,,
12 Rounds,12 rounds,"Action,Crime,Thriller",31%,45%
Playground,playground,Documentary,,
Gentlemen Broncos,gentlemen broncos,"Comedy,Fantasy,Sci-Fi",20%,44%
She Dies Tomorrow,she dies tomorrow,"Drama,Fantasy,Horror",84%,24%
The Rite,the rite,"Drama,Horror,Mystery",22%,40%
The Rite,the rite,"Drama,Horror,Mystery",75%,71%
Silent Night,silent night,"Comedy,Drama,Horror",,
The House,lou,Horror,,56%
Biutiful,biutiful,"Drama,Romance",66%,75%
Hard Kill,hard kill,"Action,Thriller",0%,59%
Midnight in the Switchgrass,midnight in the switchgrass,"Crime,Mystery,Thriller",8%,20%
Promise,promise,"Comedy,Drama,Romance",,14%
The Witcher: Nightmare of the Wolf,the witcher: nightmare of the wolf,"Action,Adventure,Animation",100%,83%
Godmothered,godmothered,"Comedy,Drama,Family",68%,57%
"Alice, Darling","alice, darling","Drama,Mystery,Romance",84%,44%
The Year Between,the year between,"Comedy,Drama",76%,82%
The Blackening,the blackening,"Comedy,Horror,Mystery",87%,85%
The Hobbit: The Desolation of Smaug,the hobbit: the desolation of smaug,"Adventure,Fantasy",75%,85%
Downton Abbey: A New Era,downton abbey: a new era,"Drama,Romance",87%,97%
Asylum: Twisted Horror and Fantasy Tales,asylum: twisted horror and fantasy tales,"Comedy,Horror,Sci-Fi",,56%
Baggage Claim,baggage claim,"Comedy,Romance",16%,48%
Oceans,oceans,"Documentary,Sport",81%,75%
Demolition,demolition,"Comedy,Drama",,
Misconceptions,misconceptions,"Comedy,Drama",,38%
Sita Sings the Blues,sita sings the blues,"Animation,Comedy,Fantasy",100%,85%
Whip It,whip it,"Drama,Sport",86%,74%
Bronson,bronson,"Action,Crime,Drama",75%,74%
Catherine Called Birdy,catherine called birdy,Adventure,88%,65%
American Underdog,american underdog,"Biography,Drama,Romance",76%,98%
The House of the Devil,the house of the devil,"Horror,Mystery",85%,63%
The Beta Test,the beta test,"Comedy,Drama,Mystery",92%,
Afterlife of the Party,afterlife of the party,"Comedy,Drama,Fantasy",56%,71%
City Island,city island,"Comedy,Drama",83%,79%
An Education,an education,Drama,93%,80%
Me and Orson Welles,me and orson welles,"Comedy,Drama",86%,61%
Cosmic Sin,cosmic sin,"Action,Sci-Fi",6%,54%
Valentino: The Last Emperor,valentino: the last emperor,Documentary,78%,78%
Away We Go,away we go,"Comedy,Drama,Romance",67%,74%
Birds of Paradise,birds of paradise,Drama,,
Love Spreads,love spreads,Comedy,,
She Ball,she ball,Drama,,44%
Beer for My Horses,beer for my horses,"Action,Comedy,Crime",0%,62%
Whatever Works,whatever works,"Comedy,Romance",50%,61%
From Paris with Love,from paris with love,"Action,Crime,Thriller",37%,54%
Paranormal Activity,paranormal activity,"Horror,Mystery",83%,57%
10 Cloverfield Lane,10 cloverfield lane,"Drama,Horror,Sci-Fi",90%,79%
The Banshees of Inisherin,the banshees of inisherin,"Comedy,Drama",96%,75%
Visitor,visitor,Thriller,,
Moon,moon,"Drama,Mystery,Sci-Fi",90%,89%
You Will Meet a Tall Dark Stranger,you will meet a tall dark stranger,"Comedy,Drama,Romance",45%,34%
Lady of the Manor,lady of the manor,"Comedy,Mystery",25%,39%
The Minute You Wake up Dead,the minute you wake up dead,"Crime,Drama,Mystery",0%,19%
Catch the Bullet,catch the bullet,Western,,11%
Sex Positive,sex positive,Documentary,82%,60%
Marley,marley,"Biography,Documentary,Music",96%,90%
Orphan: First Kill,orphan: first kill,"Crime,Drama,Horror",71%,77%
Finding Bliss,finding bliss,"Comedy,Romance",30%,30%
In a Dream,in a dream,Documentary,,71%
Star Wars: The Clone Wars,star wars: the clone wars,"Action,Adventure,Animation",19%,40%
The Creator,the creator,"Action,Adventure,Drama",,
Ninja Assassin,ninja assassin,"Action,Thriller",26%,54%
Spread,spread,"Comedy,Drama,Romance",22%,28%
999,999,Drama,,
We Broke Up,we broke up,"Comedy,Drama",59%,50%
Pandorum,pandorum,"Action,Horror,Mystery",29%,49%
My Name Is Khan,my name is khan,"Drama,Romance",83%,83%
The Lincoln Lawyer,the lincoln lawyer,"Crime,Drama,Mystery",84%,82%
2012,2012,"Action,Adventure,Sci-Fi",39%,47%
Black Dynamite,black dynamite,"Action,Comedy",83%,85%
Athlete A,athlete a,"Crime,Documentary,Sport",100%,92%
Not Going Quietly,not going quietly,Documentary,100%,91%
An American Carol,an american carol,"Comedy,Fantasy",12%,48%
The Kill Room,the kill room,"Comedy,Thriller",61%,51%
Hocus Pocus 2,hocus pocus 2,"Comedy,Family,Fantasy",65%,47%
Extraction,extraction,Horror,,28%
Moxie,moxie,"Action,Comedy",70%,68%
Shadow,shadow,Drama,71%,29%
Shadow,shadow,Drama,,
Southern Gospel,southern gospel,"Biography,Drama,Music",100%,98%
All Nighter,all nighter,Horror,14%,39%
The Bourne Legacy,the bourne legacy,"Action,Adventure,Thriller",56%,58%
Get Low,get low,"Drama,Mystery",84%,75%
Casino Jack,casino jack,"Biography,Comedy,Crime",39%,34%
The Other Zoey,the other zoey,"Comedy,Drama,Romance",80%,79%
Easter Sunday,easter sunday,Comedy,,
Crazy on the Outside,crazy on the outside,"Comedy,Crime",8%,29%
Diary of a Wimpy Kid,diary of a wimpy kid,"Comedy,Drama,Family",54%,49%
After Last Season,after last season,"Drama,Sci-Fi,Thriller",,92%
Last Looks,last looks,"Comedy,Horror",67%,70%
Law Abiding Citizen,law abiding citizen,"Action,Crime,Drama",26%,75%
Observe and Report,observe and report,"Action,Comedy,Crime",51%,37%
Kites,kites,"Action,Drama,Romance",72%,53%
You're Not You,you're not you,Drama,48%,70%
Morning Light,morning light,"Documentary,Sport",33%,49%
Violent Night,violent night,"Action,Comedy,Thriller",73%,88%
Rainmaker,rainmaker,"Action,Adventure,Comedy",,
The Muppets,the muppets,"Adventure,Comedy,Family",95%,80%
Last Vegas,last vegas,Comedy,46%,59%
Gran Torino,gran torino,Drama,81%,90%
Jack Ryan: Shadow Recruit,jack ryan: shadow recruit,"Action,Drama,Thriller",54%,52%
Out of the Furnace,out of the furnace,"Crime,Drama,Thriller",53%,52%
Rambo: Last Blood,rambo: last blood,"Action,Crime,Thriller",26%,81%
Afterburn,afterburn,"Comedy,Sci-Fi",,57%
Brooklyn's Finest,brooklyn's finest,"Crime,Drama,Thriller",44%,46%
St Trinian's 2: The Legend of Fritton's Gold,st trinian's 2: the legend of fritton's gold,"Adventure,Comedy,Family",14%,45%
Moneyball,moneyball,"Biography,Drama,Sport",94%,86%
Escape Plan,escape plan,"Action,Thriller",50%,55%
The Lion of Judah,the lion of judah,Animation,0%,61%
When You Finish Saving the World,when you finish saving the world,"Comedy,Drama",62%,73%
Hereafter,hereafter,"Drama,Fantasy,Romance",47%,38%
The Lost City of Z,the lost city of z,"Adventure,Biography,Drama",86%,58%
Spoken Word,spoken word,Drama,46%,39%
Lawless,lawless,"Biography,Crime,Drama",,
Alpha and Omega,alpha and omega,"Adventure,Animation,Comedy",20%,41%
Swordsman,swordsman,Action,,
Good Hair,good hair,"Comedy,Documentary",94%,69%
Disaster Movie,disaster movie,"Comedy,Sci-Fi",1%,21%
The World's End,the world's end,"Action,Comedy,Sci-Fi",89%,72%
Metal Lords,metal lords,"Comedy,Music",63%,84%
The Resort,the resort,Horror,,
Cars 2,cars 2,"Adventure,Animation,Comedy",39%,49%
The Call,the call,Comedy,,
Easier with Practice,easier with practice,"Drama,Romance",88%,70%
Battle Los Angeles,battle: los angeles,"Action,Adventure,Sci-Fi",37%,48%
Limitless,limitless,"Sci-Fi,Thriller",68%,74%
Legend of the Guardians: The Owls of Ga'Hoole,legend of the guardians: the owls of ga'hoole,"Action,Adventure,Animation",,
Whitney Houston: I Wanna Dance with Somebody,whitney houston: i wanna dance with somebody,"Biography,Drama,Music",43%,92%
Stronger,stronger,"Drama,Family",,
Ghost in the Shell,ghost in the shell,"Action,Crime,Drama",95%,89%
The Fourth Kind,the fourth kind,"Horror,Mystery,Sci-Fi",18%,41%
I Hope They Serve Beer in Hell,i hope they serve beer in hell,Comedy,19%,42%
Resident Evil: Afterlife,resident evil: afterlife,"Action,Horror,Sci-Fi",21%,48%
Frankie & Alice,frankie & alice,"Biography,Drama",24%,59%
Zookeeper,zookeeper,"Comedy,Family,Fantasy",14%,41%
Walt & El Grupo,walt & el grupo,Documentary,57%,44%
African Cats,african cats,"Adventure,Documentary",74%,77%
Four Seasons,four seasons,"Biography,Documentary,Musical",,67%
Record of Monsters,monster hunter,Action,44%,70%
Jerichow,jerichow,Drama,90%,58%
Insidious,insidious,"Drama,Mystery,Romance",67%,62%
65,65,"Action,Adventure,Sci-Fi",36%,65%
Thirteen Lives,thirteen lives,"Biography,Drama,Thriller",85%,94%
A Late Quartet,a late quartet,"Drama,Music",77%,71%
The Damned United,the damned united,"Biography,Drama,Sport",92%,85%
Extraction II,extraction 2,"Action,Crime,Thriller",79%,85%
In the Loop,in the loop,Comedy,94%,82%
Beautiful Boy,beautiful boy,"Biography,Drama",71%,56%
Persuasion,persuasion,Drama,30%,73%
The Post,the post,"Drama,Thriller",88%,74%
Chupa,chupa,Comedy,,
Iron Man 2,iron man 2,"Action,Sci-Fi",72%,71%
Champ,champ,Documentary,,
Let Me In,let me in,"Drama,Fantasy,Horror",88%,76%
The Roommate,the roommate,"Music,Mystery",3%,27%
Mission: Impossible - Ghost Protocol,mission: impossible - ghost protocol,"Action,Adventure,Thriller",93%,76%
Anchorman 2: The Legend Continues,anchorman 2: the legend continues,Comedy,74%,52%
It Might Get Loud,it might get loud,"Documentary,Music",79%,85%
Same Kind of Different as Me,same kind of different as me,"Biography,Drama",40%,84%
Dark Obsession,dark obsession,Thriller,63%,96%
Due Date,due date,"Comedy,Drama",40%,52%
Hot Tub Time Machine,hot tub time machine,"Comedy,Sci-Fi",64%,56%
Capitalism: A Love Story,capitalism: a love story,"Crime,Documentary,History",74%,74%
Fish Tank,fish tank,Drama,91%,79%
Sorority Row,sorority row,"Horror,Mystery",25%,33%
21 Jump Street,21 jump street,"Action,Comedy,Crime",,87%
9/11,9/11,Music,,88%
"My Son, My Son, What Have Ye Done","my son, my son, what have ye done","Drama,Thriller",50%,44%
Saw VI,saw vi,"Horror,Mystery,Thriller",39%,49%
The Men Who Stare at Goats,the men who stare at goats,"Comedy,War",51%,39%
Greenberg,greenberg,"Comedy,Drama,Romance",77%,42%
Wild Target,wild target,"Action,Comedy,Crime",31%,56%
Broken City,broken city,"Action,Crime,Drama",27%,40%
The Pale Blue Eye,the pale blue eye,Thriller,63%,69%
Ondine,ondine,"Drama,Mystery,Romance",70%,60%
Zero Contact,zero contact,Thriller,10%,9%
Zack Snyder's Justice League,zack snyder's justice league,"Action,Adventure,Fantasy",71%,93%
Intrusion,intrusion,Sci-Fi,,
Hypnotic,hypnotic,"Horror,Mystery,Thriller",24%,24%
Brothers at War,brothers at war,"Documentary,War",70%,68%
Your Highness,your highness,"Action,Adventure,Comedy",27%,34%
Devil,devil,Fantasy,50%,43%
Sonic the Hedgehog 2,sonic the hedgehog 2,"Action,Adventure,Comedy",68%,96%
I Spit on Your Grave,i spit on your grave,"Horror,Thriller",51%,40%
We Need to Talk About Kevin,we need to talk about kevin,"Drama,Mystery,Thriller",75%,78%
Looking for Eric,looking for eric,"Comedy,Drama,Fantasy",84%,78%
Bellflower,bellflower,"Action,Drama,Romance",73%,63%
A Thousand and One,a thousand and one,"Crime,Drama",97%,85%
Extraordinary Measures,extraordinary measures,Drama,29%,53%
Showing Up,showing up,Documentary,,80%
Tesla,tesla,"Drama,History",58%,43%
A Wink and a Smile,a wink and a smile,Documentary,40%,45%
This Is the End,this is the end,"Comedy,Fantasy",82%,71%
Snatched,snatched,Comedy,,
The Good Guy,the good guy,"Comedy,Romance",36%,30%
Rollers,rollers,Action,,
Middle Men,middle men,"Comedy,Crime,Drama",40%,56%
My Spy,my spy,"Action,Comedy",48%,39%
Out of Death,out of death,"Action,Crime,Thriller",0%,43%
300: Rise of an Empire,300: rise of an empire,"Action,Drama",45%,51%
Mr. Malcolm's List,mr. malcolm's list,"Comedy,Drama,Romance",83%,82%
Holmes & Watson,holmes & watson,"Comedy,Crime,Mystery",10%,25%
Her,her,Documentary,95%,82%
Sharper,sharper,"Crime,Drama,Thriller",69%,72%
Moonshot,moonshot,"Comedy,Romance,Sci-Fi",,
The Man with the Iron Fists,the man with the iron fists,Action,51%,40%
Bullet Train,bullet train,"Action,Comedy,Thriller",,56%
The Cabin in the Woods,the cabin in the woods,"Horror,Mystery,Thriller",92%,74%
Den of Thieves,den of thieves,"Action,Crime,Drama",41%,62%
The Twilight Saga: New Moon,the twilight saga: new moon,"Adventure,Drama,Fantasy",28%,61%
Beyond the Lights,beyond the lights,Drama,84%,75%
Black Is King,black is king,"Adventure,Drama,Fantasy",94%,89%
Sex and the City 2,sex and the city 2,"Comedy,Drama,Romance",15%,43%
Scream 4,scream 4,"Horror,Mystery",60%,57%
Good Boy,good boy,Thriller,,
Crazy Heart,crazy heart,"Drama,Music,Romance",90%,76%
The Wretched,the wretched,Horror,67%,33%
Zodiac Killer,zodiac killer,"Adult,Comedy,Crime",,17%
Honk for Jesus. Save Your Soul.,honk for jesus. save your soul.,Comedy,72%,26%
Nowhere Boy,nowhere boy,"Biography,Drama,Music",80%,74%
Oldboy,oldboy,,83%,94%
Malcolm & Marie,malcolm & marie,"Drama,Romance",57%,67%
The Commando,the commando,"Action,Thriller",,18%
A Love Song,a love song,Romance,95%,68%
To Save a Life,to save a life,Drama,39%,82%
Hatchet II,hatchet ii,"Action,Comedy,Horror",42%,36%
"Confess, Fletch","confess, fletch","Comedy,Crime,Mystery",86%,75%
Togo,togo,Documentary,83%,70%
The Benefactor,the benefactor,"Fantasy,Horror,Thriller",26%,23%
The Blood Brothers,the blood brothers,"Biography,Thriller",,
2 Guns,2 guns,"Action,Comedy,Thriller",64%,66%
Old Henry,old henry,"Action,Drama,Western",95%,92%
The Spy Next Door,the spy next door,"Action,Comedy,Family",12%,40%
Dream House,dream house,Thriller,,17%
City of Love,city of love,"Comedy,Crime,Thriller",,
The Advocate,the advocate,Thriller,,36%
The Advocate,the advocate,Thriller,80%,52%
R(evolution),r(evolution),Drama,,
Leave the World Behind,leave the world behind,"Drama,Mystery,Thriller",67%,71%
Tetris,tetris,"Biography,Drama,History",82%,87%
Chevalier,chevalier,"Biography,Drama,History",83%,52%
Looper,looper,"Action,Drama,Sci-Fi",93%,82%
Saint John of Las Vegas,saint john of las vegas,"Comedy,Drama",25%,27%
How to Make Money Selling Drugs,how to make money selling drugs,"Crime,Documentary",76%,91%
Soul Power,soul power,"Documentary,Music",84%,79%
The Stoning of Soraya M.,the stoning of soraya m.,Drama,58%,87%
Madagascar 3: Europe's Most Wanted,madagascar 3: europe's most wanted,"Adventure,Animation,Comedy",78%,72%
The Kissing Booth 3,the kissing booth 3,"Comedy,Romance",24%,20%
Jack Goes Boating,jack goes boating,"Drama,Romance",68%,48%
The Unknown Country,the unknown country,"Adventure,Drama,Mystery",92%,74%
Examined Life,examined life,Documentary,77%,74%
Date Night,date night,"Comedy,Crime,Romance",67%,55%
Smash His Camera,smash his camera,Documentary,78%,63%
Don McKay,don mckay,"Drama,Mystery,Thriller",38%,23%
Easy A,easy a,"Comedy,Drama,Romance",85%,77%
Your Place or Mine,your place or mine,"Comedy,Romance",,46%
Ghosts of War,ghosts of war,Thriller,40%,65%
Shift,shift,Sci-Fi,,
Get Hard,get hard,"Adult,Comedy,Drama",28%,45%
Love the Beast,love the beast,"Documentary,Sport",61%,72%
Bad Teacher,bad teacher,"Comedy,Romance",45%,36%
The Strangers: Prey at Night,the strangers: prey at night,Horror,40%,36%
The Social Network,the social network,"Biography,Drama",96%,87%
Trollhunters: Rise of the Titans,trollhunters: rise of the titans,"Action,Adventure,Animation",88%,46%
Survive the Game,survive the game,"Action,Thriller",14%,69%
At the Edge of the World,at the edge of the world,"Action,Adventure,Documentary",87%,48%
"Food, Inc.","food, inc.","Documentary,News",95%,86%
Unmistaken Child,unmistaken child,Documentary,81%,88%
Cats & Dogs: The Revenge of Kitty Galore,cats & dogs: the revenge of kitty galore,"Action,Comedy,Family",13%,38%
Three Men and a Baby,three men and a baby,"Comedy,Drama",67%,48%
Cyrano,cyrano,"Drama,Musical,Romance",85%,86%
Harry Brown,harry brown,"Action,Crime,Drama",63%,75%
"Lebanon, Pa.","lebanon, pa.",Drama,50%,48%
Mr. Harrigan's Phone,mr. harrigan's phone,"Drama,Horror,Mystery",45%,50%
Behind the Candelabra,behind the candelabra,"Biography,Drama,Music",94%,71%
The Exorcist: Believer,the exorcist: believer,Horror,22%,59%
How to Be Single,how to be single,"Comedy,Drama,Romance",46%,47%
xXx: Return of Xander Cage,xxx: return of xander cage,"Action,Adventure,Thriller",45%,37%
Solitary Man,solitary man,"Comedy,Drama,Romance",78%,50%
The Last Song,the last song,"Drama,Music,Romance",,
The Last Song,the last song,"Drama,Music,Romance",,
The Angriest Man in Brooklyn,the angriest man in brooklyn,"Comedy,Drama",9%,30%
The Trotsky,the trotsky,"Comedy,Drama",79%,70%
Box,box,Horror,,
Waiting for Forever,waiting for forever,"Comedy,Drama,Romance",5%,42%
Pirates of the Caribbean: On Stranger Tides,pirates of the caribbean: on stranger tides,"Action,Adventure,Fantasy",33%,54%
Waiting Room,waiting room,Comedy,,
The Age of Stupid,the age of stupid,"Documentary,History,News",73%,68%
The Noel Diary,the noel diary,"Comedy,Drama,Romance",69%,63%
The Boondock Saints II: All Saints Day,the boondock saints ii: all saints day,"Action,Crime,Thriller",22%,58%
Mud,mud,Drama,97%,80%
Truman & Tennessee: An Intimate Conversation,truman & tennessee: an intimate conversation,Documentary,91%,100%
Yogi Bear,yogi bear,"Adventure,Animation,Comedy",13%,34%
Army of Thieves,army of thieves,"Action,Comedy,Crime",69%,69%
Defendor,defendor,"Comedy,Crime,Drama",72%,58%
Our Family Wedding,our family wedding,"Comedy,Romance",15%,48%
Mars Needs Moms,mars needs moms,"Adventure,Animation,Family",37%,40%
Make the Yuletide Gay,make the yuletide gay,"Comedy,Romance",40%,63%
Locked Down,locked down,"Comedy,Crime,Romance",,4%
Enlighten Up!,enlighten up!,Documentary,56%,50%
After We Fell,after we fell,"Drama,Romance",8%,37%
After Ever Happy,after ever happy,"Drama,Romance",0%,92%
Seeking a Friend for the End of the World,seeking a friend for the end of the world,"Adventure,Comedy,Drama",55%,53%
The Happytime Murders,the happytime murders,"Action,Comedy,Crime",23%,40%
Bullet to the Head,bullet to the head,"Action,Crime,Thriller",45%,39%
Animal Kingdom,animal kingdom,"Crime,Drama,Thriller",94%,83%
The Oranges,the oranges,"Comedy,Drama,Romance",31%,32%
My Policeman,my policeman,"Drama,Romance",45%,96%
C Me Dance,c me dance,"Drama,Thriller",0%,21%
Peter Rabbit,peter rabbit,Drama,64%,56%
Wrecked,wrecked,"Adventure,Drama,Mystery",,4%
Rise of the Planet of the Apes,rise of the planet of the apes,"Action,Drama,Sci-Fi",82%,77%
It's a Wonderful Afterlife,it's a wonderful afterlife,"Comedy,Drama,Fantasy",29%,33%
The Last Exorcism,the last exorcism,"Horror,Mystery,Thriller",71%,35%
The Beaver,the beaver,Drama,63%,55%
Back to the Jurassic,dino time,"Adventure,Animation,Comedy",,37%
The Lovers,the lovers,"Action,Adventure,Romance",91%,80%
The Dry Land,the dry land,Drama,64%,46%
August: Osage County,august: osage county,"Comedy,Drama",66%,65%
Children of Invention,children of invention,Drama,79%,60%
Despicable Me,despicable me,"Adventure,Animation,Comedy",80%,83%
Wonder,wonder,Animation,86%,88%
Past Lives,past lives,"Drama,Romance",95%,84%
What's the Matter with Kansas?,what's the matter with kansas?,Documentary,60%,58%
The Twilight Saga: Eclipse,the twilight saga: eclipse,"Action,Adventure,Drama",46%,60%
The Outwaters,the outwaters,"Horror,Sci-Fi,Thriller",75%,40%
Mind's Eye,mind's eye,"Action,Thriller",,
The Art of the Steal,the art of the steal,Documentary,46%,39%
The Art of the Steal,the art of the steal,Documentary,85%,87%
Spoiler Alert,spoiler alert,Thriller,,
The Lucky One,the lucky one,"Drama,Mystery,Romance",20%,67%
Cyrus,cyrus,"Crime,Horror,Mystery",80%,53%
Prowler,prowler,"Action,Crime,Thriller",,
Preacher's Kid,preacher's kid,"Drama,Music,Romance",57%,64%
Storks,storks,Drama,65%,62%
The Burial,the burial,Comedy,,67%
The September Issue,the september issue,Documentary,83%,71%
Paper Heart,paper heart,"Comedy,Drama,Romance",60%,45%
Day Shift,day shift,"Action,Comedy,Fantasy",56%,76%
Origin,origin,"Drama,History",,
Do Revenge,do revenge,"Comedy,Romance",85%,78%
Movie 43,movie 43,Comedy,5%,24%
Sergio,sergio,"Biography,Documentary",44%,71%
Farewell,farewell,Drama,86%,75%
Humpday,humpday,"Comedy,Drama,Romance",79%,51%
The Perfect Host,the perfect host,"Comedy,Crime,Thriller",45%,55%
Evil Dead Rise,evil dead rise,Horror,84%,76%
Sender,sender,Sci-Fi,,
47 Ronin,47 ronin,"Action,Drama,Fantasy",16%,48%
We Need to Do Something,we need to do something,"Horror,Mystery",55%,24%
The Ward,the ward,Horror,33%,26%
Pinball: The Man Who Saved the Game,pinball: the man who saved the game,"Biography,Comedy,Drama",95%,91%
Home Again,home again,Documentary,,57%
Trailer Park Boys: Countdown to Liquor Day,trailer park boys: countdown to liquor day,"Comedy,Crime",60%,70%
45365,45365,Documentary,89%,64%
Guy and Madeline on a Park Bench,guy and madeline on a park bench,"Drama,Musical",92%,50%
Sans rancune!,sans rancune!,Drama,,100%
Black as Night,black as night,"Drama,Horror,Thriller",70%,31%
Bingo Hell,bingo hell,"Comedy,Horror",66%,30%
The Pope's Exorcist,the pope's exorcist,"Horror,Thriller",50%,81%
Emperor,emperor,"Crime,Thriller",,
The Green Room,the green room,Family,40%,54%
The Wonder,the wonder,Drama,,
A Better Life,a better life,Drama,86%,79%
World to Come,world to come,Drama,,
Lovebirds,lovebirds,"Comedy,Drama,Romance",,
Terminator Genisys,terminator genisys,"Action,Adventure,Sci-Fi",26%,52%
Insidious: The Red Door,insidious: the red door,"Horror,Mystery,Thriller",39%,70%
Quiz Lady,quiz lady,Comedy,81%,80%
Elektra Luxx,elektra luxx,"Comedy,Drama",24%,20%
Tinker Tailor Soldier Spy,tinker tailor soldier spy,"Drama,Mystery,Thriller",84%,65%
Four Lions,four lions,"Comedy,Crime,Drama",83%,80%
How Do You Know,how do you know,"Comedy,Drama,Romance",31%,25%
In the Earth,in the earth,"Drama,Horror,Mystery",80%,24%
Dawn of the Beast,dawn of the beast,"Horror,Mystery",,29%
Zeros and Ones,zeros and ones,"Action,Adventure,Mystery",54%,9%
Dredd,dredd,"Action,Crime,Sci-Fi",80%,72%
Amber Alert,amber alert,"Drama,Horror,Mystery",,36%
Red Rocket,red rocket,"Comedy,Drama",90%,75%
The Dark Knight Rises,the dark knight rises,"Action,Crime,Drama",87%,90%
The Way,the way,Adventure,,
1UP,1up,"Comedy,Sport",,46%
The Inspection,the inspection,Drama,88%,91%
American Siege,american siege,"Action,Thriller",8%,91%
No Man of God,no man of god,"Biography,Crime,Drama",80%,62%
Raven,raven,Romance,24%,
Jack the Giant Slayer,jack the giant slayer,"Action,Adventure,Fantasy",52%,55%
Beau Is Afraid,beau is afraid,"Comedy,Drama",68%,71%
What Happened at 625 River Road?,what happened at 625 river road,"Horror,Thriller",,67%
Chloe,chloe,"Drama,Mystery,Thriller",,
The Yes Men Fix the World,the yes men fix the world,"Comedy,Documentary",75%,78%
God's Time,god's time,"Comedy,Drama",62%,83%
The Mule,the mule,Comedy,,50%
If I Stay,if i stay,"Drama,Fantasy,Music",36%,61%
Black Mass,black mass,"Biography,Crime,Drama",,
Kindness of Strangers,kindness of strangers,Horror,,
Poker Face,poker face,"Action,Comedy,Crime",,
Back to the Outback,back to the outback,"Adventure,Animation,Comedy",82%,70%
Soundtrack for a Revolution,soundtrack for a revolution,"Documentary,History,Music",81%,78%
The Last Five Years,the last five years,"Comedy,Drama,Musical",60%,57%
The Extra Man,the extra man,Comedy,42%,37%
"Ariana Grande: Excuse Me, I Love You","ariana grande: excuse me, i love you","Documentary,Music",50%,89%
Ailey,ailey,"Biography,Documentary,History",90%,88%
Cryptozoo,cryptozoo,"Action,Animation,Crime",71%,
Homeroom,homeroom,Documentary,85%,
Night at the Museum: Kahmunrah Rises Again,night at the museum: kahmunrah rises again,"Adventure,Animation,Comedy",71%,36%
The Ice Age Adventures of Buck Wild,the ice age adventures of buck wild,"Adventure,Animation,Comedy",19%,33%
How It Ends,how it ends,"Comedy,Drama",16%,17%
Chang Can Dunk,chang can dunk,"Drama,Family,Sport",96%,72%
Beasts of No Nation,beasts of no nation,"Drama,War",91%,92%
May December,may december,Drama,91%,65%
Montana Story,montana story,Drama,86%,69%
Free Birds,free birds,,,
The Sitter,the sitter,Comedy,,
Bear,bear,Fantasy,,29%
Dashcam,dashcam,"Horror,Thriller",47%,36%
Women Talking,women talking,Drama,90%,81%
Ambassador,ambassador,"Action,Thriller",,
Blue Bird,blue bird,Drama,,
The Upside,the upside,"Comedy,Musical,Romance",43%,82%
Cloud Atlas,cloud atlas,"Drama,Mystery,Sci-Fi",66%,66%
This Is Where I Leave You,this is where i leave you,"Comedy,Drama",44%,60%
Made in Dagenham,made in dagenham,"Comedy,Drama,History",80%,75%
Ad Astra,ad astra,Musical,83%,40%
Waiting for Armageddon,waiting for armageddon,Documentary,80%,42%
Pride and Prejudice and Zombies,pride and prejudice and zombies,"Action,Comedy,Fantasy",47%,45%
Life Upside Down,life upside down,"Comedy,Romance",,
Inception,inception,"Action,Adventure,Sci-Fi",87%,91%
Grown Ups,grown ups,Comedy,10%,62%
The Disappearance of Alice Creed,the disappearance of alice creed,"Crime,Thriller",81%,67%
The Whale,the whale,Drama,86%,84%
Aquarium of the Dead,aquarium of the dead,"Action,Comedy,Horror",,38%
Journey to Bethlehem,journey to bethlehem,"Adventure,Family,Musical",75%,94%
Corner Office,corner office,"Comedy,Mystery",22%,60%
When I Close My Eyes,when i close my eyes,Horror,,
The Adjustment Bureau,the adjustment bureau,"Crime,Drama,Mystery",72%,67%
Cop Out,cop out,"Action,Comedy,Crime",18%,39%
The Other Guys,the other guys,"Action,Comedy,Crime",79%,60%
Humor Me,humor me,"Comedy,Romance",71%,53%
The Eternal Daughter,the eternal daughter,"Drama,Mystery",95%,44%
Wild Card,wild card,"Action,Comedy,Crime",,
Sleepless,sleepless,"Action,Horror,Thriller",55%,51%
Downsizing,downsizing,"Drama,Fantasy,Sci-Fi",47%,25%
Stand Up Guys,stand up guys,"Comedy,Crime,Thriller",37%,46%
We Bought a Zoo,we bought a zoo,"Comedy,Drama,Family",65%,71%
"Bless Me, Ultima","bless me, ultima","Biography,Drama,History",68%,73%
In the Heart of the Sea,in the heart of the sea,"Action,Adventure,Biography",43%,54%
Whale,whale,Drama,,
Mad Max: Fury Road,mad max: fury road,"Action,Adventure,Sci-Fi",97%,86%
Marmaduke,marmaduke,"Comedy,Family",9%,42%
Mafia Mamma,mafia mamma,"Action,Comedy,Crime",21%,67%
Sex & Drugs & Rock & Roll,sex & drugs & rock & roll,"Biography,Drama,Music",72%,66%
Adrift,adrift,Horror,70%,65%
Jesus Henry Christ,jesus henry christ,Comedy,22%,47%
Dumb Money,dumb money,"Biography,Comedy,Drama",84%,85%
American Casino,american casino,Documentary,73%,78%
Mr. Popper's Penguins,mr. popper's penguins,"Comedy,Family,Fantasy",47%,53%
Revenge of the Green Dragons,revenge of the green dragons,"Action,Crime,Drama",15%,30%
Winnebago Man,winnebago man,"Biography,Comedy,Documentary",90%,80%
Fingernails,fingernails,"Drama,Romance,Sci-Fi",60%,47%
Taken 2,taken 2,"Action,Crime,Thriller",22%,52%
Journey 2: The Mysterious Island,journey 2: the mysterious island,"Action,Adventure,Comedy",45%,59%
Spy Kids: Armageddon,spy kids: armageddon,"Action,Comedy,Family",54%,43%
Straight Outta Compton,straight outta compton,"Biography,Drama,History",89%,91%
City of Lies,city of lies,"Comedy,Romance",51%,83%
The Royal Treatment,the royal treatment,"Comedy,Family,Romance",33%,37%
Transformers: Dark of the Moon,transformers: dark of the moon,"Action,Adventure,Sci-Fi",35%,55%
Bitch Ass,bitch ass,"Action,Crime,Drama",68%,68%
Secret Headquarters,secret headquarters,"Action,Adventure,Comedy",45%,44%
Hoax,hoax,Crime,,
Happy Feet Two,happy feet two,"Adventure,Animation,Comedy",46%,60%
"Introducing, Selma Blair","introducing, selma blair",Documentary,100%,71%
Language Lessons,language lessons,"Comedy,Drama",96%,83%
Camp Hideout,camp hideout,"Comedy,Family",33%,70%
Infinite Storm,infinite storm,"Drama,Thriller",56%,55%
Just Wright,just wright,"Comedy,Romance,Sport",47%,61%
Vacation,vacation,Drama,,
Star Trek Into Darkness,star trek into darkness,"Action,Adventure,Sci-Fi",84%,89%
Ride Along,ride along,"Action,Comedy,Crime",17%,58%
Somewhere in Queens,somewhere in queens,"Comedy,Drama,Sport",90%,92%
Hollywood Stargirl,hollywood stargirl,"Comedy,Drama,Family",94%,74%
Game Night,game night,"Horror,Thriller",85%,78%
Riddick,riddick,"Action,Adventure,Sci-Fi",58%,56%
Bucky Larson: Born to Be a Star,bucky larson: born to be a star,Comedy,3%,25%
The Hangover Part II,the hangover part ii,Comedy,34%,52%
Hot Spot,hot spot,"Crime,Drama,Fantasy",,
Jeepers Creepers: Reborn,jeepers creepers: reborn,"Horror,Mystery,Thriller",0%,8%
The Best Exotic Marigold Hotel,the best exotic marigold hotel,"Comedy,Drama,Romance",78%,78%
Table 19,table 19,"Comedy,Drama,Romance",26%,41%
The Silencing,the silencing,"Drama,Horror,Thriller",20%,90%
Do You Believe?,do you believe?,Documentary,25%,83%
Kimi,kimi,"Crime,Drama,Mystery",92%,60%
12 Strong,12 strong,"Action,Drama,History",50%,62%
My Favorite Season,my favorite season,Drama,93%,80%
You Again,you again,"Comedy,Romance",19%,43%
Pet Sematary: Bloodlines,pet sematary: bloodlines,"Fantasy,Horror",22%,40%
A Good Person,a good person,Drama,57%,96%
Sharp Stick,sharp stick,Comedy,49%,37%
Fistful of Vengeance,fistful of vengeance,"Action,Crime,Drama",43%,66%
"I, Frankenstein","i, frankenstein","Action,Fantasy,Sci-Fi",5%,38%
Roswell,roswell,"Mystery,Sci-Fi",,56%
The Fabelmans,the fabelmans,Drama,92%,83%
Cocaine Bear,cocaine bear,"Comedy,Crime,Thriller",66%,71%
Family Switch,family switch,"Comedy,Family",43%,43%
The Breach,the breach,"Horror,Mystery",82%,26%
Asteroid City,asteroid city,"Comedy,Drama,Romance",76%,62%
Poor Things,poor things,"Comedy,Drama,Romance",92%,79%
Barney's Version,barney's version,"Comedy,Drama",77%,78%
Black Nativity,black nativity,"Drama,Family,Music",51%,51%
Cabin,cabin,Action,,
God Is a Bullet,god is a bullet,"Action,Crime,Horror",24%,56%
Hansel & Gretel: Witch Hunters,hansel & gretel: witch hunters,"Action,Fantasy,Horror",16%,53%
Arthur Christmas,arthur christmas,"Adventure,Animation,Comedy",92%,77%
Brick Mansions,brick mansions,"Action,Crime,Thriller",24%,47%
Big Miracle,big miracle,"Biography,Drama,Romance",74%,64%
A Jazzman's Blues,a jazzman's blues,"Drama,Mystery,Romance",65%,85%
Deadpool,deadpool,"Action,Comedy,Sci-Fi",85%,90%
Another Year,another year,"Comedy,Drama",92%,74%
Single All the Way,single all the way,"Comedy,Drama,Romance",68%,67%
A Chiara,a chiara,Drama,91%,56%
Mack & Rita,mack & rita,"Comedy,Fantasy",23%,48%
The Details,the details,"Comedy,Drama",47%,34%
The Apparition,the apparition,"Horror,Thriller",3%,24%
Trolls Band Together,trolls band together,"Adventure,Animation,Comedy",63%,92%
Vivo,vivo,Documentary,86%,73%
Cha Cha Real Smooth,cha cha real smooth,"Comedy,Drama",85%,61%
Don't Look Back,don't look back,"Horror,Thriller",,22%
Charlie St. Cloud,charlie st. cloud,"Drama,Fantasy,Romance",28%,60%
Ruins,ruins,Drama,,
Battleship,battleship,"Action,Adventure,Sci-Fi",34%,54%
Empire of Light,empire of light,"Drama,Romance",45%,74%
This Must Be the Place,this must be the place,"Adventure,Comedy,Drama",66%,58%
A Day to Die,a day to die,"Action,Crime,Drama",,87%
Martha Marcy May Marlene,martha marcy may marlene,"Drama,Mystery,Thriller",90%,71%
Salmon Fishing in the Yemen,salmon fishing in the yemen,"Comedy,Drama,Romance",68%,64%
Father Stu,father stu,"Biography,Drama",43%,95%
Great Directors,great directors,Documentary,66%,43%
The Son,the son,Drama,29%,59%
The Son,the son,Drama,88%,86%
Rise of the Guardians,rise of the guardians,"Action,Adventure,Animation",74%,80%
Deliver Us,deliver us,Horror,83%,
Paint,paint,"Comedy,Drama",83%,87%
Shortcomings,shortcomings,"Comedy,Drama,Romance",,
Killer Elite,killer elite,"Action,Crime,Thriller",28%,42%
Winnie the Pooh,winnie the pooh,"Adventure,Animation,Comedy",,
No One Will Save You,no one will save you,"Horror,Mystery,Sci-Fi",82%,56%
Roadrunner: A Film About Anthony Bourdain,roadrunner: a film about anthony bourdain,Documentary,91%,94%
Infinite,infinite,,17%,34%
Monsters University,monsters university,"Adventure,Animation,Comedy",80%,81%
The Help,the help,Drama,76%,89%
National Champions,national champions,"Drama,Sport",66%,79%
The Boy,the boy,"Drama,Sci-Fi",31%,38%
Goon,goon,"Comedy,Drama,Sport",81%,71%
Fortress: Sniper's Eye,fortress: sniper's eye,"Action,Thriller",0%,58%
The Haunting in Connecticut 2: Ghosts of Georgia,the haunting in connecticut 2: ghosts of georgia,"Drama,Horror,Mystery",19%,44%
The Conjuring,the conjuring,"Horror,Mystery,Thriller",86%,83%
God's Not Dead: We the People,god's not dead: we the people,Drama,,100%
The Next Three Days,the next three days,"Action,Crime,Drama",50%,66%
Hunting Party,hunting party,"Action,Horror,Sci-Fi",,
Almighty Zeus,almighty zeus,Action,,
Down Low,down low,Comedy,67%,
Spin Me Round,spin me round,"Comedy,Romance",47%,33%
Surviving Progress,surviving progress,Documentary,71%,79%
Letters to God,letters to god,Drama,25%,75%
Butcher's Crossing,butcher's crossing,"Adventure,Drama,Western",74%,47%
Indiana Jones and the Dial of Destiny,indiana jones and the dial of destiny,"Action,Adventure,Sci-Fi",70%,88%
The Odd Life of Timothy Green,the odd life of timothy green,"Comedy,Drama,Family",36%,67%
All Is Bright,all is bright,"Comedy,Drama",48%,23%
Desperation Road,desperation road,"Crime,Drama,Thriller",60%,77%
The Venture Bros.: Radiant Is the Blood of the Baboon Heart,the venture bros.: radiant is the blood of the baboon heart,Animation,92%,
Aqua Teen Forever: Plantasm,aqua teen forever: plantasm,"Animation,Comedy",100%,76%
"Big Mommas: Like Father, Like Son","big mommas: like father, like son","Action,Comedy,Crime",5%,58%
Enola Holmes 2,enola holmes 2,"Action,Adventure,Crime",93%,79%
Decoding Annie Parker,decoding annie parker,Drama,56%,42%
I Am Number Four,i am number four,"Action,Adventure,Sci-Fi",33%,57%
Cat Person,cat person,"Comedy,Drama,Mystery",46%,46%
Traffik,traffik,Thriller,,80%
"Lyle, Lyle, Crocodile","lyle, lyle, crocodile","Adventure,Comedy,Family",71%,93%
Burning,burning,Documentary,,
Ride the Eagle,ride the eagle,"Comedy,Drama",84%,67%
Cinema Verite,cinema verite,Documentary,61%,60%
Better Nate Than Ever,better nate than ever,"Comedy,Drama,Family",83%,75%
MacGruber,macgruber,"Action,Comedy",47%,35%
Max Steel,max steel,"Action,Adventure,Fantasy",0%,48%
The Princess Switch 3,the princess switch 3: romancing the star,"Comedy,Drama,Family",53%,41%
Bridget Jones's Baby,bridget jones's baby,"Comedy,Drama,Romance",78%,65%
Roommate,roommate,"Drama,Thriller",,
Show Me the Father,show me the father,"Documentary,Drama",,97%
One True Loves,one true loves,"Comedy,Drama,Romance",29%,36%
Aquaman,aquaman,"Action,Adventure,Fantasy",65%,72%
Cedar Rapids,cedar rapids,Comedy,86%,59%
Hyde Park on Hudson,hyde park on hudson,"Biography,Comedy,Drama",37%,31%
The Art of Racing in the Rain,the art of racing in the rain,"Comedy,Drama,Romance",45%,96%
Attack the Block,attack the block,"Action,Adventure,Comedy",91%,75%
Killing Season,killing season,"Action,Drama,Thriller",10%,29%
Catfish,catfish,Comedy,80%,71%
Manodrome,manodrome,"Drama,Thriller",49%,27%
The Munsters,the munsters,"Comedy,Family,Fantasy",54%,35%
Not Okay,not okay,"Comedy,Drama,Thriller",71%,60%
You People,you people,"Comedy,Romance",,
The Retirement Plan,the retirement plan,"Action,Comedy,Crime",60%,41%
Carbon Nation,carbon nation,"Documentary,Family",40%,76%
I Am Love,i am love,"Drama,Family",81%,68%
8: The Mormon Proposition,8: the mormon proposition,Documentary,65%,72%
The Holdovers,the holdovers,"Comedy,Drama",97%,92%
The Jesus Music,the jesus music,Documentary,63%,97%
The Greatest Showman,the greatest showman,"Biography,Drama,Musical",57%,86%
Tamara Drewe,tamara drewe,"Comedy,Drama,Romance",65%,42%
The Orphanage,the orphanage,"Horror,Thriller",87%,86%
Collaborator,collaborator,Thriller,73%,61%
Miranda's Victim,miranda's victim,"Crime,Drama",82%,91%
Trash Humpers,trash humpers,"Comedy,Drama,Horror",60%,44%
Guillermo del Toro's Pinocchio,guillermo del toro's pinocchio,"Adventure,Animation,Drama",96%,90%
Triple Frontier,triple frontier,"Action,Thriller",70%,58%
Dead for a Dollar,dead for a dollar,"Action,Drama,Western",,
Something in the Dirt,something in the dirt,"Comedy,Horror,Mystery",90%,47%
Booksmart,booksmart,Comedy,96%,77%
Central Intelligence,central intelligence,"Action,Comedy,Crime",71%,62%
The Lego Movie,the lego movie,"Action,Adventure,Animation",96%,87%
The Space Between Us,the space between us,Drama,16%,55%
I Saw the Light,i saw the light,"Biography,Drama,Music",19%,37%
The Iceman,the iceman,"Biography,Crime,Drama",,
Hide & Seek,hide & seek,"Drama,Horror,Thriller",,0%
Cassandro,cassandro,"Biography,Drama,Sport",91%,74%
Underworld: Awakening,underworld: awakening,"Action,Fantasy,Thriller",25%,62%
The Paperboy,the paperboy,"Crime,Drama,Mystery",,33%
Cold Weather,cold weather,"Comedy,Drama,Mystery",77%,52%
Consecration,consecration,"Horror,Thriller",41%,32%
Horrible Bosses,horrible bosses,"Comedy,Crime",69%,70%
The Disenchanted,the disenchanted,"Crime,Drama",100%,42%
Videocracy,videocracy,Documentary,67%,39%
Bad Boys for Life,bad boys for life,"Action,Comedy,Crime",75%,96%
Drive Angry,drive angry,"Action,Comedy,Fantasy",47%,37%
"Hugh Hefner: Playboy, Activist and Rebel","hugh hefner: playboy, activist and rebel","Biography,Documentary",61%,69%
Road to Nowhere,road to nowhere,"Crime,Mystery,Romance",,
The King's Speech,the king's speech,"Biography,Drama,History",94%,92%
Jungleland,jungleland,"Adventure,Drama,Thriller",74%,47%
Death of Me,death of me,Drama,31%,23%
Behind the Burly Q,behind the burly q,"Documentary,History",77%,64%
Rampart,rampart,Documentary,,
Witness Protection,witness protection,"Comedy,Drama",,
Sherlock Holmes: A Game of Shadows,sherlock holmes: a game of shadows,"Action,Adventure,Mystery",60%,77%
Walking with the Enemy,walking with the enemy,"Action,Drama,History",44%,59%
The Lottery,the lottery,"Documentary,Drama,News",,
The Lottery,the lottery,"Documentary,Drama,News",,46%
Sweetgrass,sweetgrass,"Adventure,Documentary,Western",97%,65%
The Host,the host,"Action,Adventure,Drama",10%,50%
The Host,the host,"Action,Adventure,Drama",93%,72%
Barbie,barbie,"Adventure,Comedy,Fantasy",88%,83%
The Oogieloves in the Big Balloon Adventure,the oogieloves in the big balloon adventure,"Adventure,Family,Fantasy",32%,62%
Summering,summering,Drama,33%,40%
Blonde,blonde,Action,42%,36%
The Vatican Tapes,the vatican tapes,"Horror,Thriller",20%,58%
Murder Mystery 2,murder mystery 2,"Action,Adventure,Comedy",45%,46%
Magic Camp,magic camp,"Documentary,Family",100%,75%
Emily the Criminal,emily the criminal,"Crime,Drama,Mystery",94%,79%
Palm Trees and Power Lines,palm trees and power lines,Drama,90%,77%
Pain Hustlers,pain hustlers,"Crime,Drama",23%,64%
The Dig,the dig,Adventure,75%,82%
Exodus: Gods and Kings,exodus: gods and kings,"Action,Adventure,Drama",31%,35%
Daddy's Home,daddy's home,"Comedy,Family",,20%
The Curse of Bridge Hollow,the curse of bridge hollow,"Adventure,Comedy,Family",46%,53%
Biosphere,biosphere,"Comedy,Drama,Fantasy",80%,62%
Byzantium,byzantium,"Drama,Fantasy,Horror",66%,51%
Beginners,beginners,"Comedy,Drama,Romance",86%,77%
Battle of the Year,battle of the year,"Drama,Music",6%,49%
Good Mourning,good mourning,Comedy,0%,57%
Scalpel,scalpel,"Horror,Thriller",,33%
Somebody I Used to Know,somebody i used to know,"Comedy,Romance",69%,60%
Raymond & Ray,raymond & ray,"Comedy,Drama",48%,55%
After Everything,after everything,"Drama,Romance",84%,71%
Marcel the Shell with Shoes On,marcel the shell with shoes on,"Animation,Comedy,Drama",98%,90%
Rider,rider,"Action,Drama",,
Beyond the Black Rainbow,beyond the black rainbow,"Horror,Mystery,Sci-Fi",61%,53%
Master Gardener,master gardener,"Drama,Mystery,Thriller",71%,55%
Tiger Eyes,tiger eyes,Documentary,63%,53%
Captain Phillips,captain phillips,"Action,Biography,Crime",93%,89%
Vacation Friends 2,vacation friends 2,"Action,Adventure,Comedy",19%,39%
Adalynn,adalynn,"Drama,Horror,Mystery",80%,67%
The Divide,the divide,"Drama,Horror,Sci-Fi",75%,
Paranormal Activity 2,paranormal activity 2,"Horror,Mystery",57%,48%
The Mortal Instruments: City of Bones,the mortal instruments: city of bones,"Action,Adventure,Fantasy",13%,58%
Justin Bieber: Our World,justin bieber: our world,"Documentary,Music",57%,86%
My Name Is Nobody,my name is nobody,Drama,100%,84%
Corrective Measures,corrective measures,"Action,Sci-Fi",60%,27%
The Taking,the taking,Documentary,,
Blair Witch,blair witch,"Horror,Mystery,Thriller",38%,31%
The Loft,the loft,"Comedy,Drama,Fantasy",14%,37%
127 Hours,127 hours,"Biography,Drama",93%,85%
Carancho,carancho,"Crime,Drama,Romance",88%,72%
Jules,jules,"Comedy,Drama,Sci-Fi",85%,90%
The Snowman,the snowman,Documentary,,
The Snowman,the snowman,Documentary,80%,91%
The Heist,the heist,"Adult,Crime",,
Divinity,divinity,"Sci-Fi,Thriller",59%,63%
Judy Moody and the Not Bummer Summer,judy moody and the not bummer summer,"Comedy,Family",21%,41%
Premium Rush,premium rush,"Action,Thriller",75%,60%
Waitress: The Musical,waitress: the musical,"Comedy,Drama,Musical",100%,98%
Teen Wolf: The Movie,teen wolf: the movie,"Action,Drama,Fantasy",32%,65%
12th & Delaware,12th & delaware,"Documentary,Drama",,88%
Another Earth,another earth,"Drama,Mystery,Romance",66%,66%
Adaptation,adaptation,Thriller,,
Happiness for Beginners,happiness for beginners,"Comedy,Drama,Romance",33%,53%
The Last Days of American Crime,the last days of american crime,"Action,Crime,Drama",0%,22%
Country Strong,country strong,"Drama,Music",22%,53%
Mary Queen of Scots,mary queen of scots,"Biography,Drama,History",62%,41%
Restrepo,restrepo,"Biography,Documentary,History",96%,88%
Zombieland: Double Tap,zombieland: double tap,"Action,Comedy,Horror",68%,88%
The Master,the master,"Drama,History",,
Stonewall Uprising,stonewall uprising,"Documentary,History",84%,77%
Dolphin Tale,dolphin tale,"Drama,Family",81%,80%
Just Go with It,just go with it,"Comedy,Romance",19%,59%
RiffTrax: Star Wars: The Rise of Skywalker,star wars: the rise of skywalker,"Comedy,Sci-Fi",51%,86%
Knock at the Cabin,knock at the cabin,"Horror,Mystery,Thriller",67%,63%
Joan Rivers: A Piece of Work,joan rivers: a piece of work,"Biography,Comedy,Documentary",93%,82%
The Tillman Story,the tillman story,"Biography,Documentary,Mystery",94%,91%
Man on a Ledge,man on a ledge,"Action,Crime,Thriller",31%,52%
The Humbling,the humbling,"Comedy,Drama,Romance",53%,28%
The Girl with the Dragon Tattoo,the girl with the dragon tattoo,"Crime,Drama,Mystery",86%,86%
The Girl with the Dragon Tattoo,the girl with the dragon tattoo,"Crime,Drama,Mystery",85%,87%
It Lives Inside,it lives inside,"Drama,Horror,Thriller",,
War Horse,war horse,"Adventure,Drama,War",75%,74%
Celine: Through the Eyes of the World,celine: through the eyes of the world,"Documentary,Music",33%,78%
A Dangerous Method,a dangerous method,"Biography,Drama,Romance",79%,50%
Mortal Engines,mortal engines,"Action,Adventure,Fantasy",26%,48%
The Skeleton Twins,the skeleton twins,"Comedy,Drama,Romance",86%,69%
Boycott,boycott,Documentary,,75%
Countdown to Zero,countdown to zero,Documentary,80%,72%
Darby and the Dead,darby and the dead,"Comedy,Drama,Fantasy",54%,74%
You Hurt My Feelings,you hurt my feelings,"Comedy,Drama,Romance",,100%
The Dilemma,the dilemma,"Comedy,Drama",24%,29%
Elemental,elemental,"Adventure,Animation,Comedy",100%,60%
Helen's Dead,helen's dead,"Comedy,Drama,Mystery",17%,
Chasing Ice,chasing ice,"Biography,Documentary",96%,85%
Repeaters,repeaters,"Action,Crime,Drama",20%,33%
King's Man,king's man,Drama,,
House at the End of the Street,house at the end of the street,"Drama,Horror,Mystery",12%,41%
The Locksmith,the locksmith,"Action,Crime,Mystery",,
Larry Crowne,larry crowne,"Comedy,Drama,Romance",37%,41%
G.I. Joe: Retaliation,g.i. joe: retaliation,"Action,Adventure,Sci-Fi",29%,48%
Rare Objects,rare objects,Drama,40%,69%
Wrong Place,wrong place,"Action,Crime,Thriller",0%,53%
Diary of a Wimpy Kid: Rodrick Rules,diary of a wimpy kid: rodrick rules,"Animation,Comedy,Drama",50%,47%
What to Expect When You're Expecting,what to expect when you're expecting,"Comedy,Drama,Romance",23%,47%
Maleficent,maleficent,"Action,Adventure,Drama",54%,70%
The Artist,the artist,"Action,Adventure,Fantasy",95%,87%
Mixtape,mixtape,"Comedy,Drama,Family",100%,78%
Exit Through the Gift Shop,exit through the gift shop,"Comedy,Crime,Documentary",96%,91%
Warm Bodies,warm bodies,"Comedy,Horror,Romance",81%,73%
"Jeff, Who Lives at Home","jeff, who lives at home","Comedy,Drama",77%,62%
Isle of Dogs,isle of dogs,"Action,Crime,Thriller",,11%
The Commuter,the commuter,"Action,Mystery,Thriller",55%,40%
Act of Valor,act of valor,"Action,Adventure,Thriller",28%,72%
Take This Waltz,take this waltz,"Comedy,Drama",79%,58%
Chase,chase,"Action,Crime,Drama",,
Norm of the North,norm of the north,"Adventure,Animation,Comedy",6%,22%
To the Wonder,to the wonder,"Drama,Romance",47%,37%
Fast Five,fast five,"Action,Crime,Thriller",78%,83%
Soul Surfer,soul surfer,"Biography,Drama,Family",45%,75%
This Means War,this means war,"Action,Comedy,Romance",26%,56%
The Big Short,the big short,"Biography,Comedy,Drama",89%,88%
The Tiger Rising,the tiger rising,Family,18%,73%
Phil Ochs: There But for Fortune,phil ochs: there but for fortune,"Biography,Documentary,History",97%,78%
World's Best,world's best,"Comedy,Family,Music",100%,81%
Two Days in New York,2 days in new york,"Comedy,Drama,Romance",67%,42%
Summer Hours,summer hours,Drama,94%,70%
Bad Batch,bad batch,"Comedy,Drama",,
A Good Day to Die Hard,a good day to die hard,"Action,Thriller",15%,40%
Tall Girl 2,tall girl 2,"Comedy,Drama,Family",63%,27%
Quasi,quasi,"Comedy,Drama",41%,60%
Rifftrax: Avengers: Endgame,avengers: endgame,"Action,Comedy,Sci-Fi",94%,90%
Abraham Lincoln: Vampire Hunter,abraham lincoln: vampire hunter,"Action,Fantasy,Horror",34%,50%
Rifftrax: Yor - The Hunter from the Future,"yor, the hunter from the future",Comedy,14%,47%
There's Something Wrong with the Children,there's something wrong with the children,"Horror,Mystery",62%,26%
"Beats, Rhymes & Life: The Travels of A Tribe Called Quest","beats, rhymes & life: the travels of a tribe called quest","Documentary,Music",90%,90%
Margin Call,margin call,"Drama,Thriller",87%,74%
Choice,choice,Thriller,,
Alvin and the Chipmunks: Chipwrecked,alvin and the chipmunks: chipwrecked,"Adventure,Comedy,Family",10%,51%
Fatale,fatale,Thriller,45%,88%
WE,we,Action,,
J. Edgar,j. edgar,"Biography,Drama,Romance",43%,44%
One Day,you yi tian,"Drama,Romance,Sci-Fi",42%,
Gone with the Pope,gone with the pope,"Crime,Drama",67%,48%
Jupiter Ascending,jupiter ascending,"Action,Adventure,Sci-Fi",28%,38%
I'm in Love with a Church Girl,i'm in love with a church girl,"Crime,Drama,Romance",10%,64%
Murder Mystery,murder mystery,"Crime,Mystery,Romance",44%,46%
The Last Witch Hunter,the last witch hunter,"Action,Adventure,Fantasy",18%,44%
Affair,affair,Horror,,
A Wrinkle in Time,a wrinkle in time,"Adventure,Drama,Family",,40%
Bleed for This,bleed for this,"Biography,Drama,Sport",71%,70%
Think Like a Man,think like a man,"Comedy,Romance",54%,79%
30 Minutes or Less,30 minutes or less,"Action,Comedy,Crime",45%,40%
War Pony,war pony,"Crime,Drama",93%,87%
Final Destination 5,final destination 5,"Horror,Thriller",63%,53%
Oz the Great and Powerful,oz the great and powerful,"Adventure,Family,Fantasy",57%,56%
ParaNorman,paranorman,"Adventure,Animation,Comedy",89%,72%
Something from Tiffany's,something from tiffany's,"Comedy,Family,Romance",70%,60%
Unlocked,unlocked,Drama,,
Young Adult,young adult,"Comedy,Drama",80%,49%
Magic Mike's Last Dance,magic mike's last dance,"Comedy,Drama",48%,73%
Independence Day: Resurgence,independence day: resurgence,"Action,Adventure,Sci-Fi",29%,30%
Chasing Mavericks,chasing mavericks,"Biography,Drama,Sport",33%,70%
The Seagull,the seagull,Drama,,33%
Avatar: The Way of Water,avatar: the way of water,"Action,Adventure,Fantasy",76%,92%
Courageous,courageous,Drama,36%,86%
Saving Christmas,saving christmas,"Action,Adventure,Comedy",0%,30%
Edge of Tomorrow,edge of tomorrow,"Action,Adventure,Sci-Fi",91%,90%
Creed,creed,Horror,95%,89%
Friends with Benefits,friends with benefits,"Comedy,Romance",69%,65%
Bloodshot,bloodshot,"Action,Adventure,Sci-Fi",,
Johnny English Reborn,johnny english reborn,"Action,Adventure,Comedy",38%,45%
Violet & Daisy,violet & daisy,"Action,Comedy,Crime",22%,35%
About Time,about time,Drama,71%,82%
Craving,craving,Drama,80%,85%
Bank Shot,bank shot,Comedy,,28%
In Time,in time,"Action,Sci-Fi,Thriller",37%,51%
The Man from U.N.C.L.E.,the man from u.n.c.l.e.,"Action,Adventure,Comedy",68%,73%
Hobo with a Shotgun,hobo with a shotgun,"Action,Comedy,Crime",65%,57%
Angels in Stardust,angels in stardust,"Comedy,Drama",22%,39%
Jumping the Broom,jumping the broom,"Comedy,Drama",57%,58%
Rifftrax: Solo: A Star Wars Story,solo: a star wars story,"Action,Comedy,Sci-Fi",69%,63%
Your Lucky Day,your lucky day,Thriller,86%,60%
The Family Plan,the family plan,"Action,Comedy",25%,61%
The Art of Getting By,the art of getting by,"Comedy,Drama,Family",20%,46%
Open Season 3,open season 3,"Adventure,Animation,Comedy",,30%
How to Train Your Dragon 2,how to train your dragon 2,"Action,Adventure,Animation",92%,90%
Wrath of the Titans,wrath of the titans,"Action,Adventure,Fantasy",,50%
Million Dollar Arm,million dollar arm,"Biography,Drama,Family",65%,68%
Here Comes the Boom,here comes the boom,"Action,Comedy,Sport",42%,65%
Honor Society,honor society,"Comedy,Romance",86%,78%
Super 8,super 8,"Action,Sci-Fi,Thriller",81%,75%
Wire Room,wire room,"Action,Thriller",,91%
My Week with Marilyn,my week with marilyn,"Biography,Drama",83%,71%
The Age of Adaline,the age of adaline,"Drama,Fantasy,Romance",55%,67%
Master Qi and the Monkey King,master qi and the monkey king,Documentary,,
Colombiana,colombiana,"Action,Crime,Drama",28%,67%
Dear Zoe,dear zoe,"Drama,Mystery,Romance",71%,87%
Freeheld,freeheld,"Biography,Drama,Romance",,84%
The Perks of Being a Wallflower,the perks of being a wallflower,Drama,85%,89%
Grudge Match,grudge match,"Comedy,Drama,Sport",31%,46%
Polisse,polisse,"Crime,Drama",86%,79%
Fun Size,fun size,"Adventure,Comedy,Crime",25%,47%
Summerland,summerland,Horror,,
Vampires Suck,vampires suck,"Comedy,Horror",4%,30%
City of God,city of god,Drama,91%,97%
The DUFF,the duff,"Comedy,Romance",73%,66%
Damsels in Distress,damsels in distress,"Comedy,Drama,Romance",76%,39%
Ice Age: Continental Drift,ice age: continental drift,"Adventure,Animation,Comedy",37%,61%
For Queen and Country,for queen and country,Documentary,29%,28%
Now You See Me,now you see me,"Crime,Mystery,Thriller",50%,70%
Jamesy Boy,jamesy boy,"Biography,Crime,Drama",26%,58%
Keyhole,keyhole,"Drama,Thriller",70%,39%
Take Shelter,take shelter,"Drama,Thriller",92%,81%
Divergent,divergent,"Comedy,Drama",41%,69%
Trolls,trolls,"Adventure,Animation,Comedy",76%,67%
360,360,"Crime,Drama,Mystery",,
Vampire Academy,vampire academy,"Action,Comedy,Drama",17%,56%
Despicable Me 2,despicable me 2,"Adventure,Animation,Comedy",75%,85%
Attenberg,attenberg,"Comedy,Drama,Romance",78%,53%
Before I Fall,before i fall,"Drama,Fantasy,Mystery",64%,57%
Planes,planes,"Adventure,Animation,Comedy",26%,49%
Guest,guest,Documentary,,
The Bad Guys,the bad guys,,,
The Guilt Trip,the guilt trip,"Comedy,Drama",37%,39%
Die in a Gunfight,die in a gunfight,"Action,Comedy,Crime",16%,62%
"Alexander and the Terrible, Horrible, No Good, Very Bad Day","alexander and the terrible, horrible, no good, very bad day","Comedy,Drama,Family",63%,58%
Peeples,peeples,"Comedy,Romance",40%,49%
The Beanie Bubble,the beanie bubble,"Comedy,Drama",47%,56%
Sausage Party,sausage party,"Adventure,Animation,Comedy",82%,50%
Justin Bieber: Never Say Never,justin bieber: never say never,"Documentary,Music",66%,65%
The Equalizer 3,the equalizer 3,"Action,Crime,Thriller",76%,94%
Fightville,fightville,"Documentary,Sport",61%,67%
Polar Bear,polar bear,Documentary,74%,67%
Senior Year,senior year,Sport,23%,51%
State of Emergency,state of emergency,"Horror,Sci-Fi,Thriller",,43%
Chronicle,chronicle,"Adventure,Drama,Sci-Fi",85%,72%
Snowpiercer,snowpiercer,"Action,Sci-Fi,Thriller",94%,72%
Lovely Molly,lovely molly,"Drama,Horror",47%,32%
Weird: The Al Yankovic Story,weird: the al yankovic story,"Action,Biography,Comedy",84%,80%
Lola Versus,lola versus,Comedy,36%,31%
Sound of Silence,sound of silence,Drama,,
Office Christmas Party,office christmas party,Comedy,40%,41%
Alex Cross,alex cross,"Action,Crime,Mystery",11%,47%
Triple 9,triple 9,"Action,Crime,Drama",55%,41%
The Bay,the bay,"Horror,Sci-Fi,Thriller",76%,43%
Piranha 3DD,piranha 3dd,"Comedy,Horror,Sci-Fi",11%,22%
The Spectacular Now,the spectacular now,"Drama,Romance",91%,76%
In the Land of Blood and Honey,in the land of blood and honey,"Drama,Romance,War",58%,47%
The Empty Man,the empty man,Drama,76%,61%
Grimcutty,grimcutty,"Drama,Horror,Mystery",25%,23%
October Baby,october baby,"Drama,Family,Mystery",25%,79%
Appendage,appendage,"Drama,Horror",52%,61%
Friends with Kids,friends with kids,"Comedy,Drama,Romance",66%,49%
A Christmas Story Christmas,a christmas story christmas,"Comedy,Family",79%,75%
We're the Millers,we're the millers,"Comedy,Crime",48%,76%
Exit Strategy,exit strategy,"Comedy,Romance",,
Beyond Skyline,beyond skyline,"Action,Adventure,Horror",67%,38%
Killer Joe,killer joe,"Crime,Drama,Thriller",80%,61%
Scouts Guide to the Zombie Apocalypse,scouts guide to the zombie apocalypse,"Action,Comedy,Horror",44%,50%
Bohemian Rhapsody,bohemian rhapsody,"Biography,Drama,Music",60%,85%
Forest,forest,Animation,,
Forest,forest,Animation,,
Ophelia,ophelia,Fantasy,,
Mercenaries,mercenaries,"Action,Drama",0%,13%
Darling Companion,darling companion,"Comedy,Drama,Romance",21%,29%
The Idiotmaker's Gravity Tour,the idiotmaker's gravity tour,"Comedy,Drama",,
The Zookeeper's Wife,the zookeeper's wife,"Biography,Drama,History",64%,76%
Ender's Game,ender's game,"Action,Adventure,Sci-Fi",62%,65%
The Lords of Salem,the lords of salem,"Horror,Thriller",47%,30%
Barely Lethal,barely lethal,"Action,Comedy",26%,38%
Crayon,crayon,Drama,,
The Rider,the rider,"Action,Sci-Fi",97%,82%
Saltburn,saltburn,"Drama,Thriller",71%,79%
Snow White and the Huntsman,snow white and the huntsman,"Action,Adventure,Drama",49%,52%
At the Gates,at the gates,"Drama,Mystery,Thriller",70%,100%
Jersey Boys,jersey boys,"Biography,Drama,Music",51%,62%
Your Sister's Sister,your sister's sister,"Comedy,Drama,Romance",84%,66%
Unplanned,unplanned,Drama,42%,94%
Enemy Within,enemy within,Action,,50%
I Don't Know How She Does It,i don't know how she does it,"Comedy,Romance",17%,32%
Top Gun: Maverick,top gun: maverick,"Action,Drama",96%,99%
Moonrise Kingdom,moonrise kingdom,"Adventure,Comedy,Drama",93%,86%
Sound of My Voice,sound of my voice,"Drama,Mystery,Sci-Fi",76%,66%
Delivery Man,delivery man,Drama,40%,47%
Bottoms,bottoms,Comedy,90%,89%
A Dog's Purpose,a dog's purpose,"Adventure,Comedy,Drama",34%,74%
Buck,buck,Documentary,90%,89%
Emergency!,emergency!,"Adventure,Drama",,
InAPPropriate Comedy,inappropriate comedy,Comedy,0%,22%
The Campaign,the campaign,"Action,Thriller",66%,51%
Like Crazy,like crazy,"Drama,Romance",71%,62%
The To Do List,the to do list,"Comedy,Romance",56%,46%
This Is 40,this is 40,"Comedy,Drama,Romance",51%,50%
In the Fire,in the fire,"Horror,Thriller",15%,29%
Persecuted,persecuted,"Action,Drama,Mystery",0%,58%
No One Lives,no one lives,"Horror,Thriller",46%,42%
Septien,septien,"Comedy,Drama,Mystery",56%,43%
The Return of Tanya Tucker: Featuring Brandi Carlile,the return of tanya tucker: featuring brandi carlile,Documentary,92%,94%
Arbitrage,arbitrage,"Drama,Thriller",87%,62%
Killing Them Softly,killing them softly,"Crime,Drama,Thriller",74%,44%
The Expendables 2,the expendables 2,"Action,Adventure,Thriller",67%,67%
Scream VI,scream vi,"Horror,Mystery,Thriller",76%,91%
She's Funny That Way,she's funny that way,"Comedy,Drama",45%,35%
Apollo 18,apollo 18,"Horror,Mystery,Sci-Fi",24%,23%
Danny Collins,danny collins,"Comedy,Drama,Music",78%,73%
Nerve,nerve,"Comedy,Drama",,
Jiro Dreams of Sushi,jiro dreams of sushi,Documentary,99%,91%
Apparition,apparition,Horror,,20%
50 to 1,50 to 1,Drama,29%,71%
Rosaline,rosaline,"Comedy,Romance",75%,76%
Paranormal Activity 3,paranormal activity 3,"Horror,Mystery,Thriller",66%,51%
Seberg,seberg,"Biography,Drama,Thriller",35%,51%
Beneath the Darkness,beneath the darkness,"Horror,Mystery,Thriller",0%,15%
John Dies at the End,john dies at the end,"Comedy,Fantasy,Horror",59%,54%
Sing Your Song,sing your song,"Biography,Documentary,Music",95%,79%
Tracers,tracers,Action,24%,41%
About My Father,about my father,Documentary,,
Pirates of the Caribbean: Dead Men Tell No Tales,pirates of the caribbean: dead men tell no tales,"Action,Adventure,Fantasy",30%,60%
The Maze Runner,the maze runner,"Action,Mystery,Sci-Fi",65%,68%
In Their Skin,in their skin,"Horror,Thriller",45%,17%
Zero Dark Thirty,zero dark thirty,"Drama,History,Thriller",91%,80%
Inherent Vice,inherent vice,"Comedy,Crime,Drama",74%,53%
While We're Young,while we're young,"Comedy,Drama,Mystery",84%,51%
As Long as I Live,as long as i live,Documentary,90%,67%
Cirque du Soleil: Worlds Away,cirque du soleil: worlds away,Fantasy,45%,93%
This Is Martin Bonner,this is martin bonner,Drama,93%,69%
Bad Santa 2,bad santa 2,"Comedy,Crime,Drama",23%,34%
American Hustle,american hustle,"Crime,Drama",92%,74%
That Awkward Moment,that awkward moment,"Comedy,Romance",23%,46%
Step Up Revolution,step up revolution,"Drama,Music,Romance",41%,68%
Perfect Match,perfect match,"Comedy,Romance",,
Gotti,gotti,"Biography,Crime,Drama",60%,83%
Son of God,son of god,Documentary,19%,73%
80 for Brady,80 for brady,"Comedy,Drama,Sport",58%,89%
Admission,admission,"Comedy,Drama,Romance",37%,32%
Project Nim,project nim,Documentary,97%,84%
After Earth,after earth,"Action,Adventure,Sci-Fi",12%,36%
Emancipation,emannzipation,Drama,,86%
Phineas and Ferb the Movie: Candace Against the Universe,phineas and ferb the movie: candace against the universe,"Adventure,Animation,Comedy",100%,86%
The Place Beyond the Pines,the place beyond the pines,"Crime,Drama,Thriller",78%,75%
Freaks of Nature,freaks of nature,"Comedy,Horror,Sci-Fi",0%,45%
The Ballad of Genesis and Lady Jaye,the ballad of genesis and lady jaye,"Biography,Documentary,Music",68%,53%
The Nut Job,the nut job,"Adventure,Animation,Comedy",13%,43%
RED 2,red 2,"Action,Comedy,Crime",45%,63%
Greetings from Tim Buckley,greetings from tim buckley,"Biography,Drama,Music",72%,46%
Nightingale,nightingale,,,
Chappie,chappie,"Action,Crime,Drama",32%,56%
Black Panther,black panther,"Action,Adventure,Sci-Fi",,50%
Kandahar,kandahar,"Action,Drama",89%,75%
Bessie,bessie,Documentary,91%,68%
Duchess,duchess,"Action,Crime",,
The Baytown Outlaws,the baytown outlaws,"Action,Comedy,Crime",23%,54%
The Fifth Estate,the fifth estate,"Biography,Crime,Drama",36%,36%
Earth Mama,earth mama,Drama,97%,74%
Honest Thief,honest thief,"Action,Crime,Drama",41%,87%
Old Dads,old dads,Comedy,25%,84%
Titanic 666,titanic 666,"Horror,Thriller",,16%
Ruby Sparks,ruby sparks,"Comedy,Drama,Fantasy",79%,75%
The Words,the words,"Drama,Mystery,Romance",24%,49%
Who's That Girl?,who's that girl?,Comedy,33%,47%
Captain America: The Winter Soldier,captain america: the winter soldier,"Action,Adventure,Sci-Fi",90%,92%
Ai Weiwei: Never Sorry,ai weiwei: never sorry,Documentary,98%,87%
Hunter Killer,hunter killer,"Action,Thriller",38%,67%
Crawl,crawl,"Crime,Thriller",63%,63%
Django Unchained,django unchained,Western,87%,92%
You're Next,you're next,"Drama,Horror,Mystery",80%,60%
Percy Jackson: Sea of Monsters,percy jackson: sea of monsters,"Adventure,Family,Fantasy",42%,54%
End of Watch,end of watch,"Action,Crime,Drama",85%,86%
Resident Evil: Retribution,resident evil: retribution,"Action,Horror,Sci-Fi",28%,51%
Tim and Eric's Billion Dollar Movie,tim and eric's billion dollar movie,Comedy,38%,47%
The Boys in the Boat,the boys in the boat,"Biography,Drama,Sport",57%,97%
Blade Runner 2049,blade runner 2049,"Action,Drama,Mystery",88%,88%
Moon Garden,moon garden,"Drama,Fantasy,Horror",86%,69%
The Nameless,the nameless,"Action,Thriller",20%,42%
To Rome with Love,to rome with love,"Comedy,Music,Romance",47%,40%
Dirty Grandpa,dirty grandpa,Comedy,10%,44%
The Highwaymen,the highwaymen,"Biography,Crime,Drama",59%,76%
Turbo,turbo,"Adventure,Animation,Comedy",,71%
One Man's War,one man's war,"Crime,Drama",,67%
Deepwater Horizon,deepwater horizon,"Action,Drama,History",82%,82%
Safety Not Guaranteed,safety not guaranteed,"Adventure,Comedy,Drama",91%,80%
Conan O'Brien Can't Stop,conan o'brien can't stop,"Comedy,Documentary,Music",82%,68%
Bad Kids Go to Hell,bad kids go to hell,"Comedy,Horror,Mystery",44%,35%
Crooked House,crooked house,"Crime,Drama,Mystery",58%,54%
The East,the east,"Adventure,Crime,Drama",77%,64%
Hatchet III,hatchet iii,"Action,Comedy,Horror",57%,40%
Won't Back Down,won't back down,Drama,35%,61%
Supporting Characters,supporting characters,Comedy,86%,63%
Hello Herman,hello herman,Drama,20%,73%
The Batman,the batman,"Action,Crime,Drama",85%,87%
The Edge of Seventeen,the edge of seventeen,"Comedy,Drama",94%,83%
Date and Switch,date and switch,"Comedy,Drama,Romance",30%,38%
Operation Mincemeat,operation mincemeat,"Drama,War",83%,66%
Catch .44,catch .44,"Action,Thriller",,14%
Monica,monica,"Biography,Drama,Thriller",,
Bol,bol,Drama,,88%
Spotlight,spotlight,"Biography,Crime,Drama",,
Nobody Walks,nobody walks,Drama,41%,23%
The Good Lie,the good lie,Thriller,84%,82%
Miss Bala,miss bala,"Action,Crime,Drama",88%,63%
Penguins of Madagascar,penguins of madagascar,"Action,Adventure,Animation",74%,63%
Magic Mike,magic mike,"Comedy,Drama,Music",78%,60%
The House of Tomorrow,the house of tomorrow,Documentary,,
Sinister,sinister,"Horror,Mystery,Thriller",,36%
Cry Macho,cry macho,Drama,57%,64%
Let's Be Cops,let's be cops,"Action,Comedy,Crime",18%,51%
Officer Down,officer down,"Crime,Drama",,26%
Somewhere Slow,somewhere slow,"Comedy,Drama,Romance",56%,83%
Heaven Is for Real,heaven is for real,"Biography,Drama,Family",51%,66%
Black Rock,black rock,"Horror,Thriller",53%,24%
Arthur Newman,arthur newman,"Comedy,Drama",20%,25%
The Big Wedding,the big wedding,"Comedy,Drama,Romance",7%,40%
Knife Fight,knife fight,Drama,28%,27%
Seven Psychopaths,seven psychopaths,"Comedy,Crime",83%,71%
Miracle at Manchester,miracle at manchester,"Drama,Family,Sport",,
Shot Through the Heart,shot through the heart,"Action,Comedy,Thriller",,83%
Miss Peregrine's Home for Peculiar Children,miss peregrine's home for peculiar children,"Adventure,Drama,Family",64%,60%
Amityville: The Awakening,amityville: the awakening,"Horror,Thriller",29%,32%
The Brass Teapot,the brass teapot,"Comedy,Fantasy,Thriller",31%,51%
The Guest,the guest,Drama,,
Everly,everly,"Action,Thriller",29%,29%
The Song,the song,"Documentary,Music",31%,82%
UglyDolls,uglydolls,"Adventure,Animation,Comedy",29%,54%
The Last Day of Summer,the last day of summer,Drama,,67%
Nimona,nimona,"Action,Adventure,Animation",92%,91%
Ford v Ferrari,ford v ferrari,"Action,Biography,Drama",92%,98%
The Hangover Part III,the hangover part iii,"Comedy,Crime",20%,44%
The Hunger Games: Catching Fire,the hunger games: catching fire,"Action,Adventure,Sci-Fi",90%,89%
Aftersun,aftersun,"Drama,Mystery,Thriller",96%,81%
Crooked Arrows,crooked arrows,"Drama,Sport",41%,62%
Sex Tape,sex tape,"Comedy,Romance",16%,33%
Kiss of the Damned,kiss of the damned,"Drama,Horror,Romance",68%,39%
The Hitman's Bodyguard,the hitman's bodyguard,"Action,Comedy,Crime",44%,67%
American Assassin,american assassin,"Action,Thriller",,
Closed Circuit,closed circuit,Documentary,,
The Tutor,the tutor,"Mystery,Thriller",,
A Million Miles Away,a million miles away,"Documentary,Music",,
Father Figures,father figures,"Comedy,Drama",,
Compliance,compliance,"Crime,Drama,Thriller",89%,60%
A Most Wanted Man,a most wanted man,"Crime,Drama,Thriller",86%,65%
King Arthur: Legend of the Sword,king arthur: legend of the sword,"Action,Adventure,Drama",31%,69%
The Neon Demon,the neon demon,"Horror,Thriller",59%,51%
Rules Don't Apply,rules don't apply,"Comedy,Drama,Romance",55%,34%
Acidman,acidman,Drama,76%,71%
The Two Faces of January,the two faces of january,"Crime,Mystery,Romance",80%,48%
Dumbbells,dumbbells,Comedy,14%,60%
Someone Marry Barry,someone marry barry,Comedy,20%,45%
Toy Story 4,toy story 4,"Adventure,Animation,Comedy",97%,94%
The Good Dinosaur,the good dinosaur,"Action,Adventure,Animation",75%,64%
Descendants,descendants,Action,90%,67%
Leave No Trace,leave no trace,"Crime,Documentary",100%,79%
Pain & Gain,pain & gain,"Action,Biography,Comedy",50%,47%
Thor: The Dark World,thor: the dark world,"Action,Adventure,Fantasy",67%,75%
Geostorm,geostorm,"Action,Sci-Fi,Thriller",18%,35%
Pitch Perfect,pitch perfect,"Comedy,Music,Romance",82%,83%
Gerhard Richter Painting,gerhard richter painting,Documentary,89%,73%
The Angry Birds Movie,the angry birds movie,"Action,Adventure,Animation",44%,47%
Cloudy with a Chance of Meatballs 2,cloudy with a chance of meatballs 2,"Adventure,Animation,Comedy",71%,66%
What Happens Later,what happens later,"Comedy,Romance",51%,28%
Sea Wolves,sea wolves,"Documentary,History,War",,
Robot & Frank,robot & frank,"Comedy,Crime,Drama",86%,75%
Chernobyl Diaries,chernobyl diaries,"Horror,Mystery,Thriller",17%,28%
Good Riddance,good riddance,Documentary,,
It's a Disaster,it's a disaster,"Comedy,Drama",79%,59%
Hell Fest,hell fest,"Horror,Mystery,Thriller",39%,41%
Machete Kills,machete kills,"Action,Comedy,Crime",29%,34%
The 33,the 33,"Biography,Drama,History",48%,59%
Sting,sting,"Horror,Sci-Fi,Thriller",70%,65%
A Tourist's Guide to Love,a tourist's guide to love,"Adventure,Comedy,Romance",68%,66%
Monsieur Lazhar,monsieur lazhar,"Comedy,Drama",98%,86%
Scenic Route,scenic route,"Drama,Horror,Thriller",65%,50%
Guardians of the Galaxy,guardians of the galaxy,"Action,Adventure,Comedy",92%,92%
Ek Tha Tiger,ek tha tiger,"Action,Adventure,Drama",75%,49%
The Smurfs 2,the smurfs 2,"Adventure,Animation,Comedy",14%,56%
Diary of a Wimpy Kid: Dog Days,diary of a wimpy kid: dog days,"Comedy,Family",52%,63%
Identity Thief,identity thief,"Comedy,Crime,Drama",19%,53%
12 Years a Slave,12 years a slave,"Biography,Drama,History",95%,90%
The Reluctant Fundamentalist,the reluctant fundamentalist,"Drama,Thriller",57%,61%
Laggies,laggies,"Comedy,Drama,Romance",65%,50%
The Last Exorcism Part II,the last exorcism part ii,"Horror,Thriller",15%,26%
The Great Wall,the great wall,"Action,Adventure,Fantasy",,
Shining Star,shining star,Romance,,67%
Carlos,carlos,"Biography,Documentary",,
Freud's Last Session,freud's last session,Drama,45%,72%
Inside Llewyn Davis,inside llewyn davis,"Drama,Music",92%,74%
Neil Young Journeys,neil young journeys,"Documentary,Music",89%,60%
A Glimpse Inside the Mind of Charles Swan III,a glimpse inside the mind of charles swan iii,Comedy,16%,25%
Synchronicity,synchronicity,"Drama,Mystery,Romance",,
American Made,american made,Thriller,,
Europa Report,europa report,"Drama,Mystery,Sci-Fi",80%,57%
Diana Vreeland: The Eye Has to Travel,diana vreeland: the eye has to travel,"Biography,Documentary",95%,79%
The English Teacher,the english teacher,"Comedy,Drama",43%,31%
Gentlemen,gentlemen,"Drama,Romance,Thriller",,43%
13 Sins,13 sins,"Horror,Thriller",66%,45%
Benediction,benediction,Drama,92%,65%
Muhammad Ali's Greatest Fight,muhammad ali's greatest fight,"Biography,Drama",38%,69%
Song to Song,song to song,"Drama,Music,Romance",43%,37%
Smashed,smashed,Drama,83%,68%
Open Grave,open grave,"Horror,Mystery,Sci-Fi",24%,39%
Spinning Gold,spinning gold,"Biography,Drama,Music",30%,82%
Hell or High Water,hell or high water,"Crime,Drama,Thriller",97%,88%
Happy Christmas,happy christmas,Drama,77%,37%
He's Way More Famous Than You,he's way more famous than you,Comedy,45%,46%
Holy Motors,holy motors,"Drama,Fantasy",92%,71%
Chaos Walking,chaos walking,"Action,Adventure,Fantasy",21%,71%
Book Club: The Next Chapter,book club: the next chapter,"Comedy,Romance",46%,84%
Barfi!,barfi!,"Comedy,Drama,Romance",80%,86%
Java Heat,java heat,"Action,Adventure,Crime",7%,29%
Our Son,our son,Drama,86%,78%
The Best Man Holiday,the best man holiday,"Comedy,Drama",71%,83%
A Dark Truth,a dark truth,"Action,Drama,Thriller",0%,36%
Trouble with the Curve,trouble with the curve,"Drama,Romance,Sport",51%,66%
Upstream Color,upstream color,"Drama,Mystery,Sci-Fi",87%,69%
The Mean One,the mean one,"Comedy,Horror",21%,49%
The Artifice Girl,the artifice girl,"Mystery,Sci-Fi,Thriller",91%,74%
The Boy Next Door,the boy next door,Drama,,22%
Lifemark,lifemark,"Biography,Drama",83%,96%
Amen,amen,Drama,67%,82%
Maybe I Do,maybe i do,"Comedy,Romance",32%,61%
Nativity 2: Danger in the Manger!,nativity 2: danger in the manger!,"Comedy,Family",36%,50%
Captain Underpants: The First Epic Movie,captain underpants: the first epic movie,"Action,Adventure,Animation",87%,62%
Bad Johnson,bad johnson,"Comedy,Fantasy,Romance",28%,22%
The Wrath of Becky,the wrath of becky,"Action,Thriller",86%,77%
Scrooge: A Christmas Carol,scrooge: a christmas carol,"Adventure,Animation,Comedy",38%,67%
Elvis & Nixon,elvis & nixon,"Comedy,History",76%,57%
Assassin's Creed,assassin's creed,"Action,Adventure,Sci-Fi",18%,42%
Dumb and Dumber To,dumb and dumber to,Comedy,30%,35%
"McFarland, USA","mcfarland, usa","Biography,Drama,Sport",80%,88%
Dead Man Down,dead man down,"Action,Adventure,Crime",41%,47%
Spring Breakers,spring breakers,"Crime,Drama,Thriller",68%,38%
Tammy,tammy,"Comedy,Romance",24%,36%
Dawn of the Planet of the Apes,dawn of the planet of the apes,"Action,Adventure,Drama",91%,88%
Steve Jobs: The Lost Interview,steve jobs: the lost interview,Documentary,100%,84%
He's Watching,he's watching,Horror,,
Paranormal Activity 4,paranormal activity 4,"Horror,Mystery",23%,34%
Transformers: Age of Extinction,transformers: age of extinction,"Action,Adventure,Sci-Fi",18%,50%
My Big Fat Greek Wedding 3,my big fat greek wedding 3,"Comedy,Drama,Romance",31%,71%
Raze,raze,"Action,Drama,Horror",45%,30%
Authors Anonymous,authors anonymous,Comedy,8%,16%
The Starling Girl,the starling girl,Drama,92%,97%
Footnote,footnote,Documentary,88%,72%
Jurassic World: Fallen Kingdom,jurassic world: fallen kingdom,"Comedy,Sci-Fi",46%,48%
Hacksaw Ridge,hacksaw ridge,"Biography,Drama,History",84%,91%
The House with a Clock in Its Walls,the house with a clock in its walls,"Comedy,Family,Fantasy",65%,45%
Pixels,pixels,"Action,Comedy,Fantasy",18%,46%
The Invisible War,the invisible war,"Crime,Documentary",99%,84%
The Perfect Guy,the perfect guy,Romance,18%,51%
Matchmaker,matchmaker,Documentary,,
Theater Camp,theater camp,Comedy,86%,78%
Shut Up and Play the Hits,shut up and play the hits,"Documentary,Music",86%,84%
Beasts of the Southern Wild,beasts of the southern wild,"Adventure,Drama,Fantasy",87%,76%
Detropia,detropia,Documentary,86%,64%
Searching for Sugar Man,searching for sugar man,"Biography,Documentary,Music",95%,92%
The Queen of Versailles,the queen of versailles,Documentary,95%,73%
San Andreas,san andreas,"Action,Adventure,Thriller",49%,52%
Second Act,second act,"Comedy,Drama,Romance",,
You Are So Not Invited to My Bat Mitzvah,you are so not invited to my bat mitzvah,Comedy,91%,60%
West of Memphis,west of memphis,"Crime,Documentary",95%,87%
The Bling Ring,the bling ring,"Biography,Crime,Drama",,33%
Candy Cane Lane,candy cane lane,"Comedy,Family,Fantasy",46%,45%
The Color of Time,the color of time,"Biography,Drama,Romance",5%,18%
Please Don't Destroy: The Treasure of Foggy Mountain,please don't destroy: the treasure of foggy mountain,"Action,Adventure,Comedy",42%,90%
Happy Death Day,happy death day,Thriller,70%,67%
Best Man,best man,"Drama,Romance",,
Confidential Informant,confidential informant,"Action,Crime,Drama",0%,39%
Better Angels,better angels,Drama,,
Suitable Flesh,suitable flesh,"Drama,Horror,Thriller",85%,61%
I'm Not Ashamed,i'm not ashamed,"Documentary,Drama,Music",20%,82%
Jane Got a Gun,jane got a gun,"Action,Crime,Drama",41%,38%
Saving Mr. Banks,saving mr. banks,"Biography,Comedy,Drama",79%,84%
The Current War,the current war,"Biography,Drama,History",33%,86%
The Broken Hearts Gallery,the broken hearts gallery,"Comedy,Romance",80%,88%
The Pretty One,the pretty one,"Comedy,Drama",50%,46%
Detective Knight: Rogue,detective knight: rogue,"Action,Adventure,Crime",60%,79%
Is That Black Enough for You?!?,is that black enough for you?!?,"Documentary,History",100%,62%
How to Blow Up a Pipeline,how to blow up a pipeline,"Action,Crime,Drama",95%,65%
Baby Ruby,baby ruby,"Drama,Horror,Thriller",67%,31%
When a Stranger Calls Back,when a stranger calls back,Comedy,63%,62%
V/H/S/99,v/h/s/99,Horror,76%,65%
My Man Is a Loser,my man is a loser,Comedy,,24%
Getaway,getaway,"Action,Thriller",3%,36%
A Promise Kept,a promise kept,Drama,,43%
Bad Words,bad words,"Comedy,Drama",66%,61%
Horrible Bosses 2,horrible bosses 2,"Comedy,Crime",35%,47%
Maps to the Stars,maps to the stars,"Comedy,Drama,Mystery",62%,44%
3 Days to Kill,3 days to kill,"Action,Drama,Thriller",28%,43%
The Monuments Men,the monuments men,"Biography,Comedy,Drama",31%,44%
Destination Wedding,destination wedding,Comedy,51%,57%
Grand Avenue,grand avenue,"Comedy,Drama",,78%
The Kings of Summer,the kings of summer,"Adventure,Comedy,Drama",77%,77%
American Sniper,american sniper,"Action,Biography,Drama",72%,84%
School Dance,school dance,"Comedy,Drama,Music",,73%
The Counselor,the counselor,Drama,34%,24%
La despedida,la despedida,,,
Saw X,saw x,"Horror,Mystery,Thriller",80%,89%
Malignant,malignant,"Horror,Sci-Fi,Thriller",,40%
Song One,song one,"Drama,Music,Romance",33%,29%
Earth to Echo,earth to echo,"Adventure,Family,Sci-Fi",50%,47%
The Purge,the purge,"Horror,Sci-Fi,Thriller",41%,36%
Beside Still Waters,beside still waters,"Comedy,Drama,Romance",62%,73%
Kids vs. Aliens,kids vs. aliens,"Horror,Sci-Fi",58%,43%
Pernicious,pernicious,"Horror,Thriller",80%,71%
Grown Ups 2,grown ups 2,Comedy,8%,53%
Dream Scenario,dream scenario,"Comedy,Drama,Fantasy",91%,68%
One and Only,one and only,Documentary,,
Dear David,dear david,"Comedy,Drama,Fantasy",,63%
Sympathy for the Devil,sympathy for the devil,"Action,Thriller",44%,57%
Run All Night,run all night,"Action,Crime,Thriller",59%,56%
The Sky Is Everywhere,the sky is everywhere,"Drama,Music,Romance",65%,60%
Priscilla,priscilla,"Biography,Drama,Music",84%,63%
Addicted,addicted,"Drama,Romance,Thriller",,
Stuck in Love.,stuck in love,"Comedy,Drama,Romance",58%,69%
Samaritan,samaritan,Thriller,,
Muck,muck,Horror,0%,35%
The Underneath,the underneath,"Action,Sci-Fi,Thriller",,
The Underneath,the underneath,"Action,Sci-Fi,Thriller",62%,39%
Love and Monsters,love and monsters,"Action,Adventure,Comedy",94%,89%
Draft Day,draft day,"Drama,Sport",60%,65%
Hunter Hunter,hunter hunter,"Drama,Horror,Mystery",94%,64%
Insidious: Chapter 2,insidious: chapter 2,"Horror,Mystery,Thriller",39%,57%
The Mountain Between Us,the mountain between us,"Drama,Thriller",39%,49%
Enter the Dangerous Mind,enter the dangerous mind,Thriller,23%,30%
Don Jon,don jon,"Comedy,Drama,Romance",80%,58%
The Internship,the internship,Comedy,35%,51%
Dear White People,dear white people,"Comedy,Drama,Romance",91%,61%
Son of the South,son of the south,"Biography,Drama",61%,90%
Detective Knight: Redemption,detective knight: redemption,"Action,Crime,Mystery",67%,88%
Detective Knight: Independence,detective knight: independence,"Action,Crime,Mystery",67%,83%
Think Like a Man Too,think like a man too,"Comedy,Romance",23%,59%
True Story,true story,Documentary,,
Money Monster,money monster,"Action,Crime,Drama",59%,51%
A Haunted House,a haunted house,"Comedy,Fantasy,Horror",10%,51%
Big Hero 6,big hero 6,"Action,Adventure,Animation",90%,91%
When the Game Stands Tall,when the game stands tall,"Biography,Drama,Family",20%,72%
The Forgiven,the forgiven,"Drama,Thriller",68%,57%
And So It Goes,and so it goes,Romance,18%,40%
Jagged Mind,jagged mind,"Horror,Thriller",67%,45%
Drinking Buddies,drinking buddies,"Comedy,Drama,Romance",84%,49%
The Lifeguard,the lifeguard,"Drama,Romance",16%,27%
The Wanting Mare,the wanting mare,"Drama,Fantasy,Mystery",81%,35%
Kung Fu Panda 3,kung fu panda 3,"Action,Adventure,Animation",86%,79%
Gone Girl,gone girl,"Drama,Mystery,Thriller",88%,87%
Magic Mike XXL,magic mike xxl,"Comedy,Drama,Music",65%,55%
A Haunting in Venice,a haunting in venice,"Crime,Drama,Horror",75%,77%
Lost Flight,lost flight,Drama,,
Newcomer,newcomer,Sport,,40%
Finding Dory,finding dory,"Adventure,Animation,Comedy",94%,84%
The Grand Budapest Hotel,the grand budapest hotel,"Comedy,Drama",92%,87%
Love the Coopers,love the coopers,"Comedy,Fantasy,Romance",18%,36%
The SpongeBob Movie: Sponge Out of Water,the spongebob movie: sponge out of water,"Adventure,Animation,Comedy",81%,54%
Hell House LLC Origins: The Carmichael Manor,hell house llc origins: the carmichael manor,"Horror,Mystery",88%,80%
Contracted,contracted,"Drama,Horror,Thriller",50%,29%
Muppets Most Wanted,muppets most wanted,"Adventure,Comedy,Crime",80%,59%
Men in Black: International,men in black: international,"Action,Adventure,Comedy",23%,66%
Jumanji: Welcome to the Jungle,jumanji: welcome to the jungle,"Action,Adventure,Comedy",76%,87%
The Canyons,the canyons,"Drama,Thriller",21%,15%
Minions,minions,"Adventure,Animation,Comedy",56%,49%
22 Jump Street,22 jump street,"Action,Comedy,Crime",84%,77%
Mansome,mansome,Documentary,25%,23%
Burnt,burnt,Horror,28%,45%
Sherlock Gnomes,sherlock gnomes,"Adventure,Animation,Comedy",27%,36%
Eyes Wide Open,eyes wide open,"Documentary,Sport",86%,76%
Jessabelle,jessabelle,"Drama,Horror,Mystery",29%,30%
Olympus Has Fallen,olympus has fallen,"Action,Thriller",50%,66%
Night Hunt,night hunt,Horror,,
One Ranger,one ranger,"Action,Thriller",25%,27%
Braking for Whales,braking for whales,"Comedy,Drama",,56%
Sound City,sound city,"Documentary,Music",100%,90%
The Gallows,the gallows,"Horror,Mystery,Thriller",15%,22%
The Hobbit: The Battle of the Five Armies,the hobbit: the battle of the five armies,"Adventure,Fantasy",59%,74%
Dick Figures: The Movie,dick figures: the movie,"Action,Adventure,Animation",,82%
Homefront,homefront,"Action,Crime,Thriller",42%,61%
Blue Hour: The Disappearance of Nick Brandreth,blue hour: the disappearance of nick brandreth,"Drama,Horror,Sci-Fi",,88%
Alien: Covenant,alien: covenant,"Horror,Sci-Fi,Thriller",65%,55%
The Better Angels,the better angels,"Biography,Drama,History",45%,43%
Hell Baby,hell baby,"Comedy,Horror",33%,27%
Fifty Shades of Grey,fifty shades of grey,"Drama,Romance,Thriller",25%,41%
Strangerland,strangerland,"Drama,Mystery,Thriller",40%,23%
The Decameron,the decameron,Documentary,79%,75%
The Fitzgerald Family Christmas,the fitzgerald family christmas,Drama,64%,50%
The Wedding Hustler,the wedding hustler,Comedy,,
The Expendables 3,the expendables 3,"Action,Adventure,Comedy",32%,48%
Fruitvale Station,fruitvale station,"Biography,Crime,Drama",94%,87%
Blue Jasmine,blue jasmine,"Comedy,Drama,Romance",90%,77%
White House Down,white house down,"Action,Drama,Thriller",51%,62%
Unicorn Store,unicorn store,"Comedy,Drama,Fantasy",66%,43%
The Woman in Black 2: Angel of Death,the woman in black 2: angel of death,"Drama,Horror,Thriller",24%,24%
Leprechaun: Origins,leprechaun: origins,"Fantasy,Horror",0%,11%
Frances Ha,frances ha,"Comedy,Drama,Romance",92%,78%
Mississippi Grind,mississippi grind,"Comedy,Drama",91%,55%
Grace Unplugged,grace unplugged,"Drama,Music",50%,78%
Every Breath You Take,every breath you take,"Comedy,Romance",20%,89%
Thank You for Your Service,thank you for your service,"Documentary,Drama",,67%
Barefoot,barefoot,"Comedy,Drama,Romance",,84%
American Fiction,american fiction,"Comedy,Drama",93%,96%
Jobs,jobs,"Biography,Drama",27%,40%
Rio 2,rio 2,"Adventure,Animation,Comedy",49%,58%
Live by Night,live by night,"Action,Crime,Drama",35%,42%
Colossal,colossal,Drama,82%,58%
Runner Runner,runner runner,"Crime,Mystery,Thriller",7%,33%
The Disappointments Room,the disappointments room,"Drama,Horror,Thriller",0%,17%
Touchy Feely,touchy feely,"Comedy,Drama",42%,22%
"Where'd You Go, Bernadette","where'd you go, bernadette","Comedy,Crime,Drama",51%,74%
A Private War,a private war,"Biography,Drama,War",87%,63%
Need for Speed,need for speed,"Action,Crime,Drama",23%,56%
Short Term 12,short term 12,Drama,98%,92%
Down a Dark Hall,down a dark hall,"Drama,Fantasy,Horror",48%,20%
What If,what if,Mystery,,
Once Upon a Crime,once upon a crime,Action,0%,43%
The Glass Castle,the glass castle,"Biography,Drama",,
Estate,estate,"Horror,Thriller",,
The Huntsman: Winter's War,the huntsman: winter's war,"Action,Adventure,Drama",20%,45%
After the Wedding,after the wedding,"Comedy,Drama",87%,87%
Road to Paloma,road to paloma,"Drama,Thriller",57%,55%
How to Train Your Dragon: The Hidden World,how to train your dragon: the hidden world,"Action,Adventure,Animation",90%,87%
The Girl on the Train,the girl on the train,"Drama,Mystery,Thriller",76%,42%
Ain't Them Bodies Saints,ain't them bodies saints,"Crime,Drama,Romance",77%,61%
Oculus,oculus,"Horror,Mystery,Thriller",75%,53%
Enough Said,enough said,"Comedy,Drama,Romance",95%,75%
Avengers: Age of Ultron,avengers: age of ultron,"Action,Adventure,Sci-Fi",76%,82%
It's Such a Beautiful Day,it's such a beautiful day,"Animation,Comedy,Drama",100%,92%
The Scribbler,the scribbler,"Drama,Mystery,Sci-Fi",46%,38%
Clifford the Big Red Dog,clifford the big red dog,"Adventure,Comedy,Family",58%,94%
The Homesman,the homesman,"Drama,Western",81%,53%
Smurfs: The Lost Village,smurfs: the lost village,"Adventure,Animation,Comedy",40%,55%
They Came Together,they came together,"Comedy,Romance",70%,40%
Anomalisa,anomalisa,"Animation,Comedy,Drama",91%,71%
Ping Pong Summer,ping pong summer,"Comedy,Drama,Sport",59%,31%
Gods of Egypt,gods of egypt,"Action,Adventure,Drama",14%,37%
Woman in Gold,woman in gold,"Biography,Drama,History",57%,79%
The Heat,the heat,"Action,Comedy,Crime",66%,71%
Copperhead,copperhead,Drama,,
The Persian Version,the persian version,"Comedy,Drama,Romance",84%,93%
Don't Tell A Soul,don't tell a soul,Mystery,73%,57%
Puppet Master,puppet master,Thriller,43%,40%
Rocker,rocker,Drama,,
Ma,ma,Thriller,92%,50%
The Caine Mutiny Court-Martial,the caine mutiny court-martial,"Drama,War",,77%
Philomena,philomena,"Biography,Comedy,Drama",91%,89%
Project Almanac,project almanac,"Drama,Mystery,Sci-Fi",38%,45%
Goodbye to All That,goodbye to all that,"Comedy,Drama,Romance",64%,31%
Genie,genie,"Comedy,Fantasy",31%,62%
Taken 3,taken 3,"Action,Thriller",13%,43%
V/H/S/2,v/h/s/2,"Horror,Thriller",71%,53%
The Peanuts Movie,the peanuts movie,"Adventure,Animation,Comedy",87%,76%
The Ice Road,the ice road,Documentary,43%,30%
The Adam Project,the adam project,"Action,Adventure,Comedy",68%,73%
Paranormal Activity: The Ghost Dimension,paranormal activity: the ghost dimension,"Horror,Mystery",15%,27%
Get on Up,get on up,"Biography,Drama,Music",81%,68%
Paranormal Activity: The Marked Ones,paranormal activity: the marked ones,"Horror,Mystery",40%,34%
"Extremely Wicked, Shockingly Evil and Vile","extremely wicked, shockingly evil and vile","Biography,Crime,Drama",54%,57%
Bone Tomahawk,bone tomahawk,"Drama,Horror,Western",91%,74%
Cold Comes the Night,cold comes the night,"Action,Crime,Mystery",44%,29%
Billy Lynn's Long Halftime Walk,billy lynn's long halftime walk,"Action,Drama,Sport",44%,41%
The Adults,the adults,Drama,72%,46%
God's Not Dead,god's not dead,"Drama,Romance",12%,75%
Good Burger 2,good burger 2,"Comedy,Family",59%,63%
Blockers,blockers,"Comedy,Drama",84%,51%
Little Things,little things,,,
Flora and Son,flora and son,"Comedy,Music,Romance",93%,83%
The Light Between Oceans,the light between oceans,"Drama,Romance",62%,61%
The Cloverfield Paradox,the cloverfield paradox,"Horror,Sci-Fi,Thriller",22%,41%
Crimson Peak,crimson peak,"Drama,Horror,Mystery",73%,56%
The Second Best Exotic Marigold Hotel,the second best exotic marigold hotel,"Comedy,Drama,Romance",66%,59%
A Million Ways to Die in the West,a million ways to die in the west,"Comedy,Western",33%,41%
The Magician's Elephant,the magician's elephant,"Adventure,Animation,Comedy",65%,82%
Alice Through the Looking Glass,alice through the looking glass,"Adventure,Family,Fantasy",,49%
Surrounded,surrounded,"Drama,Western",,30%
The Outlaws,the outlaws,"Crime,Mystery,Western",,
The Outlaws,the outlaws,"Crime,Mystery,Western",,
Life After Beth,life after beth,"Comedy,Fantasy,Horror",45%,31%
Me and Earl and the Dying Girl,me and earl and the dying girl,"Comedy,Drama",82%,86%
Flower,flower,"Comedy,Drama",,
The Fault in Our Stars,the fault in our stars,"Drama,Romance",81%,85%
Jojo Rabbit,jojo rabbit,"Comedy,Drama,War",80%,94%
Resident Evil: The Final Chapter,resident evil: the final chapter,"Action,Horror,Sci-Fi",38%,47%
Don't Make Me Go,don't make me go,Drama,52%,68%
Anyone But You,anyone but you,"Comedy,Romance",,43%
Kevin Hart: Let Me Explain,kevin hart: let me explain,"Comedy,Documentary",61%,72%
Zoey 102,zoey 102,"Comedy,Drama,Family",56%,44%
Birthday Cake,birthday cake,"Comedy,Family",,78%
Ted 2,ted 2,Comedy,44%,50%
Hot Tub Time Machine 2,hot tub time machine 2,"Comedy,Mystery,Sci-Fi",14%,26%
Love Is Strange,love is strange,"Drama,Romance",,
Star Trek Beyond,star trek beyond,"Action,Adventure,Sci-Fi",86%,80%
Fences,fences,Drama,,
Me Before You,me before you,"Drama,Romance",54%,73%
Hitman: Agent 47,hitman: agent 47,"Action,Adventure,Crime",8%,40%
Colette,colette,"Biography,Drama,History",,
The D Train,the d train,"Comedy,Drama",,
The D Train,the d train,"Comedy,Drama",54%,25%
Night at the Museum: Secret of the Tomb,night at the museum: secret of the tomb,"Adventure,Comedy,Family",48%,57%
Peripheral,peripheral,"Horror,Sci-Fi",90%,76%
Cocaine Shark,cocaine shark,"Crime,Drama,Horror",,50%
The Secret Life of Pets,the secret life of pets,"Adventure,Animation,Comedy",70%,62%
Ruby Gillman: Teenage Kraken,"ruby gillman, teenage kraken","Animation,Comedy,Romance",65%,81%
Blackhat,blackhat,"Action,Crime,Thriller",33%,24%
Birth of the Dragon,birth of the dragon,"Action,Biography,Drama",25%,67%
Soul,soul,"Crime,Thriller",95%,88%
The Longest Ride,the longest ride,"Drama,Romance",31%,71%
Sleight,sleight,Drama,80%,52%
The Kill Team,the kill team,Documentary,91%,73%
The Christmas Candle,the christmas candle,"Drama,Family",21%,74%
Paper Tigers,paper tigers,Drama,,80%
Voyager,voyager,"Action,Comedy,Drama",,
The One I Love,the one i love,"Comedy,Drama,Fantasy",83%,76%
"Patrik, Age 1.5","patrik, age 1.5",Drama,72%,73%
It's a Wonderful Knife,it's a wonderful knife,"Comedy,Horror,Mystery",55%,72%
Stargirl,stargirl,"Romance,Sci-Fi,Thriller",69%,69%
Veronica Mars,veronica mars,"Crime,Drama,Mystery",80%,78%
Incarnate,incarnate,Horror,,
Top Five,top five,"Comedy,Romance",85%,64%
Annihilation,annihilation,"Adventure,Drama,Horror",88%,67%
Extinct,extinct,Fantasy,43%,41%
Home Sweet Hell,home sweet hell,"Comedy,Crime,Thriller",5%,27%
Kingsman: The Secret Service,kingsman: the secret service,"Action,Adventure,Comedy",75%,84%
Rock Dog,rock dog,"Adventure,Animation,Comedy",46%,48%
Mike and Dave Need Wedding Dates,mike and dave need wedding dates,"Comedy,Romance",39%,51%
A Haunted House 2,a haunted house 2,"Comedy,Fantasy,Horror",8%,43%
Proximity,proximity,Documentary,,14%
Murder 101,murder 101,Mystery,,54%
Nest,nest,Documentary,,
The Old Man & the Gun,the old man & the gun,"Biography,Comedy,Crime",93%,66%
F.I.S.T.,f.i.s.t.,Sci-Fi,67%,56%
Pitch Perfect 2,pitch perfect 2,"Comedy,Music",65%,64%
The Pickup Artist,the pickup artist,"Drama,Romance",,
The Croods: A New Age,the croods: a new age,"Adventure,Animation,Comedy",77%,94%
Ratchet & Clank,ratchet & clank,"Action,Adventure,Animation",22%,42%
Strange But True,strange but true,"Drama,Mystery,Thriller",52%,83%
Tiger Orange,tiger orange,Drama,100%,45%
Forever My Girl,forever my girl,Drama,24%,79%
Ride Along 2,ride along 2,"Action,Comedy,Crime",14%,48%
Wish I Was Here,wish i was here,"Comedy,Drama",45%,59%
Magic in the Moonlight,magic in the moonlight,"Comedy,Drama,Romance",51%,45%
The Shack,the shack,"Drama,Fantasy",21%,76%
Nightcrawler,nightcrawler,"Crime,Drama,Thriller",95%,86%
Red Sparrow,red sparrow,"Action,Drama,Thriller",45%,51%
Yoshiki: Under the Sky,yoshiki: under the sky,Music,,
Black or White,black or white,Drama,39%,65%
I Origins,i origins,"Drama,Mystery,Romance",52%,69%
99 Homes,99 homes,"Crime,Drama",92%,78%
A Beautiful Day in the Neighborhood,a beautiful day in the neighborhood,Biography,95%,92%
Diary of a Wimpy Kid Christmas: Cabin Fever,diary of a wimpy kid christmas: cabin fever,"Adventure,Animation,Comedy",67%,58%
Dungeons & Dragons: Honor Among Thieves,dungeons & dragons: honor among thieves,"Action,Adventure,Comedy",91%,93%
My Little Pony: Equestria Girls,my little pony: equestria girls,"Animation,Comedy,Family",,74%
Obvious Child,obvious child,"Comedy,Drama,Romance",90%,72%
John Wick,john wick,"Action,Crime,Thriller",86%,81%
Beyond the Reach,beyond the reach,"Action,Adventure,Thriller",37%,20%
The Lazarus Effect,the lazarus effect,"Horror,Mystery,Sci-Fi",15%,23%
Razor's Edge,razor's edge,Drama,,
God's Pocket,god's pocket,"Crime,Drama",36%,34%
Judge,judge,"Horror,Mystery,Thriller",,
47 Meters Down,47 meters down,"Horror,Mystery,Thriller",53%,35%
The School for Good and Evil,the school for good and evil,"Action,Comedy,Drama",37%,66%
Everybody Wants Some!!,everybody wants some!!,Comedy,87%,68%
Zootopia,zootopia,"Action,Adventure,Animation",98%,92%
Zola,zola,"Action,Drama",88%,68%
Beyond Silence,beyond silence,"Drama,Horror",83%,81%
The Master Chief: Part One,the master chief: part one,"Action,Adventure,Drama",,
Dashing Through the Snow,dashing through the snow,"Action,Comedy",33%,63%
The Road Within,the road within,"Adventure,Comedy,Drama",45%,69%
Comet,comet,"Comedy,Drama,Romance",44%,53%
Last Shift,last shift,"Horror,Mystery",100%,51%
Alvin and the Chipmunks: The Road Chip,alvin and the chipmunks: the road chip,"Adventure,Comedy,Family",15%,51%
The Purge: Anarchy,the purge: anarchy,"Action,Horror,Sci-Fi",58%,56%
Alex of Venice,alex of venice,Drama,74%,43%
Dolphin Tale 2,dolphin tale 2,"Drama,Family",66%,72%
A Hologram for the King,a hologram for the king,"Comedy,Drama,Romance",70%,54%
Just Before I Go,just before i go,"Comedy,Drama",9%,63%
Planes: Fire & Rescue,planes: fire & rescue,"Adventure,Animation,Comedy",44%,56%
Let's Kill Ward's Wife,let's kill ward's wife,"Comedy,Crime",17%,30%
Carrie Pilby,carrie pilby,"Comedy,Drama",63%,76%
The Water Diviner,the water diviner,"Drama,History,War",63%,60%
The Lego Ninjago Movie,the lego ninjago movie,"Action,Adventure,Animation",56%,46%
Moms' Night Out,moms' night out,Comedy,21%,66%
Point of Origin,point of origin,"Action,Adventure,Drama",,47%
Reminiscence: The Beginning,reminiscence,"Horror,Romance,Thriller",,
Mortdecai,mortdecai,"Action,Adventure,Comedy",12%,31%
The Conjuring 2,the conjuring 2,"Horror,Mystery,Thriller",80%,81%
Hardcore Henry,hardcore henry,"Action,Adventure,Sci-Fi",51%,55%
The Secrets We Keep,the secrets we keep,Thriller,63%,43%
Cool Runnings: The Reggae Movie,cool runnings: the reggae movie,"Documentary,Music",,43%
The Day After,the day after,Documentary,86%,69%
Artemis Fowl,artemis fowl,"Adventure,Family,Fantasy",8%,20%
Listen Up Philip,listen up philip,"Comedy,Drama",82%,54%
Camp Takota,camp takota,Comedy,,67%
The Blade,the blade,Documentary,,87%
Da Sweet Blood of Jesus,da sweet blood of jesus,"Comedy,Drama,Horror",48%,20%
Crazy Rich Asians,crazy rich asians,"Comedy,Drama,Romance",91%,76%
The Tender Bar,the tender bar,"Biography,Drama",51%,70%
Road Hard,road hard,Comedy,50%,76%
Now You See Me 2,now you see me 2,"Action,Adventure,Comedy",33%,53%
Lost Girls,lost girls,"Crime,Drama,Mystery",,
Furlough,furlough,Thriller,20%,31%
Little Accidents,little accidents,Drama,,
Paterno,paterno,Drama,71%,49%
Scoob!,scoob!,"Adventure,Animation,Comedy",48%,53%
Trainwreck,trainwreck,"Comedy,Drama,Romance",84%,66%
Luther: The Fallen Sun,luther: the fallen sun,"Action,Crime,Drama",67%,85%
Foe,foe,"Horror,Thriller",,
Rock the Kasbah,rock the kasbah,"Comedy,Music,War",7%,29%
Sleeping with Other People,sleeping with other people,"Comedy,Drama,Romance",64%,56%
Mr. Holmes,mr. holmes,"Crime,Drama,Family",88%,70%
The Professor,the professor,Drama,,
iBoy,iboy,"Action,Crime,Sci-Fi",69%,40%
"Men, Women & Children","men, women & children","Comedy,Drama",33%,44%
Fantastic Beasts and Where to Find Them,fantastic beasts and where to find them,"Adventure,Family,Fantasy",74%,79%
Tall Girl,tall girl,Romance,38%,23%
Insidious: Chapter 3,insidious: chapter 3,"Horror,Mystery,Thriller",56%,51%
Bad Samaritan,bad samaritan,"Crime,Drama,Horror",54%,65%
The Cobbler,the cobbler,"Comedy,Drama,Fantasy",,
Car Dogs,car dogs,"Comedy,Drama",,54%
15 to Life: Kenneth's Story,15 to life: kenneth's story,"Biography,Crime,Documentary",,
Those Who Wish Me Dead,those who wish me dead,"Action,Drama,Thriller",63%,86%
9 to 5,9 to 5,,69%,74%
The Wedding Banquet,the wedding banquet,"Comedy,Romance",97%,87%
Wakefield,wakefield,Drama,75%,53%
Spark: A Space Tail,spark: a space tail,"Action,Adventure,Animation",13%,34%
Cruella,cruella,"Adventure,Comedy,Crime",75%,97%
How to Rob a Bank,how to rob a bank,"Action,Crime,Documentary",29%,42%
Spare Parts,spare parts,"Biography,Drama,History",,38%
It Follows,it follows,"Horror,Mystery,Thriller",95%,66%
DEAN,dean,"Biography,Drama",65%,66%
The Lost Daughter,the lost daughter,Drama,94%,56%
Sully,sully,"Biography,Drama",85%,84%
A Nice Girl Like You,a nice girl like you,"Comedy,Romance",10%,76%
Welcome to Marwen,welcome to marwen,"Biography,Comedy,Drama",34%,48%
Funeral,funeral,Horror,,
The Expendables 4,expend4bles,"Action,Adventure,Thriller",13%,70%
London Has Fallen,london has fallen,"Action,Thriller",28%,50%
Dr. Bird's Advice for Sad Poets,dr. bird's advice for sad poets,"Comedy,Drama,Mystery",80%,76%
Permission,permission,Drama,67%,33%
Menu,menu,Drama,,
Here and There,here and there,"Drama,Thriller",67%,67%
American Ultra,american ultra,"Action,Comedy",44%,45%
Anesthesia,anesthesia,"Crime,Drama",27%,50%
Adult Beginners,adult beginners,"Comedy,Drama",48%,31%
If These Walls Could Talk,if these walls could talk,"Comedy,Documentary",88%,74%
The Nun,the nun,Drama,,20%
The Nun,the nun,Drama,86%,80%
XX,xx,Horror,69%,20%
Annabelle,annabelle,"Horror,Mystery,Thriller",28%,35%
Carving A Life,carving a life,"Drama,Romance",,89%
The Cured,the cured,Documentary,71%,45%
Star Trek Generations,star trek generations,,48%,57%
Fantastic Four: Rise of the Silver Surfer,fantastic four: rise of the silver surfer,,38%,51%
The Night House,the night house,"Horror,Thriller",88%,69%
Tolkien,tolkien,"Biography,Drama,Romance",51%,71%
Transformers: The Last Knight,transformers: the last knight,"Action,Adventure,Sci-Fi",16%,43%
Apocalypse Pompeii,apocalypse pompeii,"Action,Adventure,Drama",,6%
Scary Stories to Tell in the Dark,scary stories to tell in the dark,"Adventure,Horror,Mystery",78%,72%
Jack Reacher: Never Go Back,jack reacher: never go back,"Action,Thriller",38%,42%
The Naked Gun,the naked gun,"Action,Comedy,Crime",86%,84%
Ferdinand,ferdinand,"Adventure,Animation,Comedy",71%,52%
Until the End of the World,until the end of the world,Documentary,89%,89%
A Monster Calls,a monster calls,"Adventure,Drama,Family",86%,81%
Hot Summer Nights,hot summer nights,"Crime,Drama,Romance",45%,59%
Ice Age: Collision Course,ice age: collision course,"Adventure,Animation,Comedy",18%,39%
Finch,finch,"Adventure,Drama,Sci-Fi",74%,67%
The Boogeyman,the boogeyman,"Horror,Mystery,Thriller",61%,66%
Project Power,project power,"Documentary,Drama",61%,46%
Money Plane,money plane,,23%,32%
Paul Blart: Mall Cop 2,paul blart: mall cop 2,"Action,Comedy,Crime",6%,34%
War for the Planet of the Apes,war for the planet of the apes,"Action,Adventure,Drama",94%,84%
The Hateful Eight,the hateful eight,"Crime,Drama,Mystery",75%,77%
Kate,kate,"Comedy,Drama,Romance",46%,51%
Despicable Me 3,despicable me 3,"Adventure,Animation,Comedy",58%,53%
I Met a Girl,i met a girl,Romance,,
The Nut Job 2: Nutty by Nature,the nut job 2: nutty by nature,"Adventure,Animation,Comedy",15%,44%
Captain America: Civil War,captain america: civil war,"Action,Sci-Fi",90%,89%
Thor: Ragnarok,thor: ragnarok,"Action,Adventure,Comedy",93%,87%
Dinner with Friends,dinner with friends,Drama,90%,46%
The Lego Movie 2: The Second Part,the lego movie 2: the second part,"Adventure,Animation,Comedy",84%,68%
Richard Jewell,richard jewell,"Biography,Crime,Drama",77%,96%
Yousuf Khan Sher Bano,yousuf khan sher bano,"Drama,Family",,
The Disaster Artist,the disaster artist,"Biography,Comedy,Drama",91%,85%
Mechanic: Resurrection,mechanic: resurrection,"Action,Adventure,Thriller",31%,40%
"Alice, Sweet Alice","alice, sweet alice","Crime,Drama,Horror",77%,61%
Cut Throat City,cut throat city,"Action,Crime,Drama",70%,39%
Whiskey Tango Foxtrot,whiskey tango foxtrot,"Biography,Comedy,Drama",68%,54%
Captain Fantastic,captain fantastic,"Comedy,Drama",83%,85%
Space Jam: A New Legacy,space jam: a new legacy,"Adventure,Animation,Comedy",25%,79%
Girls Trip,girls trip,"Adventure,Comedy,Drama",91%,78%
Richie Rich,richie rich,,26%,32%
3 Generations,3 generations,Drama,30%,44%
Tyson's Run,tyson's run,Drama,67%,86%
Disappearance,disappearance,Sci-Fi,64%,
Departures,departures,"Comedy,Drama",,
The Shallows,the shallows,"Adventure,Horror,Thriller",79%,59%
Defamation,defamation,Drama,81%,76%
Cars 3,cars 3,"Adventure,Animation,Comedy",69%,68%
Incredibles 2,incredibles 2,"Action,Adventure,Animation",93%,84%
Paper Towns,paper towns,"Adventure,Comedy,Drama",58%,47%
Ricki and the Flash,ricki and the flash,"Comedy,Drama,Music",65%,43%
Vacation Friends,vacation friends,"Adventure,Comedy",57%,54%
Barbershop: The Next Cut,barbershop: the next cut,"Comedy,Drama",90%,66%
Allied,allied,"Action,Drama,Romance",60%,64%
I Smile Back,i smile back,"Drama,Mystery,Romance",49%,62%
The Martian,the martian,"Adventure,Drama,Sci-Fi",91%,91%
Monkey Kingdom,monkey kingdom,Documentary,93%,76%
The One and Only Ivan,the one and only ivan,"Adventure,Comedy,Drama",71%,65%
Bridge of Spies,bridge of spies,"Drama,History,Thriller",91%,87%
Heaven Knows What,heaven knows what,"Crime,Drama",87%,66%
Youth in Oregon,youth in oregon,"Comedy,Drama",45%,47%
All the Old Knives,all the old knives,"Mystery,Thriller",64%,45%
I Am Michael,i am michael,"Biography,Drama,Romance",62%,37%
Unfriended,unfriended,"Horror,Mystery,Thriller",62%,37%
Irrational Man,irrational man,"Comedy,Crime,Drama",47%,46%
The Owners,the owners,"Documentary,Music",62%,30%
Experimenter,experimenter,"Biography,Drama,History",85%,61%
Kong: Skull Island,kong: skull island,"Action,Adventure,Fantasy",75%,70%
"Kiss Me, Kill Me","kiss me, kill me","Drama,Romance",,33%
Truman,truman,"Comedy,Drama",89%,74%
A Score to Settle,a score to settle,"Action,Crime,Drama",15%,18%
Ferrari,ferrari,"Biography,Drama,History",,
My Big Fat Greek Wedding 2,my big fat greek wedding 2,"Comedy,Romance",28%,52%
Terribly Happy,terribly happy,,87%,73%
The Equalizer 2,the equalizer 2,"Action,Crime,Mystery",52%,61%
"Hello, My Name Is Doris","hello, my name is doris","Comedy,Drama,Romance",85%,76%
Snowden,snowden,"Biography,Crime,Drama",61%,70%
War Pigs,war pigs,"Action,Drama,War",,20%
1915,1915,Drama,40%,81%
La La Land,la la land,"Comedy,Drama,Music",91%,81%
Sonic the Hedgehog,sonic the hedgehog,"Action,Adventure,Comedy",,90%
After the Reality,after the reality,"Drama,Romance",,50%
Barb and Star Go to Vista Del Mar,barb & star go to vista del mar,"Comedy,Fantasy",80%,59%
The Nice Guys,the nice guys,"Action,Comedy,Crime",91%,79%
Lost in Florence,lost in florence,"Adventure,Drama,Romance",14%,33%
Social Animals,social animals,Thriller,58%,43%
Big Time Adolescence,big time adolescence,"Comedy,Drama",85%,82%
The Predator,the predator,"Action,Adventure,Sci-Fi",34%,32%
To All the Boys I've Loved Before,to all the boys i've loved before,"Comedy,Drama,Romance",96%,85%
Hillsong: Let Hope Rise,hillsong: let hope rise,"Documentary,Family,Music",60%,78%
Krampus,krampus,"Comedy,Fantasy,Horror",66%,52%
Thane of East County,thane of east county,"Drama,Horror,Thriller",,45%
The Bronze,the bronze,"Comedy,Drama,Sport",36%,44%
How to Talk to Girls at Parties,how to talk to girls at parties,"Comedy,Music,Romance",48%,39%
The Goldfinch,the goldfinch,"Crime,Drama,Mystery",25%,72%
Red Sun,red sun,"Action,Adventure,Sci-Fi",,
The Boss Baby,the boss baby,"Adventure,Animation,Comedy",53%,51%
The Spine of Night,the spine of night,"Action,Adventure,Animation",80%,62%
Moonfall,moonfall,"Sci-Fi,Thriller",35%,70%
Baby Driver,baby driver,"Action,Crime,Drama",92%,86%
Guardians of the Galaxy Vol. 2,guardians of the galaxy vol. 2,"Action,Adventure,Comedy",85%,87%
All the Bright Places,all the bright places,"Drama,Romance",65%,61%
Grace and Grit,grace and grit,"Biography,Drama,Romance",,87%
Puss in Boots: The Last Wish,puss in boots: the last wish,"Action,Adventure,Animation",95%,94%
Benny Loves You,benny loves you,"Comedy,Horror,Thriller",80%,61%
Teenage Mutant Ninja Turtles: Out of the Shadows,teenage mutant ninja turtles: out of the shadows,"Action,Adventure,Comedy",38%,47%
Don't Breathe,don't breathe,"Comedy,Documentary,Drama",,83%
Popstar: Never Stop Never Stopping,popstar: never stop never stopping,"Comedy,Drama,Music",79%,65%
Josie,josie,Drama,13%,32%
Okja,okja,"Action,Adventure,Drama",86%,81%
The 9th Life of Louis Drax,the 9th life of louis drax,"Drama,Mystery,Thriller",38%,39%
All Day and a Night,all day and a night,Drama,51%,59%
The Tale,the tale,"Biography,Drama,Mystery",99%,81%
The Bye Bye Man,the bye bye man,"Drama,Fantasy,Horror",18%,22%
Manchester by the Sea,manchester by the sea,Drama,96%,78%
Swiss Army Man,swiss army man,"Comedy,Drama,Fantasy",72%,72%
Maze Runner: The Scorch Trials,maze runner: the scorch trials,"Action,Adventure,Sci-Fi",48%,54%
I Spit on Your Grave: Deja Vu,i spit on your grave: deja vu,"Horror,Thriller",,13%
The Darkest Minds,the darkest minds,"Action,Adventure,Drama",15%,71%
A Prayer Before Dawn,a prayer before dawn,"Action,Biography,Crime",92%,75%
The Valet,the valet,"Comedy,Drama,Romance",71%,68%
The Purge: Election Year,the purge: election year,"Action,Horror,Sci-Fi",55%,48%
The Lego Batman Movie,the lego batman movie,"Action,Adventure,Animation",90%,80%
Fantastic Beasts: The Crimes of Grindelwald,fantastic beasts: the crimes of grindelwald,"Adventure,Family,Fantasy",36%,54%
Fantastic Beasts: The Secrets of Dumbledore,fantastic beasts: the secrets of dumbledore,"Adventure,Fantasy",46%,83%
The Virtuoso,the virtuoso,"Action,Thriller",18%,27%
Keanu,keanu,"Action,Comedy,Crime",78%,55%
Plus One,plus one,Comedy,,
Playing with Dolls,playing with dolls,"Action,Comedy,Horror",,50%
Captain Marvel,captain marvel,"Action,Adventure,Sci-Fi",79%,45%
Avengers: Infinity War,avengers: infinity war,"Action,Adventure,Sci-Fi",85%,92%
13 Hours: The Secret Soldiers of Benghazi,13 hours: the secret soldiers of benghazi,"Action,Drama,History",52%,83%
Valley of Bones,valley of bones,"Crime,Thriller,Western",,71%
Woodlawn,woodlawn,"Biography,Drama,History",73%,80%
Strange Magic,strange magic,"Adventure,Animation,Comedy",18%,53%
Meet the Blacks,meet the blacks,"Comedy,Horror",17%,72%
Jason Bourne,jason bourne,"Action,Thriller",54%,55%
Playmobil: The Movie,playmobil: the movie,"Adventure,Animation,Comedy",17%,62%
Molly's Game,molly's game,"Biography,Crime,Drama",81%,84%
Widows,widows,"Crime,Drama,Thriller",,20%
A Little White Lie,a little white lie,Comedy,,
Hostiles,hostiles,"Drama,Thriller",70%,76%
Beta Test,beta test,"Action,Sci-Fi,Thriller",,23%
The Last Duel,the last duel,"Drama,History,Thriller",,
Miracles from Heaven,miracles from heaven,"Biography,Drama,Family",45%,80%
The Lost Husband,the lost husband,"Drama,Romance",58%,61%
The Good Nurse,the good nurse,"Biography,Crime,Drama",75%,76%
The Founder,the founder,"Biography,Drama",81%,82%
Kubo and the Two Strings,kubo and the two strings,"Action,Adventure,Animation",97%,86%
The Bad Batch,the bad batch,"Action,Horror,Mystery",45%,30%
Queen of Katwe,queen of katwe,"Biography,Drama,Sport",94%,86%
The Last Black Man in San Francisco,the last black man in san francisco,Drama,93%,84%
Ouija: Origin of Evil,ouija: origin of evil,"Drama,Horror,Mystery",83%,57%
The Peanut Butter Falcon,the peanut butter falcon,"Adventure,Comedy,Drama",95%,96%
The Secret: Dare to Dream,the secret: dare to dream,"Drama,Romance",28%,72%
John Wick: Chapter 2,john wick: chapter 2,"Action,Crime,Thriller",89%,85%
Paws of Fury: The Legend of Hank,paws of fury: the legend of hank,"Action,Adventure,Animation",54%,67%
Neighbors 2: Sorority Rising,neighbors 2: sorority rising,Comedy,64%,44%
Donald Cried,donald cried,"Comedy,Drama",89%,70%
Fifty Shades Darker,fifty shades darker,"Drama,Mystery,Romance",11%,48%
Fifty Shades Freed,fifty shades freed,"Drama,Mystery,Romance",11%,38%
All I See Is You,all i see is you,"Drama,Mystery",30%,31%
Final Portrait,final portrait,"Biography,Comedy,Drama",73%,48%
Maze Runner: The Death Cure,maze runner: the death cure,"Action,Adventure,Sci-Fi",42%,58%
Why Him?,why him?,Comedy,39%,51%
Novitiate,novitiate,Drama,86%,68%
Café Society,café society,"Comedy,Drama,Romance",71%,56%
Ghostbusters: Afterlife,ghostbusters: afterlife,"Adventure,Comedy,Fantasy",63%,94%
Frozen II,frozen ii,"Adventure,Animation,Comedy",77%,92%
The War with Grandpa,the war with grandpa,"Comedy,Drama,Family",29%,85%
Sophie and the Rising Sun,sophie and the rising sun,Drama,69%,62%
White Boy Rick,white boy rick,"Crime,Drama",57%,50%
Mile 22,mile 22,"Action,Thriller",23%,44%
The Book of Henry,the book of henry,"Crime,Drama,Thriller",22%,63%
Christopher Robin,christopher robin,"Adventure,Comedy,Drama",72%,83%
Five Nights at Freddy's,five nights at freddy's,"Horror,Mystery,Thriller",32%,87%
He's All That,he's all that,"Comedy,Romance",28%,22%
Luckiest Girl Alive,luckiest girl alive,"Drama,Mystery,Thriller",44%,71%
Can You Ever Forgive Me?,can you ever forgive me?,"Biography,Comedy,Crime",98%,81%
Battle of the Sexes,battle of the sexes,"Biography,Comedy,Drama",84%,71%
2 Jennifer,2 jennifer,Horror,,
Born in China,born in china,Documentary,83%,73%
The Fate of the Furious,the fate of the furious,"Action,Crime,Thriller",67%,72%
Harriet,harriet,"Action,Biography,Drama",74%,97%
Kingsman: The Golden Circle,kingsman: the golden circle,"Action,Adventure,Comedy",50%,64%
Bad Moms,bad moms,Comedy,59%,63%
All Saints,all saints,Drama,95%,73%
Magic Island,magic island,"Adventure,Documentary,Family",,73%
Fifty Shades of Black,fifty shades of black,Comedy,4%,19%
Kevin Hart: What Now?,kevin hart: what now?,"Comedy,Documentary",76%,58%
Georgetown,georgetown,"Biography,Crime,Drama",62%,58%
Beirut,beirut,"Action,Adventure,Crime",82%,57%
On the Basis of Sex,on the basis of sex,"Biography,Drama,History",72%,76%
American Fable,american fable,Thriller,76%,41%
Prisoner's Daughter,prisoner's daughter,Drama,43%,79%
Dogtooth,dogtooth,Thriller,93%,76%
The New Mutants,the new mutants,"Action,Horror,Mystery",36%,56%
Collateral Beauty,collateral beauty,"Drama,Romance",13%,64%
Lucy in the Sky,lucy in the sky,"Drama,Romance,Thriller",21%,31%
The Craft: Legacy,the craft: legacy,"Drama,Fantasy,Horror",48%,25%
Once Upon a Time in Venice,once upon a time in venice,"Adventure,Comedy,Crime",21%,28%
It Comes at Night,it comes at night,"Drama,Horror,Mystery",88%,44%
Bumblebee,bumblebee,"Action,Adventure,Sci-Fi",90%,75%
Sign Gene: The First Deaf Superheroes,sign gene,"Action,Adventure,Sci-Fi",,
The Good Catholic,the good catholic,"Comedy,Drama",43%,81%
Book Club,book club,Documentary,55%,51%
Klaus,klaus,"Adventure,Animation,Comedy",95%,96%
A Cure for Wellness,a cure for wellness,"Drama,Fantasy,Horror",42%,42%
The Mauritanian,the mauritanian,"Biography,Crime,Drama",75%,84%
Unfriended: Dark Web,unfriended: dark web,"Horror,Mystery,Thriller",59%,40%
Pitch Perfect 3,pitch perfect 3,"Comedy,Music",28%,43%
Maleficent: Mistress of Evil,maleficent: mistress of evil,"Adventure,Drama,Family",39%,95%
LBJ,lbj,"Biography,Drama,History",56%,54%
The Water Man,the water man,"Adventure,Drama,Family",77%,69%
The Meg,the meg,"Action,Horror,Sci-Fi",47%,44%
Pickings,pickings,"Comedy,Crime,Thriller",80%,57%
How to Be a Latin Lover,how to be a latin lover,"Comedy,Drama",39%,61%
The in-Between,the in-between,Adventure,100%,78%
Bad Hair,bad hair,"Comedy,Horror,Music",95%,69%
Rough Night,rough night,Comedy,45%,29%
The SpongeBob Movie: Sponge on the Run,the spongebob movie: sponge on the run,"Adventure,Animation,Comedy",66%,49%
God's Not Dead 2,god's not dead 2,Drama,10%,62%
A Babysitter's Guide to Monster Hunting,a babysitter's guide to monster hunting,"Comedy,Family,Fantasy",65%,
Good Time,good time,"Crime,Drama,Thriller",91%,82%
Hidden Figures,hidden figures,"Biography,Drama,History",93%,93%
Batman: The Killing Joke,batman: the killing joke,"Action,Animation,Crime",35%,50%
The Emoji Movie,the emoji movie,"Adventure,Animation,Comedy",6%,36%
The Garden of the Finzi-Continis,the garden of the finzi-continis,Drama,94%,78%
Megan Leavey,megan leavey,"Action,Biography,Drama",86%,82%
The Resurrection of Gavin Stone,the resurrection of gavin stone,"Comedy,Drama,Family",54%,84%
Mission: Impossible - Fallout,mission: impossible - fallout,"Action,Adventure,Thriller",97%,88%
The Curse of La Llorona,the curse of la llorona,"Horror,Mystery,Thriller",,
Just Mercy,just mercy,"Biography,Crime,Drama",85%,99%
Lady Bird,lady bird,"Comedy,Drama",99%,79%
The Devil's Candy,the devil's candy,"Drama,Horror,Thriller",93%,65%
Voyagers,voyagers,"Biography,Drama,Romance",25%,55%
The Sisters Brothers,the sisters brothers,"Drama,Western",87%,69%
Middle School: The Worst Years of My Life,middle school: the worst years of my life,"Comedy,Family",64%,59%
The Opening Act,the opening act,"Adventure,Comedy,Documentary",81%,83%
Being the Ricardos,being the ricardos,"Biography,Drama",68%,75%
The Red Sea Diving Resort,the red sea diving resort,"Drama,History,Thriller",29%,77%
Ambulance,ambulance,"Action,Crime,Drama",68%,88%
"Everything, Everything","everything, everything","Drama,Romance",44%,61%
Gully,gully,"Crime,Drama",25%,80%
Way,way,Horror,,
"Three Billboards Outside Ebbing, Missouri","three billboards outside ebbing, missouri","Comedy,Crime,Drama",90%,87%
"Blood In, Blood Out","blood in, blood out",Crime,64%,94%
Mary Poppins Returns,mary poppins returns,"Adventure,Comedy,Family",79%,64%
Godzilla vs. Kong,godzilla vs. kong,"Action,Sci-Fi,Thriller",76%,91%
Characterz,characterz,"Comedy,Family",,
Get Out,get out,"Horror,Mystery,Thriller",98%,86%
Sicario: Day of the Soldado,sicario: day of the soldado,"Action,Crime,Drama",62%,65%
Lansky,lansky,"Biography,Crime,Drama",40%,24%
The Favourite,the favourite,"Biography,Comedy,Drama",93%,70%
Transformers: Rise of the Beasts,transformers: rise of the beasts,"Action,Adventure,Sci-Fi",52%,91%
Morbius,morbius,"Action,Adventure,Horror",15%,71%
Raya and the Last Dragon,raya and the last dragon,"Action,Adventure,Animation",93%,97%
The Secret Life of Pets 2,the secret life of pets 2,"Adventure,Animation,Comedy",60%,90%
Minions: The Rise of Gru,minions: the rise of gru,"Adventure,Animation,Comedy",70%,89%
Poms,poms,"Comedy,Drama,Sport",36%,73%
Manor,manor,"Documentary,Drama",,
The Alchemist Cookbook,the alchemist cookbook,"Comedy,Drama,Horror",84%,34%
Annabelle: Creation,annabelle: creation,"Horror,Mystery,Thriller",70%,68%
Migration,migration,Documentary,,
Indivisible,indivisible,Documentary,,
Gwen,gwen,"Drama,History,Horror",72%,74%
Backstabbing for Beginners,backstabbing for beginners,"Drama,History,Mystery",39%,52%
Escape Room,escape room,"Horror,Thriller",,19%
"Love, Simon","love, simon","Comedy,Drama,Romance",92%,87%
The Starling,the starling,"Comedy,Drama",19%,71%
Mark Felt: The Man Who Brought Down the White House,mark felt: the man who brought down the white house,"Biography,Drama,History",36%,41%
The Girl in the Spider's Web,the girl in the spider's web,"Action,Adventure,Crime",38%,36%
Billionaire Boys Club,billionaire boys club,"Biography,Drama,Thriller",7%,34%
Wendell & Wild,wendell & wild,"Adventure,Animation,Comedy",81%,64%
Eileen,eileen,"Drama,Mystery,Romance",82%,53%
The Willoughbys,the willoughbys,"Adventure,Animation,Comedy",91%,66%
Wonderstruck,wonderstruck,"Adventure,Drama,Mystery",69%,55%
Operation Finale,operation finale,"Biography,Drama,History",61%,67%
Hotel Transylvania 3: Summer Vacation,hotel transylvania 3: summer vacation,"Adventure,Animation,Comedy",62%,49%
Paterson,paterson,"Comedy,Drama,Romance",96%,72%
Contemporary Color,contemporary color,"Documentary,Music",71%,73%
Crater,crater,"Adventure,Drama,Sci-Fi",,
Chappaquiddick,chappaquiddick,"Biography,Drama,History",80%,68%
All the Money in the World,all the money in the world,"Biography,Crime,Drama",79%,66%
Marshall,marshall,"Biography,Crime,Drama",80%,84%
Nyad,nyad,"Biography,Drama,Sport",85%,87%
The Standoff at Sparrow Creek,the standoff at sparrow creek,"Crime,Drama,Thriller",78%,66%
Sgt. Stubby: An American Hero,sgt. stubby: an american hero,"Adventure,Animation,Family",89%,92%
Wish Upon,wish upon,"Drama,Fantasy,Horror",20%,31%
Always Be My Maybe,always be my maybe,Romance,,65%
The Hurricane Heist,the hurricane heist,"Action,Adventure,Crime",47%,23%
Sound of Metal,sound of metal,"Drama,Music",97%,90%
"Love, Gilda","love, gilda",Documentary,89%,81%
The Miracle Season,the miracle season,"Drama,Sport",52%,82%
Official Secrets,official secrets,"Biography,Crime,Drama",82%,89%
Fast X,fast x,"Action,Adventure,Crime",56%,84%
Woman Walks Ahead,woman walks ahead,"Biography,Drama,History",59%,61%
Logan Lucky,logan lucky,"Action,Comedy,Crime",92%,76%
Hotel Mumbai,hotel mumbai,"Action,Drama,History",76%,88%
The Big Sick,the big sick,"Comedy,Drama,Romance",98%,88%
Deadpool 2,deadpool 2,"Action,Adventure,Comedy",84%,85%
Love All You Have Left,love all you have left,Drama,,86%
Too Big to Fail,too big to fail,Crime,77%,75%
Bright,bright,"Action,Fantasy,Thriller",26%,83%
The Nutcracker and the Four Realms,the nutcracker and the four realms,"Adventure,Family,Fantasy",32%,35%
#Screamers,#screamers,"Horror,Mystery",40%,26%
Lamborghini: The Man Behind the Legend,lamborghini: the man behind the legend,"Biography,Drama,Sport",6%,55%
Victor Crowley,victor crowley,"Action,Comedy,Horror",67%,60%
Killers of the Flower Moon,killers of the flower moon,"Crime,Drama,History",93%,84%
My Entire High School Sinking Into the Sea,my entire high school sinking into the sea,"Action,Animation,Comedy",84%,55%
The Evening Hour,the evening hour,Drama,71%,60%
Wish Dragon,wish dragon,"Adventure,Animation,Comedy",68%,79%
The Good Liar,the good liar,"Crime,Drama,Mystery",64%,85%
"I, Tonya","i, tonya","Biography,Comedy,Drama",90%,88%
The Hate U Give,the hate u give,"Crime,Drama",97%,81%
The Domestics,the domestics,"Action,Horror,Sci-Fi",100%,49%
"Juliet, Naked","juliet, naked","Comedy,Drama,Music",82%,74%
Mid90s,mid90s,"Comedy,Drama",81%,81%
2 Hearts,2 hearts,"Drama,Romance",17%,87%
Peter Pan & Wendy,peter pan & wendy,"Adventure,Family,Fantasy",65%,11%
The Florida Project,the florida project,Drama,96%,81%
Daddy's Home 2,daddy's home 2,Comedy,21%,51%
Brawl in Cell Block 99,brawl in cell block 99,"Crime,Drama,Thriller",90%,74%
Goosebumps 2: Haunted Halloween,goosebumps 2: haunted halloween,"Adventure,Comedy,Fantasy",48%,37%
The Little Hours,the little hours,"Comedy,Romance",78%,50%
Wander,wander,"Drama,Fantasy",33%,31%
Golden Exits,golden exits,Drama,67%,36%
Sorry to Bother You,sorry to bother you,"Comedy,Drama,Fantasy",93%,70%
Slender Man,slender man,"Horror,Mystery,Thriller",8%,16%
Show Dogs,show dogs,"Adventure,Comedy,Crime",16%,27%
Under the Silver Lake,under the silver lake,"Crime,Drama,Mystery",58%,59%
Cats,cats,"Comedy,Drama,Family",,
Three Christs,three christs,Drama,43%,67%
A-X-L,a-x-l,"Action,Adventure,Drama",25%,58%
I Don't Feel at Home in This World Anymore,i don't feel at home in this world anymore,"Comedy,Crime,Drama",89%,77%
Film Stars Don't Die in Liverpool,film stars don't die in liverpool,"Biography,Drama,Romance",81%,67%
Cold Pursuit,cold pursuit,"Action,Comedy,Crime",68%,49%
Just Getting Started,just getting started,"Comedy,Crime",4%,12%
Insidious: The Last Key,insidious: the last key,"Horror,Mystery,Thriller",33%,49%
Call Me by Your Name,call me by your name,"Drama,Romance",94%,86%
Uncut Gems,uncut gems,"Crime,Drama,Thriller",91%,52%
The Possession of Hannah Grace,the possession of hannah grace,"Horror,Mystery,Thriller",21%,28%
Future World,future world,"Action,Adventure,Sci-Fi",0%,12%
You Were Never Really Here,you were never really here,"Crime,Drama,Thriller",89%,64%
Copshop,copshop,"Action,Thriller",82%,74%
Angels Fallen,angels fallen,"Horror,Sci-Fi",,40%
Spontaneous,spontaneous,"Comedy,Drama,Horror",96%,68%
Phantom Thread,phantom thread,"Drama,Romance",91%,70%
Seaside,seaside,"Crime,Drama,Mystery",75%,12%
I Am Not Your Negro,i am not your negro,"Documentary,History",99%,83%
Brigsby Bear,brigsby bear,"Comedy,Drama",83%,87%
Spies in Disguise,spies in disguise,"Action,Adventure,Animation",77%,92%
The Inventor,the inventor,"Adventure,Animation,Comedy",75%,59%
Wonder Wheel,wonder wheel,"Drama,Romance",31%,43%
A Hidden Life,a hidden life,"Biography,Drama,Romance",,
Hotel Artemis,hotel artemis,"Action,Crime,Drama",57%,35%
Chemical Hearts,chemical hearts,"Drama,Romance",60%,67%
Ralph Breaks the Internet,ralph breaks the internet,"Adventure,Animation,Comedy",88%,64%
The Laundromat,the laundromat,"Comedy,Crime,Drama",41%,40%
Of Mice and Men,national theatre live: of mice and men,Drama,,85%
Malum,malum,Thriller,81%,49%
Last Christmas,last christmas,Comedy,,
Bodied,bodied,"Comedy,Drama,Music",89%,85%
Brad's Status,brad's status,"Comedy,Drama,Music",79%,55%
Plane,plane,"Action,Adventure,Thriller",78%,94%
The Last Descent,the last descent,Drama,,72%
Think Like a Dog,think like a dog,"Comedy,Drama,Family",70%,52%
Beatriz at Dinner,beatriz at dinner,"Comedy,Drama",76%,53%
Vanquish,vanquish,"Action,Adventure,Crime",5%,56%
The Professor and the Madman,the professor and the madman,"Biography,Drama,History",39%,79%
Jesus,jesús,Drama,79%,60%
Knives Out,knives out,Drama,97%,92%
Ingrid Goes West,ingrid goes west,"Comedy,Drama",85%,71%
Captive State,captive state,"Action,Horror,Sci-Fi",42%,39%
"Roman J. Israel, Esq.","roman j. israel, esq.","Crime,Drama,Thriller",55%,57%
Diary of a Wimpy Kid: The Long Haul,diary of a wimpy kid: the long haul,"Adventure,Comedy,Family",19%,30%
Bornless Ones,bornless ones,Horror,,14%
Last Flag Flying,last flag flying,"Comedy,Drama,War",76%,72%
The Children Act,the children act,Drama,74%,63%
Back on the Strip,back on the strip,Comedy,25%,70%
Greyhound,greyhound,"Drama,History,War",78%,76%
First Reformed,first reformed,"Drama,Mystery,Thriller",94%,69%
The Paper Tigers,the paper tigers,"Action,Comedy",98%,93%
Monos,monos,"Adventure,Drama,Thriller",93%,85%
Light of My Life,light of my life,"Drama,Sci-Fi,Thriller",82%,72%
Friend of the World,friend of the world,"Comedy,Horror,Sci-Fi",91%,95%
The Angry Birds Movie 2,the angry birds movie 2,"Action,Adventure,Animation",72%,84%
Becoming Bond,becoming bond,"Biography,Comedy,Documentary",78%,84%
The Case for Christ,the case for christ,"Biography,Drama",61%,78%
The Case for Christ,the case for christ,"Biography,Drama",,80%
Antlers,antlers,"Comedy,Drama,Fantasy",59%,67%
The First Purge,the first purge,"Action,Horror,Sci-Fi",56%,27%
Bullitt County,bullitt county,"Action,Drama,Thriller",50%,75%
The Aeronauts,the aeronauts,"Action,Adventure,Drama",72%,95%
Waiting for the Barbarians,waiting for the barbarians,"Drama,History",,
Who's Watching Oliver,who's watching oliver,"Drama,Horror",80%,65%
Wonka,wonka,"Adventure,Comedy,Family",82%,91%
Served Like a Girl,served like a girl,Documentary,100%,81%
Smallfoot,smallfoot,"Adventure,Animation,Comedy",76%,62%
Angel Has Fallen,angel has fallen,"Action,Thriller",38%,93%
Wonderwell,wonderwell,"Drama,Family,Fantasy",38%,74%
Assassination Nation,assassination nation,"Action,Comedy,Crime",74%,55%
American Animals,american animals,"Biography,Crime,Drama",88%,82%
Mr. Roosevelt,mr. roosevelt,Comedy,100%,58%
Gasoline,gasoline,Action,40%,21%
Boo 2! A Madea Halloween,tyler perry's boo 2! a madea halloween,"Comedy,Drama,Horror",5%,41%
Annette,annette,"Drama,Music,Musical",71%,76%
Don't Breathe 2,don't breathe 2,"Action,Crime,Horror",43%,85%
The Miseducation of Cameron Post,the miseducation of cameron post,"Comedy,Drama",87%,77%
Day for Night,day for night,Thriller,98%,91%
Free Guy,free guy,"Action,Adventure,Comedy",80%,94%
A Ghost Story,a ghost story,"Drama,Fantasy,Mystery",91%,67%
Butter,butter's final meal,"Comedy,Drama,Romance",43%,
The Class,the class,Drama,95%,82%
"Don't Worry, He Won't Get Far on Foot","don't worry, he won't get far on foot","Biography,Comedy,Drama",77%,76%
Patti Cake$,patti cake$,"Drama,Music",86%,78%
I Am Mother,i am mother,"Drama,Mystery,Sci-Fi",89%,75%
Beach Rats,beach rats,Drama,84%,57%
Penguin Bloom,penguin bloom,"Biography,Drama,Family",67%,82%
Space Oddity,space oddity,"Comedy,Romance,Sci-Fi",56%,60%
An Inconvenient Sequel: Truth to Power,an inconvenient sequel: truth to power,Documentary,80%,50%
Menashe,menashe,Drama,95%,65%
The Suicide Squad,the suicide squad,"Action,Adventure,Comedy",90%,82%
Creed II,creed ii,"Action,Drama,Sport",83%,80%
A Quiet Place,a quiet place,Documentary,96%,83%
A Bad Moms Christmas,a bad moms christmas,Comedy,32%,43%
Prisoners of the Ghostland,prisoners of the ghostland,"Fantasy,Horror,Thriller",61%,51%
"Debunkers, Inc.","debunkers, inc.","Adventure,Family,Mystery",,
Under the Stadium Lights,under the stadium lights,"Action,Drama,Sport",11%,47%
Downton Abbey,downton abbey,"Drama,Romance",84%,94%
The Ballad of Buster Scruggs,the ballad of buster scruggs,"Comedy,Drama,Musical",89%,78%
Fast Color,fast color,"Drama,Sci-Fi,Thriller",82%,58%
Proud Mary,proud mary,"Action,Crime,Drama",25%,45%
The Sun Is Also a Star,the sun is also a star,"Drama,Music,Romance",52%,60%
Wonder Park,wonder park,"Adventure,Animation,Comedy",34%,43%
7500,7500,"Drama,Thriller",71%,61%
The Personal History of David Copperfield,the personal history of david copperfield,"Comedy,Drama",92%,54%
Black Adam,black adam,"Action,Adventure,Fantasy",39%,88%
Terminator: Dark Fate,terminator: dark fate,"Action,Adventure,Sci-Fi",70%,82%
I Want You Back,i want you back,"Comedy,Romance",87%,71%
Sing 2,sing 2,"Adventure,Animation,Comedy",72%,98%
Five Feet Apart,five feet apart,"Drama,Romance",53%,79%
Broken Diamonds,broken diamonds,Drama,56%,77%
Dragged Across Concrete,dragged across concrete,"Action,Crime,Drama",76%,67%
Action Point,action point,Comedy,16%,27%
A Separation,a separation,Drama,,
The Beach Bum,the beach bum,"Comedy,Drama",58%,42%
Fighting with My Family,fighting with my family,"Biography,Comedy,Drama",93%,86%
Knights of the Zodiac,knights of the zodiac,"Action,Adventure,Drama",21%,60%
Bad Candy,bad candy,"Horror,Thriller",50%,28%
Trolls World Tour,trolls world tour,"Adventure,Animation,Comedy",72%,58%
Senior Moment,senior moment,"Comedy,Drama,Romance",21%,76%
Rust Creek,rust creek,"Action,Crime,Drama",84%,60%
Changeland,changeland,"Comedy,Drama",50%,63%
Happily,happily,Comedy,69%,25%
Bad Times at the El Royale,bad times at the el royale,"Crime,Drama,Mystery",75%,75%
God's Not Dead: A Light in Darkness,god's not dead: a light in darkness,Drama,11%,52%
What They Had,what they had,Drama,87%,83%
The Spy Who Dumped Me,the spy who dumped me,"Action,Adventure,Comedy",49%,58%
Dolittle,dolittle,"Adventure,Comedy,Family",15%,76%
She Came to Me,she came to me,"Comedy,Drama,Music",48%,74%
Everything Everywhere All at Once,everything everywhere all at once,"Action,Adventure,Comedy",93%,77%
The Super Mario Bros. Movie,the super mario bros. movie,"Adventure,Animation,Comedy",59%,95%
Tenet,tenet,"Action,Sci-Fi,Thriller",69%,76%
Lazer Team 2,lazer team 2,"Action,Comedy,Sci-Fi",,61%
America: The Motion Picture,america: the motion picture,"Action,Adventure,Animation",34%,43%
Lost Transmissions,lost transmissions,Drama,54%,39%
Hillbilly Elegy,hillbilly elegy,"Biography,Drama",25%,81%
Escape Plan: The Extractors,escape plan: the extractors,"Action,Crime,Thriller",25%,11%
Wild Grass,wild grass,"Documentary,Family",,
I Feel Pretty,i feel pretty,"Comedy,Romance",35%,35%
Guardians of the Galaxy Vol. 3,guardians of the galaxy vol. 3,"Action,Adventure,Comedy",82%,94%
The 15:17 to Paris,the 15:17 to paris,"Biography,Drama,Thriller",23%,37%
Coming 2 America,coming 2 america,"Comedy,Music",49%,38%
The Vast of Night,the vast of night,"Drama,Mystery,Sci-Fi",92%,66%
Fast & Furious Presents: Hobbs & Shaw,fast & furious presents: hobbs & shaw,"Action,Adventure,Thriller",67%,88%
The Kid Who Would Be King,the kid who would be king,"Action,Adventure,Family",90%,55%
Timmy Failure: Mistakes Were Made,timmy failure: mistakes were made,"Adventure,Comedy,Drama",85%,60%
Wild Mountain Thyme,wild mountain thyme,"Comedy,Drama,Romance",26%,53%
Autumn Sonata,autumn sonata,"Drama,Family,Romance",85%,92%
Elizabeth Harvest,elizabeth harvest,"Horror,Sci-Fi,Thriller",52%,60%
The King's Man,the king's man,"Action,Adventure,Thriller",41%,80%
Palmer,palmer,Drama,72%,88%
News of the World,news of the world,"Action,Adventure,Drama",88%,89%
Guns Akimbo,guns akimbo,"Action,Comedy,Crime",52%,40%
Gloria Bell,gloria bell,"Comedy,Drama,Music",90%,47%
Mamma Mia! Here We Go Again,mamma mia! here we go again,"Comedy,Musical,Romance",79%,66%
Resident Evil: Welcome to Raccoon City,resident evil: welcome to raccoon city,"Action,Horror,Sci-Fi",30%,65%
The Souvenir,the souvenir,"Drama,Romance",90%,36%
Johnny English Strikes Again,johnny english strikes again,"Action,Adventure,Comedy",36%,50%
The Boss Baby: Family Business,the boss baby: family business,"Adventure,Animation,Comedy",46%,89%
Green Book,green book,"Biography,Comedy,Drama",77%,91%
Good Boys,good boys,"Adventure,Comedy",,
The Conformist,the conformist,Drama,98%,90%
Boy Erased,boy erased,"Biography,Drama",80%,74%
Eighth Grade,eighth grade,"Comedy,Drama",99%,82%
Best. Christmas. Ever!,best. christmas. ever!,"Comedy,Romance",38%,19%
A Simple Favor,a simple favor,"Comedy,Crime,Mystery",84%,73%
Velvet Buzzsaw,velvet buzzsaw,"Horror,Mystery,Thriller",61%,36%
The Conjuring: The Devil Made Me Do It,the conjuring: the devil made me do it,"Horror,Mystery,Thriller",55%,83%
Buddy Games,buddy games,Comedy,16%,67%
Venom: Let There Be Carnage,venom: let there be carnage,"Action,Sci-Fi,Thriller",57%,84%
Needle in a Timestack,needle in a timestack,"Drama,Fantasy,Romance",38%,50%
If Beale Street Could Talk,if beale street could talk,"Drama,Romance",95%,68%
Wonder Woman 1984,wonder woman 1984,"Action,Adventure,Fantasy",57%,73%
Dicks: The Musical,dicks: the musical,"Comedy,Musical",67%,66%
The Rhythm Section,the rhythm section,"Action,Drama,Mystery",29%,44%
A Rainy Day in New York,a rainy day in new york,"Comedy,Romance",47%,56%
The Black Phone,the black phone,"Horror,Mystery,Thriller",82%,88%
Onward,onward,"Adventure,Animation,Comedy",88%,95%
The Sonata,the sonata,"Horror,Music,Mystery",48%,65%
Unsane,unsane,"Drama,Horror,Mystery",80%,59%
The Zone of Interest,the zone of interest,"Drama,History,War",93%,78%
She's in Portland,she's in portland,"Comedy,Drama",67%,56%
Superintelligence,superintelligence,"Action,Comedy,Romance",30%,52%
Pad Man,pad man,"Comedy,Drama",74%,89%
Blindspotting,blindspotting,"Comedy,Crime,Drama",94%,87%
The Legend of La Llorona,the legend of la llorona,"Horror,Thriller",7%,28%
47 Meters Down: Uncaged,47 meters down: uncaged,"Adventure,Drama,Horror",44%,68%
Uncle Drew,uncle drew,"Comedy,Drama,Sport",61%,48%
Unbroken: Path to Redemption,unbroken: path to redemption,"Biography,Drama,History",38%,73%
BlacKkKlansman,blackkklansman,"Biography,Comedy,Crime",96%,83%
Inherit the Viper,inherit the viper,"Action,Crime,Mystery",45%,41%
Spy Intervention,spy intervention,"Action,Adventure,Comedy",33%,48%
"Paul, Apostle of Christ","paul, apostle of christ","Adventure,Biography,Drama",48%,83%
The Devil All the Time,the devil all the time,"Crime,Drama,Thriller",65%,79%
Instant Family,instant family,"Comedy,Drama",82%,83%
A Man Called Otto,a man called otto,"Comedy,Drama",70%,97%
Teen Titans GO! To the Movies,teen titans go! to the movies,"Action,Adventure,Animation",91%,71%
The Glorias,the glorias,"Biography,Drama,History",68%,84%
The Last Thing He Wanted,the last thing he wanted,"Crime,Drama,Mystery",5%,14%
Call Jane,call jane,"Drama,History",82%,87%
The Bob's Burgers Movie,the bob's burgers movie,"Adventure,Animation,Comedy",87%,89%
Paradise Highway,paradise highway,"Crime,Drama,Thriller",14%,67%
The Gallows Act II,the gallows act ii,"Horror,Mystery,Thriller",0%,29%
Ron's Gone Wrong,ron's gone wrong,"Adventure,Animation,Comedy",81%,94%
The Hyperions,the hyperions,"Action,Comedy",,82%
Like a Boss,like a boss,Comedy,22%,65%
Ben Is Back,ben is back,Drama,81%,69%
Dora and the Lost City of Gold,dora and the lost city of gold,"Action,Adventure,Comedy",85%,88%
Godspell,godspell,"Comedy,Drama,Musical",63%,71%
Sound of Freedom,sound of freedom,"Biography,Crime,Drama",57%,99%
"Tick, Tick... Boom!","tick, tick... boom!",Musical,87%,96%
Killian & the Comeback Kids,killian & the comeback kids,"Drama,Music",,100%
A Dog's Way Home,a dog's way home,"Adventure,Drama,Family",59%,71%
Boss Level,boss level,"Action,Adventure,Comedy",74%,77%
Come from Away,come from away,"Comedy,Drama,Musical",98%,95%
Landscape with Invisible Hand,landscape with invisible hand,"Comedy,Drama,Sci-Fi",71%,50%
Brittany Runs a Marathon,brittany runs a marathon,"Comedy,Drama",88%,87%
High Note,high note,"Crime,Drama,Musical",,
Won't You Be My Neighbor?,won't you be my neighbor?,"Biography,Documentary,History",97%,94%
Never Goin' Back,never goin' back,"Comedy,Crime,Drama",76%,64%
SuperFly,superfly,"Action,Crime,Thriller",93%,70%
Heist 88,heist 88,"Crime,Drama",33%,44%
Stuber,stuber,"Action,Comedy,Crime",42%,79%
Jingle Jangle: A Christmas Journey,jingle jangle: a christmas journey,"Family,Fantasy,Musical",90%,69%
Breaking News in Yuba County,breaking news in yuba county,"Comedy,Crime,Drama",11%,45%
Greenland,greenland,"Action,Thriller",78%,63%
Brightburn,brightburn,"Drama,Horror,Mystery",57%,67%
The Perfection,the perfection,"Drama,Horror,Thriller",70%,56%
Never Rarely Sometimes Always,never rarely sometimes always,Drama,99%,55%
Photograph,photograph,"Drama,Romance",,
Hereditary,hereditary,"Drama,Horror,Mystery",90%,71%
We Have a Ghost,we have a ghost,"Adventure,Comedy,Family",43%,61%
A Fairy Tale After All,a fairy tale after all,"Adventure,Family,Fantasy",,92%
The Emigrants,the emigrants,Drama,94%,87%
My Best Friend's Exorcism,my best friend's exorcism,"Comedy,Horror,Thriller",49%,35%
Red 11,red 11,"Horror,Mystery,Sci-Fi",67%,67%
Enola Holmes,enola holmes,"Adventure,Crime,Drama",91%,71%
Critical Thinking,critical thinking,Drama,94%,91%
Kama Sutra,kama sutra,Drama,40%,71%
The Devil Has a Name,the devil has a name,"Drama,Thriller",35%,38%
O.G.,o.g.,Drama,89%,66%
Silk Road,silk road,"Crime,Drama,Thriller",52%,39%
I'm Thinking of Ending Things,i'm thinking of ending things,"Drama,Thriller",82%,50%
Her Smell,her smell,"Drama,Music",84%,44%
Body at Brighton Rock,body at brighton rock,"Comedy,Drama,Fantasy",64%,17%
Jumanji: The Next Level,jumanji: the next level,"Action,Adventure,Comedy",72%,87%
The Haunting of Sharon Tate,the haunting of sharon tate,"Drama,Horror,Thriller",18%,28%
The Night Clerk,the night clerk,"Crime,Drama,Mystery",,49%
Operation Fortune: Ruse de Guerre,operation fortune: ruse de guerre,"Action,Comedy,Thriller",51%,82%
Finestkind,finestkind,"Crime,Drama,Thriller",29%,62%
Red Notice,red notice,"Action,Comedy,Thriller",36%,92%
The Marsh King's Daughter,the marsh king's daughter,"Crime,Drama,Mystery",43%,73%
Come Play,come play,"Drama,Horror,Mystery",56%,67%
Words on Bathroom Walls,words on bathroom walls,"Drama,Romance",89%,94%
We Summon the Darkness,we summon the darkness,"Drama,Horror,Music",67%,34%
Someone Great,someone great,"Comedy,Romance",83%,65%
Penguins,penguins,"Documentary,Family",92%,80%
The Woman King,the woman king,"Action,Drama,History",94%,99%
Turning Red,turning red,"Adventure,Animation,Comedy",95%,67%
Flamin' Hot,flamin' hot,"Biography,Drama,History",68%,87%
6 Underground,6 underground,"Action,Thriller",36%,60%
Pvt Chat,pvt chat,Drama,67%,45%
The Many Saints of Newark,the many saints of newark,"Crime,Drama",71%,59%
Bros,bros,Action,89%,90%
Bodies Bodies Bodies,bodies bodies bodies,"Comedy,Horror,Mystery",86%,69%
Running the Bases,running the bases,"Drama,Family,Sport",,97%
Willy's Wonderland,willy's wonderland,"Action,Comedy,Horror",61%,67%
High Flying Bird,high flying bird,"Drama,Sport",91%,50%
Kajillionaire,kajillionaire,"Comedy,Crime,Drama",90%,47%
There's Someone Inside Your House,there's someone inside your house,"Horror,Mystery,Thriller",47%,17%
Honey Boy,honey boy,Drama,95%,92%
Funny Pages,funny pages,Comedy,82%,49%
Body Cam,body cam,"Horror,Mystery,Thriller",43%,33%
Overcomer,overcomer,"Drama,Family,Sport",56%,98%
You Should Have Left,you should have left,"Horror,Mystery,Thriller",40%,26%
Bad Education,bad education,"Biography,Comedy,Crime",88%,86%
Good on Paper,good on paper,"Comedy,Romance",50%,37%
Blinded by the Light,blinded by the light,"Comedy,Drama,Music",89%,91%
Cannonball,cannonball,Music,0%,35%
Jerry and Marge Go Large,jerry & marge go large,"Biography,Comedy,Drama",67%,78%
A Quiet Place Part II,a quiet place part ii,"Drama,Horror,Sci-Fi",91%,92%
Chicken Run: Dawn of the Nugget,chicken run: dawn of the nugget,"Adventure,Animation,Comedy",81%,71%
Queen Bees,queen bees,"Comedy,Drama,Romance",53%,89%
The Burnt Orange Heresy,the burnt orange heresy,"Drama,Mystery,Thriller",66%,81%
Annabelle Comes Home,annabelle comes home,"Horror,Mystery,Thriller",64%,70%
The 355,the 355,"Action,Thriller",24%,86%
The Gentlemen,the gentlemen,"Action,Crime",75%,84%
Vivarium,vivarium,"Horror,Mystery,Sci-Fi",72%,39%
Gunpowder Milkshake,gunpowder milkshake,"Action,Crime,Thriller",60%,48%
Peter Rabbit 2: The Runaway,peter rabbit 2: the runaway,"Adventure,Animation,Comedy",67%,89%
Mighty Oak,mighty oak,"Comedy,Drama,Musical",52%,78%
A Dog's Journey,a dog's journey,"Adventure,Comedy,Drama",52%,91%
Darlin',darlin',"Horror,Thriller",68%,45%
The Perfect Find,the perfect find,"Comedy,Drama,Romance",70%,79%
Killers Anonymous,killers anonymous,"Action,Crime,Mystery",0%,17%
The Two Popes,the two popes,"Biography,Comedy,Drama",89%,88%
The Murder of Nicole Brown Simpson,the murder of nicole brown simpson,"Crime,Horror,Mystery",0%,5%
Cured,cured,Horror,89%,
Sitting in Bars with Cake,sitting in bars with cake,"Comedy,Drama,Romance",75%,84%
The Tax Collector,the tax collector,"Action,Crime,Drama",18%,72%
12 Mighty Orphans,12 mighty orphans,"History,Sport",63%,94%
His House,his house,"Drama,Horror,Thriller",100%,73%
The United States vs. Billie Holiday,the united states vs. billie holiday,"Biography,Drama,Music",55%,79%
Yes Day,yes day,"Comedy,Family",52%,57%
Happiest Season,happiest season,"Comedy,Romance",82%,72%
Dolemite Is My Name,dolemite is my name,"Biography,Comedy,Drama",97%,91%
Eurovision Song Contest: The Story of Fire Saga,eurovision song contest: the story of fire saga,"Comedy,Music",64%,77%
Teenage Mutant Ninja Turtles: Mutant Mayhem,teenage mutant ninja turtles: mutant mayhem,"Action,Adventure,Animation",95%,90%
The Old Way,the old way,"Action,Drama,Western",32%,70%
The Sparks Brothers,the sparks brothers,"Biography,Comedy,Documentary",95%,98%
Spenser Confidential,spenser confidential,"Action,Comedy,Crime",36%,51%
Fahrenheit 11/9,fahrenheit 11/9,Documentary,82%,60%
After Yang,after yang,"Drama,Sci-Fi",89%,69%
Buffaloed,buffaloed,"Comedy,Drama",80%,60%
Run Sweetheart Run,run sweetheart run,"Horror,Thriller",62%,46%
Outlaw Johnny Black,outlaw johnny black,"Action,Comedy,Western",65%,92%
21 Bridges,21 bridges,"Action,Adventure,Crime",54%,91%
The Dead Don't Die,the dead don't die,"Comedy,Fantasy,Horror",,40%
Hell House LLC II: The Abaddon Hotel,hell house llc ii: the abaddon hotel,"Horror,Mystery",,32%
I Trapped the Devil,i trapped the devil,"Horror,Mystery,Thriller",73%,43%
Hard Luck Love Song,hard luck love song,"Romance,Thriller",37%,89%
The Hating Game,the hating game,"Comedy,Romance",69%,77%
Queen & Slim,queen & slim,"Crime,Drama,Romance",82%,92%
Really Love,really love,"Drama,Romance",88%,82%
Daniel Isn't Real,daniel isn't real,"Drama,Fantasy,Horror",84%,57%
M3GAN,m3gan,"Horror,Sci-Fi,Thriller",93%,78%
The Tomorrow Man,the tomorrow man,"Drama,Romance",,
The Tomorrow Man,the tomorrow man,"Drama,Romance",,0%
Midsommar,midsommar,"Drama,Horror,Mystery",83%,63%
10 Minutes Gone,10 minutes gone,"Action,Crime,Mystery",0%,16%
The Obituary of Tunde Johnson,the obituary of tunde johnson,Drama,95%,57%
Concrete Cowboy,concrete cowboy,"Drama,Western",80%,70%
Wander Darkly,wander darkly,"Drama,Mystery,Thriller",75%,70%
The Killing of Kenneth Chamberlain,the killing of kenneth chamberlain,"Drama,Thriller",97%,85%
Home.,home.,Drama,,
Centigrade,centigrade,"Drama,Thriller",41%,22%
American Hangman,american hangman,"Crime,Mystery,Thriller",44%,54%
Vampires vs. the Bronx,vampires vs. the bronx,"Comedy,Horror",90%,45%
The Kid Detective,the kid detective,"Comedy,Drama,Mystery",85%,77%
The Rat Pack,the rat pack,Action,57%,58%
Sweet Taste of Souls,sweet taste of souls,"Fantasy,Horror,Thriller",,
Goodnight Mommy,goodnight mommy,"Crime,Drama,Horror",85%,66%
Synchronic,synchronic,"Drama,Horror,Mystery",79%,76%
Eternals,eternals,"Action,Adventure,Fantasy",47%,77%
Queenpins,queenpins,"Comedy,Crime",48%,82%
An American Pickle,an american pickle,"Comedy,Fantasy",72%,44%
The People We Hate at the Wedding,the people we hate at the wedding,Comedy,31%,39%
Relic,relic,"Drama,Horror,Mystery",92%,51%
Measure of Revenge,measure of revenge,Thriller,12%,50%
Gretel & Hansel,gretel & hansel,"Fantasy,Horror,Mystery",62%,23%
Wrinkles the Clown,wrinkles the clown,"Comedy,Horror,Mystery",71%,38%
The Girl Who Believes in Miracles,the girl who believes in miracles,"Drama,Family",40%,93%
The Final Wish,the final wish,Horror,67%,23%
Black Panther: Wakanda Forever,black panther: wakanda forever,"Action,Adventure,Drama",84%,94%
Arkansas,arkansas,"Action,Crime,Mystery",51%,53%
Everybody Dies by the End,everybody dies by the end,"Comedy,Horror,Mystery",80%,
Brahms: The Boy II,brahms: the boy ii,"Drama,Horror,Mystery",11%,44%
"Are You There God? It's Me, Margaret.","are you there god? it's me, margaret.","Comedy,Drama,Family",99%,95%
Three Thousand Years of Longing,three thousand years of longing,"Drama,Fantasy,Romance",71%,73%
Impractical Jokers: The Movie,impractical jokers: the movie,Comedy,35%,76%
Meg 2: The Trench,meg 2: the trench,"Action,Adventure,Horror",27%,73%
Mainstream,mainstream,"Comedy,Drama",36%,41%
First Cow,first cow,"Drama,Western",96%,65%
The Green Knight,the green knight,"Adventure,Drama,Fantasy",89%,50%
Prey for the Devil,prey for the devil,"Horror,Mystery,Thriller",17%,69%
Seven Minutes,seven minutes,Sci-Fi,,
Werewolves Within,werewolves within,"Comedy,Horror,Mystery",86%,80%
My Father's Dragon,my father's dragon,"Adventure,Animation,Comedy",,
The High Note,the high note,"Drama,Music,Romance",71%,73%
Let Him Go,let him go,"Crime,Drama,Thriller",85%,76%
Holiday Twist,holiday twist,"Comedy,Family,Romance",,82%
To All the Boys: P.S. I Still Love You,to all the boys: p.s. i still love you,"Comedy,Drama,Romance",77%,41%
Jexi,jexi,"Comedy,Romance,Sci-Fi",21%,71%
Dear Evan Hansen,dear evan hansen,"Drama,Musical",29%,88%
Blue Beetle,blue beetle,"Action,Adventure,Sci-Fi",77%,91%
Freedom's Path,freedom's path,"Drama,History,War",91%,99%
Skylines,skylines,"Action,Adventure,Sci-Fi",54%,20%
The Roads Not Taken,the roads not taken,Drama,43%,28%
Where the Crawdads Sing,where the crawdads sing,"Drama,Mystery,Romance",35%,96%
Doctor Strange in the Multiverse of Madness,doctor strange in the multiverse of madness,"Action,Adventure,Fantasy",74%,85%
Aristotle and Dante Discover the Secrets of the Universe,aristotle and dante discover the secrets of the universe,Drama,88%,95%
Naked Singularity,naked singularity,"Comedy,Crime,Drama",28%,29%
Black Bear,black bear,"Comedy,Drama",89%,65%
Mission: Impossible - Dead Reckoning Part One,mission: impossible - dead reckoning part one,"Action,Adventure,Thriller",96%,94%
Our Friend,our friend,"Drama,Romance",86%,95%
The Wrong Missy,the wrong missy,"Comedy,Romance",32%,56%
King Richard,king richard,"Biography,Drama,Sport",90%,98%
Promising Young Woman,promising young woman,"Crime,Drama,Mystery",90%,87%
Jiu Jitsu,jiu jitsu,"Action,Sci-Fi,Thriller",27%,63%
Trauma Center,trauma center,"Action,Thriller",20%,55%
Praise This,praise this,"Musical,Romance",50%,85%
The Devil Conspiracy,the devil conspiracy,"Horror,Sci-Fi,Thriller",26%,51%
Aquaman and the Lost Kingdom,aquaman and the lost kingdom,"Action,Adventure,Fantasy",33%,81%
The Half of It,the half of it,"Comedy,Drama",97%,80%
The King of Staten Island,the king of staten island,"Comedy,Drama",76%,83%
Shadow in the Cloud,shadow in the cloud,"Action,Horror,War",77%,32%
The World to Come,the world to come,"Drama,History,Western",74%,63%
I Still Believe,i still believe,Musical,49%,98%
The Menu,the menu,"Comedy,Horror,Thriller",88%,76%
Nomadland,nomadland,Drama,93%,82%
Da 5 Bloods,da 5 bloods,"Adventure,Drama,War",92%,53%
The Tomorrow War,the tomorrow war,"Action,Adventure,Drama",52%,76%
Spiderhead,spiderhead,"Action,Crime,Drama",39%,30%
On the Come Up,on the come up,"Comedy,Drama,Music",75%,73%
The Kissing Booth 2,the kissing booth 2,"Comedy,Romance",29%,39%
Judas and the Black Messiah,judas and the black messiah,"Biography,Drama,History",96%,95%
Sylvie's Love,sylvie's love,"Drama,Music,Romance",93%,76%
Escape Room: Tournament of Champions,escape room: tournament of champions,"Action,Adventure,Horror",51%,75%
Hotel Transylvania 4: Transformania,hotel transylvania: transformania,"Adventure,Animation,Comedy",47%,44%
Holidate,holidate,"Comedy,Romance",45%,54%
They Cloned Tyrone,they cloned tyrone,"Comedy,Mystery,Sci-Fi",95%,100%
I'll find you,i'll find you,Drama,73%,83%
Moonage Daydream,moonage daydream,"Biography,Documentary,History",92%,75%
Dream Horse,dream horse,"Biography,Comedy,Drama",88%,97%
I Care a Lot,i care a lot,"Comedy,Crime,Drama",79%,36%
Coffee & Kareem,coffee & kareem,"Action,Comedy,Crime",21%,30%
