year,category,winner,nominee
1944,Best Performance by an Actress in a Supporting Role in any Motion Picture,True,For Whom The Bell Tolls
1944,Best Performance by an Actor in a Supporting Role in any Motion Picture,True,For Whom The Bell Tolls
1944,Best Director - Motion Picture,True,The Song Of Bernadette
1944,Picture,True,The Song Of Bernadette
1944,Actress In A Leading Role,True,The Song Of Bernadette
1944,Actor In A Leading Role,True,Watch On The Rhine
1945,Best Performance by an Actress in a Supporting Role in any Motion Picture,True,Mrs. Parkington
1945,Best Performance by an Actor in a Supporting Role in any Motion Picture,True,Going My Way
1945,Best Director - Motion Picture,True,Going My Way
1945,Picture,True,Going My Way
1945,Actress In A Leading Role,True,Gaslight
1945,Actor In A Leading Role,True,Wilson
1946,Best Performance by an Actress in a Supporting Role in any Motion Picture,True,The Picture of Dorian Gray
1946,Best Performance by an Actor in a Supporting Role in any Motion Picture,True,A Medal For Benny
1946,Best Director - Motion Picture,True,The Lost Weekend
1946,Promoting International Understanding,True,The House I Live In
1946,Picture,True,The Lost Weekend
1946,Actress In A Leading Role,True,The Bells of St. Mary's
1946,Actor In A Leading Role,True,The Lost Weekend
1947,Best Performance by an Actress in a Supporting Role in any Motion Picture,True,The Razor's Edge
1947,Best Performance by an Actor in a Supporting Role in any Motion Picture,True,The Razor's Edge
1947,Best Director - Motion Picture,True,It's A Wonderful Life
1947,Promoting International Understanding,True,The Last Chance
1947,Special Achievement Award,False,The Best Years Of Our Lives
1947,Picture,True,The Best Years Of Our Lives
1947,Actress In A Leading Role,True,Sister Kenny
1947,Actor In A Leading Role,True,The Yearling
1948,Best Performance by an Actress in a Supporting Role in any Motion Picture,True,Gentleman's Agreement
1948,Best Performance by an Actor in a Supporting Role in any Motion Picture,True,Miracle On 34th Street
1948,Best Director - Motion Picture,True,Gentleman's Agreement
1948,Best Screenplay - Motion Picture,True,Miracle On 34th Street
1948,Best Original Score - Motion Picture,True,Life With Father
1948,Special Achievement Award,False,Bambi
1948,New Star Of The Year - Actress,True,That Hagen Girl
1948,New Star Of The Year - Actor,True,Kiss Of Death
1948,Picture,True,Gentleman's Agreement
1948,Juvenile Performance,True,Gentleman's Agreement
1948,Actress In A Leading Role,True,Mourning Becomes Electra
1948,Actor In A Leading Role,True,A Double Life
1948,Cinematography,True,Black Narcissus
1949,Best Performance by an Actress in a Supporting Role in any Motion Picture,True,I Remember Mama
1949,Best Performance by an Actor in a Supporting Role in any Motion Picture,True,The Treasure of the Sierra Madre
1949,Best Director - Motion Picture,True,The Treasure of the Sierra Madre
1949,Best Screenplay - Motion Picture,True,The Search
1949,Best Original Score - Motion Picture,True,The Red Shoes
1949,Promoting International Understanding,True,The Search
1949,Picture,True,Johnny Belinda
1949,Picture,True,The Treasure of the Sierra Madre
1949,Juvenile Performance,True,The Search
1949,Actress In A Leading Role,True,Johnny Belinda
1949,Actor In A Leading Role,True,Hamlet (1948)
1949,Foreign Film - English Language,True,Hamlet (1948)
1949,Cinematography,True,The Pearl
1950,Best Performance by an Actress in a Supporting Role in any Motion Picture,True,All The King's Men
1950,Best Performance by an Actress in a Supporting Role in any Motion Picture,False,The Heiress
1950,Best Performance by an Actor in a Supporting Role in any Motion Picture,True,Battleground
1950,Best Performance by an Actor in a Supporting Role in any Motion Picture,False,Intruder In The Dust
1950,Best Director - Motion Picture,True,All The King's Men
1950,Best Director - Motion Picture,False,The Heiress
1950,Best Screenplay - Motion Picture,True,Battleground
1950,Best Screenplay - Motion Picture,False,Rope of Sand
1950,Best Motion Picture - Foreign Language,True,"Italy, Vittorio De Sica"
1950,Best Motion Picture - Foreign Language,False,"United Kingdom, Carol Reed"
1950,Best Original Score - Motion Picture,True,The Inspector General
1950,Best Original Score - Motion Picture,False,All The King's Men
1950,Promoting International Understanding,True,The Hasty Heart
1950,Promoting International Understanding,False,Monsieur Vincent
1950,New Star Of The Year - Actress,True,All The King's Men
1950,New Star Of The Year - Actress,False,Champion
1950,New Star Of The Year - Actor,True,The Hasty Heart
1950,New Star Of The Year - Actor,False,Intruder In The Dust
1950,Outstanding Use Of Color,True,The Adventures of Ichabod and Mr. Toad
1950,Outstanding Use Of Color,False,On The Town
1950,Picture,True,All The King's Men
1950,Picture,False,Come To The Stable
1950,Actress In A Leading Role,True,The Heiress
1950,Actress In A Leading Role,False,"Edward, My Son"
1950,Actor In A Leading Role,True,All The King's Men
1950,Actor In A Leading Role,False,The Hasty Heart
1950,Cinematography,True,Champion
1950,Cinematography,False,All The King's Men
1951,Best Performance by an Actress in a Motion Picture - Drama,True,Sunset Boulevard
1951,Best Performance by an Actress in a Motion Picture - Drama,False,All About Eve
1951,Best Performance by an Actress in a Motion Picture - Drama,False,Born Yesterday
1951,Best Performance by an Actor in a Motion Picture - Drama,True,Cyrano de Bergerac (1950)
1951,Best Performance by an Actor in a Motion Picture - Drama,False,The Magnificent Yankee
1951,Best Performance by an Actor in a Motion Picture - Drama,False,Harvey
1951,Best Performance by an Actor in a Motion Picture - Musical or Comedy,True,Three Little Words
1951,Best Performance by an Actor in a Motion Picture - Musical or Comedy,False,When Willie Comes Marching Home
1951,Best Performance by an Actor in a Motion Picture - Musical or Comedy,False,The Sin Of Harold Diddlebock
1951,Best Performance by an Actress in a Supporting Role in any Motion Picture,True,Harvey
1951,Best Performance by an Actress in a Supporting Role in any Motion Picture,False,Adam's Rib
1951,Best Performance by an Actress in a Supporting Role in any Motion Picture,False,All About Eve
1951,Best Performance by an Actor in a Supporting Role in any Motion Picture,True,Mister 880
1951,Best Performance by an Actor in a Supporting Role in any Motion Picture,False,Sunset Boulevard
1951,Best Performance by an Actor in a Supporting Role in any Motion Picture,False,All About Eve
1951,Best Director - Motion Picture,True,Sunset Boulevard
1951,Best Director - Motion Picture,False,Born Yesterday
1951,Best Director - Motion Picture,False,The Asphalt Jungle
1951,Best Director - Motion Picture,False,All About Eve
1951,Best Screenplay - Motion Picture,True,All About Eve
1951,Best Screenplay - Motion Picture,False,Sunset Boulevard
1951,Best Screenplay - Motion Picture,False,The Asphalt Jungle
1951,Best Original Score - Motion Picture,True,Sunset Boulevard
1951,Best Original Score - Motion Picture,False,Destination Moon
1951,Best Original Score - Motion Picture,False,A Life Of Her Own
1951,Promoting International Understanding,True,Broken Arrow
1951,Promoting International Understanding,False,The Big Lift
1951,Promoting International Understanding,False,The Next Voice You Hear...
1951,New Star Of The Year,True,Tea For Two
1951,New Star Of The Year,False,Cyrano de Bergerac (1950)
1951,New Star Of The Year,False,Three Little Words
1951,Picture,True,Sunset Boulevard
1951,Picture,False,Born Yesterday
1951,Picture,False,Cyrano de Bergerac (1950)
1951,Actress In A Leading Role - Musical Or Comedy,True,Born Yesterday
1951,Actress In A Leading Role - Musical Or Comedy,False,Louisa
1951,Actress In A Leading Role - Musical Or Comedy,False,Annie Get Your Gun
1951,Henrietta Award (World Film Favorites),True,Gregory Peck
1951,Henrietta Award (World Film Favorites),True,Jane Wyman
1951,Cinematography - Color,True,King Solomon's Mines
1951,Cinematography - Color,False,Broken Arrow
1951,Cinematography - Color,False,Samson and Delilah
1951,Cinematography - Black And White,True,Cyrano de Bergerac (1950)
1951,Cinematography - Black And White,False,The Asphalt Jungle
1951,Cinematography - Black And White,False,Sunset Boulevard
1952,Best Motion Picture - Drama,True,A Place In The Sun
1952,Best Motion Picture - Drama,False,Quo Vadis?
1952,Best Motion Picture - Drama,False,A Streetcar Named Desire (1951)
1952,Best Motion Picture - Drama,False,Bright Victory
1952,Best Motion Picture - Drama,False,Detective Story
1952,Best Motion Picture - Musical or Comedy,True,An American In Paris
1952,Best Performance by an Actress in a Motion Picture - Drama,True,The Blue Veil
1952,Best Performance by an Actress in a Motion Picture - Drama,False,A Streetcar Named Desire (1951)
1952,Best Performance by an Actress in a Motion Picture - Drama,False,A Place In The Sun
1952,Best Performance by an Actor in a Motion Picture - Drama,True,Death of a Salesman (1951)
1952,Best Performance by an Actor in a Motion Picture - Drama,False,Detective Story
1952,Best Performance by an Actor in a Motion Picture - Drama,False,Bright Victory
1952,Best Performance by an Actor in a Motion Picture - Musical or Comedy,True,On The Riviera
1952,Best Performance by an Actor in a Motion Picture - Musical or Comedy,False,Here Comes The Groom
1952,Best Performance by an Actor in a Motion Picture - Musical or Comedy,False,An American In Paris
1952,Best Performance by an Actress in a Supporting Role in any Motion Picture,True,A Streetcar Named Desire (1951)
1952,Best Performance by an Actress in a Supporting Role in any Motion Picture,False,Detective Story
1952,Best Performance by an Actress in a Supporting Role in any Motion Picture,False,"Mating Season, The"
1952,Best Performance by an Actor in a Supporting Role in any Motion Picture,True,Quo Vadis?
1952,Best Director - Motion Picture,True,Death of a Salesman (1951)
1952,Best Director - Motion Picture,False,An American In Paris
1952,Best Director - Motion Picture,False,A Place In The Sun
1952,Best Screenplay - Motion Picture,True,Bright Victory
1952,Best Original Score - Motion Picture,True,September Affair
1952,Best Original Score - Motion Picture,False,The Day The Earth Stood Still
1952,Best Original Score - Motion Picture,False,The Well
1952,Promoting International Understanding,True,The Day The Earth Stood Still
1952,Special Achievement Award,False,Pictura 
1952,New Star Of The Year - Actress,True,Teresa
1952,New Star Of The Year - Actor,True,Death of a Salesman (1951)
1952,Actress In A Leading Role - Musical Or Comedy,True,Too Young To Kiss
1952,Henrietta Award (World Film Favorite),True,Esther Williams
1952,Henrietta Award (World Film Favorite),True,Alan Ladd
1952,Cinematography - Color,True,Quo Vadis?
1952,Cinematography - Black And White,True,Death of a Salesman (1951)
1952,Cinematography - Black And White,False,Decision Before Dawn
1952,Cinematography - Black And White,False,A Place In The Sun
1953,Best Motion Picture - Drama,True,The Greatest Show On Earth
1953,Best Motion Picture - Drama,False,"Come Back, Little Sheba"
1953,Best Motion Picture - Drama,False,The Happy Time
1953,Best Motion Picture - Drama,False,High Noon
1953,Best Motion Picture - Drama,False,The Thief
1953,Best Motion Picture - Musical or Comedy,True,With a Song in My Heart
1953,Best Motion Picture - Musical or Comedy,False,Hans Christian Andersen
1953,Best Motion Picture - Musical or Comedy,False,I'll See You in My Dreams
1953,Best Motion Picture - Musical or Comedy,False,Singin' in the Rain
1953,Best Motion Picture - Musical or Comedy,False,Star and Stripes Forever
1953,Best Performance by an Actress in a Motion Picture - Drama,True,"Come Back, Little Sheba"
1953,Best Performance by an Actress in a Motion Picture - Drama,False,Sudden Fear
1953,Best Performance by an Actress in a Motion Picture - Drama,False,My Cousin Rachel
1953,Best Performance by an Actor in a Motion Picture - Drama,True,High Noon
1953,Best Performance by an Actor in a Motion Picture - Drama,False,The Happy Time
1953,Best Performance by an Actor in a Motion Picture - Drama,False,The Thief
1953,Best Performance by an Actor in a Motion Picture - Musical or Comedy,True,Singin' in the Rain
1953,Best Performance by an Actor in a Motion Picture - Musical or Comedy,False,Hans Christian Andersen
1953,Best Performance by an Actor in a Motion Picture - Musical or Comedy,False,Stars and Stripes Forever
1953,Best Performance by an Actress in a Supporting Role in any Motion Picture,True,High Noon
1953,Best Performance by an Actress in a Supporting Role in any Motion Picture,False,Viva Zapata!
1953,Best Performance by an Actress in a Supporting Role in any Motion Picture,False,"Bad and The Beautiful, The"
1953,Best Performance by an Actor in a Supporting Role in any Motion Picture,True,My Six Convicts
1953,Best Performance by an Actor in a Supporting Role in any Motion Picture,False,The Happy Time
1953,Best Performance by an Actor in a Supporting Role in any Motion Picture,False,"Bad and The Beautiful, The"
1953,Best Director - Motion Picture,True,The Greatest Show On Earth
1953,Best Director - Motion Picture,False,The Happy Time
1953,Best Director - Motion Picture,False,The Quiet Man
1953,Best Screenplay - Motion Picture,True,5 Fingers
1953,Best Screenplay - Motion Picture,False,The Thief
1953,Best Screenplay - Motion Picture,False,High Noon
1953,Best Original Score - Motion Picture,True,High Noon
1953,Best Original Score - Motion Picture,False,Ivanhoe
1953,Best Original Score - Motion Picture,False,The Quiet Man
1953,Cecil B. deMille Award,False,Walt Disney
1953,Cecil B. deMille Award,False,Stanley Kramer
1953,Cecil B. deMille Award,False,Adolph Zukor
1953,Promoting International Understanding,True,Anything Can Happen
1953,Promoting International Understanding,False,Assignment: Paris
1953,Promoting International Understanding,False,Ivanhoe
1953,Special Achievement Award,False,Navajo
1953,New Star Of The Year - Actress,True,Moulin Rouge
1953,New Star Of The Year - Actress,False,The Thief
1953,New Star Of The Year - Actress,False,High Noon
1953,New Star Of The Year - Actor,True,My Cousin Rachel
1953,New Star Of The Year - Actor,False,Pat and Mike
1953,New Star Of The Year - Actor,False,Stars and Stripes Forever
1953,Juvenile Performance,True,"Member of the Wedding, The"
1953,Juvenile Performance,False,Navajo
1953,Juvenile Performance,False,My Pal Gus
1953,Actress In A Leading Role - Musical Or Comedy,True,With a Song in My Heart
1953,Actress In A Leading Role - Musical Or Comedy,False,Pat and Mike
1953,Actress In A Leading Role - Musical Or Comedy,False,Monkey Business
1953,Henrietta Award (World Film Favorites),True,Susan Hayward
1953,Henrietta Award (World Film Favorites),True,John Wayne
1953,Cinematography - Color,True,The Greatest Show On Earth
1953,Cinematography - Black And White,True,High Noon
1953,Cinematography - Black And White,False,"Four Poster, The"
1953,Cinematography - Black And White,False,The Thief
1954,Best Motion Picture - Drama,True,"Robe, The"
1954,Best Performance by an Actress in a Motion Picture - Drama,True,Roman Holiday
1954,Best Performance by an Actor in a Motion Picture - Drama,True,"Actress, The"
1954,Best Performance by an Actor in a Motion Picture - Musical or Comedy,True,The Moon Is Blue
1954,Best Performance by an Actress in a Supporting Role in any Motion Picture,True,Mogambo
1954,Best Performance by an Actor in a Supporting Role in any Motion Picture,True,From Here to Eternity
1954,Best Director - Motion Picture,True,From Here to Eternity
1954,Best Screenplay - Motion Picture,True,Lili
1954,Cecil B. deMille Award,False,Darryl F. Zanuck
1954,Promoting International Understanding,True,Little Boy Lost
1954,Special Achievement Award,False,"Living Desert, The"
1954,New Star Of The Year - Actress,True,Forever Female
1954,New Star Of The Year - Actress,True,Money From Home
1954,New Star Of The Year - Actress,True,"Egyptian, The"
1954,New Star Of The Year - Actress,True,Hell and High Water
1954,New Star Of The Year - Actress,True,It Came From Outer Space
1954,New Star Of The Year - Actress,False,Hell and High Water
1954,New Star Of The Year - Actress,False,Money From Home
1954,New Star Of The Year - Actor,True,"Glory Brigade, The"
1954,New Star Of The Year - Actor,True,"Kid From Left Field, The"
1954,New Star Of The Year - Actor,True,So Big
1954,New Star Of The Year - Actor,True,"Man From The Alamo, The"
1954,New Star Of The Year - Actor,False,"Kid From Left Field, The"
1954,Actress In A Leading Role - Musical Or Comedy,True,Call Me Madam
1954,Henrietta Award (World Film Favorites),True,Alan Ladd
1954,Henrietta Award (World Film Favorites),True,Marilyn Monroe
1954,Henrietta Award (World Film Favorites),True,Robert Taylor
1954,Documentary,True,"Queen Is Crowned, A"
1955,Best Motion Picture - Drama,True,On the Waterfront
1955,Best Motion Picture - Musical or Comedy,True,Carmen Jones
1955,Best Performance by an Actress in a Motion Picture - Drama,True,"Country Girl, The"
1955,Best Performance by an Actor in a Motion Picture - Drama,True,On the Waterfront
1955,Best Performance by an Actor in a Motion Picture - Musical or Comedy,True,"Star is Born, A (1954)"
1955,Best Performance by an Actress in a Supporting Role in any Motion Picture,True,"High and The Mighty, The"
1955,Best Performance by an Actor in a Supporting Role in any Motion Picture,True,"Barefoot Contessa, The"
1955,Best Director - Motion Picture,True,On the Waterfront
1955,Best Screenplay - Motion Picture,True,Sabrina
1955,Best Motion Picture - Foreign Language,True,"United Kingdom, Henry Cornelius"
1955,Best Motion Picture - Foreign Language,True,"Argentina, Ernesto Arancibia"
1955,Best Motion Picture - Foreign Language,True,"West Germany, Victor Vicas"
1955,Best Motion Picture - Foreign Language,True,"Japan, Keisuke Kinoshita"
1955,Cecil B. deMille Award,False,Jean Hersholt
1955,Promoting International Understanding,True,Broken Lance
1955,New Star Of The Year - Actress,True,"Trouble With Harry, The"
1955,New Star Of The Year - Actress,True,Phffft!
1955,New Star Of The Year - Actress,True,"High and The Mighty, The"
1955,New Star Of The Year - Actor,True,Carmen Jones
1955,New Star Of The Year - Actor,True,Four Guns to the Border
1955,New Star Of The Year - Actor,True,Seven Brides for Seven Brothers
1955,Actress In A Leading Role - Musical Or Comedy,True,"Star is Born, A (1954)"
1955,Henrietta Award (World Film Favorites),True,Audrey Hepburn
1955,Henrietta Award (World Film Favorites),True,Gregory Peck
1955,Henrietta Award (World Film Favorites),False,June Allyson
1955,Henrietta Award (World Film Favorites),False,Pier Angeli
1955,Henrietta Award (World Film Favorites),False,Marlon Brando
1955,Henrietta Award (World Film Favorites),False,Doris Day
1955,Henrietta Award (World Film Favorites),False,Alan Ladd
1955,Cinematography - Color,True,Brigadoon
1955,Cinematography - Black And White,True,On the Waterfront
1956,Best Motion Picture - Drama,True,East of Eden
1956,Best Motion Picture - Musical or Comedy,True,Guys and Dolls
1956,Best Performance by an Actress in a Motion Picture - Drama,True,"Rose Tattoo, The"
1956,Best Performance by an Actor in a Motion Picture - Drama,True,Marty
1956,Best Performance by an Actor in a Motion Picture - Musical or Comedy,True,"Seven Year Itch, The"
1956,Best Performance by an Actress in a Supporting Role in any Motion Picture,True,"Rose Tattoo, The"
1956,Best Performance by an Actor in a Supporting Role in any Motion Picture,True,Trial
1956,Best Director - Motion Picture,True,Picnic
1956,Best Motion Picture - Foreign Language,True,United Kingdom
1956,Best Motion Picture - Foreign Language,True,"Japan, Yoshirô Kawazu"
1956,Best Motion Picture - Foreign Language,True,"West Germany, Laslo Benedek"
1956,Best Motion Picture - Foreign Language,True,"Greece, Michael Cacoyannis"
1956,Best Motion Picture - Foreign Language,True,"Denmark, Carl Theodor Dreyer"
1956,Cecil B. deMille Award,False,Jack L. Warner
1956,Promoting International Understanding,True,Love Is A Many-Splendored Thing
1956,Television Achievement,True,"American Comedy, The"
1956,Television Achievement,True,Walt Disney's Wonderful World of Color (Davy Crockett)
1956,Special Achievement Award,False,East of Eden
1956,New Star Of The Year - Actress,True,Blood Alley
1956,New Star Of The Year - Actress,True,"Eddy Duchin Story, The"
1956,New Star Of The Year - Actress,True,"View From Pompey's Head, The"
1956,New Star Of The Year - Actor,True,I'll Cry Tomorrow
1956,New Star Of The Year - Actor,True,Hit The Deck
1956,Actress In A Leading Role - Musical Or Comedy,True,Guys and Dolls
1956,Henrietta Award (World Film Favorites),True,Marlon Brando
1956,Henrietta Award (World Film Favorites),True,Grace Kelly
1956,Hollywood Citizenship Award,True,Esther Williams
1957,Best Motion Picture - Drama,True,Around the World in 80 Days
1957,Best Motion Picture - Drama,False,Lust For Life
1957,Best Motion Picture - Drama,False,"Rainmaker, The"
1957,Best Motion Picture - Drama,False,War and Peace
1957,Best Motion Picture - Drama,False,Giant
1957,Best Motion Picture - Musical or Comedy,True,"King and I, The"
1957,Best Motion Picture - Musical or Comedy,False,Bus Stop
1957,Best Motion Picture - Musical or Comedy,False,"Opposite Sex, The"
1957,Best Motion Picture - Musical or Comedy,False,"Solid Gold Cadillac, The"
1957,Best Motion Picture - Musical or Comedy,False,"Teahouse of the August Moon, The"
1957,Best Performance by an Actress in a Motion Picture - Drama,False,Baby Doll
1957,Best Performance by an Actress in a Motion Picture - Drama,False,Anastasia (1956)
1957,Best Performance by an Actress in a Motion Picture - Drama,False,Anastasia (1956)
1957,Best Performance by an Actress in a Motion Picture - Drama,False,War and Peace
1957,Best Performance by an Actress in a Motion Picture - Drama,False,"Rainmaker, The"
1957,Best Performance by an Actor in a Motion Picture - Drama,True,Lust For Life
1957,Best Performance by an Actor in a Motion Picture - Drama,False,Friendly Persuasion
1957,Best Performance by an Actor in a Motion Picture - Drama,False,"Ten Commandments, The"
1957,Best Performance by an Actor in a Motion Picture - Drama,False,"Rainmaker, The"
1957,Best Performance by an Actor in a Motion Picture - Drama,False,Baby Doll
1957,Best Performance by an Actor in a Motion Picture - Musical or Comedy,True,Around the World in 80 Days
1957,Best Performance by an Actor in a Motion Picture - Musical or Comedy,False,"Teahouse of the August Moon, The"
1957,Best Performance by an Actor in a Motion Picture - Musical or Comedy,False,"King and I, The"
1957,Best Performance by an Actor in a Motion Picture - Musical or Comedy,False,"Teahouse of the August Moon, The"
1957,Best Performance by an Actor in a Motion Picture - Musical or Comedy,False,"Court Jester, The"
1957,Best Performance by an Actress in a Supporting Role in any Motion Picture,True,"Bad Seed, The"
1957,Best Performance by an Actress in a Supporting Role in any Motion Picture,False,Friendly Persuasion
1957,Best Performance by an Actress in a Supporting Role in any Motion Picture,False,Written on the Wind
1957,Best Performance by an Actress in a Supporting Role in any Motion Picture,False,"Bad Seed, The"
1957,Best Performance by an Actress in a Supporting Role in any Motion Picture,False,Baby Doll
1957,Best Performance by an Actor in a Supporting Role in any Motion Picture,True,"Rainmaker, The"
1957,Best Performance by an Actor in a Supporting Role in any Motion Picture,False,"Teahouse of the August Moon, The"
1957,Best Performance by an Actor in a Supporting Role in any Motion Picture,False,War and Peace
1957,Best Performance by an Actor in a Supporting Role in any Motion Picture,False,Lust For Life
1957,Best Performance by an Actor in a Supporting Role in any Motion Picture,False,Baby Doll
1957,Best Director - Motion Picture,True,Baby Doll
1957,Best Director - Motion Picture,False,Around the World in 80 Days
1957,Best Director - Motion Picture,False,Lust For Life
1957,Best Director - Motion Picture,False,Giant
1957,Best Director - Motion Picture,False,War and Peace
1957,Cecil B. deMille Award,False,Mervyn LeRoy
1957,Promoting International Understanding,True,Battle Hymn
1957,Promoting International Understanding,False,"Brave One, The (1956)"
1957,Promoting International Understanding,False,Friendly Persuasion
1957,Promoting International Understanding,False,"King and I, The"
1957,Promoting International Understanding,False,"Teahouse of the August Moon, The"
1957,Television Achievement,True,Cheyenne
1957,Television Achievement,True,Matinee Theatre
1957,Television Achievement,True,"Mickey Mouse Club, The"
1957,Television Achievement,True,Playhouse 90
1957,Television Achievement,True,This Is Your Life
1957,Special Achievement Award,False,Dimitri Tiomkin
1957,Special Achievement Award,False,Edwin Schallert
1957,Special Achievement Award,False,Elizabeth Taylor
1957,New Star Of The Year - Actress,True,Baby Doll
1957,New Star Of The Year - Actress,True,Giant
1957,New Star Of The Year - Actress,True,"Girl Can't Help It, The"
1957,New Star Of The Year - Actress,True,Rebel Without a Cause
1957,New Star Of The Year - Actress,False,Giant
1957,New Foreign Star Of The Year - Actress,True,Taina Elg
1957,New Foreign Star Of The Year - Actor,True,Jacques Bergerac
1957,New Star Of The Year - Actor,True,Tea and Sympathy
1957,New Star Of The Year - Actor,True,"Silver Chalice, The"
1957,New Star Of The Year - Actor,True,Friendly Persuasion
1957,Actress In A Leading Role - Musical Or Comedy,True,"King and I, The"
1957,Actress In A Leading Role - Musical Or Comedy,False,"Solid Gold Cadillac, The"
1957,Actress In A Leading Role - Musical Or Comedy,False,"Teahouse of the August Moon, The"
1957,Actress In A Leading Role - Musical Or Comedy,False,Bus Stop
1957,Actress In A Leading Role - Musical Or Comedy,False,Bundle of Joy
1957,Foreign Film - Foreign Language,True,Before Sundown
1957,Foreign Film - Foreign Language,True,A Girl In Black
1957,Foreign Film - Foreign Language,True,The Rose On His Arm
1957,Foreign Film - Foreign Language,True,War and Peace
1957,Foreign Film - Foreign Language,True,The White Reindeer
1957,Foreign Film - English Language,True,Richard III  (1955)
1957,Henrietta Award (World Film Favorites),True,James Dean
1957,Henrietta Award (World Film Favorites),True,Kim Novak
1957,Hollywood Citizenship Award,True,Ronald Reagan
1958,Best Motion Picture - Drama,True,"Bridge on the River Kwai, The"
1958,Best Motion Picture - Drama,False,12 Angry Men (1957)
1958,Best Motion Picture - Drama,False,Wild is the Wind
1958,Best Motion Picture - Drama,False,Witness for the Prosecution
1958,Best Motion Picture - Drama,False,Sayonara
1958,Best Motion Picture - Musical or Comedy,True,Les Girls
1958,Best Motion Picture - Musical or Comedy,False,Don't Go Near The Water
1958,Best Motion Picture - Musical or Comedy,False,Love in the Afternoon
1958,Best Motion Picture - Musical or Comedy,False,Pal Joey
1958,Best Motion Picture - Musical or Comedy,False,Silk Stockings
1958,Best Performance by an Actress in a Motion Picture - Drama,True,"Three Faces of Eve, The"
1958,Best Performance by an Actress in a Motion Picture - Drama,False,Witness for the Prosecution
1958,Best Performance by an Actress in a Motion Picture - Drama,False,"Heaven Knows, Mr. Allison"
1958,Best Performance by an Actress in a Motion Picture - Drama,False,Wild is the Wind
1958,Best Performance by an Actress in a Motion Picture - Drama,False,"Hatful of Rain, A"
1958,Best Performance by an Actor in a Motion Picture - Drama,True,"Bridge on the River Kwai, The"
1958,Best Performance by an Actor in a Motion Picture - Drama,False,Sayonara
1958,Best Performance by an Actor in a Motion Picture - Drama,False,12 Angry Men (1957)
1958,Best Performance by an Actor in a Motion Picture - Drama,False,"Hatful of Rain, A"
1958,Best Performance by an Actor in a Motion Picture - Drama,False,Witness for the Prosecution
1958,Best Performance by an Actor in a Motion Picture - Musical or Comedy,True,Pal Joey
1958,Best Performance by an Actor in a Motion Picture - Musical or Comedy,False,Don't Go Near The Water
1958,Best Performance by an Actor in a Motion Picture - Musical or Comedy,False,My Man Godfrey
1958,Best Performance by an Actor in a Motion Picture - Musical or Comedy,False,Will Success Spoil Rock Hunter?
1958,Best Performance by an Actor in a Motion Picture - Musical or Comedy,False,Love in the Afternoon
1958,Best Performance by an Actress in a Supporting Role in any Motion Picture,True,Witness for the Prosecution
1958,Best Performance by an Actress in a Supporting Role in any Motion Picture,False,Peyton Place
1958,Best Performance by an Actress in a Supporting Role in any Motion Picture,False,Peyton Place
1958,Best Performance by an Actress in a Supporting Role in any Motion Picture,False,"Story of Esther Costello, The"
1958,Best Performance by an Actress in a Supporting Role in any Motion Picture,False,Sayonara
1958,Best Performance by an Actor in a Supporting Role in any Motion Picture,True,Sayonara
1958,Best Performance by an Actor in a Supporting Role in any Motion Picture,False,"Bridge on the River Kwai, The"
1958,Best Performance by an Actor in a Supporting Role in any Motion Picture,False,Raintree County
1958,Best Performance by an Actor in a Supporting Role in any Motion Picture,False,"Great Man, The"
1958,Best Performance by an Actor in a Supporting Role in any Motion Picture,False,12 Angry Men (1957)
1958,Best Director - Motion Picture,True,"Bridge on the River Kwai, The"
1958,Best Director - Motion Picture,False,Sayonara
1958,Best Director - Motion Picture,False,12 Angry Men (1957)
1958,Best Director - Motion Picture,False,Witness for the Prosecution
1958,Best Director - Motion Picture,False,"Hatful of Rain, A"
1958,Cecil B. deMille Award,False,Buddy Adler
1958,Promoting International Understanding,True,"Happy Road, The"
1958,Television Achievement,True,Jack Benny
1958,Television Achievement,True,Eddie Fisher
1958,Television Achievement,True,Alfred Hitchcock
1958,Television Achievement,True,Mike Wallace
1958,Special Achievement Award,False,Hugo Friedhofer
1958,Special Achievement Award,False,Zsa Zsa Gabor
1958,Special Achievement Award,False,Bob Hope
1958,Special Achievement Award,False,Le Roy Prinze
1958,Special Achievement Award,False,Jean Simmons
1958,New Star Of The Year - Actress,True,Until They Sail
1958,New Star Of The Year - Actress,True,Carolyn Jones
1958,New Star Of The Year - Actress,True,Peyton Place
1958,New Star Of The Year - Actor,True,Sayonara
1958,New Star Of The Year - Actor,True,This Happy Feeling
1958,New Star Of The Year - Actor,True,The Searchers
1958,Actress In A Leading Role - Musical Or Comedy,True,Les Girls
1958,Actress In A Leading Role - Musical Or Comedy,True,Les Girls
1958,Actress In A Leading Role - Musical Or Comedy,False,Silk Stockings
1958,Actress In A Leading Role - Musical Or Comedy,False,Love in the Afternoon
1958,Actress In A Leading Role - Musical Or Comedy,False,This Could Be the Night
1958,Foreign Film - Foreign Language,True,Confessions Of Felix Krull
1958,Foreign Film - Foreign Language,True,Tizoc
1958,Foreign Film - Foreign Language,True,Kiiroi karasu (Yellow Crow)
1958,Foreign Film - English Language,True,Woman In A Dressing Gown
1958,Henrietta Award (World Film Favorites),True,Tony Curtis
1958,Henrietta Award (World Film Favorites),True,Doris Day
1959,Best Motion Picture - Drama,True,"Defiant Ones, The"
1959,Best Motion Picture - Drama,False,Home Before Dark
1959,Best Motion Picture - Drama,False,I Want To Live!
1959,Best Motion Picture - Drama,False,Separate Tables
1959,Best Motion Picture - Drama,False,Cat on a Hot Tin Roof
1959,Best Performance by an Actress in a Motion Picture - Drama,True,I Want To Live!
1959,Best Performance by an Actress in a Motion Picture - Drama,False,"Inn of the Sixth Happiness, The"
1959,Best Performance by an Actress in a Motion Picture - Drama,False,Separate Tables
1959,Best Performance by an Actress in a Motion Picture - Drama,False,Some Came Running
1959,Best Performance by an Actress in a Motion Picture - Drama,False,Home Before Dark
1959,Best Performance by an Actor in a Motion Picture - Drama,True,Separate Tables
1959,Best Performance by an Actor in a Motion Picture - Drama,False,"Defiant Ones, The"
1959,Best Performance by an Actor in a Motion Picture - Drama,False,"Defiant Ones, The"
1959,Best Performance by an Actor in a Motion Picture - Drama,False,"Inn of the Sixth Happiness, The"
1959,Best Performance by an Actor in a Motion Picture - Drama,False,"Old Man and the Sea, The"
1959,Best Performance by an Actor in a Motion Picture - Musical or Comedy,True,Me and the Colonel
1959,Best Performance by an Actor in a Motion Picture - Musical or Comedy,False,Gigi
1959,Best Performance by an Actor in a Motion Picture - Musical or Comedy,False,Teacher's Pet
1959,Best Performance by an Actor in a Motion Picture - Musical or Comedy,False,Indiscreet
1959,Best Performance by an Actor in a Motion Picture - Musical or Comedy,False,Gigi
1959,Best Performance by an Actress in a Supporting Role in any Motion Picture,True,Gigi
1959,Best Performance by an Actress in a Supporting Role in any Motion Picture,False,Lonelyhearts
1959,Best Performance by an Actress in a Supporting Role in any Motion Picture,False,"Defiant Ones, The"
1959,Best Performance by an Actress in a Supporting Role in any Motion Picture,False,Auntie Mame
1959,Best Performance by an Actress in a Supporting Role in any Motion Picture,False,Separate Tables
1959,Best Performance by an Actor in a Supporting Role in any Motion Picture,True,"Big Country, The"
1959,Best Performance by an Actor in a Supporting Role in any Motion Picture,False,Houseboat
1959,Best Performance by an Actor in a Supporting Role in any Motion Picture,False,"Proud Rebel, The"
1959,Best Performance by an Actor in a Supporting Role in any Motion Picture,False,Teacher's Pet
1959,Best Performance by an Actor in a Supporting Role in any Motion Picture,False,Home Before Dark
1959,Best Director - Motion Picture,True,Gigi
1959,Best Director - Motion Picture,False,Cat on a Hot Tin Roof
1959,Best Director - Motion Picture,False,"Defiant Ones, The"
1959,Best Director - Motion Picture,False,Separate Tables
1959,Best Director - Motion Picture,False,I Want To Live!
1959,Cecil B. deMille Award,False,Maurice Chevalier
1959,Picture - Musical,True,Gigi
1959,Picture - Musical,False,Damn Yankees
1959,Picture - Musical,False,Tom Thumb
1959,Promoting International Understanding,True,"Inn of the Sixth Happiness, The"
1959,Promoting International Understanding,False,"Defiant Ones, The"
1959,Promoting International Understanding,False,Me and the Colonel
1959,Promoting International Understanding,False,"Time to Love and a Time to Die, A"
1959,Promoting International Understanding,False,"Young Lions, The"
1959,Picture - Comedy,True,Auntie Mame
1959,Picture - Comedy,False,The Perfect Furlough
1959,Picture - Comedy,False,"Bell, Book and Candle"
1959,Picture - Comedy,False,Indiscreet
1959,Picture - Comedy,False,Me and the Colonel
1959,Television Achievement,True,Paul Coates
1959,Television Achievement,True,William Orr
1959,Television Achievement,True,Red Skelton
1959,Television Achievement,True,Ann Sothern
1959,Television Achievement,True,Ed Sullivan
1959,Television Achievement,True,Loretta Young
1959,Special Achievement Award,False,Shirley MacLaine
1959,Samuel Goldwyn International Award,True,"Do Ankhen Barah Haath (Two Eyes, Twelve Hands)"
1959,New Star Of The Year - Actress,True,The Perfect Furlough
1959,New Star Of The Year - Actress,True,"Gene Krupa Story, The"
1959,New Star Of The Year - Actress,True,God's Little Acre
1959,New Star Of The Year - Actress,False,Auntie Mame
1959,New Star Of The Year - Actress,False,"Light in the Forest, The"
1959,New Star Of The Year - Actress,False,South Pacific
1959,New Star Of The Year - Actor,True,In Love and War - 1958
1959,New Star Of The Year - Actor,True,"Time to Love and a Time to Die, A"
1959,New Star Of The Year - Actor,True,"Too Much, Too Soon"
1959,New Star Of The Year - Actor,False,"Proud Rebel, The"
1959,New Star Of The Year - Actor,False,Rio Bravo
1959,New Star Of The Year - Actor,False,10 North Frederick
1959,Juvenile Performance,True,"Proud Rebel, The"
1959,Actress In A Leading Role - Musical Or Comedy,True,Auntie Mame
1959,Actress In A Leading Role - Musical Or Comedy,False,Indiscreet
1959,Actress In A Leading Role - Musical Or Comedy,False,Gigi
1959,Actress In A Leading Role - Musical Or Comedy,False,"Tunnel of Love, The"
1959,Actress In A Leading Role - Musical Or Comedy,False,South Pacific
1959,Foreign Film - Foreign Language,True,Rosemary
1959,Foreign Film - Foreign Language,True,The Year Long Road
1959,Foreign Film - Foreign Language,True,L'eau vive (Girl And The River)
1959,Foreign Film - English Language,True,A Night To Remember
1959,Henrietta Award (World Film Favorites),True,Rock Hudson
1959,Henrietta Award (World Film Favorites),True,Deborah Kerr
1960,Best Motion Picture - Drama,True,Ben-Hur
1960,Best Motion Picture - Drama,False,Anatomy of a Murder
1960,Best Motion Picture - Drama,False,"Diary of Anne Frank, The"
1960,Best Motion Picture - Drama,False,"Nun's Story, The"
1960,Best Motion Picture - Drama,False,On The Beach
1960,Best Performance by an Actress in a Motion Picture - Drama,True,"Suddenly, Last Summer"
1960,Best Performance by an Actress in a Motion Picture - Drama,False,"Nun's Story, The"
1960,Best Performance by an Actress in a Motion Picture - Drama,False,Anatomy of a Murder
1960,Best Performance by an Actress in a Motion Picture - Drama,False,Room At The Top
1960,Best Performance by an Actress in a Motion Picture - Drama,False,"Suddenly, Last Summer"
1960,Best Performance by an Actor in a Motion Picture - Drama,True,Career
1960,Best Performance by an Actor in a Motion Picture - Drama,False,"Diary of Anne Frank, The"
1960,Best Performance by an Actor in a Motion Picture - Drama,False,Look Back In Anger
1960,Best Performance by an Actor in a Motion Picture - Drama,False,Ben-Hur
1960,Best Performance by an Actor in a Motion Picture - Drama,False,Middle of the Night
1960,Best Performance by an Actor in a Motion Picture - Musical or Comedy,True,Some Like It Hot
1960,Best Performance by an Actor in a Motion Picture - Musical or Comedy,False,But Not For Me
1960,Best Performance by an Actor in a Motion Picture - Musical or Comedy,False,Operation Petticoat
1960,Best Performance by an Actor in a Motion Picture - Musical or Comedy,False,Who Was That Lady?
1960,Best Performance by an Actor in a Motion Picture - Musical or Comedy,False,Porgy and Bess
1960,Best Performance by an Actress in a Supporting Role in any Motion Picture,True,Imitation of Life
1960,Best Performance by an Actress in a Supporting Role in any Motion Picture,False,"Nun's Story, The"
1960,Best Performance by an Actress in a Supporting Role in any Motion Picture,False,Take a Giant Step
1960,Best Performance by an Actress in a Supporting Role in any Motion Picture,False,Imitation of Life
1960,Best Performance by an Actress in a Supporting Role in any Motion Picture,False,"Diary of Anne Frank, The"
1960,Best Performance by an Actor in a Supporting Role in any Motion Picture,True,Ben-Hur
1960,Best Performance by an Actor in a Supporting Role in any Motion Picture,False,On The Beach
1960,Best Performance by an Actor in a Supporting Role in any Motion Picture,False,Pillow Talk
1960,Best Performance by an Actor in a Supporting Role in any Motion Picture,False,"Young Philadelphians, The"
1960,Best Performance by an Actor in a Supporting Role in any Motion Picture,False,Anatomy of a Murder
1960,Best Director - Motion Picture,True,Ben-Hur
1960,Best Director - Motion Picture,False,On The Beach
1960,Best Director - Motion Picture,False,Anatomy of a Murder
1960,Best Director - Motion Picture,False,"Diary of Anne Frank, The"
1960,Best Director - Motion Picture,False,"Nun's Story, The"
1960,Best Original Score - Motion Picture,True,On The Beach
1960,Cecil B. deMille Award,False,Bing Crosby
1960,Famous Silent Filmstars,False,Ramon Novarro
1960,Picture - Musical,True,Porgy and Bess
1960,Picture - Musical,False,"Five Pennies, The"
1960,Picture - Musical,False,Li'l Abner
1960,Picture - Musical,False,"Private's Affair, A"
1960,Picture - Musical,False,Say One For Me
1960,Promoting International Understanding,True,"Diary of Anne Frank, The"
1960,Promoting International Understanding,False,"Nun's Story, The"
1960,Promoting International Understanding,False,Odds Against Tomorrow
1960,Promoting International Understanding,False,On The Beach
1960,Promoting International Understanding,False,Take a Giant Step
1960,Picture - Comedy,True,Some Like It Hot
1960,Picture - Comedy,False,But Not For Me
1960,Picture - Comedy,False,Operation Petticoat
1960,Picture - Comedy,False,Pillow Talk
1960,Picture - Comedy,False,Who Was That Lady?
1960,Television Achievement,True,77 Sunset Strip
1960,Special Achievement Award,False,Ben-Hur
1960,Special Achievement Award,False,"Nun's Story, The"
1960,Samuel Goldwyn International Award,True,Room At The Top
1960,New Star Of The Year - Actress,True,Darby O'Gill and The Little People
1960,New Star Of The Year - Actress,True,Say One For Me
1960,New Star Of The Year - Actress,True,"Five Pennies, The"
1960,New Star Of The Year - Actress,True,Rio Bravo
1960,New Star Of The Year - Actress,False,"Diary of Anne Frank, The"
1960,New Star Of The Year - Actress,False,Blue Denim
1960,New Star Of The Year - Actress,False,Platinum High School
1960,New Star Of The Year - Actress,False,This Earth Is Mine
1960,New Star Of The Year - Actor,True,"Crimson Kimono, The"
1960,New Star Of The Year - Actor,True,"Private's Affair, A"
1960,New Star Of The Year - Actor,True,"Summer Place, A"
1960,New Star Of The Year - Actor,True,"Crime & Punishment, USA"
1960,New Star Of The Year - Actor,False,"Flying Fontaines, The"
1960,Actress In A Leading Role - Musical Or Comedy,True,Some Like It Hot
1960,Actress In A Leading Role - Musical Or Comedy,False,Porgy and Bess
1960,Actress In A Leading Role - Musical Or Comedy,False,Pillow Talk
1960,Actress In A Leading Role - Musical Or Comedy,False,Ask Any Girl
1960,Actress In A Leading Role - Musical Or Comedy,False,But Not For Me
1960,Foreign Film - Foreign Language,True,Wir Wunderkinder (Aren't We Wonderful!)
1960,Foreign Film - Foreign Language,True,Black Orpheus
1960,Foreign Film - Foreign Language,True,The Bridge
1960,Foreign Film - Foreign Language,True,Odd Obsession
1960,Foreign Film - Foreign Language,True,Wild Strawberries
1960,Henrietta Award (World Film Favorites),True,Doris Day
1960,Henrietta Award (World Film Favorites),True,Rock Hudson
1961,Best Motion Picture - Drama,True,Spartacus
1961,Best Motion Picture - Drama,False,Elmer Gantry
1961,Best Motion Picture - Drama,False,Inherit the Wind - 1960
1961,Best Motion Picture - Drama,False,Sons and Lovers
1961,Best Motion Picture - Drama,False,Sunrise at Campobello
1961,Best Performance by an Actress in a Motion Picture - Drama,True,Sunrise at Campobello
1961,Best Performance by an Actress in a Motion Picture - Drama,False,Midnight Lace
1961,Best Performance by an Actress in a Motion Picture - Drama,False,The World Of Suzie Wong
1961,Best Performance by an Actress in a Motion Picture - Drama,False,Elmer Gantry
1961,Best Performance by an Actress in a Motion Picture - Drama,False,Butterfield 8
1961,Best Performance by an Actor in a Motion Picture - Drama,True,Elmer Gantry
1961,Best Performance by an Actor in a Motion Picture - Drama,False,Inherit the Wind - 1960
1961,Best Performance by an Actor in a Motion Picture - Drama,False,Sons and Lovers
1961,Best Performance by an Actor in a Motion Picture - Drama,False,Spartacus
1961,Best Performance by an Actor in a Motion Picture - Drama,False,Sons and Lovers
1961,Best Performance by an Actor in a Motion Picture - Musical or Comedy,True,"Apartment, The"
1961,Best Performance by an Actor in a Motion Picture - Musical or Comedy,False,Song Without End 
1961,Best Performance by an Actor in a Motion Picture - Musical or Comedy,False,Pepe
1961,Best Performance by an Actor in a Motion Picture - Musical or Comedy,False,"Grass is Greener, The"
1961,Best Performance by an Actor in a Motion Picture - Musical or Comedy,False,"Facts of Life, The"
1961,Best Performance by an Actress in a Supporting Role in any Motion Picture,True,Psycho
1961,Best Performance by an Actress in a Supporting Role in any Motion Picture,False,From The Terrace
1961,Best Performance by an Actress in a Supporting Role in any Motion Picture,False,Elmer Gantry
1961,Best Performance by an Actress in a Supporting Role in any Motion Picture,False,"Dark at the Top of the Stairs, The"
1961,Best Performance by an Actress in a Supporting Role in any Motion Picture,False,Sons and Lovers
1961,Best Performance by an Actor in a Supporting Role in any Motion Picture,True,Exodus
1961,Best Performance by an Actor in a Supporting Role in any Motion Picture,False,"Plunderers, The"
1961,Best Performance by an Actor in a Supporting Role in any Motion Picture,False,Spartacus
1961,Best Performance by an Actor in a Supporting Role in any Motion Picture,False,Spartacus
1961,Best Performance by an Actor in a Supporting Role in any Motion Picture,False,"Dark at the Top of the Stairs, The"
1961,Best Director - Motion Picture,True,Sons and Lovers
1961,Best Director - Motion Picture,False,Elmer Gantry
1961,Best Director - Motion Picture,False,Spartacus
1961,Best Director - Motion Picture,False,"Apartment, The"
1961,Best Director - Motion Picture,False,"Sundowners, The"
1961,Best Original Score - Motion Picture,True,The Alamo
1961,Best Original Score - Motion Picture,False,Pepe
1961,Best Original Score - Motion Picture,False,Spartacus
1961,Best Original Score - Motion Picture,False,The World Of Suzie Wong
1961,Best Original Score - Motion Picture,False,Exodus
1961,Cecil B. deMille Award,False,Fred Astaire
1961,Picture - Musical,True,Song Without End 
1961,Picture - Musical,False,Bells Are Ringing
1961,Picture - Musical,False,Can-Can
1961,Picture - Musical,False,Let's Make Love
1961,Picture - Musical,False,Pepe
1961,Promoting International Understanding,True,Hand In Hand
1961,Promoting International Understanding,False,Conspiracy of Hearts
1961,Picture - Comedy,True,"Apartment, The"
1961,Picture - Comedy,False,Our Man in Havana
1961,Picture - Comedy,False,"Facts of Life, The"
1961,Picture - Comedy,False,"Grass is Greener, The"
1961,Picture - Comedy,False,It Started in Naples
1961,Television Achievement,True,Hong Kong
1961,Television Achievement,True,Bell Telephone Hour
1961,Television Achievement,True,Perry Mason
1961,Special Achievement Award,False,Inherit the Wind - 1960
1961,Special Achievement Award,False,"Sundowners, The"
1961,Samuel Goldwyn International Award,True,Never On Sunday
1961,New Star Of The Year - Actress,True,From The Terrace
1961,New Star Of The Year - Actress,True,The World Of Suzie Wong
1961,New Star Of The Year - Actress,True,Pollyanna
1961,New Star Of The Year - Actress,False,Exodus
1961,New Star Of The Year - Actress,False,"Dark at the Top of the Stairs, The"
1961,New Star Of The Year - Actress,False,"Marriage-Go-Round, The"
1961,New Star Of The Year - Actor,True,Because They're Young
1961,New Star Of The Year - Actor,True,House of Usher
1961,New Star Of The Year - Actor,True,Desire In The Dust
1961,New Star Of The Year - Actor,False,"Murder, Inc."
1961,New Star Of The Year - Actor,False,Hell To Eternity
1961,New Star Of The Year - Actor,False,"Magnificent Seven, The"
1961,Actress In A Leading Role - Musical Or Comedy,True,"Apartment, The"
1961,Actress In A Leading Role - Musical Or Comedy,False,"Facts of Life, The"
1961,Actress In A Leading Role - Musical Or Comedy,False,Song Without End 
1961,Actress In A Leading Role - Musical Or Comedy,False,Bells Are Ringing
1961,Actress In A Leading Role - Musical Or Comedy,False,It Started in Naples
1961,Foreign Film - Foreign Language,True,La vérité (The Truth)
1961,Foreign Film - Foreign Language,True,The Virgin Spring
1961,Foreign Film - Foreign Language,False,Ballad Of A Soldier
1961,Foreign Film - Foreign Language,False,Hiroshima Mon Amour
1961,Foreign Film - Foreign Language,False,The World Of Apu
1961,Foreign Film - English Language,True,The Trials Of Oscar Wilde (The Man With The Green Carnation)
1961,Foreign Film - English Language,False,"Angry Silence, The"
1961,Foreign Film - English Language,False,Tunes of Glory
1961,Henrietta Award (World Film Favorites),True,Tony Curtis
1961,Henrietta Award (World Film Favorites),True,Rock Hudson
1961,Henrietta Award (World Film Favorites),True,Gina Lollobrigida
1962,Best Motion Picture - Drama,True,The Guns Of Navarone
1962,Best Motion Picture - Drama,False,El Cid
1962,Best Motion Picture - Drama,False,Fanny
1962,Best Motion Picture - Drama,False,Judgment at Nuremberg
1962,Best Motion Picture - Drama,False,Splendor in the Grass
1962,Best Performance by an Actress in a Motion Picture - Drama,True,Summer and Smoke
1962,Best Performance by an Actress in a Motion Picture - Drama,False,Fanny
1962,Best Performance by an Actress in a Motion Picture - Drama,False,"Children's Hour, The"
1962,Best Performance by an Actress in a Motion Picture - Drama,False,"Raisin in the Sun, A"
1962,Best Performance by an Actress in a Motion Picture - Drama,False,Splendor in the Grass
1962,Best Performance by an Actor in a Motion Picture - Drama,True,Judgment at Nuremberg
1962,Best Performance by an Actor in a Motion Picture - Drama,False,"Raisin in the Sun, A"
1962,Best Performance by an Actor in a Motion Picture - Drama,False,Splendor in the Grass
1962,Best Performance by an Actor in a Motion Picture - Drama,False,Fanny
1962,Best Performance by an Actor in a Motion Picture - Drama,False,The Hustler
1962,Best Performance by an Actor in a Motion Picture - Musical or Comedy,True,Pocketful of Miracles
1962,Best Performance by an Actor in a Motion Picture - Musical or Comedy,False,"Pleasure of His Company, The"
1962,Best Performance by an Actor in a Motion Picture - Musical or Comedy,False,West Side Story
1962,Best Performance by an Actor in a Motion Picture - Musical or Comedy,False,Bachelor In Paradise
1962,Best Performance by an Actor in a Motion Picture - Musical or Comedy,False,"Absent-Minded Professor, The"
1962,Best Performance by an Actress in a Supporting Role in any Motion Picture,True,West Side Story
1962,Best Performance by an Actress in a Supporting Role in any Motion Picture,False,"Children's Hour, The"
1962,Best Performance by an Actress in a Supporting Role in any Motion Picture,False,Judgment at Nuremberg
1962,Best Performance by an Actress in a Supporting Role in any Motion Picture,False,The Roman Spring of Mrs. Stone
1962,Best Performance by an Actress in a Supporting Role in any Motion Picture,False,"One, Two, Three"
1962,Best Performance by an Actor in a Supporting Role in any Motion Picture,True,West Side Story
1962,Best Performance by an Actor in a Supporting Role in any Motion Picture,False,Judgment at Nuremberg
1962,Best Performance by an Actor in a Supporting Role in any Motion Picture,False,The Hustler
1962,Best Performance by an Actor in a Supporting Role in any Motion Picture,False,Lover Come Back
1962,Best Performance by an Actor in a Supporting Role in any Motion Picture,False,The Hustler
1962,Best Director - Motion Picture,True,Judgment at Nuremberg
1962,Best Director - Motion Picture,False,The Guns Of Navarone
1962,Best Director - Motion Picture,False,El Cid
1962,Best Director - Motion Picture,False,West Side Story
1962,Best Director - Motion Picture,False,"Children's Hour, The"
1962,Best Original Score - Motion Picture,True,The Guns Of Navarone
1962,Best Original Score - Motion Picture,False,Summer and Smoke
1962,Best Original Score - Motion Picture,False,El Cid
1962,Best Original Score - Motion Picture,False,Fanny
1962,Best Original Score - Motion Picture,False,King Of Kings
1962,Best Original Song - Motion Picture,True,Town Without Pity
1962,Cecil B. deMille Award,False,Judy Garland
1962,Picture - Musical,True,West Side Story
1962,Picture - Musical,False,Flower Drum Song
1962,Promoting International Understanding,True,A Majority Of One
1962,Promoting International Understanding,False,Bridge to the Sun
1962,Promoting International Understanding,False,Judgment at Nuremberg
1962,Picture - Comedy,True,A Majority Of One
1962,Picture - Comedy,False,Breakfast at Tiffany's
1962,Picture - Comedy,False,"One, Two, Three"
1962,Picture - Comedy,False,Pocketful of Miracles
1962,Special Achievement Award,False,El Cid
1962,Samuel Goldwyn International Award,True,The Mark
1962,Samuel Goldwyn International Award,False,Antigone
1962,Samuel Goldwyn International Award,False,Harry and The Butler
1962,Samuel Goldwyn International Award,False,Yojimbo
1962,New Star Of The Year - Actress,True,Pocketful of Miracles
1962,New Star Of The Year - Actress,True,Tall Story
1962,New Star Of The Year - Actress,True,Town Without Pity
1962,New Star Of The Year - Actress,False,Summer and Smoke
1962,New Star Of The Year - Actress,False,Hitler
1962,New Star Of The Year - Actor,True,Splendor in the Grass
1962,New Star Of The Year - Actor,True,Come September
1962,New Star Of The Year - Actor,False,West Side Story
1962,New Star Of The Year - Actor,False,The Hustler
1962,New Star Of The Year - Actor,False,West Side Story
1962,Television Series,True,My Three Sons
1962,Television Series,True,What's My Line?
1962,Actress In A Leading Role - Musical Or Comedy,True,A Majority Of One
1962,Actress In A Leading Role - Musical Or Comedy,False,Pocketful of Miracles
1962,Actress In A Leading Role - Musical Or Comedy,False,Breakfast at Tiffany's
1962,Actress In A Leading Role - Musical Or Comedy,False,"Parent Trap, The"
1962,Actress In A Leading Role - Musical Or Comedy,False,Flower Drum Song
1962,Actor In A Television Series,True,John Daly
1962,Actor In A Television Series,True,Bob Newhart
1962,Foreign Film - Foreign Language,True,Two Women
1962,Foreign Film - Foreign Language,False,The Good Soldier Schweik
1962,Foreign Film - Foreign Language,False,Ánimas Trujano (The Important Man)
1962,Henrietta Award (World Film Favorites),True,Charlton Heston
1962,Henrietta Award (World Film Favorites),True,Marilyn Monroe
1962,Actress In A Television Series,True,Pauline Frederick
1963,Best Motion Picture - Drama,True,Lawrence Of Arabia
1963,Best Motion Picture - Drama,False,Days of Wine and Roses
1963,Best Motion Picture - Drama,False,Freud
1963,Best Motion Picture - Drama,False,Lisa
1963,Best Motion Picture - Drama,False,"Longest Day, The"
1963,Best Motion Picture - Drama,False,"Miracle Worker, The"
1963,Best Motion Picture - Drama,False,Mutiny on the Bounty
1963,Best Motion Picture - Drama,False,To Kill A Mockingbird
1963,Best Motion Picture - Drama,False,Hemingway's Adventures of a Young Man
1963,Best Motion Picture - Drama,False,"Chapman Report, The"
1963,Best Performance by an Actress in a Motion Picture - Drama,True,Sweet Bird of Youth
1963,Best Performance by an Actress in a Motion Picture - Drama,False,What Ever Happened To Baby Jane?
1963,Best Performance by an Actress in a Motion Picture - Drama,False,Long Day's Journey Into Night (1962)
1963,Best Performance by an Actress in a Motion Picture - Drama,False,"Chapman Report, The"
1963,Best Performance by an Actress in a Motion Picture - Drama,False,Phaedra 
1963,Best Performance by an Actress in a Motion Picture - Drama,False,Days of Wine and Roses
1963,Best Performance by an Actress in a Motion Picture - Drama,False,Hemingway's Adventures of a Young Man
1963,Best Performance by an Actress in a Motion Picture - Drama,False,Lolita
1963,Best Performance by an Actress in a Motion Picture - Drama,False,Freud
1963,Best Performance by an Actress in a Motion Picture - Drama,False,"Miracle Worker, The"
1963,Best Performance by an Actor in a Motion Picture - Drama,True,To Kill A Mockingbird
1963,Best Performance by an Actor in a Motion Picture - Drama,False,Pressure Point
1963,Best Performance by an Actor in a Motion Picture - Drama,False,Gigot
1963,Best Performance by an Actor in a Motion Picture - Drama,False,The Wonderful World Of The Brothers Grimm
1963,Best Performance by an Actor in a Motion Picture - Drama,False,Birdman of Alcatraz
1963,Best Performance by an Actor in a Motion Picture - Drama,False,Days of Wine and Roses
1963,Best Performance by an Actor in a Motion Picture - Drama,False,Lolita
1963,Best Performance by an Actor in a Motion Picture - Drama,False,Sweet Bird of Youth
1963,Best Performance by an Actor in a Motion Picture - Drama,False,Lawrence Of Arabia
1963,Best Performance by an Actor in a Motion Picture - Drama,False,Lawrence Of Arabia
1963,Best Performance by an Actor in a Motion Picture - Musical or Comedy,True,"Divorce, Italian Style"
1963,Best Performance by an Actor in a Motion Picture - Musical or Comedy,False,That Touch of Mink
1963,Best Performance by an Actor in a Motion Picture - Musical or Comedy,False,The Pigeon That Took Rome
1963,Best Performance by an Actor in a Motion Picture - Musical or Comedy,False,Gypsy
1963,Best Performance by an Actor in a Motion Picture - Musical or Comedy,False,Meredith Willson's The Music Man
1963,Best Performance by an Actor in a Motion Picture - Musical or Comedy,False,The Best Of Enemies
1963,Best Performance by an Actor in a Motion Picture - Musical or Comedy,False,Mr. Hobbs Takes a Vacation
1963,Best Performance by an Actor in a Motion Picture - Musical or Comedy,False,Billy Rose's Jumbo
1963,Best Performance by an Actor in a Motion Picture - Musical or Comedy,False,Billy Rose's Jumbo
1963,Best Performance by an Actress in a Supporting Role in any Motion Picture,True,"Manchurian Candidate, The"
1963,Best Performance by an Actress in a Supporting Role in any Motion Picture,False,"Miracle Worker, The"
1963,Best Performance by an Actress in a Supporting Role in any Motion Picture,False,Meredith Willson's The Music Man
1963,Best Performance by an Actress in a Supporting Role in any Motion Picture,False,Sweet Bird of Youth
1963,Best Performance by an Actress in a Supporting Role in any Motion Picture,False,Freud
1963,Best Performance by an Actress in a Supporting Role in any Motion Picture,False,The Pigeon That Took Rome
1963,Best Performance by an Actress in a Supporting Role in any Motion Picture,False,Billy Rose's Jumbo
1963,Best Performance by an Actress in a Supporting Role in any Motion Picture,False,"Interns, The"
1963,Best Performance by an Actress in a Supporting Role in any Motion Picture,False,Hemingway's Adventures of a Young Man
1963,Best Performance by an Actress in a Supporting Role in any Motion Picture,False,Mutiny on the Bounty
1963,Best Performance by an Actor in a Supporting Role in any Motion Picture,True,Lawrence Of Arabia
1963,Best Performance by an Actor in a Supporting Role in any Motion Picture,False,Sweet Bird of Youth
1963,Best Performance by an Actor in a Supporting Role in any Motion Picture,False,What Ever Happened To Baby Jane?
1963,Best Performance by an Actor in a Supporting Role in any Motion Picture,False,The Pigeon That Took Rome
1963,Best Performance by an Actor in a Supporting Role in any Motion Picture,False,Experiment In Terror
1963,Best Performance by an Actor in a Supporting Role in any Motion Picture,False,Hemingway's Adventures of a Young Man
1963,Best Performance by an Actor in a Supporting Role in any Motion Picture,False,If a Man Answers
1963,Best Performance by an Actor in a Supporting Role in any Motion Picture,False,Birdman of Alcatraz
1963,Best Performance by an Actor in a Supporting Role in any Motion Picture,False,Lolita
1963,Best Performance by an Actor in a Supporting Role in any Motion Picture,False,"Chapman Report, The"
1963,Best Director - Motion Picture,True,Lawrence Of Arabia
1963,Best Director - Motion Picture,False,Days of Wine and Roses
1963,Best Director - Motion Picture,False,"Manchurian Candidate, The"
1963,Best Director - Motion Picture,False,Freud
1963,Best Director - Motion Picture,False,Lolita
1963,Best Director - Motion Picture,False,Gypsy
1963,Best Director - Motion Picture,False,To Kill A Mockingbird
1963,Best Director - Motion Picture,False,Hemingway's Adventures of a Young Man
1963,Best Director - Motion Picture,False,"Chapman Report, The"
1963,Best Director - Motion Picture,False,Meredith Willson's The Music Man
1963,Best Original Score - Motion Picture,True,To Kill A Mockingbird
1963,Best Original Score - Motion Picture,False,Lawrence Of Arabia
1963,Best Original Score - Motion Picture,False,Meredith Willson's The Music Man
1963,Best Original Score - Motion Picture,False,Mutiny on the Bounty
1963,Best Original Score - Motion Picture,False,Taras Bulba
1963,Best Television Series - Drama,True,"Defenders, The"
1963,Cecil B. deMille Award,False,Bob Hope
1963,Picture - Musical,True,Meredith Willson's The Music Man
1963,Picture - Musical,False,Billy Rose's Jumbo
1963,Picture - Musical,False,The Wonderful World Of The Brothers Grimm
1963,Promoting International Understanding,True,To Kill A Mockingbird
1963,Promoting International Understanding,False,The Best Of Enemies
1963,Promoting International Understanding,False,"Interns, The"
1963,Picture - Comedy,True,That Touch of Mink
1963,Picture - Comedy,False,The Best Of Enemies
1963,Picture - Comedy,False,Boys' Night Out
1963,Picture - Comedy,False,If a Man Answers
1963,Picture - Comedy,False,Period of Adjustment
1963,Special Achievement Award,False,Nat King Cole
1963,Samuel Goldwyn International Award,True,Sundays and Cybèle
1963,Samuel Goldwyn International Award,False,The Best Of Enemies
1963,Samuel Goldwyn International Award,False,"Taste of Honey, A"
1963,New Star Of The Year - Actress,True,"Miracle Worker, The"
1963,New Star Of The Year - Actress,True,Lolita
1963,New Star Of The Year - Actress,True,"Taste of Honey, A"
1963,New Star Of The Year - Actress,False,Two Weeks In Another Town
1963,New Star Of The Year - Actress,False,David and Lisa
1963,New Star Of The Year - Actress,False,Rome Adventure
1963,New Star Of The Year - Actor,True,Lawrence Of Arabia
1963,New Star Of The Year - Actor,True,Billy Budd
1963,New Star Of The Year - Actor,True,David and Lisa
1963,New Star Of The Year - Actor,True,Lawrence Of Arabia
1963,New Star Of The Year - Actor,False,Gypsy
1963,Television Program,True,"Dick Powell Theatre, The"
1963,Television Producer/Director,True,"Twilight Zone, The"
1963,Television Series - Comedy,True,Mr. Ed
1963,Actress In A Leading Role - Musical Or Comedy,True,Gypsy
1963,Actress In A Leading Role - Musical Or Comedy,False,Billy Rose's Jumbo
1963,Actress In A Leading Role - Musical Or Comedy,False,Period of Adjustment
1963,Actress In A Leading Role - Musical Or Comedy,False,Meredith Willson's The Music Man
1963,Actress In A Leading Role - Musical Or Comedy,False,Gypsy
1963,Actor In A Television Series,True,Dr. Kildare
1963,Foreign Film - Foreign Language,True,"Divorce, Italian Style"
1963,Henrietta Award (World Film Favorites),True,Rock Hudson
1963,Henrietta Award (World Film Favorites),True,Doris Day
1963,Cinematography - Color,True,Lawrence Of Arabia
1963,Actress In A Television Series,True,"Donna Reed Show, The"
1963,Cinematography - Black And White,True,"Longest Day, The"
1963,International News Coverage,True,Telstar
1964,Best Motion Picture - Drama,True,"Cardinal, The"
1964,Best Motion Picture - Drama,False,"America, America"
1964,Best Motion Picture - Drama,False,"Captain Newman, M.D."
1964,Best Motion Picture - Drama,False,"Caretakers, The"
1964,Best Motion Picture - Drama,False,Cleopatra
1964,Best Motion Picture - Drama,False,"Great Escape, The"
1964,Best Motion Picture - Drama,False,Hud
1964,Best Motion Picture - Drama,False,Lilies of the Field
1964,Best Motion Picture - Musical or Comedy,True,Tom Jones
1964,Best Motion Picture - Musical or Comedy,False,"Ticklish Affair, A"
1964,Best Motion Picture - Musical or Comedy,False,Under The Yum Yum Tree
1964,Best Motion Picture - Musical or Comedy,False,Bye Bye Birdie
1964,Best Motion Picture - Musical or Comedy,False,Irma La Douce
1964,Best Motion Picture - Musical or Comedy,False,"It's a Mad, Mad, Mad, Mad World"
1964,Best Performance by an Actress in a Motion Picture - Drama,True,"L-Shaped Room, The"
1964,Best Performance by an Actress in a Motion Picture - Drama,False,"Caretakers, The"
1964,Best Performance by an Actress in a Motion Picture - Drama,False,Toys in the Attic
1964,Best Performance by an Actress in a Motion Picture - Drama,False,This Sporting Life
1964,Best Performance by an Actress in a Motion Picture - Drama,False,"Cardinal, The"
1964,Best Performance by an Actress in a Motion Picture - Drama,False,"Paper Man, The"
1964,Best Performance by an Actress in a Motion Picture - Drama,False,"Conjugal Bed, The"
1964,Best Performance by an Actress in a Motion Picture - Drama,False,Love with the Proper Stranger
1964,Best Performance by an Actor in a Motion Picture - Drama,True,Lilies of the Field
1964,Best Performance by an Actor in a Motion Picture - Drama,False,"Cardinal, The"
1964,Best Performance by an Actor in a Motion Picture - Drama,False,"Ugly American, The"
1964,Best Performance by an Actor in a Motion Picture - Drama,False,"America, America"
1964,Best Performance by an Actor in a Motion Picture - Drama,False,Cleopatra
1964,Best Performance by an Actor in a Motion Picture - Drama,False,Love with the Proper Stranger
1964,Best Performance by an Actor in a Motion Picture - Drama,False,Hud
1964,Best Performance by an Actor in a Motion Picture - Drama,False,"Captain Newman, M.D."
1964,Best Performance by an Actor in a Motion Picture - Musical or Comedy,True,To Bed Or Not To Bed
1964,Best Performance by an Actor in a Motion Picture - Musical or Comedy,False,Tom Jones
1964,Best Performance by an Actor in a Motion Picture - Musical or Comedy,False,"Wheeler Dealers, The"
1964,Best Performance by an Actor in a Motion Picture - Musical or Comedy,False,Charade
1964,Best Performance by an Actor in a Motion Picture - Musical or Comedy,False,Irma La Douce
1964,Best Performance by an Actor in a Motion Picture - Musical or Comedy,False,Under The Yum Yum Tree
1964,Best Performance by an Actor in a Motion Picture - Musical or Comedy,False,Come Blow Your Horn
1964,Best Performance by an Actor in a Motion Picture - Musical or Comedy,False,"Mouse on the Moon, The"
1964,Best Performance by an Actor in a Motion Picture - Musical or Comedy,False,"It's a Mad, Mad, Mad, Mad World"
1964,Best Performance by an Actress in a Supporting Role in any Motion Picture,True,"V. I. P.'s, The"
1964,Best Performance by an Actress in a Supporting Role in any Motion Picture,True,Seven Days In May
1964,Best Performance by an Actress in a Supporting Role in any Motion Picture,False,Toys in the Attic
1964,Best Performance by an Actress in a Supporting Role in any Motion Picture,False,"America, America"
1964,Best Performance by an Actress in a Supporting Role in any Motion Picture,False,Hud
1964,Best Performance by an Actress in a Supporting Role in any Motion Picture,False,"Global Affair, A"
1964,Best Performance by an Actress in a Supporting Role in any Motion Picture,False,Lilies of the Field
1964,Best Performance by an Actress in a Supporting Role in any Motion Picture,False,"Prize, The"
1964,Best Performance by an Actress in a Supporting Role in any Motion Picture,False,Tom Jones
1964,Best Performance by an Actor in a Supporting Role in any Motion Picture,True,"Cardinal, The"
1964,Best Performance by an Actor in a Supporting Role in any Motion Picture,False,"America, America"
1964,Best Performance by an Actor in a Supporting Role in any Motion Picture,False,Cleopatra
1964,Best Performance by an Actor in a Supporting Role in any Motion Picture,False,"America, America"
1964,Best Performance by an Actor in a Supporting Role in any Motion Picture,False,Come Blow Your Horn
1964,Best Performance by an Actor in a Supporting Role in any Motion Picture,False,"Captain Newman, M.D."
1964,Best Performance by an Actor in a Supporting Role in any Motion Picture,False,Hud
1964,Best Performance by an Actor in a Supporting Role in any Motion Picture,False,Tom Jones
1964,Best Director - Motion Picture,True,"America, America"
1964,Best Director - Motion Picture,False,"Caretakers, The"
1964,Best Director - Motion Picture,False,"Ugly American, The"
1964,Best Director - Motion Picture,False,Cleopatra
1964,Best Director - Motion Picture,False,"Cardinal, The"
1964,Best Director - Motion Picture,False,Tom Jones
1964,Best Director - Motion Picture,False,Hud
1964,Best Director - Motion Picture,False,"Haunting, The"
1964,Best Television Series - Drama,True,"Richard Boone Show, The"
1964,Best Television Series - Drama,False,Bonanza
1964,Best Television Series - Drama,False,"Defenders, The"
1964,Best Television Series - Drama,False,"Eleventh Hour, The"
1964,Best Television Series - Drama,False,Rawhide
1964,Cecil B. deMille Award,False,Joseph E. Levine
1964,Promoting International Understanding,True,Lilies of the Field
1964,Promoting International Understanding,False,"Cardinal, The"
1964,Promoting International Understanding,False,"Global Affair, A"
1964,Promoting International Understanding,False,"America, America"
1964,Promoting International Understanding,False,"Captain Newman, M.D."
1964,Special Achievement Award,False,Connie Francis
1964,Samuel Goldwyn International Award,True,"Yesterday, Today and Tomorrow"
1964,New Star Of The Year - Actress,True,Dr. No
1964,New Star Of The Year - Actress,True,"Birds, The"
1964,New Star Of The Year - Actress,True,"Prize, The"
1964,New Star Of The Year - Actress,False,Twilight of Honor
1964,New Star Of The Year - Actress,False,For Love or Money
1964,New Star Of The Year - Actress,False,"V. I. P.'s, The"
1964,New Star Of The Year - Actor,True,Tom Jones
1964,New Star Of The Year - Actor,True,"America, America"
1964,New Star Of The Year - Actor,True,"Ceremony, The"
1964,New Star Of The Year - Actor,False,"Leopard, The"
1964,New Star Of The Year - Actor,False,"Victors, The"
1964,New Star Of The Year - Actor,False,Shock Corridor
1964,Television Series - Comedy,True,"Dick Van Dyke Show, The"
1964,Television Series - Comedy,False,"Bob Hope Show, The"
1964,Television Series - Comedy,False,"Jack Benny Program, The"
1964,Television Series - Comedy,False,"Red Skelton Hour, The"
1964,Television Series - Comedy,False,"Beverly Hillbillies, The"
1964,Television Series - Variety,True,"Danny Kaye Show, The"
1964,Television Series - Variety,False,"Andy Williams Show, The"
1964,Television Series - Variety,False,"Garry Moore Show, The"
1964,Television Series - Variety,False,"Judy Garland Show, The"
1964,Television Series - Variety,False,"Tonight Show, The"
1964,Actress In A Leading Role - Musical Or Comedy,True,Irma La Douce
1964,Actress In A Leading Role - Musical Or Comedy,False,Bye Bye Birdie
1964,Actress In A Leading Role - Musical Or Comedy,False,"Move Over, Darling"
1964,Actress In A Leading Role - Musical Or Comedy,False,Charade
1964,Actress In A Leading Role - Musical Or Comedy,False,Summer Magic
1964,Actress In A Leading Role - Musical Or Comedy,False,Come Blow Your Horn
1964,Actress In A Leading Role - Musical Or Comedy,False,Come Blow Your Horn
1964,Actress In A Leading Role - Musical Or Comedy,False,"New Kind of Love, A"
1964,Actor In A Television Series,True,Mickey
1964,Actor In A Television Series,False,"Defenders, The"
1964,Actor In A Television Series,False,"Richard Boone Show, The"
1964,Actor In A Television Series,False,Jackie Gleason: His American Scene Magazine
1964,Actor In A Television Series,False,Bonanza
1964,Foreign Film - Foreign Language,True,Any Number Can Win
1964,Foreign Film - Foreign Language,False,The Four Days Of Naples
1964,Foreign Film - Foreign Language,False,High And Low
1964,Foreign Film - Foreign Language,False,Alone On The Pacific
1964,Foreign Film - Foreign Language,False,To Bed Or Not To Bed
1964,Foreign Film - English Language,False,"L-Shaped Room, The"
1964,Foreign Film - English Language,False,This Sporting Life
1964,Foreign Film - English Language,False,Tom Jones
1964,Henrietta Award (World Film Favorites),True,Sophia Loren
1964,Henrietta Award (World Film Favorites),True,Paul Newman
1964,Actress In A Television Series,True,"Farmer's Daughter, The"
1964,Actress In A Television Series,False,Hazel
1964,Actress In A Television Series,False,Burke's Law
1964,Actress In A Television Series,False,"Garry Moore Show, The"
1964,Actress In A Television Series,False,Burke's Law
1965,Best Motion Picture - Drama,True,Becket
1965,Best Motion Picture - Drama,False,"Chalk Garden, The"
1965,Best Motion Picture - Drama,False,Dear Heart
1965,Best Motion Picture - Drama,False,"Night of the Iguana, The"
1965,Best Motion Picture - Drama,False,Zorba The Greek
1965,Best Motion Picture - Musical or Comedy,True,My Fair Lady
1965,Best Motion Picture - Musical or Comedy,False,Mary Poppins
1965,Best Motion Picture - Musical or Comedy,False,"Unsinkable Molly Brown, The"
1965,Best Motion Picture - Musical or Comedy,False,"World of Henry Orient, The"
1965,Best Motion Picture - Musical or Comedy,False,Father Goose
1965,Best Performance by an Actress in a Motion Picture - Drama,True,"Pumpkin Eater, The"
1965,Best Performance by an Actress in a Motion Picture - Drama,False,Circus World
1965,Best Performance by an Actress in a Motion Picture - Drama,False,Dear Heart
1965,Best Performance by an Actress in a Motion Picture - Drama,False,Lilith
1965,Best Performance by an Actress in a Motion Picture - Drama,False,"Night of the Iguana, The"
1965,Best Performance by an Actor in a Motion Picture - Drama,True,Becket
1965,Best Performance by an Actor in a Motion Picture - Drama,False,Rio Conchos
1965,Best Performance by an Actor in a Motion Picture - Drama,False,Seven Days In May
1965,Best Performance by an Actor in a Motion Picture - Drama,False,Zorba The Greek
1965,Best Performance by an Actor in a Motion Picture - Drama,False,Becket
1965,Best Performance by an Actor in a Motion Picture - Musical or Comedy,True,My Fair Lady
1965,Best Performance by an Actor in a Motion Picture - Musical or Comedy,False,"Pink Panther, The"
1965,Best Performance by an Actor in a Motion Picture - Musical or Comedy,False,Topkapi
1965,Best Performance by an Actor in a Motion Picture - Musical or Comedy,False,Mary Poppins
1965,Best Performance by an Actor in a Motion Picture - Musical or Comedy,False,Marriage Italian Style
1965,Best Performance by an Actress in a Supporting Role in any Motion Picture,True,"Hush...Hush, Sweet Charlotte"
1965,Best Performance by an Actress in a Supporting Role in any Motion Picture,False,"Carpetbaggers, The"
1965,Best Performance by an Actress in a Supporting Role in any Motion Picture,False,"Night of the Iguana, The"
1965,Best Performance by an Actress in a Supporting Role in any Motion Picture,False,Zorba The Greek
1965,Best Performance by an Actress in a Supporting Role in any Motion Picture,False,The Best Man 
1965,Best Performance by an Actor in a Supporting Role in any Motion Picture,False,My Fair Lady
1965,Best Performance by an Actor in a Supporting Role in any Motion Picture,False,Cheyenne Autumn
1965,Best Performance by an Actor in a Supporting Role in any Motion Picture,False,The Best Man 
1965,Best Performance by an Actor in a Supporting Role in any Motion Picture,False,Cheyenne Autumn
1965,Best Performance by an Actor in a Supporting Role in any Motion Picture,False,"Night of the Iguana, The"
1965,Best Director - Motion Picture,True,My Fair Lady
1965,Best Director - Motion Picture,False,Zorba The Greek
1965,Best Director - Motion Picture,False,Seven Days In May
1965,Best Director - Motion Picture,False,Becket
1965,Best Director - Motion Picture,False,"Night of the Iguana, The"
1965,Best Original Score - Motion Picture,True,The Fall Of The Roman Empire
1965,Best Original Score - Motion Picture,False,Becket
1965,Best Original Score - Motion Picture,False,Mary Poppins
1965,Best Original Score - Motion Picture,False,Seven Days In May
1965,Best Original Score - Motion Picture,False,Zorba The Greek
1965,Best Original Song - Motion Picture,True,Circus World
1965,Best Original Song - Motion Picture,False,From Russia With Love
1965,Best Original Song - Motion Picture,False,Sunday In New York
1965,Best Original Song - Motion Picture,False,Where Love Has Gone
1965,Best Original Song - Motion Picture,False,Dear Heart
1965,Cecil B. deMille Award,False,James Stewart
1965,New Star Of The Year - Actress,True,Guns at Batasi
1965,New Star Of The Year - Actress,True,Island of the Blue Dolphins
1965,New Star Of The Year - Actress,True,Get Yourself a College Girl!
1965,New Star Of The Year - Actor,True,"Unsinkable Molly Brown, The"
1965,New Star Of The Year - Actor,True,"New Interns, The"
1965,New Star Of The Year - Actor,True,Sallah
1965,Television Series,True,"Rogues, The"
1965,Television Series,False,"Red Skelton Hour, The"
1965,Television Series,False,12 O'Clock High
1965,Television Series,False,Wendy and Me
1965,Television Series,False,"Munsters, The"
1965,Actress In A Leading Role - Musical Or Comedy,True,Mary Poppins
1965,Actress In A Leading Role - Musical Or Comedy,False,My Fair Lady
1965,Actress In A Leading Role - Musical Or Comedy,False,Marriage Italian Style
1965,Actress In A Leading Role - Musical Or Comedy,False,Topkapi
1965,Actress In A Leading Role - Musical Or Comedy,False,"Unsinkable Molly Brown, The"
1965,Actor In A Television Series,True,Burke's Law
1965,Actor In A Television Series,False,"Man From U.N.C.L.E., The"
1965,Actor In A Television Series,False,Slattery's People
1965,Actor In A Television Series,False,Mr. Novak
1965,Actor In A Television Series,False,"Fugitive, The (TV)"
1965,Foreign Film - Foreign Language,True,Marriage Italian Style
1965,Foreign Film - English Language,True,Girl With Green Eyes
1965,Henrietta Award (World Film Favorites),True,Sophia Loren
1965,Henrietta Award (World Film Favorites),True,Marcello Mastroianni
1965,Actress In A Television Series,True,"Dick Van Dyke Show, The"
1965,Actress In A Television Series,False,Peyton Place (TV Series)
1965,Actress In A Television Series,False,Dr. Kildare
1965,Actress In A Television Series,False,Bewitched
1965,Actress In A Television Series,False,My Living Doll
1966,Best Motion Picture - Drama,True,Doctor Zhivago
1966,Best Motion Picture - Drama,False,"Collector, The"
1966,Best Motion Picture - Drama,False,"Flight of the Phoenix, The"
1966,Best Motion Picture - Drama,False,"Patch of Blue, A"
1966,Best Motion Picture - Drama,False,Ship of Fools
1966,Best Motion Picture - Musical or Comedy,True,"Sound of Music, The"
1966,Best Motion Picture - Musical or Comedy,False,Cat Ballou
1966,Best Motion Picture - Musical or Comedy,False,The Great Race
1966,Best Motion Picture - Musical or Comedy,False,Those Magnificent Men in Their Flying Machines
1966,Best Motion Picture - Musical or Comedy,False,"Thousand Clowns, A"
1966,Best Performance by an Actress in a Motion Picture - Drama,True,"Collector, The"
1966,Best Performance by an Actress in a Motion Picture - Drama,False,Othello
1966,Best Performance by an Actress in a Motion Picture - Drama,False,Darling
1966,Best Performance by an Actress in a Motion Picture - Drama,False,"Patch of Blue, A"
1966,Best Performance by an Actress in a Motion Picture - Drama,False,Ship of Fools
1966,Best Performance by an Actor in a Motion Picture - Drama,True,Doctor Zhivago
1966,Best Performance by an Actor in a Motion Picture - Drama,False,"Agony and The Ecstasy, The"
1966,Best Performance by an Actor in a Motion Picture - Drama,False,"Patch of Blue, A"
1966,Best Performance by an Actor in a Motion Picture - Drama,False,"Pawnbroker, The"
1966,Best Performance by an Actor in a Motion Picture - Drama,False,Ship of Fools
1966,Best Performance by an Actor in a Motion Picture - Musical or Comedy,True,Cat Ballou
1966,Best Performance by an Actor in a Motion Picture - Musical or Comedy,False,Those Magnificent Men in Their Flying Machines
1966,Best Performance by an Actor in a Motion Picture - Musical or Comedy,False,The Great Race
1966,Best Performance by an Actor in a Motion Picture - Musical or Comedy,False,Boeing Boeing
1966,Best Performance by an Actor in a Motion Picture - Musical or Comedy,False,"Thousand Clowns, A"
1966,Best Performance by an Actress in a Supporting Role in any Motion Picture,True,Inside Daisy Clover
1966,Best Performance by an Actress in a Supporting Role in any Motion Picture,False,"Cincinnati Kid, The"
1966,Best Performance by an Actress in a Supporting Role in any Motion Picture,False,Othello
1966,Best Performance by an Actress in a Supporting Role in any Motion Picture,False,Boeing Boeing
1966,Best Performance by an Actress in a Supporting Role in any Motion Picture,False,"Sound of Music, The"
1966,Best Performance by an Actor in a Supporting Role in any Motion Picture,True,"Spy Who Came in from the Cold, The"
1966,Best Performance by an Actor in a Supporting Role in any Motion Picture,False,Harlow
1966,Best Performance by an Actor in a Supporting Role in any Motion Picture,False,Othello
1966,Best Performance by an Actor in a Supporting Role in any Motion Picture,False,Battle Of The Bulge
1966,Best Director - Motion Picture,True,Doctor Zhivago
1966,Best Director - Motion Picture,False,"Patch of Blue, A"
1966,Best Director - Motion Picture,False,Darling
1966,Best Director - Motion Picture,False,"Sound of Music, The"
1966,Best Director - Motion Picture,False,"Collector, The"
1966,Best Screenplay - Motion Picture,True,Doctor Zhivago
1966,Best Screenplay - Motion Picture,False,"Agony and The Ecstasy, The"
1966,Best Screenplay - Motion Picture,False,"Collector, The"
1966,Best Screenplay - Motion Picture,False,"Patch of Blue, A"
1966,Best Screenplay - Motion Picture,False,"Slender Thread, The"
1966,Best Original Score - Motion Picture,True,Doctor Zhivago
1966,Best Original Score - Motion Picture,False,Battle Of The Bulge
1966,Best Original Score - Motion Picture,False,The Great Race
1966,Best Original Score - Motion Picture,False,The Sandpiper
1966,Best Original Score - Motion Picture,False,The Yellow Rolls-Royce
1966,Best Original Song - Motion Picture,True,The Yellow Rolls-Royce
1966,Best Original Song - Motion Picture,False,Cat Ballou
1966,Best Original Song - Motion Picture,False,The Sandpiper
1966,Best Original Song - Motion Picture,False,The Great Race
1966,Best Original Song - Motion Picture,False,That Funny Feeling
1966,Cecil B. deMille Award,False,John Wayne
1966,New Star Of The Year - Actress,True,"Patch of Blue, A"
1966,New Star Of The Year - Actress,False,"Family Jewels, The"
1966,New Star Of The Year - Actress,False,Doctor Zhivago
1966,New Star Of The Year - Actress,False,Shenandoah
1966,New Star Of The Year - Actress,False,Do Not Disturb
1966,New Star Of The Year - Actor,True,Inside Daisy Clover
1966,New Star Of The Year - Actor,False,"Flight of the Phoenix, The"
1966,New Star Of The Year - Actor,False,Lady in a Cage
1966,New Star Of The Year - Actor,False,Those Magnificent Men in Their Flying Machines
1966,New Star Of The Year - Actor,False,Cat Ballou
1966,Television Program,True,"Man From U.N.C.L.E., The"
1966,Television Program,False,Frank Sinatra: A Man and His Music
1966,Television Program,False,Get Smart
1966,Television Program,False,I Spy
1966,Television Program,False,My Name Is Barbra
1966,Actress In A Leading Role - Musical Or Comedy,True,"Sound of Music, The"
1966,Actress In A Leading Role - Musical Or Comedy,False,Inside Daisy Clover
1966,Actress In A Leading Role - Musical Or Comedy,False,Cat Ballou
1966,Actress In A Leading Role - Musical Or Comedy,False,"Thousand Clowns, A"
1966,Actress In A Leading Role - Musical Or Comedy,False,The Knack ...And How To Get It
1966,Actor In A Television Series,True,"Fugitive, The (TV)"
1966,Actor In A Television Series,False,Get Smart
1966,Actor In A Television Series,False,Run For Your Life
1966,Actor In A Television Series,False,"Man From U.N.C.L.E., The"
1966,Actor In A Television Series,False,"Man From U.N.C.L.E., The"
1966,Foreign Film - Foreign Language,True,Juliet of the Spirits
1966,Foreign Film - Foreign Language,False,La ronde (Circle Of Love)
1966,Foreign Film - Foreign Language,False,Tarahumara (Always Further On)
1966,Foreign Film - Foreign Language,False,The Umbrellas Of Cherbourg
1966,Foreign Film - Foreign Language,False,Red Beard
1966,Foreign Film - English Language,True,Darling
1966,Foreign Film - English Language,False,The Knack ...And How To Get It
1966,Foreign Film - English Language,False,The Leather Boys
1966,Foreign Film - English Language,False,90 Degrees In The Shade
1966,Foreign Film - English Language,False,Othello
1966,Henrietta Award (World Film Favorites),True,Paul Newman
1966,Henrietta Award (World Film Favorites),True,Natalie Wood
1966,Actress In A Television Series,True,Honey West
1966,Actress In A Television Series,False,"Patty Duke Show, The"
1966,Actress In A Television Series,False,Peyton Place (TV Series)
1966,Actress In A Television Series,False,Peyton Place (TV Series)
1966,Actress In A Television Series,False,"Big Valley, The"
1967,Best Motion Picture - Drama,True,"Man for All Seasons, A"
1967,Best Motion Picture - Drama,False,Born Free
1967,Best Motion Picture - Drama,False,"Professionals, The"
1967,Best Motion Picture - Drama,False,The Sand Pebbles
1967,Best Motion Picture - Drama,False,Who's Afraid of Virginia Woolf?
1967,Best Motion Picture - Musical or Comedy,True,"Russians Are Coming, The Russians Are Coming, The"
1967,Best Motion Picture - Musical or Comedy,False,"Funny Thing Happened on the Way to the Forum, A"
1967,Best Motion Picture - Musical or Comedy,False,Gambit
1967,Best Motion Picture - Musical or Comedy,False,"Not With My Wife, You Don't"
1967,Best Motion Picture - Musical or Comedy,False,You're a Big Boy Now
1967,Best Performance by an Actress in a Motion Picture - Drama,True,A Man And A Woman
1967,Best Performance by an Actress in a Motion Picture - Drama,False,This Property Is Condemned
1967,Best Performance by an Actress in a Motion Picture - Drama,False,"Shop on Main Street, The"
1967,Best Performance by an Actress in a Motion Picture - Drama,False,Born Free
1967,Best Performance by an Actress in a Motion Picture - Drama,False,Who's Afraid of Virginia Woolf?
1967,Best Performance by an Actor in a Motion Picture - Drama,True,"Man for All Seasons, A"
1967,Best Performance by an Actor in a Motion Picture - Drama,False,Who's Afraid of Virginia Woolf?
1967,Best Performance by an Actor in a Motion Picture - Drama,False,Alfie (1966)
1967,Best Performance by an Actor in a Motion Picture - Drama,False,The Sand Pebbles
1967,Best Performance by an Actor in a Motion Picture - Drama,False,Hawaii
1967,Best Performance by an Actor in a Motion Picture - Musical or Comedy,True,"Russians Are Coming, The Russians Are Coming, The"
1967,Best Performance by an Actor in a Motion Picture - Musical or Comedy,False,Gambit
1967,Best Performance by an Actor in a Motion Picture - Musical or Comedy,False,The Spy With A Cold Nose
1967,Best Performance by an Actor in a Motion Picture - Musical or Comedy,False,"Fortune Cookie, The"
1967,Best Performance by an Actor in a Motion Picture - Musical or Comedy,False,Georgy Girl
1967,Best Performance by an Actress in a Supporting Role in any Motion Picture,True,Hawaii
1967,Best Performance by an Actress in a Supporting Role in any Motion Picture,False,Who's Afraid of Virginia Woolf?
1967,Best Performance by an Actress in a Supporting Role in any Motion Picture,False,Alfie (1966)
1967,Best Performance by an Actress in a Supporting Role in any Motion Picture,False,You're a Big Boy Now
1967,Best Performance by an Actress in a Supporting Role in any Motion Picture,False,Alfie (1966)
1967,Best Performance by an Actor in a Supporting Role in any Motion Picture,True,The Sand Pebbles
1967,Best Performance by an Actor in a Supporting Role in any Motion Picture,False,"Appaloosa, The"
1967,Best Performance by an Actor in a Supporting Role in any Motion Picture,False,Who's Afraid of Virginia Woolf?
1967,Best Performance by an Actor in a Supporting Role in any Motion Picture,False,"Man for All Seasons, A"
1967,Best Performance by an Actor in a Supporting Role in any Motion Picture,False,The Sand Pebbles
1967,Best Director - Motion Picture,True,"Man for All Seasons, A"
1967,Best Director - Motion Picture,False,Alfie (1966)
1967,Best Director - Motion Picture,False,A Man And A Woman
1967,Best Director - Motion Picture,False,Who's Afraid of Virginia Woolf?
1967,Best Director - Motion Picture,False,The Sand Pebbles
1967,Best Screenplay - Motion Picture,True,"Man for All Seasons, A"
1967,Best Screenplay - Motion Picture,False,The Sand Pebbles
1967,Best Screenplay - Motion Picture,False,Who's Afraid of Virginia Woolf?
1967,Best Screenplay - Motion Picture,False,Alfie (1966)
1967,Best Screenplay - Motion Picture,False,"Russians Are Coming, The Russians Are Coming, The"
1967,Best Original Score - Motion Picture,True,Hawaii
1967,Best Original Score - Motion Picture,False,A Man And A Woman
1967,Best Original Score - Motion Picture,False,The Sand Pebbles
1967,Best Original Score - Motion Picture,False,The Bible: In The Beginning
1967,Best Original Score - Motion Picture,False,Is Paris Burning?
1967,Best Original Song - Motion Picture,True,A Man Could Get Killed
1967,Best Original Song - Motion Picture,False,Alfie (1966)
1967,Best Original Song - Motion Picture,False,Born Free
1967,Best Original Song - Motion Picture,False,Georgy Girl
1967,Best Original Song - Motion Picture,False,A Man And A Woman
1967,Cecil B. deMille Award,False,Charlton Heston
1967,New Star Of The Year - Actress,True,Dead Heat on a Merry-Go-Round
1967,New Star Of The Year - Actress,False,"Group, The"
1967,New Star Of The Year - Actress,False,The Sand Pebbles
1967,New Star Of The Year - Actress,False,"Professionals, The"
1967,New Star Of The Year - Actress,False,Georgy Girl
1967,New Star Of The Year - Actress,False,Grand Prix
1967,New Star Of The Year - Actor,True,"Pad, The"
1967,New Star Of The Year - Actor,False,Grand Prix
1967,New Star Of The Year - Actor,False,"Russians Are Coming, The Russians Are Coming, The"
1967,New Star Of The Year - Actor,False,Georgy Girl
1967,New Star Of The Year - Actor,False,"Russians Are Coming, The Russians Are Coming, The"
1967,Television Series,True,I Spy
1967,Television Series,False,"Fugitive, The (TV)"
1967,Television Series,False,"Man From U.N.C.L.E., The"
1967,Television Series,False,Run For Your Life
1967,Television Series,False,That Girl
1967,Actress In A Leading Role - Musical Or Comedy,True,Georgy Girl
1967,Actress In A Leading Role - Musical Or Comedy,False,Morgan!
1967,Actress In A Leading Role - Musical Or Comedy,False,Any Wednesday
1967,Actress In A Leading Role - Musical Or Comedy,False,You're a Big Boy Now
1967,Actress In A Leading Role - Musical Or Comedy,False,Gambit
1967,Actor In A Television Series,True,"Dean Martin Show, The"
1967,Actor In A Television Series,False,I Spy
1967,Actor In A Television Series,False,I Spy
1967,Actor In A Television Series,False,Run For Your Life
1967,Actor In A Television Series,False,"Rat Patrol, The"
1967,Foreign Film - Foreign Language,True,A Man And A Woman
1967,Foreign Film - Foreign Language,False,Impossible On Saturday
1967,Foreign Film - Foreign Language,False,"Signore & signori (The Birds, The Bees And The Italians)"
1967,Foreign Film - Foreign Language,False,Loves of a Blonde
1967,Foreign Film - Foreign Language,False,Hamlet (1964)
1967,Foreign Film - English Language,True,Alfie (1966)
1967,Foreign Film - English Language,False,Romeo And Juliet (1966)
1967,Foreign Film - English Language,False,The Spy With A Cold Nose
1967,Foreign Film - English Language,False,Blow-Up
1967,Foreign Film - English Language,False,Georgy Girl
1967,Foreign Film - English Language,False,Morgan!
1967,Henrietta Award (World Film Favorites),True,Julie Andrews
1967,Henrietta Award (World Film Favorites),True,Steve McQueen
1967,Actress In A Television Series,True,That Girl
1967,Actress In A Television Series,False,"Pruitts of Southampton, The"
1967,Actress In A Television Series,False,I Dream of Jeannie
1967,Actress In A Television Series,False,Bewitched
1967,Actress In A Television Series,False,"Big Valley, The"
1968,Best Motion Picture - Drama,True,In the Heat of the Night
1968,Best Motion Picture - Drama,False,Bonnie and Clyde
1968,Best Motion Picture - Drama,False,Far From The Madding Crowd
1968,Best Motion Picture - Drama,False,Guess Who's Coming To Dinner
1968,Best Motion Picture - Drama,False,In Cold Blood
1968,Best Motion Picture - Musical or Comedy,True,"Graduate, The"
1968,Best Motion Picture - Musical or Comedy,False,Camelot
1968,Best Motion Picture - Musical or Comedy,False,Doctor Dolittle
1968,Best Motion Picture - Musical or Comedy,False,"Taming of the Shrew, The"
1968,Best Motion Picture - Musical or Comedy,False,Thoroughly Modern Millie
1968,Best Performance by an Actress in a Motion Picture - Drama,True,The Whisperers
1968,Best Performance by an Actress in a Motion Picture - Drama,False,Bonnie and Clyde
1968,Best Performance by an Actress in a Motion Picture - Drama,False,Wait Until Dark
1968,Best Performance by an Actress in a Motion Picture - Drama,False,Guess Who's Coming To Dinner
1968,Best Performance by an Actress in a Motion Picture - Drama,False,The Fox
1968,Best Performance by an Actor in a Motion Picture - Drama,True,In the Heat of the Night
1968,Best Performance by an Actor in a Motion Picture - Drama,False,Far From The Madding Crowd
1968,Best Performance by an Actor in a Motion Picture - Drama,False,Bonnie and Clyde
1968,Best Performance by an Actor in a Motion Picture - Drama,False,Cool Hand Luke
1968,Best Performance by an Actor in a Motion Picture - Drama,False,Guess Who's Coming To Dinner
1968,Best Performance by an Actor in a Motion Picture - Drama,False,In the Heat of the Night
1968,Best Performance by an Actor in a Motion Picture - Musical or Comedy,True,Camelot
1968,Best Performance by an Actor in a Motion Picture - Musical or Comedy,False,The Climax
1968,Best Performance by an Actor in a Motion Picture - Musical or Comedy,False,"Taming of the Shrew, The"
1968,Best Performance by an Actor in a Motion Picture - Musical or Comedy,False,Doctor Dolittle
1968,Best Performance by an Actor in a Motion Picture - Musical or Comedy,False,"Graduate, The"
1968,Best Performance by an Actress in a Supporting Role in any Motion Picture,True,Thoroughly Modern Millie
1968,Best Performance by an Actress in a Supporting Role in any Motion Picture,False,In the Heat of the Night
1968,Best Performance by an Actress in a Supporting Role in any Motion Picture,False,"Comedians, The"
1968,Best Performance by an Actress in a Supporting Role in any Motion Picture,False,In the Heat of the Night
1968,Best Performance by an Actress in a Supporting Role in any Motion Picture,False,Far From The Madding Crowd
1968,Best Performance by an Actress in a Supporting Role in any Motion Picture,False,Guess Who's Coming To Dinner
1968,Best Performance by an Actor in a Supporting Role in any Motion Picture,True,Doctor Dolittle
1968,Best Performance by an Actor in a Supporting Role in any Motion Picture,False,Wait Until Dark
1968,Best Performance by an Actor in a Supporting Role in any Motion Picture,False,"Dirty Dozen, The"
1968,Best Performance by an Actor in a Supporting Role in any Motion Picture,False,Cool Hand Luke
1968,Best Performance by an Actor in a Supporting Role in any Motion Picture,False,Bonnie and Clyde
1968,Best Director - Motion Picture,True,"Graduate, The"
1968,Best Director - Motion Picture,False,In the Heat of the Night
1968,Best Director - Motion Picture,False,Guess Who's Coming To Dinner
1968,Best Director - Motion Picture,False,Bonnie and Clyde
1968,Best Director - Motion Picture,False,The Fox
1968,Best Screenplay - Motion Picture,True,In the Heat of the Night
1968,Best Screenplay - Motion Picture,False,Bonnie and Clyde
1968,Best Screenplay - Motion Picture,False,The Fox
1968,Best Screenplay - Motion Picture,False,"Graduate, The"
1968,Best Screenplay - Motion Picture,False,Guess Who's Coming To Dinner
1968,Best Original Score - Motion Picture,True,Camelot
1968,Best Original Score - Motion Picture,False,Doctor Dolittle
1968,Best Original Score - Motion Picture,False,Live For Life
1968,Best Original Score - Motion Picture,False,Thoroughly Modern Millie
1968,Best Original Score - Motion Picture,False,Two for the Road
1968,Best Original Song - Motion Picture,True,Camelot
1968,Best Original Song - Motion Picture,False,Live For Life
1968,Best Original Song - Motion Picture,False,Ski Fever
1968,Best Original Song - Motion Picture,False,Doctor Dolittle
1968,Best Original Song - Motion Picture,False,Thoroughly Modern Millie
1968,Cecil B. deMille Award,False,Kirk Douglas
1968,New Star Of The Year - Actress,True,"Graduate, The"
1968,New Star Of The Year - Actress,False,Hurry Sundown
1968,New Star Of The Year - Actress,False,Guess Who's Coming To Dinner
1968,New Star Of The Year - Actress,False,"Graduate, The"
1968,New Star Of The Year - Actress,False,Valley of the Dolls
1968,New Star Of The Year - Actress,False,Rogues' Gallery
1968,New Star Of The Year - Actress,False,Elvira Madigan
1968,New Star Of The Year - Actor,True,"Graduate, The"
1968,New Star Of The Year - Actor,False,Three Days and a Child
1968,New Star Of The Year - Actor,False,Camelot
1968,New Star Of The Year - Actor,False,Bonnie and Clyde
1968,New Star Of The Year - Actor,False,"Happiest Millionaire, The"
1968,Television Series,True,Mission: Impossible
1968,Television Series,False,Garrison's Gorillas
1968,Television Series,False,Rowan & Martin's Laugh-In
1968,Television Series,False,"Carol Burnett Show, The"
1968,Television Series,False,"Dean Martin Show, The"
1968,Actress In A Leading Role - Musical Or Comedy,True,"Graduate, The"
1968,Actress In A Leading Role - Musical Or Comedy,False,Thoroughly Modern Millie
1968,Actress In A Leading Role - Musical Or Comedy,False,Two for the Road
1968,Actress In A Leading Role - Musical Or Comedy,False,Woman Times Seven
1968,Actress In A Leading Role - Musical Or Comedy,False,Camelot
1968,Actor In A Television Series,True,Mission: Impossible
1968,Actor In A Television Series,False,Garrison's Gorillas
1968,Actor In A Television Series,False,Run For Your Life
1968,Actor In A Television Series,False,"Dean Martin Show, The"
1968,Actor In A Television Series,False,"Andy Williams Show, The"
1968,Foreign Film - Foreign Language,True,Live For Life
1968,Foreign Film - Foreign Language,False,The Climax
1968,Foreign Film - Foreign Language,False,Closely Watched Trains
1968,Foreign Film - Foreign Language,False,Elvira Madigan
1968,Foreign Film - Foreign Language,False,The Stranger
1968,Foreign Film - English Language,True,The Fox
1968,Foreign Film - English Language,False,Accident
1968,Foreign Film - English Language,False,"Jokers, The"
1968,Foreign Film - English Language,False,Smashing Time
1968,Foreign Film - English Language,False,Ulysses
1968,Foreign Film - English Language,False,The Whisperers
1968,Henrietta Award (World Film Favorites),True,Julie Andrews
1968,Henrietta Award (World Film Favorites),True,Paul Newman
1968,Actress In A Television Series,True,"Carol Burnett Show, The"
1968,Actress In A Television Series,False,Mission: Impossible
1968,Actress In A Television Series,False,"Lucy Show, The"
1968,Actress In A Television Series,False,Movin' with Nancy
1968,Actress In A Television Series,False,"Big Valley, The"
1969,Best Motion Picture - Drama,True,The Lion in Winter
1969,Best Motion Picture - Drama,False,Charly
1969,Best Motion Picture - Drama,False,"Fixer, The"
1969,Best Motion Picture - Drama,False,"Heart Is a Lonely Hunter, The"
1969,Best Motion Picture - Drama,False,"Shoes of the Fisherman, The"
1969,Best Motion Picture - Musical or Comedy,True,Oliver!
1969,Best Motion Picture - Musical or Comedy,False,Funny Girl
1969,Best Motion Picture - Musical or Comedy,False,Finian's Rainbow
1969,Best Motion Picture - Musical or Comedy,False,"Odd Couple, The (1968)"
1969,Best Motion Picture - Musical or Comedy,False,"Yours, Mine and Ours"
1969,Best Performance by an Actress in a Motion Picture - Drama,True,"Rachel, Rachel"
1969,Best Performance by an Actress in a Motion Picture - Drama,False,"Killing of Sister George, The"
1969,Best Performance by an Actress in a Motion Picture - Drama,False,Rosemary's Baby
1969,Best Performance by an Actress in a Motion Picture - Drama,False,The Lion in Winter
1969,Best Performance by an Actress in a Motion Picture - Drama,False,Isadora
1969,Best Performance by an Actor in a Motion Picture - Drama,True,The Lion in Winter
1969,Best Performance by an Actor in a Motion Picture - Drama,False,"Heart Is a Lonely Hunter, The"
1969,Best Performance by an Actor in a Motion Picture - Drama,False,"Fixer, The"
1969,Best Performance by an Actor in a Motion Picture - Drama,False,"Boston Strangler, The"
1969,Best Performance by an Actor in a Motion Picture - Drama,False,Charly
1969,Best Performance by an Actor in a Motion Picture - Musical or Comedy,True,Oliver!
1969,Best Performance by an Actor in a Motion Picture - Musical or Comedy,False,Finian's Rainbow
1969,Best Performance by an Actor in a Motion Picture - Musical or Comedy,False,"Odd Couple, The (1968)"
1969,Best Performance by an Actor in a Motion Picture - Musical or Comedy,False,"Odd Couple, The (1968)"
1969,Best Performance by an Actor in a Motion Picture - Musical or Comedy,False,"Producers, The (1967)"
1969,Best Performance by an Actress in a Supporting Role in any Motion Picture,True,Rosemary's Baby
1969,Best Performance by an Actress in a Supporting Role in any Motion Picture,False,Finian's Rainbow
1969,Best Performance by an Actress in a Supporting Role in any Motion Picture,False,For Love of Ivy
1969,Best Performance by an Actress in a Supporting Role in any Motion Picture,False,"Heart Is a Lonely Hunter, The"
1969,Best Performance by an Actress in a Supporting Role in any Motion Picture,False,The Lion in Winter
1969,Best Performance by an Actor in a Supporting Role in any Motion Picture,True,Star!
1969,Best Performance by an Actor in a Supporting Role in any Motion Picture,False,For Love of Ivy
1969,Best Performance by an Actor in a Supporting Role in any Motion Picture,False,"Scalphunters, The"
1969,Best Performance by an Actor in a Supporting Role in any Motion Picture,False,Oliver!
1969,Best Performance by an Actor in a Supporting Role in any Motion Picture,False,"Subject Was Roses, The"
1969,Best Director - Motion Picture,True,"Rachel, Rachel"
1969,Best Director - Motion Picture,False,Romeo and Juliet
1969,Best Director - Motion Picture,False,The Lion in Winter
1969,Best Director - Motion Picture,False,Oliver!
1969,Best Director - Motion Picture,False,Funny Girl
1969,Best Screenplay - Motion Picture,True,Charly
1969,Best Screenplay - Motion Picture,False,"Fixer, The"
1969,Best Screenplay - Motion Picture,False,The Lion in Winter
1969,Best Screenplay - Motion Picture,False,"Producers, The (1967)"
1969,Best Screenplay - Motion Picture,False,Rosemary's Baby
1969,Best Original Score - Motion Picture,True,"Shoes of the Fisherman, The"
1969,Best Original Score - Motion Picture,False,Chitty Chitty Bang Bang
1969,Best Original Score - Motion Picture,False,The Lion in Winter
1969,Best Original Score - Motion Picture,False,Oliver!
1969,Best Original Score - Motion Picture,False,Romeo and Juliet
1969,Best Original Score - Motion Picture,False,Rosemary's Baby
1969,Best Original Score - Motion Picture,False,"Thomas Crown Affair, The"
1969,Best Original Song - Motion Picture,True,"Thomas Crown Affair, The"
1969,Best Original Song - Motion Picture,False,"Buona Sera, Mrs. Campbell"
1969,Best Original Song - Motion Picture,False,Chitty Chitty Bang Bang
1969,Best Original Song - Motion Picture,False,Funny Girl
1969,Best Original Song - Motion Picture,False,Star!
1969,Cecil B. deMille Award,False,Gregory Peck
1969,New Star Of The Year - Actress,True,Romeo and Juliet
1969,New Star Of The Year - Actress,False,Candy
1969,New Star Of The Year - Actress,False,"Sweet Ride, The"
1969,New Star Of The Year - Actress,False,Finian's Rainbow
1969,New Star Of The Year - Actress,False,"Heart Is a Lonely Hunter, The"
1969,New Star Of The Year - Actress,False,"I Love You, Alice B. Toklas!"
1969,New Star Of The Year - Actor,True,Romeo and Juliet
1969,New Star Of The Year - Actor,False,Paper Lion
1969,New Star Of The Year - Actor,False,Star!
1969,New Star Of The Year - Actor,False,"Sweet Ride, The"
1969,New Star Of The Year - Actor,False,Oliver!
1969,Television Series,True,Rowan & Martin's Laugh-In
1969,Television Series,False,"Carol Burnett Show, The"
1969,Television Series,False,"Doris Day Show, The"
1969,Television Series,False,Julia (TV)
1969,Television Series,False,"Name of the Game, The"
1969,Actress In A Leading Role - Musical Or Comedy,True,Funny Girl
1969,Actress In A Leading Role - Musical Or Comedy,False,Star!
1969,Actress In A Leading Role - Musical Or Comedy,False,"Yours, Mine and Ours"
1969,Actress In A Leading Role - Musical Or Comedy,False,Finian's Rainbow
1969,Actress In A Leading Role - Musical Or Comedy,False,"Buona Sera, Mrs. Campbell"
1969,Actor In A Television Series,True,Judd for the Defense
1969,Actor In A Television Series,False,Ironside
1969,Actor In A Television Series,False,Mission: Impossible
1969,Actor In A Television Series,False,"Dean Martin Show, The"
1969,Actor In A Television Series,False,"F.B.I., The"
1969,Foreign Film - Foreign Language,True,War and Peace (1966)
1969,Foreign Film - Foreign Language,False,I Even Met Happy Gypsies
1969,Foreign Film - Foreign Language,False,Shame
1969,Foreign Film - Foreign Language,False,Stolen Kisses
1969,Foreign Film - Foreign Language,False,"Bride Wore Black, The"
1969,Foreign Film - English Language,True,Romeo and Juliet
1969,Foreign Film - English Language,False,Benjamin
1969,Foreign Film - English Language,False,"Buona Sera, Mrs. Campbell"
1969,Foreign Film - English Language,False,Joanna
1969,Foreign Film - English Language,False,Poor Cow
1969,Henrietta Award (World Film Favorites),True,Sophia Loren
1969,Henrietta Award (World Film Favorites),True,Sidney Poitier
1969,Actress In A Television Series,True,Julia (TV)
1969,Actress In A Television Series,False,"Doris Day Show, The"
1969,Actress In A Television Series,False,"Ghost and Mrs. Muir, The"
1969,Actress In A Television Series,False,Bewitched
1969,Actress In A Television Series,False,Movin' with Nancy
1970,Best Motion Picture - Drama,True,Anne of the Thousand Days
1970,Best Motion Picture - Drama,False,Butch Cassidy and The Sundance Kid
1970,Best Motion Picture - Drama,False,Midnight Cowboy
1970,Best Motion Picture - Drama,False,"Prime of Miss Jean Brodie, The"
1970,Best Motion Picture - Drama,False,"They Shoot Horses, Don't They?"
1970,Best Motion Picture - Musical or Comedy,True,"Secret of Santa Vittoria, The"
1970,Best Motion Picture - Musical or Comedy,False,Cactus Flower
1970,Best Motion Picture - Musical or Comedy,False,"Goodbye, Columbus"
1970,Best Motion Picture - Musical or Comedy,False,"Hello, Dolly!"
1970,Best Motion Picture - Musical or Comedy,False,Paint Your Wagon
1970,Best Performance by an Actress in a Motion Picture - Drama,True,Anne of the Thousand Days
1970,Best Performance by an Actress in a Motion Picture - Drama,False,"Prime of Miss Jean Brodie, The"
1970,Best Performance by an Actress in a Motion Picture - Drama,False,"They Shoot Horses, Don't They?"
1970,Best Performance by an Actress in a Motion Picture - Drama,False,"Sterile Cuckoo, The"
1970,Best Performance by an Actress in a Motion Picture - Drama,False,"Happy Ending, The"
1970,Best Performance by an Actor in a Motion Picture - Drama,True,True Grit
1970,Best Performance by an Actor in a Motion Picture - Drama,False,Popi
1970,Best Performance by an Actor in a Motion Picture - Drama,False,Anne of the Thousand Days
1970,Best Performance by an Actor in a Motion Picture - Drama,False,Midnight Cowboy
1970,Best Performance by an Actor in a Motion Picture - Drama,False,Midnight Cowboy
1970,Best Performance by an Actor in a Motion Picture - Musical or Comedy,True,"Goodbye, Mr. Chips"
1970,Best Performance by an Actor in a Motion Picture - Musical or Comedy,False,Paint Your Wagon
1970,Best Performance by an Actor in a Motion Picture - Musical or Comedy,False,"Reivers, The"
1970,Best Performance by an Actor in a Motion Picture - Musical or Comedy,False,"Secret of Santa Vittoria, The"
1970,Best Performance by an Actor in a Motion Picture - Musical or Comedy,False,John and Mary
1970,Best Performance by an Actress in a Supporting Role in any Motion Picture,True,Cactus Flower
1970,Best Performance by an Actress in a Supporting Role in any Motion Picture,False,"Hello, Dolly!"
1970,Best Performance by an Actress in a Supporting Role in any Motion Picture,False,"Goodbye, Mr. Chips"
1970,Best Performance by an Actress in a Supporting Role in any Motion Picture,False,Midnight Cowboy
1970,Best Performance by an Actress in a Supporting Role in any Motion Picture,False,"They Shoot Horses, Don't They?"
1970,Best Performance by an Actor in a Supporting Role in any Motion Picture,True,"They Shoot Horses, Don't They?"
1970,Best Performance by an Actor in a Supporting Role in any Motion Picture,False,Easy Rider
1970,Best Performance by an Actor in a Supporting Role in any Motion Picture,False,Anne of the Thousand Days
1970,Best Performance by an Actor in a Supporting Role in any Motion Picture,False,"Reivers, The"
1970,Best Performance by an Actor in a Supporting Role in any Motion Picture,False,"They Shoot Horses, Don't They?"
1970,Best Director - Motion Picture,True,Anne of the Thousand Days
1970,Best Director - Motion Picture,False,"Hello, Dolly!"
1970,Best Director - Motion Picture,False,"Secret of Santa Vittoria, The"
1970,Best Director - Motion Picture,False,"They Shoot Horses, Don't They?"
1970,Best Director - Motion Picture,False,Midnight Cowboy
1970,Best Screenplay - Motion Picture,True,Anne of the Thousand Days
1970,Best Screenplay - Motion Picture,False,"If It's Tuesday, This Must Be Belgium"
1970,Best Screenplay - Motion Picture,False,John and Mary
1970,Best Screenplay - Motion Picture,False,Midnight Cowboy
1970,Best Screenplay - Motion Picture,False,Butch Cassidy and The Sundance Kid
1970,Best Original Score - Motion Picture,True,Butch Cassidy and The Sundance Kid
1970,Best Original Score - Motion Picture,False,"Secret of Santa Vittoria, The"
1970,Best Original Score - Motion Picture,False,Anne of the Thousand Days
1970,Best Original Score - Motion Picture,False,"Goodbye, Mr. Chips"
1970,Best Original Score - Motion Picture,False,"Happy Ending, The"
1970,Best Original Song - Motion Picture,True,"Prime of Miss Jean Brodie, The"
1970,Best Original Song - Motion Picture,False,"Goodbye, Columbus"
1970,Best Original Song - Motion Picture,False,Butch Cassidy and The Sundance Kid
1970,Best Original Song - Motion Picture,False,"Secret of Santa Vittoria, The"
1970,Best Original Song - Motion Picture,False,Cactus Flower
1970,Best Original Song - Motion Picture,False,True Grit
1970,Best Original Song - Motion Picture,False,"Happy Ending, The"
1970,Best Television Series - Drama,True,"Marcus Welby, M.D."
1970,Best Television Series - Drama,False,Bracken's World
1970,Best Television Series - Drama,False,Mannix
1970,Best Television Series - Drama,False,"Mod Squad, The"
1970,Best Television Series - Drama,False,Room 222
1970,Best Television Series - Musical or Comedy,True,"Carol Burnett Show, The"
1970,Best Television Series - Musical or Comedy,False,"Glen Campbell Goodtime Hour, The"
1970,Best Television Series - Musical or Comedy,False,"Governor and J. J., The"
1970,Best Television Series - Musical or Comedy,False,Love American Style
1970,Best Television Series - Musical or Comedy,False,Rowan & Martin's Laugh-In
1970,Cecil B. deMille Award,False,Joan Crawford
1970,New Star Of The Year - Actress,True,"Goodbye, Columbus"
1970,New Star Of The Year - Actress,False,Bob & Carol & Ted & Alice
1970,New Star Of The Year - Actress,False,Cactus Flower
1970,New Star Of The Year - Actress,False,"Hello, Dolly!"
1970,New Star Of The Year - Actress,False,Where It's At
1970,New Star Of The Year - Actor,True,Midnight Cowboy
1970,New Star Of The Year - Actor,False,"Damned, The"
1970,New Star Of The Year - Actor,False,True Grit
1970,New Star Of The Year - Actor,False,"Hail, Hero!"
1970,New Star Of The Year - Actor,False,On Her Majesty's Secret Service
1970,Actor In A Television Series - Musical Or Comedy,True,"Governor and J. J., The"
1970,Actor In A Television Series - Musical Or Comedy,False,"Jim Nabors Hour, The"
1970,Actor In A Television Series - Musical Or Comedy,False,"Glen Campbell Goodtime Hour, The"
1970,Actor In A Television Series - Musical Or Comedy,False,This Is Tom Jones
1970,Actor In A Television Series - Musical Or Comedy,False,"Dean Martin Show, The"
1970,Actor In A Television Series - Drama,True,Mannix
1970,Actor In A Television Series - Drama,False,Mission: Impossible
1970,Actor In A Television Series - Drama,False,Room 222
1970,Actor In A Television Series - Drama,False,It Takes a Thief
1970,Actor In A Television Series - Drama,False,"Marcus Welby, M.D."
1970,Actress In A Leading Role - Musical Or Comedy,True,"Me, Natalie"
1970,Actress In A Leading Role - Musical Or Comedy,False,Cactus Flower
1970,Actress In A Leading Role - Musical Or Comedy,False,Bob & Carol & Ted & Alice
1970,Actress In A Leading Role - Musical Or Comedy,False,Generation
1970,Actress In A Leading Role - Musical Or Comedy,False,John and Mary
1970,Actress In A Leading Role - Musical Or Comedy,False,Sweet Charity
1970,Actress In A Leading Role - Musical Or Comedy,False,"Secret of Santa Vittoria, The"
1970,Actress In A Leading Role - Musical Or Comedy,False,"Hello, Dolly!"
1970,Foreign Film - Foreign Language,True,Z
1970,Foreign Film - Foreign Language,False,Fellini Satyricon
1970,Foreign Film - Foreign Language,False,Girls in the Sun
1970,Foreign Film - Foreign Language,False,Adalen 31
1970,Foreign Film - Foreign Language,False,"Big Dig, The"
1970,Foreign Film - English Language,True,Oh! What a Lovely War
1970,Foreign Film - English Language,False,"Assassination Bureau, The"
1970,Foreign Film - English Language,False,If....
1970,Foreign Film - English Language,False,"Italian Job, The"
1970,Foreign Film - English Language,False,Mayerling
1970,Henrietta Award (World Film Favorites),True,Steve McQueen
1970,Henrietta Award (World Film Favorites),True,Barbra Streisand
1970,Actress In A Television Series - Drama,True,High Chaparral
1970,Actress In A Television Series - Drama,False,Gunsmoke
1970,Actress In A Television Series - Drama,False,"Mod Squad, The"
1970,Actress In A Television Series - Drama,False,Room 222
1970,Actress In A Television Series - Drama,False,Bracken's World
1970,Actress In A Television Series - Musical Or Comedy,True,"Carol Burnett Show, The"
1970,Actress In A Television Series - Musical Or Comedy,True,"Governor and J. J., The"
1970,Actress In A Television Series - Musical Or Comedy,False,Here's Lucy
1970,Actress In A Television Series - Musical Or Comedy,False,Julia (TV)
1970,Actress In A Television Series - Musical Or Comedy,False,I Dream of Jeannie
1970,Actress In A Television Series - Musical Or Comedy,False,"Debbie Reynolds Show, The"
1971,Best Motion Picture - Drama,True,Love Story
1971,Best Motion Picture - Drama,False,Five Easy Pieces
1971,Best Motion Picture - Drama,False,I Never Sang For My Father
1971,Best Motion Picture - Drama,False,Patton
1971,Best Motion Picture - Drama,False,Airport
1971,Best Motion Picture - Musical or Comedy,True,M*A*S*H
1971,Best Motion Picture - Musical or Comedy,False,Darling Lili
1971,Best Motion Picture - Musical or Comedy,False,Diary of a Mad Housewife
1971,Best Motion Picture - Musical or Comedy,False,Lovers and Other Strangers
1971,Best Motion Picture - Musical or Comedy,False,Scrooge
1971,Best Performance by an Actress in a Motion Picture - Drama,True,Love Story
1971,Best Performance by an Actress in a Motion Picture - Drama,False,Puzzle of a Downfall Child
1971,Best Performance by an Actress in a Motion Picture - Drama,False,Women In Love
1971,Best Performance by an Actress in a Motion Picture - Drama,False,Promise at Dawn
1971,Best Performance by an Actress in a Motion Picture - Drama,False,Ryan's Daughter
1971,Best Performance by an Actor in a Motion Picture - Drama,True,Patton
1971,Best Performance by an Actor in a Motion Picture - Drama,False,I Never Sang For My Father
1971,Best Performance by an Actor in a Motion Picture - Drama,False,"Great White Hope, The"
1971,Best Performance by an Actor in a Motion Picture - Drama,False,Five Easy Pieces
1971,Best Performance by an Actor in a Motion Picture - Drama,False,Love Story
1971,Best Performance by an Actor in a Motion Picture - Musical or Comedy,True,Scrooge
1971,Best Performance by an Actor in a Motion Picture - Musical or Comedy,False,Diary of a Mad Housewife
1971,Best Performance by an Actor in a Motion Picture - Musical or Comedy,False,M*A*S*H
1971,Best Performance by an Actor in a Motion Picture - Musical or Comedy,False,"Out-of-Towners, The"
1971,Best Performance by an Actor in a Motion Picture - Musical or Comedy,False,M*A*S*H
1971,Best Performance by an Actress in a Supporting Role in any Motion Picture,True,Five Easy Pieces
1971,Best Performance by an Actress in a Supporting Role in any Motion Picture,True,Airport
1971,Best Performance by an Actress in a Supporting Role in any Motion Picture,False,"Landlord, The"
1971,Best Performance by an Actress in a Supporting Role in any Motion Picture,False,M*A*S*H
1971,Best Performance by an Actress in a Supporting Role in any Motion Picture,False,"Hawaiians, The"
1971,Best Performance by an Actor in a Supporting Role in any Motion Picture,True,Ryan's Daughter
1971,Best Performance by an Actor in a Supporting Role in any Motion Picture,False,Little Big Man
1971,Best Performance by an Actor in a Supporting Role in any Motion Picture,False,Ryan's Daughter
1971,Best Performance by an Actor in a Supporting Role in any Motion Picture,False,Airport
1971,Best Performance by an Actor in a Supporting Role in any Motion Picture,False,Love Story
1971,Best Director - Motion Picture,True,Love Story
1971,Best Director - Motion Picture,False,M*A*S*H
1971,Best Director - Motion Picture,False,Five Easy Pieces
1971,Best Director - Motion Picture,False,Women In Love
1971,Best Director - Motion Picture,False,Patton
1971,Best Screenplay - Motion Picture,True,Love Story
1971,Best Screenplay - Motion Picture,False,Scrooge
1971,Best Screenplay - Motion Picture,False,Five Easy Pieces
1971,Best Screenplay - Motion Picture,False,Husbands
1971,Best Screenplay - Motion Picture,False,M*A*S*H
1971,Best Original Score - Motion Picture,True,Love Story
1971,Best Original Score - Motion Picture,False,Wuthering Heights
1971,Best Original Score - Motion Picture,False,Airport
1971,Best Original Score - Motion Picture,False,Cromwell
1971,Best Original Score - Motion Picture,False,Scrooge
1971,Best Original Song - Motion Picture,True,Darling Lili
1971,Best Original Song - Motion Picture,False,Little Fauss and Big Halsey
1971,Best Original Song - Motion Picture,False,Pieces of Dreams
1971,Best Original Song - Motion Picture,False,Scrooge
1971,Best Original Song - Motion Picture,False,Madron
1971,Best Television Series - Drama,True,Medical Center
1971,Best Television Series - Drama,False,"Bold Ones: The Senator, The"
1971,Best Television Series - Drama,False,"Marcus Welby, M.D."
1971,Best Television Series - Drama,False,"Mod Squad, The"
1971,Best Television Series - Drama,False,"Young Lawyers, The"
1971,Best Television Series - Musical or Comedy,True,"Carol Burnett Show, The"
1971,Best Television Series - Musical or Comedy,False,"Courtship Of Eddie's Father, The"
1971,Best Television Series - Musical or Comedy,False,Family Affair
1971,Best Television Series - Musical or Comedy,False,"Glen Campbell Goodtime Hour, The"
1971,Best Television Series - Musical or Comedy,False,"Partridge Family, The"
1971,Best Performance by an Actress In A Television Series - Drama,True,"Mod Squad, The"
1971,Best Performance by an Actress In A Television Series - Drama,False,Gunsmoke
1971,Best Performance by an Actress In A Television Series - Drama,False,High Chaparral
1971,Best Performance by an Actress In A Television Series - Drama,False,"Most Deadly Game, The"
1971,Best Performance by an Actress In A Television Series - Drama,False,Room 222
1971,Best Performance by an Actor In A Television Series - Drama,True,Mission: Impossible
1971,Best Performance by an Actor In A Television Series - Drama,False,"Marcus Welby, M.D."
1971,Best Performance by an Actor In A Television Series - Drama,False,Mannix
1971,Best Performance by an Actor In A Television Series - Drama,False,Medical Center
1971,Best Performance by an Actor In A Television Series - Drama,False,Dan August
1971,Best Performance by an Actress in a Television Series - Musical or Comedy,True,"Mary Tyler Moore Show, The"
1971,Best Performance by an Actress in a Television Series - Musical or Comedy,False,Here's Lucy
1971,Best Performance by an Actress in a Television Series - Musical or Comedy,False,"Partridge Family, The"
1971,Best Performance by an Actress in a Television Series - Musical or Comedy,False,Nanny and The Professor
1971,Best Performance by an Actress in a Television Series - Musical or Comedy,False,Bewitched
1971,Best Performance by an Actor in a Television Series - Musical or Comedy,True,"Flip Wilson Show, The"
1971,Best Performance by an Actor in a Television Series - Musical or Comedy,False,Arnie
1971,Best Performance by an Actor in a Television Series - Musical or Comedy,False,"David Frost Show, The"
1971,Best Performance by an Actor in a Television Series - Musical or Comedy,False,"Merv Griffin Show, The"
1971,Best Performance by an Actor in a Television Series - Musical or Comedy,False,Make Room For Granddaddy
1971,Cecil B. deMille Award,False,Frank Sinatra
1971,New Star Of The Year - Actress,True,Diary of a Mad Housewife
1971,New Star Of The Year - Actress,False,"Pussycat, Pussycat, I Love You"
1971,New Star Of The Year - Actress,False,Jenny
1971,New Star Of The Year - Actress,False,I Love My Wife
1971,New Star Of The Year - Actress,False,"Great White Hope, The"
1971,New Star Of The Year - Actress,False,"Liberation of L. B. Jones, The"
1971,New Star Of The Year - Actor,True,"Great White Hope, The"
1971,New Star Of The Year - Actor,False,Diary of a Mad Housewife
1971,New Star Of The Year - Actor,False,Norwood
1971,New Star Of The Year - Actor,False,"Boys in the Band, The"
1971,New Star Of The Year - Actor,False,Promise at Dawn
1971,Actress In A Leading Role - Musical Or Comedy,True,Diary of a Mad Housewife
1971,Actress In A Leading Role - Musical Or Comedy,False,Darling Lili
1971,Actress In A Leading Role - Musical Or Comedy,False,"Out-of-Towners, The"
1971,Actress In A Leading Role - Musical Or Comedy,False,Something for Everyone
1971,Actress In A Leading Role - Musical Or Comedy,False,"Owl and The Pussycat, The"
1971,Actor In A Supporting Role - Television Series,True,"Marcus Welby, M.D."
1971,Actor In A Supporting Role - Television Series,False,"Young Lawyers, The"
1971,Actor In A Supporting Role - Television Series,False,"Mod Squad, The"
1971,Actor In A Supporting Role - Television Series,False,Room 222
1971,Actor In A Supporting Role - Television Series,False,Rowan & Martin's Laugh-In
1971,Actress In A Supporting Role - Television Series,True,Mannix
1971,Actress In A Supporting Role - Television Series,False,Arnie
1971,Actress In A Supporting Role - Television Series,False,"Courtship Of Eddie's Father, The"
1971,Actress In A Supporting Role - Television Series,False,Room 222
1971,Actress In A Supporting Role - Television Series,False,Mission: Impossible
1971,Foreign Film - Foreign Language,True,Rider on the Rain
1971,Foreign Film - Foreign Language,False,Borsalino
1971,Foreign Film - Foreign Language,False,"Confession, The"
1971,Foreign Film - Foreign Language,False,Investigation of a Citizen Above Suspicion
1971,Foreign Film - Foreign Language,False,The Customer of the Off Season
1971,Foreign Film - English Language,True,Women In Love
1971,Foreign Film - English Language,False,Act of the Heart
1971,Foreign Film - English Language,False,Bloomfield
1971,Foreign Film - English Language,False,"Virgin and the Gypsy, The"
1971,Foreign Film - English Language,False,"Walking Major, The"
1971,Henrietta Award (World Film Favorites),True,Barbra Streisand
1971,Henrietta Award (World Film Favorites),True,Clint Eastwood
1972,Best Motion Picture - Drama,True,"French Connection, The"
1972,Best Motion Picture - Drama,False,"Clockwork Orange, A"
1972,Best Motion Picture - Drama,False,"Last Picture Show, The"
1972,Best Motion Picture - Drama,False,"Mary, Queen of Scots"
1972,Best Motion Picture - Drama,False,Summer of '42
1972,Best Motion Picture - Musical or Comedy,True,Fiddler on the Roof
1972,Best Motion Picture - Musical or Comedy,False,"Boy Friend, The"
1972,Best Motion Picture - Musical or Comedy,False,Kotch
1972,Best Motion Picture - Musical or Comedy,False,"New Leaf, A"
1972,Best Motion Picture - Musical or Comedy,False,Plaza Suite
1972,Best Performance by an Actress in a Motion Picture - Drama,True,Klute
1972,Best Performance by an Actress in a Motion Picture - Drama,False,Such Good Friends
1972,Best Performance by an Actress in a Motion Picture - Drama,False,"Mary, Queen of Scots"
1972,Best Performance by an Actress in a Motion Picture - Drama,False,"Mary, Queen of Scots"
1972,Best Performance by an Actress in a Motion Picture - Drama,False,Play Misty for Me
1972,Best Performance by an Actor in a Motion Picture - Drama,True,"French Connection, The"
1972,Best Performance by an Actor in a Motion Picture - Drama,False,The Hospital
1972,Best Performance by an Actor in a Motion Picture - Drama,False,Sunday Bloody Sunday
1972,Best Performance by an Actor in a Motion Picture - Drama,False,"Clockwork Orange, A"
1972,Best Performance by an Actor in a Motion Picture - Drama,False,Carnal Knowledge
1972,Best Performance by an Actor in a Motion Picture - Musical or Comedy,True,Fiddler on the Roof
1972,Best Performance by an Actor in a Motion Picture - Musical or Comedy,False,Harold and Maude
1972,Best Performance by an Actor in a Motion Picture - Musical or Comedy,False,"$1,000,000 Duck"
1972,Best Performance by an Actor in a Motion Picture - Musical or Comedy,False,Kotch
1972,Best Performance by an Actor in a Motion Picture - Musical or Comedy,False,Willy Wonka & The Chocolate Factory
1972,Best Performance by an Actress in a Supporting Role in any Motion Picture,True,Carnal Knowledge
1972,Best Performance by an Actress in a Supporting Role in any Motion Picture,False,"Last Picture Show, The"
1972,Best Performance by an Actress in a Supporting Role in any Motion Picture,False,The Hospital
1972,Best Performance by an Actress in a Supporting Role in any Motion Picture,False,Plaza Suite
1972,Best Performance by an Actress in a Supporting Role in any Motion Picture,False,"Last Picture Show, The"
1972,Best Performance by an Actor in a Supporting Role in any Motion Picture,True,"Last Picture Show, The"
1972,Best Performance by an Actor in a Supporting Role in any Motion Picture,False,Nicholas and Alexandra
1972,Best Performance by an Actor in a Supporting Role in any Motion Picture,False,Carnal Knowledge
1972,Best Performance by an Actor in a Supporting Role in any Motion Picture,False,Fiddler on the Roof
1972,Best Performance by an Actor in a Supporting Role in any Motion Picture,False,Going Home
1972,Best Director - Motion Picture,True,"French Connection, The"
1972,Best Director - Motion Picture,False,"Last Picture Show, The"
1972,Best Director - Motion Picture,False,Fiddler on the Roof
1972,Best Director - Motion Picture,False,"Clockwork Orange, A"
1972,Best Director - Motion Picture,False,Summer of '42
1972,Best Screenplay - Motion Picture,True,The Hospital
1972,Best Screenplay - Motion Picture,False,"Mary, Queen of Scots"
1972,Best Screenplay - Motion Picture,False,"French Connection, The"
1972,Best Screenplay - Motion Picture,False,Klute
1972,Best Screenplay - Motion Picture,False,Kotch
1972,Best Original Score - Motion Picture,True,Shaft
1972,Best Original Score - Motion Picture,False,Summer of '42
1972,Best Original Score - Motion Picture,False,"Andromeda Strain, The"
1972,Best Original Score - Motion Picture,False,Le Mans
1972,Best Original Score - Motion Picture,False,"Mary, Queen of Scots"
1972,Best Original Song - Motion Picture,True,Kotch
1972,Best Original Song - Motion Picture,False,Long Ago Tomorrow
1972,Best Original Song - Motion Picture,False,"African Elephant, The"
1972,Best Original Song - Motion Picture,False,Honky
1972,Best Original Song - Motion Picture,False,Shaft
1972,Best Television Series - Drama,True,Mannix
1972,Best Television Series - Drama,False,"Marcus Welby, M.D."
1972,Best Television Series - Drama,False,Medical Center
1972,Best Television Series - Drama,False,"Mod Squad, The"
1972,Best Television Series - Drama,False,"O'Hara, U. S. Treasury"
1972,Best Television Series - Musical or Comedy,True,All In The Family
1972,Best Television Series - Musical or Comedy,False,"Carol Burnett Show, The"
1972,Best Television Series - Musical or Comedy,False,"Flip Wilson Show, The"
1972,Best Television Series - Musical or Comedy,False,"Mary Tyler Moore Show, The"
1972,Best Television Series - Musical or Comedy,False,"Partridge Family, The"
1972,Cecil B. deMille Award,False,Alfred Hitchcock
1972,New Star Of The Year - Actress,True,"Boy Friend, The"
1972,New Star Of The Year - Actress,False,"$1,000,000 Duck"
1972,New Star Of The Year - Actress,False,"Last Picture Show, The"
1972,New Star Of The Year - Actress,False,Nicholas and Alexandra
1972,New Star Of The Year - Actress,False,Billy Jack
1972,New Star Of The Year - Actor,True,Red Sky at Morning
1972,New Star Of The Year - Actor,False,Nicholas and Alexandra
1972,New Star Of The Year - Actor,False,Johnny Got His Gun
1972,New Star Of The Year - Actor,False,Summer of '42
1972,New Star Of The Year - Actor,False,Shaft
1972,New Star Of The Year - Actor,False,"Seven Minutes, The"
1972,Television Movie,True,"Snow Goose, The"
1972,Television Movie,False,Brian's Song
1972,Television Movie,False,Duel
1972,Television Movie,False,"Homecoming, The"
1972,Television Movie,False,"Last Child, The"
1972,Actress In A Supporting Role - Series Or Television Movie,True,Arnie
1972,Actress In A Supporting Role - Series Or Television Movie,False,Gunsmoke
1972,Actress In A Supporting Role - Series Or Television Movie,False,Mannix
1972,Actress In A Supporting Role - Series Or Television Movie,False,All In The Family
1972,Actress In A Supporting Role - Series Or Television Movie,False,Rowan & Martin's Laugh-In
1972,Actress In A Leading Role - Drama Series Or Television Movie,True,"Homecoming, The"
1972,Actress In A Leading Role - Drama Series Or Television Movie,False,McMillan and Wife
1972,Actress In A Leading Role - Drama Series Or Television Movie,False,Mission: Impossible
1972,Actress In A Leading Role - Drama Series Or Television Movie,False,"Mod Squad, The"
1972,Actress In A Leading Role - Drama Series Or Television Movie,False,Room 222
1972,Actress In A Leading Role - Musical Or Comedy,True,"Boy Friend, The"
1972,Actress In A Leading Role - Musical Or Comedy,False,Star Spangled Girl
1972,Actress In A Leading Role - Musical Or Comedy,False,Harold and Maude
1972,Actress In A Leading Role - Musical Or Comedy,False,Bedknobs and Broomsticks
1972,Actress In A Leading Role - Musical Or Comedy,False,"New Leaf, A"
1972,Actor In A Leading Role - Drama Series Or Television Movie,True,"Marcus Welby, M.D."
1972,Actor In A Leading Role - Drama Series Or Television Movie,False,Columbo
1972,Actor In A Leading Role - Drama Series Or Television Movie,False,Ironside
1972,Actor In A Leading Role - Drama Series Or Television Movie,False,Mannix
1972,Actor In A Leading Role - Drama Series Or Television Movie,False,Cannon
1972,Actor In A Leading Role - Musical Or Comedy Series Or Television Movie,True,All In The Family
1972,Actor In A Leading Role - Musical Or Comedy Series Or Television Movie,False,Arnie
1972,Actor In A Leading Role - Musical Or Comedy Series Or Television Movie,False,"Odd Couple, The (1970)"
1972,Actor In A Leading Role - Musical Or Comedy Series Or Television Movie,False,"New Dick Van Dyke Show, The"
1972,Actor In A Leading Role - Musical Or Comedy Series Or Television Movie,False,"Flip Wilson Show, The"
1972,Actor In A Supporting Role - Series Or Television Movie,True,"Mary Tyler Moore Show, The"
1972,Actor In A Supporting Role - Series Or Television Movie,False,"Marcus Welby, M.D."
1972,Actor In A Supporting Role - Series Or Television Movie,False,"Carol Burnett Show, The"
1972,Actor In A Supporting Role - Series Or Television Movie,False,All In The Family
1972,Actor In A Supporting Role - Series Or Television Movie,False,Gunsmoke
1972,Actress In A Leading Role - Musical Or Comedy Series Or Television Movie,True,"Carol Burnett Show, The"
1972,Actress In A Leading Role - Musical Or Comedy Series Or Television Movie,False,Here's Lucy
1972,Actress In A Leading Role - Musical Or Comedy Series Or Television Movie,False,"Partridge Family, The"
1972,Actress In A Leading Role - Musical Or Comedy Series Or Television Movie,False,"Mary Tyler Moore Show, The"
1972,Actress In A Leading Role - Musical Or Comedy Series Or Television Movie,False,All In The Family
1972,Foreign Film - Foreign Language,True,"Policeman, The"
1972,Foreign Film - Foreign Language,False,Claire's Knee
1972,Foreign Film - Foreign Language,False,"Conformist, The"
1972,Foreign Film - Foreign Language,False,Tchaikovsky
1972,Foreign Film - Foreign Language,False,To Die of Love
1972,Foreign Film - English Language,True,Sunday Bloody Sunday
1972,Foreign Film - English Language,False,"African Elephant, The"
1972,Foreign Film - English Language,False,Friends (Foreign Language Film)
1972,Foreign Film - English Language,False,"Go-Between, The"
1972,Foreign Film - English Language,False,Long Ago Tomorrow
1972,Foreign Film - English Language,False,"Red Tent, The"
1972,Henrietta Award (World Film Favorites),True,Charles Bronson
1972,Henrietta Award (World Film Favorites),True,Sean Connery
1972,Henrietta Award (World Film Favorites),True,Ali MacGraw
1973,Best Motion Picture - Drama,True,"Godfather, The"
1973,Best Motion Picture - Drama,False,Deliverance
1973,Best Motion Picture - Drama,False,Frenzy
1973,Best Motion Picture - Drama,False,"Poseidon Adventure, The"
1973,Best Motion Picture - Drama,False,Sleuth
1973,Best Motion Picture - Musical or Comedy,True,Cabaret
1973,Best Motion Picture - Musical or Comedy,False,Avanti!
1973,Best Motion Picture - Musical or Comedy,False,Butterflies Are Free
1973,Best Motion Picture - Musical or Comedy,False,1776
1973,Best Motion Picture - Musical or Comedy,False,Travels with My Aunt
1973,Best Performance by an Actress in a Motion Picture - Drama,True,"Emigrants, The"
1973,Best Performance by an Actress in a Motion Picture - Drama,False,Lady Sings the Blues
1973,Best Performance by an Actress in a Motion Picture - Drama,False,Sounder
1973,Best Performance by an Actress in a Motion Picture - Drama,False,One Is a Lonely Number
1973,Best Performance by an Actress in a Motion Picture - Drama,False,Play It as It Lays
1973,Best Performance by an Actress in a Motion Picture - Drama,False,"Effect of Gamma Rays on Man-In-The-Moon Marigolds, The"
1973,Best Performance by an Actor in a Motion Picture - Drama,True,"Godfather, The"
1973,Best Performance by an Actor in a Motion Picture - Drama,False,Sleuth
1973,Best Performance by an Actor in a Motion Picture - Drama,False,Sleuth
1973,Best Performance by an Actor in a Motion Picture - Drama,False,"Godfather, The"
1973,Best Performance by an Actor in a Motion Picture - Drama,False,Deliverance
1973,Best Performance by an Actress in a Motion Picture - Musical or Comedy,True,Cabaret
1973,Best Performance by an Actress in a Motion Picture - Musical or Comedy,False,Pete 'n' Tillie
1973,Best Performance by an Actress in a Motion Picture - Musical or Comedy,False,Butterflies Are Free
1973,Best Performance by an Actress in a Motion Picture - Musical or Comedy,False,Avanti!
1973,Best Performance by an Actress in a Motion Picture - Musical or Comedy,False,Travels with My Aunt
1973,Best Performance by an Actor in a Motion Picture - Musical or Comedy,True,Avanti!
1973,Best Performance by an Actor in a Motion Picture - Musical or Comedy,False,Man of La Mancha
1973,Best Performance by an Actor in a Motion Picture - Musical or Comedy,False,Butterflies Are Free
1973,Best Performance by an Actor in a Motion Picture - Musical or Comedy,False,"Heartbreak Kid, The"
1973,Best Performance by an Actor in a Motion Picture - Musical or Comedy,False,Pete 'n' Tillie
1973,Best Performance by an Actress in a Supporting Role in any Motion Picture,True,"Poseidon Adventure, The"
1973,Best Performance by an Actress in a Supporting Role in any Motion Picture,False,Cabaret
1973,Best Performance by an Actress in a Supporting Role in any Motion Picture,False,"Heartbreak Kid, The"
1973,Best Performance by an Actress in a Supporting Role in any Motion Picture,False,Kansas City Bomber
1973,Best Performance by an Actress in a Supporting Role in any Motion Picture,False,Pete 'n' Tillie
1973,Best Performance by an Actor in a Supporting Role in any Motion Picture,True,Cabaret
1973,Best Performance by an Actor in a Supporting Role in any Motion Picture,False,"Godfather, The"
1973,Best Performance by an Actor in a Supporting Role in any Motion Picture,False,Man of La Mancha
1973,Best Performance by an Actor in a Supporting Role in any Motion Picture,False,Travels with My Aunt
1973,Best Performance by an Actor in a Supporting Role in any Motion Picture,False,Avanti!
1973,Best Director - Motion Picture,True,"Godfather, The"
1973,Best Director - Motion Picture,False,Deliverance
1973,Best Director - Motion Picture,False,Cabaret
1973,Best Director - Motion Picture,False,Frenzy
1973,Best Director - Motion Picture,False,Avanti!
1973,Best Screenplay - Motion Picture,True,"Godfather, The"
1973,Best Screenplay - Motion Picture,False,Avanti!
1973,Best Screenplay - Motion Picture,False,Cabaret
1973,Best Screenplay - Motion Picture,False,Deliverance
1973,Best Screenplay - Motion Picture,False,Frenzy
1973,Best Screenplay - Motion Picture,False,"Heartbreak Kid, The"
1973,Best Original Score - Motion Picture,True,"Godfather, The"
1973,Best Original Score - Motion Picture,False,"Poseidon Adventure, The"
1973,Best Original Score - Motion Picture,False,Frenzy
1973,Best Original Score - Motion Picture,False,"Getaway, The"
1973,Best Original Score - Motion Picture,False,Lady Sings the Blues
1973,Best Original Song - Motion Picture,True,Ben
1973,Best Original Song - Motion Picture,False,Butterflies Are Free
1973,Best Original Song - Motion Picture,False,Deliverance
1973,Best Original Song - Motion Picture,False,"Life and Times of Judge Roy Bean, The"
1973,Best Original Song - Motion Picture,False,Cabaret
1973,Best Original Song - Motion Picture,False,"Poseidon Adventure, The"
1973,Best Original Song - Motion Picture,False,Molly and Lawless John
1973,Best Original Song - Motion Picture,False,Cabaret
1973,Best Television Series - Drama,True,Columbo
1973,Best Television Series - Drama,False,America
1973,Best Television Series - Drama,False,Mannix
1973,Best Television Series - Drama,False,Medical Center
1973,Best Television Series - Drama,False,"Waltons, The"
1973,Best Television Series - Musical or Comedy,True,All In The Family
1973,Best Television Series - Musical or Comedy,False,Maude
1973,Best Television Series - Musical or Comedy,False,The Sonny and Cher Comedy Hour
1973,Best Television Series - Musical or Comedy,False,M*A*S*H (TV Show)
1973,Best Television Series - Musical or Comedy,False,"Mary Tyler Moore Show, The"
1973,Best Performance by an Actress In A Television Series - Drama,True,Mannix
1973,Best Performance by an Actress In A Television Series - Drama,False,"Delphi Bureau, The"
1973,Best Performance by an Actress In A Television Series - Drama,False,"Waltons, The"
1973,Best Performance by an Actress In A Television Series - Drama,False,"Mod Squad, The"
1973,Best Performance by an Actress In A Television Series - Drama,False,McMillan and Wife
1973,Best Performance by an Actress In A Television Series - Drama,False,"Waltons, The"
1973,Best Performance by an Actor In A Television Series - Drama,True,Columbo
1973,Best Performance by an Actor In A Television Series - Drama,False,Mannix
1973,Best Performance by an Actor In A Television Series - Drama,False,Cannon
1973,Best Performance by an Actor In A Television Series - Drama,False,Medical Center
1973,Best Performance by an Actor In A Television Series - Drama,False,"Bold Ones: The New Doctors, The"
1973,Best Performance by an Actor In A Television Series - Drama,False,"Marcus Welby, M.D."
1973,Best Performance by an Actress in a Television Series - Musical or Comedy,True,All In The Family
1973,Best Performance by an Actress in a Television Series - Musical or Comedy,False,"Mary Tyler Moore Show, The"
1973,Best Performance by an Actress in a Television Series - Musical or Comedy,False,"Julie Andrews Hour, The"
1973,Best Performance by an Actress in a Television Series - Musical or Comedy,False,Maude
1973,Best Performance by an Actress in a Television Series - Musical or Comedy,False,"Carol Burnett Show, The"
1973,Best Performance by an Actor in a Television Series - Musical or Comedy,True,Sanford and Son
1973,Best Performance by an Actor in a Television Series - Musical or Comedy,False,M*A*S*H (TV Show)
1973,Best Performance by an Actor in a Television Series - Musical or Comedy,False,"New Bill Cosby Show, The"
1973,Best Performance by an Actor in a Television Series - Musical or Comedy,False,"Paul Lynde Show, The"
1973,Best Performance by an Actor in a Television Series - Musical or Comedy,False,All In The Family
1973,Best Performance by an Actor in a Television Series - Musical or Comedy,False,"Flip Wilson Show, The"
1973,"Best Performance by an Actress in a Supporting Role in a Series, Limited Series or Motion Picture Made for Television",True,Rowan & Martin's Laugh-In
1973,"Best Performance by an Actress in a Supporting Role in a Series, Limited Series or Motion Picture Made for Television",False,"Partridge Family, The"
1973,"Best Performance by an Actress in a Supporting Role in a Series, Limited Series or Motion Picture Made for Television",False,"Mary Tyler Moore Show, The"
1973,"Best Performance by an Actress in a Supporting Role in a Series, Limited Series or Motion Picture Made for Television",False,"Carol Burnett Show, The"
1973,"Best Performance by an Actress in a Supporting Role in a Series, Limited Series or Motion Picture Made for Television",False,Bridget Loves Bernie
1973,"Best Performance by an Actress in a Supporting Role in a Series, Limited Series or Motion Picture Made for Television",False,All In The Family
1973,"Best Performance by an Actress in a Supporting Role in a Series, Limited Series or Motion Picture Made for Television",False,"Marcus Welby, M.D."
1973,"Best Performance by an Actor in a Supporting Role in a Series, Limited Series or Motion Picture Made for Television",True,"Marcus Welby, M.D."
1973,"Best Performance by an Actor in a Supporting Role in a Series, Limited Series or Motion Picture Made for Television",False,All In The Family
1973,"Best Performance by an Actor in a Supporting Role in a Series, Limited Series or Motion Picture Made for Television",False,"Mary Tyler Moore Show, The"
1973,"Best Performance by an Actor in a Supporting Role in a Series, Limited Series or Motion Picture Made for Television",False,"Mary Tyler Moore Show, The"
1973,"Best Performance by an Actor in a Supporting Role in a Series, Limited Series or Motion Picture Made for Television",False,"Carol Burnett Show, The"
1973,Cecil B. deMille Award,False,Samuel Goldwyn
1973,New Star Of The Year - Actress,True,Lady Sings the Blues
1973,New Star Of The Year - Actress,False,You'll Like My Mother
1973,New Star Of The Year - Actress,False,Cabaret
1973,New Star Of The Year - Actress,False,"Great Waltz, The"
1973,New Star Of The Year - Actress,False,"What's Up, Doc?"
1973,New Star Of The Year - Actress,False,"Life and Times of Judge Roy Bean, The"
1973,New Star Of The Year - Actor,True,Butterflies Are Free
1973,New Star Of The Year - Actor,False,When The Legends Die
1973,New Star Of The Year - Actor,False,Sounder
1973,New Star Of The Year - Actor,False,Slaughterhouse Five
1973,New Star Of The Year - Actor,False,Young Winston
1973,Television Special - Variety Or Musical,True,"Life of Leonardo Da Vinci, The"
1973,Television Special - Variety Or Musical,False,Cousteau: The Forgotten Mermaids
1973,Television Special - Variety Or Musical,False,Look Homeward Angel
1973,Television Special - Variety Or Musical,False,1972 Summer Olympics
1973,Television Special - Variety Or Musical,False,"Search for the Nile, The"
1973,Television Movie,True,That Certain Summer
1973,Television Movie,False,"Glass House, The"
1973,Television Movie,False,Kung Fu
1973,Television Movie,False,"War of Children, A"
1973,Television Movie,False,Footsteps
1973,Foreign Film - Foreign Language,True,"Emigrants, The"
1973,Foreign Film - Foreign Language,True,"New Land, The"
1973,Foreign Film - Foreign Language,False,Cries and Whispers
1973,Foreign Film - Foreign Language,False,"Discreet Charm of the Bourgeoisie, The"
1973,Foreign Film - Foreign Language,False, Roma (1972)
1973,Foreign Film - Foreign Language,False,Mirage
1973,Foreign Film - English Language,True,Young Winston
1973,Foreign Film - English Language,False,"Ruling Class, The"
1973,Foreign Film - English Language,False,Images
1973,Foreign Film - English Language,False,Living Free
1973,Foreign Film - English Language,False,"X, Y & Zee"
1973,Henrietta Award (World Film Favorites),True,Marlon Brando
1973,Henrietta Award (World Film Favorites),True,Jane Fonda
1973,Documentary,True,Elvis on Tour
1973,Documentary,True,Walls of Fire
1973,Documentary,False,Marjoe
1973,Documentary,False,Russia
1973,Documentary,False,Sapporo Winter Olympics
1974,Best Motion Picture - Drama,True,"Exorcist, The"
1974,Best Motion Picture - Drama,False,"Day of the Jackal, The"
1974,Best Motion Picture - Drama,False,Last Tango in Paris
1974,Best Motion Picture - Drama,False,Save the Tiger
1974,Best Motion Picture - Drama,False,Serpico
1974,Best Motion Picture - Drama,False,Cinderella Liberty
1974,Best Motion Picture - Musical or Comedy,True,American Graffiti
1974,Best Motion Picture - Musical or Comedy,False,Jesus Christ Superstar
1974,Best Motion Picture - Musical or Comedy,False,Paper Moon
1974,Best Motion Picture - Musical or Comedy,False,Tom Sawyer
1974,Best Motion Picture - Musical or Comedy,False,"Touch of Class, A"
1974,Best Performance by an Actress in a Motion Picture - Drama,True,Cinderella Liberty
1974,Best Performance by an Actress in a Motion Picture - Drama,False,"Exorcist, The"
1974,Best Performance by an Actress in a Motion Picture - Drama,False,"Way We Were, The"
1974,Best Performance by an Actress in a Motion Picture - Drama,False,Ash Wednesday
1974,Best Performance by an Actress in a Motion Picture - Drama,False,"Summer Wishes, Winter Dreams"
1974,Best Performance by an Actor in a Motion Picture - Drama,True,Serpico
1974,Best Performance by an Actor in a Motion Picture - Drama,False,Electra Glide In Blue
1974,Best Performance by an Actor in a Motion Picture - Drama,False,Save the Tiger
1974,Best Performance by an Actor in a Motion Picture - Drama,False,Papillon
1974,Best Performance by an Actor in a Motion Picture - Drama,False,"Last Detail, The"
1974,Best Performance by an Actress in a Motion Picture - Musical or Comedy,True,"Touch of Class, A"
1974,Best Performance by an Actress in a Motion Picture - Musical or Comedy,False,Jesus Christ Superstar
1974,Best Performance by an Actress in a Motion Picture - Musical or Comedy,False,Charley and The Angel
1974,Best Performance by an Actress in a Motion Picture - Musical or Comedy,False,Paper Moon
1974,Best Performance by an Actress in a Motion Picture - Musical or Comedy,False,40 Carats
1974,Best Performance by an Actor in a Motion Picture - Musical or Comedy,True,"Touch of Class, A"
1974,Best Performance by an Actor in a Motion Picture - Musical or Comedy,False,American Graffiti
1974,Best Performance by an Actor in a Motion Picture - Musical or Comedy,False,Jesus Christ Superstar
1974,Best Performance by an Actor in a Motion Picture - Musical or Comedy,False,Paper Moon
1974,Best Performance by an Actor in a Motion Picture - Musical or Comedy,False,Jesus Christ Superstar
1974,Best Performance by an Actress in a Supporting Role in any Motion Picture,True,"Exorcist, The"
1974,Best Performance by an Actress in a Supporting Role in any Motion Picture,False,Day for Night
1974,Best Performance by an Actress in a Supporting Role in any Motion Picture,False,Paper Moon
1974,Best Performance by an Actress in a Supporting Role in any Motion Picture,False,"Delicate Balance, A"
1974,Best Performance by an Actress in a Supporting Role in any Motion Picture,False,"Summer Wishes, Winter Dreams"
1974,Best Performance by an Actor in a Supporting Role in any Motion Picture,True,"Paper Chase, The"
1974,Best Performance by an Actor in a Supporting Role in any Motion Picture,False,Save the Tiger
1974,Best Performance by an Actor in a Supporting Role in any Motion Picture,False,"Last Detail, The"
1974,Best Performance by an Actor in a Supporting Role in any Motion Picture,False,"Exorcist, The"
1974,Best Performance by an Actor in a Supporting Role in any Motion Picture,False,"Summer Wishes, Winter Dreams"
1974,Best Director - Motion Picture,True,"Exorcist, The"
1974,Best Director - Motion Picture,False,Last Tango in Paris
1974,Best Director - Motion Picture,False,Paper Moon
1974,Best Director - Motion Picture,False,American Graffiti
1974,Best Director - Motion Picture,False,"Day of the Jackal, The"
1974,Best Screenplay - Motion Picture,True,"Exorcist, The"
1974,Best Screenplay - Motion Picture,False,Cinderella Liberty
1974,Best Screenplay - Motion Picture,False,"Day of the Jackal, The"
1974,Best Screenplay - Motion Picture,False,"Sting, The"
1974,Best Screenplay - Motion Picture,False,"Touch of Class, A"
1974,Best Motion Picture - Foreign Language,True,"West Germany, Maximilian Schell"
1974,Best Motion Picture - Foreign Language,False,"Italy, Pietro Germi"
1974,Best Motion Picture - Foreign Language,False,"France, François Truffaut"
1974,Best Motion Picture - Foreign Language,False,"Israel, Menahem Golan"
1974,Best Motion Picture - Foreign Language,False,"France, Constantin Costa-Gavras"
1974,Best Original Score - Motion Picture,True,Jonathan Livingston Seagull
1974,Best Original Score - Motion Picture,False,Breezy
1974,Best Original Score - Motion Picture,False,Cinderella Liberty
1974,Best Original Score - Motion Picture,False,"Day of the Dolphin, The"
1974,Best Original Score - Motion Picture,False,O Lucky Man!
1974,Best Original Score - Motion Picture,False,Tom Sawyer
1974,Best Original Song - Motion Picture,True,"Way We Were, The"
1974,Best Original Song - Motion Picture,False,Breezy
1974,Best Original Song - Motion Picture,False,Jonathan Livingston Seagull
1974,Best Original Song - Motion Picture,False,Kazablan
1974,Best Original Song - Motion Picture,False,Oklahoma Crude
1974,Best Original Song - Motion Picture,False,"Touch of Class, A"
1974,Best Television Series - Drama,True,"Waltons, The"
1974,Best Television Series - Drama,False,Cannon
1974,Best Television Series - Drama,False,Columbo
1974,Best Television Series - Drama,False,Hawkins
1974,Best Television Series - Drama,False,Mannix
1974,Best Television Series - Drama,False,Police Story
1974,Best Television Series - Musical or Comedy,True,All In The Family
1974,Best Television Series - Musical or Comedy,False,"Carol Burnett Show, The"
1974,Best Television Series - Musical or Comedy,False,"Mary Tyler Moore Show, The"
1974,Best Television Series - Musical or Comedy,False,Sanford and Son
1974,Best Television Series - Musical or Comedy,False,The Sonny and Cher Comedy Hour
1974,Best Performance by an Actress In A Television Series - Drama,True,"Blue Knight, The"
1974,Best Performance by an Actress In A Television Series - Drama,False,"Waltons, The"
1974,Best Performance by an Actress In A Television Series - Drama,False,Emergency
1974,Best Performance by an Actress In A Television Series - Drama,False,General Hospital
1974,Best Performance by an Actress In A Television Series - Drama,False,McMillan and Wife
1974,Best Performance by an Actor In A Television Series - Drama,True,Hawkins
1974,Best Performance by an Actor In A Television Series - Drama,False,Kung Fu
1974,Best Performance by an Actor In A Television Series - Drama,False,Mannix
1974,Best Performance by an Actor In A Television Series - Drama,False,Columbo
1974,Best Performance by an Actor In A Television Series - Drama,False,"Waltons, The"
1974,Best Performance by an Actor In A Television Series - Drama,False,"Marcus Welby, M.D."
1974,Best Performance by an Actress in a Television Series - Musical or Comedy,True,The Sonny and Cher Comedy Hour
1974,Best Performance by an Actress in a Television Series - Musical or Comedy,True,All In The Family
1974,Best Performance by an Actress in a Television Series - Musical or Comedy,False,Maude
1974,Best Performance by an Actress in a Television Series - Musical or Comedy,False,"Carol Burnett Show, The"
1974,Best Performance by an Actress in a Television Series - Musical or Comedy,False,"Mary Tyler Moore Show, The"
1974,Best Performance by an Actor in a Television Series - Musical or Comedy,True,"Odd Couple, The (1970)"
1974,Best Performance by an Actor in a Television Series - Musical or Comedy,False,M*A*S*H (TV Show)
1974,Best Performance by an Actor in a Television Series - Musical or Comedy,False,Lotsa Luck
1974,Best Performance by an Actor in a Television Series - Musical or Comedy,False,Sanford and Son
1974,Best Performance by an Actor in a Television Series - Musical or Comedy,False,All In The Family
1974,"Best Performance by an Actress in a Supporting Role in a Series, Limited Series or Motion Picture Made for Television",True,"Waltons, The"
1974,"Best Performance by an Actress in a Supporting Role in a Series, Limited Series or Motion Picture Made for Television",False,Mannix
1974,"Best Performance by an Actress in a Supporting Role in a Series, Limited Series or Motion Picture Made for Television",False,"Mary Tyler Moore Show, The"
1974,"Best Performance by an Actress in a Supporting Role in a Series, Limited Series or Motion Picture Made for Television",False,All In The Family
1974,"Best Performance by an Actress in a Supporting Role in a Series, Limited Series or Motion Picture Made for Television",False,M*A*S*H (TV Show)
1974,"Best Performance by an Actor in a Supporting Role in a Series, Limited Series or Motion Picture Made for Television",True,M*A*S*H (TV Show)
1974,"Best Performance by an Actor in a Supporting Role in a Series, Limited Series or Motion Picture Made for Television",False,"Mary Tyler Moore Show, The"
1974,"Best Performance by an Actor in a Supporting Role in a Series, Limited Series or Motion Picture Made for Television",False,"Waltons, The"
1974,"Best Performance by an Actor in a Supporting Role in a Series, Limited Series or Motion Picture Made for Television",False,"Carol Burnett Show, The"
1974,"Best Performance by an Actor in a Supporting Role in a Series, Limited Series or Motion Picture Made for Television",False,Hawkins
1974,"Best Performance by an Actor in a Supporting Role in a Series, Limited Series or Motion Picture Made for Television",False,All In The Family
1974,Cecil B. deMille Award,False,Bette Davis
1974,New Star Of The Year - Actress,True,Paper Moon
1974,New Star Of The Year - Actress,False,"Exorcist, The"
1974,New Star Of The Year - Actress,False,Breezy
1974,New Star Of The Year - Actress,False,Dillinger
1974,New Star Of The Year - Actress,False,Time To Run
1974,New Star Of The Year - Actor,True,American Graffiti
1974,New Star Of The Year - Actor,False,Cinderella Liberty
1974,New Star Of The Year - Actor,False,Jesus Christ Superstar
1974,New Star Of The Year - Actor,False,Jesus Christ Superstar
1974,New Star Of The Year - Actor,False,Jeremy
1974,Henrietta Award (World Film Favorites),True,Marlon Brando
1974,Henrietta Award (World Film Favorites),True,Elizabeth Taylor
1974,Documentary,True,Visions of Eight
1974,Documentary,False,Love
1974,Documentary,False,"Movies That Made Us, The"
1974,Documentary,False,"Second Gun, The"
1974,Documentary,False,Wattstax
1975,Best Motion Picture - Drama,True,Chinatown
1975,Best Motion Picture - Drama,False,"Conversation, The"
1975,Best Motion Picture - Drama,False,Earthquake
1975,Best Motion Picture - Drama,False,"Godfather Part II, The"
1975,Best Motion Picture - Drama,False,"Woman Under The Influence, A"
1975,Best Motion Picture - Musical or Comedy,True,The Longest Yard
1975,Best Motion Picture - Musical or Comedy,False,Harry & Tonto
1975,Best Motion Picture - Musical or Comedy,False,"Little Prince, The"
1975,Best Motion Picture - Musical or Comedy,False,"Three Musketeers, The"
1975,Best Motion Picture - Musical or Comedy,False,"Front Page, The"
1975,Best Performance by an Actress in a Motion Picture - Drama,True,"Woman Under The Influence, A"
1975,Best Performance by an Actress in a Motion Picture - Drama,False,Chinatown
1975,Best Performance by an Actress in a Motion Picture - Drama,False,Lenny
1975,Best Performance by an Actress in a Motion Picture - Drama,False,Scenes From a Marriage
1975,Best Performance by an Actress in a Motion Picture - Drama,False,Alice Doesn't Live Here Anymore
1975,Best Performance by an Actor in a Motion Picture - Drama,True,Chinatown
1975,Best Performance by an Actor in a Motion Picture - Drama,False,"Gambler, The"
1975,Best Performance by an Actor in a Motion Picture - Drama,False,"Conversation, The"
1975,Best Performance by an Actor in a Motion Picture - Drama,False,Lenny
1975,Best Performance by an Actor in a Motion Picture - Drama,False,"Godfather Part II, The"
1975,Best Performance by an Actress in a Motion Picture - Musical or Comedy,True,"Three Musketeers, The"
1975,Best Performance by an Actress in a Motion Picture - Musical or Comedy,False,Mame
1975,Best Performance by an Actress in a Motion Picture - Musical or Comedy,False,Claudine
1975,Best Performance by an Actress in a Motion Picture - Musical or Comedy,False,Herbie Rides Again
1975,Best Performance by an Actress in a Motion Picture - Musical or Comedy,False,Young Frankenstein
1975,Best Performance by an Actor in a Motion Picture - Musical or Comedy,True,Harry & Tonto
1975,Best Performance by an Actor in a Motion Picture - Musical or Comedy,False,The Longest Yard
1975,Best Performance by an Actor in a Motion Picture - Musical or Comedy,False,Claudine
1975,Best Performance by an Actor in a Motion Picture - Musical or Comedy,False,"Front Page, The"
1975,Best Performance by an Actor in a Motion Picture - Musical or Comedy,False,"Front Page, The"
1975,Best Performance by an Actress in a Supporting Role in any Motion Picture,True,"Great Gatsby, The"
1975,Best Performance by an Actress in a Supporting Role in any Motion Picture,False,Mame
1975,Best Performance by an Actress in a Supporting Role in any Motion Picture,False,The Towering Inferno
1975,Best Performance by an Actress in a Supporting Role in any Motion Picture,False,Young Frankenstein
1975,Best Performance by an Actress in a Supporting Role in any Motion Picture,False,Alice Doesn't Live Here Anymore
1975,Best Performance by an Actor in a Supporting Role in any Motion Picture,True,The Towering Inferno
1975,Best Performance by an Actor in a Supporting Role in any Motion Picture,False,The Longest Yard
1975,Best Performance by an Actor in a Supporting Role in any Motion Picture,False,"Great Gatsby, The"
1975,Best Performance by an Actor in a Supporting Role in any Motion Picture,False,Chinatown
1975,Best Performance by an Actor in a Supporting Role in any Motion Picture,False,"Great Gatsby, The"
1975,Best Director - Motion Picture,True,Chinatown
1975,Best Director - Motion Picture,False,"Woman Under The Influence, A"
1975,Best Director - Motion Picture,False,"Conversation, The"
1975,Best Director - Motion Picture,False,"Godfather Part II, The"
1975,Best Director - Motion Picture,False,Lenny
1975,Best Screenplay - Motion Picture,True,Chinatown
1975,Best Screenplay - Motion Picture,False,"Conversation, The"
1975,Best Screenplay - Motion Picture,False,"Godfather Part II, The"
1975,Best Screenplay - Motion Picture,False,The Towering Inferno
1975,Best Screenplay - Motion Picture,False,"Woman Under The Influence, A"
1975,Best Motion Picture - Foreign Language,True,"Sweden, Ingmar Bergman"
1975,Best Motion Picture - Foreign Language,False,"Italy, Federico Fellini"
1975,Best Motion Picture - Foreign Language,False,"Canada, Ted Kotcheff"
1975,Best Motion Picture - Foreign Language,False,"France, Louis Malle"
1975,Best Motion Picture - Foreign Language,False,"France, Gérard Oury"
1975,Best Original Score - Motion Picture,True,"Little Prince, The"
1975,Best Original Score - Motion Picture,False,Chinatown
1975,Best Original Score - Motion Picture,False,Earthquake
1975,Best Original Score - Motion Picture,False,"Godfather Part II, The"
1975,Best Original Score - Motion Picture,False,Phantom of the Paradise
1975,Best Original Song - Motion Picture,True,Benji
1975,Best Original Song - Motion Picture,False,"Dove, The"
1975,Best Original Song - Motion Picture,False,The Towering Inferno
1975,Best Original Song - Motion Picture,False,"Little Prince, The"
1975,Best Original Song - Motion Picture,False,Claudine
1975,Best Television Series - Drama,True,Upstairs/Downstairs
1975,Best Television Series - Drama,False,Columbo
1975,Best Television Series - Drama,False,Kojak
1975,Best Television Series - Drama,False,Police Story
1975,Best Television Series - Drama,False,"Streets of San Francisco, The"
1975,Best Television Series - Drama,False,"Waltons, The"
1975,Best Television Series - Musical or Comedy,True,Rhoda
1975,Best Television Series - Musical or Comedy,False,Maude
1975,Best Television Series - Musical or Comedy,False,All In The Family
1975,Best Television Series - Musical or Comedy,False,"Carol Burnett Show, The"
1975,Best Television Series - Musical or Comedy,False,"Mary Tyler Moore Show, The"
1975,Best Performance by an Actress In A Television Series - Drama,True,Police Woman
1975,Best Performance by an Actress In A Television Series - Drama,False,Get Christie Love
1975,Best Performance by an Actress In A Television Series - Drama,False,"Waltons, The"
1975,Best Performance by an Actress In A Television Series - Drama,False,Upstairs/Downstairs
1975,Best Performance by an Actress In A Television Series - Drama,False,Barnaby Jones
1975,Best Performance by an Actor In A Television Series - Drama,True,Kojak
1975,Best Performance by an Actor In A Television Series - Drama,False,"Waltons, The"
1975,Best Performance by an Actor In A Television Series - Drama,False,Mannix
1975,Best Performance by an Actor In A Television Series - Drama,False,"Streets of San Francisco, The"
1975,Best Performance by an Actor In A Television Series - Drama,False,Columbo
1975,Best Performance by an Actress in a Television Series - Musical or Comedy,True,Rhoda
1975,Best Performance by an Actress in a Television Series - Musical or Comedy,False,"Carol Burnett Show, The"
1975,Best Performance by an Actress in a Television Series - Musical or Comedy,False,"Mary Tyler Moore Show, The"
1975,Best Performance by an Actress in a Television Series - Musical or Comedy,False,Good Times
1975,Best Performance by an Actress in a Television Series - Musical or Comedy,False,All In The Family
1975,Best Performance by an Actor in a Television Series - Musical or Comedy,True,M*A*S*H (TV Show)
1975,Best Performance by an Actor in a Television Series - Musical or Comedy,False,"Mary Tyler Moore Show, The"
1975,Best Performance by an Actor in a Television Series - Musical or Comedy,False,Sanford and Son
1975,Best Performance by an Actor in a Television Series - Musical or Comedy,False,"Bob Newhart Show, The"
1975,Best Performance by an Actor in a Television Series - Musical or Comedy,False,All In The Family
1975,"Best Performance by an Actress in a Supporting Role in a Series, Limited Series or Motion Picture Made for Television",True,All In The Family
1975,"Best Performance by an Actress in a Supporting Role in a Series, Limited Series or Motion Picture Made for Television",False,"Waltons, The"
1975,"Best Performance by an Actress in a Supporting Role in a Series, Limited Series or Motion Picture Made for Television",False,Rhoda
1975,"Best Performance by an Actress in a Supporting Role in a Series, Limited Series or Motion Picture Made for Television",False,"Carol Burnett Show, The"
1975,"Best Performance by an Actress in a Supporting Role in a Series, Limited Series or Motion Picture Made for Television",False,McMillan and Wife
1975,"Best Performance by an Actor in a Supporting Role in a Series, Limited Series or Motion Picture Made for Television",True,"Carol Burnett Show, The"
1975,"Best Performance by an Actor in a Supporting Role in a Series, Limited Series or Motion Picture Made for Television",False,"Waltons, The"
1975,"Best Performance by an Actor in a Supporting Role in a Series, Limited Series or Motion Picture Made for Television",False,"Mary Tyler Moore Show, The"
1975,"Best Performance by an Actor in a Supporting Role in a Series, Limited Series or Motion Picture Made for Television",False,Sanford and Son
1975,"Best Performance by an Actor in a Supporting Role in a Series, Limited Series or Motion Picture Made for Television",False,Good Times
1975,Cecil B. deMille Award,False,Hal B. Wallis
1975,New Star Of The Year - Actress,True,The Towering Inferno
1975,New Star Of The Year - Actress,False,Where the Lilies Bloom
1975,New Star Of The Year - Actress,False,Freebie and The Bean
1975,New Star Of The Year - Actress,False,Airport 1975
1975,New Star Of The Year - Actress,False,99 and 44/100% Dead
1975,New Star Of The Year - Actor,True,"Dove, The"
1975,New Star Of The Year - Actor,False,"Little Prince, The"
1975,New Star Of The Year - Actor,False,"Great Gatsby, The"
1975,New Star Of The Year - Actor,False,The Longest Yard
1975,New Star Of The Year - Actor,False,"Godfather Part II, The"
1975,Henrietta Award (World Film Favorites),True,Robert Redford
1975,Henrietta Award (World Film Favorites),True,Barbra Streisand
1975,Documentary,True,Animals Are Beautiful People
1975,Documentary,False,"Birds Do It, Bees Do It"
1975,Documentary,False,"Challenge, The"
1975,Documentary,False,Hearts and Minds
1975,Documentary,False,I am a Dancer
1975,Documentary,False,Janis
1976,Best Motion Picture - Drama,True,One Flew Over The Cuckoo's Nest
1976,Best Motion Picture - Drama,False,Barry Lyndon
1976,Best Motion Picture - Drama,False,Dog Day Afternoon
1976,Best Motion Picture - Drama,False,Jaws
1976,Best Motion Picture - Drama,False,Nashville
1976,Best Motion Picture - Musical or Comedy,True,"Sunshine Boys, The"
1976,Best Motion Picture - Musical or Comedy,False,Funny Lady
1976,Best Motion Picture - Musical or Comedy,False,"Return of the Pink Panther, The"
1976,Best Motion Picture - Musical or Comedy,False,Shampoo
1976,Best Motion Picture - Musical or Comedy,False,Tommy
1976,Best Performance by an Actress in a Motion Picture - Drama,True,One Flew Over The Cuckoo's Nest
1976,Best Performance by an Actress in a Motion Picture - Drama,False,Hedda
1976,Best Performance by an Actress in a Motion Picture - Drama,False,"Day of the Locust, The"
1976,Best Performance by an Actress in a Motion Picture - Drama,False,Three Days of the Condor
1976,Best Performance by an Actress in a Motion Picture - Drama,False,"Other Side of the Mountain, The"
1976,Best Performance by an Actor in a Motion Picture - Drama,True,One Flew Over The Cuckoo's Nest
1976,Best Performance by an Actor in a Motion Picture - Drama,False,French Connection II
1976,Best Performance by an Actor in a Motion Picture - Drama,False,Dog Day Afternoon
1976,Best Performance by an Actor in a Motion Picture - Drama,False,"Man in the Glass Booth, The"
1976,Best Performance by an Actor in a Motion Picture - Drama,False,"Give 'Em Hell, Harry!"
1976,Best Performance by an Actress in a Motion Picture - Musical or Comedy,True,Tommy
1976,Best Performance by an Actress in a Motion Picture - Musical or Comedy,False,Shampoo
1976,Best Performance by an Actress in a Motion Picture - Musical or Comedy,False,Shampoo
1976,Best Performance by an Actress in a Motion Picture - Musical or Comedy,False,Lucky Lady
1976,Best Performance by an Actress in a Motion Picture - Musical or Comedy,False,Funny Lady
1976,Best Performance by an Actor in a Motion Picture - Musical or Comedy,True,"Sunshine Boys, The"
1976,Best Performance by an Actor in a Motion Picture - Musical or Comedy,False,Funny Lady
1976,Best Performance by an Actor in a Motion Picture - Musical or Comedy,False,"Return of the Pink Panther, The"
1976,Best Performance by an Actor in a Motion Picture - Musical or Comedy,False,Shampoo
1976,Best Performance by an Actress in a Supporting Role in any Motion Picture,True,Jacqueline Susann's Once Is Not Enough
1976,Best Performance by an Actress in a Supporting Role in any Motion Picture,False,Nashville
1976,Best Performance by an Actress in a Supporting Role in any Motion Picture,False,Nashville
1976,Best Performance by an Actress in a Supporting Role in any Motion Picture,False,Shampoo
1976,Best Performance by an Actress in a Supporting Role in any Motion Picture,False,Nashville
1976,Best Performance by an Actress in a Supporting Role in any Motion Picture,False,Nashville
1976,Best Performance by an Actor in a Supporting Role in any Motion Picture,True,"Sunshine Boys, The"
1976,Best Performance by an Actor in a Supporting Role in any Motion Picture,False,Dog Day Afternoon
1976,Best Performance by an Actor in a Supporting Role in any Motion Picture,False,Nashville
1976,Best Performance by an Actor in a Supporting Role in any Motion Picture,False,"Day of the Locust, The"
1976,Best Performance by an Actor in a Supporting Role in any Motion Picture,False,Dog Day Afternoon
1976,Best Director - Motion Picture,True,One Flew Over The Cuckoo's Nest
1976,Best Director - Motion Picture,False,Nashville
1976,Best Director - Motion Picture,False,Barry Lyndon
1976,Best Director - Motion Picture,False,Dog Day Afternoon
1976,Best Director - Motion Picture,False,Jaws
1976,Best Screenplay - Motion Picture,True,One Flew Over The Cuckoo's Nest
1976,Best Screenplay - Motion Picture,False,Dog Day Afternoon
1976,Best Screenplay - Motion Picture,False,Jaws
1976,Best Screenplay - Motion Picture,False,Nashville
1976,Best Screenplay - Motion Picture,False,"Sunshine Boys, The"
1976,Best Motion Picture - Foreign Language,True,"Canada, Ján Kadár"
1976,Best Motion Picture - Foreign Language,False,"United Kingdom, Trevor Nunn"
1976,Best Motion Picture - Foreign Language,False,"Sweden, Ingmar Bergman"
1976,Best Motion Picture - Foreign Language,False,"Italy, Constantin Costa-Gavras"
1976,Best Motion Picture - Foreign Language,False,"France, Claude Lelouch"
1976,Best Original Score - Motion Picture,True,Jaws
1976,Best Original Score - Motion Picture,False,"Man Who Would Be King, The"
1976,Best Original Score - Motion Picture,False,"Other Side of the Mountain, The"
1976,Best Original Score - Motion Picture,False,"Return of the Pink Panther, The"
1976,Best Original Score - Motion Picture,False,Funny Lady
1976,Best Original Song - Motion Picture,True,Nashville
1976,Best Original Song - Motion Picture,False,Paper Tiger
1976,Best Original Song - Motion Picture,False,Whiffs
1976,Best Original Song - Motion Picture,False,"Other Side of the Mountain, The"
1976,Best Original Song - Motion Picture,False,Funny Lady
1976,Best Television Series - Drama,True,Kojak
1976,Best Television Series - Drama,False,Baretta
1976,Best Television Series - Drama,False,Columbo
1976,Best Television Series - Drama,False,Petrocelli
1976,Best Television Series - Drama,False,Police Story
1976,Best Television Series - Musical or Comedy,True,Barney Miller
1976,Best Television Series - Musical or Comedy,False,"Carol Burnett Show, The"
1976,Best Television Series - Musical or Comedy,False,Chico and The Man
1976,Best Television Series - Musical or Comedy,False,"Mary Tyler Moore Show, The"
1976,Best Television Series - Musical or Comedy,False,All In The Family
1976,Best Performance by an Actress In A Television Series - Drama,True,Jennie: Lady Randolph Churchill
1976,Best Performance by an Actress In A Television Series - Drama,False,Police Woman
1976,Best Performance by an Actress In A Television Series - Drama,False,Notorious Woman
1976,Best Performance by an Actress In A Television Series - Drama,False,"Waltons, The"
1976,Best Performance by an Actress In A Television Series - Drama,False,Barnaby Jones
1976,Best Performance by an Actor In A Television Series - Drama,True,Baretta
1976,Best Performance by an Actor In A Television Series - Drama,True,Kojak
1976,Best Performance by an Actor In A Television Series - Drama,False,Columbo
1976,Best Performance by an Actor In A Television Series - Drama,False,"Streets of San Francisco, The"
1976,Best Performance by an Actor In A Television Series - Drama,False,Petrocelli
1976,Best Performance by an Actress in a Television Series - Musical or Comedy,True,Phyllis
1976,Best Performance by an Actress in a Television Series - Musical or Comedy,False,Maude
1976,Best Performance by an Actress in a Television Series - Musical or Comedy,False,"Carol Burnett Show, The"
1976,Best Performance by an Actress in a Television Series - Musical or Comedy,False,Rhoda
1976,Best Performance by an Actress in a Television Series - Musical or Comedy,False,"Mary Tyler Moore Show, The"
1976,Best Performance by an Actor in a Television Series - Musical or Comedy,True,M*A*S*H (TV Show)
1976,Best Performance by an Actor in a Television Series - Musical or Comedy,False,Sanford and Son
1976,Best Performance by an Actor in a Television Series - Musical or Comedy,False,Barney Miller
1976,Best Performance by an Actor in a Television Series - Musical or Comedy,False,"Bob Newhart Show, The"
1976,Best Performance by an Actor in a Television Series - Musical or Comedy,False,All In The Family
1976,Best Performance by an Actor in a Television Series - Musical or Comedy,False,"Tonight Show, The"
1976,"Best Performance by an Actress in a Supporting Role in a Series, Limited Series or Motion Picture Made for Television",True,Maude
1976,"Best Performance by an Actress in a Supporting Role in a Series, Limited Series or Motion Picture Made for Television",False,Petrocelli
1976,"Best Performance by an Actress in a Supporting Role in a Series, Limited Series or Motion Picture Made for Television",False,Rhoda
1976,"Best Performance by an Actress in a Supporting Role in a Series, Limited Series or Motion Picture Made for Television",False,Rhoda
1976,"Best Performance by an Actress in a Supporting Role in a Series, Limited Series or Motion Picture Made for Television",False,McMillan and Wife
1976,"Best Performance by an Actor in a Supporting Role in a Series, Limited Series or Motion Picture Made for Television",True,"Mary Tyler Moore Show, The"
1976,"Best Performance by an Actor in a Supporting Role in a Series, Limited Series or Motion Picture Made for Television",True,"Carol Burnett Show, The"
1976,"Best Performance by an Actor in a Supporting Role in a Series, Limited Series or Motion Picture Made for Television",False,"Mary Tyler Moore Show, The"
1976,"Best Performance by an Actor in a Supporting Role in a Series, Limited Series or Motion Picture Made for Television",False,All In The Family
1976,"Best Performance by an Actor in a Supporting Role in a Series, Limited Series or Motion Picture Made for Television",False,Good Times
1976,New Star Of The Year - Actress,True,"Other Side of the Mountain, The"
1976,New Star Of The Year - Actress,False,Nashville
1976,New Star Of The Year - Actress,False,"Master Gunfighter, The"
1976,New Star Of The Year - Actress,False,"Fortune, The"
1976,New Star Of The Year - Actress,False,"Hiding Place, The"
1976,New Star Of The Year - Actress,False,Nashville
1976,New Star Of The Year - Actor,True,One Flew Over The Cuckoo's Nest
1976,New Star Of The Year - Actor,False,Dog Day Afternoon
1976,New Star Of The Year - Actor,False,Funny Lady
1976,New Star Of The Year - Actor,False,Tommy
1976,New Star Of The Year - Actor,False,Lies My Father Told Me
1976,Television Movie,True,Babe (TV)
1976,Television Movie,False,Guilty or Innocent: The Sam Sheppard Murder Case
1976,Television Movie,False,"Home of Your Own, A"
1976,Television Movie,False,"Legend of Lizzie Borden, The"
1976,Television Movie,False,Sweet Hostage
1976,Documentary,True,Youthquake
1976,Documentary,False,"Brother, Can You Spare a Dime?"
1976,Documentary,False,"Gentleman Tramp, The"
1976,Documentary,False,Mustang: The House That Joe Built
1976,Documentary,False,"Other Half Of The Sky: a China Memoir, The"
1976,Documentary,False,"U.F.O.s: Past, Present and Future"
1977,Best Motion Picture - Drama,True,Rocky
1977,Best Motion Picture - Drama,False,Bound for Glory
1977,Best Motion Picture - Drama,False,Network
1977,Best Motion Picture - Drama,False,Voyage of the Damned
1977,Best Motion Picture - Drama,False,All The President's Men
1977,Best Motion Picture - Musical or Comedy,True,"Star Is Born, A (1976)"
1977,Best Motion Picture - Musical or Comedy,False,Bugsy Malone
1977,Best Motion Picture - Musical or Comedy,False,"Pink Panther Strikes Again, The"
1977,Best Motion Picture - Musical or Comedy,False,"Ritz, The"
1977,Best Motion Picture - Musical or Comedy,False,Silent Movie
1977,Best Performance by an Actress in a Motion Picture - Drama,True,Network
1977,Best Performance by an Actress in a Motion Picture - Drama,False,"Incredible Sarah, The"
1977,Best Performance by an Actress in a Motion Picture - Drama,False,"Sailor Who Fell From Grace With The Sea, The"
1977,Best Performance by an Actress in a Motion Picture - Drama,False,Rocky
1977,Best Performance by an Actress in a Motion Picture - Drama,False,Face to Face
1977,Best Performance by an Actor in a Motion Picture - Drama,True,Network
1977,Best Performance by an Actor in a Motion Picture - Drama,False,Bound for Glory
1977,Best Performance by an Actor in a Motion Picture - Drama,False,Taxi Driver
1977,Best Performance by an Actor in a Motion Picture - Drama,False,Marathon Man
1977,Best Performance by an Actor in a Motion Picture - Drama,False,Rocky
1977,Best Performance by an Actress in a Motion Picture - Musical or Comedy,True,"Star Is Born, A (1976)"
1977,Best Performance by an Actress in a Motion Picture - Musical or Comedy,False,Freaky Friday (1976)
1977,Best Performance by an Actress in a Motion Picture - Musical or Comedy,False,Family Plot
1977,Best Performance by an Actress in a Motion Picture - Musical or Comedy,False,Freaky Friday (1976)
1977,Best Performance by an Actress in a Motion Picture - Musical or Comedy,False,"Duchess and The Dirtwater Fox, The"
1977,Best Performance by an Actress in a Motion Picture - Musical or Comedy,False,"Ritz, The"
1977,Best Performance by an Actor in a Motion Picture - Musical or Comedy,True,"Star Is Born, A (1976)"
1977,Best Performance by an Actor in a Motion Picture - Musical or Comedy,False,Silent Movie
1977,Best Performance by an Actor in a Motion Picture - Musical or Comedy,False,"Pink Panther Strikes Again, The"
1977,Best Performance by an Actor in a Motion Picture - Musical or Comedy,False,"Ritz, The"
1977,Best Performance by an Actor in a Motion Picture - Musical or Comedy,False,Silver Streak
1977,Best Performance by an Actress in a Supporting Role in any Motion Picture,True,Voyage of the Damned
1977,Best Performance by an Actress in a Supporting Role in any Motion Picture,False,Voyage of the Damned
1977,Best Performance by an Actress in a Supporting Role in any Motion Picture,False,Marathon Man
1977,Best Performance by an Actress in a Supporting Role in any Motion Picture,False,Carrie
1977,Best Performance by an Actress in a Supporting Role in any Motion Picture,False,Silent Movie
1977,Best Performance by an Actress in a Supporting Role in any Motion Picture,False,"Next Stop, Greenwich Village"
1977,Best Performance by an Actor in a Supporting Role in any Motion Picture,True,Marathon Man
1977,Best Performance by an Actor in a Supporting Role in any Motion Picture,False,Silent Movie
1977,Best Performance by an Actor in a Supporting Role in any Motion Picture,False,"Shootist, The"
1977,Best Performance by an Actor in a Supporting Role in any Motion Picture,False,All The President's Men
1977,Best Performance by an Actor in a Supporting Role in any Motion Picture,False,Voyage of the Damned
1977,Best Director - Motion Picture,True,Network
1977,Best Director - Motion Picture,False,Bound for Glory
1977,Best Director - Motion Picture,False,Rocky
1977,Best Director - Motion Picture,False,All The President's Men
1977,Best Director - Motion Picture,False,Marathon Man
1977,Best Screenplay - Motion Picture,True,Network
1977,Best Screenplay - Motion Picture,False,All The President's Men
1977,Best Screenplay - Motion Picture,False,Marathon Man
1977,Best Screenplay - Motion Picture,False,Rocky
1977,Best Screenplay - Motion Picture,False,Taxi Driver
1977,Best Screenplay - Motion Picture,False,Voyage of the Damned
1977,Best Motion Picture - Foreign Language,True,"Sweden, Ingmar Bergman"
1977,Best Motion Picture - Foreign Language,False,"France, Jean-Charles Tacchella"
1977,Best Motion Picture - Foreign Language,False,"Italy, Lina Wertmüller"
1977,Best Motion Picture - Foreign Language,False,"United Kingdom, Bryan Forbes"
1977,Best Motion Picture - Foreign Language,False,"France, François Truffaut"
1977,Best Original Score - Motion Picture,True,"Star Is Born, A (1976)"
1977,Best Original Score - Motion Picture,False,Bugsy Malone
1977,Best Original Score - Motion Picture,False,Rocky
1977,Best Original Score - Motion Picture,False,"Slipper and the Rose - The Story of Cinderella, The"
1977,Best Original Score - Motion Picture,False,Voyage of the Damned
1977,Best Original Song - Motion Picture,True,"Star Is Born, A (1976)"
1977,Best Original Song - Motion Picture,False,Freaky Friday (1976)
1977,Best Original Song - Motion Picture,False,Pipe Dreams
1977,Best Original Song - Motion Picture,False,Bugsy Malone
1977,Best Original Song - Motion Picture,False,Car Wash
1977,Best Original Song - Motion Picture,False,From Noon Till Three
1977,Best Television Series - Drama,True,"Rich Man, Poor Man"
1977,Best Television Series - Drama,False,Captains and the Kings
1977,Best Television Series - Drama,False,Charlie's Angels
1977,Best Television Series - Drama,False,Family
1977,Best Television Series - Drama,False,Little House on the Prairie
1977,Best Television Series - Musical or Comedy,True,Barney Miller
1977,Best Television Series - Musical or Comedy,False,M*A*S*H (TV Show)
1977,Best Television Series - Musical or Comedy,False,"Carol Burnett Show, The"
1977,Best Television Series - Musical or Comedy,False,Donny and Marie
1977,Best Television Series - Musical or Comedy,False,Happy Days
1977,Best Television Series - Musical or Comedy,False,Laverne & Shirley
1977,Best Performance by an Actress In A Television Series - Drama,True,"Rich Man, Poor Man"
1977,Best Performance by an Actress In A Television Series - Drama,False,Police Woman
1977,Best Performance by an Actress In A Television Series - Drama,False,Charlie's Angels
1977,Best Performance by an Actress In A Television Series - Drama,False,Charlie's Angels
1977,Best Performance by an Actress In A Television Series - Drama,False,Upstairs/Downstairs
1977,Best Performance by an Actress In A Television Series - Drama,False,Family
1977,Best Performance by an Actress In A Television Series - Drama,False,"Bionic Woman, The"
1977,Best Performance by an Actor In A Television Series - Drama,True,Captains and the Kings
1977,Best Performance by an Actor In A Television Series - Drama,False,"Six Million Dollar Man, The"
1977,Best Performance by an Actor In A Television Series - Drama,False,"Rich Man, Poor Man"
1977,Best Performance by an Actor In A Television Series - Drama,False,Kojak
1977,Best Performance by an Actor In A Television Series - Drama,False,"Rich Man, Poor Man"
1977,Best Performance by an Actress in a Television Series - Musical or Comedy,True,"Carol Burnett Show, The"
1977,Best Performance by an Actress in a Television Series - Musical or Comedy,False,"Mary Tyler Moore Show, The"
1977,Best Performance by an Actress in a Television Series - Musical or Comedy,False,All's Fair
1977,Best Performance by an Actress in a Television Series - Musical or Comedy,False,"Jeffersons, The"
1977,Best Performance by an Actress in a Television Series - Musical or Comedy,False,Dinah!
1977,Best Performance by an Actor in a Television Series - Musical or Comedy,True,Happy Days
1977,Best Performance by an Actor in a Television Series - Musical or Comedy,False,Sirota's Court
1977,Best Performance by an Actor in a Television Series - Musical or Comedy,False,Sammy & Company
1977,Best Performance by an Actor in a Television Series - Musical or Comedy,False,Barney Miller
1977,Best Performance by an Actor in a Television Series - Musical or Comedy,False,Chico and The Man
1977,Best Performance by an Actor in a Television Series - Musical or Comedy,False,"Tony Randall Show, The"
1977,Best Performance by an Actor in a Television Series - Musical or Comedy,False,M*A*S*H (TV Show)
1977,"Best Performance by an Actress in a Supporting Role in a Series, Limited Series or Motion Picture Made for Television",True,"Rich Man, Poor Man"
1977,"Best Performance by an Actress in a Supporting Role in a Series, Limited Series or Motion Picture Made for Television",False,Rhoda
1977,"Best Performance by an Actress in a Supporting Role in a Series, Limited Series or Motion Picture Made for Television",False,All In The Family
1977,"Best Performance by an Actress in a Supporting Role in a Series, Limited Series or Motion Picture Made for Television",False,Maude
1977,"Best Performance by an Actress in a Supporting Role in a Series, Limited Series or Motion Picture Made for Television",False,Once an Eagle
1977,"Best Performance by an Actress in a Supporting Role in a Series, Limited Series or Motion Picture Made for Television",False,"Waltons, The"
1977,"Best Performance by an Actress in a Supporting Role in a Series, Limited Series or Motion Picture Made for Television",False,Rhoda
1977,"Best Performance by an Actress in a Supporting Role in a Series, Limited Series or Motion Picture Made for Television",False,"Carol Burnett Show, The"
1977,"Best Performance by an Actor in a Supporting Role in a Series, Limited Series or Motion Picture Made for Television",True,"Rich Man, Poor Man"
1977,"Best Performance by an Actor in a Supporting Role in a Series, Limited Series or Motion Picture Made for Television",False,All In The Family
1977,"Best Performance by an Actor in a Supporting Role in a Series, Limited Series or Motion Picture Made for Television",False,"Carol Burnett Show, The"
1977,"Best Performance by an Actor in a Supporting Role in a Series, Limited Series or Motion Picture Made for Television",False,Captains and the Kings
1977,"Best Performance by an Actor in a Supporting Role in a Series, Limited Series or Motion Picture Made for Television",False,"Mary Tyler Moore Show, The"
1977,Cecil B. deMille Award,False,Walter Mirisch
1977,New Star Of The Year - Actress,True,Jessica Lange
1977,New Star Of The Year - Actress,False,Pipe Dreams
1977,New Star Of The Year - Actress,False,"Front, The"
1977,New Star Of The Year - Actress,False,Bound for Glory
1977,New Star Of The Year - Actress,False,Lipstick
1977,New Star Of The Year - Actor,True,Stay Hungry
1977,New Star Of The Year - Actor,False,"Next Stop, Greenwich Village"
1977,New Star Of The Year - Actor,False,Murder by Death
1977,New Star Of The Year - Actor,False,"Sailor Who Fell From Grace With The Sea, The"
1977,New Star Of The Year - Actor,False,"Omen, The"
1977,Television Movie,True,Eleanor and Franklin
1977,Television Movie,False,Francis Gary Powers: The True Story Of The U-2 Incident
1977,Television Movie,False,I Want To Keep My Baby
1977,Television Movie,False,"Lindbergh Kidnapping Case, The"
1977,Television Movie,False,Sybil
1977,Television Movie,False,Amelia Earhart
1977,Henrietta Award (World Film Favorites),True,Sophia Loren
1977,Henrietta Award (World Film Favorites),True,Robert Redford
1977,Documentary,True,Altars of the World
1977,Documentary,False,"Memory of Justice, The"
1977,Documentary,False,People of the Wind
1977,Documentary,False,"That's Entertainment, Part 2"
1977,Documentary,False,Wings of an Eagle
1978,Best Motion Picture - Drama,True,"Turning Point, The"
1978,Best Motion Picture - Drama,False,Close Encounters of the Third Kind
1978,Best Motion Picture - Drama,False,I Never Promised You a Rose Garden
1978,Best Motion Picture - Drama,False,Julia
1978,Best Motion Picture - Drama,False,Star Wars: Episode IV - A New Hope
1978,Best Motion Picture - Musical or Comedy,True,"Goodbye Girl, The"
1978,Best Motion Picture - Musical or Comedy,False,Annie Hall
1978,Best Motion Picture - Musical or Comedy,False,High Anxiety
1978,Best Motion Picture - Musical or Comedy,False,"New York, New York"
1978,Best Motion Picture - Musical or Comedy,False,Saturday Night Fever
1978,Best Performance by an Actress in a Motion Picture - Drama,True,Julia
1978,Best Performance by an Actress in a Motion Picture - Drama,False,"Turning Point, The"
1978,Best Performance by an Actress in a Motion Picture - Drama,False,Looking For Mr. Goodbar
1978,Best Performance by an Actress in a Motion Picture - Drama,False,I Never Promised You a Rose Garden
1978,Best Performance by an Actress in a Motion Picture - Drama,False,Opening Night
1978,Best Performance by an Actor in a Motion Picture - Drama,True,Equus
1978,Best Performance by an Actor in a Motion Picture - Drama,False,Heroes
1978,Best Performance by an Actor in a Motion Picture - Drama,False,"Special Day, A"
1978,Best Performance by an Actor in a Motion Picture - Drama,False,Bobby Deerfield
1978,Best Performance by an Actor in a Motion Picture - Drama,False,MacArthur
1978,Best Performance by an Actress in a Motion Picture - Musical or Comedy,True,Annie Hall
1978,Best Performance by an Actress in a Motion Picture - Musical or Comedy,True,"Goodbye Girl, The"
1978,Best Performance by an Actress in a Motion Picture - Musical or Comedy,False,Smokey and The Bandit
1978,Best Performance by an Actress in a Motion Picture - Musical or Comedy,False,"New York, New York"
1978,Best Performance by an Actress in a Motion Picture - Musical or Comedy,False,"Late Show, The"
1978,Best Performance by an Actor in a Motion Picture - Musical or Comedy,True,"Goodbye Girl, The"
1978,Best Performance by an Actor in a Motion Picture - Musical or Comedy,False,Saturday Night Fever
1978,Best Performance by an Actor in a Motion Picture - Musical or Comedy,False,Annie Hall
1978,Best Performance by an Actor in a Motion Picture - Musical or Comedy,False,High Anxiety
1978,Best Performance by an Actor in a Motion Picture - Musical or Comedy,False,"New York, New York"
1978,Best Performance by an Actress in a Supporting Role in any Motion Picture,True,Julia
1978,Best Performance by an Actress in a Supporting Role in any Motion Picture,False,Joseph Andrews
1978,Best Performance by an Actress in a Supporting Role in any Motion Picture,False,Opening Night
1978,Best Performance by an Actress in a Supporting Role in any Motion Picture,False,"Turning Point, The"
1978,Best Performance by an Actress in a Supporting Role in any Motion Picture,False,"Goodbye Girl, The"
1978,Best Performance by an Actress in a Supporting Role in any Motion Picture,False,Roseland
1978,Best Performance by an Actor in a Supporting Role in any Motion Picture,True,Equus
1978,Best Performance by an Actor in a Supporting Role in any Motion Picture,False,Julia
1978,Best Performance by an Actor in a Supporting Role in any Motion Picture,False,"Turning Point, The"
1978,Best Performance by an Actor in a Supporting Role in any Motion Picture,False,Star Wars: Episode IV - A New Hope
1978,Best Performance by an Actor in a Supporting Role in any Motion Picture,False,Julia
1978,Best Director - Motion Picture,True,"Turning Point, The"
1978,Best Director - Motion Picture,False,Annie Hall
1978,Best Director - Motion Picture,False,Star Wars: Episode IV - A New Hope
1978,Best Director - Motion Picture,False,Close Encounters of the Third Kind
1978,Best Director - Motion Picture,False,Julia
1978,Best Screenplay - Motion Picture,True,"Goodbye Girl, The"
1978,Best Screenplay - Motion Picture,False,Annie Hall
1978,Best Screenplay - Motion Picture,False,Close Encounters of the Third Kind
1978,Best Screenplay - Motion Picture,False,Julia
1978,Best Screenplay - Motion Picture,False,"Turning Point, The"
1978,Best Motion Picture - Foreign Language,True,"Italy, Ettore Scola"
1978,Best Motion Picture - Foreign Language,False,"France, Yves Robert"
1978,Best Motion Picture - Foreign Language,False,"France, Luis Buñuel"
1978,Best Motion Picture - Foreign Language,False,"Spain, Carlos Saura"
1978,Best Motion Picture - Foreign Language,False,"France, Moshé Mizrahi"
1978,Best Original Score - Motion Picture,True,Star Wars: Episode IV - A New Hope
1978,Best Original Score - Motion Picture,False,Pete's Dragon
1978,Best Original Score - Motion Picture,False,Saturday Night Fever
1978,Best Original Score - Motion Picture,False,"Spy Who Loved Me, The"
1978,Best Original Score - Motion Picture,False,Close Encounters of the Third Kind
1978,Best Original Song - Motion Picture,True,You Light Up My Life
1978,Best Original Song - Motion Picture,False,"Spy Who Loved Me, The"
1978,Best Original Song - Motion Picture,False,"Deep, The"
1978,Best Original Song - Motion Picture,False,Saturday Night Fever
1978,Best Original Song - Motion Picture,False,"New York, New York"
1978,Best Television Series - Drama,True,Roots
1978,Best Television Series - Drama,False,Charlie's Angels
1978,Best Television Series - Drama,False,Columbo
1978,Best Television Series - Drama,False,Family
1978,Best Television Series - Drama,False,Starsky & Hutch
1978,Best Television Series - Drama,False,Upstairs/Downstairs
1978,Best Television Series - Musical or Comedy,True,All In The Family
1978,Best Television Series - Musical or Comedy,False,Laverne & Shirley
1978,Best Television Series - Musical or Comedy,False,Barney Miller
1978,Best Television Series - Musical or Comedy,False,"Carol Burnett Show, The"
1978,Best Television Series - Musical or Comedy,False,Happy Days
1978,Best Performance by an Actress In A Television Series - Drama,True,79 Park Avenue
1978,Best Performance by an Actress In A Television Series - Drama,False,Police Woman
1978,Best Performance by an Actress In A Television Series - Drama,False,Charlie's Angels
1978,Best Performance by an Actress In A Television Series - Drama,False,Roots
1978,Best Performance by an Actress In A Television Series - Drama,False,"Bionic Woman, The"
1978,Best Performance by an Actor In A Television Series - Drama,True,Lou Grant
1978,Best Performance by an Actor In A Television Series - Drama,False,Kojak
1978,Best Performance by an Actor In A Television Series - Drama,False,Baa Baa Black Sheep
1978,Best Performance by an Actor In A Television Series - Drama,False,Columbo
1978,Best Performance by an Actor In A Television Series - Drama,False,"Rockford Files, The"
1978,Best Performance by an Actress in a Television Series - Musical or Comedy,True,"Carol Burnett Show, The"
1978,Best Performance by an Actress in a Television Series - Musical or Comedy,False,Maude
1978,Best Performance by an Actress in a Television Series - Musical or Comedy,False,Laverne & Shirley
1978,Best Performance by an Actress in a Television Series - Musical or Comedy,False,"Jeffersons, The"
1978,Best Performance by an Actress in a Television Series - Musical or Comedy,False,All In The Family
1978,Best Performance by an Actress in a Television Series - Musical or Comedy,False,Laverne & Shirley
1978,Best Performance by an Actor in a Television Series - Musical or Comedy,True,Happy Days
1978,Best Performance by an Actor in a Television Series - Musical or Comedy,True,Happy Days
1978,Best Performance by an Actor in a Television Series - Musical or Comedy,False,All In The Family
1978,Best Performance by an Actor in a Television Series - Musical or Comedy,False,M*A*S*H (TV Show)
1978,Best Performance by an Actor in a Television Series - Musical or Comedy,False,Barney Miller
1978,Cecil B. deMille Award,False,Red Skelton
1978,Television Movie,True,Raid on Entebbe
1978,Television Movie,False,Mary Jane Harper Cried Last Night
1978,Television Movie,False,Mary White
1978,Television Movie,False,Something For Joey
1978,Television Movie,False,Just a Little Inconvenience
1978,Henrietta Award (World Film Favorites),True,Robert Redford
1978,Henrietta Award (World Film Favorites),True,Barbra Streisand
1979,Best Motion Picture - Drama,True,Midnight Express
1979,Best Motion Picture - Drama,False,Coming Home
1979,Best Motion Picture - Drama,False,Days of Heaven
1979,Best Motion Picture - Drama,False,"Deer Hunter, The"
1979,Best Motion Picture - Drama,False,"Unmarried Woman, An"
1979,Best Motion Picture - Musical or Comedy,True,Heaven Can Wait
1979,Best Motion Picture - Musical or Comedy,False,Foul Play
1979,Best Motion Picture - Musical or Comedy,False,Grease
1979,Best Motion Picture - Musical or Comedy,False,Movie Movie
1979,Best Motion Picture - Musical or Comedy,False,California Suite
1979,Best Performance by an Actress in a Motion Picture - Drama,True,Coming Home
1979,Best Performance by an Actress in a Motion Picture - Drama,False,"Unmarried Woman, An"
1979,Best Performance by an Actress in a Motion Picture - Drama,False,Stevie
1979,Best Performance by an Actress in a Motion Picture - Drama,False,Interiors
1979,Best Performance by an Actress in a Motion Picture - Drama,False,Autumn Sonata
1979,Best Performance by an Actor in a Motion Picture - Drama,True,Coming Home
1979,Best Performance by an Actor in a Motion Picture - Drama,False,Midnight Express
1979,Best Performance by an Actor in a Motion Picture - Drama,False,"Deer Hunter, The"
1979,Best Performance by an Actor in a Motion Picture - Drama,False,Magic
1979,Best Performance by an Actor in a Motion Picture - Drama,False,"Boys From Brazil, The"
1979,Best Performance by an Actress in a Motion Picture - Musical or Comedy,True,"Same Time, Next Year"
1979,Best Performance by an Actress in a Motion Picture - Musical or Comedy,True,California Suite
1979,Best Performance by an Actress in a Motion Picture - Musical or Comedy,False,Who Is Killing The Great Chefs of Europe?
1979,Best Performance by an Actress in a Motion Picture - Musical or Comedy,False,Foul Play
1979,Best Performance by an Actress in a Motion Picture - Musical or Comedy,False,Grease
1979,Best Performance by an Actor in a Motion Picture - Musical or Comedy,True,Heaven Can Wait
1979,Best Performance by an Actor in a Motion Picture - Musical or Comedy,False,"Same Time, Next Year"
1979,Best Performance by an Actor in a Motion Picture - Musical or Comedy,False,"Buddy Holly Story, The"
1979,Best Performance by an Actor in a Motion Picture - Musical or Comedy,False,Foul Play
1979,Best Performance by an Actor in a Motion Picture - Musical or Comedy,False,Movie Movie
1979,Best Performance by an Actor in a Motion Picture - Musical or Comedy,False,Grease
1979,Best Performance by an Actress in a Supporting Role in any Motion Picture,True,Heaven Can Wait
1979,Best Performance by an Actress in a Supporting Role in any Motion Picture,False,Stevie
1979,Best Performance by an Actress in a Supporting Role in any Motion Picture,False,"Wedding, A"
1979,Best Performance by an Actress in a Supporting Role in any Motion Picture,False,Interiors
1979,Best Performance by an Actress in a Supporting Role in any Motion Picture,False,"Deer Hunter, The"
1979,Best Performance by an Actor in a Supporting Role in any Motion Picture,True,Midnight Express
1979,Best Performance by an Actor in a Supporting Role in any Motion Picture,False,Coming Home
1979,Best Performance by an Actor in a Supporting Role in any Motion Picture,False,Foul Play
1979,Best Performance by an Actor in a Supporting Role in any Motion Picture,False,Who Is Killing The Great Chefs of Europe?
1979,Best Performance by an Actor in a Supporting Role in any Motion Picture,False,"Deer Hunter, The"
1979,Best Director - Motion Picture,True,"Deer Hunter, The"
1979,Best Director - Motion Picture,False,Interiors
1979,Best Director - Motion Picture,False,Coming Home
1979,Best Director - Motion Picture,False,Days of Heaven
1979,Best Director - Motion Picture,False,"Unmarried Woman, An"
1979,Best Director - Motion Picture,False,Midnight Express
1979,Best Screenplay - Motion Picture,True,Midnight Express
1979,Best Screenplay - Motion Picture,False,Coming Home
1979,Best Screenplay - Motion Picture,False,"Deer Hunter, The"
1979,Best Screenplay - Motion Picture,False,Foul Play
1979,Best Screenplay - Motion Picture,False,Interiors
1979,Best Screenplay - Motion Picture,False,"Unmarried Woman, An"
1979,Best Motion Picture - Foreign Language,True,"Sweden, Ingmar Bergman"
1979,Best Motion Picture - Foreign Language,False,"Greece, Jules Dassin"
1979,Best Motion Picture - Foreign Language,False,"France, Bertrand Blier"
1979,Best Motion Picture - Foreign Language,False,"Israel, Boaz Davidson"
1979,Best Motion Picture - Foreign Language,False,"United Kingdom, John Guillermin"
1979,Best Motion Picture - Foreign Language,False,"Brazil, Bruno Barreto"
1979,Best Original Score - Motion Picture,True,Midnight Express
1979,Best Original Score - Motion Picture,False,Superman
1979,Best Original Score - Motion Picture,False,"Unmarried Woman, An"
1979,Best Original Score - Motion Picture,False,"Children of Sanchez, The"
1979,Best Original Score - Motion Picture,False,"Lord of the Rings, The"
1979,Best Original Song - Motion Picture,True,Thank God It's Friday
1979,Best Original Song - Motion Picture,False,Grease
1979,Best Original Song - Motion Picture,False,"Same Time, Next Year"
1979,Best Original Song - Motion Picture,False,Foul Play
1979,Best Original Song - Motion Picture,False,Grease
1979,Best Television Series - Drama,True,60 Minutes
1979,Best Television Series - Drama,False,Battlestar Galactica
1979,Best Television Series - Drama,False,Family
1979,Best Television Series - Drama,False,Holocaust
1979,Best Television Series - Drama,False,Lou Grant
1979,Best Television Series - Musical or Comedy,True,Taxi
1979,Best Television Series - Musical or Comedy,False,Alice
1979,Best Television Series - Musical or Comedy,False,All In The Family
1979,Best Television Series - Musical or Comedy,False,The Love Boat
1979,Best Television Series - Musical or Comedy,False,Three's Company
1979,Best Performance by an Actress In A Television Series - Drama,True,Holocaust
1979,Best Performance by an Actress In A Television Series - Drama,False,Wheels
1979,Best Performance by an Actress In A Television Series - Drama,False,Family
1979,Best Performance by an Actress In A Television Series - Drama,False,Charlie's Angels
1979,Best Performance by an Actress In A Television Series - Drama,False,Family
1979,Best Performance by an Actor In A Television Series - Drama,True,Holocaust
1979,Best Performance by an Actor In A Television Series - Drama,False,Lou Grant
1979,Best Performance by an Actor In A Television Series - Drama,False,"Rockford Files, The"
1979,Best Performance by an Actor In A Television Series - Drama,False,Battlestar Galactica
1979,Best Performance by an Actor In A Television Series - Drama,False,"Paper Chase, The"
1979,Best Performance by an Actor In A Television Series - Drama,False,Little House on the Prairie
1979,Best Performance by an Actress in a Television Series - Musical or Comedy,True,Alice
1979,Best Performance by an Actress in a Television Series - Musical or Comedy,False,"Carol Burnett Show, The"
1979,Best Performance by an Actress in a Television Series - Musical or Comedy,False,Laverne & Shirley
1979,Best Performance by an Actress in a Television Series - Musical or Comedy,False,Three's Company
1979,Best Performance by an Actress in a Television Series - Musical or Comedy,False,All In The Family
1979,Best Performance by an Actor in a Television Series - Musical or Comedy,True,Mork & Mindy
1979,Best Performance by an Actor in a Television Series - Musical or Comedy,False,M*A*S*H (TV Show)
1979,Best Performance by an Actor in a Television Series - Musical or Comedy,False,Taxi
1979,Best Performance by an Actor in a Television Series - Musical or Comedy,False,The Love Boat
1979,Best Performance by an Actor in a Television Series - Musical or Comedy,False,Three's Company
1979,"Best Performance by an Actress in a Supporting Role in a Series, Limited Series or Motion Picture Made for Television",True,Alice
1979,"Best Performance by an Actress in a Supporting Role in a Series, Limited Series or Motion Picture Made for Television",False,Taxi
1979,"Best Performance by an Actress in a Supporting Role in a Series, Limited Series or Motion Picture Made for Television",False,Rhoda
1979,"Best Performance by an Actress in a Supporting Role in a Series, Limited Series or Motion Picture Made for Television",False,Lou Grant
1979,"Best Performance by an Actress in a Supporting Role in a Series, Limited Series or Motion Picture Made for Television",False,Three's Company
1979,"Best Performance by an Actress in a Supporting Role in a Series, Limited Series or Motion Picture Made for Television",False,Rhoda
1979,"Best Performance by an Actor in a Supporting Role in a Series, Limited Series or Motion Picture Made for Television",True,Three's Company
1979,"Best Performance by an Actor in a Supporting Role in a Series, Limited Series or Motion Picture Made for Television",False,Taxi
1979,"Best Performance by an Actor in a Supporting Role in a Series, Limited Series or Motion Picture Made for Television",False,Taxi
1979,"Best Performance by an Actor in a Supporting Role in a Series, Limited Series or Motion Picture Made for Television",False,One Day at a Time
1979,"Best Performance by an Actor in a Supporting Role in a Series, Limited Series or Motion Picture Made for Television",False,Taxi
1979,Cecil B. deMille Award,False,Lucille Ball
1979,New Star Of The Year - Actress,True,Midnight Express
1979,New Star Of The Year - Actress,False,Slow Dancing in the Big City
1979,New Star Of The Year - Actress,False,Corvette Summer
1979,New Star Of The Year - Actress,False,Girl Friends
1979,New Star Of The Year - Actress,False,Goin' South
1979,New Star Of The Year - Actor,True,Midnight Express
1979,New Star Of The Year - Actor,False,Foul Play
1979,New Star Of The Year - Actor,False,Movie Movie
1979,New Star Of The Year - Actor,False,Uncle Joe Shannon
1979,New Star Of The Year - Actor,False,King of the Gypsies
1979,New Star Of The Year - Actor,False,"Boys In Company C, The"
1979,Television Movie,True,"Family Upside Down, A"
1979,Television Movie,False,"Bastard, The"
1979,Television Movie,False,First You Cry
1979,Television Movie,False,"Immigrants, The"
1979,Television Movie,False,Little Women
1979,Television Movie,False,"Question of Love, A"
1979,Television Movie,False,Ziegfeld: The Man and His Women
1979,Henrietta Award (World Film Favorites),True,Jane Fonda
1979,Henrietta Award (World Film Favorites),True,John Travolta
1980,Best Motion Picture - Drama,True,Kramer vs. Kramer
1980,Best Motion Picture - Drama,False,Apocalypse Now
1980,Best Motion Picture - Drama,False,"China Syndrome, The"
1980,Best Motion Picture - Drama,False,Manhattan
1980,Best Motion Picture - Drama,False,Norma Rae
1980,Best Motion Picture - Musical or Comedy,True,Breaking Away
1980,Best Motion Picture - Musical or Comedy,False,Hair
1980,Best Motion Picture - Musical or Comedy,False,"Rose, The"
1980,Best Motion Picture - Musical or Comedy,False,10
1980,Best Motion Picture - Musical or Comedy,False,Being There
1980,Best Performance by an Actress in a Motion Picture - Drama,True,Norma Rae
1980,Best Performance by an Actress in a Motion Picture - Drama,False,Yanks
1980,Best Performance by an Actress in a Motion Picture - Drama,False,"China Syndrome, The"
1980,Best Performance by an Actress in a Motion Picture - Drama,False,Promises In The Dark
1980,Best Performance by an Actress in a Motion Picture - Drama,False,Luna
1980,Best Performance by an Actor in a Motion Picture - Drama,True,Kramer vs. Kramer
1980,Best Performance by an Actor in a Motion Picture - Drama,False,"China Syndrome, The"
1980,Best Performance by an Actor in a Motion Picture - Drama,False,And Justice For All
1980,Best Performance by an Actor in a Motion Picture - Drama,False,"Champ, The"
1980,Best Performance by an Actor in a Motion Picture - Drama,False,"Onion Field, The"
1980,Best Performance by an Actress in a Motion Picture - Musical or Comedy,True,"Rose, The"
1980,Best Performance by an Actress in a Motion Picture - Musical or Comedy,False,Chapter Two
1980,Best Performance by an Actress in a Motion Picture - Musical or Comedy,False,10
1980,Best Performance by an Actress in a Motion Picture - Musical or Comedy,False,Starting Over
1980,Best Performance by an Actress in a Motion Picture - Musical or Comedy,False,Being There
1980,Best Performance by an Actor in a Motion Picture - Musical or Comedy,True,Being There
1980,Best Performance by an Actor in a Motion Picture - Musical or Comedy,False,Love at First Bite
1980,Best Performance by an Actor in a Motion Picture - Musical or Comedy,False,10
1980,Best Performance by an Actor in a Motion Picture - Musical or Comedy,False,Starting Over
1980,Best Performance by an Actor in a Motion Picture - Musical or Comedy,False,All That Jazz
1980,Best Performance by an Actress in a Supporting Role in any Motion Picture,True,Kramer vs. Kramer
1980,Best Performance by an Actress in a Supporting Role in any Motion Picture,False,Kramer vs. Kramer
1980,Best Performance by an Actress in a Supporting Role in any Motion Picture,False,Promises In The Dark
1980,Best Performance by an Actress in a Supporting Role in any Motion Picture,False,Starting Over
1980,Best Performance by an Actress in a Supporting Role in any Motion Picture,False,Chapter Two
1980,Best Performance by an Actor in a Supporting Role in any Motion Picture,True,Being There
1980,Best Performance by an Actor in a Supporting Role in any Motion Picture,True,Apocalypse Now
1980,Best Performance by an Actor in a Supporting Role in any Motion Picture,False,"Rose, The"
1980,Best Performance by an Actor in a Supporting Role in any Motion Picture,False,Kramer vs. Kramer
1980,Best Performance by an Actor in a Supporting Role in any Motion Picture,False,"Little Romance, A"
1980,Best Director - Motion Picture,True,Apocalypse Now
1980,Best Director - Motion Picture,False,Being There
1980,Best Director - Motion Picture,False,Kramer vs. Kramer
1980,Best Director - Motion Picture,False,"China Syndrome, The"
1980,Best Director - Motion Picture,False,Breaking Away
1980,Best Screenplay - Motion Picture,True,Kramer vs. Kramer
1980,Best Screenplay - Motion Picture,False,Being There
1980,Best Screenplay - Motion Picture,False,Breaking Away
1980,Best Screenplay - Motion Picture,False,"China Syndrome, The"
1980,Best Screenplay - Motion Picture,False,Norma Rae
1980,Best Motion Picture - Foreign Language,True,"France, Édouard Molinaro"
1980,Best Motion Picture - Foreign Language,False,"Netherlands, Paul Verhoeven"
1980,Best Motion Picture - Foreign Language,False,"Italy, Luigi Comencini"
1980,Best Motion Picture - Foreign Language,False,"United Kingdom, James Ivory"
1980,Best Motion Picture - Foreign Language,False,"West Germany, Rainer Werner Fassbinder"
1980,Best Original Score - Motion Picture,True,Apocalypse Now
1980,Best Original Score - Motion Picture,False,"Little Romance, A"
1980,Best Original Score - Motion Picture,False,Star Trek: The Motion Picture
1980,Best Original Score - Motion Picture,False,10
1980,Best Original Score - Motion Picture,False,Alien
1980,Best Original Score - Motion Picture,False,"Amityville Horror, The"
1980,Best Original Score - Motion Picture,False,"Black Stallion, The"
1980,Best Original Song - Motion Picture,True,"Rose, The"
1980,Best Original Song - Motion Picture,False,Starting Over
1980,Best Original Song - Motion Picture,False,"Main Event, The"
1980,Best Original Song - Motion Picture,False,"Muppet Movie, The"
1980,Best Original Song - Motion Picture,False,Ice Castles
1980,Best Television Series - Drama,True,Lou Grant
1980,Best Television Series - Drama,False,Centennial
1980,Best Television Series - Drama,False,Dallas
1980,Best Television Series - Drama,False,"Rockford Files, The"
1980,Best Television Series - Drama,False,Roots: The Next Generations
1980,Best Television Series - Drama,False,Backstairs at The White House
1980,Best Television Series - Musical or Comedy,True,Alice
1980,Best Television Series - Musical or Comedy,True,Taxi
1980,Best Television Series - Musical or Comedy,False,"Associates, The"
1980,Best Television Series - Musical or Comedy,False,The Love Boat
1980,Best Television Series - Musical or Comedy,False,M*A*S*H (TV Show)
1980,Best Performance by an Actress In A Television Series - Drama,True,From Here to Eternity (TV Mini-Series)
1980,Best Performance by an Actress In A Television Series - Drama,False,Dallas
1980,Best Performance by an Actress In A Television Series - Drama,False,Kate Columbo
1980,Best Performance by an Actress In A Television Series - Drama,False,Hart To Hart
1980,Best Performance by an Actress In A Television Series - Drama,False,Family
1980,Best Performance by an Actor In A Television Series - Drama,True,Lou Grant
1980,Best Performance by an Actor In A Television Series - Drama,False,Centennial
1980,Best Performance by an Actor In A Television Series - Drama,False,CHiPs
1980,Best Performance by an Actor In A Television Series - Drama,False,"Rockford Files, The"
1980,Best Performance by an Actor In A Television Series - Drama,False,"Paper Chase, The"
1980,Best Performance by an Actor In A Television Series - Drama,False,Blind Ambition
1980,Best Performance by an Actor In A Television Series - Drama,False,Vega$
1980,Best Performance by an Actor In A Television Series - Drama,False,Hart To Hart
1980,Best Performance by an Actress in a Television Series - Musical or Comedy,True,Alice
1980,Best Performance by an Actress in a Television Series - Musical or Comedy,False,M*A*S*H (TV Show)
1980,Best Performance by an Actress in a Television Series - Musical or Comedy,False,Laverne & Shirley
1980,Best Performance by an Actress in a Television Series - Musical or Comedy,False,Angie
1980,Best Performance by an Actress in a Television Series - Musical or Comedy,False,All In The Family
1980,Best Performance by an Actor in a Television Series - Musical or Comedy,True,M*A*S*H (TV Show)
1980,Best Performance by an Actor in a Television Series - Musical or Comedy,False,Taxi
1980,Best Performance by an Actor in a Television Series - Musical or Comedy,False,"Associates, The"
1980,Best Performance by an Actor in a Television Series - Musical or Comedy,False,Three's Company
1980,Best Performance by an Actor in a Television Series - Musical or Comedy,False,Mork & Mindy
1980,"Best Performance by an Actress in a Supporting Role in a Series, Limited Series or Motion Picture Made for Television",True,Alice
1980,"Best Performance by an Actress in a Supporting Role in a Series, Limited Series or Motion Picture Made for Television",False,WKRP In Cincinnati
1980,"Best Performance by an Actress in a Supporting Role in a Series, Limited Series or Motion Picture Made for Television",False,Taxi
1980,"Best Performance by an Actress in a Supporting Role in a Series, Limited Series or Motion Picture Made for Television",False,Alice
1980,"Best Performance by an Actress in a Supporting Role in a Series, Limited Series or Motion Picture Made for Television",False,Lou Grant
1980,"Best Performance by an Actor in a Supporting Role in a Series, Limited Series or Motion Picture Made for Television",True,Alice
1980,"Best Performance by an Actor in a Supporting Role in a Series, Limited Series or Motion Picture Made for Television",True,Taxi
1980,"Best Performance by an Actor in a Supporting Role in a Series, Limited Series or Motion Picture Made for Television",False,Taxi
1980,"Best Performance by an Actor in a Supporting Role in a Series, Limited Series or Motion Picture Made for Television",False,Taxi
1980,"Best Performance by an Actor in a Supporting Role in a Series, Limited Series or Motion Picture Made for Television",False,Charlie's Angels
1980,Cecil B. deMille Award,False,Henry Fonda
1980,New Star Of The Year - Actress,True,"Rose, The"
1980,New Star Of The Year - Actress,False,Goldengirl
1980,New Star Of The Year - Actress,False,10
1980,New Star Of The Year - Actress,False,Yanks
1980,New Star Of The Year - Actress,False,Ice Castles
1980,New Star Of The Year,False,Hair
1980,New Star Of The Year - Actor,True,"Champ, The"
1980,New Star Of The Year - Actor,False,Breaking Away
1980,New Star Of The Year - Actor,False,Kramer vs. Kramer
1980,New Star Of The Year - Actor,False,Players
1980,Television Movie,True,All Quiet on the Western Front
1980,Television Movie,False,Like Normal People
1980,Television Movie,False,"Miracle Worker, The"
1980,Television Movie,False,Elvis
1980,Television Movie,False,Friendly Fire
1980,Henrietta Award (World Film Favorites),True,Jane Fonda
1980,Henrietta Award (World Film Favorites),True,Roger Moore
1981,Best Motion Picture - Drama,True,Ordinary People
1981,Best Motion Picture - Drama,False,"Ninth Configuration, The"
1981,Best Motion Picture - Drama,False,Raging Bull
1981,Best Motion Picture - Drama,False,"Stunt Man, The"
1981,Best Motion Picture - Drama,False,"Elephant Man, The"
1981,Best Motion Picture - Musical or Comedy,True,Coal Miner's Daughter
1981,Best Motion Picture - Musical or Comedy,False,Airplane!
1981,Best Motion Picture - Musical or Comedy,False,Fame
1981,Best Motion Picture - Musical or Comedy,False,"Idolmaker, The"
1981,Best Motion Picture - Musical or Comedy,False,Melvin and Howard
1981,Best Performance by an Actress in a Motion Picture - Drama,True,Ordinary People
1981,Best Performance by an Actress in a Motion Picture - Drama,False,Resurrection
1981,Best Performance by an Actress in a Motion Picture - Drama,False,Tess
1981,Best Performance by an Actress in a Motion Picture - Drama,False,Touched by Love
1981,Best Performance by an Actress in a Motion Picture - Drama,False,Gloria
1981,Best Performance by an Actor in a Motion Picture - Drama,True,Raging Bull
1981,Best Performance by an Actor in a Motion Picture - Drama,False,"Elephant Man, The"
1981,Best Performance by an Actor in a Motion Picture - Drama,False,Tribute
1981,Best Performance by an Actor in a Motion Picture - Drama,False,"Stunt Man, The"
1981,Best Performance by an Actor in a Motion Picture - Drama,False,Ordinary People
1981,Best Performance by an Actress in a Motion Picture - Musical or Comedy,True,Coal Miner's Daughter
1981,Best Performance by an Actress in a Motion Picture - Musical or Comedy,False,Fame
1981,Best Performance by an Actress in a Motion Picture - Musical or Comedy,False,Private Benjamin
1981,Best Performance by an Actress in a Motion Picture - Musical or Comedy,False,Divine Madness
1981,Best Performance by an Actress in a Motion Picture - Musical or Comedy,False,Nine to Five (1980)
1981,Best Performance by an Actor in a Motion Picture - Musical or Comedy,True,"Idolmaker, The"
1981,Best Performance by an Actor in a Motion Picture - Musical or Comedy,False,Hopscotch
1981,Best Performance by an Actor in a Motion Picture - Musical or Comedy,False,"Jazz Singer, The"
1981,Best Performance by an Actor in a Motion Picture - Musical or Comedy,False,Coal Miner's Daughter
1981,Best Performance by an Actor in a Motion Picture - Musical or Comedy,False,Melvin and Howard
1981,Best Performance by an Actress in a Supporting Role in any Motion Picture,True,Melvin and Howard
1981,Best Performance by an Actress in a Supporting Role in any Motion Picture,False,"Jazz Singer, The"
1981,Best Performance by an Actress in a Supporting Role in any Motion Picture,False,Coal Miner's Daughter
1981,Best Performance by an Actress in a Supporting Role in any Motion Picture,False,Raging Bull
1981,Best Performance by an Actress in a Supporting Role in any Motion Picture,False,Urban Cowboy
1981,Best Performance by an Actor in a Supporting Role in any Motion Picture,True,Ordinary People
1981,Best Performance by an Actor in a Supporting Role in any Motion Picture,False,Ordinary People
1981,Best Performance by an Actor in a Supporting Role in any Motion Picture,False,Raging Bull
1981,Best Performance by an Actor in a Supporting Role in any Motion Picture,False,Melvin and Howard
1981,Best Performance by an Actor in a Supporting Role in any Motion Picture,False,"Ninth Configuration, The"
1981,Best Director - Motion Picture,True,Ordinary People
1981,Best Director - Motion Picture,False,Raging Bull
1981,Best Director - Motion Picture,False,"Elephant Man, The"
1981,Best Director - Motion Picture,False,Tess
1981,Best Director - Motion Picture,False,"Stunt Man, The"
1981,Best Screenplay - Motion Picture,True,"Ninth Configuration, The"
1981,Best Screenplay - Motion Picture,False,Raging Bull
1981,Best Screenplay - Motion Picture,False,"Stunt Man, The"
1981,Best Screenplay - Motion Picture,False,"Elephant Man, The"
1981,Best Screenplay - Motion Picture,False,Ordinary People
1981,Best Motion Picture - Foreign Language,True,"United Kingdom, Roman Polanski"
1981,Best Motion Picture - Foreign Language,False,"Australia, Bruce Beresford"
1981,Best Motion Picture - Foreign Language,False,"Japan, Akira Kurosawa"
1981,Best Motion Picture - Foreign Language,False,"France, François Truffaut"
1981,Best Motion Picture - Foreign Language,False,"Australia, Gillian Armstrong"
1981,Best Motion Picture - Foreign Language,False,"Yugoslavia, Goran Paskaljevic"
1981,Best Original Score - Motion Picture,True,"Stunt Man, The"
1981,Best Original Score - Motion Picture,False,American Gigolo
1981,Best Original Score - Motion Picture,False,"Competition, The"
1981,Best Original Score - Motion Picture,False,Fame
1981,Best Original Score - Motion Picture,False,Somewhere in Time
1981,Best Original Score - Motion Picture,False,Star Wars: Episode V - The Empire Strikes Back
1981,Best Original Song - Motion Picture,True,Fame
1981,Best Original Song - Motion Picture,False,American Gigolo
1981,Best Original Song - Motion Picture,False,"Jazz Singer, The"
1981,Best Original Song - Motion Picture,False,Nine to Five (1980)
1981,Best Original Song - Motion Picture,False,Falling In Love Again
1981,Best Original Song - Motion Picture,False,Endless Love
1981,Best Television Series - Drama,True,Shogun
1981,Best Television Series - Drama,False,Moviola
1981,Best Television Series - Drama,False,Vega$
1981,Best Television Series - Drama,False,Dallas
1981,Best Television Series - Drama,False,Hart To Hart
1981,Best Television Series - Drama,False,Lou Grant
1981,Best Television Series - Musical or Comedy,True,Taxi
1981,Best Television Series - Musical or Comedy,False,Alice
1981,Best Television Series - Musical or Comedy,False,The Love Boat
1981,Best Television Series - Musical or Comedy,False,M*A*S*H (TV Show)
1981,Best Television Series - Musical or Comedy,False,Soap
1981,Best Performance by an Actress In A Television Series - Drama,True,Shogun
1981,Best Performance by an Actress In A Television Series - Drama,False,Dallas
1981,Best Performance by an Actress In A Television Series - Drama,False,Hart To Hart
1981,Best Performance by an Actress In A Television Series - Drama,False,Dallas
1981,Best Performance by an Actress In A Television Series - Drama,False,Little House on the Prairie
1981,Best Performance by an Actor In A Television Series - Drama,True,Shogun
1981,Best Performance by an Actor In A Television Series - Drama,False,Hart To Hart
1981,Best Performance by an Actor In A Television Series - Drama,False,Lou Grant
1981,Best Performance by an Actor In A Television Series - Drama,False,Dallas
1981,Best Performance by an Actor In A Television Series - Drama,False,Vega$
1981,Best Performance by an Actress in a Television Series - Musical or Comedy,True,Soap
1981,Best Performance by an Actress in a Television Series - Musical or Comedy,False,WKRP In Cincinnati
1981,Best Performance by an Actress in a Television Series - Musical or Comedy,False,Flo
1981,Best Performance by an Actress in a Television Series - Musical or Comedy,False,Alice
1981,Best Performance by an Actress in a Television Series - Musical or Comedy,False,House Calls
1981,Best Performance by an Actor in a Television Series - Musical or Comedy,True,M*A*S*H (TV Show)
1981,Best Performance by an Actor in a Television Series - Musical or Comedy,False,Taxi
1981,Best Performance by an Actor in a Television Series - Musical or Comedy,False,Barney Miller
1981,Best Performance by an Actor in a Television Series - Musical or Comedy,False,The Love Boat
1981,Best Performance by an Actor in a Television Series - Musical or Comedy,False,House Calls
1981,"Best Performance by an Actress in a Supporting Role in a Series, Limited Series or Motion Picture Made for Television",True,One Day at a Time
1981,"Best Performance by an Actress in a Supporting Role in a Series, Limited Series or Motion Picture Made for Television",True,Alice
1981,"Best Performance by an Actress in a Supporting Role in a Series, Limited Series or Motion Picture Made for Television",False,Taxi
1981,"Best Performance by an Actress in a Supporting Role in a Series, Limited Series or Motion Picture Made for Television",False,Alice
1981,"Best Performance by an Actress in a Supporting Role in a Series, Limited Series or Motion Picture Made for Television",False,Lou Grant
1981,"Best Performance by an Actor in a Supporting Role in a Series, Limited Series or Motion Picture Made for Television",True,One Day at a Time
1981,"Best Performance by an Actor in a Supporting Role in a Series, Limited Series or Motion Picture Made for Television",True,Alice
1981,"Best Performance by an Actor in a Supporting Role in a Series, Limited Series or Motion Picture Made for Television",False,Taxi
1981,"Best Performance by an Actor in a Supporting Role in a Series, Limited Series or Motion Picture Made for Television",False,Taxi
1981,"Best Performance by an Actor in a Supporting Role in a Series, Limited Series or Motion Picture Made for Television",False,Flo
1981,Cecil B. deMille Award,False,Gene Kelly
1981,New Star Of The Year - Actress,True,Tess
1981,New Star Of The Year - Actress,False,Nine to Five (1980)
1981,New Star Of The Year - Actress,False,Urban Cowboy
1981,New Star Of The Year - Actress,False,Dressed To Kill
1981,New Star Of The Year - Actress,False,Raging Bull
1981,New Star Of The Year - Actor,True,Ordinary People
1981,New Star Of The Year - Actor,False,"Blue Lagoon, The"
1981,New Star Of The Year - Actor,False,Altered States
1981,New Star Of The Year - Actor,False,"Great Santini, The"
1981,New Star Of The Year - Actor,False,"Stunt Man, The"
1981,Television Movie,True,"Shadow Box, The"
1981,Television Movie,False,"Diary of Anne Frank, The (1980)"
1981,Television Movie,False,"Ordeal of Dr. Mudd, The"
1981,Television Movie,False,Playing for Time
1981,Television Movie,False,"Tale of Two Cities, A"
1982,Best Motion Picture - Drama,True,On Golden Pond
1982,Best Motion Picture - Drama,False,"French Lieutenant's Woman, The"
1982,Best Motion Picture - Drama,False,Prince of the City
1982,Best Motion Picture - Drama,False,Ragtime
1982,Best Motion Picture - Drama,False,Reds
1982,Best Motion Picture - Musical or Comedy,True,Arthur
1982,Best Motion Picture - Musical or Comedy,False,Pennies from Heaven
1982,Best Motion Picture - Musical or Comedy,False,S. O. B.
1982,Best Motion Picture - Musical or Comedy,False,Zoot Suit
1982,Best Motion Picture - Musical or Comedy,False,"Four Seasons, The"
1982,Best Performance by an Actress in a Motion Picture - Drama,True,"French Lieutenant's Woman, The"
1982,Best Performance by an Actress in a Motion Picture - Drama,False,On Golden Pond
1982,Best Performance by an Actress in a Motion Picture - Drama,False,Reds
1982,Best Performance by an Actress in a Motion Picture - Drama,False,Raggedy Man
1982,Best Performance by an Actress in a Motion Picture - Drama,False,Absence of Malice
1982,Best Performance by an Actor in a Motion Picture - Drama,True,On Golden Pond
1982,Best Performance by an Actor in a Motion Picture - Drama,False,Reds
1982,Best Performance by an Actor in a Motion Picture - Drama,False,Taps
1982,Best Performance by an Actor in a Motion Picture - Drama,False,Atlantic City
1982,Best Performance by an Actor in a Motion Picture - Drama,False,Prince of the City
1982,Best Performance by an Actress in a Motion Picture - Musical or Comedy,True,Pennies from Heaven
1982,Best Performance by an Actress in a Motion Picture - Musical or Comedy,False,Continental Divide
1982,Best Performance by an Actress in a Motion Picture - Musical or Comedy,False,"Four Seasons, The"
1982,Best Performance by an Actress in a Motion Picture - Musical or Comedy,False,First Monday in October
1982,Best Performance by an Actress in a Motion Picture - Musical or Comedy,False,Arthur
1982,Best Performance by an Actor in a Motion Picture - Musical or Comedy,True,Arthur
1982,Best Performance by an Actor in a Motion Picture - Musical or Comedy,False,First Monday in October
1982,Best Performance by an Actor in a Motion Picture - Musical or Comedy,False,"Four Seasons, The"
1982,Best Performance by an Actor in a Motion Picture - Musical or Comedy,False,"Zorro, The Gay Blade"
1982,Best Performance by an Actor in a Motion Picture - Musical or Comedy,False,Pennies from Heaven
1982,Best Performance by an Actress in a Supporting Role in any Motion Picture,True,Only When I Laugh
1982,Best Performance by an Actress in a Supporting Role in any Motion Picture,False,On Golden Pond
1982,Best Performance by an Actress in a Supporting Role in any Motion Picture,False,Only When I Laugh
1982,Best Performance by an Actress in a Supporting Role in any Motion Picture,False,Reds
1982,Best Performance by an Actress in a Supporting Role in any Motion Picture,False,Ragtime
1982,Best Performance by an Actor in a Supporting Role in any Motion Picture,True,Arthur
1982,Best Performance by an Actor in a Supporting Role in any Motion Picture,False,Only When I Laugh
1982,Best Performance by an Actor in a Supporting Role in any Motion Picture,False,Reds
1982,Best Performance by an Actor in a Supporting Role in any Motion Picture,False,Ragtime
1982,Best Performance by an Actor in a Supporting Role in any Motion Picture,False,Butterfly
1982,Best Director - Motion Picture,True,Reds
1982,Best Director - Motion Picture,False,On Golden Pond
1982,Best Director - Motion Picture,False,Raiders of the Lost Ark
1982,Best Director - Motion Picture,False,Ragtime
1982,Best Director - Motion Picture,False,Prince of the City
1982,Best Director - Motion Picture,False,Atlantic City
1982,Best Screenplay - Motion Picture,True,On Golden Pond
1982,Best Screenplay - Motion Picture,False,Reds
1982,Best Screenplay - Motion Picture,False,Absence of Malice
1982,Best Screenplay - Motion Picture,False,"Four Seasons, The"
1982,Best Screenplay - Motion Picture,False,"French Lieutenant's Woman, The"
1982,Best Motion Picture - Foreign Language,True,"United Kingdom, Hugh Hudson"
1982,Best Motion Picture - Foreign Language,False,"Canada, Louis Malle"
1982,Best Motion Picture - Foreign Language,False,"West Germany, Wolfgang Petersen"
1982,Best Motion Picture - Foreign Language,False,"Australia, Peter Weir"
1982,Best Motion Picture - Foreign Language,False,"Brazil, Hector Babenco"
1982,Best Original Song - Motion Picture,True,Arthur
1982,Best Original Song - Motion Picture,False,For Your Eyes Only
1982,Best Original Song - Motion Picture,False,Butterfly
1982,Best Original Song - Motion Picture,False,Ragtime
1982,Best Television Series - Drama,True,Hill Street Blues
1982,Best Television Series - Drama,False,Lou Grant
1982,Best Television Series - Drama,False,Dallas
1982,Best Television Series - Drama,False,Dynasty (1981-1989)
1982,Best Television Series - Drama,False,Hart To Hart
1982,Best Television Series - Musical or Comedy,True,M*A*S*H (TV Show)
1982,Best Television Series - Musical or Comedy,False,Barbara Mandrell and the Mandrell Sisters
1982,Best Television Series - Musical or Comedy,False,The Love Boat
1982,Best Television Series - Musical or Comedy,False,Private Benjamin (TV)
1982,Best Television Series - Musical or Comedy,False,Taxi
1982,Best Television Limited Series or Motion Picture Made for Television,True,East of Eden (TV)
1982,Best Television Limited Series or Motion Picture Made for Television,True,Bill
1982,Best Television Limited Series or Motion Picture Made for Television,False,"Long Way Home, A"
1982,Best Television Limited Series or Motion Picture Made for Television,False,Masada
1982,Best Television Limited Series or Motion Picture Made for Television,False,Murder In Texas
1982,Best Performance by an Actress in a Limited Series or a Motion Picture Made for Television,True,East of Eden (TV)
1982,Best Performance by an Actress in a Limited Series or a Motion Picture Made for Television,False,"People Vs. Jean Harris, The"
1982,Best Performance by an Actress in a Limited Series or a Motion Picture Made for Television,False,"Patricia Neal Story, The"
1982,Best Performance by an Actress in a Limited Series or a Motion Picture Made for Television,False,Jacqueline Bouvier Kennedy
1982,Best Performance by an Actress in a Limited Series or a Motion Picture Made for Television,False,Crisis at Central High
1982,Best Performance by an Actor in a Limited Series or a Motion Picture Made for Television,True,Bill
1982,Best Performance by an Actor in a Limited Series or a Motion Picture Made for Television,False,"Patricia Neal Story, The"
1982,Best Performance by an Actor in a Limited Series or a Motion Picture Made for Television,False,"Long Way Home, A"
1982,Best Performance by an Actor in a Limited Series or a Motion Picture Made for Television,False,Skokie
1982,Best Performance by an Actor in a Limited Series or a Motion Picture Made for Television,False,Masada
1982,Best Performance by an Actor in a Limited Series or a Motion Picture Made for Television,False,"Ordeal of Bill Carney, The"
1982,Best Performance by an Actor in a Limited Series or a Motion Picture Made for Television,False,Masada
1982,Best Performance by an Actress In A Television Series - Drama,True,Dynasty (1981-1989)
1982,Best Performance by an Actress In A Television Series - Drama,True,Dynasty (1981-1989)
1982,Best Performance by an Actress In A Television Series - Drama,False,Dallas
1982,Best Performance by an Actress In A Television Series - Drama,False,Flamingo Road
1982,Best Performance by an Actress In A Television Series - Drama,False,Dallas
1982,Best Performance by an Actress In A Television Series - Drama,False,Hart To Hart
1982,Best Performance by an Actor In A Television Series - Drama,True,Hill Street Blues
1982,Best Performance by an Actor In A Television Series - Drama,False,Lou Grant
1982,Best Performance by an Actor In A Television Series - Drama,False,Dynasty (1981-1989)
1982,Best Performance by an Actor In A Television Series - Drama,False,Dallas
1982,Best Performance by an Actor In A Television Series - Drama,False,"Magnum, P. I."
1982,Best Performance by an Actress in a Television Series - Musical or Comedy,True,Private Benjamin (TV)
1982,Best Performance by an Actress in a Television Series - Musical or Comedy,False,WKRP In Cincinnati
1982,Best Performance by an Actress in a Television Series - Musical or Comedy,False,One Day at a Time
1982,Best Performance by an Actress in a Television Series - Musical or Comedy,False,Barbara Mandrell and the Mandrell Sisters
1982,Best Performance by an Actress in a Television Series - Musical or Comedy,False,M*A*S*H (TV Show)
1982,Best Performance by an Actor in a Television Series - Musical or Comedy,True,M*A*S*H (TV Show)
1982,Best Performance by an Actor in a Television Series - Musical or Comedy,False,The Love Boat
1982,Best Performance by an Actor in a Television Series - Musical or Comedy,False,"Love, Sidney"
1982,Best Performance by an Actor in a Television Series - Musical or Comedy,False,Brett Maverick
1982,Best Performance by an Actor in a Television Series - Musical or Comedy,False,Taxi
1982,"Best Performance by an Actress in a Supporting Role in a Series, Limited Series or Motion Picture Made for Television",True,One Day at a Time
1982,"Best Performance by an Actress in a Supporting Role in a Series, Limited Series or Motion Picture Made for Television",False,The Love Boat
1982,"Best Performance by an Actress in a Supporting Role in a Series, Limited Series or Motion Picture Made for Television",False,Archie Bunker's Place
1982,"Best Performance by an Actress in a Supporting Role in a Series, Limited Series or Motion Picture Made for Television",False,Taxi
1982,"Best Performance by an Actress in a Supporting Role in a Series, Limited Series or Motion Picture Made for Television",False,Alice
1982,"Best Performance by an Actor in a Supporting Role in a Series, Limited Series or Motion Picture Made for Television",True,"Magnum, P. I."
1982,"Best Performance by an Actor in a Supporting Role in a Series, Limited Series or Motion Picture Made for Television",False,Taxi
1982,"Best Performance by an Actor in a Supporting Role in a Series, Limited Series or Motion Picture Made for Television",False,One Day at a Time
1982,"Best Performance by an Actor in a Supporting Role in a Series, Limited Series or Motion Picture Made for Television",False,Alice
1982,"Best Performance by an Actor in a Supporting Role in a Series, Limited Series or Motion Picture Made for Television",False,Fantasy Island
1982,Cecil B. deMille Award,False,Sidney Poitier
1982,New Star Of The Year,True,Butterfly
1982,New Star Of The Year,False,Sharky's Machine
1982,New Star Of The Year,False,Four Friends
1982,New Star Of The Year,False,Ragtime
1982,New Star Of The Year,False,Ragtime
1982,New Star Of The Year,False,Body Heat
1982,Television Special - Variety Or Musical,True,"Kennedy Center Honors: a Celebration, The"
1982,Television Special - Variety Or Musical,False,AFI Salute To Fred Astaire
1982,Television Special - Variety Or Musical,False,Diana
1982,Television Special - Variety Or Musical,False,Lily: Sold Out
1982,Television Special - Variety Or Musical,False,"Lincoln Center Special: Beverly!, A"
1983,Best Motion Picture - Drama,True,E. T. The Extra-Terrestrial
1983,Best Motion Picture - Drama,False,Missing
1983,Best Motion Picture - Drama,False,"Officer and a Gentleman, An"
1983,Best Motion Picture - Drama,False,Sophie's Choice
1983,Best Motion Picture - Drama,False,"Verdict, The"
1983,Best Motion Picture - Musical or Comedy,True,Tootsie
1983,Best Motion Picture - Musical or Comedy,False,"Best Little Whorehouse In Texas, The"
1983,Best Motion Picture - Musical or Comedy,False,Diner
1983,Best Motion Picture - Musical or Comedy,False,My Favorite Year
1983,Best Motion Picture - Musical or Comedy,False,Victor Victoria
1983,Best Performance by an Actress in a Motion Picture - Drama,True,Sophie's Choice
1983,Best Performance by an Actress in a Motion Picture - Drama,False,"Officer and a Gentleman, An"
1983,Best Performance by an Actress in a Motion Picture - Drama,False,Shoot The Moon
1983,Best Performance by an Actress in a Motion Picture - Drama,False,Frances
1983,Best Performance by an Actress in a Motion Picture - Drama,False,Missing
1983,Best Performance by an Actor in a Motion Picture - Drama,True,Gandhi
1983,Best Performance by an Actor in a Motion Picture - Drama,False,Shoot The Moon
1983,Best Performance by an Actor in a Motion Picture - Drama,False,"Officer and a Gentleman, An"
1983,Best Performance by an Actor in a Motion Picture - Drama,False,Missing
1983,Best Performance by an Actor in a Motion Picture - Drama,False,"Verdict, The"
1983,Best Performance by an Actress in a Motion Picture - Musical or Comedy,True,Victor Victoria
1983,Best Performance by an Actress in a Motion Picture - Musical or Comedy,False,Annie
1983,Best Performance by an Actress in a Motion Picture - Musical or Comedy,False,Kiss Me Goodbye
1983,Best Performance by an Actress in a Motion Picture - Musical or Comedy,False,Best Friends
1983,Best Performance by an Actress in a Motion Picture - Musical or Comedy,False,"Best Little Whorehouse In Texas, The"
1983,Best Performance by an Actress in a Motion Picture - Musical or Comedy,False,Annie
1983,Best Performance by an Actor in a Motion Picture - Musical or Comedy,True,Tootsie
1983,Best Performance by an Actor in a Motion Picture - Musical or Comedy,False,My Favorite Year
1983,Best Performance by an Actor in a Motion Picture - Musical or Comedy,False,Author! Author!
1983,Best Performance by an Actor in a Motion Picture - Musical or Comedy,False,Victor Victoria
1983,Best Performance by an Actor in a Motion Picture - Musical or Comedy,False,Night Shift
1983,Best Performance by an Actress in a Supporting Role in any Motion Picture,True,Tootsie
1983,Best Performance by an Actress in a Supporting Role in any Motion Picture,False,"Come Back To The Five and Dime, Jimmy Dean, Jimmy Dean"
1983,Best Performance by an Actress in a Supporting Role in any Motion Picture,False,My Favorite Year
1983,Best Performance by an Actress in a Supporting Role in any Motion Picture,False,Frances
1983,Best Performance by an Actress in a Supporting Role in any Motion Picture,False,Victor Victoria
1983,Best Performance by an Actor in a Supporting Role in any Motion Picture,True,"Officer and a Gentleman, An"
1983,Best Performance by an Actor in a Supporting Role in any Motion Picture,False,Tempest
1983,Best Performance by an Actor in a Supporting Role in any Motion Picture,False,"Officer and a Gentleman, An"
1983,Best Performance by an Actor in a Supporting Role in any Motion Picture,False,"Verdict, The"
1983,Best Performance by an Actor in a Supporting Role in any Motion Picture,False,Tex
1983,Best Director - Motion Picture,True,Gandhi
1983,Best Director - Motion Picture,False,E. T. The Extra-Terrestrial
1983,Best Director - Motion Picture,False,Missing
1983,Best Director - Motion Picture,False,"Verdict, The"
1983,Best Director - Motion Picture,False,Tootsie
1983,Best Screenplay - Motion Picture,True,Gandhi
1983,Best Screenplay - Motion Picture,False,"Verdict, The"
1983,Best Screenplay - Motion Picture,False,E. T. The Extra-Terrestrial
1983,Best Screenplay - Motion Picture,False,Missing
1983,Best Screenplay - Motion Picture,False,Tootsie
1983,Best Motion Picture - Foreign Language,True,"India, Richard Attenborough"
1983,Best Motion Picture - Foreign Language,False,"West Germany, Werner Herzog"
1983,Best Motion Picture - Foreign Language,False,"Australia, George Miller"
1983,Best Motion Picture - Foreign Language,False,"Canada, Jean-Jacques Annaud"
1983,Best Motion Picture - Foreign Language,False,"Italy, Franco Zeffirelli"
1983,Best Motion Picture - Foreign Language,False,"Switzerland, Serif Gören, Yilmaz Güney"
1983,Best Original Score - Motion Picture,True,E. T. The Extra-Terrestrial
1983,Best Original Score - Motion Picture,False,Blade Runner
1983,Best Original Score - Motion Picture,False,Cat People
1983,Best Original Score - Motion Picture,False,Six Weeks
1983,Best Original Score - Motion Picture,False,Victor Victoria
1983,Best Original Song - Motion Picture,True,"Officer and a Gentleman, An"
1983,Best Original Song - Motion Picture,False,Rocky III
1983,Best Original Song - Motion Picture,False,"Yes, Giorgio"
1983,Best Original Song - Motion Picture,False,Making Love
1983,Best Original Song - Motion Picture,False,Cat People
1983,Best Television Series - Drama,True,Hill Street Blues
1983,Best Television Series - Drama,False,Dallas
1983,Best Television Series - Drama,False,Dynasty (1981-1989)
1983,Best Television Series - Drama,False,Hart To Hart
1983,Best Television Series - Drama,False,"Magnum, P. I."
1983,Best Television Series - Musical or Comedy,True,Fame
1983,Best Television Series - Musical or Comedy,False,"Love, Sidney"
1983,Best Television Series - Musical or Comedy,False,M*A*S*H (TV Show)
1983,Best Television Series - Musical or Comedy,False,Taxi
1983,Best Television Series - Musical or Comedy,False,Cheers
1983,Best Television Limited Series or Motion Picture Made for Television,True,Brideshead Revisited
1983,Best Television Limited Series or Motion Picture Made for Television,False,"Eleanor, First Lady of the World"
1983,Best Television Limited Series or Motion Picture Made for Television,False,In the Custody of Strangers
1983,Best Television Limited Series or Motion Picture Made for Television,False,Two of a Kind
1983,Best Television Limited Series or Motion Picture Made for Television,False,"Woman Called Golda, A"
1983,Best Performance by an Actress in a Limited Series or a Motion Picture Made for Television,True,"Woman Called Golda, A"
1983,Best Performance by an Actress in a Limited Series or a Motion Picture Made for Television,False,Life of the Party: The Story of Beatrice
1983,Best Performance by an Actress in a Limited Series or a Motion Picture Made for Television,False,Little Gloria
1983,Best Performance by an Actress in a Limited Series or a Motion Picture Made for Television,False,Mae West
1983,Best Performance by an Actress in a Limited Series or a Motion Picture Made for Television,False,"Letter, The"
1983,Best Performance by an Actress in a Limited Series or a Motion Picture Made for Television,False,"Eleanor, First Lady of the World"
1983,Best Performance by an Actor in a Limited Series or a Motion Picture Made for Television,True,Brideshead Revisited
1983,Best Performance by an Actor in a Limited Series or a Motion Picture Made for Television,False,"Elephant Man, The (TV - 1982)"
1983,Best Performance by an Actor in a Limited Series or a Motion Picture Made for Television,False,Two of a Kind
1983,Best Performance by an Actor in a Limited Series or a Motion Picture Made for Television,False,Brideshead Revisited
1983,Best Performance by an Actor in a Limited Series or a Motion Picture Made for Television,False,Oppenheimer
1983,Best Performance by an Actress In A Television Series - Drama,False,Dynasty (1981-1989)
1983,Best Performance by an Actress In A Television Series - Drama,False,Hart To Hart
1983,Best Performance by an Actress In A Television Series - Drama,False,Dallas
1983,Best Performance by an Actress In A Television Series - Drama,False,Falcon Crest
1983,Best Performance by an Actress In A Television Series - Drama,False,Dynasty (1981-1989)
1983,Best Performance by an Actor In A Television Series - Drama,True,Dynasty (1981-1989)
1983,Best Performance by an Actor In A Television Series - Drama,False,Dallas
1983,Best Performance by an Actor In A Television Series - Drama,False,"Magnum, P. I."
1983,Best Performance by an Actor In A Television Series - Drama,False,Hill Street Blues
1983,Best Performance by an Actor In A Television Series - Drama,False,Hart To Hart
1983,Best Performance by an Actress in a Television Series - Musical or Comedy,True,Fame
1983,Best Performance by an Actress in a Television Series - Musical or Comedy,False,Private Benjamin (TV)
1983,Best Performance by an Actress in a Television Series - Musical or Comedy,False,Gimme a Break!
1983,Best Performance by an Actress in a Television Series - Musical or Comedy,False,One Day at a Time
1983,Best Performance by an Actress in a Television Series - Musical or Comedy,False,Nine To Five
1983,Best Performance by an Actress in a Television Series - Musical or Comedy,False,"Jeffersons, The"
1983,Best Performance by an Actor in a Television Series - Musical or Comedy,True,M*A*S*H (TV Show)
1983,Best Performance by an Actor in a Television Series - Musical or Comedy,False,Benson
1983,Best Performance by an Actor in a Television Series - Musical or Comedy,False,Taxi
1983,Best Performance by an Actor in a Television Series - Musical or Comedy,False,Newhart
1983,Best Performance by an Actor in a Television Series - Musical or Comedy,False,"Love, Sidney"
1983,"Best Performance by an Actress in a Supporting Role in a Series, Limited Series or Motion Picture Made for Television",True,Cheers
1983,"Best Performance by an Actress in a Supporting Role in a Series, Limited Series or Motion Picture Made for Television",False,One Day at a Time
1983,"Best Performance by an Actress in a Supporting Role in a Series, Limited Series or Motion Picture Made for Television",False,Taxi
1983,"Best Performance by an Actress in a Supporting Role in a Series, Limited Series or Motion Picture Made for Television",False,Alice
1983,"Best Performance by an Actress in a Supporting Role in a Series, Limited Series or Motion Picture Made for Television",False,Taxi
1983,"Best Performance by an Actress in a Supporting Role in a Series, Limited Series or Motion Picture Made for Television",False,M*A*S*H (TV Show)
1983,"Best Performance by an Actor in a Supporting Role in a Series, Limited Series or Motion Picture Made for Television",True,Hart To Hart
1983,"Best Performance by an Actor in a Supporting Role in a Series, Limited Series or Motion Picture Made for Television",False,One Day at a Time
1983,"Best Performance by an Actor in a Supporting Role in a Series, Limited Series or Motion Picture Made for Television",False,"Magnum, P. I."
1983,"Best Performance by an Actor in a Supporting Role in a Series, Limited Series or Motion Picture Made for Television",False,Falcon Crest
1983,"Best Performance by an Actor in a Supporting Role in a Series, Limited Series or Motion Picture Made for Television",False,Happy Days
1983,Cecil B. deMille Award,False,Laurence Olivier
1983,New Star Of The Year - Actress,True,Conan the Barbarian
1983,New Star Of The Year - Actress,False,"Officer and a Gentleman, An"
1983,New Star Of The Year - Actress,False,Six Weeks
1983,New Star Of The Year - Actress,False,Love Child
1983,New Star Of The Year - Actress,False,Annie
1983,New Star Of The Year - Actress,False,Tempest
1983,New Star Of The Year - Actor,True,Gandhi
1983,New Star Of The Year - Actor,False,Sophie's Choice
1983,New Star Of The Year - Actor,False,48 Hrs.
1983,New Star Of The Year - Actor,False,E. T. The Extra-Terrestrial
1983,New Star Of The Year - Actor,False,"Officer and a Gentleman, An"
1984,Best Motion Picture - Drama,True,Terms of Endearment
1984,Best Motion Picture - Drama,False,"Reuben, Reuben"
1984,Best Motion Picture - Drama,False,"Right Stuff, The"
1984,Best Motion Picture - Drama,False,Silkwood
1984,Best Motion Picture - Drama,False,Tender Mercies
1984,Best Motion Picture - Musical or Comedy,True,Yentl
1984,Best Motion Picture - Musical or Comedy,False,"Big Chill, The"
1984,Best Motion Picture - Musical or Comedy,False,Flashdance
1984,Best Motion Picture - Musical or Comedy,False,Trading Places
1984,Best Motion Picture - Musical or Comedy,False,Zelig
1984,Best Performance by an Actress in a Motion Picture - Drama,True,Terms of Endearment
1984,Best Performance by an Actress in a Motion Picture - Drama,False,Terms of Endearment
1984,Best Performance by an Actress in a Motion Picture - Drama,False,Testament
1984,Best Performance by an Actress in a Motion Picture - Drama,False,Heart Like a Wheel
1984,Best Performance by an Actress in a Motion Picture - Drama,False,Silkwood
1984,Best Performance by an Actor in a Motion Picture - Drama,True,The Dresser
1984,Best Performance by an Actor in a Motion Picture - Drama,True,Tender Mercies
1984,Best Performance by an Actor in a Motion Picture - Drama,False,"Reuben, Reuben"
1984,Best Performance by an Actor in a Motion Picture - Drama,False,"Grey Fox, The"
1984,Best Performance by an Actor in a Motion Picture - Drama,False,The Dresser
1984,Best Performance by an Actor in a Motion Picture - Drama,False,Scarface
1984,Best Performance by an Actor in a Motion Picture - Drama,False,Star 80
1984,Best Performance by an Actress in a Motion Picture - Musical or Comedy,True,Educating Rita
1984,Best Performance by an Actress in a Motion Picture - Musical or Comedy,False,To Be or Not to Be
1984,Best Performance by an Actress in a Motion Picture - Musical or Comedy,False,Flashdance
1984,Best Performance by an Actress in a Motion Picture - Musical or Comedy,False,"Pirates of Penzance, The"
1984,Best Performance by an Actress in a Motion Picture - Musical or Comedy,False,Yentl
1984,Best Performance by an Actor in a Motion Picture - Musical or Comedy,True,Educating Rita
1984,Best Performance by an Actor in a Motion Picture - Musical or Comedy,False,Risky Business
1984,Best Performance by an Actor in a Motion Picture - Musical or Comedy,False,Trading Places
1984,Best Performance by an Actor in a Motion Picture - Musical or Comedy,False,Yentl
1984,Best Performance by an Actor in a Motion Picture - Musical or Comedy,False,Zelig
1984,Best Performance by an Actress in a Supporting Role in any Motion Picture,True,Silkwood
1984,Best Performance by an Actress in a Supporting Role in any Motion Picture,False,Never Say Never Again
1984,Best Performance by an Actress in a Supporting Role in any Motion Picture,False,Tender Mercies
1984,Best Performance by an Actress in a Supporting Role in any Motion Picture,False,"Year of Living Dangerously, The"
1984,Best Performance by an Actress in a Supporting Role in any Motion Picture,False,Gorky Park
1984,Best Performance by an Actor in a Supporting Role in any Motion Picture,True,Terms of Endearment
1984,Best Performance by an Actor in a Supporting Role in any Motion Picture,False,To Be or Not to Be
1984,Best Performance by an Actor in a Supporting Role in any Motion Picture,False,Under Fire
1984,Best Performance by an Actor in a Supporting Role in any Motion Picture,False,Silkwood
1984,Best Performance by an Actor in a Supporting Role in any Motion Picture,False,Scarface
1984,Best Director - Motion Picture,True,Yentl
1984,Best Director - Motion Picture,False,Tender Mercies
1984,Best Director - Motion Picture,False,Fanny & Alexander
1984,Best Director - Motion Picture,False,Terms of Endearment
1984,Best Director - Motion Picture,False,Silkwood
1984,Best Director - Motion Picture,False,The Dresser
1984,Best Screenplay - Motion Picture,True,Terms of Endearment
1984,Best Screenplay - Motion Picture,False,"Big Chill, The"
1984,Best Screenplay - Motion Picture,False,The Dresser
1984,Best Screenplay - Motion Picture,False,Educating Rita
1984,Best Screenplay - Motion Picture,False,"Reuben, Reuben"
1984,Best Motion Picture - Foreign Language,True,"Sweden, Ingmar Bergman"
1984,Best Motion Picture - Foreign Language,False,"Spain, Carlos Saura"
1984,Best Motion Picture - Foreign Language,False,"United Kingdom, Peter Yates"
1984,Best Motion Picture - Foreign Language,False,"United Kingdom, Lewis Gilbert"
1984,Best Motion Picture - Foreign Language,False,"Canada, Lewis Gilbert"
1984,Best Original Score - Motion Picture,True,Flashdance
1984,Best Original Score - Motion Picture,False,Rumble Fish
1984,Best Original Score - Motion Picture,False,Scarface
1984,Best Original Score - Motion Picture,False,Under Fire
1984,Best Original Score - Motion Picture,False,Yentl
1984,Best Original Song - Motion Picture,True,Flashdance
1984,Best Original Song - Motion Picture,False,Staying Alive
1984,Best Original Song - Motion Picture,False,Flashdance
1984,Best Original Song - Motion Picture,False,Tender Mercies
1984,Best Original Song - Motion Picture,False,Yentl
1984,Best Television Series - Drama,True,Dynasty (1981-1989)
1984,Best Television Series - Drama,False,Hill Street Blues
1984,Best Television Series - Drama,False,Cagney & Lacey
1984,Best Television Series - Drama,False,Dallas
1984,Best Television Series - Drama,False,Hart To Hart
1984,Best Television Series - Musical or Comedy,True,Fame
1984,Best Television Series - Musical or Comedy,False,Buffalo Bill
1984,Best Television Series - Musical or Comedy,False,Cheers
1984,Best Television Series - Musical or Comedy,False,Newhart
1984,Best Television Series - Musical or Comedy,False,Taxi
1984,Best Television Limited Series or Motion Picture Made for Television,True,"Thorn Birds, The"
1984,Best Television Limited Series or Motion Picture Made for Television,False,Heart of Steel
1984,Best Television Limited Series or Motion Picture Made for Television,False,Kennedy
1984,Best Television Limited Series or Motion Picture Made for Television,False,"Winds of War, The"
1984,Best Television Limited Series or Motion Picture Made for Television,False,Who Will Love My Children?
1984,Best Performance by an Actress in a Limited Series or a Motion Picture Made for Television,True,Who Will Love My Children?
1984,Best Performance by an Actress in a Limited Series or a Motion Picture Made for Television,False,Will There Really Be a Morning?
1984,Best Performance by an Actress in a Limited Series or a Motion Picture Made for Television,False,Kennedy
1984,Best Performance by an Actress in a Limited Series or a Motion Picture Made for Television,False,Thursday's Child
1984,Best Performance by an Actress in a Limited Series or a Motion Picture Made for Television,False,"Thorn Birds, The"
1984,Best Performance by an Actor in a Limited Series or a Motion Picture Made for Television,True,"Thorn Birds, The"
1984,Best Performance by an Actor in a Limited Series or a Motion Picture Made for Television,False,Sadat
1984,Best Performance by an Actor in a Limited Series or a Motion Picture Made for Television,False,Kennedy
1984,Best Performance by an Actor in a Limited Series or a Motion Picture Made for Television,False,Heart of Steel
1984,Best Performance by an Actor in a Limited Series or a Motion Picture Made for Television,False,Blood Feud
1984,Best Performance by an Actress In A Television Series - Drama,True,Falcon Crest
1984,Best Performance by an Actress In A Television Series - Drama,False,Dynasty (1981-1989)
1984,Best Performance by an Actress In A Television Series - Drama,False,Cagney & Lacey
1984,Best Performance by an Actress In A Television Series - Drama,False,Dynasty (1981-1989)
1984,Best Performance by an Actress In A Television Series - Drama,False,Hart To Hart
1984,Best Performance by an Actor In A Television Series - Drama,True,Dynasty (1981-1989)
1984,Best Performance by an Actor In A Television Series - Drama,False,Hotel
1984,Best Performance by an Actor In A Television Series - Drama,False,"Magnum, P. I."
1984,Best Performance by an Actor In A Television Series - Drama,False,Hill Street Blues
1984,Best Performance by an Actor In A Television Series - Drama,False,Hart To Hart
1984,Best Performance by an Actress in a Television Series - Musical or Comedy,True,Buffalo Bill
1984,Best Performance by an Actress in a Television Series - Musical or Comedy,False,"Jeffersons, The"
1984,Best Performance by an Actress in a Television Series - Musical or Comedy,False,Fame
1984,Best Performance by an Actress in a Television Series - Musical or Comedy,False,"Oh, Madeline"
1984,Best Performance by an Actress in a Television Series - Musical or Comedy,False,Cheers
1984,Best Performance by an Actor in a Television Series - Musical or Comedy,True,Three's Company
1984,Best Performance by an Actor in a Television Series - Musical or Comedy,False,Buffalo Bill
1984,Best Performance by an Actor in a Television Series - Musical or Comedy,False,Cheers
1984,Best Performance by an Actor in a Television Series - Musical or Comedy,False,Benson
1984,Best Performance by an Actor in a Television Series - Musical or Comedy,False,Newhart
1984,"Best Performance by an Actress in a Supporting Role in a Series, Limited Series or Motion Picture Made for Television",True,"Thorn Birds, The"
1984,"Best Performance by an Actress in a Supporting Role in a Series, Limited Series or Motion Picture Made for Television",False,"Gift of Love: A Christmas Story, The"
1984,"Best Performance by an Actress in a Supporting Role in a Series, Limited Series or Motion Picture Made for Television",False,"Gift of Love: A Christmas Story, The"
1984,"Best Performance by an Actress in a Supporting Role in a Series, Limited Series or Motion Picture Made for Television",False,"Thorn Birds, The"
1984,"Best Performance by an Actress in a Supporting Role in a Series, Limited Series or Motion Picture Made for Television",False,"Thorn Birds, The"
1984,"Best Performance by an Actress in a Supporting Role in a Series, Limited Series or Motion Picture Made for Television",False,"Winds of War, The"
1984,"Best Performance by an Actor in a Supporting Role in a Series, Limited Series or Motion Picture Made for Television",True,"Thorn Birds, The"
1984,"Best Performance by an Actor in a Supporting Role in a Series, Limited Series or Motion Picture Made for Television",False,"Winds of War, The"
1984,"Best Performance by an Actor in a Supporting Role in a Series, Limited Series or Motion Picture Made for Television",False,"Thorn Birds, The"
1984,"Best Performance by an Actor in a Supporting Role in a Series, Limited Series or Motion Picture Made for Television",False,"Winds of War, The"
1984,"Best Performance by an Actor in a Supporting Role in a Series, Limited Series or Motion Picture Made for Television",False,The Hasty Heart (1983)
1984,"Best Performance by an Actor in a Supporting Role in a Series, Limited Series or Motion Picture Made for Television",False,Thursday's Child
1984,Cecil B. deMille Award,False,Paul Newman
1985,Best Motion Picture - Drama,True,Amadeus
1985,Best Motion Picture - Drama,False,"Killing Fields, The"
1985,Best Motion Picture - Drama,False,Places in the Heart
1985,Best Motion Picture - Drama,False,"Soldier's Story, A"
1985,Best Motion Picture - Drama,False,"Cotton Club, The"
1985,Best Motion Picture - Musical or Comedy,True,Romancing the Stone
1985,Best Motion Picture - Musical or Comedy,False,Beverly Hills Cop
1985,Best Motion Picture - Musical or Comedy,False,Ghostbusters
1985,Best Motion Picture - Musical or Comedy,False,Micki & Maude
1985,Best Motion Picture - Musical or Comedy,False,Splash
1985,Best Performance by an Actress in a Motion Picture - Drama,True,Places in the Heart
1985,Best Performance by an Actress in a Motion Picture - Drama,False,Mrs. Soffel
1985,Best Performance by an Actress in a Motion Picture - Drama,False,Country
1985,Best Performance by an Actress in a Motion Picture - Drama,False,"Bostonians, The"
1985,Best Performance by an Actress in a Motion Picture - Drama,False,"River, The (1984)"
1985,Best Performance by an Actor in a Motion Picture - Drama,True,Amadeus
1985,Best Performance by an Actor in a Motion Picture - Drama,False,John Carpenter's Starman
1985,Best Performance by an Actor in a Motion Picture - Drama,False,Under The Volcano
1985,Best Performance by an Actor in a Motion Picture - Drama,False,Amadeus
1985,Best Performance by an Actor in a Motion Picture - Drama,False,"Killing Fields, The"
1985,Best Performance by an Actress in a Motion Picture - Musical or Comedy,True,Romancing the Stone
1985,Best Performance by an Actress in a Motion Picture - Musical or Comedy,False,All of Me
1985,Best Performance by an Actress in a Motion Picture - Musical or Comedy,False,Garbo Talks
1985,Best Performance by an Actress in a Motion Picture - Musical or Comedy,False,Broadway Danny Rose
1985,Best Performance by an Actress in a Motion Picture - Musical or Comedy,False,Irreconcilable Differences
1985,Best Performance by an Actor in a Motion Picture - Musical or Comedy,True,Micki & Maude
1985,Best Performance by an Actor in a Motion Picture - Musical or Comedy,False,All of Me
1985,Best Performance by an Actor in a Motion Picture - Musical or Comedy,False,Beverly Hills Cop
1985,Best Performance by an Actor in a Motion Picture - Musical or Comedy,False,Ghostbusters
1985,Best Performance by an Actor in a Motion Picture - Musical or Comedy,False,Moscow on the Hudson
1985,Best Performance by an Actress in a Supporting Role in any Motion Picture,True,"Passage to India, A"
1985,Best Performance by an Actress in a Supporting Role in any Motion Picture,False,Swing Shift
1985,Best Performance by an Actress in a Supporting Role in any Motion Picture,False,Songwriter
1985,Best Performance by an Actress in a Supporting Role in any Motion Picture,False,Irreconcilable Differences
1985,Best Performance by an Actress in a Supporting Role in any Motion Picture,False,"Natural, The"
1985,Best Performance by an Actress in a Supporting Role in any Motion Picture,False,Under The Volcano
1985,Best Performance by an Actress in a Supporting Role in any Motion Picture,False,Body Double
1985,Best Performance by an Actor in a Supporting Role in any Motion Picture,True,"Killing Fields, The"
1985,Best Performance by an Actor in a Supporting Role in any Motion Picture,False,"Soldier's Story, A"
1985,Best Performance by an Actor in a Supporting Role in any Motion Picture,False,"Flamingo Kid, The"
1985,Best Performance by an Actor in a Supporting Role in any Motion Picture,False,Amadeus
1985,Best Performance by an Actor in a Supporting Role in any Motion Picture,False,"Karate Kid, The"
1985,Best Director - Motion Picture,True,Amadeus
1985,Best Director - Motion Picture,False,"Cotton Club, The"
1985,Best Director - Motion Picture,False,"Killing Fields, The"
1985,Best Director - Motion Picture,False,"Passage to India, A"
1985,Best Director - Motion Picture,False,Once Upon a Time in America
1985,Best Screenplay - Motion Picture,True,Amadeus
1985,Best Screenplay - Motion Picture,False,"Killing Fields, The"
1985,Best Screenplay - Motion Picture,False,"Passage to India, A"
1985,Best Screenplay - Motion Picture,False,Places in the Heart
1985,Best Screenplay - Motion Picture,False,"Soldier's Story, A"
1985,Best Motion Picture - Foreign Language,True,"United Kingdom, David Lean"
1985,Best Motion Picture - Foreign Language,False,"Switzerland, Richard Dembo"
1985,Best Motion Picture - Foreign Language,False,"France, Wim Wenders"
1985,Best Motion Picture - Foreign Language,False,"France, Bertrand Tavernier"
1985,Best Motion Picture - Foreign Language,False,"France, Francesco Rosi"
1985,Best Original Score - Motion Picture,True,"Passage to India, A"
1985,Best Original Score - Motion Picture,False,"Killing Fields, The"
1985,Best Original Score - Motion Picture,False,Once Upon a Time in America
1985,Best Original Score - Motion Picture,False,"River, The"
1985,Best Original Score - Motion Picture,False,John Carpenter's Starman
1985,Best Original Song - Motion Picture,True,"Woman in Red, The"
1985,Best Original Song - Motion Picture,False,Against All Odds
1985,Best Original Song - Motion Picture,False,Footloose
1985,Best Original Song - Motion Picture,False,Give My Regards To Broad Street
1985,Best Original Song - Motion Picture,False,Ghostbusters
1985,Best Television Series - Drama,True,"Murder, She Wrote"
1985,Best Television Series - Drama,False,Cagney & Lacey
1985,Best Television Series - Drama,False,Dynasty (1981-1989)
1985,Best Television Series - Drama,False,Hill Street Blues
1985,Best Television Series - Drama,False,St. Elsewhere
1985,Best Television Series - Musical or Comedy,True,"Cosby Show, The"
1985,Best Television Series - Musical or Comedy,False,Fame
1985,Best Television Series - Musical or Comedy,False,"Jeffersons, The"
1985,Best Television Series - Musical or Comedy,False,Kate & Allie
1985,Best Television Series - Musical or Comedy,False,Cheers
1985,Best Television Limited Series or Motion Picture Made for Television,True,Something About Amelia
1985,Best Television Limited Series or Motion Picture Made for Television,False,"Burning Bed, The"
1985,Best Television Limited Series or Motion Picture Made for Television,False,"Dollmaker, The"
1985,Best Television Limited Series or Motion Picture Made for Television,False,Sakharov
1985,Best Television Limited Series or Motion Picture Made for Television,False,A Streetcar Named Desire (1984)
1985,Best Performance by an Actress in a Limited Series or a Motion Picture Made for Television,True,A Streetcar Named Desire (1984)
1985,Best Performance by an Actress in a Limited Series or a Motion Picture Made for Television,False,"Dollmaker, The"
1985,Best Performance by an Actress in a Limited Series or a Motion Picture Made for Television,False,Sakharov
1985,Best Performance by an Actress in a Limited Series or a Motion Picture Made for Television,False,Something About Amelia
1985,Best Performance by an Actress in a Limited Series or a Motion Picture Made for Television,False,"Burning Bed, The"
1985,Best Performance by an Actor in a Limited Series or a Motion Picture Made for Television,True,Something About Amelia
1985,Best Performance by an Actor in a Limited Series or a Motion Picture Made for Television,False,Heartsounds
1985,Best Performance by an Actor in a Limited Series or a Motion Picture Made for Television,False,Reilly: Ace Of Spies
1985,Best Performance by an Actor in a Limited Series or a Motion Picture Made for Television,False,Sakharov
1985,Best Performance by an Actor in a Limited Series or a Motion Picture Made for Television,False,A Streetcar Named Desire (1984)
1985,Best Performance by an Actress In A Television Series - Drama,True,"Murder, She Wrote"
1985,Best Performance by an Actress In A Television Series - Drama,False,Dynasty (1981-1989)
1985,Best Performance by an Actress In A Television Series - Drama,False,Cagney & Lacey
1985,Best Performance by an Actress In A Television Series - Drama,False,Dynasty (1981-1989)
1985,Best Performance by an Actress In A Television Series - Drama,False,Cagney & Lacey
1985,Best Performance by an Actress In A Television Series - Drama,False,Scarecrow and Mrs. King
1985,Best Performance by an Actor In A Television Series - Drama,True,"Magnum, P. I."
1985,Best Performance by an Actor In A Television Series - Drama,False,Mickey Spillane's Mike Hammer
1985,Best Performance by an Actor In A Television Series - Drama,False,Hill Street Blues
1985,Best Performance by an Actor In A Television Series - Drama,False,Hotel
1985,Best Performance by an Actor In A Television Series - Drama,False,Dynasty (1981-1989)
1985,Best Performance by an Actor In A Television Series - Drama,False,Dallas
1985,Best Performance by an Actress in a Television Series - Musical or Comedy,True,Cheers
1985,Best Performance by an Actress in a Television Series - Musical or Comedy,False,Kate & Allie
1985,Best Performance by an Actress in a Television Series - Musical or Comedy,False,"Jeffersons, The"
1985,Best Performance by an Actress in a Television Series - Musical or Comedy,False,Fame
1985,Best Performance by an Actress in a Television Series - Musical or Comedy,False,Gimme a Break!
1985,Best Performance by an Actress in a Television Series - Musical or Comedy,False,Webster
1985,Best Performance by an Actor in a Television Series - Musical or Comedy,True,"Cosby Show, The"
1985,Best Performance by an Actor in a Television Series - Musical or Comedy,False,Cheers
1985,Best Performance by an Actor in a Television Series - Musical or Comedy,False,Benson
1985,Best Performance by an Actor in a Television Series - Musical or Comedy,False,"Jeffersons, The"
1985,Best Performance by an Actor in a Television Series - Musical or Comedy,False,Newhart
1985,"Best Performance by an Actress in a Supporting Role in a Series, Limited Series or Motion Picture Made for Television",True,Ellis Island
1985,"Best Performance by an Actress in a Supporting Role in a Series, Limited Series or Motion Picture Made for Television",False,Night Court
1985,"Best Performance by an Actress in a Supporting Role in a Series, Limited Series or Motion Picture Made for Television",False,"Jeffersons, The"
1985,"Best Performance by an Actress in a Supporting Role in a Series, Limited Series or Motion Picture Made for Television",False,Falcon Crest
1985,"Best Performance by an Actress in a Supporting Role in a Series, Limited Series or Motion Picture Made for Television",False,Cheers
1985,"Best Performance by an Actress in a Supporting Role in a Series, Limited Series or Motion Picture Made for Television",False,Something About Amelia
1985,"Best Performance by an Actor in a Supporting Role in a Series, Limited Series or Motion Picture Made for Television",True,"Burning Bed, The"
1985,"Best Performance by an Actor in a Supporting Role in a Series, Limited Series or Motion Picture Made for Television",False,Hill Street Blues
1985,"Best Performance by an Actor in a Supporting Role in a Series, Limited Series or Motion Picture Made for Television",False,Nancy Astor
1985,"Best Performance by an Actor in a Supporting Role in a Series, Limited Series or Motion Picture Made for Television",False,"Magnum, P. I."
1985,"Best Performance by an Actor in a Supporting Role in a Series, Limited Series or Motion Picture Made for Television",False,Ellis Island
1985,Cecil B. deMille Award,False,Elizabeth Taylor
1986,Best Motion Picture - Drama,True,Out of Africa
1986,Best Motion Picture - Drama,False,"Color Purple, The"
1986,Best Motion Picture - Drama,False,Kiss of the Spider Woman
1986,Best Motion Picture - Drama,False,Runaway Train
1986,Best Motion Picture - Drama,False,Witness
1986,Best Motion Picture - Musical or Comedy,True,Prizzi's Honor
1986,Best Motion Picture - Musical or Comedy,False,Back To The Future
1986,Best Motion Picture - Musical or Comedy,False,"Chorus Line: The Movie, A"
1986,Best Motion Picture - Musical or Comedy,False,Cocoon
1986,Best Motion Picture - Musical or Comedy,False,"Purple Rose of Cairo, The"
1986,Best Performance by an Actress in a Motion Picture - Drama,True,"Color Purple, The"
1986,Best Performance by an Actress in a Motion Picture - Drama,False,Out of Africa
1986,Best Performance by an Actress in a Motion Picture - Drama,False,Agnes of God
1986,Best Performance by an Actress in a Motion Picture - Drama,False,Mask
1986,Best Performance by an Actress in a Motion Picture - Drama,False,"Trip To Bountiful, The"
1986,Best Performance by an Actor in a Motion Picture - Drama,True,Runaway Train
1986,Best Performance by an Actor in a Motion Picture - Drama,False,Witness
1986,Best Performance by an Actor in a Motion Picture - Drama,False,Twice in a Lifetime
1986,Best Performance by an Actor in a Motion Picture - Drama,False,Kiss of the Spider Woman
1986,Best Performance by an Actor in a Motion Picture - Drama,False,Kiss of the Spider Woman
1986,Best Performance by an Actress in a Motion Picture - Musical or Comedy,True,Prizzi's Honor
1986,Best Performance by an Actress in a Motion Picture - Musical or Comedy,False,Desperately Seeking Susan
1986,Best Performance by an Actress in a Motion Picture - Musical or Comedy,False,Maxie
1986,Best Performance by an Actress in a Motion Picture - Musical or Comedy,False,"Purple Rose of Cairo, The"
1986,Best Performance by an Actress in a Motion Picture - Musical or Comedy,False,Murphy's Romance
1986,Best Performance by an Actor in a Motion Picture - Musical or Comedy,True,Prizzi's Honor
1986,Best Performance by an Actor in a Motion Picture - Musical or Comedy,False,After Hours
1986,Best Performance by an Actor in a Motion Picture - Musical or Comedy,False,Back To The Future
1986,Best Performance by an Actor in a Motion Picture - Musical or Comedy,False,Murphy's Romance
1986,Best Performance by an Actor in a Motion Picture - Musical or Comedy,False,"Purple Rose of Cairo, The"
1986,Best Performance by an Actress in a Supporting Role in any Motion Picture,True,Agnes of God
1986,Best Performance by an Actress in a Supporting Role in any Motion Picture,False,Kiss of the Spider Woman
1986,Best Performance by an Actress in a Supporting Role in any Motion Picture,False,Prizzi's Honor
1986,Best Performance by an Actress in a Supporting Role in any Motion Picture,False,Twice in a Lifetime
1986,Best Performance by an Actress in a Supporting Role in any Motion Picture,False,Witness
1986,Best Performance by an Actress in a Supporting Role in any Motion Picture,False,"Color Purple, The"
1986,Best Performance by an Actor in a Supporting Role in any Motion Picture,True,Out of Africa
1986,Best Performance by an Actor in a Supporting Role in any Motion Picture,False,Remo Williams: The Adventure Begins
1986,Best Performance by an Actor in a Supporting Role in any Motion Picture,False,Year of the Dragon
1986,Best Performance by an Actor in a Supporting Role in any Motion Picture,False,Runaway Train
1986,Best Performance by an Actor in a Supporting Role in any Motion Picture,False,Mask
1986,Best Director - Motion Picture,True,Prizzi's Honor
1986,Best Director - Motion Picture,False,"Chorus Line: The Movie, A"
1986,Best Director - Motion Picture,False,Out of Africa
1986,Best Director - Motion Picture,False,"Color Purple, The"
1986,Best Director - Motion Picture,False,Witness
1986,Best Screenplay - Motion Picture,True,"Purple Rose of Cairo, The"
1986,Best Screenplay - Motion Picture,False,Back To The Future
1986,Best Screenplay - Motion Picture,False,Out of Africa
1986,Best Screenplay - Motion Picture,False,Prizzi's Honor
1986,Best Screenplay - Motion Picture,False,Witness
1986,Best Motion Picture - Foreign Language,True,"Argentina, Luis Puenzo"
1986,Best Motion Picture - Foreign Language,False,"Hungary, István Szabó"
1986,Best Motion Picture - Foreign Language,False,"Japan, Akira Kurosawa"
1986,Best Motion Picture - Foreign Language,False,"Yugoslavia, Emir Kusturica"
1986,Best Motion Picture - Foreign Language,False,"Poland, Krzysztof Zanussi"
1986,Best Original Score - Motion Picture,True,Out of Africa
1986,Best Original Score - Motion Picture,False,Year of the Dragon
1986,Best Original Score - Motion Picture,False,"Color Purple, The"
1986,Best Original Score - Motion Picture,False,White Nights
1986,Best Original Score - Motion Picture,False,Witness
1986,Best Original Song - Motion Picture,True,White Nights
1986,Best Original Song - Motion Picture,False,Back To The Future
1986,Best Original Song - Motion Picture,False,Berry Gordy's The Last Dragon
1986,Best Original Song - Motion Picture,False,"View to a Kill, A"
1986,Best Original Song - Motion Picture,False,Mad Max Beyond Thunderdome
1986,Best Television Series - Drama,True,"Murder, She Wrote"
1986,Best Television Series - Drama,False,Cagney & Lacey
1986,Best Television Series - Drama,False,Dynasty (1981-1989)
1986,Best Television Series - Drama,False,Miami Vice
1986,Best Television Series - Drama,False,St. Elsewhere
1986,Best Television Series - Musical or Comedy,True,"Golden Girls, The"
1986,Best Television Series - Musical or Comedy,False,Family Ties
1986,Best Television Series - Musical or Comedy,False,Kate & Allie
1986,Best Television Series - Musical or Comedy,False,Moonlighting
1986,Best Television Series - Musical or Comedy,False,"Cosby Show, The"
1986,Best Television Limited Series or Motion Picture Made for Television,True,"Jewel in the Crown, The"
1986,Best Television Limited Series or Motion Picture Made for Television,False,Amos
1986,Best Television Limited Series or Motion Picture Made for Television,False,Death of a Salesman
1986,Best Television Limited Series or Motion Picture Made for Television,False,Do You Remember Love?
1986,Best Television Limited Series or Motion Picture Made for Television,False,An Early Frost
1986,Best Performance by an Actress in a Limited Series or a Motion Picture Made for Television,True,"Time to Live, A"
1986,Best Performance by an Actress in a Limited Series or a Motion Picture Made for Television,False,"Jewel in the Crown, The"
1986,Best Performance by an Actress in a Limited Series or a Motion Picture Made for Television,False,An Early Frost
1986,Best Performance by an Actress in a Limited Series or a Motion Picture Made for Television,False,Consenting Adult
1986,Best Performance by an Actress in a Limited Series or a Motion Picture Made for Television,False,Do You Remember Love?
1986,Best Performance by an Actor in a Limited Series or a Motion Picture Made for Television,True,Death of a Salesman
1986,Best Performance by an Actor in a Limited Series or a Motion Picture Made for Television,False,Wallenberg: A Hero's Story
1986,Best Performance by an Actor in a Limited Series or a Motion Picture Made for Television,False,"Rape of Richard Beck, The"
1986,Best Performance by an Actor in a Limited Series or a Motion Picture Made for Television,False,Amos
1986,Best Performance by an Actor in a Limited Series or a Motion Picture Made for Television,False,Kane & Abel
1986,Best Performance by an Actress In A Television Series - Drama,True,Cagney & Lacey
1986,Best Performance by an Actress In A Television Series - Drama,True,Cagney & Lacey
1986,Best Performance by an Actress In A Television Series - Drama,False,Dynasty (1981-1989)
1986,Best Performance by an Actress In A Television Series - Drama,False,"Murder, She Wrote"
1986,Best Performance by an Actress In A Television Series - Drama,False,Dynasty (1981-1989)
1986,Best Performance by an Actor In A Television Series - Drama,True,Miami Vice
1986,Best Performance by an Actor In A Television Series - Drama,False,Dynasty (1981-1989)
1986,Best Performance by an Actor In A Television Series - Drama,False,"Magnum, P. I."
1986,Best Performance by an Actor In A Television Series - Drama,False,Miami Vice
1986,Best Performance by an Actor In A Television Series - Drama,False,Hill Street Blues
1986,Best Performance by an Actress in a Television Series - Musical or Comedy,True,"Golden Girls, The"
1986,Best Performance by an Actress in a Television Series - Musical or Comedy,True,Moonlighting
1986,Best Performance by an Actress in a Television Series - Musical or Comedy,False,"Golden Girls, The"
1986,Best Performance by an Actress in a Television Series - Musical or Comedy,False,"Golden Girls, The"
1986,Best Performance by an Actress in a Television Series - Musical or Comedy,False,"Golden Girls, The"
1986,Best Performance by an Actor in a Television Series - Musical or Comedy,True,"Cosby Show, The"
1986,Best Performance by an Actor in a Television Series - Musical or Comedy,False,Moonlighting
1986,Best Performance by an Actor in a Television Series - Musical or Comedy,False,Cheers
1986,Best Performance by an Actor in a Television Series - Musical or Comedy,False,Family Ties
1986,Best Performance by an Actor in a Television Series - Musical or Comedy,False,Newhart
1986,"Best Performance by an Actress in a Supporting Role in a Series, Limited Series or Motion Picture Made for Television",True,An Early Frost
1986,"Best Performance by an Actress in a Supporting Role in a Series, Limited Series or Motion Picture Made for Television",False,Who's the Boss?
1986,"Best Performance by an Actress in a Supporting Role in a Series, Limited Series or Motion Picture Made for Television",False,Death of a Salesman
1986,"Best Performance by an Actress in a Supporting Role in a Series, Limited Series or Motion Picture Made for Television",False,Benson
1986,"Best Performance by an Actress in a Supporting Role in a Series, Limited Series or Motion Picture Made for Television",False,North and South
1986,"Best Performance by an Actor in a Supporting Role in a Series, Limited Series or Motion Picture Made for Television",True,Miami Vice
1986,"Best Performance by an Actor in a Supporting Role in a Series, Limited Series or Motion Picture Made for Television",False,St. Elsewhere
1986,"Best Performance by an Actor in a Supporting Role in a Series, Limited Series or Motion Picture Made for Television",False,North and South
1986,"Best Performance by an Actor in a Supporting Role in a Series, Limited Series or Motion Picture Made for Television",False,Chase
1986,"Best Performance by an Actor in a Supporting Role in a Series, Limited Series or Motion Picture Made for Television",False,Dynasty (1981-1989)
1986,"Best Performance by an Actor in a Supporting Role in a Series, Limited Series or Motion Picture Made for Television",False,Death of a Salesman
1986,"Best Performance by an Actor in a Supporting Role in a Series, Limited Series or Motion Picture Made for Television",False,Amos
1986,"Best Performance by an Actor in a Supporting Role in a Series, Limited Series or Motion Picture Made for Television",False,Hill Street Blues
1986,Cecil B. deMille Award,False,Barbara Stanwyck
1987,Best Motion Picture - Drama,True,Platoon
1987,Best Motion Picture - Drama,False,Children of a Lesser God
1987,Best Motion Picture - Drama,False,"Mission, The"
1987,Best Motion Picture - Drama,False,Mona Lisa
1987,Best Motion Picture - Drama,False,"Room with a View, A"
1987,Best Motion Picture - Drama,False,Stand By Me
1987,Best Motion Picture - Musical or Comedy,True,Hannah and Her Sisters
1987,Best Motion Picture - Musical or Comedy,False,Crimes of the Heart
1987,Best Motion Picture - Musical or Comedy,False,Down and Out In Beverly Hills
1987,Best Motion Picture - Musical or Comedy,False,Little Shop of Horrors
1987,Best Motion Picture - Musical or Comedy,False,Peggy Sue Got Married
1987,Best Motion Picture - Musical or Comedy,False,Crocodile Dundee
1987,Best Performance by an Actress in a Motion Picture - Drama,True,Children of a Lesser God
1987,Best Performance by an Actress in a Motion Picture - Drama,False,Duet for One
1987,Best Performance by an Actress in a Motion Picture - Drama,False,"'night, Mother"
1987,Best Performance by an Actress in a Motion Picture - Drama,False,Extremities
1987,Best Performance by an Actress in a Motion Picture - Drama,False,Aliens
1987,Best Performance by an Actor in a Motion Picture - Drama,True,Mona Lisa
1987,Best Performance by an Actor in a Motion Picture - Drama,False,"Mosquito Coast, The"
1987,Best Performance by an Actor in a Motion Picture - Drama,False,'Round Midnight
1987,Best Performance by an Actor in a Motion Picture - Drama,False,Children of a Lesser God
1987,Best Performance by an Actor in a Motion Picture - Drama,False,"Mission, The"
1987,Best Performance by an Actor in a Motion Picture - Drama,False,"Color of Money, The"
1987,Best Performance by an Actress in a Motion Picture - Musical or Comedy,True,Crimes of the Heart
1987,Best Performance by an Actress in a Motion Picture - Musical or Comedy,False,Peggy Sue Got Married
1987,Best Performance by an Actress in a Motion Picture - Musical or Comedy,False,That's Life!
1987,Best Performance by an Actress in a Motion Picture - Musical or Comedy,False,Something Wild
1987,Best Performance by an Actress in a Motion Picture - Musical or Comedy,False,Down and Out In Beverly Hills
1987,Best Performance by an Actor in a Motion Picture - Musical or Comedy,True,Crocodile Dundee
1987,Best Performance by an Actor in a Motion Picture - Musical or Comedy,False,Ferris Bueller's Day Off
1987,Best Performance by an Actor in a Motion Picture - Musical or Comedy,False,Something Wild
1987,Best Performance by an Actor in a Motion Picture - Musical or Comedy,False,Ruthless People
1987,Best Performance by an Actor in a Motion Picture - Musical or Comedy,False,That's Life!
1987,Best Performance by an Actress in a Supporting Role in any Motion Picture,True,"Room with a View, A"
1987,Best Performance by an Actress in a Supporting Role in any Motion Picture,False,Crocodile Dundee
1987,Best Performance by an Actress in a Supporting Role in any Motion Picture,False,"Color of Money, The"
1987,Best Performance by an Actress in a Supporting Role in any Motion Picture,False,Mona Lisa
1987,Best Performance by an Actress in a Supporting Role in any Motion Picture,False,Hannah and Her Sisters
1987,Best Performance by an Actor in a Supporting Role in any Motion Picture,True,Platoon
1987,Best Performance by an Actor in a Supporting Role in any Motion Picture,False,Hannah and Her Sisters
1987,Best Performance by an Actor in a Supporting Role in any Motion Picture,False,Hoosiers
1987,Best Performance by an Actor in a Supporting Role in any Motion Picture,False,Something Wild
1987,Best Performance by an Actor in a Supporting Role in any Motion Picture,False,Blue Velvet
1987,Best Director - Motion Picture,True,Platoon
1987,Best Director - Motion Picture,False,Stand By Me
1987,Best Director - Motion Picture,False,Hannah and Her Sisters
1987,Best Director - Motion Picture,False,"Room with a View, A"
1987,Best Director - Motion Picture,False,"Mission, The"
1987,Best Screenplay - Motion Picture,True,"Mission, The"
1987,Best Screenplay - Motion Picture,False,Platoon
1987,Best Screenplay - Motion Picture,False,Blue Velvet
1987,Best Screenplay - Motion Picture,False,Hannah and Her Sisters
1987,Best Screenplay - Motion Picture,False,Mona Lisa
1987,Best Motion Picture - Foreign Language,True,"Netherlands, Fons Rademakers"
1987,Best Motion Picture - Foreign Language,False,"France, Jean-Jacques Beineix"
1987,Best Motion Picture - Foreign Language,False,"Italy, Federico Fellini"
1987,Best Motion Picture - Foreign Language,False,"Italy, Franco Zeffirelli"
1987,Best Motion Picture - Foreign Language,False,"France, Coline Serreau"
1987,Best Original Score - Motion Picture,True,"Mission, The"
1987,Best Original Score - Motion Picture,False,Little Shop of Horrors
1987,Best Original Score - Motion Picture,False,"Mosquito Coast, The"
1987,Best Original Score - Motion Picture,False,'Round Midnight
1987,Best Original Score - Motion Picture,False,Top Gun
1987,Best Original Song - Motion Picture,True,Top Gun
1987,Best Original Song - Motion Picture,False,"Karate Kid Part II, The"
1987,Best Original Song - Motion Picture,False,That's Life!
1987,Best Original Song - Motion Picture,False,"American Tail, An"
1987,Best Original Song - Motion Picture,False,Running Scared
1987,Best Original Song - Motion Picture,False,Tough Guys
1987,Best Television Series - Drama,True,L.A. Law
1987,Best Television Series - Drama,False,Miami Vice
1987,Best Television Series - Drama,False,"Murder, She Wrote"
1987,Best Television Series - Drama,False,St. Elsewhere
1987,Best Television Series - Drama,False,Cagney & Lacey
1987,Best Television Series - Drama,False,Dynasty (1981-1989)
1987,Best Television Series - Musical or Comedy,True,"Golden Girls, The"
1987,Best Television Series - Musical or Comedy,False,Cheers
1987,Best Television Series - Musical or Comedy,False,"Cosby Show, The"
1987,Best Television Series - Musical or Comedy,False,Family Ties
1987,Best Television Series - Musical or Comedy,False,Moonlighting
1987,Best Television Limited Series or Motion Picture Made for Television,True,Promise
1987,Best Television Limited Series or Motion Picture Made for Television,False,Nobody's Child
1987,Best Television Limited Series or Motion Picture Made for Television,False,Peter The Great
1987,Best Television Limited Series or Motion Picture Made for Television,False,Unnatural Causes
1987,Best Television Limited Series or Motion Picture Made for Television,False,Anastasia: The Mystery of Anna
1987,Best Television Limited Series or Motion Picture Made for Television,False,Christmas Eve
1987,Best Performance by an Actress in a Limited Series or a Motion Picture Made for Television,True,Christmas Eve
1987,Best Performance by an Actress in a Limited Series or a Motion Picture Made for Television,False,Nazi Hunter: The Beate Klarsfeld Story
1987,Best Performance by an Actress in a Limited Series or a Motion Picture Made for Television,False,Anastasia: The Mystery of Anna
1987,Best Performance by an Actress in a Limited Series or a Motion Picture Made for Television,False,Second Serve
1987,Best Performance by an Actress in a Limited Series or a Motion Picture Made for Television,False,Nobody's Child
1987,Best Performance by an Actor in a Limited Series or a Motion Picture Made for Television,True,Promise
1987,Best Performance by an Actor in a Limited Series or a Motion Picture Made for Television,True,Promise
1987,Best Performance by an Actor in a Limited Series or a Motion Picture Made for Television,False,Peter The Great
1987,Best Performance by an Actor in a Limited Series or a Motion Picture Made for Television,False,Unnatural Causes
1987,Best Performance by an Actor in a Limited Series or a Motion Picture Made for Television,False,"Deliberate Stranger, The"
1987,Best Performance by an Actress In A Television Series - Drama,True,"Murder, She Wrote"
1987,Best Performance by an Actress In A Television Series - Drama,False,Dynasty (1981-1989)
1987,Best Performance by an Actress In A Television Series - Drama,False,Cagney & Lacey
1987,Best Performance by an Actress In A Television Series - Drama,False,Cagney & Lacey
1987,Best Performance by an Actress In A Television Series - Drama,False,Hotel
1987,Best Performance by an Actor In A Television Series - Drama,True,"Equalizer, The"
1987,Best Performance by an Actor In A Television Series - Drama,False,Knots Landing
1987,Best Performance by an Actor In A Television Series - Drama,False,Dynasty (1981-1989)
1987,Best Performance by an Actor In A Television Series - Drama,False,Miami Vice
1987,Best Performance by an Actor In A Television Series - Drama,False,"Magnum, P. I."
1987,Best Performance by an Actress in a Television Series - Musical or Comedy,True,Moonlighting
1987,Best Performance by an Actress in a Television Series - Musical or Comedy,False,"Golden Girls, The"
1987,Best Performance by an Actress in a Television Series - Musical or Comedy,False,"Golden Girls, The"
1987,Best Performance by an Actress in a Television Series - Musical or Comedy,False,"Golden Girls, The"
1987,Best Performance by an Actress in a Television Series - Musical or Comedy,False,"Golden Girls, The"
1987,Best Performance by an Actor in a Television Series - Musical or Comedy,True,Moonlighting
1987,Best Performance by an Actor in a Television Series - Musical or Comedy,False,Cheers
1987,Best Performance by an Actor in a Television Series - Musical or Comedy,False,Who's the Boss?
1987,Best Performance by an Actor in a Television Series - Musical or Comedy,False,Family Ties
1987,Best Performance by an Actor in a Television Series - Musical or Comedy,False,"Cosby Show, The"
1987,"Best Performance by an Actress in a Supporting Role in a Series, Limited Series or Motion Picture Made for Television",True,Anastasia: The Mystery of Anna
1987,"Best Performance by an Actress in a Supporting Role in a Series, Limited Series or Motion Picture Made for Television",False,Promise
1987,"Best Performance by an Actress in a Supporting Role in a Series, Limited Series or Motion Picture Made for Television",False,Nazi Hunter: The Beate Klarsfeld Story
1987,"Best Performance by an Actress in a Supporting Role in a Series, Limited Series or Motion Picture Made for Television",False,Peter The Great
1987,"Best Performance by an Actress in a Supporting Role in a Series, Limited Series or Motion Picture Made for Television",False,Cheers
1987,"Best Performance by an Actress in a Supporting Role in a Series, Limited Series or Motion Picture Made for Television",False,Family Ties
1987,"Best Performance by an Actor in a Supporting Role in a Series, Limited Series or Motion Picture Made for Television",True,Anastasia: The Mystery of Anna
1987,"Best Performance by an Actor in a Supporting Role in a Series, Limited Series or Motion Picture Made for Television",False,Nazi Hunter: The Beate Klarsfeld Story
1987,"Best Performance by an Actor in a Supporting Role in a Series, Limited Series or Motion Picture Made for Television",False,"Magnum, P. I."
1987,"Best Performance by an Actor in a Supporting Role in a Series, Limited Series or Motion Picture Made for Television",False,Christmas Eve
1987,"Best Performance by an Actor in a Supporting Role in a Series, Limited Series or Motion Picture Made for Television",False,Christmas Eve
1987,Cecil B. deMille Award,False,Anthony Quinn
1988,Best Motion Picture - Drama,True,"Last Emperor, The"
1988,Best Motion Picture - Drama,False,Empire of the Sun
1988,Best Motion Picture - Drama,False,Fatal Attraction
1988,Best Motion Picture - Drama,False,La Bamba
1988,Best Motion Picture - Drama,False,Nuts
1988,Best Motion Picture - Drama,False,Cry Freedom
1988,Best Motion Picture - Musical or Comedy,True,Hope and Glory
1988,Best Motion Picture - Musical or Comedy,False,Baby Boom
1988,Best Motion Picture - Musical or Comedy,False,Broadcast News
1988,Best Motion Picture - Musical or Comedy,False,Dirty Dancing
1988,Best Motion Picture - Musical or Comedy,False,Moonstruck
1988,Best Performance by an Actress in a Motion Picture - Drama,True,Anna
1988,Best Performance by an Actress in a Motion Picture - Drama,False,Fatal Attraction
1988,Best Performance by an Actress in a Motion Picture - Drama,False,Barfly
1988,Best Performance by an Actress in a Motion Picture - Drama,False,Gaby: A True Story
1988,Best Performance by an Actress in a Motion Picture - Drama,False,Nuts
1988,Best Performance by an Actor in a Motion Picture - Drama,True,Wall Street
1988,Best Performance by an Actor in a Motion Picture - Drama,False,"Last Emperor, The"
1988,Best Performance by an Actor in a Motion Picture - Drama,False,Ironweed
1988,Best Performance by an Actor in a Motion Picture - Drama,False,Weeds
1988,Best Performance by an Actor in a Motion Picture - Drama,False,Cry Freedom
1988,Best Performance by an Actress in a Motion Picture - Musical or Comedy,True,Moonstruck
1988,Best Performance by an Actress in a Motion Picture - Musical or Comedy,False,Dirty Dancing
1988,Best Performance by an Actress in a Motion Picture - Musical or Comedy,False,Broadcast News
1988,Best Performance by an Actress in a Motion Picture - Musical or Comedy,False,Baby Boom
1988,Best Performance by an Actress in a Motion Picture - Musical or Comedy,False,Outrageous Fortune
1988,Best Performance by an Actor in a Motion Picture - Musical or Comedy,True,"Good Morning, Vietnam"
1988,Best Performance by an Actor in a Motion Picture - Musical or Comedy,False,Throw Momma From The Train
1988,Best Performance by an Actor in a Motion Picture - Musical or Comedy,False,Broadcast News
1988,Best Performance by an Actor in a Motion Picture - Musical or Comedy,False,Roxanne
1988,Best Performance by an Actor in a Motion Picture - Musical or Comedy,False,Dirty Dancing
1988,Best Performance by an Actor in a Motion Picture - Musical or Comedy,False,Moonstruck
1988,Best Performance by an Actress in a Supporting Role in any Motion Picture,True,Moonstruck
1988,Best Performance by an Actress in a Supporting Role in any Motion Picture,False,Gaby: A True Story
1988,Best Performance by an Actress in a Supporting Role in any Motion Picture,False,Fatal Attraction
1988,Best Performance by an Actress in a Supporting Role in any Motion Picture,False,Throw Momma From The Train
1988,Best Performance by an Actress in a Supporting Role in any Motion Picture,False,Prick Up Your Ears
1988,Best Performance by an Actor in a Supporting Role in any Motion Picture,True,"Untouchables, The"
1988,Best Performance by an Actor in a Supporting Role in any Motion Picture,False,Nuts
1988,Best Performance by an Actor in a Supporting Role in any Motion Picture,False,Full Metal Jacket
1988,Best Performance by an Actor in a Supporting Role in any Motion Picture,False,Street Smart
1988,Best Performance by an Actor in a Supporting Role in any Motion Picture,False,Square Dance
1988,Best Director - Motion Picture,True,"Last Emperor, The"
1988,Best Director - Motion Picture,False,Fatal Attraction
1988,Best Director - Motion Picture,False,Cry Freedom
1988,Best Director - Motion Picture,False,Hope and Glory
1988,Best Director - Motion Picture,False,Broadcast News
1988,Best Screenplay - Motion Picture,True,"Last Emperor, The"
1988,Best Screenplay - Motion Picture,False,Moonstruck
1988,Best Screenplay - Motion Picture,False,Broadcast News
1988,Best Screenplay - Motion Picture,False,Hope and Glory
1988,Best Screenplay - Motion Picture,False,House of Games
1988,Best Motion Picture - Foreign Language,True,"Sweden, Lasse Hallström"
1988,Best Motion Picture - Foreign Language,False,"Italy, Nikita Mikhalkov"
1988,Best Motion Picture - Foreign Language,False,"France, Louis Malle"
1988,Best Motion Picture - Foreign Language,False,"France, Claude Berri"
1988,Best Motion Picture - Foreign Language,False,"United Soviet Socialist Republics, Tengiz Abuladze"
1988,Best Original Score - Motion Picture,True,"Last Emperor, The"
1988,Best Original Score - Motion Picture,False,Cry Freedom
1988,Best Original Score - Motion Picture,False,Empire of the Sun
1988,Best Original Score - Motion Picture,False,"Glass Menagerie, The"
1988,Best Original Score - Motion Picture,False,"Untouchables, The"
1988,Best Original Song - Motion Picture,True,Dirty Dancing
1988,Best Original Song - Motion Picture,False,Beverly Hills Cop II
1988,Best Original Song - Motion Picture,False,Who's That Girl
1988,Best Original Song - Motion Picture,False,Mannequin
1988,Best Original Song - Motion Picture,False,"Secret of My Success, The"
1988,Best Television Series - Drama,True,L.A. Law
1988,Best Television Series - Drama,False,Beauty and the Beast (TV)
1988,Best Television Series - Drama,False,"Murder, She Wrote"
1988,Best Television Series - Drama,False,St. Elsewhere
1988,Best Television Series - Drama,False,Thirtysomething
1988,Best Television Series - Drama,False,"Year in the Life, A"
1988,Best Television Series - Musical or Comedy,True,"Golden Girls, The"
1988,Best Television Series - Musical or Comedy,False,Hooperman
1988,Best Television Series - Musical or Comedy,False,Moonlighting
1988,Best Television Series - Musical or Comedy,False,Cheers
1988,Best Television Series - Musical or Comedy,False,Family Ties
1988,Best Television Series - Musical or Comedy,False,Frank's Place
1988,Best Television Limited Series or Motion Picture Made for Television,True,Escape From Sobibor
1988,Best Television Limited Series or Motion Picture Made for Television,True,Poor Little Rich Girl: The Barbara Hutton Story
1988,Best Television Limited Series or Motion Picture Made for Television,False,After the Promise
1988,Best Television Limited Series or Motion Picture Made for Television,False,Echoes in the Darkness
1988,Best Television Limited Series or Motion Picture Made for Television,False,Foxfire
1988,Best Performance by an Actress in a Limited Series or a Motion Picture Made for Television,True,"Betty Ford Story, The"
1988,Best Performance by an Actress in a Limited Series or a Motion Picture Made for Television,False,"Two Mrs. Grenvilles, The"
1988,Best Performance by an Actress in a Limited Series or a Motion Picture Made for Television,False,Poor Little Rich Girl: The Barbara Hutton Story
1988,Best Performance by an Actress in a Limited Series or a Motion Picture Made for Television,False,Out on a Limb
1988,Best Performance by an Actress in a Limited Series or a Motion Picture Made for Television,False,Right to Die
1988,Best Performance by an Actor in a Limited Series or a Motion Picture Made for Television,True,LBJ: The Early Years
1988,Best Performance by an Actor in a Limited Series or a Motion Picture Made for Television,False,In Love and War (TV Movie)
1988,Best Performance by an Actor in a Limited Series or a Motion Picture Made for Television,False,Escape From Sobibor
1988,Best Performance by an Actor in a Limited Series or a Motion Picture Made for Television,False,After the Promise
1988,Best Performance by an Actor in a Limited Series or a Motion Picture Made for Television,False,Long Day's Journey Into Night
1988,Best Performance by an Actor in a Limited Series or a Motion Picture Made for Television,False,Billionaire Boys Club
1988,Best Performance by an Actress In A Television Series - Drama,False,Beauty and the Beast (TV)
1988,Best Performance by an Actress In A Television Series - Drama,False,"Murder, She Wrote"
1988,Best Performance by an Actress In A Television Series - Drama,False,L.A. Law
1988,Best Performance by an Actress In A Television Series - Drama,False,L.A. Law
1988,Best Performance by an Actress In A Television Series - Drama,False,Cagney & Lacey
1988,Best Performance by an Actor In A Television Series - Drama,True,"Year in the Life, A"
1988,Best Performance by an Actor In A Television Series - Drama,False,L.A. Law
1988,Best Performance by an Actor In A Television Series - Drama,False,"Magnum, P. I."
1988,Best Performance by an Actor In A Television Series - Drama,False,L.A. Law
1988,Best Performance by an Actor In A Television Series - Drama,False,"Equalizer, The"
1988,Best Performance by an Actress in a Television Series - Musical or Comedy,True,"Tracey Ullman Show, The"
1988,Best Performance by an Actress in a Television Series - Musical or Comedy,False,"Golden Girls, The"
1988,Best Performance by an Actress in a Television Series - Musical or Comedy,False,"Golden Girls, The"
1988,Best Performance by an Actress in a Television Series - Musical or Comedy,False,Moonlighting
1988,Best Performance by an Actress in a Television Series - Musical or Comedy,False,"Golden Girls, The"
1988,Best Performance by an Actor in a Television Series - Musical or Comedy,True,"Slap Maxwell Story, The"
1988,Best Performance by an Actor in a Television Series - Musical or Comedy,False,Growing Pains
1988,Best Performance by an Actor in a Television Series - Musical or Comedy,False,Moonlighting
1988,Best Performance by an Actor in a Television Series - Musical or Comedy,False,Family Ties
1988,Best Performance by an Actor in a Television Series - Musical or Comedy,False,Hooperman
1988,"Best Performance by an Actress in a Supporting Role in a Series, Limited Series or Motion Picture Made for Television",True,"Two Mrs. Grenvilles, The"
1988,"Best Performance by an Actress in a Supporting Role in a Series, Limited Series or Motion Picture Made for Television",False,Moonlighting
1988,"Best Performance by an Actress in a Supporting Role in a Series, Limited Series or Motion Picture Made for Television",False,Newhart
1988,"Best Performance by an Actress in a Supporting Role in a Series, Limited Series or Motion Picture Made for Television",False,Amerika
1988,"Best Performance by an Actress in a Supporting Role in a Series, Limited Series or Motion Picture Made for Television",False,Cheers
1988,"Best Performance by an Actor in a Supporting Role in a Series, Limited Series or Motion Picture Made for Television",True,Escape From Sobibor
1988,"Best Performance by an Actor in a Supporting Role in a Series, Limited Series or Motion Picture Made for Television",False,Dynasty (1981-1989)
1988,"Best Performance by an Actor in a Supporting Role in a Series, Limited Series or Motion Picture Made for Television",False,Growing Pains
1988,"Best Performance by an Actor in a Supporting Role in a Series, Limited Series or Motion Picture Made for Television",False,Sworn To Silence
1988,"Best Performance by an Actor in a Supporting Role in a Series, Limited Series or Motion Picture Made for Television",False,"Magnum, P. I."
1988,"Best Performance by an Actor in a Supporting Role in a Series, Limited Series or Motion Picture Made for Television",False,Night Court
1988,"Best Performance by an Actor in a Supporting Role in a Series, Limited Series or Motion Picture Made for Television",False,Billionaire Boys Club
1988,"Best Performance by an Actor in a Supporting Role in a Series, Limited Series or Motion Picture Made for Television",False,L.A. Law
1988,Cecil B. deMille Award,False,Clint Eastwood
1989,Best Motion Picture - Drama,True,Rain Man
1989,Best Motion Picture - Drama,False,"Cry in the Dark, A"
1989,Best Motion Picture - Drama,False,Gorillas in the Mist: The Adventure of Dian Fossey
1989,Best Motion Picture - Drama,False,Mississippi Burning
1989,Best Motion Picture - Drama,False,Running on Empty
1989,Best Motion Picture - Drama,False,"Unbearable Lightness of Being, The"
1989,Best Motion Picture - Drama,False,"Accidental Tourist, The"
1989,Best Motion Picture - Musical or Comedy,True,Working Girl
1989,Best Motion Picture - Musical or Comedy,False,Big
1989,Best Motion Picture - Musical or Comedy,False,"Fish Called Wanda, A"
1989,Best Motion Picture - Musical or Comedy,False,Midnight Run
1989,Best Motion Picture - Musical or Comedy,False,Who Framed Roger Rabbit
1989,Best Performance by an Actress in a Motion Picture - Drama,True,"Accused, The"
1989,Best Performance by an Actress in a Motion Picture - Drama,True,Madame Sousatzka
1989,Best Performance by an Actress in a Motion Picture - Drama,True,Gorillas in the Mist: The Adventure of Dian Fossey
1989,Best Performance by an Actress in a Motion Picture - Drama,False,Running on Empty
1989,Best Performance by an Actress in a Motion Picture - Drama,False,"Cry in the Dark, A"
1989,Best Performance by an Actor in a Motion Picture - Drama,True,Rain Man
1989,Best Performance by an Actor in a Motion Picture - Drama,False,Mississippi Burning
1989,Best Performance by an Actor in a Motion Picture - Drama,False,Dominick & Eugene
1989,Best Performance by an Actor in a Motion Picture - Drama,False,Stand and Deliver
1989,Best Performance by an Actor in a Motion Picture - Drama,False,Bird
1989,Best Performance by an Actress in a Motion Picture - Musical or Comedy,True,Working Girl
1989,Best Performance by an Actress in a Motion Picture - Musical or Comedy,False,"Fish Called Wanda, A"
1989,Best Performance by an Actress in a Motion Picture - Musical or Comedy,False,Crossing Delancey
1989,Best Performance by an Actress in a Motion Picture - Musical or Comedy,False,Married to the Mob
1989,Best Performance by an Actress in a Motion Picture - Musical or Comedy,False,Bull Durham
1989,Best Performance by an Actor in a Motion Picture - Musical or Comedy,True,Big
1989,Best Performance by an Actor in a Motion Picture - Musical or Comedy,False,Who Framed Roger Rabbit
1989,Best Performance by an Actor in a Motion Picture - Musical or Comedy,False,Dirty Rotten Scoundrels
1989,Best Performance by an Actor in a Motion Picture - Musical or Comedy,False,"Fish Called Wanda, A"
1989,Best Performance by an Actor in a Motion Picture - Musical or Comedy,False,Midnight Run
1989,Best Performance by an Actress in a Supporting Role in any Motion Picture,True,Working Girl
1989,Best Performance by an Actress in a Supporting Role in any Motion Picture,False,Moon Over Parador
1989,Best Performance by an Actress in a Supporting Role in any Motion Picture,False,"Last Temptation of Christ, The"
1989,Best Performance by an Actress in a Supporting Role in any Motion Picture,False,"Unbearable Lightness of Being, The"
1989,Best Performance by an Actress in a Supporting Role in any Motion Picture,False,Bird
1989,Best Performance by an Actor in a Supporting Role in any Motion Picture,True,Tucker: The Man and His Dream
1989,Best Performance by an Actor in a Supporting Role in any Motion Picture,False,Running on Empty
1989,Best Performance by an Actor in a Supporting Role in any Motion Picture,False,Little Dorrit
1989,Best Performance by an Actor in a Supporting Role in any Motion Picture,False,Clara's Heart
1989,Best Performance by an Actor in a Supporting Role in any Motion Picture,False,Moon Over Parador
1989,Best Performance by an Actor in a Supporting Role in any Motion Picture,False,Stand and Deliver
1989,Best Director - Motion Picture,True,Bird
1989,Best Director - Motion Picture,False,Rain Man
1989,Best Director - Motion Picture,False,Running on Empty
1989,Best Director - Motion Picture,False,Working Girl
1989,Best Director - Motion Picture,False,Mississippi Burning
1989,Best Director - Motion Picture,False,"Cry in the Dark, A"
1989,Best Screenplay - Motion Picture,True,Running on Empty
1989,Best Screenplay - Motion Picture,False,"Cry in the Dark, A"
1989,Best Screenplay - Motion Picture,False,Mississippi Burning
1989,Best Screenplay - Motion Picture,False,Rain Man
1989,Best Screenplay - Motion Picture,False,Working Girl
1989,Best Motion Picture - Foreign Language,True,"Denmark, Bille August"
1989,Best Motion Picture - Foreign Language,False,"Denmark, Gabriel Axel"
1989,Best Motion Picture - Foreign Language,False,"Hungary, István Szabó"
1989,Best Motion Picture - Foreign Language,False,"India, Mira Nair"
1989,Best Motion Picture - Foreign Language,False,"Spain, Pedro Almodóvar"
1989,Best Original Score - Motion Picture,True,Gorillas in the Mist: The Adventure of Dian Fossey
1989,Best Original Score - Motion Picture,False,"Accidental Tourist, The"
1989,Best Original Score - Motion Picture,False,"Last Temptation of Christ, The"
1989,Best Original Score - Motion Picture,False,Madame Sousatzka
1989,Best Original Score - Motion Picture,False,"Milagro Beanfield War, The"
1989,Best Original Song - Motion Picture,True,Working Girl
1989,Best Original Song - Motion Picture,True,Buster
1989,Best Original Song - Motion Picture,False,Cocktail
1989,Best Original Song - Motion Picture,False,Twins
1989,Best Original Song - Motion Picture,False,Oliver & Company
1989,Best Original Song - Motion Picture,False,Bull Durham
1989,Best Television Series - Drama,True,Thirtysomething
1989,Best Television Series - Drama,False,Beauty and the Beast (TV)
1989,Best Television Series - Drama,False,L.A. Law
1989,Best Television Series - Drama,False,"Murder, She Wrote"
1989,Best Television Series - Drama,False,Wiseguy
1989,Best Television Series - Musical or Comedy,True,"Wonder Years, The"
1989,Best Television Series - Musical or Comedy,False,Cheers
1989,Best Television Series - Musical or Comedy,False,"Golden Girls, The"
1989,Best Television Series - Musical or Comedy,False,Murphy Brown
1989,Best Television Series - Musical or Comedy,False,Roseanne
1989,Best Television Limited Series or Motion Picture Made for Television,True,War and Remembrance (Parts I - VII)
1989,Best Television Limited Series or Motion Picture Made for Television,False,Hemingway
1989,Best Television Limited Series or Motion Picture Made for Television,False,Jack the Ripper
1989,Best Television Limited Series or Motion Picture Made for Television,False,"Murder of Mary Phagan, The"
1989,Best Television Limited Series or Motion Picture Made for Television,False,"Tenth Man, The"
1989,Best Performance by an Actress in a Limited Series or a Motion Picture Made for Television,True,"Ann Jillian Story, The"
1989,Best Performance by an Actress in a Limited Series or a Motion Picture Made for Television,False,War and Remembrance (Parts I - VII)
1989,Best Performance by an Actress in a Limited Series or a Motion Picture Made for Television,False,"Woman He Loved, The"
1989,Best Performance by an Actress in a Limited Series or a Motion Picture Made for Television,False,Baby M
1989,Best Performance by an Actress in a Limited Series or a Motion Picture Made for Television,False,"Man for All Seasons, A (1988)"
1989,Best Performance by an Actor in a Limited Series or a Motion Picture Made for Television,True,Jack the Ripper
1989,Best Performance by an Actor in a Limited Series or a Motion Picture Made for Television,True,Hemingway
1989,Best Performance by an Actor in a Limited Series or a Motion Picture Made for Television,False,"Bourne Identity, The"
1989,Best Performance by an Actor in a Limited Series or a Motion Picture Made for Television,False,"Tenth Man, The"
1989,Best Performance by an Actor in a Limited Series or a Motion Picture Made for Television,False,"Murder of Mary Phagan, The"
1989,Best Performance by an Actress In A Television Series - Drama,True,L.A. Law
1989,Best Performance by an Actress In A Television Series - Drama,True,L.A. Law
1989,Best Performance by an Actress In A Television Series - Drama,False,Cagney & Lacey
1989,Best Performance by an Actress In A Television Series - Drama,False,Beauty and the Beast (TV)
1989,Best Performance by an Actress In A Television Series - Drama,False,"Murder, She Wrote"
1989,Best Performance by an Actor In A Television Series - Drama,True,Beauty and the Beast (TV)
1989,Best Performance by an Actor In A Television Series - Drama,False,L.A. Law
1989,Best Performance by an Actor In A Television Series - Drama,False,L.A. Law
1989,Best Performance by an Actor In A Television Series - Drama,False,In The Heat of the Night (TV)
1989,Best Performance by an Actor In A Television Series - Drama,False,Wiseguy
1989,Best Performance by an Actress in a Television Series - Musical or Comedy,True,Murphy Brown
1989,Best Performance by an Actress in a Television Series - Musical or Comedy,False,"Golden Girls, The"
1989,Best Performance by an Actress in a Television Series - Musical or Comedy,False,"Golden Girls, The"
1989,Best Performance by an Actress in a Television Series - Musical or Comedy,False,Roseanne
1989,Best Performance by an Actress in a Television Series - Musical or Comedy,False,"Tracey Ullman Show, The"
1989,Best Performance by an Actor in a Television Series - Musical or Comedy,True,Family Ties
1989,Best Performance by an Actor in a Television Series - Musical or Comedy,True,Judd Hirsch
1989,Best Performance by an Actor in a Television Series - Musical or Comedy,True,Empty Nest
1989,Best Performance by an Actor in a Television Series - Musical or Comedy,False,Cheers
1989,Best Performance by an Actor in a Television Series - Musical or Comedy,False,Who's the Boss?
1989,Best Performance by an Actor in a Television Series - Musical or Comedy,False,Roseanne
1989,"Best Performance by an Actress in a Supporting Role in a Series, Limited Series or Motion Picture Made for Television",True,Who's the Boss?
1989,"Best Performance by an Actress in a Supporting Role in a Series, Limited Series or Motion Picture Made for Television",False,227 (TV Series)     
1989,"Best Performance by an Actress in a Supporting Role in a Series, Limited Series or Motion Picture Made for Television",False,Baja Oklahoma
1989,"Best Performance by an Actress in a Supporting Role in a Series, Limited Series or Motion Picture Made for Television",False,Cheers
1989,"Best Performance by an Actress in a Supporting Role in a Series, Limited Series or Motion Picture Made for Television",False,L.A. Law
1989,"Best Performance by an Actor in a Supporting Role in a Series, Limited Series or Motion Picture Made for Television",True,War and Remembrance (Parts I - VII)
1989,"Best Performance by an Actor in a Supporting Role in a Series, Limited Series or Motion Picture Made for Television",True,War and Remembrance (Parts I - VII)
1989,"Best Performance by an Actor in a Supporting Role in a Series, Limited Series or Motion Picture Made for Television",False,"Tenth Man, The"
1989,"Best Performance by an Actor in a Supporting Role in a Series, Limited Series or Motion Picture Made for Television",False,Miami Vice
1989,"Best Performance by an Actor in a Supporting Role in a Series, Limited Series or Motion Picture Made for Television",False,Jack the Ripper
1989,"Best Performance by an Actor in a Supporting Role in a Series, Limited Series or Motion Picture Made for Television",False,Growing Pains
1989,"Best Performance by an Actor in a Supporting Role in a Series, Limited Series or Motion Picture Made for Television",False,L.A. Law
1989,Cecil B. deMille Award,False,Doris Day
1990,Best Motion Picture - Drama,True,Born on the Fourth of July
1990,Best Motion Picture - Drama,False,Crimes and Misdemeanors
1990,Best Motion Picture - Drama,False,Dead Poets Society
1990,Best Motion Picture - Drama,False,Do The Right Thing
1990,Best Motion Picture - Drama,False,Glory
1990,Best Motion Picture - Musical or Comedy,True,Driving Miss Daisy
1990,Best Motion Picture - Musical or Comedy,False,"Little Mermaid, The"
1990,Best Motion Picture - Musical or Comedy,False,Shirley Valentine
1990,Best Motion Picture - Musical or Comedy,False,"War of The Roses, The"
1990,Best Motion Picture - Musical or Comedy,False,When Harry Met Sally
1990,Best Performance by an Actress in a Motion Picture - Drama,True,"Fabulous Baker Boys, The"
1990,Best Performance by an Actress in a Motion Picture - Drama,False,"Rose Garden, The"
1990,Best Performance by an Actress in a Motion Picture - Drama,False,Steel Magnolias
1990,Best Performance by an Actress in a Motion Picture - Drama,False,Music Box
1990,Best Performance by an Actress in a Motion Picture - Drama,False,"Sex, Lies, and Videotape"
1990,Best Performance by an Actor in a Motion Picture - Drama,True,Born on the Fourth of July
1990,Best Performance by an Actor in a Motion Picture - Drama,False,My Left Foot
1990,Best Performance by an Actor in a Motion Picture - Drama,False,Dad
1990,Best Performance by an Actor in a Motion Picture - Drama,False,Sea of Love
1990,Best Performance by an Actor in a Motion Picture - Drama,False,Dead Poets Society
1990,Best Performance by an Actress in a Motion Picture - Musical or Comedy,True,Driving Miss Daisy
1990,Best Performance by an Actress in a Motion Picture - Musical or Comedy,False,Shirley Valentine
1990,Best Performance by an Actress in a Motion Picture - Musical or Comedy,False,When Harry Met Sally
1990,Best Performance by an Actress in a Motion Picture - Musical or Comedy,False,She-Devil
1990,Best Performance by an Actress in a Motion Picture - Musical or Comedy,False,"War of The Roses, The"
1990,Best Performance by an Actor in a Motion Picture - Musical or Comedy,True,Driving Miss Daisy
1990,Best Performance by an Actor in a Motion Picture - Musical or Comedy,False,Batman
1990,Best Performance by an Actor in a Motion Picture - Musical or Comedy,False,When Harry Met Sally
1990,Best Performance by an Actor in a Motion Picture - Musical or Comedy,False,"War of The Roses, The"
1990,Best Performance by an Actor in a Motion Picture - Musical or Comedy,False,Parenthood
1990,Best Performance by an Actress in a Supporting Role in any Motion Picture,True,Steel Magnolias
1990,Best Performance by an Actress in a Supporting Role in any Motion Picture,False,Scandal
1990,Best Performance by an Actress in a Supporting Role in any Motion Picture,False,My Left Foot
1990,Best Performance by an Actress in a Supporting Role in any Motion Picture,False,"Sex, Lies, and Videotape"
1990,Best Performance by an Actress in a Supporting Role in any Motion Picture,False,Parenthood
1990,Best Performance by an Actor in a Supporting Role in any Motion Picture,True,Glory
1990,Best Performance by an Actor in a Supporting Role in any Motion Picture,False,In Country
1990,Best Performance by an Actor in a Supporting Role in any Motion Picture,False,Do The Right Thing
1990,Best Performance by an Actor in a Supporting Role in any Motion Picture,False,"Dry White Season, A"
1990,Best Performance by an Actor in a Supporting Role in any Motion Picture,False,Indiana Jones and The Last Crusade
1990,Best Performance by an Actor in a Supporting Role in any Motion Picture,False,Jacknife
1990,Best Director - Motion Picture,True,Born on the Fourth of July
1990,Best Director - Motion Picture,False,Do The Right Thing
1990,Best Director - Motion Picture,False,When Harry Met Sally
1990,Best Director - Motion Picture,False,Dead Poets Society
1990,Best Director - Motion Picture,False,Glory
1990,Best Screenplay - Motion Picture,True,Born on the Fourth of July
1990,Best Screenplay - Motion Picture,False,Dead Poets Society
1990,Best Screenplay - Motion Picture,False,Do The Right Thing
1990,Best Screenplay - Motion Picture,False,Glory
1990,Best Screenplay - Motion Picture,False,"Sex, Lies, and Videotape"
1990,Best Screenplay - Motion Picture,False,When Harry Met Sally
1990,Best Motion Picture - Foreign Language,True,"Italy, Giuseppe Tornatore"
1990,Best Motion Picture - Foreign Language,False,"France, Claude Chabrol"
1990,Best Motion Picture - Foreign Language,False,"France, Bruno Nuytten"
1990,Best Motion Picture - Foreign Language,False,"Canada, Denys Arcand"
1990,Best Motion Picture - Foreign Language,False,"Yugoslavia, Krsto Papic "
1990,Best Original Score - Motion Picture,True,"Little Mermaid, The"
1990,Best Original Score - Motion Picture,False,Glory
1990,Best Original Score - Motion Picture,False,Born on the Fourth of July
1990,Best Original Score - Motion Picture,False,Casualties of War
1990,Best Original Score - Motion Picture,False,"Fabulous Baker Boys, The"
1990,Best Original Song - Motion Picture,True,"Little Mermaid, The"
1990,Best Original Song - Motion Picture,False,Chances Are
1990,Best Original Song - Motion Picture,False,Shirley Valentine
1990,Best Original Song - Motion Picture,False,Parenthood
1990,Best Original Song - Motion Picture,False,"Little Mermaid, The"
1990,Best Television Series - Drama,True,China Beach
1990,Best Television Series - Drama,False,L.A. Law
1990,Best Television Series - Drama,False,"Murder, She Wrote"
1990,Best Television Series - Drama,False,Thirtysomething
1990,Best Television Series - Drama,False,Wiseguy
1990,Best Television Series - Drama,False,In The Heat of the Night (TV)
1990,Best Television Series - Musical or Comedy,True,Murphy Brown
1990,Best Television Series - Musical or Comedy,False,Cheers
1990,Best Television Series - Musical or Comedy,False,Designing Women
1990,Best Television Series - Musical or Comedy,False,Empty Nest
1990,Best Television Series - Musical or Comedy,False,"Golden Girls, The"
1990,Best Television Series - Musical or Comedy,False,"Wonder Years, The"
1990,Best Television Limited Series or Motion Picture Made for Television,True,Lonesome Dove
1990,Best Television Limited Series or Motion Picture Made for Television,False,I Know My First Name Is Steven
1990,Best Television Limited Series or Motion Picture Made for Television,False,My Name is Bill W.
1990,Best Television Limited Series or Motion Picture Made for Television,False,Roe vs. Wade
1990,Best Television Limited Series or Motion Picture Made for Television,False,Small Sacrifices
1990,Best Performance by an Actress in a Limited Series or a Motion Picture Made for Television,True,No Place Like Home
1990,Best Performance by an Actress in a Limited Series or a Motion Picture Made for Television,False,Small Sacrifices
1990,Best Performance by an Actress in a Limited Series or a Motion Picture Made for Television,False,Roe vs. Wade
1990,Best Performance by an Actress in a Limited Series or a Motion Picture Made for Television,False,War and Remembrance (Parts VIII - XII)
1990,Best Performance by an Actress in a Limited Series or a Motion Picture Made for Television,False,Lady in a Corner
1990,Best Performance by an Actor in a Limited Series or a Motion Picture Made for Television,True,Lonesome Dove
1990,Best Performance by an Actor in a Limited Series or a Motion Picture Made for Television,False,Murderers Among Us: The Simon Wiesenthal Story
1990,Best Performance by an Actor in a Limited Series or a Motion Picture Made for Television,False,"Final Days, The"
1990,Best Performance by an Actor in a Limited Series or a Motion Picture Made for Television,False,My Name is Bill W.
1990,Best Performance by an Actor in a Limited Series or a Motion Picture Made for Television,False,War and Remembrance (Parts VIII - XII)
1990,Best Performance by an Actress In A Television Series - Drama,True,"Murder, She Wrote"
1990,Best Performance by an Actress In A Television Series - Drama,False,China Beach
1990,Best Performance by an Actress In A Television Series - Drama,False,L.A. Law
1990,Best Performance by an Actress In A Television Series - Drama,False,L.A. Law
1990,Best Performance by an Actress In A Television Series - Drama,False,Thirtysomething
1990,Best Performance by an Actor In A Television Series - Drama,True,Wiseguy
1990,Best Performance by an Actor In A Television Series - Drama,False,L.A. Law
1990,Best Performance by an Actor In A Television Series - Drama,False,L.A. Law
1990,Best Performance by an Actor In A Television Series - Drama,False,In The Heat of the Night (TV)
1990,Best Performance by an Actor In A Television Series - Drama,False,Thirtysomething
1990,Best Performance by an Actress in a Television Series - Musical or Comedy,True,Anything But Love
1990,Best Performance by an Actress in a Television Series - Musical or Comedy,False,Cheers
1990,Best Performance by an Actress in a Television Series - Musical or Comedy,False,Sister Kate
1990,Best Performance by an Actress in a Television Series - Musical or Comedy,False,Murphy Brown
1990,Best Performance by an Actress in a Television Series - Musical or Comedy,False,"Tracey Ullman Show, The"
1990,Best Performance by an Actor in a Television Series - Musical or Comedy,True,Cheers
1990,Best Performance by an Actor in a Television Series - Musical or Comedy,False,Roseanne
1990,Best Performance by an Actor in a Television Series - Musical or Comedy,False,Empty Nest
1990,Best Performance by an Actor in a Television Series - Musical or Comedy,False,"Wonder Years, The"
1990,Best Performance by an Actor in a Television Series - Musical or Comedy,False,Dear John
1990,"Best Performance by an Actress in a Supporting Role in a Series, Limited Series or Motion Picture Made for Television",True,Roe vs. Wade
1990,"Best Performance by an Actress in a Supporting Role in a Series, Limited Series or Motion Picture Made for Television",False,Lonesome Dove
1990,"Best Performance by an Actress in a Supporting Role in a Series, Limited Series or Motion Picture Made for Television",False,Cheers
1990,"Best Performance by an Actress in a Supporting Role in a Series, Limited Series or Motion Picture Made for Television",False,L.A. Law
1990,"Best Performance by an Actress in a Supporting Role in a Series, Limited Series or Motion Picture Made for Television",False,Matlock
1990,"Best Performance by an Actor in a Supporting Role in a Series, Limited Series or Motion Picture Made for Television",True,Quantum Leap
1990,"Best Performance by an Actor in a Supporting Role in a Series, Limited Series or Motion Picture Made for Television",False,L.A. Law
1990,"Best Performance by an Actor in a Supporting Role in a Series, Limited Series or Motion Picture Made for Television",False,Lonesome Dove
1990,"Best Performance by an Actor in a Supporting Role in a Series, Limited Series or Motion Picture Made for Television",False,L.A. Law
1990,"Best Performance by an Actor in a Supporting Role in a Series, Limited Series or Motion Picture Made for Television",False,Life Goes On
1990,Cecil B. deMille Award,False,Audrey Hepburn
1991,Best Motion Picture - Drama,True,Dances with Wolves
1991,Best Motion Picture - Drama,False,Avalon
1991,Best Motion Picture - Drama,False,"Godfather Part III, The"
1991,Best Motion Picture - Drama,False,GoodFellas
1991,Best Motion Picture - Drama,False,Reversal of Fortune
1991,Best Motion Picture - Musical or Comedy,True,Green Card
1991,Best Motion Picture - Musical or Comedy,False,Ghost
1991,Best Motion Picture - Musical or Comedy,False,Home Alone
1991,Best Motion Picture - Musical or Comedy,False,Pretty Woman
1991,Best Motion Picture - Musical or Comedy,False,Dick Tracy
1991,Best Performance by an Actress in a Motion Picture - Drama,True,Misery
1991,Best Performance by an Actress in a Motion Picture - Drama,False,"Russia House, The"
1991,Best Performance by an Actress in a Motion Picture - Drama,False,White Palace
1991,Best Performance by an Actress in a Motion Picture - Drama,False,Mr. & Mrs. Bridge
1991,Best Performance by an Actress in a Motion Picture - Drama,False,"Grifters, The"
1991,Best Performance by an Actor in a Motion Picture - Drama,True,Reversal of Fortune
1991,Best Performance by an Actor in a Motion Picture - Drama,False,Dances with Wolves
1991,Best Performance by an Actor in a Motion Picture - Drama,False,"Field, The"
1991,Best Performance by an Actor in a Motion Picture - Drama,False,"Godfather Part III, The"
1991,Best Performance by an Actor in a Motion Picture - Drama,False,Awakenings
1991,Best Performance by an Actress in a Motion Picture - Musical or Comedy,True,Pretty Woman
1991,Best Performance by an Actress in a Motion Picture - Musical or Comedy,False,Alice (1990)
1991,Best Performance by an Actress in a Motion Picture - Musical or Comedy,False,Green Card
1991,Best Performance by an Actress in a Motion Picture - Musical or Comedy,False,Ghost
1991,Best Performance by an Actress in a Motion Picture - Musical or Comedy,False,Postcards From The Edge
1991,Best Performance by an Actor in a Motion Picture - Musical or Comedy,True,Green Card
1991,Best Performance by an Actor in a Motion Picture - Musical or Comedy,False,Ghost
1991,Best Performance by an Actor in a Motion Picture - Musical or Comedy,False,Home Alone
1991,Best Performance by an Actor in a Motion Picture - Musical or Comedy,False,Edward Scissorhands
1991,Best Performance by an Actor in a Motion Picture - Musical or Comedy,False,Pretty Woman
1991,Best Performance by an Actress in a Supporting Role in any Motion Picture,True,Ghost
1991,Best Performance by an Actress in a Supporting Role in any Motion Picture,False,GoodFellas
1991,Best Performance by an Actress in a Supporting Role in any Motion Picture,False,Wild at Heart
1991,Best Performance by an Actress in a Supporting Role in any Motion Picture,False,Postcards From The Edge
1991,Best Performance by an Actress in a Supporting Role in any Motion Picture,False,Dances with Wolves
1991,Best Performance by an Actress in a Supporting Role in any Motion Picture,False,Mermaids
1991,Best Performance by an Actor in a Supporting Role in any Motion Picture,True,Longtime Companion
1991,Best Performance by an Actor in a Supporting Role in any Motion Picture,False,Dick Tracy
1991,Best Performance by an Actor in a Supporting Role in any Motion Picture,False,GoodFellas
1991,Best Performance by an Actor in a Supporting Role in any Motion Picture,False,Q & A
1991,Best Performance by an Actor in a Supporting Role in any Motion Picture,False,Pretty Woman
1991,Best Performance by an Actor in a Supporting Role in any Motion Picture,False,"Godfather Part III, The"
1991,Best Director - Motion Picture,True,Dances with Wolves
1991,Best Director - Motion Picture,False,"Sheltering Sky, The"
1991,Best Director - Motion Picture,False,"Godfather Part III, The"
1991,Best Director - Motion Picture,False,Reversal of Fortune
1991,Best Director - Motion Picture,False,GoodFellas
1991,Best Screenplay - Motion Picture,True,Dances with Wolves
1991,Best Screenplay - Motion Picture,False,Avalon
1991,Best Screenplay - Motion Picture,False,"Godfather Part III, The"
1991,Best Screenplay - Motion Picture,False,GoodFellas
1991,Best Screenplay - Motion Picture,False,Reversal of Fortune
1991,Best Motion Picture - Foreign Language,True,"France, Jean-Paul Rappeneau"
1991,Best Motion Picture - Foreign Language,False,"Germany, Michael Verhoeven"
1991,Best Motion Picture - Foreign Language,False,"Austria, Robert Dornhelm"
1991,Best Motion Picture - Foreign Language,False,"United Soviet Socialist Republics, Pavel Lungin "
1991,Best Motion Picture - Foreign Language,False,"Japan, Akira Kurosawa"
1991,Best Original Score - Motion Picture,True,"Sheltering Sky, The"
1991,Best Original Score - Motion Picture,False,Dances with Wolves
1991,Best Original Score - Motion Picture,False,"Godfather Part III, The"
1991,Best Original Score - Motion Picture,False,Havana
1991,Best Original Score - Motion Picture,False,Avalon
1991,Best Original Song - Motion Picture,True,Young Guns II
1991,Best Original Song - Motion Picture,False,Postcards From The Edge
1991,Best Original Song - Motion Picture,False,"Godfather Part III, The"
1991,Best Original Song - Motion Picture,False,Dick Tracy
1991,Best Original Song - Motion Picture,False,Dick Tracy
1991,Best Television Series - Drama,True,Twin Peaks
1991,Best Television Series - Drama,False,China Beach
1991,Best Television Series - Drama,False,In The Heat of the Night (TV)
1991,Best Television Series - Drama,False,L.A. Law
1991,Best Television Series - Drama,False,Thirtysomething
1991,Best Television Series - Musical or Comedy,True,Cheers
1991,Best Television Series - Musical or Comedy,False,"Golden Girls, The"
1991,Best Television Series - Musical or Comedy,False,Married With Children
1991,Best Television Series - Musical or Comedy,False,Murphy Brown
1991,Best Television Series - Musical or Comedy,False,Designing Women
1991,Best Television Limited Series or Motion Picture Made for Television,True,Decoration Day
1991,Best Television Limited Series or Motion Picture Made for Television,False,Caroline?
1991,Best Television Limited Series or Motion Picture Made for Television,False,Family of Spies
1991,Best Television Limited Series or Motion Picture Made for Television,False,"Kennedys of Massachusetts, The"
1991,Best Television Limited Series or Motion Picture Made for Television,False,"Phantom of the Opera, The"
1991,Best Performance by an Actress in a Limited Series or a Motion Picture Made for Television,True,"Killing in a Small Town, A"
1991,Best Performance by an Actress in a Limited Series or a Motion Picture Made for Television,False,"Kennedys of Massachusetts, The"
1991,Best Performance by an Actress in a Limited Series or a Motion Picture Made for Television,False,Leona Helmsley: The Queen of Mean
1991,Best Performance by an Actress in a Limited Series or a Motion Picture Made for Television,False,Family of Spies
1991,Best Performance by an Actress in a Limited Series or a Motion Picture Made for Television,False,Caroline?
1991,Best Performance by an Actor in a Limited Series or a Motion Picture Made for Television,True,Decoration Day
1991,Best Performance by an Actor in a Limited Series or a Motion Picture Made for Television,False,"Phantom of the Opera, The"
1991,Best Performance by an Actor in a Limited Series or a Motion Picture Made for Television,False,"Stranger Within, The"
1991,Best Performance by an Actor in a Limited Series or a Motion Picture Made for Television,False,Drug Wars: The Camarena Story
1991,Best Performance by an Actor in a Limited Series or a Motion Picture Made for Television,False,Jekyll & Hyde
1991,Best Performance by an Actor in a Limited Series or a Motion Picture Made for Television,False,Murder In Mississippi
1991,Best Performance by an Actress In A Television Series - Drama,True,"Trials of Rosie O'Neill, The"
1991,Best Performance by an Actress In A Television Series - Drama,True,Thirtysomething
1991,Best Performance by an Actress In A Television Series - Drama,False,L.A. Law
1991,Best Performance by an Actress In A Television Series - Drama,False,L.A. Law
1991,Best Performance by an Actress In A Television Series - Drama,False,"Murder, She Wrote"
1991,Best Performance by an Actress In A Television Series - Drama,False,China Beach
1991,Best Performance by an Actor In A Television Series - Drama,True,Twin Peaks
1991,Best Performance by an Actor In A Television Series - Drama,False,Quantum Leap
1991,Best Performance by an Actor In A Television Series - Drama,False,Columbo
1991,Best Performance by an Actor In A Television Series - Drama,False,Gabriel's Fire
1991,Best Performance by an Actor In A Television Series - Drama,False,In The Heat of the Night (TV)
1991,Best Performance by an Actress in a Television Series - Musical or Comedy,True,Cheers
1991,Best Performance by an Actress in a Television Series - Musical or Comedy,False,Murphy Brown
1991,Best Performance by an Actress in a Television Series - Musical or Comedy,False,Carol & Company
1991,Best Performance by an Actress in a Television Series - Musical or Comedy,False,Roseanne
1991,Best Performance by an Actress in a Television Series - Musical or Comedy,False,Married With Children
1991,Best Performance by an Actor in a Television Series - Musical or Comedy,True,Cheers
1991,Best Performance by an Actor in a Television Series - Musical or Comedy,False,"Wonder Years, The"
1991,Best Performance by an Actor in a Television Series - Musical or Comedy,False,Roseanne
1991,Best Performance by an Actor in a Television Series - Musical or Comedy,False,Empty Nest
1991,Best Performance by an Actor in a Television Series - Musical or Comedy,False,Evening Shade
1991,"Best Performance by an Actress in a Supporting Role in a Series, Limited Series or Motion Picture Made for Television",True,Twin Peaks
1991,"Best Performance by an Actress in a Supporting Role in a Series, Limited Series or Motion Picture Made for Television",False,Twin Peaks
1991,"Best Performance by an Actress in a Supporting Role in a Series, Limited Series or Motion Picture Made for Television",False,Murphy Brown
1991,"Best Performance by an Actress in a Supporting Role in a Series, Limited Series or Motion Picture Made for Television",False,China Beach
1991,"Best Performance by an Actress in a Supporting Role in a Series, Limited Series or Motion Picture Made for Television",False,Empty Nest
1991,"Best Performance by an Actor in a Supporting Role in a Series, Limited Series or Motion Picture Made for Television",True,"Kennedys of Massachusetts, The"
1991,"Best Performance by an Actor in a Supporting Role in a Series, Limited Series or Motion Picture Made for Television",False,Equal Justice
1991,"Best Performance by an Actor in a Supporting Role in a Series, Limited Series or Motion Picture Made for Television",False,L.A. Law
1991,"Best Performance by an Actor in a Supporting Role in a Series, Limited Series or Motion Picture Made for Television",False,Quantum Leap
1991,"Best Performance by an Actor in a Supporting Role in a Series, Limited Series or Motion Picture Made for Television",False,L.A. Law
1991,Cecil B. deMille Award,False,Jack Lemmon
1992,Best Motion Picture - Drama,True,Bugsy
1992,Best Motion Picture - Drama,False,JFK
1992,Best Motion Picture - Drama,False,"Prince of Tides, The"
1992,Best Motion Picture - Drama,False,"Silence of the Lambs, The"
1992,Best Motion Picture - Drama,False,Thelma & Louise
1992,Best Motion Picture - Musical or Comedy,True,Beauty and the Beast
1992,Best Motion Picture - Musical or Comedy,False,"Commitments, The"
1992,Best Motion Picture - Musical or Comedy,False,"Fisher King, The"
1992,Best Motion Picture - Musical or Comedy,False,Fried Green Tomatoes
1992,Best Motion Picture - Musical or Comedy,False,City Slickers
1992,Best Performance by an Actress in a Motion Picture - Drama,True,"Silence of the Lambs, The"
1992,Best Performance by an Actress in a Motion Picture - Drama,False,Thelma & Louise
1992,Best Performance by an Actress in a Motion Picture - Drama,False,Rambling Rose
1992,Best Performance by an Actress in a Motion Picture - Drama,False,Thelma & Louise
1992,Best Performance by an Actress in a Motion Picture - Drama,False,Bugsy
1992,Best Performance by an Actor in a Motion Picture - Drama,True,"Prince of Tides, The"
1992,Best Performance by an Actor in a Motion Picture - Drama,False,Bugsy
1992,Best Performance by an Actor in a Motion Picture - Drama,False,JFK
1992,Best Performance by an Actor in a Motion Picture - Drama,False,Cape Fear
1992,Best Performance by an Actor in a Motion Picture - Drama,False,"Silence of the Lambs, The"
1992,Best Performance by an Actress in a Motion Picture - Musical or Comedy,True,For The Boys
1992,Best Performance by an Actress in a Motion Picture - Musical or Comedy,False,Switch
1992,Best Performance by an Actress in a Motion Picture - Musical or Comedy,False,Fried Green Tomatoes
1992,Best Performance by an Actress in a Motion Picture - Musical or Comedy,False,"Addams Family, The"
1992,Best Performance by an Actress in a Motion Picture - Musical or Comedy,False,Frankie & Johnny
1992,Best Performance by an Actor in a Motion Picture - Musical or Comedy,True,"Fisher King, The"
1992,Best Performance by an Actor in a Motion Picture - Musical or Comedy,False,City Slickers
1992,Best Performance by an Actor in a Motion Picture - Musical or Comedy,False,Hook
1992,Best Performance by an Actor in a Motion Picture - Musical or Comedy,False,Soapdish
1992,Best Performance by an Actor in a Motion Picture - Musical or Comedy,False,"Fisher King, The"
1992,Best Performance by an Actress in a Supporting Role in any Motion Picture,True,"Fisher King, The"
1992,Best Performance by an Actress in a Supporting Role in any Motion Picture,False,Rambling Rose
1992,Best Performance by an Actress in a Supporting Role in any Motion Picture,False,Cape Fear
1992,Best Performance by an Actress in a Supporting Role in any Motion Picture,False,Fried Green Tomatoes
1992,Best Performance by an Actress in a Supporting Role in any Motion Picture,False,Billy Bathgate
1992,Best Performance by an Actor in a Supporting Role in any Motion Picture,True,City Slickers
1992,Best Performance by an Actor in a Supporting Role in any Motion Picture,False,Hear My Song
1992,Best Performance by an Actor in a Supporting Role in any Motion Picture,False,Barton Fink
1992,Best Performance by an Actor in a Supporting Role in any Motion Picture,False,Bugsy
1992,Best Performance by an Actor in a Supporting Role in any Motion Picture,False,Bugsy
1992,Best Director - Motion Picture,True,JFK
1992,Best Director - Motion Picture,False,"Silence of the Lambs, The"
1992,Best Director - Motion Picture,False,"Fisher King, The"
1992,Best Director - Motion Picture,False,Bugsy
1992,Best Director - Motion Picture,False,"Prince of Tides, The"
1992,Best Screenplay - Motion Picture,True,Thelma & Louise
1992,Best Screenplay - Motion Picture,False,Bugsy
1992,Best Screenplay - Motion Picture,False,Grand Canyon
1992,Best Screenplay - Motion Picture,False,"Silence of the Lambs, The"
1992,Best Screenplay - Motion Picture,False,JFK
1992,Best Motion Picture - Foreign Language,True,"Germany, Agnieszka Holland"
1992,Best Motion Picture - Foreign Language,False,"France, Krzysztof Kieslowski"
1992,Best Motion Picture - Foreign Language,False,"France, Luc Besson"
1992,Best Motion Picture - Foreign Language,False,"Spain, Pedro Almodóvar"
1992,Best Motion Picture - Foreign Language,False,"United Soviet Socialist Republics, Alexander Mitta "
1992,Best Motion Picture - Foreign Language,False,"France, Claude Chabrol"
1992,Best Original Score - Motion Picture,True,Beauty and the Beast
1992,Best Original Score - Motion Picture,False,Bugsy
1992,Best Original Score - Motion Picture,False,Dead Again
1992,Best Original Score - Motion Picture,False,For The Boys
1992,Best Original Score - Motion Picture,False,Robin Hood: Prince of Thieves
1992,Best Original Score - Motion Picture,False,At Play in the Fields of the Lord
1992,Best Original Song - Motion Picture,True,Beauty and the Beast
1992,Best Original Song - Motion Picture,False,Robin Hood: Prince of Thieves
1992,Best Original Song - Motion Picture,False,Rush (1991)
1992,Best Original Song - Motion Picture,False,Beauty and the Beast
1992,Best Original Song - Motion Picture,False,"American Tail, An : Fievel Goes West"
1992,Best Television Series - Drama,True,Northern Exposure
1992,Best Television Series - Drama,False,"Beverly Hills, 90210"
1992,Best Television Series - Drama,False,I'll Fly Away
1992,Best Television Series - Drama,False,L.A. Law
1992,Best Television Series - Drama,False,Law & Order
1992,Best Television Series - Musical or Comedy,True,Brooklyn Bridge
1992,Best Television Series - Musical or Comedy,False,Cheers
1992,Best Television Series - Musical or Comedy,False,Evening Shade
1992,Best Television Series - Musical or Comedy,False,"Golden Girls, The"
1992,Best Television Series - Musical or Comedy,False,Murphy Brown
1992,Best Television Limited Series or Motion Picture Made for Television,True,One Against The Wind
1992,Best Television Limited Series or Motion Picture Made for Television,False,In a Child's Name
1992,Best Television Limited Series or Motion Picture Made for Television,False,"Josephine Baker Story, The"
1992,Best Television Limited Series or Motion Picture Made for Television,False,"Sarah, Plain and Tall"
1992,Best Television Limited Series or Motion Picture Made for Television,False,Separate But Equal
1992,Best Performance by an Actress in a Limited Series or a Motion Picture Made for Television,True,One Against The Wind
1992,Best Performance by an Actress in a Limited Series or a Motion Picture Made for Television,False,"Josephine Baker Story, The"
1992,Best Performance by an Actress in a Limited Series or a Motion Picture Made for Television,False,"Sarah, Plain and Tall"
1992,Best Performance by an Actress in a Limited Series or a Motion Picture Made for Television,False,"Haunted, The"
1992,Best Performance by an Actress in a Limited Series or a Motion Picture Made for Television,False,"Story Lady, The"
1992,Best Performance by an Actor in a Limited Series or a Motion Picture Made for Television,True,Without Warning: The James Brady Story
1992,Best Performance by an Actor in a Limited Series or a Motion Picture Made for Television,False,Conagher
1992,Best Performance by an Actor in a Limited Series or a Motion Picture Made for Television,False,Columbo and The Murder of a Rock Star
1992,Best Performance by an Actor in a Limited Series or a Motion Picture Made for Television,False,One Against The Wind
1992,Best Performance by an Actor in a Limited Series or a Motion Picture Made for Television,False,Separate But Equal
1992,Best Performance by an Actress In A Television Series - Drama,True,"Murder, She Wrote"
1992,Best Performance by an Actress In A Television Series - Drama,False,L.A. Law
1992,Best Performance by an Actress In A Television Series - Drama,False,"Trials of Rosie O'Neill, The"
1992,Best Performance by an Actress In A Television Series - Drama,False,Reasonable Doubts
1992,Best Performance by an Actress In A Television Series - Drama,False,Northern Exposure
1992,Best Performance by an Actor In A Television Series - Drama,True,Quantum Leap
1992,Best Performance by an Actor In A Television Series - Drama,False,In The Heat of the Night (TV)
1992,Best Performance by an Actor In A Television Series - Drama,False,I'll Fly Away
1992,Best Performance by an Actor In A Television Series - Drama,False,Reasonable Doubts
1992,Best Performance by an Actor In A Television Series - Drama,False,Pros & Cons
1992,Best Performance by an Actor In A Television Series - Drama,False,Northern Exposure
1992,Best Performance by an Actress in a Television Series - Musical or Comedy,True,Murphy Brown
1992,Best Performance by an Actress in a Television Series - Musical or Comedy,False,Cheers
1992,Best Performance by an Actress in a Television Series - Musical or Comedy,False,Anything But Love
1992,Best Performance by an Actress in a Television Series - Musical or Comedy,False,Roseanne
1992,Best Performance by an Actress in a Television Series - Musical or Comedy,False,Married With Children
1992,Best Performance by an Actor in a Television Series - Musical or Comedy,True,Evening Shade
1992,Best Performance by an Actor in a Television Series - Musical or Comedy,False,Married With Children
1992,Best Performance by an Actor in a Television Series - Musical or Comedy,False,Cheers
1992,Best Performance by an Actor in a Television Series - Musical or Comedy,False,"Doogie Howser, M.D."
1992,Best Performance by an Actor in a Television Series - Musical or Comedy,False,Coach
1992,"Best Performance by an Actress in a Supporting Role in a Series, Limited Series or Motion Picture Made for Television",True,L.A. Law
1992,"Best Performance by an Actress in a Supporting Role in a Series, Limited Series or Motion Picture Made for Television",False,Cheers
1992,"Best Performance by an Actress in a Supporting Role in a Series, Limited Series or Motion Picture Made for Television",False,Fire In The Dark
1992,"Best Performance by an Actress in a Supporting Role in a Series, Limited Series or Motion Picture Made for Television",False,Homefront
1992,"Best Performance by an Actress in a Supporting Role in a Series, Limited Series or Motion Picture Made for Television",False,Murphy Brown
1992,"Best Performance by an Actress in a Supporting Role in a Series, Limited Series or Motion Picture Made for Television",False,"Golden Girls, The"
1992,"Best Performance by an Actress in a Supporting Role in a Series, Limited Series or Motion Picture Made for Television",False,Empty Nest
1992,"Best Performance by an Actor in a Supporting Role in a Series, Limited Series or Motion Picture Made for Television",True,"Josephine Baker Story, The"
1992,"Best Performance by an Actor in a Supporting Role in a Series, Limited Series or Motion Picture Made for Television",False,L.A. Law
1992,"Best Performance by an Actor in a Supporting Role in a Series, Limited Series or Motion Picture Made for Television",False,Evening Shade
1992,"Best Performance by an Actor in a Supporting Role in a Series, Limited Series or Motion Picture Made for Television",False,Separate But Equal
1992,"Best Performance by an Actor in a Supporting Role in a Series, Limited Series or Motion Picture Made for Television",False,Quantum Leap
1992,Cecil B. deMille Award,False,Robert Mitchum
1993,Best Motion Picture - Drama,True,Scent of a Woman
1993,Best Motion Picture - Drama,False,"Few Good Men, A"
1993,Best Motion Picture - Drama,False,Howards End
1993,Best Motion Picture - Drama,False,Unforgiven
1993,Best Motion Picture - Drama,False,"Crying Game, The"
1993,Best Motion Picture - Musical or Comedy,True,"Player, The"
1993,Best Motion Picture - Musical or Comedy,False,Aladdin
1993,Best Motion Picture - Musical or Comedy,False,Enchanted April
1993,Best Motion Picture - Musical or Comedy,False,Honeymoon In Vegas
1993,Best Motion Picture - Musical or Comedy,False,Sister Act
1993,Best Performance by an Actress in a Motion Picture - Drama,True,Howards End
1993,Best Performance by an Actress in a Motion Picture - Drama,False,Passion Fish
1993,Best Performance by an Actress in a Motion Picture - Drama,False,Love Field
1993,Best Performance by an Actress in a Motion Picture - Drama,False,Lorenzo's Oil
1993,Best Performance by an Actress in a Motion Picture - Drama,False,Basic Instinct
1993,Best Performance by an Actor in a Motion Picture - Drama,True,Scent of a Woman
1993,Best Performance by an Actor in a Motion Picture - Drama,False,"Few Good Men, A"
1993,Best Performance by an Actor in a Motion Picture - Drama,False,Chaplin
1993,Best Performance by an Actor in a Motion Picture - Drama,False,Hoffa
1993,Best Performance by an Actor in a Motion Picture - Drama,False,Malcolm X
1993,Best Performance by an Actress in a Motion Picture - Musical or Comedy,True,Enchanted April
1993,Best Performance by an Actress in a Motion Picture - Musical or Comedy,False,"League of Their Own, A"
1993,Best Performance by an Actress in a Motion Picture - Musical or Comedy,False,Sister Act
1993,Best Performance by an Actress in a Motion Picture - Musical or Comedy,False,Used People
1993,Best Performance by an Actress in a Motion Picture - Musical or Comedy,False,Death Becomes Her
1993,Best Performance by an Actor in a Motion Picture - Musical or Comedy,True,"Player, The"
1993,Best Performance by an Actor in a Motion Picture - Musical or Comedy,False,Bob Roberts
1993,Best Performance by an Actor in a Motion Picture - Musical or Comedy,False,Honeymoon In Vegas
1993,Best Performance by an Actor in a Motion Picture - Musical or Comedy,False,Mr. Saturday Night
1993,Best Performance by an Actor in a Motion Picture - Musical or Comedy,False,Used People
1993,Best Performance by an Actress in a Supporting Role in any Motion Picture,True,Enchanted April
1993,Best Performance by an Actress in a Supporting Role in any Motion Picture,False,Chaplin
1993,Best Performance by an Actress in a Supporting Role in any Motion Picture,False,Husbands and Wives
1993,Best Performance by an Actress in a Supporting Role in any Motion Picture,False,Damage
1993,Best Performance by an Actress in a Supporting Role in any Motion Picture,False,Passion Fish
1993,Best Performance by an Actor in a Supporting Role in any Motion Picture,True,Unforgiven
1993,Best Performance by an Actor in a Supporting Role in any Motion Picture,False,"Few Good Men, A"
1993,Best Performance by an Actor in a Supporting Role in any Motion Picture,False,Scent of a Woman
1993,Best Performance by an Actor in a Supporting Role in any Motion Picture,False,Glengarry Glen Ross
1993,Best Performance by an Actor in a Supporting Role in any Motion Picture,False,Mr. Saturday Night
1993,Best Director - Motion Picture,True,Unforgiven
1993,Best Director - Motion Picture,False,"Player, The"
1993,Best Director - Motion Picture,False,Howards End
1993,Best Director - Motion Picture,False,"River Runs Through It, A"
1993,Best Director - Motion Picture,False,"Few Good Men, A"
1993,Best Screenplay - Motion Picture,True,Scent of a Woman
1993,Best Screenplay - Motion Picture,False,"Few Good Men, A"
1993,Best Screenplay - Motion Picture,False,Howards End
1993,Best Screenplay - Motion Picture,False,"Player, The"
1993,Best Screenplay - Motion Picture,False,Unforgiven
1993,Best Motion Picture - Foreign Language,True,"France, Régis Wargnier"
1993,Best Motion Picture - Foreign Language,False,"France, Alain Corneau"
1993,Best Motion Picture - Foreign Language,False,"Russia, Nikita Mikhalkov"
1993,Best Motion Picture - Foreign Language,False,"Mexico, Alfonso Arau"
1993,Best Motion Picture - Foreign Language,False,"Germany, Helmut Dietl"
1993,Best Original Score - Motion Picture,True,Aladdin
1993,Best Original Score - Motion Picture,False,Basic Instinct
1993,Best Original Score - Motion Picture,False,Chaplin
1993,Best Original Score - Motion Picture,False,1492: Conquest Of Paradise
1993,Best Original Score - Motion Picture,False,"Last Of The Mohicans, The"
1993,Best Original Song - Motion Picture,True,Aladdin
1993,Best Original Song - Motion Picture,False,"Mambo Kings, The"
1993,Best Original Song - Motion Picture,False,Aladdin
1993,Best Original Song - Motion Picture,False,Aladdin
1993,Best Original Song - Motion Picture,False,"League of Their Own, A"
1993,Best Television Series - Drama,True,Northern Exposure
1993,Best Television Series - Drama,False,Homefront
1993,Best Television Series - Drama,False,I'll Fly Away
1993,Best Television Series - Drama,False,Sisters
1993,Best Television Series - Drama,False,"Beverly Hills, 90210"
1993,Best Television Series - Musical or Comedy,True,Roseanne
1993,Best Television Series - Musical or Comedy,False,Brooklyn Bridge
1993,Best Television Series - Musical or Comedy,False,Cheers
1993,Best Television Series - Musical or Comedy,False,Evening Shade
1993,Best Television Series - Musical or Comedy,False,Murphy Brown
1993,Best Television Limited Series or Motion Picture Made for Television,True,Sinatra
1993,Best Television Limited Series or Motion Picture Made for Television,False,Danielle Steel's Jewels
1993,Best Television Limited Series or Motion Picture Made for Television,False,Miss Rose White
1993,Best Television Limited Series or Motion Picture Made for Television,False,Stalin
1993,Best Television Limited Series or Motion Picture Made for Television,False,Citizen Cohn
1993,Best Performance by an Actress in a Limited Series or a Motion Picture Made for Television,True,Afterburn
1993,Best Performance by an Actress in a Limited Series or a Motion Picture Made for Television,False,Guncrazy
1993,Best Performance by an Actress in a Limited Series or a Motion Picture Made for Television,False,"Man Upstairs, The"
1993,Best Performance by an Actress in a Limited Series or a Motion Picture Made for Television,False,O Pioneers!
1993,Best Performance by an Actress in a Limited Series or a Motion Picture Made for Television,False,Miss Rose White
1993,Best Performance by an Actor in a Limited Series or a Motion Picture Made for Television,True,Stalin
1993,Best Performance by an Actor in a Limited Series or a Motion Picture Made for Television,False,Sinatra
1993,Best Performance by an Actor in a Limited Series or a Motion Picture Made for Television,False,"Last of His Tribe, The"
1993,Best Performance by an Actor in a Limited Series or a Motion Picture Made for Television,False,Citizen Cohn
1993,Best Performance by an Actor in a Limited Series or a Motion Picture Made for Television,False,Danielle Steel's Jewels
1993,Best Performance by an Actress In A Television Series - Drama,True,I'll Fly Away
1993,Best Performance by an Actress In A Television Series - Drama,False,Civil Wars
1993,Best Performance by an Actress In A Television Series - Drama,False,"Murder, She Wrote"
1993,Best Performance by an Actress In A Television Series - Drama,False,Reasonable Doubts
1993,Best Performance by an Actress In A Television Series - Drama,False,Northern Exposure
1993,Best Performance by an Actor In A Television Series - Drama,True,I'll Fly Away
1993,Best Performance by an Actor In A Television Series - Drama,False,Quantum Leap
1993,Best Performance by an Actor In A Television Series - Drama,False,Reasonable Doubts
1993,Best Performance by an Actor In A Television Series - Drama,False,Northern Exposure
1993,Best Performance by an Actor In A Television Series - Drama,False,"Beverly Hills, 90210"
1993,Best Performance by an Actress in a Television Series - Musical or Comedy,True,Roseanne
1993,Best Performance by an Actress in a Television Series - Musical or Comedy,False,Mad About You
1993,Best Performance by an Actress in a Television Series - Musical or Comedy,False,Married With Children
1993,Best Performance by an Actress in a Television Series - Musical or Comedy,False,Cheers
1993,Best Performance by an Actress in a Television Series - Musical or Comedy,False,Murphy Brown
1993,Best Performance by an Actor in a Television Series - Musical or Comedy,True,Roseanne
1993,Best Performance by an Actor in a Television Series - Musical or Comedy,False,Home Improvement
1993,Best Performance by an Actor in a Television Series - Musical or Comedy,False,Cheers
1993,Best Performance by an Actor in a Television Series - Musical or Comedy,False,Coach
1993,Best Performance by an Actor in a Television Series - Musical or Comedy,False,Married With Children
1993,Best Performance by an Actor in a Television Series - Musical or Comedy,False,Evening Shade
1993,Best Performance by an Actor in a Television Series - Musical or Comedy,False,"Fresh Prince of Bel-Air, The"
1993,"Best Performance by an Actress in a Supporting Role in a Series, Limited Series or Motion Picture Made for Television",True,Stalin
1993,"Best Performance by an Actress in a Supporting Role in a Series, Limited Series or Motion Picture Made for Television",False,Sinatra
1993,"Best Performance by an Actress in a Supporting Role in a Series, Limited Series or Motion Picture Made for Television",False,Roseanne
1993,"Best Performance by an Actress in a Supporting Role in a Series, Limited Series or Motion Picture Made for Television",False,Empty Nest
1993,"Best Performance by an Actress in a Supporting Role in a Series, Limited Series or Motion Picture Made for Television",False,Miss Rose White
1993,"Best Performance by an Actress in a Supporting Role in a Series, Limited Series or Motion Picture Made for Television",False,Crazy In Love
1993,"Best Performance by an Actor in a Supporting Role in a Series, Limited Series or Motion Picture Made for Television",True,Stalin
1993,"Best Performance by an Actor in a Supporting Role in a Series, Limited Series or Motion Picture Made for Television",False,Broadway Bound
1993,"Best Performance by an Actor in a Supporting Role in a Series, Limited Series or Motion Picture Made for Television",False,Delta
1993,"Best Performance by an Actor in a Supporting Role in a Series, Limited Series or Motion Picture Made for Television",False,Quantum Leap
1993,"Best Performance by an Actor in a Supporting Role in a Series, Limited Series or Motion Picture Made for Television",False,Seinfeld
1993,"Best Performance by an Actor in a Supporting Role in a Series, Limited Series or Motion Picture Made for Television",False,Northern Exposure
1993,Cecil B. deMille Award,False,Lauren Bacall
1993,Special Achievement Award,False,Aladdin
1994,Best Motion Picture - Drama,True,Schindler's List
1994,Best Motion Picture - Drama,False,In the Name of the Father
1994,Best Motion Picture - Drama,False,The Piano
1994,Best Motion Picture - Drama,False," Remains of the Day, The"
1994,Best Motion Picture - Drama,False,"Age of Innocence, The"
1994,Best Motion Picture - Musical or Comedy,True,Mrs. Doubtfire
1994,Best Motion Picture - Musical or Comedy,False,Dave
1994,Best Motion Picture - Musical or Comedy,False,Much Ado About Nothing
1994,Best Motion Picture - Musical or Comedy,False,Sleepless in Seattle
1994,Best Motion Picture - Musical or Comedy,False,Strictly Ballroom
1994,Best Performance by an Actress in a Motion Picture - Drama,True,The Piano
1994,Best Performance by an Actress in a Motion Picture - Drama,False,Three Colours: Blue (Trois couleurs: Bleu) 
1994,Best Performance by an Actress in a Motion Picture - Drama,False,"Age of Innocence, The"
1994,Best Performance by an Actress in a Motion Picture - Drama,False," Remains of the Day, The"
1994,Best Performance by an Actress in a Motion Picture - Drama,False,"Dangerous Woman, A"
1994,Best Performance by an Actor in a Motion Picture - Drama,True,Philadelphia
1994,Best Performance by an Actor in a Motion Picture - Drama,False,In the Name of the Father
1994,Best Performance by an Actor in a Motion Picture - Drama,False,"Fugitive, The"
1994,Best Performance by an Actor in a Motion Picture - Drama,False," Remains of the Day, The"
1994,Best Performance by an Actor in a Motion Picture - Drama,False,Schindler's List
1994,Best Performance by an Actress in a Motion Picture - Musical or Comedy,True,What's Love Got To Do With It
1994,Best Performance by an Actress in a Motion Picture - Musical or Comedy,False,Six Degrees of Separation
1994,Best Performance by an Actress in a Motion Picture - Musical or Comedy,False,Addams Family Values
1994,Best Performance by an Actress in a Motion Picture - Musical or Comedy,False,Manhattan Murder Mystery
1994,Best Performance by an Actress in a Motion Picture - Musical or Comedy,False,Sleepless in Seattle
1994,Best Performance by an Actor in a Motion Picture - Musical or Comedy,True,Mrs. Doubtfire
1994,Best Performance by an Actor in a Motion Picture - Musical or Comedy,False,Sleepless in Seattle
1994,Best Performance by an Actor in a Motion Picture - Musical or Comedy,False,Dave
1994,Best Performance by an Actor in a Motion Picture - Musical or Comedy,False,"Snapper, The"
1994,Best Performance by an Actor in a Motion Picture - Musical or Comedy,False,Benny & Joon
1994,Best Performance by an Actress in a Supporting Role in any Motion Picture,True,"Age of Innocence, The"
1994,Best Performance by an Actress in a Supporting Role in any Motion Picture,False,Carlito's Way
1994,Best Performance by an Actress in a Supporting Role in any Motion Picture,False,The Piano
1994,Best Performance by an Actress in a Supporting Role in any Motion Picture,False,Fearless
1994,Best Performance by an Actress in a Supporting Role in any Motion Picture,False,In the Name of the Father
1994,Best Performance by an Actor in a Supporting Role in any Motion Picture,True,"Fugitive, The"
1994,Best Performance by an Actor in a Supporting Role in any Motion Picture,False,Schindler's List
1994,Best Performance by an Actor in a Supporting Role in any Motion Picture,False,In the Line of Fire
1994,Best Performance by an Actor in a Supporting Role in any Motion Picture,False,Carlito's Way
1994,Best Performance by an Actor in a Supporting Role in any Motion Picture,False,What's Eating Gilbert Grape
1994,Best Director - Motion Picture,True,Schindler's List
1994,Best Director - Motion Picture,False,The Piano
1994,Best Director - Motion Picture,False,"Fugitive, The"
1994,Best Director - Motion Picture,False," Remains of the Day, The"
1994,Best Director - Motion Picture,False,"Age of Innocence, The"
1994,Best Screenplay - Motion Picture,True,Schindler's List
1994,Best Screenplay - Motion Picture,False,Philadelphia
1994,Best Screenplay - Motion Picture,False,The Piano
1994,Best Screenplay - Motion Picture,False," Remains of the Day, The"
1994,Best Screenplay - Motion Picture,False,Short Cuts
1994,Best Motion Picture - Foreign Language,True,"Hong Kong, Chen Kaige"
1994,Best Motion Picture - Foreign Language,False,"France, Krzysztof Kieslowski"
1994,Best Motion Picture - Foreign Language,False,"Italy, Carlo Carlei"
1994,Best Motion Picture - Foreign Language,False,"Germany, Hans W. Geissendörfer"
1994,Best Motion Picture - Foreign Language,False,"Taiwan, Ang Lee"
1994,Best Original Score - Motion Picture,True,Heaven & Earth
1994,Best Original Score - Motion Picture,False,The Nightmare Before Christmas
1994,Best Original Score - Motion Picture,False,Three Colours: Blue (Trois couleurs: Bleu) 
1994,Best Original Score - Motion Picture,False,The Piano
1994,Best Original Score - Motion Picture,False,Schindler's List
1994,Best Original Song - Motion Picture,True,Philadelphia
1994,Best Original Song - Motion Picture,False,Poetic Justice
1994,Best Original Song - Motion Picture,False,Beethoven's 2nd
1994,Best Original Song - Motion Picture,False,"Faraway, So Close!"
1994,Best Original Song - Motion Picture,False,In the Name of the Father
1994,Best Television Series - Drama,True,NYPD Blue
1994,Best Television Series - Drama,False,Picket Fences
1994,Best Television Series - Drama,False,"Young Indiana Jones Chronicles, The"
1994,Best Television Series - Drama,False,"Dr. Quinn, Medicine Woman"
1994,Best Television Series - Drama,False,Law & Order
1994,Best Television Series - Drama,False,Northern Exposure
1994,Best Television Series - Musical or Comedy,True,Seinfeld
1994,Best Television Series - Musical or Comedy,False,Coach
1994,Best Television Series - Musical or Comedy,False,Frasier
1994,Best Television Series - Musical or Comedy,False,Home Improvement
1994,Best Television Series - Musical or Comedy,False,Roseanne
1994,Best Television Limited Series or Motion Picture Made for Television,True,Barbarians at the Gate
1994,Best Television Limited Series or Motion Picture Made for Television,False,Heidi
1994,Best Television Limited Series or Motion Picture Made for Television,False,And the Band Played On
1994,Best Television Limited Series or Motion Picture Made for Television,False,Columbo: It's All In The Game
1994,Best Television Limited Series or Motion Picture Made for Television,False,Gypsy (1993-TV)
1994,Best Performance by an Actress in a Limited Series or a Motion Picture Made for Television,True,Gypsy (1993-TV)
1994,Best Performance by an Actress in a Limited Series or a Motion Picture Made for Television,False,Fatal Deception: Mrs. Lee Harvey Oswald
1994,Best Performance by an Actress in a Limited Series or a Motion Picture Made for Television,False,Columbo: It's All In The Game
1994,Best Performance by an Actress in a Limited Series or a Motion Picture Made for Television,False,"Positively True Adventures of the Alleged Texas Cheerleader-Murdering Mom, The"
1994,Best Performance by an Actress in a Limited Series or a Motion Picture Made for Television,False,Family Pictures
1994,Best Performance by an Actor in a Limited Series or a Motion Picture Made for Television,True,Barbarians at the Gate
1994,Best Performance by an Actor in a Limited Series or a Motion Picture Made for Television,False,Columbo: It's All In The Game
1994,Best Performance by an Actor in a Limited Series or a Motion Picture Made for Television,False,"Life in the Theatre, A"
1994,Best Performance by an Actor in a Limited Series or a Motion Picture Made for Television,False,And the Band Played On
1994,Best Performance by an Actor in a Limited Series or a Motion Picture Made for Television,False,Men Don't Tell
1994,Best Performance by an Actress In A Television Series - Drama,True,Picket Fences
1994,Best Performance by an Actress In A Television Series - Drama,False,Northern Exposure
1994,Best Performance by an Actress In A Television Series - Drama,False,Sisters
1994,Best Performance by an Actress In A Television Series - Drama,False,Melrose Place
1994,Best Performance by an Actress In A Television Series - Drama,False,"Dr. Quinn, Medicine Woman"
1994,Best Performance by an Actor In A Television Series - Drama,True,NYPD Blue
1994,Best Performance by an Actor In A Television Series - Drama,False,Law & Order
1994,Best Performance by an Actor In A Television Series - Drama,False,Northern Exposure
1994,Best Performance by an Actor In A Television Series - Drama,False,In The Heat of the Night (TV)
1994,Best Performance by an Actor In A Television Series - Drama,False,Picket Fences
1994,Best Performance by an Actress in a Television Series - Musical or Comedy,True,Mad About You
1994,Best Performance by an Actress in a Television Series - Musical or Comedy,False,Murphy Brown
1994,Best Performance by an Actress in a Television Series - Musical or Comedy,False,Home Improvement
1994,Best Performance by an Actress in a Television Series - Musical or Comedy,False,Roseanne
1994,Best Performance by an Actress in a Television Series - Musical or Comedy,False,Married With Children
1994,Best Performance by an Actor in a Television Series - Musical or Comedy,True,Seinfeld
1994,Best Performance by an Actor in a Television Series - Musical or Comedy,False,"Fresh Prince of Bel-Air, The"
1994,Best Performance by an Actor in a Television Series - Musical or Comedy,False,Home Improvement
1994,Best Performance by an Actor in a Television Series - Musical or Comedy,False,Frasier
1994,Best Performance by an Actor in a Television Series - Musical or Comedy,False,Coach
1994,"Best Performance by an Actress in a Supporting Role in a Series, Limited Series or Motion Picture Made for Television",True,Seinfeld
1994,"Best Performance by an Actress in a Supporting Role in a Series, Limited Series or Motion Picture Made for Television",False,Alex Haley's Queen
1994,"Best Performance by an Actress in a Supporting Role in a Series, Limited Series or Motion Picture Made for Television",False,Gypsy (1993-TV)
1994,"Best Performance by an Actress in a Supporting Role in a Series, Limited Series or Motion Picture Made for Television",False,"Portrait, The"
1994,"Best Performance by an Actress in a Supporting Role in a Series, Limited Series or Motion Picture Made for Television",False,"Commish, The"
1994,"Best Performance by an Actor in a Supporting Role in a Series, Limited Series or Motion Picture Made for Television",True,"Positively True Adventures of the Alleged Texas Cheerleader-Murdering Mom, The"
1994,"Best Performance by an Actor in a Supporting Role in a Series, Limited Series or Motion Picture Made for Television",False,Seinfeld
1994,"Best Performance by an Actor in a Supporting Role in a Series, Limited Series or Motion Picture Made for Television",False,NYPD Blue
1994,"Best Performance by an Actor in a Supporting Role in a Series, Limited Series or Motion Picture Made for Television",False,Frasier
1994,"Best Performance by an Actor in a Supporting Role in a Series, Limited Series or Motion Picture Made for Television",False,Barbarians at the Gate
1994,Cecil B. deMille Award,False,Robert Redford
1995,Best Motion Picture - Drama,True,Forrest Gump
1995,Best Motion Picture - Drama,False,Legends of the Fall
1995,Best Motion Picture - Drama,False,Nell
1995,Best Motion Picture - Drama,False,Pulp Fiction
1995,Best Motion Picture - Drama,False,Quiz Show
1995,Best Motion Picture - Musical or Comedy,True,The Lion King
1995,Best Motion Picture - Musical or Comedy,False,"Adventures of Priscilla, Queen of the Desert, The"
1995,Best Motion Picture - Musical or Comedy,False,Ed Wood
1995,Best Motion Picture - Musical or Comedy,False,Four Weddings and a Funeral
1995,Best Motion Picture - Musical or Comedy,False,Ready to Wear
1995,Best Performance by an Actress in a Motion Picture - Drama,True,Blue Sky
1995,Best Performance by an Actress in a Motion Picture - Drama,False,"River Wild, The"
1995,Best Performance by an Actress in a Motion Picture - Drama,False,Nell
1995,Best Performance by an Actress in a Motion Picture - Drama,False,Mrs. Parker and The Vicious Circle
1995,Best Performance by an Actress in a Motion Picture - Drama,False,Tom & Viv
1995,Best Performance by an Actor in a Motion Picture - Drama,True,Forrest Gump
1995,Best Performance by an Actor in a Motion Picture - Drama,False,"Shawshank Redemption, The"
1995,Best Performance by an Actor in a Motion Picture - Drama,False,Nobody's Fool
1995,Best Performance by an Actor in a Motion Picture - Drama,False,Legends of the Fall
1995,Best Performance by an Actor in a Motion Picture - Drama,False,Pulp Fiction
1995,Best Performance by an Actress in a Motion Picture - Musical or Comedy,True,True Lies
1995,Best Performance by an Actress in a Motion Picture - Musical or Comedy,False,Speechless
1995,Best Performance by an Actress in a Motion Picture - Musical or Comedy,False,Four Weddings and a Funeral
1995,Best Performance by an Actress in a Motion Picture - Musical or Comedy,False,Guarding Tess
1995,Best Performance by an Actress in a Motion Picture - Musical or Comedy,False,Junior
1995,Best Performance by an Actor in a Motion Picture - Musical or Comedy,True,Four Weddings and a Funeral
1995,Best Performance by an Actor in a Motion Picture - Musical or Comedy,False,"Adventures of Priscilla, Queen of the Desert, The"
1995,Best Performance by an Actor in a Motion Picture - Musical or Comedy,False,"Mask, The"
1995,Best Performance by an Actor in a Motion Picture - Musical or Comedy,False,Ed Wood
1995,Best Performance by an Actor in a Motion Picture - Musical or Comedy,False,Junior
1995,Best Performance by an Actress in a Supporting Role in any Motion Picture,True,Bullets Over Broadway
1995,Best Performance by an Actress in a Supporting Role in any Motion Picture,False,Interview with the Vampire (The Vampire Chronicles)
1995,Best Performance by an Actress in a Supporting Role in any Motion Picture,False,Ready to Wear
1995,Best Performance by an Actress in a Supporting Role in any Motion Picture,False,Pulp Fiction
1995,Best Performance by an Actress in a Supporting Role in any Motion Picture,False,Forrest Gump
1995,Best Performance by an Actor in a Supporting Role in any Motion Picture,True,Ed Wood
1995,Best Performance by an Actor in a Supporting Role in any Motion Picture,False,"River Wild, The"
1995,Best Performance by an Actor in a Supporting Role in any Motion Picture,False,Pulp Fiction
1995,Best Performance by an Actor in a Supporting Role in any Motion Picture,False,Forrest Gump
1995,Best Performance by an Actor in a Supporting Role in any Motion Picture,False,Quiz Show
1995,Best Director - Motion Picture,True,Forrest Gump
1995,Best Director - Motion Picture,False,Legends of the Fall
1995,Best Director - Motion Picture,False,Quiz Show
1995,Best Director - Motion Picture,False,Natural Born Killers
1995,Best Director - Motion Picture,False,Pulp Fiction
1995,Best Screenplay - Motion Picture,True,Pulp Fiction
1995,Best Screenplay - Motion Picture,False,"Shawshank Redemption, The"
1995,Best Screenplay - Motion Picture,False,Forrest Gump
1995,Best Screenplay - Motion Picture,False,Four Weddings and a Funeral
1995,Best Screenplay - Motion Picture,False,Quiz Show
1995,Best Motion Picture - Foreign Language,True,"Belgium, Gérard Corbiau"
1995,Best Motion Picture - Foreign Language,False,"Taiwan, Ang Lee"
1995,Best Motion Picture - Foreign Language,False,"France, Patrice Chéreau"
1995,Best Motion Picture - Foreign Language,False,"Switzerland, Krzysztof Kieslowski"
1995,Best Motion Picture - Foreign Language,False,"Hong Kong, Zhang Yimou"
1995,Best Original Score - Motion Picture,True,The Lion King
1995,Best Original Score - Motion Picture,False,Forrest Gump
1995,Best Original Score - Motion Picture,False,Interview with the Vampire (The Vampire Chronicles)
1995,Best Original Score - Motion Picture,False,Legends of the Fall
1995,Best Original Score - Motion Picture,False,Nell
1995,Best Original Song - Motion Picture,True,The Lion King
1995,Best Original Song - Motion Picture,False,The Swan Princess
1995,Best Original Song - Motion Picture,False,With Honors
1995,Best Original Song - Motion Picture,False,Junior
1995,Best Original Song - Motion Picture,False,The Lion King
1995,Best Original Song - Motion Picture,False,Color of Night
1995,Best Television Series - Drama,True,"X-Files, The"
1995,Best Television Series - Drama,False,Chicago Hope
1995,Best Television Series - Drama,False,ER
1995,Best Television Series - Drama,False,NYPD Blue
1995,Best Television Series - Drama,False,Picket Fences
1995,Best Television Series - Musical or Comedy,True,Mad About You
1995,Best Television Series - Musical or Comedy,False,Seinfeld
1995,Best Television Series - Musical or Comedy,False,Frasier
1995,Best Television Series - Musical or Comedy,False,Grace Under Fire
1995,Best Television Series - Musical or Comedy,False,Home Improvement
1995,Best Television Limited Series or Motion Picture Made for Television,True,The Burning Season
1995,Best Television Limited Series or Motion Picture Made for Television,False,Fatherland
1995,Best Television Limited Series or Motion Picture Made for Television,False,The Return of the Native
1995,Best Television Limited Series or Motion Picture Made for Television,False,Roswell
1995,Best Television Limited Series or Motion Picture Made for Television,False,White Mile
1995,Best Performance by an Actress in a Limited Series or a Motion Picture Made for Television,True,Breathing Lessons
1995,Best Performance by an Actress in a Limited Series or a Motion Picture Made for Television,False,David's Mother
1995,Best Performance by an Actress in a Limited Series or a Motion Picture Made for Television,False,Lakota Woman: Siege at Wounded Knee
1995,Best Performance by an Actress in a Limited Series or a Motion Picture Made for Television,False,Amelia Earhart: The Final Flight
1995,Best Performance by an Actress in a Limited Series or a Motion Picture Made for Television,False,Out of Darkness
1995,Best Performance by an Actor in a Limited Series or a Motion Picture Made for Television,True,The Burning Season
1995,Best Performance by an Actor in a Limited Series or a Motion Picture Made for Television,False,White Mile
1995,Best Performance by an Actor in a Limited Series or a Motion Picture Made for Television,False,Breathing Lessons
1995,Best Performance by an Actor in a Limited Series or a Motion Picture Made for Television,False,Fatherland
1995,Best Performance by an Actor in a Limited Series or a Motion Picture Made for Television,False,Against The Wall
1995,Best Performance by an Actress In A Television Series - Drama,True,My So-Called Life
1995,Best Performance by an Actress In A Television Series - Drama,False,Melrose Place
1995,Best Performance by an Actress In A Television Series - Drama,False,"Dr. Quinn, Medicine Woman"
1995,Best Performance by an Actress In A Television Series - Drama,False,Picket Fences
1995,Best Performance by an Actress In A Television Series - Drama,False,"Murder, She Wrote"
1995,Best Performance by an Actor In A Television Series - Drama,True,NYPD Blue
1995,Best Performance by an Actor In A Television Series - Drama,False,Chicago Hope
1995,Best Performance by an Actor In A Television Series - Drama,False,"Beverly Hills, 90210"
1995,Best Performance by an Actor In A Television Series - Drama,False,Picket Fences
1995,Best Performance by an Actor In A Television Series - Drama,False,Law & Order
1995,Best Performance by an Actress in a Television Series - Musical or Comedy,True,Mad About You
1995,Best Performance by an Actress in a Television Series - Musical or Comedy,False,Murphy Brown
1995,Best Performance by an Actress in a Television Series - Musical or Comedy,False,Grace Under Fire
1995,Best Performance by an Actress in a Television Series - Musical or Comedy,False,Ellen
1995,Best Performance by an Actress in a Television Series - Musical or Comedy,False,Home Improvement
1995,Best Performance by an Actor in a Television Series - Musical or Comedy,True,Home Improvement
1995,Best Performance by an Actor in a Television Series - Musical or Comedy,False,Seinfeld
1995,Best Performance by an Actor in a Television Series - Musical or Comedy,False,"Larry Sanders Show, The"
1995,Best Performance by an Actor in a Television Series - Musical or Comedy,False,Frasier
1995,Best Performance by an Actor in a Television Series - Musical or Comedy,False,Coach
1995,Best Performance by an Actor in a Television Series - Musical or Comedy,False,Mad About You
1995,"Best Performance by an Actress in a Supporting Role in a Series, Limited Series or Motion Picture Made for Television",True,Fatherland
1995,"Best Performance by an Actress in a Supporting Role in a Series, Limited Series or Motion Picture Made for Television",False,Melrose Place
1995,"Best Performance by an Actress in a Supporting Role in a Series, Limited Series or Motion Picture Made for Television",False,Seinfeld
1995,"Best Performance by an Actress in a Supporting Role in a Series, Limited Series or Motion Picture Made for Television",False,Roseanne
1995,"Best Performance by an Actress in a Supporting Role in a Series, Limited Series or Motion Picture Made for Television",False,Picket Fences
1995,"Best Performance by an Actress in a Supporting Role in a Series, Limited Series or Motion Picture Made for Television",False,"John Larroquette Show, The"
1995,"Best Performance by an Actress in a Supporting Role in a Series, Limited Series or Motion Picture Made for Television",False,The Burning Season
1995,"Best Performance by an Actress in a Supporting Role in a Series, Limited Series or Motion Picture Made for Television",False,Christy
1995,"Best Performance by an Actress in a Supporting Role in a Series, Limited Series or Motion Picture Made for Television",False,Frasier
1995,"Best Performance by an Actor in a Supporting Role in a Series, Limited Series or Motion Picture Made for Television",True,The Burning Season
1995,"Best Performance by an Actor in a Supporting Role in a Series, Limited Series or Motion Picture Made for Television",False,Seinfeld
1995,"Best Performance by an Actor in a Supporting Role in a Series, Limited Series or Motion Picture Made for Television",False,Picket Fences
1995,"Best Performance by an Actor in a Supporting Role in a Series, Limited Series or Motion Picture Made for Television",False,Frasier
1995,"Best Performance by an Actor in a Supporting Role in a Series, Limited Series or Motion Picture Made for Television",False,Heart of Darkness
1995,Cecil B. deMille Award,False,Sophia Loren
1996,Best Motion Picture - Drama,True,Sense and Sensibility
1996,Best Motion Picture - Drama,False,Braveheart
1996,Best Motion Picture - Drama,False,"Bridges of Madison County, The"
1996,Best Motion Picture - Drama,False,Leaving Las Vegas
1996,Best Motion Picture - Drama,False,Apollo 13
1996,Best Motion Picture - Musical or Comedy,True,Babe
1996,Best Motion Picture - Musical or Comedy,False,"American President, The"
1996,Best Motion Picture - Musical or Comedy,False,Get Shorty
1996,Best Motion Picture - Musical or Comedy,False,Sabrina (1995)
1996,Best Motion Picture - Musical or Comedy,False,Toy Story
1996,Best Performance by an Actress in a Motion Picture - Drama,True,Casino
1996,Best Performance by an Actress in a Motion Picture - Drama,False,Dead Man Walking
1996,Best Performance by an Actress in a Motion Picture - Drama,False,Leaving Las Vegas
1996,Best Performance by an Actress in a Motion Picture - Drama,False,"Bridges of Madison County, The"
1996,Best Performance by an Actress in a Motion Picture - Drama,False,Sense and Sensibility
1996,Best Performance by an Actor in a Motion Picture - Drama,True,Leaving Las Vegas
1996,Best Performance by an Actor in a Motion Picture - Drama,False,Mr. Holland's Opus
1996,Best Performance by an Actor in a Motion Picture - Drama,False,Nixon
1996,Best Performance by an Actor in a Motion Picture - Drama,False,Richard III
1996,Best Performance by an Actor in a Motion Picture - Drama,False,Dead Man Walking
1996,Best Performance by an Actress in a Motion Picture - Musical or Comedy,True,To Die For
1996,Best Performance by an Actress in a Motion Picture - Musical or Comedy,False,"American President, The"
1996,Best Performance by an Actress in a Motion Picture - Musical or Comedy,False,While You Were Sleeping
1996,Best Performance by an Actress in a Motion Picture - Musical or Comedy,False,Muriel's Wedding
1996,Best Performance by an Actress in a Motion Picture - Musical or Comedy,False,"Month by the Lake, A"
1996,Best Performance by an Actor in a Motion Picture - Musical or Comedy,True,Get Shorty
1996,Best Performance by an Actor in a Motion Picture - Musical or Comedy,False,"To Wong Foo, Thanks For Everything! Julie Newmar"
1996,Best Performance by an Actor in a Motion Picture - Musical or Comedy,False,"American President, The"
1996,Best Performance by an Actor in a Motion Picture - Musical or Comedy,False,Sabrina (1995)
1996,Best Performance by an Actor in a Motion Picture - Musical or Comedy,False,Father of the Bride Part II
1996,Best Performance by an Actress in a Supporting Role in any Motion Picture,True,Mighty Aphrodite
1996,Best Performance by an Actress in a Supporting Role in any Motion Picture,False,"Crossing Guard, The"
1996,Best Performance by an Actress in a Supporting Role in any Motion Picture,False,Apollo 13
1996,Best Performance by an Actress in a Supporting Role in any Motion Picture,False,Something To Talk About
1996,Best Performance by an Actress in a Supporting Role in any Motion Picture,False,Sense and Sensibility
1996,Best Performance by an Actor in a Supporting Role in any Motion Picture,True,Twelve Monkeys
1996,Best Performance by an Actor in a Supporting Role in any Motion Picture,False,Apollo 13
1996,Best Performance by an Actor in a Supporting Role in any Motion Picture,False,"To Wong Foo, Thanks For Everything! Julie Newmar"
1996,Best Performance by an Actor in a Supporting Role in any Motion Picture,False,Rob Roy
1996,Best Performance by an Actor in a Supporting Role in any Motion Picture,False,"Usual Suspects, The"
1996,Best Director - Motion Picture,True,Braveheart
1996,Best Director - Motion Picture,False,Leaving Las Vegas
1996,Best Director - Motion Picture,False,Apollo 13
1996,Best Director - Motion Picture,False,Sense and Sensibility
1996,Best Director - Motion Picture,False,"American President, The"
1996,Best Director - Motion Picture,False,Casino
1996,Best Screenplay - Motion Picture,True,Sense and Sensibility
1996,Best Screenplay - Motion Picture,False,Get Shorty
1996,Best Screenplay - Motion Picture,False,Mr. Holland's Opus
1996,Best Screenplay - Motion Picture,False,Braveheart
1996,Best Screenplay - Motion Picture,False,Dead Man Walking
1996,Best Screenplay - Motion Picture,False,"American President, The"
1996,Best Motion Picture - Foreign Language,True,"France, Claude Lelouch"
1996,Best Motion Picture - Foreign Language,False,"Italy, Giacomo Campiotti"
1996,Best Motion Picture - Foreign Language,False,"China, Zhang Yimou"
1996,Best Motion Picture - Foreign Language,False,"Germany, Joseph Vilsmaier"
1996,Best Motion Picture - Foreign Language,False,"France, Josiane Balasko"
1996,Best Original Score - Motion Picture,True,A Walk in the Clouds
1996,Best Original Score - Motion Picture,False,Pocahontas
1996,Best Original Score - Motion Picture,False,Sense and Sensibility
1996,Best Original Score - Motion Picture,False,Braveheart
1996,Best Original Score - Motion Picture,False,Don Juan DeMarco
1996,Best Original Song - Motion Picture,True,Pocahontas
1996,Best Original Song - Motion Picture,False,Don Juan DeMarco
1996,Best Original Song - Motion Picture,False,Batman Forever
1996,Best Original Song - Motion Picture,False,Sabrina (1995)
1996,Best Original Song - Motion Picture,False,Toy Story
1996,Best Television Series - Drama,True,Party of Five
1996,Best Television Series - Drama,False,NYPD Blue
1996,Best Television Series - Drama,False,Chicago Hope
1996,Best Television Series - Drama,False,ER
1996,Best Television Series - Drama,False,Murder One
1996,Best Television Series - Musical or Comedy,True,Cybill
1996,Best Television Series - Musical or Comedy,False,Frasier
1996,Best Television Series - Musical or Comedy,False,Friends
1996,Best Television Series - Musical or Comedy,False,Mad About You
1996,Best Television Series - Musical or Comedy,False,Seinfeld
1996,Best Television Limited Series or Motion Picture Made for Television,True,Indictment: The McMartin Trial
1996,Best Television Limited Series or Motion Picture Made for Television,False,Citizen X
1996,Best Television Limited Series or Motion Picture Made for Television,False,The Heidi Chronicles
1996,Best Television Limited Series or Motion Picture Made for Television,False,Serving in Silence: The Margarethe Cammermeyer Story
1996,Best Television Limited Series or Motion Picture Made for Television,False,Truman
1996,Best Performance by an Actress in a Limited Series or a Motion Picture Made for Television,True,A Streetcar Named Desire (1995)
1996,Best Performance by an Actress in a Limited Series or a Motion Picture Made for Television,False,Serving in Silence: The Margarethe Cammermeyer Story
1996,Best Performance by an Actress in a Limited Series or a Motion Picture Made for Television,False,The Heidi Chronicles
1996,Best Performance by an Actress in a Limited Series or a Motion Picture Made for Television,False,"Woman of Independent Means, A"
1996,Best Performance by an Actress in a Limited Series or a Motion Picture Made for Television,False,"Mother's Prayer, A"
1996,Best Performance by an Actor in a Limited Series or a Motion Picture Made for Television,True,Truman
1996,Best Performance by an Actor in a Limited Series or a Motion Picture Made for Television,False,A Streetcar Named Desire (1995)
1996,Best Performance by an Actor in a Limited Series or a Motion Picture Made for Television,False,"Piano Lesson, The"
1996,Best Performance by an Actor in a Limited Series or a Motion Picture Made for Television,False,"Tuskegee Airmen, The"
1996,Best Performance by an Actor in a Limited Series or a Motion Picture Made for Television,False,Indictment: The McMartin Trial
1996,Best Performance by an Actress In A Television Series - Drama,True,"Dr. Quinn, Medicine Woman"
1996,Best Performance by an Actress In A Television Series - Drama,False,Melrose Place
1996,Best Performance by an Actress In A Television Series - Drama,False,ER
1996,Best Performance by an Actress In A Television Series - Drama,False,"X-Files, The"
1996,Best Performance by an Actress In A Television Series - Drama,False,Picket Fences
1996,Best Performance by an Actor In A Television Series - Drama,True,NYPD Blue
1996,Best Performance by an Actor In A Television Series - Drama,False,Murder One
1996,Best Performance by an Actor In A Television Series - Drama,False,ER
1996,Best Performance by an Actor In A Television Series - Drama,False,"X-Files, The"
1996,Best Performance by an Actor In A Television Series - Drama,False,ER
1996,Best Performance by an Actress in a Television Series - Musical or Comedy,True,Cybill
1996,Best Performance by an Actress in a Television Series - Musical or Comedy,False,Murphy Brown
1996,Best Performance by an Actress in a Television Series - Musical or Comedy,False,Ellen
1996,Best Performance by an Actress in a Television Series - Musical or Comedy,False,"Nanny, The"
1996,Best Performance by an Actress in a Television Series - Musical or Comedy,False,Mad About You
1996,Best Performance by an Actor in a Television Series - Musical or Comedy,True,Frasier
1996,Best Performance by an Actor in a Television Series - Musical or Comedy,False,"Larry Sanders Show, The"
1996,Best Performance by an Actor in a Television Series - Musical or Comedy,False,Home Improvement
1996,Best Performance by an Actor in a Television Series - Musical or Comedy,False,Mad About You
1996,Best Performance by an Actor in a Television Series - Musical or Comedy,False,Seinfeld
1996,"Best Performance by an Actress in a Supporting Role in a Series, Limited Series or Motion Picture Made for Television",True,Indictment: The McMartin Trial
1996,"Best Performance by an Actress in a Supporting Role in a Series, Limited Series or Motion Picture Made for Television",False,ER
1996,"Best Performance by an Actress in a Supporting Role in a Series, Limited Series or Motion Picture Made for Television",False,Cybill
1996,"Best Performance by an Actress in a Supporting Role in a Series, Limited Series or Motion Picture Made for Television",False,Serving in Silence: The Margarethe Cammermeyer Story
1996,"Best Performance by an Actress in a Supporting Role in a Series, Limited Series or Motion Picture Made for Television",False,Buffalo Girls
1996,"Best Performance by an Actress in a Supporting Role in a Series, Limited Series or Motion Picture Made for Television",False,Friends
1996,"Best Performance by an Actor in a Supporting Role in a Series, Limited Series or Motion Picture Made for Television",True,Citizen X
1996,"Best Performance by an Actor in a Supporting Role in a Series, Limited Series or Motion Picture Made for Television",False,Buffalo Girls
1996,"Best Performance by an Actor in a Supporting Role in a Series, Limited Series or Motion Picture Made for Television",False,The Heidi Chronicles
1996,"Best Performance by an Actor in a Supporting Role in a Series, Limited Series or Motion Picture Made for Television",False,Frasier
1996,"Best Performance by an Actor in a Supporting Role in a Series, Limited Series or Motion Picture Made for Television",False,Indictment: The McMartin Trial
1996,Cecil B. deMille Award,False,Sean Connery
1997,Best Motion Picture - Drama,True,The English Patient
1997,Best Motion Picture - Drama,False,"People vs. Larry Flynt, The"
1997,Best Motion Picture - Drama,False,Secrets & Lies
1997,Best Motion Picture - Drama,False,Shine
1997,Best Motion Picture - Drama,False,Breaking the Waves
1997,Best Motion Picture - Musical or Comedy,True,Evita
1997,Best Motion Picture - Musical or Comedy,False,"Birdcage, The"
1997,Best Motion Picture - Musical or Comedy,False,Everyone Says I Love You
1997,Best Motion Picture - Musical or Comedy,False,Fargo
1997,Best Motion Picture - Musical or Comedy,False,Jerry Maguire
1997,Best Performance by an Actress in a Motion Picture - Drama,True,Secrets & Lies
1997,Best Performance by an Actress in a Motion Picture - Drama,False,"People vs. Larry Flynt, The"
1997,Best Performance by an Actress in a Motion Picture - Drama,False,The English Patient
1997,Best Performance by an Actress in a Motion Picture - Drama,False,Marvin's Room
1997,Best Performance by an Actress in a Motion Picture - Drama,False,Breaking the Waves
1997,Best Performance by an Actor in a Motion Picture - Drama,True,Shine
1997,Best Performance by an Actor in a Motion Picture - Drama,False,The English Patient
1997,Best Performance by an Actor in a Motion Picture - Drama,False,Ransom
1997,Best Performance by an Actor in a Motion Picture - Drama,False,"People vs. Larry Flynt, The"
1997,Best Performance by an Actor in a Motion Picture - Drama,False,Michael Collins
1997,Best Performance by an Actress in a Motion Picture - Musical or Comedy,True,Evita
1997,Best Performance by an Actress in a Motion Picture - Musical or Comedy,False,101 Dalmatians
1997,Best Performance by an Actress in a Motion Picture - Musical or Comedy,False,Fargo
1997,Best Performance by an Actress in a Motion Picture - Musical or Comedy,False,Mother
1997,Best Performance by an Actress in a Motion Picture - Musical or Comedy,False,The Mirror Has Two Faces
1997,Best Performance by an Actor in a Motion Picture - Musical or Comedy,True,Jerry Maguire
1997,Best Performance by an Actor in a Motion Picture - Musical or Comedy,False,Evita
1997,Best Performance by an Actor in a Motion Picture - Musical or Comedy,False,Tin Cup
1997,Best Performance by an Actor in a Motion Picture - Musical or Comedy,False,"Birdcage, The"
1997,Best Performance by an Actor in a Motion Picture - Musical or Comedy,False,"Nutty Professor, The"
1997,Best Performance by an Actress in a Supporting Role in any Motion Picture,True,The Mirror Has Two Faces
1997,Best Performance by an Actress in a Supporting Role in any Motion Picture,False,The English Patient
1997,Best Performance by an Actress in a Supporting Role in any Motion Picture,False,"Portrait of a Lady, The"
1997,Best Performance by an Actress in a Supporting Role in any Motion Picture,False,Secrets & Lies
1997,Best Performance by an Actress in a Supporting Role in any Motion Picture,False,"Evening Star, The"
1997,Best Performance by an Actress in a Supporting Role in any Motion Picture,False,"Crucible, The"
1997,Best Performance by an Actor in a Supporting Role in any Motion Picture,True,Primal Fear
1997,Best Performance by an Actor in a Supporting Role in any Motion Picture,False,Jerry Maguire
1997,Best Performance by an Actor in a Supporting Role in any Motion Picture,False,"Time to Kill, A"
1997,Best Performance by an Actor in a Supporting Role in any Motion Picture,False,"Crucible, The"
1997,Best Performance by an Actor in a Supporting Role in any Motion Picture,False,Ghosts of Mississippi
1997,Best Director - Motion Picture,True,"People vs. Larry Flynt, The"
1997,Best Director - Motion Picture,False,Fargo
1997,Best Director - Motion Picture,False,Shine
1997,Best Director - Motion Picture,False,The English Patient
1997,Best Director - Motion Picture,False,Evita
1997,Best Screenplay - Motion Picture,True,"People vs. Larry Flynt, The"
1997,Best Screenplay - Motion Picture,False,The English Patient
1997,Best Screenplay - Motion Picture,False,Fargo
1997,Best Screenplay - Motion Picture,False,Lone Star
1997,Best Screenplay - Motion Picture,False,Shine
1997,Best Motion Picture - Foreign Language,True,"Czech Republic, Jan Sverák"
1997,Best Motion Picture - Foreign Language,False,"Belgium, Jaco Van Dormael"
1997,Best Motion Picture - Foreign Language,False,"Italy, Maurizio Nichetti"
1997,Best Motion Picture - Foreign Language,False,"Russia, Sergei Bodrov"
1997,Best Motion Picture - Foreign Language,False,"France, Patrice Leconte"
1997,Best Original Score - Motion Picture,True,The English Patient
1997,Best Original Score - Motion Picture,False,Shine
1997,Best Original Score - Motion Picture,False,The Hunchback of Notre Dame
1997,Best Original Score - Motion Picture,False,Michael Collins
1997,Best Original Score - Motion Picture,False,The Mirror Has Two Faces
1997,Best Original Song - Motion Picture,True,Evita
1997,Best Original Song - Motion Picture,False,That Thing You Do!
1997,Best Original Song - Motion Picture,False,Up Close & Personal
1997,Best Original Song - Motion Picture,False,One Fine Day
1997,Best Original Song - Motion Picture,False,The Mirror Has Two Faces
1997,Best Television Series - Drama,True,"X-Files, The"
1997,Best Television Series - Drama,False,Chicago Hope
1997,Best Television Series - Drama,False,ER
1997,Best Television Series - Drama,False,NYPD Blue
1997,Best Television Series - Drama,False,Party of Five
1997,Best Television Series - Musical or Comedy,True,3rd Rock From The Sun
1997,Best Television Series - Musical or Comedy,False,Seinfeld
1997,Best Television Series - Musical or Comedy,False,Frasier
1997,Best Television Series - Musical or Comedy,False,Friends
1997,Best Television Series - Musical or Comedy,False,"Larry Sanders Show, The"
1997,Best Television Series - Musical or Comedy,False,Mad About You
1997,Best Television Limited Series or Motion Picture Made for Television,True,Rasputin
1997,Best Television Limited Series or Motion Picture Made for Television,False,Crime of the Century
1997,Best Television Limited Series or Motion Picture Made for Television,False,Gotti
1997,Best Television Limited Series or Motion Picture Made for Television,False,Hidden in America
1997,Best Television Limited Series or Motion Picture Made for Television,False,If These Walls Could Talk
1997,Best Television Limited Series or Motion Picture Made for Television,False,Losing Chase
1997,Best Performance by an Actress in a Limited Series or a Motion Picture Made for Television,True,Losing Chase
1997,Best Performance by an Actress in a Limited Series or a Motion Picture Made for Television,False,Norma Jean and Marilyn
1997,Best Performance by an Actress in a Limited Series or a Motion Picture Made for Television,False,If These Walls Could Talk
1997,Best Performance by an Actress in a Limited Series or a Motion Picture Made for Television,False,Crime of the Century
1997,Best Performance by an Actress in a Limited Series or a Motion Picture Made for Television,False,Norma Jean and Marilyn
1997,Best Performance by an Actor in a Limited Series or a Motion Picture Made for Television,True,Rasputin
1997,Best Performance by an Actor in a Limited Series or a Motion Picture Made for Television,False,Losing Chase
1997,Best Performance by an Actor in a Limited Series or a Motion Picture Made for Television,False,Crime of the Century
1997,Best Performance by an Actor in a Limited Series or a Motion Picture Made for Television,False,"Summer of Ben Tyler, The"
1997,Best Performance by an Actor in a Limited Series or a Motion Picture Made for Television,False,Gotti
1997,Best Performance by an Actress In A Television Series - Drama,True,"X-Files, The"
1997,Best Performance by an Actress In A Television Series - Drama,False,Chicago Hope
1997,Best Performance by an Actress In A Television Series - Drama,False,Melrose Place
1997,Best Performance by an Actress In A Television Series - Drama,False,"Dr. Quinn, Medicine Woman"
1997,Best Performance by an Actress In A Television Series - Drama,False,ER
1997,Best Performance by an Actor In A Television Series - Drama,True,"X-Files, The"
1997,Best Performance by an Actor In A Television Series - Drama,False,ER
1997,Best Performance by an Actor In A Television Series - Drama,False,ER
1997,Best Performance by an Actor In A Television Series - Drama,False,Millennium
1997,Best Performance by an Actor In A Television Series - Drama,False,NYPD Blue
1997,Best Performance by an Actress in a Television Series - Musical or Comedy,True,Mad About You
1997,Best Performance by an Actress in a Television Series - Musical or Comedy,False,Grace Under Fire
1997,Best Performance by an Actress in a Television Series - Musical or Comedy,False,"Nanny, The"
1997,Best Performance by an Actress in a Television Series - Musical or Comedy,False,Cybill
1997,Best Performance by an Actress in a Television Series - Musical or Comedy,False,Suddenly Susan
1997,Best Performance by an Actress in a Television Series - Musical or Comedy,False,Tracey Takes On
1997,Best Performance by an Actor in a Television Series - Musical or Comedy,True,3rd Rock From The Sun
1997,Best Performance by an Actor in a Television Series - Musical or Comedy,False,Home Improvement
1997,Best Performance by an Actor in a Television Series - Musical or Comedy,False,Spin City
1997,Best Performance by an Actor in a Television Series - Musical or Comedy,False,Frasier
1997,Best Performance by an Actor in a Television Series - Musical or Comedy,False,Mad About You
1997,"Best Performance by an Actress in a Supporting Role in a Series, Limited Series or Motion Picture Made for Television",True,"Late Shift, The"
1997,"Best Performance by an Actress in a Supporting Role in a Series, Limited Series or Motion Picture Made for Television",False,Cybill
1997,"Best Performance by an Actress in a Supporting Role in a Series, Limited Series or Motion Picture Made for Television",False,If These Walls Could Talk
1997,"Best Performance by an Actress in a Supporting Role in a Series, Limited Series or Motion Picture Made for Television",False,3rd Rock From The Sun
1997,"Best Performance by an Actress in a Supporting Role in a Series, Limited Series or Motion Picture Made for Television",False,Rasputin
1997,"Best Performance by an Actor in a Supporting Role in a Series, Limited Series or Motion Picture Made for Television",True,Rasputin
1997,"Best Performance by an Actor in a Supporting Role in a Series, Limited Series or Motion Picture Made for Television",False,Frasier
1997,"Best Performance by an Actor in a Supporting Role in a Series, Limited Series or Motion Picture Made for Television",False,Crime of the Century
1997,"Best Performance by an Actor in a Supporting Role in a Series, Limited Series or Motion Picture Made for Television",False,Gotti
1997,"Best Performance by an Actor in a Supporting Role in a Series, Limited Series or Motion Picture Made for Television",False,ER
1997,Cecil B. deMille Award,False,Dustin Hoffman
1998,Best Motion Picture - Drama,True,Titanic
1998,Best Motion Picture - Drama,False,"Boxer, The"
1998,Best Motion Picture - Drama,False,Good Will Hunting
1998,Best Motion Picture - Drama,False,L.A. Confidential
1998,Best Motion Picture - Drama,False,Amistad
1998,Best Motion Picture - Musical or Comedy,True,As Good as It Gets
1998,Best Motion Picture - Musical or Comedy,False,"Full Monty, The"
1998,Best Motion Picture - Musical or Comedy,False,Men in Black
1998,Best Motion Picture - Musical or Comedy,False,My Best Friend's Wedding
1998,Best Motion Picture - Musical or Comedy,False,Wag the Dog
1998,Best Performance by an Actress in a Motion Picture - Drama,True,Mrs. Brown
1998,Best Performance by an Actress in a Motion Picture - Drama,False,"Wings of the Dove, The"
1998,Best Performance by an Actress in a Motion Picture - Drama,False,Contact
1998,Best Performance by an Actress in a Motion Picture - Drama,False,A Thousand Acres
1998,Best Performance by an Actress in a Motion Picture - Drama,False,Titanic
1998,Best Performance by an Actor in a Motion Picture - Drama,True,Ulee's Gold
1998,Best Performance by an Actor in a Motion Picture - Drama,False,Good Will Hunting
1998,Best Performance by an Actor in a Motion Picture - Drama,False,"Boxer, The"
1998,Best Performance by an Actor in a Motion Picture - Drama,False,Titanic
1998,Best Performance by an Actor in a Motion Picture - Drama,False,Amistad
1998,Best Performance by an Actress in a Motion Picture - Musical or Comedy,True,As Good as It Gets
1998,Best Performance by an Actress in a Motion Picture - Musical or Comedy,False,Chasing Amy
1998,Best Performance by an Actress in a Motion Picture - Musical or Comedy,False,Jackie Brown
1998,Best Performance by an Actress in a Motion Picture - Musical or Comedy,False,Selena
1998,Best Performance by an Actress in a Motion Picture - Musical or Comedy,False,My Best Friend's Wedding
1998,Best Performance by an Actor in a Motion Picture - Musical or Comedy,True,As Good as It Gets
1998,Best Performance by an Actor in a Motion Picture - Musical or Comedy,False,In & Out
1998,Best Performance by an Actor in a Motion Picture - Musical or Comedy,False,Liar Liar
1998,Best Performance by an Actor in a Motion Picture - Musical or Comedy,False,Wag the Dog
1998,Best Performance by an Actor in a Motion Picture - Musical or Comedy,False,Jackie Brown
1998,Best Performance by an Actress in a Supporting Role in any Motion Picture,True,L.A. Confidential
1998,Best Performance by an Actress in a Supporting Role in any Motion Picture,False,In & Out
1998,Best Performance by an Actress in a Supporting Role in any Motion Picture,False,Boogie Nights
1998,Best Performance by an Actress in a Supporting Role in any Motion Picture,False,Titanic
1998,Best Performance by an Actress in a Supporting Role in any Motion Picture,False,"Ice Storm, The"
1998,Best Performance by an Actor in a Supporting Role in any Motion Picture,True,Boogie Nights
1998,Best Performance by an Actor in a Supporting Role in any Motion Picture,False,Good Will Hunting
1998,Best Performance by an Actor in a Supporting Role in any Motion Picture,False,My Best Friend's Wedding
1998,Best Performance by an Actor in a Supporting Role in any Motion Picture,False,Amistad
1998,Best Performance by an Actor in a Supporting Role in any Motion Picture,False,As Good as It Gets
1998,Best Performance by an Actor in a Supporting Role in any Motion Picture,False,John Grisham's The Rainmaker
1998,Best Director - Motion Picture,True,Titanic
1998,Best Director - Motion Picture,False,Amistad
1998,Best Director - Motion Picture,False,As Good as It Gets
1998,Best Director - Motion Picture,False,L.A. Confidential
1998,Best Director - Motion Picture,False,"Boxer, The"
1998,Best Screenplay - Motion Picture,True,Good Will Hunting
1998,Best Screenplay - Motion Picture,False,As Good as It Gets
1998,Best Screenplay - Motion Picture,False,L.A. Confidential
1998,Best Screenplay - Motion Picture,False,Titanic
1998,Best Screenplay - Motion Picture,False,Wag the Dog
1998,Best Motion Picture - Foreign Language,True,"Belgium, Alain Berliner"
1998,Best Motion Picture - Foreign Language,False,"France, Agnès Merlet"
1998,Best Motion Picture - Foreign Language,False,"Germany, Ivan Fíla"
1998,Best Motion Picture - Foreign Language,False,"Russia, Pavel Chukhray"
1998,Best Motion Picture - Foreign Language,False,"Italy, Pupi Avati"
1998,Best Original Score - Motion Picture,True,Titanic
1998,Best Original Score - Motion Picture,False,Gattaca
1998,Best Original Score - Motion Picture,False,Kundun
1998,Best Original Score - Motion Picture,False,L.A. Confidential
1998,Best Original Score - Motion Picture,False,Seven Years in Tibet
1998,Best Original Song - Motion Picture,True,Titanic
1998,Best Original Song - Motion Picture,False,Hercules
1998,Best Original Song - Motion Picture,False,Anastasia
1998,Best Original Song - Motion Picture,False,Anastasia
1998,Best Original Song - Motion Picture,False,Tomorrow Never Dies
1998,Best Television Series - Drama,True,"X-Files, The"
1998,Best Television Series - Drama,False,ER
1998,Best Television Series - Drama,False,Law & Order
1998,Best Television Series - Drama,False,NYPD Blue
1998,Best Television Series - Drama,False,Chicago Hope
1998,Best Television Series - Musical or Comedy,True,Ally McBeal
1998,Best Television Series - Musical or Comedy,False,Frasier
1998,Best Television Series - Musical or Comedy,False,Friends
1998,Best Television Series - Musical or Comedy,False,Seinfeld
1998,Best Television Series - Musical or Comedy,False,Spin City
1998,Best Television Series - Musical or Comedy,False,3rd Rock From The Sun
1998,Best Television Limited Series or Motion Picture Made for Television,True,George Wallace
1998,Best Television Limited Series or Motion Picture Made for Television,False,Don King: Only In America
1998,Best Television Limited Series or Motion Picture Made for Television,False,Miss Evers' Boys
1998,Best Television Limited Series or Motion Picture Made for Television,False,The Odyssey
1998,Best Television Limited Series or Motion Picture Made for Television,False,12 Angry Men (TV-1997)
1998,Best Performance by an Actress in a Limited Series or a Motion Picture Made for Television,True,Miss Evers' Boys
1998,Best Performance by an Actress in a Limited Series or a Motion Picture Made for Television,False,Before Women Had Wings
1998,Best Performance by an Actress in a Limited Series or a Motion Picture Made for Television,False,Hope
1998,Best Performance by an Actress in a Limited Series or a Motion Picture Made for Television,False,Bella Mafia
1998,Best Performance by an Actress in a Limited Series or a Motion Picture Made for Television,False,First Do No Harm
1998,Best Performance by an Actor in a Limited Series or a Motion Picture Made for Television,True,Don King: Only In America
1998,Best Performance by an Actor in a Limited Series or a Motion Picture Made for Television,False,The Odyssey
1998,Best Performance by an Actor in a Limited Series or a Motion Picture Made for Television,False,12 Angry Men (TV-1997)
1998,Best Performance by an Actor in a Limited Series or a Motion Picture Made for Television,False,What the Deaf Man Heard
1998,Best Performance by an Actor in a Limited Series or a Motion Picture Made for Television,False,George Wallace
1998,Best Performance by an Actress In A Television Series - Drama,True,Chicago Hope
1998,Best Performance by an Actress In A Television Series - Drama,False,"X-Files, The"
1998,Best Performance by an Actress In A Television Series - Drama,False,NYPD Blue
1998,Best Performance by an Actress In A Television Series - Drama,False,Touched By an Angel
1998,Best Performance by an Actress In A Television Series - Drama,False,ER
1998,Best Performance by an Actor In A Television Series - Drama,True,ER
1998,Best Performance by an Actor In A Television Series - Drama,False,ER
1998,Best Performance by an Actor In A Television Series - Drama,False,Nothing Sacred
1998,Best Performance by an Actor In A Television Series - Drama,False,"X-Files, The"
1998,Best Performance by an Actor In A Television Series - Drama,False,Millennium
1998,Best Performance by an Actress in a Television Series - Musical or Comedy,True,Ally McBeal
1998,Best Performance by an Actress in a Television Series - Musical or Comedy,False,Veronica's Closet
1998,Best Performance by an Actress in a Television Series - Musical or Comedy,False,Ellen
1998,Best Performance by an Actress in a Television Series - Musical or Comedy,False,Dharma & Greg
1998,Best Performance by an Actress in a Television Series - Musical or Comedy,False,Mad About You
1998,Best Performance by an Actress in a Television Series - Musical or Comedy,False,Suddenly Susan
1998,Best Performance by an Actor in a Television Series - Musical or Comedy,True,Spin City
1998,Best Performance by an Actor in a Television Series - Musical or Comedy,False,Frasier
1998,Best Performance by an Actor in a Television Series - Musical or Comedy,False,3rd Rock From The Sun
1998,Best Performance by an Actor in a Television Series - Musical or Comedy,False,Mad About You
1998,Best Performance by an Actor in a Television Series - Musical or Comedy,False,Seinfeld
1998,"Best Performance by an Actress in a Supporting Role in a Series, Limited Series or Motion Picture Made for Television",True,George Wallace
1998,"Best Performance by an Actress in a Supporting Role in a Series, Limited Series or Motion Picture Made for Television",False,Ellen
1998,"Best Performance by an Actress in a Supporting Role in a Series, Limited Series or Motion Picture Made for Television",False,Touched By an Angel
1998,"Best Performance by an Actress in a Supporting Role in a Series, Limited Series or Motion Picture Made for Television",False,ER
1998,"Best Performance by an Actress in a Supporting Role in a Series, Limited Series or Motion Picture Made for Television",False,George Wallace
1998,"Best Performance by an Actor in a Supporting Role in a Series, Limited Series or Motion Picture Made for Television",True,12 Angry Men (TV-1997)
1998,"Best Performance by an Actor in a Supporting Role in a Series, Limited Series or Motion Picture Made for Television",False,Seinfeld
1998,"Best Performance by an Actor in a Supporting Role in a Series, Limited Series or Motion Picture Made for Television",False,Mandela and De Klerk
1998,"Best Performance by an Actor in a Supporting Role in a Series, Limited Series or Motion Picture Made for Television",False,Frasier
1998,"Best Performance by an Actor in a Supporting Role in a Series, Limited Series or Motion Picture Made for Television",False,ER
1998,"Best Performance by an Actor in a Supporting Role in a Series, Limited Series or Motion Picture Made for Television",False,ER
1998,Cecil B. deMille Award,False,Shirley MacLaine
1999,Best Motion Picture - Drama,True,Saving Private Ryan
1999,Best Motion Picture - Drama,False,Gods and Monsters
1999,Best Motion Picture - Drama,False,"Horse Whisperer, The"
1999,Best Motion Picture - Drama,False,The Truman Show
1999,Best Motion Picture - Drama,False,Elizabeth
1999,Best Motion Picture - Musical or Comedy,True,Shakespeare in Love
1999,Best Motion Picture - Musical or Comedy,False,Bulworth
1999,Best Motion Picture - Musical or Comedy,False,"Mask of Zorro, The"
1999,Best Motion Picture - Musical or Comedy,False,Patch Adams
1999,Best Motion Picture - Musical or Comedy,False,Still Crazy
1999,Best Motion Picture - Musical or Comedy,False,There's Something About Mary
1999,Best Performance by an Actress in a Motion Picture - Drama,True,Elizabeth
1999,Best Performance by an Actress in a Motion Picture - Drama,False,Central Station
1999,Best Performance by an Actress in a Motion Picture - Drama,False,Stepmom
1999,Best Performance by an Actress in a Motion Picture - Drama,False,One True Thing
1999,Best Performance by an Actress in a Motion Picture - Drama,False,Hilary and Jackie
1999,Best Performance by an Actor in a Motion Picture - Drama,True,The Truman Show
1999,Best Performance by an Actor in a Motion Picture - Drama,False,Wilde
1999,Best Performance by an Actor in a Motion Picture - Drama,False,Saving Private Ryan
1999,Best Performance by an Actor in a Motion Picture - Drama,False,Gods and Monsters
1999,Best Performance by an Actor in a Motion Picture - Drama,False,Affliction
1999,Best Performance by an Actress in a Motion Picture - Musical or Comedy,True,Shakespeare in Love
1999,Best Performance by an Actress in a Motion Picture - Musical or Comedy,False,You've Got Mail
1999,Best Performance by an Actress in a Motion Picture - Musical or Comedy,False,There's Something About Mary
1999,Best Performance by an Actress in a Motion Picture - Musical or Comedy,False,Little Voice
1999,Best Performance by an Actress in a Motion Picture - Musical or Comedy,False,"Opposite of Sex, The"
1999,Best Performance by an Actor in a Motion Picture - Musical or Comedy,True,Little Voice
1999,Best Performance by an Actor in a Motion Picture - Musical or Comedy,False,"Mask of Zorro, The"
1999,Best Performance by an Actor in a Motion Picture - Musical or Comedy,False,Bulworth
1999,Best Performance by an Actor in a Motion Picture - Musical or Comedy,False,Primary Colors
1999,Best Performance by an Actor in a Motion Picture - Musical or Comedy,False,Patch Adams
1999,Best Performance by an Actress in a Supporting Role in any Motion Picture,True,Gods and Monsters
1999,Best Performance by an Actress in a Supporting Role in any Motion Picture,False,Primary Colors
1999,Best Performance by an Actress in a Supporting Role in any Motion Picture,False,Little Voice
1999,Best Performance by an Actress in a Supporting Role in any Motion Picture,False,Shakespeare in Love
1999,Best Performance by an Actress in a Supporting Role in any Motion Picture,False,The Mighty
1999,Best Performance by an Actor in a Supporting Role in any Motion Picture,True,The Truman Show
1999,Best Performance by an Actor in a Supporting Role in any Motion Picture,False,"Civil Action, A"
1999,Best Performance by an Actor in a Supporting Role in any Motion Picture,False,Rushmore
1999,Best Performance by an Actor in a Supporting Role in any Motion Picture,False,Shakespeare in Love
1999,Best Performance by an Actor in a Supporting Role in any Motion Picture,False,Without Limits
1999,Best Performance by an Actor in a Supporting Role in any Motion Picture,False,"Simple Plan, a"
1999,Best Director - Motion Picture,True,Saving Private Ryan
1999,Best Director - Motion Picture,False,Elizabeth
1999,Best Director - Motion Picture,False,Shakespeare in Love
1999,Best Director - Motion Picture,False,"Horse Whisperer, The"
1999,Best Director - Motion Picture,False,The Truman Show
1999,Best Screenplay - Motion Picture,True,Shakespeare in Love
1999,Best Screenplay - Motion Picture,False,Bulworth
1999,Best Screenplay - Motion Picture,False,Happiness
1999,Best Screenplay - Motion Picture,False,Saving Private Ryan
1999,Best Screenplay - Motion Picture,False,The Truman Show
1999,Best Motion Picture - Foreign Language,True,"Brazil, Walter Salles"
1999,Best Motion Picture - Foreign Language,False,"United States, John Sayles"
1999,Best Motion Picture - Foreign Language,False,"Netherlands, Karim Traïdia"
1999,Best Motion Picture - Foreign Language,False,"Argentina, Carlos Saura"
1999,Best Motion Picture - Foreign Language,False,"Denmark, Thomas Vinterberg"
1999,Best Original Score - Motion Picture,True,The Truman Show
1999,Best Original Score - Motion Picture,False,Mulan
1999,Best Original Score - Motion Picture,False,Saving Private Ryan
1999,Best Original Score - Motion Picture,False,A Bug's Life
1999,Best Original Score - Motion Picture,False,The Prince of Egypt
1999,Best Original Song - Motion Picture,True,Quest For Camelot: The Magic Sword
1999,Best Original Song - Motion Picture,False,The Mighty
1999,Best Original Song - Motion Picture,False,The Prince of Egypt
1999,Best Original Song - Motion Picture,False,City of Angels
1999,Best Original Song - Motion Picture,False,Mulan
1999,Best Original Song - Motion Picture,False,Still Crazy
1999,Best Television Series - Drama,True,"Practice, The"
1999,Best Television Series - Drama,False,Law & Order
1999,Best Television Series - Drama,False,"X-Files, The"
1999,Best Television Series - Drama,False,ER
1999,Best Television Series - Drama,False,Felicity
1999,Best Television Series - Musical or Comedy,True,Ally McBeal
1999,Best Television Series - Musical or Comedy,False,Dharma & Greg
1999,Best Television Series - Musical or Comedy,False,Frasier
1999,Best Television Series - Musical or Comedy,False,Just Shoot Me!
1999,Best Television Series - Musical or Comedy,False,Spin City
1999,Best Television Limited Series or Motion Picture Made for Television,True,From the Earth to the Moon
1999,Best Television Limited Series or Motion Picture Made for Television,False,The Temptations
1999,Best Television Limited Series or Motion Picture Made for Television,False,The Baby Dance
1999,Best Television Limited Series or Motion Picture Made for Television,False,Gia
1999,Best Television Limited Series or Motion Picture Made for Television,False,Merlin
1999,Best Performance by an Actress in a Limited Series or a Motion Picture Made for Television,True,Gia
1999,Best Performance by an Actress in a Limited Series or a Motion Picture Made for Television,False,Life of the Party: The Pamela Harriman Story
1999,Best Performance by an Actress in a Limited Series or a Motion Picture Made for Television,False,The Baby Dance
1999,Best Performance by an Actress in a Limited Series or a Motion Picture Made for Television,False,The Baby Dance
1999,Best Performance by an Actress in a Limited Series or a Motion Picture Made for Television,False,Merlin
1999,Best Performance by an Actor in a Limited Series or a Motion Picture Made for Television,True,Winchell
1999,Best Performance by an Actor in a Limited Series or a Motion Picture Made for Television,False,"Tempest, The"
1999,Best Performance by an Actor in a Limited Series or a Motion Picture Made for Television,False,Merlin
1999,Best Performance by an Actor in a Limited Series or a Motion Picture Made for Television,False,"Bright Shining Lie, a"
1999,Best Performance by an Actor in a Limited Series or a Motion Picture Made for Television,False,Rear Window
1999,Best Performance by an Actor in a Limited Series or a Motion Picture Made for Television,False,Moby Dick
1999,Best Performance by an Actress In A Television Series - Drama,True,Felicity
1999,Best Performance by an Actress In A Television Series - Drama,False,"X-Files, The"
1999,Best Performance by an Actress In A Television Series - Drama,False,NYPD Blue
1999,Best Performance by an Actress In A Television Series - Drama,False,Touched By an Angel
1999,Best Performance by an Actress In A Television Series - Drama,False,ER
1999,Best Performance by an Actor In A Television Series - Drama,True,"Practice, The"
1999,Best Performance by an Actor In A Television Series - Drama,False,NYPD Blue
1999,Best Performance by an Actor In A Television Series - Drama,False,"X-Files, The"
1999,Best Performance by an Actor In A Television Series - Drama,False,ER
1999,Best Performance by an Actor In A Television Series - Drama,False,Millennium
1999,Best Performance by an Actress in a Television Series - Musical or Comedy,True,Dharma & Greg
1999,Best Performance by an Actress in a Television Series - Musical or Comedy,False,Jesse
1999,Best Performance by an Actress in a Television Series - Musical or Comedy,False,Ally McBeal
1999,Best Performance by an Actress in a Television Series - Musical or Comedy,False,Sex and The City
1999,Best Performance by an Actress in a Television Series - Musical or Comedy,False,Just Shoot Me!
1999,Best Performance by an Actor in a Television Series - Musical or Comedy,True,Spin City
1999,Best Performance by an Actor in a Television Series - Musical or Comedy,False,Frasier
1999,Best Performance by an Actor in a Television Series - Musical or Comedy,False,3rd Rock From The Sun
1999,Best Performance by an Actor in a Television Series - Musical or Comedy,False,Just Shoot Me!
1999,Best Performance by an Actor in a Television Series - Musical or Comedy,False,Dharma & Greg
1999,"Best Performance by an Actress in a Supporting Role in a Series, Limited Series or Motion Picture Made for Television",True,Gia
1999,"Best Performance by an Actress in a Supporting Role in a Series, Limited Series or Motion Picture Made for Television",True,"Practice, The"
1999,"Best Performance by an Actress in a Supporting Role in a Series, Limited Series or Motion Picture Made for Television",False,Ally McBeal
1999,"Best Performance by an Actress in a Supporting Role in a Series, Limited Series or Motion Picture Made for Television",False,Just Shoot Me!
1999,"Best Performance by an Actress in a Supporting Role in a Series, Limited Series or Motion Picture Made for Television",False,Dharma & Greg
1999,"Best Performance by an Actress in a Supporting Role in a Series, Limited Series or Motion Picture Made for Television",False,Merlin
1999,"Best Performance by an Actor in a Supporting Role in a Series, Limited Series or Motion Picture Made for Television",True,"Rat Pack, The"
1999,"Best Performance by an Actor in a Supporting Role in a Series, Limited Series or Motion Picture Made for Television",True,Moby Dick
1999,"Best Performance by an Actor in a Supporting Role in a Series, Limited Series or Motion Picture Made for Television",False,"Rat Pack, The"
1999,"Best Performance by an Actor in a Supporting Role in a Series, Limited Series or Motion Picture Made for Television",False,Just Shoot Me!
1999,"Best Performance by an Actor in a Supporting Role in a Series, Limited Series or Motion Picture Made for Television",False,ER
1999,Cecil B. deMille Award,False,Jack Nicholson
2000,Best Motion Picture - Drama,True,American Beauty
2000,Best Motion Picture - Drama,False,The End of the Affair
2000,Best Motion Picture - Drama,False,"Hurricane, The"
2000,Best Motion Picture - Drama,False,The Insider
2000,Best Motion Picture - Drama,False,The Talented Mr. Ripley
2000,Best Motion Picture - Musical or Comedy,True,Toy Story 2
2000,Best Motion Picture - Musical or Comedy,False,Being John Malkovich
2000,Best Motion Picture - Musical or Comedy,False,Man on the Moon
2000,Best Motion Picture - Musical or Comedy,False,Notting Hill
2000,Best Motion Picture - Musical or Comedy,False,Analyze This
2000,Best Performance by an Actress in a Motion Picture - Drama,True,Boys Don't Cry
2000,Best Performance by an Actress in a Motion Picture - Drama,False,The End of the Affair
2000,Best Performance by an Actress in a Motion Picture - Drama,False,Music of the Heart
2000,Best Performance by an Actress in a Motion Picture - Drama,False,"Map of the World, A"
2000,Best Performance by an Actress in a Motion Picture - Drama,False,American Beauty
2000,Best Performance by an Actor in a Motion Picture - Drama,True,"Hurricane, The"
2000,Best Performance by an Actor in a Motion Picture - Drama,False,The Insider
2000,Best Performance by an Actor in a Motion Picture - Drama,False,The Talented Mr. Ripley
2000,Best Performance by an Actor in a Motion Picture - Drama,False,The Straight Story
2000,Best Performance by an Actor in a Motion Picture - Drama,False,American Beauty
2000,Best Performance by an Actress in a Motion Picture - Musical or Comedy,True,Tumbleweeds
2000,Best Performance by an Actress in a Motion Picture - Musical or Comedy,False,"Ideal Husband, An"
2000,Best Performance by an Actress in a Motion Picture - Musical or Comedy,False,Notting Hill
2000,Best Performance by an Actress in a Motion Picture - Musical or Comedy,False,"Muse, The"
2000,Best Performance by an Actress in a Motion Picture - Musical or Comedy,False,Election
2000,Best Performance by an Actor in a Motion Picture - Musical or Comedy,True,Man on the Moon
2000,Best Performance by an Actor in a Motion Picture - Musical or Comedy,False,Sweet and Lowdown
2000,Best Performance by an Actor in a Motion Picture - Musical or Comedy,False,Analyze This
2000,Best Performance by an Actor in a Motion Picture - Musical or Comedy,False,"Ideal Husband, An"
2000,Best Performance by an Actor in a Motion Picture - Musical or Comedy,False,Notting Hill
2000,Best Performance by an Actress in a Supporting Role in any Motion Picture,True,"Girl, Interrupted"
2000,Best Performance by an Actress in a Supporting Role in any Motion Picture,False,Being John Malkovich
2000,Best Performance by an Actress in a Supporting Role in any Motion Picture,False,Being John Malkovich
2000,Best Performance by an Actress in a Supporting Role in any Motion Picture,False,Sweet and Lowdown
2000,Best Performance by an Actress in a Supporting Role in any Motion Picture,False,Anywhere But Here
2000,Best Performance by an Actress in a Supporting Role in any Motion Picture,False,Boys Don't Cry
2000,Best Performance by an Actor in a Supporting Role in any Motion Picture,True,Magnolia
2000,Best Performance by an Actor in a Supporting Role in any Motion Picture,False,"Sixth Sense, The"
2000,Best Performance by an Actor in a Supporting Role in any Motion Picture,False,"Cider House Rules, The"
2000,Best Performance by an Actor in a Supporting Role in any Motion Picture,False,"Green Mile, The"
2000,Best Performance by an Actor in a Supporting Role in any Motion Picture,False,The Talented Mr. Ripley
2000,Best Director - Motion Picture,True,American Beauty
2000,Best Director - Motion Picture,False,"Hurricane, The"
2000,Best Director - Motion Picture,False,The End of the Affair
2000,Best Director - Motion Picture,False,The Insider
2000,Best Director - Motion Picture,False,The Talented Mr. Ripley
2000,Best Screenplay - Motion Picture,True,American Beauty
2000,Best Screenplay - Motion Picture,False,The Insider
2000,Best Screenplay - Motion Picture,False,"Sixth Sense, The"
2000,Best Screenplay - Motion Picture,False,Being John Malkovich
2000,Best Screenplay - Motion Picture,False,"Cider House Rules, The"
2000,Best Motion Picture - Foreign Language,True,"Spain, Pedro Almodóvar"
2000,Best Motion Picture - Foreign Language,False,"Germany, François Girard"
2000,Best Motion Picture - Foreign Language,False,"France, Régis Wargnier"
2000,Best Motion Picture - Foreign Language,False,"France, Patrice Leconte"
2000,Best Motion Picture - Foreign Language,False,"Canada, François Girard"
2000,Best Original Score - Motion Picture,True,The Legend of 1900
2000,Best Original Score - Motion Picture,False,Angela's Ashes
2000,Best Original Score - Motion Picture,False,Anna and the King
2000,Best Original Score - Motion Picture,False,The End of the Affair
2000,Best Original Score - Motion Picture,False,Eyes Wide Shut
2000,Best Original Score - Motion Picture,False,The Insider
2000,Best Original Score - Motion Picture,False,The Straight Story
2000,Best Original Score - Motion Picture,False,The Talented Mr. Ripley
2000,Best Original Score - Motion Picture,False,American Beauty
2000,Best Original Song - Motion Picture,True,Tarzan
2000,Best Original Song - Motion Picture,False,Toy Story 2
2000,Best Original Song - Motion Picture,False,Austin Powers: The Spy Who Shagged Me
2000,Best Original Song - Motion Picture,False,Anna and the King
2000,Best Original Song - Motion Picture,False,Magnolia
2000,Best Television Series - Drama,True,"Sopranos, The"
2000,Best Television Series - Drama,False,ER
2000,Best Television Series - Drama,False,Once and Again
2000,Best Television Series - Drama,False,"Practice, The"
2000,Best Television Series - Drama,False,"West Wing, The"
2000,Best Television Series - Musical or Comedy,True,Sex and The City
2000,Best Television Series - Musical or Comedy,False,Ally McBeal
2000,Best Television Series - Musical or Comedy,False,Dharma & Greg
2000,Best Television Series - Musical or Comedy,False,Spin City
2000,Best Television Series - Musical or Comedy,False,Will & Grace
2000,Best Television Limited Series or Motion Picture Made for Television,True,RKO 281
2000,Best Television Limited Series or Motion Picture Made for Television,False,Dash and Lilly
2000,Best Television Limited Series or Motion Picture Made for Television,False,Introducing Dorothy Dandridge
2000,Best Television Limited Series or Motion Picture Made for Television,False,Joan of Arc
2000,Best Television Limited Series or Motion Picture Made for Television,False,Witness Protection
2000,Best Performance by an Actress in a Limited Series or a Motion Picture Made for Television,True,Introducing Dorothy Dandridge
2000,Best Performance by an Actress in a Limited Series or a Motion Picture Made for Television,False,Dash and Lilly
2000,Best Performance by an Actress in a Limited Series or a Motion Picture Made for Television,False,Forget Me Never
2000,Best Performance by an Actress in a Limited Series or a Motion Picture Made for Television,False,"Passion of Ayn Rand, The"
2000,Best Performance by an Actress in a Limited Series or a Motion Picture Made for Television,False,Joan of Arc
2000,Best Performance by an Actor in a Limited Series or a Motion Picture Made for Television,True,Inherit the Wind (TV - 1999)
2000,Best Performance by an Actor in a Limited Series or a Motion Picture Made for Television,False,RKO 281
2000,Best Performance by an Actor in a Limited Series or a Motion Picture Made for Television,False,Dash and Lilly
2000,Best Performance by an Actor in a Limited Series or a Motion Picture Made for Television,False,Witness Protection
2000,Best Performance by an Actor in a Limited Series or a Motion Picture Made for Television,False,Tuesdays with Morrie
2000,Best Performance by an Actress In A Television Series - Drama,True,"Sopranos, The"
2000,Best Performance by an Actress In A Television Series - Drama,False,Judging Amy
2000,Best Performance by an Actress In A Television Series - Drama,False,ER
2000,Best Performance by an Actress In A Television Series - Drama,False,Once and Again
2000,Best Performance by an Actress In A Television Series - Drama,False,"Sopranos, The"
2000,Best Performance by an Actor In A Television Series - Drama,True,"Sopranos, The"
2000,Best Performance by an Actor In A Television Series - Drama,False,Once and Again
2000,Best Performance by an Actor In A Television Series - Drama,False,"West Wing, The"
2000,Best Performance by an Actor In A Television Series - Drama,False,"Practice, The"
2000,Best Performance by an Actor In A Television Series - Drama,False,"West Wing, The"
2000,Best Performance by an Actress in a Television Series - Musical or Comedy,True,Sex and The City
2000,Best Performance by an Actress in a Television Series - Musical or Comedy,False,Dharma & Greg
2000,Best Performance by an Actress in a Television Series - Musical or Comedy,False,Ally McBeal
2000,Best Performance by an Actress in a Television Series - Musical or Comedy,False,Sports Night
2000,Best Performance by an Actress in a Television Series - Musical or Comedy,False,Spin City
2000,Best Performance by an Actress in a Television Series - Musical or Comedy,False,Will & Grace
2000,Best Performance by an Actor in a Television Series - Musical or Comedy,True,Spin City
2000,Best Performance by an Actor in a Television Series - Musical or Comedy,False,Everybody Loves Raymond
2000,Best Performance by an Actor in a Television Series - Musical or Comedy,False,Just Shoot Me!
2000,Best Performance by an Actor in a Television Series - Musical or Comedy,False,Dharma & Greg
2000,Best Performance by an Actor in a Television Series - Musical or Comedy,False,Will & Grace
2000,"Best Performance by an Actress in a Supporting Role in a Series, Limited Series or Motion Picture Made for Television",True,"Sopranos, The"
2000,"Best Performance by an Actress in a Supporting Role in a Series, Limited Series or Motion Picture Made for Television",False,Sex and The City
2000,"Best Performance by an Actress in a Supporting Role in a Series, Limited Series or Motion Picture Made for Television",False,RKO 281
2000,"Best Performance by an Actress in a Supporting Role in a Series, Limited Series or Motion Picture Made for Television",False,Sex and The City
2000,"Best Performance by an Actress in a Supporting Role in a Series, Limited Series or Motion Picture Made for Television",False,"Big Brass Ring, The"
2000,"Best Performance by an Actress in a Supporting Role in a Series, Limited Series or Motion Picture Made for Television",False,Annie (2000)
2000,"Best Performance by an Actress in a Supporting Role in a Series, Limited Series or Motion Picture Made for Television",False,Joan of Arc
2000,"Best Performance by an Actor in a Supporting Role in a Series, Limited Series or Motion Picture Made for Television",True,"Passion of Ayn Rand, The"
2000,"Best Performance by an Actor in a Supporting Role in a Series, Limited Series or Motion Picture Made for Television",False,Introducing Dorothy Dandridge
2000,"Best Performance by an Actor in a Supporting Role in a Series, Limited Series or Motion Picture Made for Television",False,Will & Grace
2000,"Best Performance by an Actor in a Supporting Role in a Series, Limited Series or Motion Picture Made for Television",False,Sex and The City
2000,"Best Performance by an Actor in a Supporting Role in a Series, Limited Series or Motion Picture Made for Television",False,Joan of Arc
2000,"Best Performance by an Actor in a Supporting Role in a Series, Limited Series or Motion Picture Made for Television",False,Just Shoot Me!
2000,Cecil B. deMille Award,False,Barbra Streisand
2001,Best Motion Picture - Drama,True,Gladiator
2001,Best Motion Picture - Drama,False,Billy Elliot
2001,Best Motion Picture - Drama,False,Erin Brockovich
2001,Best Motion Picture - Drama,False,Sunshine
2001,Best Motion Picture - Drama,False,Traffic
2001,Best Motion Picture - Drama,False,Wonder Boys
2001,Best Motion Picture - Musical or Comedy,True,Almost Famous
2001,Best Motion Picture - Musical or Comedy,False,"O Brother, Where Art Thou?"
2001,Best Motion Picture - Musical or Comedy,False,Best in Show
2001,Best Motion Picture - Musical or Comedy,False,Chicken Run
2001,Best Motion Picture - Musical or Comedy,False,Chocolat
2001,Best Performance by an Actress in a Motion Picture - Drama,True,Erin Brockovich
2001,Best Performance by an Actress in a Motion Picture - Drama,False,You Can Count On Me
2001,Best Performance by an Actress in a Motion Picture - Drama,False,"Contender, The"
2001,Best Performance by an Actress in a Motion Picture - Drama,False,Dancer In The Dark
2001,Best Performance by an Actress in a Motion Picture - Drama,False,Requiem For a Dream
2001,Best Performance by an Actor in a Motion Picture - Drama,True,Cast Away
2001,Best Performance by an Actor in a Motion Picture - Drama,False,Before Night Falls
2001,Best Performance by an Actor in a Motion Picture - Drama,False,Gladiator
2001,Best Performance by an Actor in a Motion Picture - Drama,False,Wonder Boys
2001,Best Performance by an Actor in a Motion Picture - Drama,False,Quills
2001,Best Performance by an Actress in a Motion Picture - Musical or Comedy,True,Nurse Betty
2001,Best Performance by an Actress in a Motion Picture - Musical or Comedy,False,Chocolat
2001,Best Performance by an Actress in a Motion Picture - Musical or Comedy,False,Saving Grace
2001,Best Performance by an Actress in a Motion Picture - Musical or Comedy,False,Miss Congeniality
2001,Best Performance by an Actress in a Motion Picture - Musical or Comedy,False,Small Time Crooks
2001,Best Performance by an Actor in a Motion Picture - Musical or Comedy,True,"O Brother, Where Art Thou?"
2001,Best Performance by an Actor in a Motion Picture - Musical or Comedy,False,What Women Want
2001,Best Performance by an Actor in a Motion Picture - Musical or Comedy,False,Dr. Seuss' How The Grinch Stole Christmas!
2001,Best Performance by an Actor in a Motion Picture - Musical or Comedy,False,High Fidelity
2001,Best Performance by an Actor in a Motion Picture - Musical or Comedy,False,Meet The Parents
2001,Best Performance by an Actress in a Supporting Role in any Motion Picture,True,Almost Famous
2001,Best Performance by an Actress in a Supporting Role in any Motion Picture,False,Chocolat
2001,Best Performance by an Actress in a Supporting Role in any Motion Picture,False,Almost Famous
2001,Best Performance by an Actress in a Supporting Role in any Motion Picture,False,Billy Elliot
2001,Best Performance by an Actress in a Supporting Role in any Motion Picture,False,Traffic
2001,Best Performance by an Actor in a Supporting Role in any Motion Picture,True,Traffic
2001,Best Performance by an Actor in a Supporting Role in any Motion Picture,False,"Contender, The"
2001,Best Performance by an Actor in a Supporting Role in any Motion Picture,False,Shadow of the Vampire
2001,Best Performance by an Actor in a Supporting Role in any Motion Picture,False,Erin Brockovich
2001,Best Performance by an Actor in a Supporting Role in any Motion Picture,False,Gladiator
2001,Best Director - Motion Picture,True,"Crouching Tiger, Hidden Dragon"
2001,Best Director - Motion Picture,False,Gladiator
2001,Best Director - Motion Picture,False,Erin Brockovich
2001,Best Director - Motion Picture,False,Traffic
2001,Best Director - Motion Picture,False,Sunshine
2001,Best Screenplay - Motion Picture,True,Traffic
2001,Best Screenplay - Motion Picture,False,Almost Famous
2001,Best Screenplay - Motion Picture,False,Quills
2001,Best Screenplay - Motion Picture,False,Wonder Boys
2001,Best Screenplay - Motion Picture,False,You Can Count On Me
2001,Best Motion Picture - Foreign Language,True,"Taiwan, Ang Lee, Li-Kong Hsu, William Kong"
2001,Best Motion Picture - Foreign Language,False,"Italy, Marco Tullio Giordana"
2001,Best Motion Picture - Foreign Language,False,"Mexico, Alejandro González Iñárritu"
2001,Best Motion Picture - Foreign Language,False,"Italy, Giuseppe Tornatore"
2001,Best Motion Picture - Foreign Language,False,"France, Patrice Leconte"
2001,Best Original Score - Motion Picture,True,Gladiator
2001,Best Original Score - Motion Picture,True,Gladiator
2001,Best Original Score - Motion Picture,False,Chocolat
2001,Best Original Score - Motion Picture,False,"Crouching Tiger, Hidden Dragon"
2001,Best Original Score - Motion Picture,False,Malèna
2001,Best Original Score - Motion Picture,False,Sunshine
2001,Best Original Score - Motion Picture,False,All The Pretty Horses
2001,Best Original Song - Motion Picture,True,Wonder Boys
2001,Best Original Song - Motion Picture,False,Dancer In The Dark
2001,Best Original Song - Motion Picture,False,The Emperor's New Groove
2001,Best Original Song - Motion Picture,False,Miss Congeniality
2001,Best Original Song - Motion Picture,False,Frequency
2001,Best Television Series - Drama,True,"West Wing, The"
2001,Best Television Series - Drama,False,C. S. I.: Crime Scene Investigation
2001,Best Television Series - Drama,False,ER
2001,Best Television Series - Drama,False,"Practice, The"
2001,Best Television Series - Drama,False,"Sopranos, The"
2001,Best Television Series - Musical or Comedy,True,Sex and The City
2001,Best Television Series - Musical or Comedy,False,Frasier
2001,Best Television Series - Musical or Comedy,False,Malcolm In The Middle
2001,Best Television Series - Musical or Comedy,False,Will & Grace
2001,Best Television Series - Musical or Comedy,False,Ally McBeal
2001,Best Television Limited Series or Motion Picture Made for Television,True,Dirty Pictures
2001,Best Television Limited Series or Motion Picture Made for Television,False,Fail Safe
2001,Best Television Limited Series or Motion Picture Made for Television,False,For Love or Country: The Arturo Sandoval Story
2001,Best Television Limited Series or Motion Picture Made for Television,False,Nuremberg
2001,Best Television Limited Series or Motion Picture Made for Television,False,On the Beach (2000)
2001,Best Performance by an Actress in a Limited Series or a Motion Picture Made for Television,True,"Last of the Blonde Bombshells, The"
2001,Best Performance by an Actress in a Limited Series or a Motion Picture Made for Television,False,Harlan County War
2001,Best Performance by an Actress in a Limited Series or a Motion Picture Made for Television,False,"American Daughter, An"
2001,Best Performance by an Actress in a Limited Series or a Motion Picture Made for Television,False,Madame Bovary
2001,Best Performance by an Actress in a Limited Series or a Motion Picture Made for Television,False,On the Beach (2000)
2001,Best Performance by an Actress in a Limited Series or a Motion Picture Made for Television,False,Holiday Heart
2001,Best Performance by an Actor in a Limited Series or a Motion Picture Made for Television,True,Arthur Miller's Death Of a Salesman
2001,Best Performance by an Actor in a Limited Series or a Motion Picture Made for Television,False,Nuremberg
2001,Best Performance by an Actor in a Limited Series or a Motion Picture Made for Television,False,Nuremberg
2001,Best Performance by an Actor in a Limited Series or a Motion Picture Made for Television,False,For Love or Country: The Arturo Sandoval Story
2001,Best Performance by an Actor in a Limited Series or a Motion Picture Made for Television,False,Dirty Pictures
2001,Best Performance by an Actress In A Television Series - Drama,True,Once and Again
2001,Best Performance by an Actress In A Television Series - Drama,False,Dark Angel
2001,Best Performance by an Actress In A Television Series - Drama,False,"Sopranos, The"
2001,Best Performance by an Actress In A Television Series - Drama,False,Judging Amy
2001,Best Performance by an Actress In A Television Series - Drama,False,"Sopranos, The"
2001,Best Performance by an Actress In A Television Series - Drama,False,Buffy the Vampire Slayer
2001,Best Performance by an Actor In A Television Series - Drama,True,"West Wing, The"
2001,Best Performance by an Actor In A Television Series - Drama,True,"West Wing, The"
2001,Best Performance by an Actor In A Television Series - Drama,False,Gideon's Crossing
2001,Best Performance by an Actor In A Television Series - Drama,False,"Sopranos, The"
2001,Best Performance by an Actor In A Television Series - Drama,False,"Practice, The"
2001,Best Performance by an Actress in a Television Series - Musical or Comedy,True,Sex and The City
2001,Best Performance by an Actress in a Television Series - Musical or Comedy,False,Ally McBeal
2001,Best Performance by an Actress in a Television Series - Musical or Comedy,False,Malcolm In The Middle
2001,Best Performance by an Actress in a Television Series - Musical or Comedy,False,Will & Grace
2001,Best Performance by an Actress in a Television Series - Musical or Comedy,False,Bette
2001,Best Performance by an Actor in a Television Series - Musical or Comedy,True,Frasier
2001,Best Performance by an Actor in a Television Series - Musical or Comedy,False,Will & Grace
2001,Best Performance by an Actor in a Television Series - Musical or Comedy,False,Malcolm In The Middle
2001,Best Performance by an Actor in a Television Series - Musical or Comedy,False,Everybody Loves Raymond
2001,Best Performance by an Actor in a Television Series - Musical or Comedy,False,Becker
2001,"Best Performance by an Actress in a Supporting Role in a Series, Limited Series or Motion Picture Made for Television",True,If These Walls Could Talk 2
2001,"Best Performance by an Actress in a Supporting Role in a Series, Limited Series or Motion Picture Made for Television",False,Sex and The City
2001,"Best Performance by an Actress in a Supporting Role in a Series, Limited Series or Motion Picture Made for Television",False,Running Mates
2001,"Best Performance by an Actress in a Supporting Role in a Series, Limited Series or Motion Picture Made for Television",False,"West Wing, The"
2001,"Best Performance by an Actress in a Supporting Role in a Series, Limited Series or Motion Picture Made for Television",False,Will & Grace
2001,"Best Performance by an Actress in a Supporting Role in a Series, Limited Series or Motion Picture Made for Television",False,Sex and The City
2001,"Best Performance by an Actor in a Supporting Role in a Series, Limited Series or Motion Picture Made for Television",True,Ally McBeal
2001,"Best Performance by an Actor in a Supporting Role in a Series, Limited Series or Motion Picture Made for Television",False,Will & Grace
2001,"Best Performance by an Actor in a Supporting Role in a Series, Limited Series or Motion Picture Made for Television",False,Frasier
2001,"Best Performance by an Actor in a Supporting Role in a Series, Limited Series or Motion Picture Made for Television",False,Frasier
2001,"Best Performance by an Actor in a Supporting Role in a Series, Limited Series or Motion Picture Made for Television",False,American Tragedy
2001,"Best Performance by an Actor in a Supporting Role in a Series, Limited Series or Motion Picture Made for Television",False,"West Wing, The"
2001,Cecil B. deMille Award,False,Al Pacino
2002,Best Motion Picture - Drama,True,A Beautiful Mind
2002,Best Motion Picture - Drama,False,In the Bedroom
2002,Best Motion Picture - Drama,False,The Lord of the Rings: The Fellowship of the Ring
2002,Best Motion Picture - Drama,False,"Man Who Wasn't There, The"
2002,Best Motion Picture - Drama,False,Mulholland Dr.
2002,Best Motion Picture - Musical or Comedy,True,Moulin Rouge!
2002,Best Motion Picture - Musical or Comedy,False,Bridget Jones's Diary
2002,Best Motion Picture - Musical or Comedy,False,Gosford Park
2002,Best Motion Picture - Musical or Comedy,False,Legally Blonde
2002,Best Motion Picture - Musical or Comedy,False,Shrek
2002,Best Performance by an Actress in a Motion Picture - Drama,True,In the Bedroom
2002,Best Performance by an Actress in a Motion Picture - Drama,False,"Deep End, The"
2002,Best Performance by an Actress in a Motion Picture - Drama,False,Monster's Ball
2002,Best Performance by an Actress in a Motion Picture - Drama,False,Iris
2002,Best Performance by an Actress in a Motion Picture - Drama,False,"Others, The"
2002,Best Performance by an Actor in a Motion Picture - Drama,True,A Beautiful Mind
2002,Best Performance by an Actor in a Motion Picture - Drama,False,The Shipping News
2002,Best Performance by an Actor in a Motion Picture - Drama,False,Ali
2002,Best Performance by an Actor in a Motion Picture - Drama,False,"Man Who Wasn't There, The"
2002,Best Performance by an Actor in a Motion Picture - Drama,False,Training Day
2002,Best Performance by an Actress in a Motion Picture - Musical or Comedy,True,Moulin Rouge!
2002,Best Performance by an Actress in a Motion Picture - Musical or Comedy,False,Bridget Jones's Diary
2002,Best Performance by an Actress in a Motion Picture - Musical or Comedy,False,Ghost World
2002,Best Performance by an Actress in a Motion Picture - Musical or Comedy,False,Bandits
2002,Best Performance by an Actress in a Motion Picture - Musical or Comedy,False,Legally Blonde
2002,Best Performance by an Actor in a Motion Picture - Musical or Comedy,True,"Royal Tenenbaums, The"
2002,Best Performance by an Actor in a Motion Picture - Musical or Comedy,False,Kate & Leopold
2002,Best Performance by an Actor in a Motion Picture - Musical or Comedy,False,Moulin Rouge!
2002,Best Performance by an Actor in a Motion Picture - Musical or Comedy,False,Hedwig and the Angry Inch
2002,Best Performance by an Actor in a Motion Picture - Musical or Comedy,False,Bandits
2002,Best Performance by an Actress in a Supporting Role in any Motion Picture,True,A Beautiful Mind
2002,Best Performance by an Actress in a Supporting Role in any Motion Picture,False,Iris
2002,Best Performance by an Actress in a Supporting Role in any Motion Picture,False,Vanilla Sky
2002,Best Performance by an Actress in a Supporting Role in any Motion Picture,False,Gosford Park
2002,Best Performance by an Actress in a Supporting Role in any Motion Picture,False,Gosford Park
2002,Best Performance by an Actress in a Supporting Role in any Motion Picture,False,In the Bedroom
2002,Best Performance by an Actor in a Supporting Role in any Motion Picture,True,Iris
2002,Best Performance by an Actor in a Supporting Role in any Motion Picture,False,Ghost World
2002,Best Performance by an Actor in a Supporting Role in any Motion Picture,False,Life as a House
2002,Best Performance by an Actor in a Supporting Role in any Motion Picture,False,Sexy Beast
2002,Best Performance by an Actor in a Supporting Role in any Motion Picture,False,A. I.: Artificial Intelligence
2002,Best Performance by an Actor in a Supporting Role in any Motion Picture,False,Ali
2002,Best Director - Motion Picture,True,Gosford Park
2002,Best Director - Motion Picture,False,A Beautiful Mind
2002,Best Director - Motion Picture,False,The Lord of the Rings: The Fellowship of the Ring
2002,Best Director - Motion Picture,False,Moulin Rouge!
2002,Best Director - Motion Picture,False,Mulholland Dr.
2002,Best Director - Motion Picture,False,A. I.: Artificial Intelligence
2002,Best Screenplay - Motion Picture,True,A Beautiful Mind
2002,Best Screenplay - Motion Picture,False,Memento
2002,Best Screenplay - Motion Picture,False,Mulholland Dr.
2002,Best Screenplay - Motion Picture,False,Gosford Park
2002,Best Screenplay - Motion Picture,False,"Man Who Wasn't There, The"
2002,Best Motion Picture - Foreign Language,True,"Bosnia & Herzegovina, Danis Tanovic"
2002,Best Motion Picture - Foreign Language,False,"France, Jean-Pierre Jeunet"
2002,Best Motion Picture - Foreign Language,False,"Mexico, Alfonso Cuarón"
2002,Best Motion Picture - Foreign Language,False,"Brazil, Walter Salles"
2002,Best Motion Picture - Foreign Language,False,"India, Mira Nair"
2002,Best Original Score - Motion Picture,True,Moulin Rouge!
2002,Best Original Score - Motion Picture,False,A. I.: Artificial Intelligence
2002,Best Original Score - Motion Picture,False,Ali
2002,Best Original Score - Motion Picture,False,A Beautiful Mind
2002,Best Original Score - Motion Picture,False,The Lord of the Rings: The Fellowship of the Ring
2002,Best Original Score - Motion Picture,False,Mulholland Dr.
2002,Best Original Score - Motion Picture,False,Pearl Harbor
2002,Best Original Score - Motion Picture,False,The Shipping News
2002,Best Original Song - Motion Picture,True,Kate & Leopold
2002,Best Original Song - Motion Picture,False,Moulin Rouge!
2002,Best Original Song - Motion Picture,False,The Lord of the Rings: The Fellowship of the Ring
2002,Best Original Song - Motion Picture,False,Pearl Harbor
2002,Best Original Song - Motion Picture,False,Vanilla Sky
2002,Best Television Series - Drama,True,Six Feet Under
2002,Best Television Series - Drama,False,Alias
2002,Best Television Series - Drama,False,C. S. I.: Crime Scene Investigation
2002,Best Television Series - Drama,False,"Sopranos, The"
2002,Best Television Series - Drama,False,24
2002,Best Television Series - Drama,False,"West Wing, The"
2002,Best Television Series - Musical or Comedy,True,Sex and The City
2002,Best Television Series - Musical or Comedy,False,Ally McBeal
2002,Best Television Series - Musical or Comedy,False,Frasier
2002,Best Television Series - Musical or Comedy,False,Friends
2002,Best Television Series - Musical or Comedy,False,Will & Grace
2002,Best Television Limited Series or Motion Picture Made for Television,True,Band of Brothers
2002,Best Television Limited Series or Motion Picture Made for Television,False,Anne Frank: The Whole Story
2002,Best Television Limited Series or Motion Picture Made for Television,False,Conspiracy
2002,Best Television Limited Series or Motion Picture Made for Television,False,Life With Judy Garland: Me & My Shadows
2002,Best Television Limited Series or Motion Picture Made for Television,False,Wit
2002,Best Performance by an Actress in a Limited Series or a Motion Picture Made for Television,True,Life With Judy Garland: Me & My Shadows
2002,Best Performance by an Actress in a Limited Series or a Motion Picture Made for Television,False,"Mists of Avalon, The"
2002,Best Performance by an Actress in a Limited Series or a Motion Picture Made for Television,False,Uprising
2002,Best Performance by an Actress in a Limited Series or a Motion Picture Made for Television,False,Wit
2002,Best Performance by an Actress in a Limited Series or a Motion Picture Made for Television,False,No Ordinary Baby
2002,Best Performance by an Actress in a Limited Series or a Motion Picture Made for Television,False,Anne Frank: The Whole Story
2002,Best Performance by an Actor in a Limited Series or a Motion Picture Made for Television,True,James Dean
2002,Best Performance by an Actor in a Limited Series or a Motion Picture Made for Television,False,Conspiracy
2002,Best Performance by an Actor in a Limited Series or a Motion Picture Made for Television,False,Anne Frank: The Whole Story
2002,Best Performance by an Actor in a Limited Series or a Motion Picture Made for Television,False,Band of Brothers
2002,Best Performance by an Actor in a Limited Series or a Motion Picture Made for Television,False,61*
2002,Best Performance by an Actress In A Television Series - Drama,True,Alias
2002,Best Performance by an Actress In A Television Series - Drama,False,"Sopranos, The"
2002,Best Performance by an Actress In A Television Series - Drama,False,Judging Amy
2002,Best Performance by an Actress In A Television Series - Drama,False,"Sopranos, The"
2002,Best Performance by an Actress In A Television Series - Drama,False,Gilmore Girls
2002,Best Performance by an Actress In A Television Series - Drama,False,C. S. I.: Crime Scene Investigation
2002,Best Performance by an Actress In A Television Series - Drama,False,Once and Again
2002,Best Performance by an Actor In A Television Series - Drama,True,24
2002,Best Performance by an Actor In A Television Series - Drama,False,"West Wing, The"
2002,Best Performance by an Actor In A Television Series - Drama,False,"Guardian, The"
2002,Best Performance by an Actor In A Television Series - Drama,False,"Sopranos, The"
2002,Best Performance by an Actor In A Television Series - Drama,False,Six Feet Under
2002,Best Performance by an Actress in a Television Series - Musical or Comedy,True,Sex and The City
2002,Best Performance by an Actress in a Television Series - Musical or Comedy,False,Spin City
2002,Best Performance by an Actress in a Television Series - Musical or Comedy,False,Will & Grace
2002,Best Performance by an Actress in a Television Series - Musical or Comedy,False,Ally McBeal
2002,Best Performance by an Actress in a Television Series - Musical or Comedy,False,Malcolm In The Middle
2002,Best Performance by an Actor in a Television Series - Musical or Comedy,True,Spin City
2002,Best Performance by an Actor in a Television Series - Musical or Comedy,False,Ed
2002,Best Performance by an Actor in a Television Series - Musical or Comedy,False,Frasier
2002,Best Performance by an Actor in a Television Series - Musical or Comedy,False,Will & Grace
2002,Best Performance by an Actor in a Television Series - Musical or Comedy,False,Malcolm In The Middle
2002,"Best Performance by an Actress in a Supporting Role in a Series, Limited Series or Motion Picture Made for Television",True,Six Feet Under
2002,"Best Performance by an Actress in a Supporting Role in a Series, Limited Series or Motion Picture Made for Television",False,Friends
2002,"Best Performance by an Actress in a Supporting Role in a Series, Limited Series or Motion Picture Made for Television",False,Life With Judy Garland: Me & My Shadows
2002,"Best Performance by an Actress in a Supporting Role in a Series, Limited Series or Motion Picture Made for Television",False,"West Wing, The"
2002,"Best Performance by an Actress in a Supporting Role in a Series, Limited Series or Motion Picture Made for Television",False,Will & Grace
2002,"Best Performance by an Actor in a Supporting Role in a Series, Limited Series or Motion Picture Made for Television",True,Conspiracy
2002,"Best Performance by an Actor in a Supporting Role in a Series, Limited Series or Motion Picture Made for Television",False,Sex and The City
2002,"Best Performance by an Actor in a Supporting Role in a Series, Limited Series or Motion Picture Made for Television",False,Will & Grace
2002,"Best Performance by an Actor in a Supporting Role in a Series, Limited Series or Motion Picture Made for Television",False,Band of Brothers
2002,"Best Performance by an Actor in a Supporting Role in a Series, Limited Series or Motion Picture Made for Television",False,"West Wing, The"
2002,Cecil B. deMille Award,False,Harrison Ford
2003,Best Motion Picture - Drama,True,The Hours
2003,Best Motion Picture - Drama,False,About Schmidt
2003,Best Motion Picture - Drama,False,Gangs of New York
2003,Best Motion Picture - Drama,False,"Lord of the Rings: The Two Towers, The"
2003,Best Motion Picture - Drama,False,"Pianist, The"
2003,Best Motion Picture - Musical or Comedy,True,Chicago
2003,Best Motion Picture - Musical or Comedy,False,About a Boy
2003,Best Motion Picture - Musical or Comedy,False,Adaptation
2003,Best Motion Picture - Musical or Comedy,False,My Big Fat Greek Wedding
2003,Best Motion Picture - Musical or Comedy,False,Nicholas Nickleby
2003,Best Performance by an Actress in a Motion Picture - Drama,True,The Hours
2003,Best Performance by an Actress in a Motion Picture - Drama,False,Frida
2003,Best Performance by an Actress in a Motion Picture - Drama,False,Unfaithful
2003,Best Performance by an Actress in a Motion Picture - Drama,False,Far From Heaven
2003,Best Performance by an Actress in a Motion Picture - Drama,False,The Hours
2003,Best Performance by an Actor in a Motion Picture - Drama,True,About Schmidt
2003,Best Performance by an Actor in a Motion Picture - Drama,False,Catch Me If You Can
2003,Best Performance by an Actor in a Motion Picture - Drama,False,"Pianist, The"
2003,Best Performance by an Actor in a Motion Picture - Drama,False,"Quiet American, The"
2003,Best Performance by an Actor in a Motion Picture - Drama,False,Gangs of New York
2003,Best Performance by an Actress in a Motion Picture - Musical or Comedy,True,Chicago
2003,Best Performance by an Actress in a Motion Picture - Musical or Comedy,False,Secretary
2003,Best Performance by an Actress in a Motion Picture - Musical or Comedy,False,"Banger Sisters, The"
2003,Best Performance by an Actress in a Motion Picture - Musical or Comedy,False,My Big Fat Greek Wedding
2003,Best Performance by an Actress in a Motion Picture - Musical or Comedy,False,Chicago
2003,Best Performance by an Actor in a Motion Picture - Musical or Comedy,True,Chicago
2003,Best Performance by an Actor in a Motion Picture - Musical or Comedy,False,Punch-Drunk Love
2003,Best Performance by an Actor in a Motion Picture - Musical or Comedy,False,Adaptation
2003,Best Performance by an Actor in a Motion Picture - Musical or Comedy,False,Igby Goes Down
2003,Best Performance by an Actor in a Motion Picture - Musical or Comedy,False,About a Boy
2003,Best Performance by an Actress in a Supporting Role in any Motion Picture,True,Adaptation
2003,Best Performance by an Actress in a Supporting Role in any Motion Picture,False,About Schmidt
2003,Best Performance by an Actress in a Supporting Role in any Motion Picture,False,Gangs of New York
2003,Best Performance by an Actress in a Supporting Role in any Motion Picture,False,Chicago
2003,Best Performance by an Actress in a Supporting Role in any Motion Picture,False,Igby Goes Down
2003,Best Performance by an Actor in a Supporting Role in any Motion Picture,True,Adaptation
2003,Best Performance by an Actor in a Supporting Role in any Motion Picture,False,The Hours
2003,Best Performance by an Actor in a Supporting Role in any Motion Picture,False,Road to Perdition
2003,Best Performance by an Actor in a Supporting Role in any Motion Picture,False,Far From Heaven
2003,Best Performance by an Actor in a Supporting Role in any Motion Picture,False,Chicago
2003,Best Director - Motion Picture,True,Gangs of New York
2003,Best Director - Motion Picture,False,The Hours
2003,Best Director - Motion Picture,False,"Lord of the Rings: The Two Towers, The"
2003,Best Director - Motion Picture,False,Adaptation
2003,Best Director - Motion Picture,False,Chicago
2003,Best Director - Motion Picture,False,About Schmidt
2003,Best Screenplay - Motion Picture,True,About Schmidt
2003,Best Screenplay - Motion Picture,False,Adaptation
2003,Best Screenplay - Motion Picture,False,Chicago
2003,Best Screenplay - Motion Picture,False,Far From Heaven
2003,Best Screenplay - Motion Picture,False,The Hours
2003,Best Motion Picture - Foreign Language,True,"Spain, Pedro Almodóvar"
2003,Best Motion Picture - Foreign Language,False,"France, Sijie Dai"
2003,Best Motion Picture - Foreign Language,False,"Brazil, Fernando Meirelles, Kátia Lund"
2003,Best Motion Picture - Foreign Language,False,"Mexico, Carlos Carrera"
2003,Best Motion Picture - Foreign Language,False,"China, Zhang Yimou"
2003,Best Motion Picture - Foreign Language,False,"Germany, Caroline Link"
2003,Best Original Score - Motion Picture,True,Frida
2003,Best Original Score - Motion Picture,False,Far From Heaven
2003,Best Original Score - Motion Picture,False,The Hours
2003,Best Original Score - Motion Picture,False,Rabbit-Proof Fence
2003,Best Original Score - Motion Picture,False,25th Hour
2003,Best Original Song - Motion Picture,True,Gangs of New York
2003,Best Original Song - Motion Picture,False,Die Another Day
2003,Best Original Song - Motion Picture,False,The Wild Thornberrys Movie
2003,Best Original Song - Motion Picture,False,Spirit: Stallion of the Cimarron
2003,Best Original Song - Motion Picture,False,8 Mile
2003,Best Television Series - Drama,True,"Shield, The"
2003,Best Television Series - Drama,False,Six Feet Under
2003,Best Television Series - Drama,False,"Sopranos, The"
2003,Best Television Series - Drama,False,24
2003,Best Television Series - Drama,False,"West Wing, The"
2003,Best Television Series - Musical or Comedy,True,Curb Your Enthusiasm
2003,Best Television Series - Musical or Comedy,False,Sex and The City
2003,Best Television Series - Musical or Comedy,False,"Simpsons, The"
2003,Best Television Series - Musical or Comedy,False,Will & Grace
2003,Best Television Series - Musical or Comedy,False,Friends
2003,Best Television Limited Series or Motion Picture Made for Television,True,The Gathering Storm
2003,Best Television Limited Series or Motion Picture Made for Television,False,Live from Baghdad
2003,Best Television Limited Series or Motion Picture Made for Television,False,Path to War
2003,Best Television Limited Series or Motion Picture Made for Television,False,Shackleton
2003,Best Television Limited Series or Motion Picture Made for Television,False,Taken
2003,Best Performance by an Actress in a Limited Series or a Motion Picture Made for Television,True,Hysterical Blindness
2003,Best Performance by an Actress in a Limited Series or a Motion Picture Made for Television,False,Live from Baghdad
2003,Best Performance by an Actress in a Limited Series or a Motion Picture Made for Television,False,Hell on Heels: The Battle of Mary Kay
2003,Best Performance by an Actress in a Limited Series or a Motion Picture Made for Television,False,Door To Door
2003,Best Performance by an Actress in a Limited Series or a Motion Picture Made for Television,False,The Gathering Storm
2003,Best Performance by an Actor in a Limited Series or a Motion Picture Made for Television,True,The Gathering Storm
2003,Best Performance by an Actor in a Limited Series or a Motion Picture Made for Television,False,Path to War
2003,Best Performance by an Actor in a Limited Series or a Motion Picture Made for Television,False,Live from Baghdad
2003,Best Performance by an Actor in a Limited Series or a Motion Picture Made for Television,False,Door To Door
2003,Best Performance by an Actor in a Limited Series or a Motion Picture Made for Television,False,Rfk
2003,Best Performance by an Actress In A Television Series - Drama,True,"Sopranos, The"
2003,Best Performance by an Actress In A Television Series - Drama,False,C. S. I.: Crime Scene Investigation
2003,Best Performance by an Actress In A Television Series - Drama,False,"West Wing, The"
2003,Best Performance by an Actress In A Television Series - Drama,False,Alias
2003,Best Performance by an Actress In A Television Series - Drama,False,Six Feet Under
2003,Best Performance by an Actor In A Television Series - Drama,True,"Shield, The"
2003,Best Performance by an Actor In A Television Series - Drama,False,"Sopranos, The"
2003,Best Performance by an Actor In A Television Series - Drama,False,Six Feet Under
2003,Best Performance by an Actor In A Television Series - Drama,False,"West Wing, The"
2003,Best Performance by an Actor In A Television Series - Drama,False,24
2003,Best Performance by an Actress in a Television Series - Musical or Comedy,True,Friends
2003,Best Performance by an Actress in a Television Series - Musical or Comedy,False,Life With Bonnie
2003,Best Performance by an Actress in a Television Series - Musical or Comedy,False,Malcolm In The Middle
2003,Best Performance by an Actress in a Television Series - Musical or Comedy,False,Will & Grace
2003,Best Performance by an Actress in a Television Series - Musical or Comedy,False,Sex and The City
2003,Best Performance by an Actor in a Television Series - Musical or Comedy,True,Monk
2003,Best Performance by an Actor in a Television Series - Musical or Comedy,False,Curb Your Enthusiasm
2003,Best Performance by an Actor in a Television Series - Musical or Comedy,False,Friends
2003,Best Performance by an Actor in a Television Series - Musical or Comedy,False,"Bernie Mac Show, The"
2003,Best Performance by an Actor in a Television Series - Musical or Comedy,False,Will & Grace
2003,"Best Performance by an Actress in a Supporting Role in a Series, Limited Series or Motion Picture Made for Television",True,Sex and The City
2003,"Best Performance by an Actress in a Supporting Role in a Series, Limited Series or Motion Picture Made for Television",False,Hysterical Blindness
2003,"Best Performance by an Actress in a Supporting Role in a Series, Limited Series or Motion Picture Made for Television",False,Will & Grace
2003,"Best Performance by an Actress in a Supporting Role in a Series, Limited Series or Motion Picture Made for Television",False,Sex and The City
2003,"Best Performance by an Actress in a Supporting Role in a Series, Limited Series or Motion Picture Made for Television",False,Hell on Heels: The Battle of Mary Kay
2003,"Best Performance by an Actor in a Supporting Role in a Series, Limited Series or Motion Picture Made for Television",True,Path to War
2003,"Best Performance by an Actor in a Supporting Role in a Series, Limited Series or Motion Picture Made for Television",False,The Gathering Storm
2003,"Best Performance by an Actor in a Supporting Role in a Series, Limited Series or Motion Picture Made for Television",False,Malcolm In The Middle
2003,"Best Performance by an Actor in a Supporting Role in a Series, Limited Series or Motion Picture Made for Television",False,Will & Grace
2003,"Best Performance by an Actor in a Supporting Role in a Series, Limited Series or Motion Picture Made for Television",False,24
2003,"Best Performance by an Actor in a Supporting Role in a Series, Limited Series or Motion Picture Made for Television",False,"Sopranos, The"
2003,"Best Performance by an Actor in a Supporting Role in a Series, Limited Series or Motion Picture Made for Television",False,"West Wing, The"
2003,"Best Performance by an Actor in a Supporting Role in a Series, Limited Series or Motion Picture Made for Television",False,"West Wing, The"
2003,"Best Performance by an Actor in a Supporting Role in a Series, Limited Series or Motion Picture Made for Television",False,Path to War
2003,Cecil B. deMille Award,False,Gene Hackman
2004,Best Motion Picture - Drama,True,The Lord of the Rings: The Return of the King
2004,Best Motion Picture - Drama,False,Cold Mountain
2004,Best Motion Picture - Drama,False,Master and Commander: The Far Side of the World
2004,Best Motion Picture - Drama,False,Mystic River
2004,Best Motion Picture - Drama,False,Seabiscuit
2004,Best Motion Picture - Musical or Comedy,True,Lost in Translation
2004,Best Motion Picture - Musical or Comedy,False,Bend It Like Beckham
2004,Best Motion Picture - Musical or Comedy,False,Big Fish
2004,Best Motion Picture - Musical or Comedy,False,Finding Nemo
2004,Best Motion Picture - Musical or Comedy,False,Love Actually
2004,Best Performance by an Actress in a Motion Picture - Drama,True,Monster
2004,Best Performance by an Actress in a Motion Picture - Drama,False,Girl With a Pearl Earring
2004,Best Performance by an Actress in a Motion Picture - Drama,False,Cold Mountain
2004,Best Performance by an Actress in a Motion Picture - Drama,False,Kill Bill (Vol. 1)
2004,Best Performance by an Actress in a Motion Picture - Drama,False,Thirteen
2004,Best Performance by an Actress in a Motion Picture - Drama,False,Veronica Guerin
2004,Best Performance by an Actor in a Motion Picture - Drama,True,Mystic River
2004,Best Performance by an Actor in a Motion Picture - Drama,False,Master and Commander: The Far Side of the World
2004,Best Performance by an Actor in a Motion Picture - Drama,False,The Last Samurai
2004,Best Performance by an Actor in a Motion Picture - Drama,False,House of Sand and Fog
2004,Best Performance by an Actor in a Motion Picture - Drama,False,Cold Mountain
2004,Best Performance by an Actress in a Motion Picture - Musical or Comedy,True,Something's Gotta Give
2004,Best Performance by an Actress in a Motion Picture - Musical or Comedy,False,Freaky Friday (2003)
2004,Best Performance by an Actress in a Motion Picture - Musical or Comedy,False,Lost in Translation
2004,Best Performance by an Actress in a Motion Picture - Musical or Comedy,False,Under The Tuscan Sun
2004,Best Performance by an Actress in a Motion Picture - Musical or Comedy,False,Calendar Girls
2004,Best Performance by an Actor in a Motion Picture - Musical or Comedy,True,Lost in Translation
2004,Best Performance by an Actor in a Motion Picture - Musical or Comedy,False,Bad Santa
2004,Best Performance by an Actor in a Motion Picture - Musical or Comedy,False,"School of Rock, The"
2004,Best Performance by an Actor in a Motion Picture - Musical or Comedy,False,Pirates of the Caribbean: The Curse of the Black Pearl
2004,Best Performance by an Actor in a Motion Picture - Musical or Comedy,False,Something's Gotta Give
2004,Best Performance by an Actress in a Supporting Role in any Motion Picture,True,Cold Mountain
2004,Best Performance by an Actress in a Supporting Role in any Motion Picture,False,Pieces of April
2004,Best Performance by an Actress in a Supporting Role in any Motion Picture,False,American Splendor
2004,Best Performance by an Actress in a Supporting Role in any Motion Picture,False,Thirteen
2004,Best Performance by an Actress in a Supporting Role in any Motion Picture,False,"Cooler, The"
2004,Best Performance by an Actor in a Supporting Role in any Motion Picture,True,Mystic River
2004,Best Performance by an Actor in a Supporting Role in any Motion Picture,False,The Last Samurai
2004,Best Performance by an Actor in a Supporting Role in any Motion Picture,False,"Cooler, The"
2004,Best Performance by an Actor in a Supporting Role in any Motion Picture,False,Big Fish
2004,Best Performance by an Actor in a Supporting Role in any Motion Picture,False,Seabiscuit
2004,Best Performance by an Actor in a Supporting Role in any Motion Picture,False,Shattered Glass
2004,Best Director - Motion Picture,True,The Lord of the Rings: The Return of the King
2004,Best Director - Motion Picture,False,Lost in Translation
2004,Best Director - Motion Picture,False,Mystic River
2004,Best Director - Motion Picture,False,Cold Mountain
2004,Best Director - Motion Picture,False,Master and Commander: The Far Side of the World
2004,Best Screenplay - Motion Picture,True,Lost in Translation
2004,Best Screenplay - Motion Picture,False,Cold Mountain
2004,Best Screenplay - Motion Picture,False,In America
2004,Best Screenplay - Motion Picture,False,Love Actually
2004,Best Screenplay - Motion Picture,False,Mystic River
2004,Best Motion Picture - Foreign Language,True,"Afghanistan, Siddiq Barmak"
2004,Best Motion Picture - Foreign Language,False,"Germany, Wolfgang Becker"
2004,Best Motion Picture - Foreign Language,False,"France, François Dupeyron"
2004,Best Motion Picture - Foreign Language,False,"Russia, Andrey Zvyagintsev "
2004,Best Motion Picture - Foreign Language,False,"Canada, Denys Arcand"
2004,Best Original Score - Motion Picture,True,The Lord of the Rings: The Return of the King
2004,Best Original Score - Motion Picture,False,Cold Mountain
2004,Best Original Score - Motion Picture,False,Girl With a Pearl Earring
2004,Best Original Score - Motion Picture,False,The Last Samurai
2004,Best Original Score - Motion Picture,False,Big Fish
2004,Best Original Song - Motion Picture,True,The Lord of the Rings: The Return of the King
2004,Best Original Song - Motion Picture,False,Mona Lisa Smile
2004,Best Original Song - Motion Picture,False,Big Fish
2004,Best Original Song - Motion Picture,False,Cold Mountain
2004,Best Original Song - Motion Picture,False,In America
2004,Best Television Series - Drama,True,24
2004,Best Television Series - Drama,False,C. S. I.: Crime Scene Investigation
2004,Best Television Series - Drama,False,Nip/Tuck
2004,Best Television Series - Drama,False,Six Feet Under
2004,Best Television Series - Drama,False,"West Wing, The"
2004,Best Television Series - Musical or Comedy,True,"Office, The (UK)"
2004,Best Television Series - Musical or Comedy,False,Monk
2004,Best Television Series - Musical or Comedy,False,Sex and The City
2004,Best Television Series - Musical or Comedy,False,Will & Grace
2004,Best Television Series - Musical or Comedy,False,Arrested Development
2004,Best Television Limited Series or Motion Picture Made for Television,True,Angels in America
2004,Best Television Limited Series or Motion Picture Made for Television,False,My House in Umbria
2004,Best Television Limited Series or Motion Picture Made for Television,False,Normal
2004,Best Television Limited Series or Motion Picture Made for Television,False,Soldier's Girl
2004,Best Television Limited Series or Motion Picture Made for Television,False,The Roman Spring Of Mrs. Stone
2004,Best Performance by an Actress in a Limited Series or a Motion Picture Made for Television,True,Angels in America
2004,Best Performance by an Actress in a Limited Series or a Motion Picture Made for Television,False,"Reagans, The"
2004,Best Performance by an Actress in a Limited Series or a Motion Picture Made for Television,False,Normal
2004,Best Performance by an Actress in a Limited Series or a Motion Picture Made for Television,False,The Roman Spring Of Mrs. Stone
2004,Best Performance by an Actress in a Limited Series or a Motion Picture Made for Television,False,My House in Umbria
2004,Best Performance by an Actor in a Limited Series or a Motion Picture Made for Television,True,Angels in America
2004,Best Performance by an Actor in a Limited Series or a Motion Picture Made for Television,False,And Starring Pancho Villa as Himself
2004,Best Performance by an Actor in a Limited Series or a Motion Picture Made for Television,False,"Reagans, The"
2004,Best Performance by an Actor in a Limited Series or a Motion Picture Made for Television,False,Soldier's Girl
2004,Best Performance by an Actor in a Limited Series or a Motion Picture Made for Television,False,Normal
2004,Best Performance by an Actress In A Television Series - Drama,True,Six Feet Under
2004,Best Performance by an Actress In A Television Series - Drama,False,Joan of Arcadia
2004,Best Performance by an Actress In A Television Series - Drama,False,Alias
2004,Best Performance by an Actress In A Television Series - Drama,False,"West Wing, The"
2004,Best Performance by an Actress In A Television Series - Drama,False,Nip/Tuck
2004,Best Performance by an Actor In A Television Series - Drama,True,Without a Trace
2004,Best Performance by an Actor In A Television Series - Drama,False,24
2004,Best Performance by an Actor In A Television Series - Drama,False,"Shield, The"
2004,Best Performance by an Actor In A Television Series - Drama,False,C. S. I.: Crime Scene Investigation
2004,Best Performance by an Actor In A Television Series - Drama,False,"West Wing, The"
2004,Best Performance by an Actress in a Television Series - Musical or Comedy,True,Sex and The City
2004,Best Performance by an Actress in a Television Series - Musical or Comedy,False,Life With Bonnie
2004,Best Performance by an Actress in a Television Series - Musical or Comedy,False,Reba
2004,Best Performance by an Actress in a Television Series - Musical or Comedy,False,Will & Grace
2004,Best Performance by an Actress in a Television Series - Musical or Comedy,False,Monk
2004,Best Performance by an Actress in a Television Series - Musical or Comedy,False,Miss Match
2004,Best Performance by an Actor in a Television Series - Musical or Comedy,True,"Office, The (UK)"
2004,Best Performance by an Actor in a Television Series - Musical or Comedy,False,Will & Grace
2004,Best Performance by an Actor in a Television Series - Musical or Comedy,False,Monk
2004,Best Performance by an Actor in a Television Series - Musical or Comedy,False,Friends
2004,Best Performance by an Actor in a Television Series - Musical or Comedy,False,"Bernie Mac Show, The"
2004,"Best Performance by an Actress in a Supporting Role in a Series, Limited Series or Motion Picture Made for Television",True,Angels in America
2004,"Best Performance by an Actress in a Supporting Role in a Series, Limited Series or Motion Picture Made for Television",False,Sex and The City
2004,"Best Performance by an Actress in a Supporting Role in a Series, Limited Series or Motion Picture Made for Television",False,Sex and The City
2004,"Best Performance by an Actress in a Supporting Role in a Series, Limited Series or Motion Picture Made for Television",False,Sex and The City
2004,"Best Performance by an Actress in a Supporting Role in a Series, Limited Series or Motion Picture Made for Television",False,Will & Grace
2004,"Best Performance by an Actor in a Supporting Role in a Series, Limited Series or Motion Picture Made for Television",True,Angels in America
2004,"Best Performance by an Actor in a Supporting Role in a Series, Limited Series or Motion Picture Made for Television",False,Will & Grace
2004,"Best Performance by an Actor in a Supporting Role in a Series, Limited Series or Motion Picture Made for Television",False,Soldier's Girl
2004,"Best Performance by an Actor in a Supporting Role in a Series, Limited Series or Motion Picture Made for Television",False,Angels in America
2004,"Best Performance by an Actor in a Supporting Role in a Series, Limited Series or Motion Picture Made for Television",False,Angels in America
2004,Cecil B. deMille Award,False,Michael Douglas
2005,Best Motion Picture - Drama,True,The Aviator
2005,Best Motion Picture - Drama,False,Closer
2005,Best Motion Picture - Drama,False,Finding Neverland
2005,Best Motion Picture - Drama,False,Hotel Rwanda
2005,Best Motion Picture - Drama,False,Kinsey
2005,Best Motion Picture - Drama,False,Million Dollar Baby
2005,Best Motion Picture - Musical or Comedy,True,Sideways
2005,Best Motion Picture - Musical or Comedy,False,Eternal Sunshine of The Spotless Mind
2005,Best Motion Picture - Musical or Comedy,False,"Incredibles, The"
2005,Best Motion Picture - Musical or Comedy,False,Ray
2005,Best Motion Picture - Musical or Comedy,False,The Phantom of the Opera
2005,Best Performance by an Actress in a Motion Picture - Drama,True,Million Dollar Baby
2005,Best Performance by an Actress in a Motion Picture - Drama,False,"Love Song For Bobby Long, A"
2005,Best Performance by an Actress in a Motion Picture - Drama,False,Birth
2005,Best Performance by an Actress in a Motion Picture - Drama,False,Vera Drake
2005,Best Performance by an Actress in a Motion Picture - Drama,False,Kill Bill (Vol. 2)
2005,Best Performance by an Actor in a Motion Picture - Drama,True,The Aviator
2005,Best Performance by an Actor in a Motion Picture - Drama,False,The Sea Inside
2005,Best Performance by an Actor in a Motion Picture - Drama,False,Hotel Rwanda
2005,Best Performance by an Actor in a Motion Picture - Drama,False,Finding Neverland
2005,Best Performance by an Actor in a Motion Picture - Drama,False,Kinsey
2005,Best Performance by an Actress in a Motion Picture - Musical or Comedy,True,Being Julia
2005,Best Performance by an Actress in a Motion Picture - Musical or Comedy,False,De-Lovely
2005,Best Performance by an Actress in a Motion Picture - Musical or Comedy,False,Bridget Jones: The Edge Of Reason
2005,Best Performance by an Actress in a Motion Picture - Musical or Comedy,False,Eternal Sunshine of The Spotless Mind
2005,Best Performance by an Actress in a Motion Picture - Musical or Comedy,False,The Phantom of the Opera
2005,Best Performance by an Actor in a Motion Picture - Musical or Comedy,True,Ray
2005,Best Performance by an Actor in a Motion Picture - Musical or Comedy,False,Sideways
2005,Best Performance by an Actor in a Motion Picture - Musical or Comedy,False,De-Lovely
2005,Best Performance by an Actor in a Motion Picture - Musical or Comedy,False,Beyond the Sea
2005,Best Performance by an Actor in a Motion Picture - Musical or Comedy,False,Eternal Sunshine of The Spotless Mind
2005,Best Performance by an Actress in a Supporting Role in any Motion Picture,True,Closer
2005,Best Performance by an Actress in a Supporting Role in any Motion Picture,False,The Aviator
2005,Best Performance by an Actress in a Supporting Role in any Motion Picture,False,Kinsey
2005,Best Performance by an Actress in a Supporting Role in any Motion Picture,False,Sideways
2005,Best Performance by an Actress in a Supporting Role in any Motion Picture,False,"Manchurian Candidate (2004), The"
2005,Best Performance by an Actor in a Supporting Role in any Motion Picture,True,Closer
2005,Best Performance by an Actor in a Supporting Role in any Motion Picture,False,Sideways
2005,Best Performance by an Actor in a Supporting Role in any Motion Picture,False,Collateral
2005,Best Performance by an Actor in a Supporting Role in any Motion Picture,False,Million Dollar Baby
2005,Best Performance by an Actor in a Supporting Role in any Motion Picture,False,Kill Bill (Vol. 2)
2005,Best Director - Motion Picture,True,Million Dollar Baby
2005,Best Director - Motion Picture,False,Finding Neverland
2005,Best Director - Motion Picture,False,Closer
2005,Best Director - Motion Picture,False,The Aviator
2005,Best Director - Motion Picture,False,Sideways
2005,Best Screenplay - Motion Picture,True,Sideways
2005,Best Screenplay - Motion Picture,False,Eternal Sunshine of The Spotless Mind
2005,Best Screenplay - Motion Picture,False,The Aviator
2005,Best Screenplay - Motion Picture,False,Finding Neverland
2005,Best Screenplay - Motion Picture,False,Closer
2005,Best Motion Picture - Foreign Language,True,"Spain, Alejandro Amenábar"
2005,Best Motion Picture - Foreign Language,False,"China, Zhang Yimou"
2005,Best Motion Picture - Foreign Language,False,"France, Jean-Pierre Jeunet"
2005,Best Motion Picture - Foreign Language,False,"Brazil, Walter Salles"
2005,Best Motion Picture - Foreign Language,False,"France, Christophe Barratier"
2005,Best Original Score - Motion Picture,True,The Aviator
2005,Best Original Score - Motion Picture,False,Spanglish
2005,Best Original Score - Motion Picture,False,Finding Neverland
2005,Best Original Score - Motion Picture,False,Sideways
2005,Best Original Score - Motion Picture,False,Million Dollar Baby
2005,Best Original Song - Motion Picture,True,Alfie (2004)
2005,Best Original Song - Motion Picture,False,Hotel Rwanda
2005,Best Original Song - Motion Picture,False,The Polar Express
2005,Best Original Song - Motion Picture,False,The Phantom of the Opera
2005,Best Original Song - Motion Picture,False,Shrek 2
2005,Best Television Series - Drama,True,Nip/Tuck
2005,Best Television Series - Drama,False,24
2005,Best Television Series - Drama,False,Deadwood
2005,Best Television Series - Drama,False,"Sopranos, The"
2005,Best Television Series - Drama,False,Lost
2005,Best Television Series - Musical or Comedy,True,Desperate Housewives
2005,Best Television Series - Musical or Comedy,False,Entourage
2005,Best Television Series - Musical or Comedy,False,Sex and The City
2005,Best Television Series - Musical or Comedy,False,Will & Grace
2005,Best Television Series - Musical or Comedy,False,Arrested Development
2005,Best Television Limited Series or Motion Picture Made for Television,True,The Life and Death of Peter Sellers
2005,Best Television Limited Series or Motion Picture Made for Television,False,American Family: Journey of Dreams
2005,Best Television Limited Series or Motion Picture Made for Television,False,Iron Jawed Angels
2005,Best Television Limited Series or Motion Picture Made for Television,False,The Lion in Winter (2004)
2005,Best Television Limited Series or Motion Picture Made for Television,False,Something The Lord Made
2005,Best Performance by an Actress in a Limited Series or a Motion Picture Made for Television,True,The Lion in Winter (2004)
2005,Best Performance by an Actress in a Limited Series or a Motion Picture Made for Television,False,"Grid, The"
2005,Best Performance by an Actress in a Limited Series or a Motion Picture Made for Television,False,"Lost Prince, The"
2005,Best Performance by an Actress in a Limited Series or a Motion Picture Made for Television,False,Back When We Were Grown Ups
2005,Best Performance by an Actress in a Limited Series or a Motion Picture Made for Television,False,Iron Jawed Angels
2005,Best Performance by an Actor in a Limited Series or a Motion Picture Made for Television,True,The Life and Death of Peter Sellers
2005,Best Performance by an Actor in a Limited Series or a Motion Picture Made for Television,False,"Wool Cap, The"
2005,Best Performance by an Actor in a Limited Series or a Motion Picture Made for Television,False,The Lion in Winter (2004)
2005,Best Performance by an Actor in a Limited Series or a Motion Picture Made for Television,False,Something The Lord Made
2005,Best Performance by an Actor in a Limited Series or a Motion Picture Made for Television,False,Redemption: The Stan Tookie Williams Story
2005,Best Performance by an Actress In A Television Series - Drama,True,Law & Order: Special Victims Unit
2005,Best Performance by an Actress In A Television Series - Drama,False,"Sopranos, The"
2005,Best Performance by an Actress In A Television Series - Drama,False,Jack & Bobby
2005,Best Performance by an Actress In A Television Series - Drama,False,Alias
2005,Best Performance by an Actress In A Television Series - Drama,False,Nip/Tuck
2005,Best Performance by an Actor In A Television Series - Drama,True,Deadwood
2005,Best Performance by an Actor In A Television Series - Drama,False,"Shield, The"
2005,Best Performance by an Actor In A Television Series - Drama,False,Rescue Me
2005,Best Performance by an Actor In A Television Series - Drama,False,Nip/Tuck
2005,Best Performance by an Actor In A Television Series - Drama,False,Boston Legal
2005,Best Performance by an Actress in a Television Series - Musical or Comedy,True,Desperate Housewives
2005,Best Performance by an Actress in a Television Series - Musical or Comedy,False,Desperate Housewives
2005,Best Performance by an Actress in a Television Series - Musical or Comedy,False,Desperate Housewives
2005,Best Performance by an Actress in a Television Series - Musical or Comedy,False,Will & Grace
2005,Best Performance by an Actress in a Television Series - Musical or Comedy,False,Sex and The City
2005,Best Performance by an Actor in a Television Series - Musical or Comedy,True,Arrested Development
2005,Best Performance by an Actor in a Television Series - Musical or Comedy,False,Scrubs
2005,Best Performance by an Actor in a Television Series - Musical or Comedy,False,Curb Your Enthusiasm
2005,Best Performance by an Actor in a Television Series - Musical or Comedy,False,Joey
2005,Best Performance by an Actor in a Television Series - Musical or Comedy,False,Monk
2005,Best Performance by an Actor in a Television Series - Musical or Comedy,False,Two and a Half Men
2005,"Best Performance by an Actress in a Supporting Role in a Series, Limited Series or Motion Picture Made for Television",True,Iron Jawed Angels
2005,"Best Performance by an Actress in a Supporting Role in a Series, Limited Series or Motion Picture Made for Television",False,"Sopranos, The"
2005,"Best Performance by an Actress in a Supporting Role in a Series, Limited Series or Motion Picture Made for Television",False,Desperate Housewives
2005,"Best Performance by an Actress in a Supporting Role in a Series, Limited Series or Motion Picture Made for Television",False,The Life and Death of Peter Sellers
2005,"Best Performance by an Actress in a Supporting Role in a Series, Limited Series or Motion Picture Made for Television",False,The Life and Death of Peter Sellers
2005,"Best Performance by an Actor in a Supporting Role in a Series, Limited Series or Motion Picture Made for Television",True,Boston Legal
2005,"Best Performance by an Actor in a Supporting Role in a Series, Limited Series or Motion Picture Made for Television",False,Huff
2005,"Best Performance by an Actor in a Supporting Role in a Series, Limited Series or Motion Picture Made for Television",False,Will & Grace
2005,"Best Performance by an Actor in a Supporting Role in a Series, Limited Series or Motion Picture Made for Television",False,"Sopranos, The"
2005,"Best Performance by an Actor in a Supporting Role in a Series, Limited Series or Motion Picture Made for Television",False,Entourage
2005,Cecil B. deMille Award,False,Robin Williams
2006,Best Motion Picture - Drama,True,Brokeback Mountain
2006,Best Motion Picture - Drama,False,Match Point
2006,Best Motion Picture - Drama,False,"Constant Gardener, The"
2006,Best Motion Picture - Drama,False,"Good Night, and Good Luck"
2006,Best Motion Picture - Drama,False,A History of Violence
2006,Best Motion Picture - Musical or Comedy,True,Walk The Line
2006,Best Motion Picture - Musical or Comedy,False,Mrs. Henderson Presents
2006,Best Motion Picture - Musical or Comedy,False,Pride & Prejudice
2006,Best Motion Picture - Musical or Comedy,False,The Producers
2006,Best Motion Picture - Musical or Comedy,False,"Squid and the Whale, The"
2006,Best Performance by an Actress in a Motion Picture - Drama,True,Transamerica
2006,Best Performance by an Actress in a Motion Picture - Drama,False,A History of Violence
2006,Best Performance by an Actress in a Motion Picture - Drama,False,Proof
2006,Best Performance by an Actress in a Motion Picture - Drama,False,North Country
2006,Best Performance by an Actress in a Motion Picture - Drama,False,Memoirs of a Geisha
2006,Best Performance by an Actor in a Motion Picture - Drama,True,Capote
2006,Best Performance by an Actor in a Motion Picture - Drama,False,Brokeback Mountain
2006,Best Performance by an Actor in a Motion Picture - Drama,False,"Good Night, and Good Luck"
2006,Best Performance by an Actor in a Motion Picture - Drama,False,Cinderella Man
2006,Best Performance by an Actor in a Motion Picture - Drama,False,Hustle & Flow
2006,Best Performance by an Actress in a Motion Picture - Musical or Comedy,True,Walk The Line
2006,Best Performance by an Actress in a Motion Picture - Musical or Comedy,False,Mrs. Henderson Presents
2006,Best Performance by an Actress in a Motion Picture - Musical or Comedy,False,Pride & Prejudice
2006,Best Performance by an Actress in a Motion Picture - Musical or Comedy,False,"Squid and the Whale, The"
2006,Best Performance by an Actress in a Motion Picture - Musical or Comedy,False,"Family Stone, The"
2006,Best Performance by an Actor in a Motion Picture - Musical or Comedy,True,Walk The Line
2006,Best Performance by an Actor in a Motion Picture - Musical or Comedy,False,"Squid and the Whale, The"
2006,Best Performance by an Actor in a Motion Picture - Musical or Comedy,False,Charlie and the Chocolate Factory
2006,Best Performance by an Actor in a Motion Picture - Musical or Comedy,False,The Producers
2006,Best Performance by an Actor in a Motion Picture - Musical or Comedy,False,Breakfast On Pluto
2006,Best Performance by an Actor in a Motion Picture - Musical or Comedy,False,"Matador, The"
2006,Best Performance by an Actress in a Supporting Role in any Motion Picture,True,"Constant Gardener, The"
2006,Best Performance by an Actress in a Supporting Role in any Motion Picture,False,Match Point
2006,Best Performance by an Actress in a Supporting Role in any Motion Picture,False,In Her Shoes
2006,Best Performance by an Actress in a Supporting Role in any Motion Picture,False,North Country
2006,Best Performance by an Actress in a Supporting Role in any Motion Picture,False,Brokeback Mountain
2006,Best Performance by an Actor in a Supporting Role in any Motion Picture,True,Syriana
2006,Best Performance by an Actor in a Supporting Role in any Motion Picture,False,Crash
2006,Best Performance by an Actor in a Supporting Role in any Motion Picture,False,The Producers
2006,Best Performance by an Actor in a Supporting Role in any Motion Picture,False,Cinderella Man
2006,Best Performance by an Actor in a Supporting Role in any Motion Picture,False,Mrs. Henderson Presents
2006,Best Director - Motion Picture,True,Brokeback Mountain
2006,Best Director - Motion Picture,False,Match Point
2006,Best Director - Motion Picture,False,"Good Night, and Good Luck"
2006,Best Director - Motion Picture,False,"Constant Gardener, The"
2006,Best Director - Motion Picture,False,Munich
2006,Best Director - Motion Picture,False,King Kong (2005)
2006,Best Screenplay - Motion Picture,True,Brokeback Mountain
2006,Best Screenplay - Motion Picture,False,Match Point
2006,Best Screenplay - Motion Picture,False,"Good Night, and Good Luck"
2006,Best Screenplay - Motion Picture,False,Crash
2006,Best Screenplay - Motion Picture,False,Munich
2006,Best Motion Picture - Foreign Language,True,"Palestine, Hany Abu-Assad"
2006,Best Motion Picture - Foreign Language,False,"South Africa, Gavin Hood"
2006,Best Motion Picture - Foreign Language,False,"China, Stephen Chow"
2006,Best Motion Picture - Foreign Language,False,"China, Chen Kaige"
2006,Best Motion Picture - Foreign Language,False,"France, Christian Carion"
2006,Best Original Score - Motion Picture,True,Memoirs of a Geisha
2006,Best Original Score - Motion Picture,False,"The Chronicles Of Narnia: The Lion, The Witch And The Wardrobe"
2006,Best Original Score - Motion Picture,False,King Kong (2005)
2006,Best Original Score - Motion Picture,False,Syriana
2006,Best Original Score - Motion Picture,False,Brokeback Mountain
2006,Best Original Song - Motion Picture,True,Brokeback Mountain
2006,Best Original Song - Motion Picture,False,Transamerica
2006,Best Original Song - Motion Picture,False,"The Chronicles Of Narnia: The Lion, The Witch And The Wardrobe"
2006,Best Original Song - Motion Picture,False,Christmas In Love
2006,Best Original Song - Motion Picture,False,The Producers
2006,Best Television Series - Drama,True,Lost
2006,Best Television Series - Drama,False,Commander in Chief
2006,Best Television Series - Drama,False,Grey's Anatomy
2006,Best Television Series - Drama,False,Prison Break
2006,Best Television Series - Drama,False,Rome
2006,Best Television Series - Musical or Comedy,True,Desperate Housewives
2006,Best Television Series - Musical or Comedy,False,My Name Is Earl
2006,Best Television Series - Musical or Comedy,False,Weeds
2006,Best Television Series - Musical or Comedy,False,Curb Your Enthusiasm
2006,Best Television Series - Musical or Comedy,False,Entourage
2006,Best Television Series - Musical or Comedy,False,Everybody Hates Chris
2006,Best Television Limited Series or Motion Picture Made for Television,True,Empire Falls
2006,Best Television Limited Series or Motion Picture Made for Television,False,Into the West
2006,Best Television Limited Series or Motion Picture Made for Television,False,Lackawanna Blues
2006,Best Television Limited Series or Motion Picture Made for Television,False,Sleeper Cell
2006,Best Television Limited Series or Motion Picture Made for Television,False,Viva Blackpool
2006,Best Television Limited Series or Motion Picture Made for Television,False,Warm Springs
2006,Best Performance by an Actress in a Limited Series or a Motion Picture Made for Television,True,Lackawanna Blues
2006,Best Performance by an Actress in a Limited Series or a Motion Picture Made for Television,False,Their Eyes Were Watching God
2006,Best Performance by an Actress in a Limited Series or a Motion Picture Made for Television,False,"Girl In The Café, The"
2006,Best Performance by an Actress in a Limited Series or a Motion Picture Made for Television,False,Warm Springs
2006,Best Performance by an Actress in a Limited Series or a Motion Picture Made for Television,False,Human Trafficking
2006,Best Performance by an Actor in a Limited Series or a Motion Picture Made for Television,True,Elvis
2006,Best Performance by an Actor in a Limited Series or a Motion Picture Made for Television,False,Human Trafficking
2006,Best Performance by an Actor in a Limited Series or a Motion Picture Made for Television,False,Warm Springs
2006,Best Performance by an Actor in a Limited Series or a Motion Picture Made for Television,False,Empire Falls
2006,Best Performance by an Actor in a Limited Series or a Motion Picture Made for Television,False,"Girl In The Café, The"
2006,Best Performance by an Actress In A Television Series - Drama,True,Commander in Chief
2006,Best Performance by an Actress In A Television Series - Drama,False,"Closer, The"
2006,Best Performance by an Actress In A Television Series - Drama,False,Rome
2006,Best Performance by an Actress In A Television Series - Drama,False,Medium
2006,Best Performance by an Actress In A Television Series - Drama,False,"Shield, The"
2006,Best Performance by an Actor In A Television Series - Drama,True,House
2006,Best Performance by an Actor In A Television Series - Drama,False,Grey's Anatomy
2006,Best Performance by an Actor In A Television Series - Drama,False,Lost
2006,Best Performance by an Actor In A Television Series - Drama,False,Prison Break
2006,Best Performance by an Actor In A Television Series - Drama,False,24
2006,Best Performance by an Actress in a Television Series - Musical or Comedy,True,Weeds
2006,Best Performance by an Actress in a Television Series - Musical or Comedy,False,Desperate Housewives
2006,Best Performance by an Actress in a Television Series - Musical or Comedy,False,Desperate Housewives
2006,Best Performance by an Actress in a Television Series - Musical or Comedy,False,Desperate Housewives
2006,Best Performance by an Actress in a Television Series - Musical or Comedy,False,Desperate Housewives
2006,Best Performance by an Actor in a Television Series - Musical or Comedy,True,"Office, The"
2006,Best Performance by an Actor in a Television Series - Musical or Comedy,False,My Name Is Earl
2006,Best Performance by an Actor in a Television Series - Musical or Comedy,False,Two and a Half Men
2006,Best Performance by an Actor in a Television Series - Musical or Comedy,False,Scrubs
2006,Best Performance by an Actor in a Television Series - Musical or Comedy,False,Curb Your Enthusiasm
2006,"Best Performance by an Actress in a Supporting Role in a Series, Limited Series or Motion Picture Made for Television",True,Grey's Anatomy
2006,"Best Performance by an Actress in a Supporting Role in a Series, Limited Series or Motion Picture Made for Television",False,Empire Falls
2006,"Best Performance by an Actress in a Supporting Role in a Series, Limited Series or Motion Picture Made for Television",False,Boston Legal
2006,"Best Performance by an Actress in a Supporting Role in a Series, Limited Series or Motion Picture Made for Television",False,Elvis
2006,"Best Performance by an Actress in a Supporting Role in a Series, Limited Series or Motion Picture Made for Television",False,Weeds
2006,"Best Performance by an Actor in a Supporting Role in a Series, Limited Series or Motion Picture Made for Television",True,Empire Falls
2006,"Best Performance by an Actor in a Supporting Role in a Series, Limited Series or Motion Picture Made for Television",False,Lost
2006,"Best Performance by an Actor in a Supporting Role in a Series, Limited Series or Motion Picture Made for Television",False,Entourage
2006,"Best Performance by an Actor in a Supporting Role in a Series, Limited Series or Motion Picture Made for Television",False,Elvis
2006,"Best Performance by an Actor in a Supporting Role in a Series, Limited Series or Motion Picture Made for Television",False,Commander in Chief
2006,Cecil B. deMille Award,False,Anthony Hopkins
2007,Best Motion Picture - Drama,True,Babel
2007,Best Motion Picture - Drama,False,Bobby
2007,Best Motion Picture - Drama,False,"Departed, The"
2007,Best Motion Picture - Drama,False,Little Children
2007,Best Motion Picture - Drama,False,"Queen, The"
2007,Best Motion Picture - Musical or Comedy,True,Dreamgirls
2007,Best Motion Picture - Musical or Comedy,False,"Devil Wears Prada, The"
2007,Best Motion Picture - Musical or Comedy,False,Little Miss Sunshine
2007,Best Motion Picture - Musical or Comedy,False,Thank You For Smoking
2007,Best Motion Picture - Musical or Comedy,False,Borat: Cultural Learnings Of America For Make Benefit Glorious Nation Of Kazakhstan
2007,Best Performance by an Actress in a Motion Picture - Drama,True,"Queen, The"
2007,Best Performance by an Actress in a Motion Picture - Drama,False,Notes On a Scandal
2007,Best Performance by an Actress in a Motion Picture - Drama,False,Sherrybaby
2007,Best Performance by an Actress in a Motion Picture - Drama,False,Little Children
2007,Best Performance by an Actress in a Motion Picture - Drama,False,Volver
2007,Best Performance by an Actor in a Motion Picture - Drama,True,"Last King of Scotland, The"
2007,Best Performance by an Actor in a Motion Picture - Drama,False,Blood Diamond
2007,Best Performance by an Actor in a Motion Picture - Drama,False,"Departed, The"
2007,Best Performance by an Actor in a Motion Picture - Drama,False,Venus
2007,Best Performance by an Actor in a Motion Picture - Drama,False,The Pursuit of Happyness
2007,Best Performance by an Actress in a Motion Picture - Musical or Comedy,True,"Devil Wears Prada, The"
2007,Best Performance by an Actress in a Motion Picture - Musical or Comedy,False,Running With Scissors
2007,Best Performance by an Actress in a Motion Picture - Musical or Comedy,False,Little Miss Sunshine
2007,Best Performance by an Actress in a Motion Picture - Musical or Comedy,False,Dreamgirls
2007,Best Performance by an Actress in a Motion Picture - Musical or Comedy,False,Miss Potter
2007,Best Performance by an Actor in a Motion Picture - Musical or Comedy,True,Borat: Cultural Learnings Of America For Make Benefit Glorious Nation Of Kazakhstan
2007,Best Performance by an Actor in a Motion Picture - Musical or Comedy,False,Pirates of the Caribbean: Dead Man's Chest
2007,Best Performance by an Actor in a Motion Picture - Musical or Comedy,False,Thank You For Smoking
2007,Best Performance by an Actor in a Motion Picture - Musical or Comedy,False,Kinky Boots
2007,Best Performance by an Actor in a Motion Picture - Musical or Comedy,False,Stranger Than Fiction
2007,Best Performance by an Actress in a Supporting Role in any Motion Picture,True,Dreamgirls
2007,Best Performance by an Actress in a Supporting Role in any Motion Picture,False,Babel
2007,Best Performance by an Actress in a Supporting Role in any Motion Picture,False,Notes On a Scandal
2007,Best Performance by an Actress in a Supporting Role in any Motion Picture,False,"Devil Wears Prada, The"
2007,Best Performance by an Actress in a Supporting Role in any Motion Picture,False,Babel
2007,Best Performance by an Actor in a Supporting Role in any Motion Picture,True,Dreamgirls
2007,Best Performance by an Actor in a Supporting Role in any Motion Picture,False,"Departed, The"
2007,Best Performance by an Actor in a Supporting Role in any Motion Picture,False,Babel
2007,Best Performance by an Actor in a Supporting Role in any Motion Picture,False,"Departed, The"
2007,Best Performance by an Actor in a Supporting Role in any Motion Picture,False,Hollywoodland
2007,Best Director - Motion Picture,True,"Departed, The"
2007,Best Director - Motion Picture,False,Flags of Our Fathers
2007,Best Director - Motion Picture,False,Letters from Iwo Jima
2007,Best Director - Motion Picture,False,"Queen, The"
2007,Best Director - Motion Picture,False,Babel
2007,Best Screenplay - Motion Picture,True,"Queen, The"
2007,Best Screenplay - Motion Picture,False,Little Children
2007,Best Screenplay - Motion Picture,False,Notes On a Scandal
2007,Best Screenplay - Motion Picture,False,"Departed, The"
2007,Best Screenplay - Motion Picture,False,Babel
2007,Best Motion Picture - Animated,True,Cars
2007,Best Motion Picture - Animated,False,Happy Feet
2007,Best Motion Picture - Animated,False,Monster House
2007,Best Motion Picture - Foreign Language,True,"United States, Clint Eastwood"
2007,Best Motion Picture - Foreign Language,False,"Mexico, Guillermo del Toro"
2007,Best Motion Picture - Foreign Language,False,"Spain, Pedro Almodóvar"
2007,Best Motion Picture - Foreign Language,False,"United States, Mel Gibson"
2007,Best Motion Picture - Foreign Language,False,"Germany, Florian Henckel von Donnersmarck"
2007,Best Original Score - Motion Picture,True,The Painted Veil
2007,Best Original Score - Motion Picture,False,The Fountain
2007,Best Original Score - Motion Picture,False,Babel
2007,Best Original Score - Motion Picture,False,Nomad: The Warrior
2007,Best Original Score - Motion Picture,False,"Da Vinci Code, The"
2007,Best Original Song - Motion Picture,True,Happy Feet
2007,Best Original Song - Motion Picture,False,Dreamgirls
2007,Best Original Song - Motion Picture,False,Bobby
2007,Best Original Song - Motion Picture,False,Home of the Brave
2007,Best Original Song - Motion Picture,False,The Pursuit of Happyness
2007,Best Television Series - Drama,True,Grey's Anatomy
2007,Best Television Series - Drama,False,24
2007,Best Television Series - Drama,False,Big Love
2007,Best Television Series - Drama,False,Heroes
2007,Best Television Series - Drama,False,Lost
2007,Best Television Series - Musical or Comedy,True,Ugly Betty
2007,Best Television Series - Musical or Comedy,False,Entourage
2007,Best Television Series - Musical or Comedy,False,"Office, The"
2007,Best Television Series - Musical or Comedy,False,Weeds
2007,Best Television Series - Musical or Comedy,False,Desperate Housewives
2007,Best Television Limited Series or Motion Picture Made for Television,True,Elizabeth I
2007,Best Television Limited Series or Motion Picture Made for Television,False,Bleak House
2007,Best Television Limited Series or Motion Picture Made for Television,False,Broken Trail
2007,Best Television Limited Series or Motion Picture Made for Television,False,Mrs. Harris
2007,Best Television Limited Series or Motion Picture Made for Television,False,Prime Suspect: The Final Act
2007,Best Performance by an Actress in a Limited Series or a Motion Picture Made for Television,True,Elizabeth I
2007,Best Performance by an Actress in a Limited Series or a Motion Picture Made for Television,False,Mrs. Harris
2007,Best Performance by an Actress in a Limited Series or a Motion Picture Made for Television,False,Prime Suspect: The Final Act
2007,Best Performance by an Actress in a Limited Series or a Motion Picture Made for Television,False,"Tsunami, The Aftermath"
2007,Best Performance by an Actress in a Limited Series or a Motion Picture Made for Television,False,Bleak House
2007,Best Performance by an Actor in a Limited Series or a Motion Picture Made for Television,True,Gideon's Daughter
2007,Best Performance by an Actor in a Limited Series or a Motion Picture Made for Television,False,Thief
2007,Best Performance by an Actor in a Limited Series or a Motion Picture Made for Television,False,Broken Trail
2007,Best Performance by an Actor in a Limited Series or a Motion Picture Made for Television,False,Sleeper Cell
2007,Best Performance by an Actor in a Limited Series or a Motion Picture Made for Television,False,"Tsunami, The Aftermath"
2007,Best Performance by an Actor in a Limited Series or a Motion Picture Made for Television,False,Mrs. Harris
2007,Best Performance by an Actor in a Limited Series or a Motion Picture Made for Television,False,"Ron Clark Story, The"
2007,Best Performance by an Actress In A Television Series - Drama,True,"Closer, The"
2007,Best Performance by an Actress In A Television Series - Drama,False,Medium
2007,Best Performance by an Actress In A Television Series - Drama,False,"Sopranos, The"
2007,Best Performance by an Actress In A Television Series - Drama,False,Grey's Anatomy
2007,Best Performance by an Actress In A Television Series - Drama,False,Lost
2007,Best Performance by an Actor In A Television Series - Drama,True,House
2007,Best Performance by an Actor In A Television Series - Drama,False,Big Love
2007,Best Performance by an Actor In A Television Series - Drama,False,24
2007,Best Performance by an Actor In A Television Series - Drama,False,Grey's Anatomy
2007,Best Performance by an Actor In A Television Series - Drama,False,Dexter
2007,Best Performance by an Actress in a Television Series - Musical or Comedy,True,Ugly Betty
2007,Best Performance by an Actress in a Television Series - Musical or Comedy,False,Desperate Housewives
2007,Best Performance by an Actress in a Television Series - Musical or Comedy,False,Desperate Housewives
2007,Best Performance by an Actress in a Television Series - Musical or Comedy,False,"New Adventures Of Old Christine, The"
2007,Best Performance by an Actress in a Television Series - Musical or Comedy,False,Weeds
2007,Best Performance by an Actor in a Television Series - Musical or Comedy,True,30 Rock
2007,Best Performance by an Actor in a Television Series - Musical or Comedy,False,Monk
2007,Best Performance by an Actor in a Television Series - Musical or Comedy,False,Scrubs
2007,Best Performance by an Actor in a Television Series - Musical or Comedy,False,"Office, The"
2007,Best Performance by an Actor in a Television Series - Musical or Comedy,False,My Name Is Earl
2007,"Best Performance by an Actress in a Supporting Role in a Series, Limited Series or Motion Picture Made for Television",True,Gideon's Daughter
2007,"Best Performance by an Actress in a Supporting Role in a Series, Limited Series or Motion Picture Made for Television",False,"Tsunami, The Aftermath"
2007,"Best Performance by an Actress in a Supporting Role in a Series, Limited Series or Motion Picture Made for Television",False,Grey's Anatomy
2007,"Best Performance by an Actress in a Supporting Role in a Series, Limited Series or Motion Picture Made for Television",False,Studio 60 on the Sunset Strip
2007,"Best Performance by an Actress in a Supporting Role in a Series, Limited Series or Motion Picture Made for Television",False,Weeds
2007,"Best Performance by an Actor in a Supporting Role in a Series, Limited Series or Motion Picture Made for Television",True,Elizabeth I
2007,"Best Performance by an Actor in a Supporting Role in a Series, Limited Series or Motion Picture Made for Television",False,Weeds
2007,"Best Performance by an Actor in a Supporting Role in a Series, Limited Series or Motion Picture Made for Television",False,Heroes
2007,"Best Performance by an Actor in a Supporting Role in a Series, Limited Series or Motion Picture Made for Television",False,Entourage
2007,"Best Performance by an Actor in a Supporting Role in a Series, Limited Series or Motion Picture Made for Television",False,Broken Trail
2007,Cecil B. deMille Award,False,Warren Beatty
2008,Best Motion Picture - Drama,True,Atonement
2008,Best Motion Picture - Drama,False,Michael Clayton
2008,Best Motion Picture - Drama,False,No Country for Old Men
2008,Best Motion Picture - Drama,False,There Will Be Blood
2008,Best Motion Picture - Drama,False,American Gangster
2008,Best Motion Picture - Drama,False,Eastern Promises
2008,Best Motion Picture - Drama,False,"Great Debaters, The"
2008,Best Motion Picture - Musical or Comedy,True,Sweeney Todd: The Demon Barber of Fleet Street
2008,Best Motion Picture - Musical or Comedy,False,Across The Universe
2008,Best Motion Picture - Musical or Comedy,False,Charlie Wilson's War
2008,Best Motion Picture - Musical or Comedy,False,Hairspray
2008,Best Motion Picture - Musical or Comedy,False,Juno
2008,Best Performance by an Actress in a Motion Picture - Drama,True,Away From Her
2008,Best Performance by an Actress in a Motion Picture - Drama,False,Elizabeth:  The Golden Age
2008,Best Performance by an Actress in a Motion Picture - Drama,False,"Brave One, The"
2008,Best Performance by an Actress in a Motion Picture - Drama,False,"Mighty Heart, A"
2008,Best Performance by an Actress in a Motion Picture - Drama,False,Atonement
2008,Best Performance by an Actor in a Motion Picture - Drama,True,There Will Be Blood
2008,Best Performance by an Actor in a Motion Picture - Drama,False,American Gangster
2008,Best Performance by an Actor in a Motion Picture - Drama,False,Michael Clayton
2008,Best Performance by an Actor in a Motion Picture - Drama,False,Atonement
2008,Best Performance by an Actor in a Motion Picture - Drama,False,Eastern Promises
2008,Best Performance by an Actress in a Motion Picture - Musical or Comedy,True,La Vie En Rose
2008,Best Performance by an Actress in a Motion Picture - Musical or Comedy,False,Hairspray
2008,Best Performance by an Actress in a Motion Picture - Musical or Comedy,False,Enchanted
2008,Best Performance by an Actress in a Motion Picture - Musical or Comedy,False,Sweeney Todd: The Demon Barber of Fleet Street
2008,Best Performance by an Actress in a Motion Picture - Musical or Comedy,False,Juno
2008,Best Performance by an Actor in a Motion Picture - Musical or Comedy,True,Sweeney Todd: The Demon Barber of Fleet Street
2008,Best Performance by an Actor in a Motion Picture - Musical or Comedy,False,Lars and the Real Girl
2008,Best Performance by an Actor in a Motion Picture - Musical or Comedy,False,Charlie Wilson's War
2008,Best Performance by an Actor in a Motion Picture - Musical or Comedy,False,"Savages, The"
2008,Best Performance by an Actor in a Motion Picture - Musical or Comedy,False,Walk Hard: The Dewey Cox Story
2008,Best Performance by an Actress in a Supporting Role in any Motion Picture,True,I'm Not There
2008,Best Performance by an Actress in a Supporting Role in any Motion Picture,False,Charlie Wilson's War
2008,Best Performance by an Actress in a Supporting Role in any Motion Picture,False,Atonement
2008,Best Performance by an Actress in a Supporting Role in any Motion Picture,False,Gone Baby Gone
2008,Best Performance by an Actress in a Supporting Role in any Motion Picture,False,Michael Clayton
2008,Best Performance by an Actor in a Supporting Role in any Motion Picture,True,No Country for Old Men
2008,Best Performance by an Actor in a Supporting Role in any Motion Picture,False,"Assassination of Jesse James by the Coward Robert Ford, The"
2008,Best Performance by an Actor in a Supporting Role in any Motion Picture,False,Charlie Wilson's War
2008,Best Performance by an Actor in a Supporting Role in any Motion Picture,False,Hairspray
2008,Best Performance by an Actor in a Supporting Role in any Motion Picture,False,Michael Clayton
2008,Best Director - Motion Picture,True,The Diving Bell and the Butterfly
2008,Best Director - Motion Picture,False,American Gangster
2008,Best Director - Motion Picture,False,Atonement
2008,Best Director - Motion Picture,False,Sweeney Todd: The Demon Barber of Fleet Street
2008,Best Director - Motion Picture,False,No Country for Old Men
2008,Best Screenplay - Motion Picture,True,No Country for Old Men
2008,Best Screenplay - Motion Picture,False,Juno
2008,Best Screenplay - Motion Picture,False,Atonement
2008,Best Screenplay - Motion Picture,False,The Diving Bell and the Butterfly
2008,Best Screenplay - Motion Picture,False,Charlie Wilson's War
2008,Best Motion Picture - Animated,True,Ratatouille
2008,Best Motion Picture - Animated,False,Bee Movie
2008,Best Motion Picture - Animated,False,"Simpsons Movie, The"
2008,Best Motion Picture - Foreign Language,True,"France, United States, Julian Schnabel"
2008,Best Motion Picture - Foreign Language,False,"United States, Marc Forster"
2008,Best Motion Picture - Foreign Language,False,"Taiwan, Ang Lee"
2008,Best Motion Picture - Foreign Language,False,"France, Marjane Satrapi, Vincent Paronnaud"
2008,Best Motion Picture - Foreign Language,False,"Romania, Cristian Mungiu"
2008,Best Original Score - Motion Picture,True,Atonement
2008,Best Original Score - Motion Picture,False,Grace Is Gone
2008,Best Original Score - Motion Picture,False,The Kite Runner
2008,Best Original Score - Motion Picture,False,Eastern Promises
2008,Best Original Score - Motion Picture,False,Into The Wild
2008,Best Original Song - Motion Picture,True,Into The Wild
2008,Best Original Song - Motion Picture,False,Enchanted
2008,Best Original Song - Motion Picture,False,Walk Hard: The Dewey Cox Story
2008,Best Original Song - Motion Picture,False,Love in the Time of Cholera
2008,Best Original Song - Motion Picture,False,Grace Is Gone
2008,Best Television Series - Drama,True,Mad Men
2008,Best Television Series - Drama,False,Big Love
2008,Best Television Series - Drama,False,Damages
2008,Best Television Series - Drama,False,Grey's Anatomy
2008,Best Television Series - Drama,False,House
2008,Best Television Series - Drama,False,"Tudors, The"
2008,Best Television Series - Musical or Comedy,True,Extras
2008,Best Television Series - Musical or Comedy,False,Pushing Daisies
2008,Best Television Series - Musical or Comedy,False,30 Rock
2008,Best Television Series - Musical or Comedy,False,Californication
2008,Best Television Series - Musical or Comedy,False,Entourage
2008,Best Television Limited Series or Motion Picture Made for Television,True,Longford
2008,Best Television Limited Series or Motion Picture Made for Television,False,Bury My Heart at Wounded Knee
2008,Best Television Limited Series or Motion Picture Made for Television,False,The Company
2008,Best Television Limited Series or Motion Picture Made for Television,False,Five Days
2008,Best Television Limited Series or Motion Picture Made for Television,False,The State Within
2008,Best Performance by an Actress in a Limited Series or a Motion Picture Made for Television,True,Life Support
2008,Best Performance by an Actress in a Limited Series or a Motion Picture Made for Television,False,Pictures of Hollis Woods
2008,Best Performance by an Actress in a Limited Series or a Motion Picture Made for Television,False,Jane Eyre
2008,Best Performance by an Actress in a Limited Series or a Motion Picture Made for Television,False,As You Like It
2008,Best Performance by an Actress in a Limited Series or a Motion Picture Made for Television,False,"Starter Wife, The"
2008,Best Performance by an Actor in a Limited Series or a Motion Picture Made for Television,True,Longford
2008,Best Performance by an Actor in a Limited Series or a Motion Picture Made for Television,False,Bury My Heart at Wounded Knee
2008,Best Performance by an Actor in a Limited Series or a Motion Picture Made for Television,False,"Grandpa for Christmas, A"
2008,Best Performance by an Actor in a Limited Series or a Motion Picture Made for Television,False,The State Within
2008,Best Performance by an Actor in a Limited Series or a Motion Picture Made for Television,False,Jekyll
2008,Best Performance by an Actress In A Television Series - Drama,True,Damages
2008,Best Performance by an Actress In A Television Series - Drama,False,"Sopranos, The"
2008,Best Performance by an Actress In A Television Series - Drama,False,Brothers & Sisters
2008,Best Performance by an Actress In A Television Series - Drama,False,Saving Grace
2008,Best Performance by an Actress In A Television Series - Drama,False,"Closer, The"
2008,Best Performance by an Actress In A Television Series - Drama,False,Medium
2008,Best Performance by an Actress In A Television Series - Drama,False,"Riches, The"
2008,Best Performance by an Actor In A Television Series - Drama,True,Mad Men
2008,Best Performance by an Actor In A Television Series - Drama,False,Dexter
2008,Best Performance by an Actor In A Television Series - Drama,False,House
2008,Best Performance by an Actor In A Television Series - Drama,False,"Tudors, The"
2008,Best Performance by an Actor In A Television Series - Drama,False,Big Love
2008,Best Performance by an Actress in a Television Series - Musical or Comedy,True,30 Rock
2008,Best Performance by an Actress in a Television Series - Musical or Comedy,False,Samantha Who?
2008,Best Performance by an Actress in a Television Series - Musical or Comedy,False,Ugly Betty
2008,Best Performance by an Actress in a Television Series - Musical or Comedy,False,Pushing Daisies
2008,Best Performance by an Actress in a Television Series - Musical or Comedy,False,Weeds
2008,Best Performance by an Actor in a Television Series - Musical or Comedy,True,Californication
2008,Best Performance by an Actor in a Television Series - Musical or Comedy,False,"Office, The"
2008,Best Performance by an Actor in a Television Series - Musical or Comedy,False,Extras
2008,Best Performance by an Actor in a Television Series - Musical or Comedy,False,Pushing Daisies
2008,Best Performance by an Actor in a Television Series - Musical or Comedy,False,30 Rock
2008,"Best Performance by an Actress in a Supporting Role in a Series, Limited Series or Motion Picture Made for Television",True,Longford
2008,"Best Performance by an Actress in a Supporting Role in a Series, Limited Series or Motion Picture Made for Television",False,Damages
2008,"Best Performance by an Actress in a Supporting Role in a Series, Limited Series or Motion Picture Made for Television",False,Brothers & Sisters
2008,"Best Performance by an Actress in a Supporting Role in a Series, Limited Series or Motion Picture Made for Television",False,Grey's Anatomy
2008,"Best Performance by an Actress in a Supporting Role in a Series, Limited Series or Motion Picture Made for Television",False,Bury My Heart at Wounded Knee
2008,"Best Performance by an Actress in a Supporting Role in a Series, Limited Series or Motion Picture Made for Television",False,My Name Is Earl
2008,"Best Performance by an Actor in a Supporting Role in a Series, Limited Series or Motion Picture Made for Television",True,Entourage
2008,"Best Performance by an Actor in a Supporting Role in a Series, Limited Series or Motion Picture Made for Television",False,Damages
2008,"Best Performance by an Actor in a Supporting Role in a Series, Limited Series or Motion Picture Made for Television",False,Entourage
2008,"Best Performance by an Actor in a Supporting Role in a Series, Limited Series or Motion Picture Made for Television",False,Longford
2008,"Best Performance by an Actor in a Supporting Role in a Series, Limited Series or Motion Picture Made for Television",False,Boston Legal
2008,"Best Performance by an Actor in a Supporting Role in a Series, Limited Series or Motion Picture Made for Television",False,Dirty Sexy Money
2009,Best Motion Picture - Drama,True,Slumdog Millionaire
2009,Best Motion Picture - Drama,False,The Curious Case of Benjamin Button
2009,Best Motion Picture - Drama,False,Frost/Nixon
2009,Best Motion Picture - Drama,False,"Reader, The"
2009,Best Motion Picture - Drama,False,Revolutionary Road
2009,Best Motion Picture - Musical or Comedy,True,Vicky Cristina Barcelona
2009,Best Motion Picture - Musical or Comedy,False,Burn After Reading
2009,Best Motion Picture - Musical or Comedy,False,Happy-Go-Lucky
2009,Best Motion Picture - Musical or Comedy,False,In Bruges
2009,Best Motion Picture - Musical or Comedy,False,Mamma Mia!
2009,Best Performance by an Actress in a Motion Picture - Drama,True,Revolutionary Road
2009,Best Performance by an Actress in a Motion Picture - Drama,False,Doubt
2009,Best Performance by an Actress in a Motion Picture - Drama,False,Rachel Getting Married
2009,Best Performance by an Actress in a Motion Picture - Drama,False,Changeling
2009,Best Performance by an Actress in a Motion Picture - Drama,False,I've Loved You So Long
2009,Best Performance by an Actor in a Motion Picture - Drama,True,The Wrestler
2009,Best Performance by an Actor in a Motion Picture - Drama,False,The Curious Case of Benjamin Button
2009,Best Performance by an Actor in a Motion Picture - Drama,False,Revolutionary Road
2009,Best Performance by an Actor in a Motion Picture - Drama,False,Frost/Nixon
2009,Best Performance by an Actor in a Motion Picture - Drama,False,Milk
2009,Best Performance by an Actress in a Motion Picture - Musical or Comedy,True,Happy-Go-Lucky
2009,Best Performance by an Actress in a Motion Picture - Musical or Comedy,False,Vicky Cristina Barcelona
2009,Best Performance by an Actress in a Motion Picture - Musical or Comedy,False,Burn After Reading
2009,Best Performance by an Actress in a Motion Picture - Musical or Comedy,False,Mamma Mia!
2009,Best Performance by an Actress in a Motion Picture - Musical or Comedy,False,Last Chance Harvey
2009,Best Performance by an Actor in a Motion Picture - Musical or Comedy,True,In Bruges
2009,Best Performance by an Actor in a Motion Picture - Musical or Comedy,False,Vicky Cristina Barcelona
2009,Best Performance by an Actor in a Motion Picture - Musical or Comedy,False,Pineapple Express
2009,Best Performance by an Actor in a Motion Picture - Musical or Comedy,False,In Bruges
2009,Best Performance by an Actor in a Motion Picture - Musical or Comedy,False,Last Chance Harvey
2009,Best Performance by an Actress in a Supporting Role in any Motion Picture,True,"Reader, The"
2009,Best Performance by an Actress in a Supporting Role in any Motion Picture,False,Vicky Cristina Barcelona
2009,Best Performance by an Actress in a Supporting Role in any Motion Picture,False,Doubt
2009,Best Performance by an Actress in a Supporting Role in any Motion Picture,False,The Wrestler
2009,Best Performance by an Actress in a Supporting Role in any Motion Picture,False,Doubt
2009,Best Performance by an Actor in a Supporting Role in any Motion Picture,True,"Dark Knight, The"
2009,Best Performance by an Actor in a Supporting Role in any Motion Picture,False,Tropic Thunder
2009,Best Performance by an Actor in a Supporting Role in any Motion Picture,False,Tropic Thunder
2009,Best Performance by an Actor in a Supporting Role in any Motion Picture,False,"Duchess, The"
2009,Best Performance by an Actor in a Supporting Role in any Motion Picture,False,Doubt
2009,Best Director - Motion Picture,True,Slumdog Millionaire
2009,Best Director - Motion Picture,False,"Reader, The"
2009,Best Director - Motion Picture,False,The Curious Case of Benjamin Button
2009,Best Director - Motion Picture,False,Frost/Nixon
2009,Best Director - Motion Picture,False,Revolutionary Road
2009,Best Screenplay - Motion Picture,True,Slumdog Millionaire
2009,Best Screenplay - Motion Picture,False,The Curious Case of Benjamin Button
2009,Best Screenplay - Motion Picture,False,Doubt
2009,Best Screenplay - Motion Picture,False,"Reader, The"
2009,Best Screenplay - Motion Picture,False,Frost/Nixon
2009,Best Motion Picture - Animated,True,Wall-E
2009,Best Motion Picture - Animated,False,Bolt
2009,Best Motion Picture - Animated,False,Kung Fu Panda
2009,Best Motion Picture - Foreign Language,True,"Israel, Ari Folman"
2009,Best Motion Picture - Foreign Language,False,"Germany, Uli Edel"
2009,Best Motion Picture - Foreign Language,False,"Sweden, Denmark, Jan Troell"
2009,Best Motion Picture - Foreign Language,False,"Italy, Matteo Garrone"
2009,Best Motion Picture - Foreign Language,False,"France, Philippe Claudel"
2009,Best Original Score - Motion Picture,True,Slumdog Millionaire
2009,Best Original Score - Motion Picture,False,The Curious Case of Benjamin Button
2009,Best Original Score - Motion Picture,False,Changeling
2009,Best Original Score - Motion Picture,False,Defiance
2009,Best Original Score - Motion Picture,False,Frost/Nixon
2009,Best Original Song - Motion Picture,True,The Wrestler
2009,Best Original Song - Motion Picture,False,Gran Torino
2009,Best Original Song - Motion Picture,False,Bolt
2009,Best Original Song - Motion Picture,False,Cadillac Records
2009,Best Original Song - Motion Picture,False,Wall-E
2009,Best Television Series - Drama,True,Mad Men
2009,Best Television Series - Drama,False,Dexter
2009,Best Television Series - Drama,False,House
2009,Best Television Series - Drama,False,In Treatment
2009,Best Television Series - Drama,False,True Blood
2009,Best Television Series - Musical or Comedy,True,30 Rock
2009,Best Television Series - Musical or Comedy,False,Californication
2009,Best Television Series - Musical or Comedy,False,Entourage
2009,Best Television Series - Musical or Comedy,False,"Office, The"
2009,Best Television Series - Musical or Comedy,False,Weeds
2009,Best Television Limited Series or Motion Picture Made for Television,True,John Adams
2009,Best Television Limited Series or Motion Picture Made for Television,False,A Raisin In The Sun
2009,Best Television Limited Series or Motion Picture Made for Television,False,Bernard And Doris
2009,Best Television Limited Series or Motion Picture Made for Television,False,Cranford
2009,Best Television Limited Series or Motion Picture Made for Television,False,Recount
2009,Best Performance by an Actress in a Limited Series or a Motion Picture Made for Television,True,John Adams
2009,Best Performance by an Actress in a Limited Series or a Motion Picture Made for Television,False,Bernard And Doris
2009,Best Performance by an Actress in a Limited Series or a Motion Picture Made for Television,False,Cranford
2009,Best Performance by an Actress in a Limited Series or a Motion Picture Made for Television,False,"American Crime, An"
2009,Best Performance by an Actress in a Limited Series or a Motion Picture Made for Television,False,Coco Chanel
2009,Best Performance by an Actor in a Limited Series or a Motion Picture Made for Television,True,John Adams
2009,Best Performance by an Actor in a Limited Series or a Motion Picture Made for Television,False,Bernard And Doris
2009,Best Performance by an Actor in a Limited Series or a Motion Picture Made for Television,False,Recount
2009,Best Performance by an Actor in a Limited Series or a Motion Picture Made for Television,False,24
2009,Best Performance by an Actor in a Limited Series or a Motion Picture Made for Television,False,Recount
2009,Best Performance by an Actress In A Television Series - Drama,True,True Blood
2009,Best Performance by an Actress In A Television Series - Drama,False,"Closer, The"
2009,Best Performance by an Actress In A Television Series - Drama,False,Brothers & Sisters
2009,Best Performance by an Actress In A Television Series - Drama,False,Law & Order
2009,Best Performance by an Actress In A Television Series - Drama,False,Mad Men
2009,Best Performance by an Actor In A Television Series - Drama,True,In Treatment
2009,Best Performance by an Actor In A Television Series - Drama,False,Dexter
2009,Best Performance by an Actor In A Television Series - Drama,False,Mad Men
2009,Best Performance by an Actor In A Television Series - Drama,False,House
2009,Best Performance by an Actor In A Television Series - Drama,False,"Tudors, The"
2009,Best Performance by an Actress in a Television Series - Musical or Comedy,True,30 Rock
2009,Best Performance by an Actress in a Television Series - Musical or Comedy,False,Ugly Betty
2009,Best Performance by an Actress in a Television Series - Musical or Comedy,False,"Starter Wife, The"
2009,Best Performance by an Actress in a Television Series - Musical or Comedy,False,Weeds
2009,Best Performance by an Actress in a Television Series - Musical or Comedy,False,Samantha Who?
2009,Best Performance by an Actor in a Television Series - Musical or Comedy,True,30 Rock
2009,Best Performance by an Actor in a Television Series - Musical or Comedy,False,"Office, The"
2009,Best Performance by an Actor in a Television Series - Musical or Comedy,False,Entourage
2009,Best Performance by an Actor in a Television Series - Musical or Comedy,False,Californication
2009,Best Performance by an Actor in a Television Series - Musical or Comedy,False,Monk
2009,"Best Performance by an Actress in a Supporting Role in a Series, Limited Series or Motion Picture Made for Television",True,Recount
2009,"Best Performance by an Actress in a Supporting Role in a Series, Limited Series or Motion Picture Made for Television",False,In Treatment
2009,"Best Performance by an Actress in a Supporting Role in a Series, Limited Series or Motion Picture Made for Television",False,Brothers & Sisters
2009,"Best Performance by an Actress in a Supporting Role in a Series, Limited Series or Motion Picture Made for Television",False,In Treatment
2009,"Best Performance by an Actress in a Supporting Role in a Series, Limited Series or Motion Picture Made for Television",False,Cranford
2009,"Best Performance by an Actor in a Supporting Role in a Series, Limited Series or Motion Picture Made for Television",True,John Adams
2009,"Best Performance by an Actor in a Supporting Role in a Series, Limited Series or Motion Picture Made for Television",False,How I Met Your Mother
2009,"Best Performance by an Actor in a Supporting Role in a Series, Limited Series or Motion Picture Made for Television",False,Recount
2009,"Best Performance by an Actor in a Supporting Role in a Series, Limited Series or Motion Picture Made for Television",False,Entourage
2009,"Best Performance by an Actor in a Supporting Role in a Series, Limited Series or Motion Picture Made for Television",False,In Treatment
2009,Cecil B. deMille Award,False,Steven Spielberg
2010,Best Motion Picture - Drama,True,Avatar
2010,Best Motion Picture - Drama,False,"Hurt Locker, The"
2010,Best Motion Picture - Drama,False,Inglourious Basterds
2010,Best Motion Picture - Drama,False,Precious: Based On The Novel Push By Sapphire
2010,Best Motion Picture - Drama,False,Up In The Air
2010,Best Motion Picture - Musical or Comedy,True,"Hangover, The"
2010,Best Motion Picture - Musical or Comedy,False,(500) Days of Summer
2010,Best Motion Picture - Musical or Comedy,False,It's Complicated
2010,Best Motion Picture - Musical or Comedy,False,Julie & Julia
2010,Best Motion Picture - Musical or Comedy,False,Nine
2010,Best Performance by an Actress in a Motion Picture - Drama,True,"Blind Side, The"
2010,Best Performance by an Actress in a Motion Picture - Drama,False,"Young Victoria, The"
2010,Best Performance by an Actress in a Motion Picture - Drama,False,"Last Station, The"
2010,Best Performance by an Actress in a Motion Picture - Drama,False,"Education, An"
2010,Best Performance by an Actress in a Motion Picture - Drama,False,Precious: Based On The Novel Push By Sapphire
2010,Best Performance by an Actor in a Motion Picture - Drama,True,Crazy Heart
2010,Best Performance by an Actor in a Motion Picture - Drama,False,Up In The Air
2010,Best Performance by an Actor in a Motion Picture - Drama,False,A Single Man
2010,Best Performance by an Actor in a Motion Picture - Drama,False,Invictus
2010,Best Performance by an Actor in a Motion Picture - Drama,False,Brothers
2010,Best Performance by an Actress in a Motion Picture - Musical or Comedy,True,Julie & Julia
2010,Best Performance by an Actress in a Motion Picture - Musical or Comedy,False,"Proposal, The"
2010,Best Performance by an Actress in a Motion Picture - Musical or Comedy,False,Nine
2010,Best Performance by an Actress in a Motion Picture - Musical or Comedy,False,Duplicity
2010,Best Performance by an Actress in a Motion Picture - Musical or Comedy,False,It's Complicated
2010,Best Performance by an Actor in a Motion Picture - Musical or Comedy,True,Sherlock Holmes
2010,Best Performance by an Actor in a Motion Picture - Musical or Comedy,False,The Informant!
2010,Best Performance by an Actor in a Motion Picture - Musical or Comedy,False,Nine
2010,Best Performance by an Actor in a Motion Picture - Musical or Comedy,False,(500) Days of Summer
2010,Best Performance by an Actor in a Motion Picture - Musical or Comedy,False,"Serious Man, A"
2010,Best Performance by an Actress in a Supporting Role in any Motion Picture,True,Precious: Based On The Novel Push By Sapphire
2010,Best Performance by an Actress in a Supporting Role in any Motion Picture,False,Up In The Air
2010,Best Performance by an Actress in a Supporting Role in any Motion Picture,False,Up In The Air
2010,Best Performance by an Actress in a Supporting Role in any Motion Picture,False,A Single Man
2010,Best Performance by an Actress in a Supporting Role in any Motion Picture,False,Nine
2010,Best Performance by an Actor in a Supporting Role in any Motion Picture,True,Inglourious Basterds
2010,Best Performance by an Actor in a Supporting Role in any Motion Picture,False,Invictus
2010,Best Performance by an Actor in a Supporting Role in any Motion Picture,False,"Messenger, The"
2010,Best Performance by an Actor in a Supporting Role in any Motion Picture,False,"Last Station, The"
2010,Best Performance by an Actor in a Supporting Role in any Motion Picture,False,"Lovely Bones, The"
2010,Best Director - Motion Picture,True,Avatar
2010,Best Director - Motion Picture,False,"Hurt Locker, The"
2010,Best Director - Motion Picture,False,Up In The Air
2010,Best Director - Motion Picture,False,Inglourious Basterds
2010,Best Director - Motion Picture,False,Invictus
2010,Best Screenplay - Motion Picture,True,Up In The Air
2010,Best Screenplay - Motion Picture,False,District 9
2010,Best Screenplay - Motion Picture,False,"Hurt Locker, The"
2010,Best Screenplay - Motion Picture,False,It's Complicated
2010,Best Screenplay - Motion Picture,False,Inglourious Basterds
2010,Best Motion Picture - Animated,True,Up
2010,Best Motion Picture - Animated,False,Coraline
2010,Best Motion Picture - Animated,False,Fantastic Mr. Fox
2010,Best Motion Picture - Animated,False,"Princess And The Frog, The"
2010,Best Motion Picture - Animated,False,Cloudy With A Chance Of Meatballs
2010,Best Motion Picture - Foreign Language,True,"Germany, Michael Haneke"
2010,Best Motion Picture - Foreign Language,False,"Italy, Giuseppe Tornatore"
2010,Best Motion Picture - Foreign Language,False,"Spain, Pedro Almodóvar"
2010,Best Motion Picture - Foreign Language,False,"Chile, Sebastián Silva"
2010,Best Motion Picture - Foreign Language,False,"France, Jacques Audiard"
2010,Best Original Score - Motion Picture,True,Up
2010,Best Original Score - Motion Picture,False,The Informant!
2010,Best Original Score - Motion Picture,False,Avatar
2010,Best Original Score - Motion Picture,False,A Single Man
2010,Best Original Score - Motion Picture,False,Where The Wild Things Are
2010,Best Original Song - Motion Picture,True,Crazy Heart
2010,Best Original Song - Motion Picture,False,Brothers
2010,Best Original Song - Motion Picture,False,Nine
2010,Best Original Song - Motion Picture,False,Everybody's Fine
2010,Best Original Song - Motion Picture,False,Avatar
2010,Best Television Series - Drama,True,Mad Men
2010,Best Television Series - Drama,False,Big Love
2010,Best Television Series - Drama,False,Dexter
2010,Best Television Series - Drama,False,House
2010,Best Television Series - Drama,False,True Blood
2010,Best Television Series - Musical or Comedy,True,Glee
2010,Best Television Series - Musical or Comedy,False,"Office, The"
2010,Best Television Series - Musical or Comedy,False,30 Rock
2010,Best Television Series - Musical or Comedy,False,Entourage
2010,Best Television Series - Musical or Comedy,False,Modern Family
2010,Best Television Limited Series or Motion Picture Made for Television,True,Grey Gardens
2010,Best Television Limited Series or Motion Picture Made for Television,False,Georgia O'Keeffe
2010,Best Television Limited Series or Motion Picture Made for Television,False,Into The Storm
2010,Best Television Limited Series or Motion Picture Made for Television,False,Little Dorrit
2010,Best Television Limited Series or Motion Picture Made for Television,False,Taking Chance
2010,Best Performance by an Actress in a Limited Series or a Motion Picture Made for Television,True,Grey Gardens
2010,Best Performance by an Actress in a Limited Series or a Motion Picture Made for Television,False,Grey Gardens
2010,Best Performance by an Actress in a Limited Series or a Motion Picture Made for Television,False,The Courageous Heart of Irena Sendler
2010,Best Performance by an Actress in a Limited Series or a Motion Picture Made for Television,False,Prayers For Bobby
2010,Best Performance by an Actress in a Limited Series or a Motion Picture Made for Television,False,Georgia O'Keeffe
2010,Best Performance by an Actor in a Limited Series or a Motion Picture Made for Television,True,Taking Chance
2010,Best Performance by an Actor in a Limited Series or a Motion Picture Made for Television,False,Wallander: One Step Behind
2010,Best Performance by an Actor in a Limited Series or a Motion Picture Made for Television,False,Endgame
2010,Best Performance by an Actor in a Limited Series or a Motion Picture Made for Television,False,Into The Storm
2010,Best Performance by an Actor in a Limited Series or a Motion Picture Made for Television,False,Georgia O'Keeffe
2010,Best Performance by an Actress In A Television Series - Drama,True,The Good Wife
2010,Best Performance by an Actress In A Television Series - Drama,False,Damages
2010,Best Performance by an Actress In A Television Series - Drama,False,Mad Men
2010,Best Performance by an Actress In A Television Series - Drama,False,True Blood
2010,Best Performance by an Actress In A Television Series - Drama,False,"Closer, The"
2010,Best Performance by an Actor In A Television Series - Drama,True,Dexter
2010,Best Performance by an Actor In A Television Series - Drama,False,"Mentalist, The"
2010,Best Performance by an Actor In A Television Series - Drama,False,Mad Men
2010,Best Performance by an Actor In A Television Series - Drama,False,House
2010,Best Performance by an Actor In A Television Series - Drama,False,Big Love
2010,Best Performance by an Actress in a Television Series - Musical or Comedy,True,United States Of Tara
2010,Best Performance by an Actress in a Television Series - Musical or Comedy,False,Cougar Town
2010,Best Performance by an Actress in a Television Series - Musical or Comedy,False,Nurse Jackie
2010,Best Performance by an Actress in a Television Series - Musical or Comedy,False,30 Rock
2010,Best Performance by an Actress in a Television Series - Musical or Comedy,False,Glee
2010,Best Performance by an Actor in a Television Series - Musical or Comedy,True,30 Rock
2010,Best Performance by an Actor in a Television Series - Musical or Comedy,False,"Office, The"
2010,Best Performance by an Actor in a Television Series - Musical or Comedy,False,Californication
2010,Best Performance by an Actor in a Television Series - Musical or Comedy,False,Hung
2010,Best Performance by an Actor in a Television Series - Musical or Comedy,False,Glee
2010,"Best Performance by an Actress in a Supporting Role in a Series, Limited Series or Motion Picture Made for Television",True,Big Love
2010,"Best Performance by an Actress in a Supporting Role in a Series, Limited Series or Motion Picture Made for Television",False,Hung
2010,"Best Performance by an Actress in a Supporting Role in a Series, Limited Series or Motion Picture Made for Television",False,Damages
2010,"Best Performance by an Actress in a Supporting Role in a Series, Limited Series or Motion Picture Made for Television",False,Glee
2010,"Best Performance by an Actress in a Supporting Role in a Series, Limited Series or Motion Picture Made for Television",False,Into The Storm
2010,"Best Performance by an Actor in a Supporting Role in a Series, Limited Series or Motion Picture Made for Television",True,Dexter
2010,"Best Performance by an Actor in a Supporting Role in a Series, Limited Series or Motion Picture Made for Television",False,Lost
2010,"Best Performance by an Actor in a Supporting Role in a Series, Limited Series or Motion Picture Made for Television",False,How I Met Your Mother
2010,"Best Performance by an Actor in a Supporting Role in a Series, Limited Series or Motion Picture Made for Television",False,Damages
2010,"Best Performance by an Actor in a Supporting Role in a Series, Limited Series or Motion Picture Made for Television",False,Entourage
2010,Cecil B. deMille Award,False,Martin Scorsese
2011,Best Motion Picture - Drama,True,The Social Network
2011,Best Motion Picture - Drama,False,Black Swan
2011,Best Motion Picture - Drama,False,"Fighter, The"
2011,Best Motion Picture - Drama,False,Inception
2011,Best Motion Picture - Drama,False,The King's Speech
2011,Best Motion Picture - Musical or Comedy,True,"Kids Are All Right, The"
2011,Best Motion Picture - Musical or Comedy,False,Alice in Wonderland
2011,Best Motion Picture - Musical or Comedy,False,Burlesque
2011,Best Motion Picture - Musical or Comedy,False,Red
2011,Best Motion Picture - Musical or Comedy,False,"Tourist, The"
2011,Best Performance by an Actress in a Motion Picture - Drama,True,Black Swan
2011,Best Performance by an Actress in a Motion Picture - Drama,False,Frankie and Alice
2011,Best Performance by an Actress in a Motion Picture - Drama,False,Rabbit Hole
2011,Best Performance by an Actress in a Motion Picture - Drama,False,Winter's Bone
2011,Best Performance by an Actress in a Motion Picture - Drama,False,Blue Valentine
2011,Best Performance by an Actor in a Motion Picture - Drama,True,The King's Speech
2011,Best Performance by an Actor in a Motion Picture - Drama,False,Blue Valentine
2011,Best Performance by an Actor in a Motion Picture - Drama,False,"Fighter, The"
2011,Best Performance by an Actor in a Motion Picture - Drama,False,The Social Network
2011,Best Performance by an Actor in a Motion Picture - Drama,False,127 Hours
2011,Best Performance by an Actress in a Motion Picture - Musical or Comedy,True,"Kids Are All Right, The"
2011,Best Performance by an Actress in a Motion Picture - Musical or Comedy,False,Love & Other Drugs
2011,Best Performance by an Actress in a Motion Picture - Musical or Comedy,False,"Tourist, The"
2011,Best Performance by an Actress in a Motion Picture - Musical or Comedy,False,"Kids Are All Right, The"
2011,Best Performance by an Actress in a Motion Picture - Musical or Comedy,False,Easy A
2011,Best Performance by an Actor in a Motion Picture - Musical or Comedy,True,Barney's Version
2011,Best Performance by an Actor in a Motion Picture - Musical or Comedy,False,Alice in Wonderland
2011,Best Performance by an Actor in a Motion Picture - Musical or Comedy,False,"Tourist, The"
2011,Best Performance by an Actor in a Motion Picture - Musical or Comedy,False,Love & Other Drugs
2011,Best Performance by an Actor in a Motion Picture - Musical or Comedy,False,Casino Jack
2011,Best Performance by an Actress in a Supporting Role in any Motion Picture,True,"Fighter, The"
2011,Best Performance by an Actress in a Supporting Role in any Motion Picture,False,The King's Speech
2011,Best Performance by an Actress in a Supporting Role in any Motion Picture,False,Black Swan
2011,Best Performance by an Actress in a Supporting Role in any Motion Picture,False,Animal Kingdom
2011,Best Performance by an Actress in a Supporting Role in any Motion Picture,False,"Fighter, The"
2011,Best Performance by an Actor in a Supporting Role in any Motion Picture,True,"Fighter, The"
2011,Best Performance by an Actor in a Supporting Role in any Motion Picture,False,Wall Street: Money Never Sleeps
2011,Best Performance by an Actor in a Supporting Role in any Motion Picture,False,The Social Network
2011,Best Performance by an Actor in a Supporting Role in any Motion Picture,False,"Town, The"
2011,Best Performance by an Actor in a Supporting Role in any Motion Picture,False,The King's Speech
2011,Best Director - Motion Picture,True,The Social Network
2011,Best Director - Motion Picture,False,Black Swan
2011,Best Director - Motion Picture,False,The King's Speech
2011,Best Director - Motion Picture,False,Inception
2011,Best Director - Motion Picture,False,"Fighter, The"
2011,Best Screenplay - Motion Picture,True,The Social Network
2011,Best Screenplay - Motion Picture,False,127 Hours
2011,Best Screenplay - Motion Picture,False,"Kids Are All Right, The"
2011,Best Screenplay - Motion Picture,False,Inception
2011,Best Screenplay - Motion Picture,False,The King's Speech
2011,Best Motion Picture - Animated,True,Toy Story 3
2011,Best Motion Picture - Animated,False,How To Train Your Dragon
2011,Best Motion Picture - Animated,False,"Illusionist, The"
2011,Best Motion Picture - Animated,False,Tangled
2011,Best Motion Picture - Animated,False,Despicable Me
2011,Best Motion Picture - Foreign Language,True,"Denmark, Susanne Bier"
2011,Best Motion Picture - Foreign Language,False,"Spain, Mexico, Alejandro González Iñárritu"
2011,Best Motion Picture - Foreign Language,False,"France, Radu Mihaileanu"
2011,Best Motion Picture - Foreign Language,False,"Russia, Aleksey Uchitel"
2011,Best Motion Picture - Foreign Language,False,"Italy, Luca Guadagnino"
2011,Best Original Score - Motion Picture,True,The Social Network
2011,Best Original Score - Motion Picture,False,The King's Speech
2011,Best Original Score - Motion Picture,False,Alice in Wonderland
2011,Best Original Score - Motion Picture,False,127 Hours
2011,Best Original Score - Motion Picture,False,Inception
2011,Best Original Song - Motion Picture,True,Burlesque
2011,Best Original Song - Motion Picture,False,Country Strong
2011,Best Original Song - Motion Picture,False,Tangled
2011,Best Original Song - Motion Picture,False,The Chronicles of Narnia: The Voyage of The Dawn Treader
2011,Best Original Song - Motion Picture,False,Burlesque
2011,Best Television Series - Drama,True,Boardwalk Empire
2011,Best Television Series - Drama,False,Dexter
2011,Best Television Series - Drama,False,The Good Wife
2011,Best Television Series - Drama,False,Mad Men
2011,Best Television Series - Drama,False,"Walking Dead, The"
2011,Best Television Series - Musical or Comedy,True,Glee
2011,Best Television Series - Musical or Comedy,False,"Big Bang Theory, The"
2011,Best Television Series - Musical or Comedy,False,"Big C, The"
2011,Best Television Series - Musical or Comedy,False,Modern Family
2011,Best Television Series - Musical or Comedy,False,Nurse Jackie
2011,Best Television Series - Musical or Comedy,False,30 Rock
2011,Best Television Limited Series or Motion Picture Made for Television,True,Carlos
2011,Best Television Limited Series or Motion Picture Made for Television,False,The Pacific
2011,Best Television Limited Series or Motion Picture Made for Television,False,Pillars Of The Earth
2011,Best Television Limited Series or Motion Picture Made for Television,False,Temple Grandin
2011,Best Television Limited Series or Motion Picture Made for Television,False,You Don't Know Jack
2011,Best Performance by an Actress in a Limited Series or a Motion Picture Made for Television,True,Temple Grandin
2011,Best Performance by an Actress in a Limited Series or a Motion Picture Made for Television,False,Return To Cranford
2011,Best Performance by an Actress in a Limited Series or a Motion Picture Made for Television,False,Emma
2011,Best Performance by an Actress in a Limited Series or a Motion Picture Made for Television,False,"Client List, The"
2011,Best Performance by an Actress in a Limited Series or a Motion Picture Made for Television,False,Pillars Of The Earth
2011,Best Performance by an Actor in a Limited Series or a Motion Picture Made for Television,True,You Don't Know Jack
2011,Best Performance by an Actor in a Limited Series or a Motion Picture Made for Television,False,Luther
2011,Best Performance by an Actor in a Limited Series or a Motion Picture Made for Television,False,Pillars Of The Earth
2011,Best Performance by an Actor in a Limited Series or a Motion Picture Made for Television,False,"Special Relationship, The"
2011,Best Performance by an Actor in a Limited Series or a Motion Picture Made for Television,False,Carlos
2011,Best Performance by an Actress In A Television Series - Drama,True,Sons of Anarchy
2011,Best Performance by an Actress In A Television Series - Drama,False,The Good Wife
2011,Best Performance by an Actress In A Television Series - Drama,False,Mad Men
2011,Best Performance by an Actress In A Television Series - Drama,False,Covert Affairs
2011,Best Performance by an Actress In A Television Series - Drama,False,"Closer, The"
2011,Best Performance by an Actor In A Television Series - Drama,True,Boardwalk Empire
2011,Best Performance by an Actor In A Television Series - Drama,False,Breaking Bad
2011,Best Performance by an Actor In A Television Series - Drama,False,Dexter
2011,Best Performance by an Actor In A Television Series - Drama,False,Mad Men
2011,Best Performance by an Actor In A Television Series - Drama,False,House
2011,Best Performance by an Actress in a Television Series - Musical or Comedy,True,"Big C, The"
2011,Best Performance by an Actress in a Television Series - Musical or Comedy,False,Glee
2011,Best Performance by an Actress in a Television Series - Musical or Comedy,False,United States Of Tara
2011,Best Performance by an Actress in a Television Series - Musical or Comedy,False,Nurse Jackie
2011,Best Performance by an Actress in a Television Series - Musical or Comedy,False,30 Rock
2011,Best Performance by an Actor in a Television Series - Musical or Comedy,True,"Big Bang Theory, The"
2011,Best Performance by an Actor in a Television Series - Musical or Comedy,False,30 Rock
2011,Best Performance by an Actor in a Television Series - Musical or Comedy,False,"Office, The"
2011,Best Performance by an Actor in a Television Series - Musical or Comedy,False,Hung
2011,Best Performance by an Actor in a Television Series - Musical or Comedy,False,Glee
2011,"Best Performance by an Actress in a Supporting Role in a Series, Limited Series or Motion Picture Made for Television",True,Glee
2011,"Best Performance by an Actress in a Supporting Role in a Series, Limited Series or Motion Picture Made for Television",False,Modern Family
2011,"Best Performance by an Actress in a Supporting Role in a Series, Limited Series or Motion Picture Made for Television",False,"Special Relationship, The"
2011,"Best Performance by an Actress in a Supporting Role in a Series, Limited Series or Motion Picture Made for Television",False,Boardwalk Empire
2011,"Best Performance by an Actress in a Supporting Role in a Series, Limited Series or Motion Picture Made for Television",False,Dexter
2011,"Best Performance by an Actor in a Supporting Role in a Series, Limited Series or Motion Picture Made for Television",True,Glee
2011,"Best Performance by an Actor in a Supporting Role in a Series, Limited Series or Motion Picture Made for Television",False,Hawaii Five-O
2011,"Best Performance by an Actor in a Supporting Role in a Series, Limited Series or Motion Picture Made for Television",False,The Good Wife
2011,"Best Performance by an Actor in a Supporting Role in a Series, Limited Series or Motion Picture Made for Television",False,Modern Family
2011,"Best Performance by an Actor in a Supporting Role in a Series, Limited Series or Motion Picture Made for Television",False,Temple Grandin
2011,Cecil B. deMille Award,False,Robert De Niro
2012,Best Motion Picture - Drama,True,"Descendants, The"
2012,Best Motion Picture - Drama,False,Moneyball
2012,Best Motion Picture - Drama,False,War Horse
2012,Best Motion Picture - Drama,False,The Help
2012,Best Motion Picture - Drama,False,Hugo
2012,Best Motion Picture - Drama,False,"Ides of March, The"
2012,Best Motion Picture - Musical or Comedy,True,The Artist
2012,Best Motion Picture - Musical or Comedy,False,50/50
2012,Best Motion Picture - Musical or Comedy,False,Bridesmaids
2012,Best Motion Picture - Musical or Comedy,False,Midnight In Paris
2012,Best Motion Picture - Musical or Comedy,False,My Week With Marilyn
2012,Best Performance by an Actress in a Motion Picture - Drama,True,"Iron Lady, The"
2012,Best Performance by an Actress in a Motion Picture - Drama,False,Albert Nobbs
2012,Best Performance by an Actress in a Motion Picture - Drama,False,The Help
2012,Best Performance by an Actress in a Motion Picture - Drama,False,The Girl With The Dragon Tattoo
2012,Best Performance by an Actress in a Motion Picture - Drama,False,We Need To Talk About Kevin
2012,Best Performance by an Actor in a Motion Picture - Drama,True,"Descendants, The"
2012,Best Performance by an Actor in a Motion Picture - Drama,False,"Ides of March, The"
2012,Best Performance by an Actor in a Motion Picture - Drama,False,Moneyball
2012,Best Performance by an Actor in a Motion Picture - Drama,False,J. Edgar
2012,Best Performance by an Actor in a Motion Picture - Drama,False,Shame
2012,Best Performance by an Actress in a Motion Picture - Musical or Comedy,True,My Week With Marilyn
2012,Best Performance by an Actress in a Motion Picture - Musical or Comedy,False,Carnage
2012,Best Performance by an Actress in a Motion Picture - Musical or Comedy,False,Young Adult
2012,Best Performance by an Actress in a Motion Picture - Musical or Comedy,False,Bridesmaids
2012,Best Performance by an Actress in a Motion Picture - Musical or Comedy,False,Carnage
2012,Best Performance by an Actor in a Motion Picture - Musical or Comedy,True,The Artist
2012,Best Performance by an Actor in a Motion Picture - Musical or Comedy,False,"Guard, The"
2012,Best Performance by an Actor in a Motion Picture - Musical or Comedy,False,50/50
2012,Best Performance by an Actor in a Motion Picture - Musical or Comedy,False,"Crazy, Stupid, Love."
2012,Best Performance by an Actor in a Motion Picture - Musical or Comedy,False,Midnight In Paris
2012,Best Performance by an Actress in a Supporting Role in any Motion Picture,True,The Help
2012,Best Performance by an Actress in a Supporting Role in any Motion Picture,False,The Artist
2012,Best Performance by an Actress in a Supporting Role in any Motion Picture,False,The Help
2012,Best Performance by an Actress in a Supporting Role in any Motion Picture,False,Albert Nobbs
2012,Best Performance by an Actress in a Supporting Role in any Motion Picture,False,"Descendants, The"
2012,Best Performance by an Actor in a Supporting Role in any Motion Picture,True,Beginners
2012,Best Performance by an Actor in a Supporting Role in any Motion Picture,False,Drive
2012,Best Performance by an Actor in a Supporting Role in any Motion Picture,False,Moneyball
2012,Best Performance by an Actor in a Supporting Role in any Motion Picture,False,"Dangerous Method, A"
2012,Best Performance by an Actor in a Supporting Role in any Motion Picture,False,My Week With Marilyn
2012,Best Director - Motion Picture,True,Hugo
2012,Best Director - Motion Picture,False,"Descendants, The"
2012,Best Director - Motion Picture,False,Midnight In Paris
2012,Best Director - Motion Picture,False,"Ides of March, The"
2012,Best Director - Motion Picture,False,The Artist
2012,Best Screenplay - Motion Picture,True,Midnight In Paris
2012,Best Screenplay - Motion Picture,False,"Ides of March, The"
2012,Best Screenplay - Motion Picture,False,The Artist
2012,Best Screenplay - Motion Picture,False,Moneyball
2012,Best Screenplay - Motion Picture,False,"Descendants, The"
2012,Best Motion Picture - Animated,True,"Adventures of Tintin, The"
2012,Best Motion Picture - Animated,False,Rango
2012,Best Motion Picture - Animated,False,Arthur Christmas
2012,Best Motion Picture - Animated,False,Cars 2
2012,Best Motion Picture - Animated,False,Puss In Boots
2012,Best Motion Picture - Foreign Language,True,"Iran, Asghar Farhadi "
2012,Best Motion Picture - Foreign Language,False,"China, Zhang Yimou"
2012,Best Motion Picture - Foreign Language,False,"United States, Angelina Jolie"
2012,Best Motion Picture - Foreign Language,False,"Belgium, Jean-Pierre Dardenne, Luc Dardenne"
2012,Best Motion Picture - Foreign Language,False,"Spain, Pedro Almodóvar"
2012,Best Original Score - Motion Picture,True,The Artist
2012,Best Original Score - Motion Picture,False,W.E.
2012,Best Original Score - Motion Picture,False,The Girl With The Dragon Tattoo
2012,Best Original Score - Motion Picture,False,Hugo
2012,Best Original Score - Motion Picture,False,War Horse
2012,Best Original Song - Motion Picture,True,W.E.
2012,Best Original Song - Motion Picture,False,Gnomeo & Juliet
2012,Best Original Song - Motion Picture,False,Machine Gun Preacher
2012,Best Original Song - Motion Picture,False,Albert Nobbs
2012,Best Original Song - Motion Picture,False,The Help
2012,Best Television Series - Drama,True,Homeland
2012,Best Television Series - Drama,False,Boardwalk Empire
2012,Best Television Series - Drama,False,Boss
2012,Best Television Series - Drama,False,Game of Thrones
2012,Best Television Series - Drama,False,American Horror Story: Asylum
2012,Best Television Series - Musical or Comedy,True,Modern Family
2012,Best Television Series - Musical or Comedy,False,Enlightened
2012,Best Television Series - Musical or Comedy,False,Episodes
2012,Best Television Series - Musical or Comedy,False,Glee
2012,Best Television Series - Musical or Comedy,False,New Girl
2012,Best Television Limited Series or Motion Picture Made for Television,True,Downton Abbey
2012,Best Television Limited Series or Motion Picture Made for Television,False,Cinema Verite
2012,Best Television Limited Series or Motion Picture Made for Television,False,The Hour
2012,Best Television Limited Series or Motion Picture Made for Television,False,Mildred Pierce
2012,Best Television Limited Series or Motion Picture Made for Television,False,Too Big To Fail
2012,Best Performance by an Actress in a Limited Series or a Motion Picture Made for Television,True,Mildred Pierce
2012,Best Performance by an Actress in a Limited Series or a Motion Picture Made for Television,False,The Hour
2012,Best Performance by an Actress in a Limited Series or a Motion Picture Made for Television,False,Cinema Verite
2012,Best Performance by an Actress in a Limited Series or a Motion Picture Made for Television,False,Downton Abbey
2012,Best Performance by an Actress in a Limited Series or a Motion Picture Made for Television,False,Appropriate Adult
2012,Best Performance by an Actor in a Limited Series or a Motion Picture Made for Television,True,Luther
2012,Best Performance by an Actor in a Limited Series or a Motion Picture Made for Television,False,Downton Abbey
2012,Best Performance by an Actor in a Limited Series or a Motion Picture Made for Television,False,Too Big To Fail
2012,Best Performance by an Actor in a Limited Series or a Motion Picture Made for Television,False,Page Eight (Masterpiece)
2012,Best Performance by an Actor in a Limited Series or a Motion Picture Made for Television,False,The Hour
2012,Best Performance by an Actress In A Television Series - Drama,True,Homeland
2012,Best Performance by an Actress In A Television Series - Drama,False,Revenge
2012,Best Performance by an Actress In A Television Series - Drama,False,Necessary Roughness
2012,Best Performance by an Actress In A Television Series - Drama,False,"Killing, The"
2012,Best Performance by an Actress In A Television Series - Drama,False,The Good Wife
2012,Best Performance by an Actor In A Television Series - Drama,True,Boss
2012,Best Performance by an Actor In A Television Series - Drama,False,"Borgias, The"
2012,Best Performance by an Actor In A Television Series - Drama,False,Homeland
2012,Best Performance by an Actor In A Television Series - Drama,False,Boardwalk Empire
2012,Best Performance by an Actor In A Television Series - Drama,False,Breaking Bad
2012,Best Performance by an Actress in a Television Series - Musical or Comedy,True,Enlightened
2012,Best Performance by an Actress in a Television Series - Musical or Comedy,False,New Girl
2012,Best Performance by an Actress in a Television Series - Musical or Comedy,False,30 Rock
2012,Best Performance by an Actress in a Television Series - Musical or Comedy,False,"Big C, The"
2012,Best Performance by an Actress in a Television Series - Musical or Comedy,False,Parks And Recreation
2012,Best Performance by an Actor in a Television Series - Musical or Comedy,True,Episodes
2012,Best Performance by an Actor in a Television Series - Musical or Comedy,False,30 Rock
2012,Best Performance by an Actor in a Television Series - Musical or Comedy,False,Californication
2012,Best Performance by an Actor in a Television Series - Musical or Comedy,False,"Big Bang Theory, The"
2012,Best Performance by an Actor in a Television Series - Musical or Comedy,False,Hung
2012,"Best Performance by an Actress in a Supporting Role in a Series, Limited Series or Motion Picture Made for Television",True,American Horror Story
2012,"Best Performance by an Actress in a Supporting Role in a Series, Limited Series or Motion Picture Made for Television",False,Boardwalk Empire
2012,"Best Performance by an Actress in a Supporting Role in a Series, Limited Series or Motion Picture Made for Television",False,Downton Abbey
2012,"Best Performance by an Actress in a Supporting Role in a Series, Limited Series or Motion Picture Made for Television",False,Modern Family
2012,"Best Performance by an Actress in a Supporting Role in a Series, Limited Series or Motion Picture Made for Television",False,Mildred Pierce
2012,"Best Performance by an Actor in a Supporting Role in a Series, Limited Series or Motion Picture Made for Television",True,Game of Thrones
2012,"Best Performance by an Actor in a Supporting Role in a Series, Limited Series or Motion Picture Made for Television",False,Too Big To Fail
2012,"Best Performance by an Actor in a Supporting Role in a Series, Limited Series or Motion Picture Made for Television",False,Mildred Pierce
2012,"Best Performance by an Actor in a Supporting Role in a Series, Limited Series or Motion Picture Made for Television",False,Cinema Verite
2012,"Best Performance by an Actor in a Supporting Role in a Series, Limited Series or Motion Picture Made for Television",False,Modern Family
2012,Cecil B. deMille Award,False,Morgan Freeman
2013,Best Motion Picture - Drama,True,Argo
2013,Best Motion Picture - Drama,False,Life of Pi
2013,Best Motion Picture - Drama,False,Lincoln
2013,Best Motion Picture - Drama,False,Zero Dark Thirty 	
2013,Best Motion Picture - Drama,False,Django Unchained
2013,Best Motion Picture - Musical or Comedy,True,Les Misérables
2013,Best Motion Picture - Musical or Comedy,False,"Best Exotic Marigold Hotel, The"
2013,Best Motion Picture - Musical or Comedy,False,Moonrise Kingdom
2013,Best Motion Picture - Musical or Comedy,False,Salmon Fishing in the Yemen
2013,Best Motion Picture - Musical or Comedy,False,Silver Linings Playbook
2013,Best Performance by an Actress in a Motion Picture - Drama,True,Zero Dark Thirty 	
2013,Best Performance by an Actress in a Motion Picture - Drama,False,Rust and Bone
2013,Best Performance by an Actress in a Motion Picture - Drama,False,Hitchcock
2013,Best Performance by an Actress in a Motion Picture - Drama,False,"Impossible, The"
2013,Best Performance by an Actress in a Motion Picture - Drama,False,"Deep Blue Sea, The"
2013,Best Performance by an Actor in a Motion Picture - Drama,True,Lincoln
2013,Best Performance by an Actor in a Motion Picture - Drama,False,Arbitrage
2013,Best Performance by an Actor in a Motion Picture - Drama,False,"Master, The"
2013,Best Performance by an Actor in a Motion Picture - Drama,False,Flight
2013,Best Performance by an Actor in a Motion Picture - Drama,False,"Sessions, The"
2013,Best Performance by an Actress in a Motion Picture - Musical or Comedy,True,Silver Linings Playbook
2013,Best Performance by an Actress in a Motion Picture - Musical or Comedy,False,Salmon Fishing in the Yemen
2013,Best Performance by an Actress in a Motion Picture - Musical or Comedy,False,"Best Exotic Marigold Hotel, The"
2013,Best Performance by an Actress in a Motion Picture - Musical or Comedy,False,Quartet
2013,Best Performance by an Actress in a Motion Picture - Musical or Comedy,False,Hope Springs
2013,Best Performance by an Actor in a Motion Picture - Musical or Comedy,True,Les Misérables
2013,Best Performance by an Actor in a Motion Picture - Musical or Comedy,False,Hyde Park on Hudson
2013,Best Performance by an Actor in a Motion Picture - Musical or Comedy,False,Silver Linings Playbook
2013,Best Performance by an Actor in a Motion Picture - Musical or Comedy,False,Bernie
2013,Best Performance by an Actor in a Motion Picture - Musical or Comedy,False,Salmon Fishing in the Yemen
2013,Best Performance by an Actress in a Supporting Role in any Motion Picture,True,Les Misérables
2013,Best Performance by an Actress in a Supporting Role in any Motion Picture,False,"Master, The"
2013,Best Performance by an Actress in a Supporting Role in any Motion Picture,False,"Sessions, The"
2013,Best Performance by an Actress in a Supporting Role in any Motion Picture,False,"Paperboy, The"
2013,Best Performance by an Actress in a Supporting Role in any Motion Picture,False,Lincoln
2013,Best Performance by an Actor in a Supporting Role in any Motion Picture,True,Django Unchained
2013,Best Performance by an Actor in a Supporting Role in any Motion Picture,False,"Master, The"
2013,Best Performance by an Actor in a Supporting Role in any Motion Picture,False,Argo
2013,Best Performance by an Actor in a Supporting Role in any Motion Picture,False,Django Unchained
2013,Best Performance by an Actor in a Supporting Role in any Motion Picture,False,Lincoln
2013,Best Director - Motion Picture,True,Argo
2013,Best Director - Motion Picture,False,Life of Pi
2013,Best Director - Motion Picture,False,Lincoln
2013,Best Director - Motion Picture,False,Zero Dark Thirty 	
2013,Best Director - Motion Picture,False,Django Unchained
2013,Best Screenplay - Motion Picture,True,Django Unchained
2013,Best Screenplay - Motion Picture,False,Lincoln
2013,Best Screenplay - Motion Picture,False,Zero Dark Thirty 	
2013,Best Screenplay - Motion Picture,False,Silver Linings Playbook
2013,Best Screenplay - Motion Picture,False,Argo
2013,Best Motion Picture - Animated,True,Brave
2013,Best Motion Picture - Animated,False,Frankenweenie
2013,Best Motion Picture - Animated,False,Hotel Transylvania
2013,Best Motion Picture - Animated,False,Rise of the Guardians
2013,Best Motion Picture - Animated,False,Wreck-It Ralph
2013,Best Motion Picture - Foreign Language,True,"Austria, Michael Haneke"
2013,Best Motion Picture - Foreign Language,False,"Denmark, Nikolaj Arcel"
2013,Best Motion Picture - Foreign Language,False,"France, Olivier Nakache, Éric Toledano"
2013,Best Motion Picture - Foreign Language,False,"Norway, United Kingdom, Denmark, Joachim Rønning, Espen Sandberg"
2013,Best Motion Picture - Foreign Language,False,"France, Jacques Audiard"
2013,Best Original Score - Motion Picture,True,Life of Pi
2013,Best Original Score - Motion Picture,False,Lincoln
2013,Best Original Score - Motion Picture,False,Anna Karenina
2013,Best Original Score - Motion Picture,False,Cloud Atlas
2013,Best Original Score - Motion Picture,False,Argo
2013,Best Original Song - Motion Picture,True,Skyfall
2013,Best Original Song - Motion Picture,False,Act of Valor
2013,Best Original Song - Motion Picture,False,Stand Up Guys
2013,Best Original Song - Motion Picture,False,The Hunger Games
2013,Best Original Song - Motion Picture,False,Les Misérables
2013,Best Television Series - Drama,True,Homeland
2013,Best Television Series - Drama,False,Boardwalk Empire
2013,Best Television Series - Drama,False,Downton Abbey
2013,Best Television Series - Drama,False,"Newsroom, The"
2013,Best Television Series - Drama,False,Breaking Bad
2013,Best Television Series - Musical or Comedy,True,Girls
2013,Best Television Series - Musical or Comedy,False,"Big Bang Theory, The"
2013,Best Television Series - Musical or Comedy,False,Episodes
2013,Best Television Series - Musical or Comedy,False,Modern Family
2013,Best Television Series - Musical or Comedy,False,Smash
2013,Best Television Limited Series or Motion Picture Made for Television,True,Game Change
2013,Best Television Limited Series or Motion Picture Made for Television,False,The Hour
2013,Best Television Limited Series or Motion Picture Made for Television,False,The Girl
2013,Best Television Limited Series or Motion Picture Made for Television,False,Hatfields & McCoys
2013,Best Television Limited Series or Motion Picture Made for Television,False,Political Animals
2013,Best Performance by an Actress in a Limited Series or a Motion Picture Made for Television,True,Game Change
2013,Best Performance by an Actress in a Limited Series or a Motion Picture Made for Television,False,The Girl
2013,Best Performance by an Actress in a Limited Series or a Motion Picture Made for Television,False,Hemingway & Gellhorn
2013,Best Performance by an Actress in a Limited Series or a Motion Picture Made for Television,False,American Horror Story: Asylum
2013,Best Performance by an Actress in a Limited Series or a Motion Picture Made for Television,False,Political Animals
2013,Best Performance by an Actor in a Limited Series or a Motion Picture Made for Television,True,Hatfields & McCoys
2013,Best Performance by an Actor in a Limited Series or a Motion Picture Made for Television,False,Game Change
2013,Best Performance by an Actor in a Limited Series or a Motion Picture Made for Television,False,Hemingway & Gellhorn
2013,Best Performance by an Actor in a Limited Series or a Motion Picture Made for Television,False,Sherlock: Season 2 (Masterpiece)
2013,Best Performance by an Actor in a Limited Series or a Motion Picture Made for Television,False,The Girl
2013,Best Performance by an Actress In A Television Series - Drama,True,Homeland
2013,Best Performance by an Actress In A Television Series - Drama,False,Nashville ( TV )
2013,Best Performance by an Actress In A Television Series - Drama,False,Downton Abbey
2013,Best Performance by an Actress In A Television Series - Drama,False,Damages
2013,Best Performance by an Actress In A Television Series - Drama,False,The Good Wife
2013,Best Performance by an Actor In A Television Series - Drama,True,Homeland
2013,Best Performance by an Actor In A Television Series - Drama,False,Boardwalk Empire
2013,Best Performance by an Actor In A Television Series - Drama,False,Breaking Bad
2013,Best Performance by an Actor In A Television Series - Drama,False,"Newsroom, The"
2013,Best Performance by an Actor In A Television Series - Drama,False,Mad Men
2013,Best Performance by an Actress in a Television Series - Musical or Comedy,True,Girls
2013,Best Performance by an Actress in a Television Series - Musical or Comedy,False,30 Rock
2013,Best Performance by an Actress in a Television Series - Musical or Comedy,False,Parks And Recreation
2013,Best Performance by an Actress in a Television Series - Musical or Comedy,False,Veep
2013,Best Performance by an Actress in a Television Series - Musical or Comedy,False,New Girl
2013,Best Performance by an Actor in a Television Series - Musical or Comedy,True,House of Lies
2013,Best Performance by an Actor in a Television Series - Musical or Comedy,False,30 Rock
2013,Best Performance by an Actor in a Television Series - Musical or Comedy,False,Episodes
2013,Best Performance by an Actor in a Television Series - Musical or Comedy,False,Louie
2013,Best Performance by an Actor in a Television Series - Musical or Comedy,False,"Big Bang Theory, The"
2013,"Best Performance by an Actress in a Supporting Role in a Series, Limited Series or Motion Picture Made for Television",True,Downton Abbey
2013,"Best Performance by an Actress in a Supporting Role in a Series, Limited Series or Motion Picture Made for Television",False,Modern Family
2013,"Best Performance by an Actress in a Supporting Role in a Series, Limited Series or Motion Picture Made for Television",False,The Good Wife
2013,"Best Performance by an Actress in a Supporting Role in a Series, Limited Series or Motion Picture Made for Television",False,Nashville ( TV )
2013,"Best Performance by an Actress in a Supporting Role in a Series, Limited Series or Motion Picture Made for Television",False,Game Change
2013,"Best Performance by an Actor in a Supporting Role in a Series, Limited Series or Motion Picture Made for Television",True,Game Change
2013,"Best Performance by an Actor in a Supporting Role in a Series, Limited Series or Motion Picture Made for Television",False,Modern Family
2013,"Best Performance by an Actor in a Supporting Role in a Series, Limited Series or Motion Picture Made for Television",False,New Girl
2013,"Best Performance by an Actor in a Supporting Role in a Series, Limited Series or Motion Picture Made for Television",False,Magic City
2013,"Best Performance by an Actor in a Supporting Role in a Series, Limited Series or Motion Picture Made for Television",False,Homeland
2013,Cecil B. deMille Award,False,Jodie Foster
2014,Best Motion Picture - Drama,True,12 Years a Slave
2014,Best Motion Picture - Drama,False,Captain Phillips
2014,Best Motion Picture - Drama,False,Gravity
2014,Best Motion Picture - Drama,False,Philomena
2014,Best Motion Picture - Drama,False,Rush
2014,Best Motion Picture - Musical or Comedy,True,American Hustle
2014,Best Motion Picture - Musical or Comedy,False,Nebraska
2014,Best Motion Picture - Musical or Comedy,False,Inside Llewyn Davis
2014,Best Motion Picture - Musical or Comedy,False,Her
2014,Best Motion Picture - Musical or Comedy,False,"Wolf of Wall Street, The"
2014,Best Performance by an Actress in a Motion Picture - Drama,True,Blue Jasmine
2014,Best Performance by an Actress in a Motion Picture - Drama,False,Gravity
2014,Best Performance by an Actress in a Motion Picture - Drama,False,Philomena
2014,Best Performance by an Actress in a Motion Picture - Drama,False,Labor Day
2014,Best Performance by an Actress in a Motion Picture - Drama,False,Saving Mr. Banks
2014,Best Performance by an Actor in a Motion Picture - Drama,True,Dallas Buyers Club
2014,Best Performance by an Actor in a Motion Picture - Drama,False,All Is Lost
2014,Best Performance by an Actor in a Motion Picture - Drama,False,12 Years a Slave
2014,Best Performance by an Actor in a Motion Picture - Drama,False,Captain Phillips
2014,Best Performance by an Actor in a Motion Picture - Drama,False,Mandela: Long Walk to Freedom
2014,Best Performance by an Actress in a Motion Picture - Musical or Comedy,True,American Hustle
2014,Best Performance by an Actress in a Motion Picture - Musical or Comedy,False,Enough Said
2014,Best Performance by an Actress in a Motion Picture - Musical or Comedy,False,Frances Ha
2014,Best Performance by an Actress in a Motion Picture - Musical or Comedy,False,August: Osage County
2014,Best Performance by an Actress in a Motion Picture - Musical or Comedy,False,Before Midnight
2014,Best Performance by an Actor in a Motion Picture - Musical or Comedy,True,"Wolf of Wall Street, The"
2014,Best Performance by an Actor in a Motion Picture - Musical or Comedy,False,American Hustle
2014,Best Performance by an Actor in a Motion Picture - Musical or Comedy,False,Nebraska
2014,Best Performance by an Actor in a Motion Picture - Musical or Comedy,False,Inside Llewyn Davis
2014,Best Performance by an Actor in a Motion Picture - Musical or Comedy,False,Her
2014,Best Performance by an Actress in a Supporting Role in any Motion Picture,True,American Hustle
2014,Best Performance by an Actress in a Supporting Role in any Motion Picture,False,Blue Jasmine
2014,Best Performance by an Actress in a Supporting Role in any Motion Picture,False,12 Years a Slave
2014,Best Performance by an Actress in a Supporting Role in any Motion Picture,False,Nebraska
2014,Best Performance by an Actress in a Supporting Role in any Motion Picture,False,August: Osage County
2014,Best Performance by an Actor in a Supporting Role in any Motion Picture,True,Dallas Buyers Club
2014,Best Performance by an Actor in a Supporting Role in any Motion Picture,False,12 Years a Slave
2014,Best Performance by an Actor in a Supporting Role in any Motion Picture,False,Captain Phillips
2014,Best Performance by an Actor in a Supporting Role in any Motion Picture,False,Rush
2014,Best Performance by an Actor in a Supporting Role in any Motion Picture,False,American Hustle
2014,Best Director - Motion Picture,True,Gravity
2014,Best Director - Motion Picture,False,12 Years a Slave
2014,Best Director - Motion Picture,False,Captain Phillips
2014,Best Director - Motion Picture,False,American Hustle
2014,Best Director - Motion Picture,False,Nebraska
2014,Best Screenplay - Motion Picture,True,Her
2014,Best Screenplay - Motion Picture,False,12 Years a Slave
2014,Best Screenplay - Motion Picture,False,Philomena
2014,Best Screenplay - Motion Picture,False,American Hustle
2014,Best Screenplay - Motion Picture,False,Nebraska
2014,Best Motion Picture - Animated,True,Frozen
2014,Best Motion Picture - Animated,False,Despicable Me 2
2014,Best Motion Picture - Animated,False,"Croods, The"
2014,Best Motion Picture - Foreign Language,True,"Italy, Paolo Sorrentino"
2014,Best Motion Picture - Foreign Language,False,"France, Abdellatif Kechiche"
2014,Best Motion Picture - Foreign Language,False,"Denmark, Thomas Vinterberg"
2014,Best Motion Picture - Foreign Language,False,"Iran, Asghar Farhadi "
2014,Best Motion Picture - Foreign Language,False,"Japan, Hayao Miyazaki"
2014,Best Original Score - Motion Picture,True,All Is Lost
2014,Best Original Score - Motion Picture,False,The Book Thief
2014,Best Original Score - Motion Picture,False,12 Years a Slave
2014,Best Original Score - Motion Picture,False,Gravity
2014,Best Original Score - Motion Picture,False,Mandela: Long Walk to Freedom
2014,Best Original Song - Motion Picture,True,Mandela: Long Walk to Freedom
2014,Best Original Song - Motion Picture,False,Inside Llewyn Davis
2014,Best Original Song - Motion Picture,False,Frozen
2014,Best Original Song - Motion Picture,False,One Chance
2014,Best Original Song - Motion Picture,False,The Hunger Games: Catching Fire
2014,Best Television Series - Drama,True,Breaking Bad
2014,Best Television Series - Drama,False,The Good Wife
2014,Best Television Series - Drama,False,House of Cards
2014,Best Television Series - Drama,False,Masters of Sex
2014,Best Television Series - Drama,False,Downton Abbey
2014,Best Television Series - Musical or Comedy,True,Brooklyn Nine-Nine
2014,Best Television Series - Musical or Comedy,False,Girls
2014,Best Television Series - Musical or Comedy,False,Modern Family
2014,Best Television Series - Musical or Comedy,False,Parks And Recreation
2014,Best Television Series - Musical or Comedy,False,"Big Bang Theory, The"
2014,Best Television Limited Series or Motion Picture Made for Television,True,Behind the Candelabra
2014,Best Television Limited Series or Motion Picture Made for Television,False,American Horror Story: Coven
2014,Best Television Limited Series or Motion Picture Made for Television,False,Top of the Lake
2014,Best Television Limited Series or Motion Picture Made for Television,False,Dancing on the Edge
2014,Best Television Limited Series or Motion Picture Made for Television,False,The White Queen
2014,Best Performance by an Actress in a Limited Series or a Motion Picture Made for Television,True,Top of the Lake
2014,Best Performance by an Actress in a Limited Series or a Motion Picture Made for Television,False,The White Queen
2014,Best Performance by an Actress in a Limited Series or a Motion Picture Made for Television,False,American Horror Story: Coven
2014,Best Performance by an Actress in a Limited Series or a Motion Picture Made for Television,False,Burton and Taylor
2014,Best Performance by an Actress in a Limited Series or a Motion Picture Made for Television,False,Phil Spector
2014,Best Performance by an Actor in a Limited Series or a Motion Picture Made for Television,True,Behind the Candelabra
2014,Best Performance by an Actor in a Limited Series or a Motion Picture Made for Television,False,Phil Spector
2014,Best Performance by an Actor in a Limited Series or a Motion Picture Made for Television,False,Behind the Candelabra
2014,Best Performance by an Actor in a Limited Series or a Motion Picture Made for Television,False,Dancing on the Edge
2014,Best Performance by an Actor in a Limited Series or a Motion Picture Made for Television,False,Luther
2014,Best Performance by an Actress In A Television Series - Drama,True,House of Cards
2014,Best Performance by an Actress In A Television Series - Drama,False,Orange is the New Black
2014,Best Performance by an Actress In A Television Series - Drama,False,Orphan Black
2014,Best Performance by an Actress In A Television Series - Drama,False,Scandal (TV)
2014,Best Performance by an Actress In A Television Series - Drama,False,The Good Wife
2014,Best Performance by an Actor In A Television Series - Drama,True,Breaking Bad
2014,Best Performance by an Actor In A Television Series - Drama,False,Ray Donovan
2014,Best Performance by an Actor In A Television Series - Drama,False,"Blacklist, The"
2014,Best Performance by an Actor In A Television Series - Drama,False,House of Cards
2014,Best Performance by an Actor In A Television Series - Drama,False,Masters of Sex
2014,Best Performance by an Actress in a Television Series - Musical or Comedy,True,Parks And Recreation
2014,Best Performance by an Actress in a Television Series - Musical or Comedy,False,Girls
2014,Best Performance by an Actress in a Television Series - Musical or Comedy,False,New Girl
2014,Best Performance by an Actress in a Television Series - Musical or Comedy,False,Nurse Jackie
2014,Best Performance by an Actress in a Television Series - Musical or Comedy,False,Veep
2014,Best Performance by an Actor in a Television Series - Musical or Comedy,True,Brooklyn Nine-Nine
2014,Best Performance by an Actor in a Television Series - Musical or Comedy,False,"Michael J. Fox Show, The"
2014,Best Performance by an Actor in a Television Series - Musical or Comedy,False,"Big Bang Theory, The"
2014,Best Performance by an Actor in a Television Series - Musical or Comedy,False,Arrested Development
2014,Best Performance by an Actor in a Television Series - Musical or Comedy,False,House of Lies
2014,"Best Performance by an Actress in a Supporting Role in a Series, Limited Series or Motion Picture Made for Television",True,Dancing on the Edge
2014,"Best Performance by an Actress in a Supporting Role in a Series, Limited Series or Motion Picture Made for Television",False,The White Queen
2014,"Best Performance by an Actress in a Supporting Role in a Series, Limited Series or Motion Picture Made for Television",False,Modern Family
2014,"Best Performance by an Actress in a Supporting Role in a Series, Limited Series or Motion Picture Made for Television",False,Nashville ( TV )
2014,"Best Performance by an Actress in a Supporting Role in a Series, Limited Series or Motion Picture Made for Television",False,Parenthood (TV)
2014,"Best Performance by an Actor in a Supporting Role in a Series, Limited Series or Motion Picture Made for Television",True,Ray Donovan
2014,"Best Performance by an Actor in a Supporting Role in a Series, Limited Series or Motion Picture Made for Television",False,Behind the Candelabra
2014,"Best Performance by an Actor in a Supporting Role in a Series, Limited Series or Motion Picture Made for Television",False,House of Cards
2014,"Best Performance by an Actor in a Supporting Role in a Series, Limited Series or Motion Picture Made for Television",False,Breaking Bad
2014,"Best Performance by an Actor in a Supporting Role in a Series, Limited Series or Motion Picture Made for Television",False,The Good Wife
2014,Cecil B. deMille Award,False,Woody Allen
2015,Best Motion Picture - Drama,True,Boyhood
2015,Best Motion Picture - Drama,False,The Imitation Game
2015,Best Motion Picture - Drama,False,Selma
2015,Best Motion Picture - Drama,False,Foxcatcher
2015,Best Motion Picture - Drama,False,The Theory of Everything
2015,Best Motion Picture - Musical or Comedy,True,"Grand Budapest Hotel, The"
2015,Best Motion Picture - Musical or Comedy,False,Into the Woods
2015,Best Motion Picture - Musical or Comedy,False,St. Vincent
2015,Best Motion Picture - Musical or Comedy,False,Pride
2015,Best Motion Picture - Musical or Comedy,False,Birdman
2015,Best Performance by an Actress in a Motion Picture - Drama,True,Still Alice
2015,Best Performance by an Actress in a Motion Picture - Drama,False,Cake
2015,Best Performance by an Actress in a Motion Picture - Drama,False,The Theory of Everything
2015,Best Performance by an Actress in a Motion Picture - Drama,False,Gone Girl
2015,Best Performance by an Actress in a Motion Picture - Drama,False,Wild
2015,Best Performance by an Actor in a Motion Picture - Drama,True,The Theory of Everything
2015,Best Performance by an Actor in a Motion Picture - Drama,False,Foxcatcher
2015,Best Performance by an Actor in a Motion Picture - Drama,False,Nightcrawler
2015,Best Performance by an Actor in a Motion Picture - Drama,False,The Imitation Game
2015,Best Performance by an Actor in a Motion Picture - Drama,False,Selma
2015,Best Performance by an Actress in a Motion Picture - Musical or Comedy,True,Big Eyes
2015,Best Performance by an Actress in a Motion Picture - Musical or Comedy,False,Into the Woods
2015,Best Performance by an Actress in a Motion Picture - Musical or Comedy,False,"Hundred-Foot Journey, The"
2015,Best Performance by an Actress in a Motion Picture - Musical or Comedy,False,Maps To The Stars
2015,Best Performance by an Actress in a Motion Picture - Musical or Comedy,False,Annie (2014)
2015,Best Performance by an Actor in a Motion Picture - Musical or Comedy,True,Birdman
2015,Best Performance by an Actor in a Motion Picture - Musical or Comedy,False,"Grand Budapest Hotel, The"
2015,Best Performance by an Actor in a Motion Picture - Musical or Comedy,False,Big Eyes
2015,Best Performance by an Actor in a Motion Picture - Musical or Comedy,False,St. Vincent
2015,Best Performance by an Actor in a Motion Picture - Musical or Comedy,False,Inherent Vice
2015,Best Performance by an Actress in a Supporting Role in any Motion Picture,True,Boyhood
2015,Best Performance by an Actress in a Supporting Role in any Motion Picture,False,Birdman
2015,Best Performance by an Actress in a Supporting Role in any Motion Picture,False,The Imitation Game
2015,Best Performance by an Actress in a Supporting Role in any Motion Picture,False,Into the Woods
2015,Best Performance by an Actress in a Supporting Role in any Motion Picture,False,A Most Violent Year
2015,Best Performance by an Actor in a Supporting Role in any Motion Picture,True,Whiplash
2015,Best Performance by an Actor in a Supporting Role in any Motion Picture,False,Foxcatcher
2015,Best Performance by an Actor in a Supporting Role in any Motion Picture,False,"Judge, The"
2015,Best Performance by an Actor in a Supporting Role in any Motion Picture,False,Boyhood
2015,Best Performance by an Actor in a Supporting Role in any Motion Picture,False,Birdman
2015,Best Director - Motion Picture,True,Boyhood
2015,Best Director - Motion Picture,False,Birdman
2015,Best Director - Motion Picture,False,Gone Girl
2015,Best Director - Motion Picture,False,"Grand Budapest Hotel, The"
2015,Best Director - Motion Picture,False,Selma
2015,Best Screenplay - Motion Picture,True,Birdman
2015,Best Screenplay - Motion Picture,False,The Imitation Game
2015,Best Screenplay - Motion Picture,False,Gone Girl
2015,Best Screenplay - Motion Picture,False,"Grand Budapest Hotel, The"
2015,Best Screenplay - Motion Picture,False,Boyhood
2015,Best Motion Picture - Animated,True,How to Train Your Dragon 2
2015,Best Motion Picture - Animated,False,Big Hero 6
2015,Best Motion Picture - Animated,False,"Book of Life, The"
2015,Best Motion Picture - Animated,False,"Boxtrolls, The"
2015,Best Motion Picture - Animated,False,"LEGO Movie, The"
2015,Best Motion Picture - Foreign Language,True,"Russia, Andrey Zvyagintsev "
2015,Best Motion Picture - Foreign Language,False,"Israel, Ronit Elkabetz, Shlomi Elkabetz"
2015,Best Motion Picture - Foreign Language,False,"Poland, Denmark, Pawel Pawlikowski"
2015,Best Motion Picture - Foreign Language,False,"Estonia, Zaza Urushadze"
2015,Best Motion Picture - Foreign Language,False,"Sweden, Ruben Östlund"
2015,Best Original Score - Motion Picture,True,The Theory of Everything
2015,Best Original Score - Motion Picture,False,Birdman
2015,Best Original Score - Motion Picture,False,The Imitation Game
2015,Best Original Score - Motion Picture,False,Gone Girl
2015,Best Original Score - Motion Picture,False,Interstellar
2015,Best Original Song - Motion Picture,True,Selma
2015,Best Original Song - Motion Picture,False,Big Eyes
2015,Best Original Song - Motion Picture,False,The Hunger Games: Mockingjay - Part 1
2015,Best Original Song - Motion Picture,False,Noah
2015,Best Original Song - Motion Picture,False,Annie (2014)
2015,Best Television Series - Drama,True,"Affair, The"
2015,Best Television Series - Drama,False,House of Cards
2015,Best Television Series - Drama,False,Downton Abbey
2015,Best Television Series - Drama,False,Game of Thrones
2015,Best Television Series - Drama,False,The Good Wife
2015,Best Television Series - Musical or Comedy,True,Transparent
2015,Best Television Series - Musical or Comedy,False,Orange is the New Black
2015,Best Television Series - Musical or Comedy,False,Girls
2015,Best Television Series - Musical or Comedy,False,Jane The Virgin
2015,Best Television Series - Musical or Comedy,False,Silicon Valley
2015,Best Television Limited Series or Motion Picture Made for Television,True,Fargo
2015,Best Television Limited Series or Motion Picture Made for Television,False,True Detective
2015,Best Television Limited Series or Motion Picture Made for Television,False,The Normal Heart
2015,Best Television Limited Series or Motion Picture Made for Television,False,Olive Kitteridge
2015,Best Television Limited Series or Motion Picture Made for Television,False,The Missing
2015,Best Performance by an Actress in a Limited Series or a Motion Picture Made for Television,True,"Honourable Woman, The"
2015,Best Performance by an Actress in a Limited Series or a Motion Picture Made for Television,False,Fargo
2015,Best Performance by an Actress in a Limited Series or a Motion Picture Made for Television,False,Olive Kitteridge
2015,Best Performance by an Actress in a Limited Series or a Motion Picture Made for Television,False,American Horror Story: Freak Show
2015,Best Performance by an Actress in a Limited Series or a Motion Picture Made for Television,False,The Missing
2015,Best Performance by an Actor in a Limited Series or a Motion Picture Made for Television,True,Fargo
2015,Best Performance by an Actor in a Limited Series or a Motion Picture Made for Television,False,True Detective
2015,Best Performance by an Actor in a Limited Series or a Motion Picture Made for Television,False,True Detective
2015,Best Performance by an Actor in a Limited Series or a Motion Picture Made for Television,False,The Normal Heart
2015,Best Performance by an Actor in a Limited Series or a Motion Picture Made for Television,False,Fargo
2015,Best Performance by an Actress In A Television Series - Drama,True,"Affair, The"
2015,Best Performance by an Actress In A Television Series - Drama,False,The Good Wife
2015,Best Performance by an Actress In A Television Series - Drama,False,House of Cards
2015,Best Performance by an Actress In A Television Series - Drama,False,Homeland
2015,Best Performance by an Actress In A Television Series - Drama,False,How To Get Away With Murder
2015,Best Performance by an Actor In A Television Series - Drama,True,House of Cards
2015,Best Performance by an Actor In A Television Series - Drama,False,"Blacklist, The"
2015,Best Performance by an Actor In A Television Series - Drama,False,"Knick, The"
2015,Best Performance by an Actor In A Television Series - Drama,False,"Affair, The"
2015,Best Performance by an Actor In A Television Series - Drama,False,Ray Donovan
2015,Best Performance by an Actress in a Television Series - Musical or Comedy,True,Jane The Virgin
2015,Best Performance by an Actress in a Television Series - Musical or Comedy,False,Orange is the New Black
2015,Best Performance by an Actress in a Television Series - Musical or Comedy,False,Girls
2015,Best Performance by an Actress in a Television Series - Musical or Comedy,False,Nurse Jackie
2015,Best Performance by an Actress in a Television Series - Musical or Comedy,False,Veep
2015,Best Performance by an Actor in a Television Series - Musical or Comedy,True,Transparent
2015,Best Performance by an Actor in a Television Series - Musical or Comedy,False,Shameless
2015,Best Performance by an Actor in a Television Series - Musical or Comedy,False,Derek
2015,Best Performance by an Actor in a Television Series - Musical or Comedy,False,House of Lies
2015,Best Performance by an Actor in a Television Series - Musical or Comedy,False,Louie
2015,"Best Performance by an Actress in a Supporting Role in a Series, Limited Series or Motion Picture Made for Television",True,Downton Abbey
2015,"Best Performance by an Actress in a Supporting Role in a Series, Limited Series or Motion Picture Made for Television",False,True Detective
2015,"Best Performance by an Actress in a Supporting Role in a Series, Limited Series or Motion Picture Made for Television",False,Orange is the New Black
2015,"Best Performance by an Actress in a Supporting Role in a Series, Limited Series or Motion Picture Made for Television",False,American Horror Story: Freak Show
2015,"Best Performance by an Actress in a Supporting Role in a Series, Limited Series or Motion Picture Made for Television",False,Mom
2015,"Best Performance by an Actor in a Supporting Role in a Series, Limited Series or Motion Picture Made for Television",True,The Normal Heart
2015,"Best Performance by an Actor in a Supporting Role in a Series, Limited Series or Motion Picture Made for Television",False,Olive Kitteridge
2015,"Best Performance by an Actor in a Supporting Role in a Series, Limited Series or Motion Picture Made for Television",False,Ray Donovan
2015,"Best Performance by an Actor in a Supporting Role in a Series, Limited Series or Motion Picture Made for Television",False,Fargo
2015,"Best Performance by an Actor in a Supporting Role in a Series, Limited Series or Motion Picture Made for Television",False,Alan Cumming
2015,Cecil B. deMille Award,False,George Clooney
2016,Best Motion Picture - Drama,True,The Revenant
2016,Best Motion Picture - Drama,False,Carol
2016,Best Motion Picture - Drama,False,Mad Max: Fury Road
2016,Best Motion Picture - Drama,False,Room
2016,Best Motion Picture - Drama,False,Spotlight
2016,Best Motion Picture - Musical or Comedy,True,The Martian
2016,Best Motion Picture - Musical or Comedy,False,Spy
2016,Best Motion Picture - Musical or Comedy,False,"Big Short, The"
2016,Best Motion Picture - Musical or Comedy,False,Trainwreck
2016,Best Motion Picture - Musical or Comedy,False,Joy
2016,Best Performance by an Actress in a Motion Picture - Drama,True,Room
2016,Best Performance by an Actress in a Motion Picture - Drama,False,Carol
2016,Best Performance by an Actress in a Motion Picture - Drama,False,Carol
2016,Best Performance by an Actress in a Motion Picture - Drama,False,The Danish Girl
2016,Best Performance by an Actress in a Motion Picture - Drama,False,Brooklyn
2016,Best Performance by an Actor in a Motion Picture - Drama,True,The Revenant
2016,Best Performance by an Actor in a Motion Picture - Drama,False,Concussion
2016,Best Performance by an Actor in a Motion Picture - Drama,False,Steve Jobs
2016,Best Performance by an Actor in a Motion Picture - Drama,False,The Danish Girl
2016,Best Performance by an Actor in a Motion Picture - Drama,False,Trumbo
2016,Best Performance by an Actress in a Motion Picture - Musical or Comedy,True,Joy
2016,Best Performance by an Actress in a Motion Picture - Musical or Comedy,False,"Lady in the Van, The"
2016,Best Performance by an Actress in a Motion Picture - Musical or Comedy,False,Trainwreck
2016,Best Performance by an Actress in a Motion Picture - Musical or Comedy,False,Grandma
2016,Best Performance by an Actress in a Motion Picture - Musical or Comedy,False,Spy
2016,Best Performance by an Actor in a Motion Picture - Musical or Comedy,True,The Martian
2016,Best Performance by an Actor in a Motion Picture - Musical or Comedy,False,Danny Collins
2016,Best Performance by an Actor in a Motion Picture - Musical or Comedy,False,Infinitely Polar Bear
2016,Best Performance by an Actor in a Motion Picture - Musical or Comedy,False,"Big Short, The"
2016,Best Performance by an Actor in a Motion Picture - Musical or Comedy,False,"Big Short, The"
2016,Best Performance by an Actress in a Supporting Role in any Motion Picture,True,Steve Jobs
2016,Best Performance by an Actress in a Supporting Role in any Motion Picture,False,Youth
2016,Best Performance by an Actress in a Supporting Role in any Motion Picture,False,Ex Machina
2016,Best Performance by an Actress in a Supporting Role in any Motion Picture,False,The Hateful Eight
2016,Best Performance by an Actress in a Supporting Role in any Motion Picture,False,Trumbo
2016,Best Performance by an Actor in a Supporting Role in any Motion Picture,True,Creed
2016,Best Performance by an Actor in a Supporting Role in any Motion Picture,False,99 Homes
2016,Best Performance by an Actor in a Supporting Role in any Motion Picture,False,Beasts of No Nation
2016,Best Performance by an Actor in a Supporting Role in any Motion Picture,False,Bridge of Spies
2016,Best Performance by an Actor in a Supporting Role in any Motion Picture,False,Love & Mercy
2016,Best Director - Motion Picture,True,The Revenant
2016,Best Director - Motion Picture,False,The Martian
2016,Best Director - Motion Picture,False,Carol
2016,Best Director - Motion Picture,False,Mad Max: Fury Road
2016,Best Director - Motion Picture,False,Spotlight
2016,Best Screenplay - Motion Picture,True,Steve Jobs
2016,Best Screenplay - Motion Picture,False,Room
2016,Best Screenplay - Motion Picture,False,Spotlight
2016,Best Screenplay - Motion Picture,False,"Big Short, The"
2016,Best Screenplay - Motion Picture,False,The Hateful Eight
2016,Best Motion Picture - Animated,True,Inside Out
2016,Best Motion Picture - Animated,False,The Peanuts Movie
2016,Best Motion Picture - Animated,False,Anomalisa
2016,Best Motion Picture - Animated,False,Shaun the Sheep Movie
2016,Best Motion Picture - Animated,False,The Good Dinosaur
2016,Best Motion Picture - Foreign Language,True,"Hungary, László Nemes"
2016,Best Motion Picture - Foreign Language,False,"France, Deniz Gamze Ergüven"
2016,Best Motion Picture - Foreign Language,False,"Belgium, France, Luxembourg, Jaco Van Dormael"
2016,Best Motion Picture - Foreign Language,False,"Chile, Pablo Larraín"
2016,Best Motion Picture - Foreign Language,False,"Finland, Germany, Estonia, Klaus Härö"
2016,Best Original Score - Motion Picture,True,The Hateful Eight
2016,Best Original Score - Motion Picture,False,Carol
2016,Best Original Score - Motion Picture,False,Steve Jobs
2016,Best Original Score - Motion Picture,False,The Danish Girl
2016,Best Original Score - Motion Picture,False,The Revenant
2016,Best Original Song - Motion Picture,True,Spectre
2016,Best Original Song - Motion Picture,False,Fifty Shades of Grey
2016,Best Original Song - Motion Picture,False,Furious 7
2016,Best Original Song - Motion Picture,False,Love & Mercy
2016,Best Original Song - Motion Picture,False,Youth
2016,Best Television Series - Drama,True,Mr. Robot
2016,Best Television Series - Drama,False,Game of Thrones
2016,Best Television Series - Drama,False,Narcos
2016,Best Television Series - Drama,False,Outlander
2016,Best Television Series - Drama,False,Empire
2016,Best Television Series - Musical or Comedy,True,Mozart in the Jungle
2016,Best Television Series - Musical or Comedy,False,Casual
2016,Best Television Series - Musical or Comedy,False,Orange is the New Black
2016,Best Television Series - Musical or Comedy,False,Silicon Valley
2016,Best Television Series - Musical or Comedy,False,Transparent
2016,Best Television Series - Musical or Comedy,False,Veep
2016,Best Television Limited Series or Motion Picture Made for Television,True,Wolf Hall
2016,Best Television Limited Series or Motion Picture Made for Television,False,American Crime
2016,Best Television Limited Series or Motion Picture Made for Television,False,American Horror Story: Hotel
2016,Best Television Limited Series or Motion Picture Made for Television,False,Fargo
2016,Best Television Limited Series or Motion Picture Made for Television,False,Flesh & Bone
2016,Best Performance by an Actress in a Limited Series or a Motion Picture Made for Television,True,American Horror Story: Hotel
2016,Best Performance by an Actress in a Limited Series or a Motion Picture Made for Television,False,Flesh & Bone
2016,Best Performance by an Actress in a Limited Series or a Motion Picture Made for Television,False,American Crime
2016,Best Performance by an Actress in a Limited Series or a Motion Picture Made for Television,False,Bessie
2016,Best Performance by an Actress in a Limited Series or a Motion Picture Made for Television,False,Fargo
2016,Best Performance by an Actor in a Limited Series or a Motion Picture Made for Television,True,Show Me a Hero
2016,Best Performance by an Actor in a Limited Series or a Motion Picture Made for Television,False,Fargo
2016,Best Performance by an Actor in a Limited Series or a Motion Picture Made for Television,False,Luther
2016,Best Performance by an Actor in a Limited Series or a Motion Picture Made for Television,False,Nightingale
2016,Best Performance by an Actor in a Limited Series or a Motion Picture Made for Television,False,Wolf Hall
2016,Best Performance by an Actress In A Television Series - Drama,True,Empire
2016,Best Performance by an Actress In A Television Series - Drama,False,Outlander
2016,Best Performance by an Actress In A Television Series - Drama,False,Penny Dreadful
2016,Best Performance by an Actress In A Television Series - Drama,False,House of Cards
2016,Best Performance by an Actress In A Television Series - Drama,False,How To Get Away With Murder
2016,Best Performance by an Actor In A Television Series - Drama,True,Mad Men
2016,Best Performance by an Actor In A Television Series - Drama,False,Narcos
2016,Best Performance by an Actor In A Television Series - Drama,False,Ray Donovan
2016,Best Performance by an Actor In A Television Series - Drama,False,Better Call Saul
2016,Best Performance by an Actor In A Television Series - Drama,False,Mr. Robot
2016,Best Performance by an Actress in a Television Series - Musical or Comedy,True,Crazy Ex-Girlfriend
2016,Best Performance by an Actress in a Television Series - Musical or Comedy,False,Grace and Frankie
2016,Best Performance by an Actress in a Television Series - Musical or Comedy,False,Jane The Virgin
2016,Best Performance by an Actress in a Television Series - Musical or Comedy,False,Scream Queens
2016,Best Performance by an Actress in a Television Series - Musical or Comedy,False,Veep
2016,Best Performance by an Actor in a Television Series - Musical or Comedy,True,Mozart in the Jungle
2016,Best Performance by an Actor in a Television Series - Musical or Comedy,False,Transparent
2016,Best Performance by an Actor in a Television Series - Musical or Comedy,False,Blunt Talk
2016,Best Performance by an Actor in a Television Series - Musical or Comedy,False,Master of None
2016,Best Performance by an Actor in a Television Series - Musical or Comedy,False,The Grinder
2016,"Best Performance by an Actress in a Supporting Role in a Series, Limited Series or Motion Picture Made for Television",True,The Affair
2016,"Best Performance by an Actress in a Supporting Role in a Series, Limited Series or Motion Picture Made for Television",False,American Crime
2016,"Best Performance by an Actress in a Supporting Role in a Series, Limited Series or Motion Picture Made for Television",False,Downton Abbey
2016,"Best Performance by an Actress in a Supporting Role in a Series, Limited Series or Motion Picture Made for Television",False,Orange is the New Black
2016,"Best Performance by an Actress in a Supporting Role in a Series, Limited Series or Motion Picture Made for Television",False,Transparent
2016,"Best Performance by an Actor in a Supporting Role in a Series, Limited Series or Motion Picture Made for Television",True,Mr. Robot
2016,"Best Performance by an Actor in a Supporting Role in a Series, Limited Series or Motion Picture Made for Television",False,Outlander
2016,"Best Performance by an Actor in a Supporting Role in a Series, Limited Series or Motion Picture Made for Television",False,Alan Cumming
2016,"Best Performance by an Actor in a Supporting Role in a Series, Limited Series or Motion Picture Made for Television",False,Wolf Hall
2016,"Best Performance by an Actor in a Supporting Role in a Series, Limited Series or Motion Picture Made for Television",False,Bloodline
2016,Cecil B. deMille Award,False,Denzel Washington
2017,Best Motion Picture - Drama,True,Moonlight
2017,Best Motion Picture - Drama,False,Hell or High Water
2017,Best Motion Picture - Drama,False,Lion
2017,Best Motion Picture - Drama,False,Manchester by the Sea
2017,Best Motion Picture - Drama,False,Hacksaw Ridge
2017,Best Motion Picture - Musical or Comedy,True,La La Land
2017,Best Motion Picture - Musical or Comedy,False,20th Century Women
2017,Best Motion Picture - Musical or Comedy,False,Deadpool
2017,Best Motion Picture - Musical or Comedy,False,Florence Foster Jenkins
2017,Best Motion Picture - Musical or Comedy,False,Sing Street
2017,Best Performance by an Actress in a Motion Picture - Drama,True,Elle
2017,Best Performance by an Actress in a Motion Picture - Drama,False,Arrival
2017,Best Performance by an Actress in a Motion Picture - Drama,False,Miss Sloane
2017,Best Performance by an Actress in a Motion Picture - Drama,False,Loving
2017,Best Performance by an Actress in a Motion Picture - Drama,False,Jackie
2017,Best Performance by an Actor in a Motion Picture - Drama,True,Manchester by the Sea
2017,Best Performance by an Actor in a Motion Picture - Drama,False,Loving
2017,Best Performance by an Actor in a Motion Picture - Drama,False,Hacksaw Ridge
2017,Best Performance by an Actor in a Motion Picture - Drama,False,Captain Fantastic
2017,Best Performance by an Actor in a Motion Picture - Drama,False,Fences
2017,Best Performance by an Actress in a Motion Picture - Musical or Comedy,True,La La Land
2017,Best Performance by an Actress in a Motion Picture - Musical or Comedy,False,20th Century Women
2017,Best Performance by an Actress in a Motion Picture - Musical or Comedy,False,Rules Don't Apply
2017,Best Performance by an Actress in a Motion Picture - Musical or Comedy,False,The Edge of Seventeen
2017,Best Performance by an Actress in a Motion Picture - Musical or Comedy,False,Florence Foster Jenkins
2017,Best Performance by an Actor in a Motion Picture - Musical or Comedy,True,La La Land
2017,Best Performance by an Actor in a Motion Picture - Musical or Comedy,False,The Lobster
2017,Best Performance by an Actor in a Motion Picture - Musical or Comedy,False,Florence Foster Jenkins
2017,Best Performance by an Actor in a Motion Picture - Musical or Comedy,False,War Dogs
2017,Best Performance by an Actor in a Motion Picture - Musical or Comedy,False,Deadpool
2017,Best Performance by an Actress in a Supporting Role in any Motion Picture,True,Fences
2017,Best Performance by an Actress in a Supporting Role in any Motion Picture,False,Moonlight
2017,Best Performance by an Actress in a Supporting Role in any Motion Picture,False,Lion
2017,Best Performance by an Actress in a Supporting Role in any Motion Picture,False,Hidden Figures
2017,Best Performance by an Actress in a Supporting Role in any Motion Picture,False,Manchester by the Sea
2017,Best Performance by an Actor in a Supporting Role in any Motion Picture,True,Nocturnal Animals
2017,Best Performance by an Actor in a Supporting Role in any Motion Picture,False,Moonlight
2017,Best Performance by an Actor in a Supporting Role in any Motion Picture,False,Hell or High Water
2017,Best Performance by an Actor in a Supporting Role in any Motion Picture,False,Florence Foster Jenkins
2017,Best Performance by an Actor in a Supporting Role in any Motion Picture,False,Lion
2017,Best Director - Motion Picture,True,La La Land
2017,Best Director - Motion Picture,False,Moonlight
2017,Best Director - Motion Picture,False,Manchester by the Sea
2017,Best Director - Motion Picture,False,Nocturnal Animals
2017,Best Director - Motion Picture,False,Hacksaw Ridge
2017,Best Screenplay - Motion Picture,True,La La Land
2017,Best Screenplay - Motion Picture,False,Nocturnal Animals
2017,Best Screenplay - Motion Picture,False,Moonlight
2017,Best Screenplay - Motion Picture,False,Manchester by the Sea
2017,Best Screenplay - Motion Picture,False,Hell or High Water
2017,Best Motion Picture - Animated,True,Zootopia
2017,Best Motion Picture - Animated,False,Kubo and the Two Strings
2017,Best Motion Picture - Animated,False,Moana
2017,Best Motion Picture - Animated,False,My Life as a Zucchini
2017,Best Motion Picture - Animated,False,Sing
2017,Best Motion Picture - Foreign Language,True,"France, Paul Verhoeven"
2017,Best Motion Picture - Foreign Language,False,"France, Houda Benyamina"
2017,Best Motion Picture - Foreign Language,False,"Chile, Pablo Larraín"
2017,Best Motion Picture - Foreign Language,False,"Iran, Asghar Farhadi "
2017,Best Motion Picture - Foreign Language,False,"Germany, Maren Ade"
2017,Best Original Score - Motion Picture,True,La La Land
2017,Best Original Score - Motion Picture,False,Moonlight
2017,Best Original Score - Motion Picture,False,Arrival
2017,Best Original Score - Motion Picture,False,Lion
2017,Best Original Score - Motion Picture,False,Hidden Figures
2017,Best Original Song - Motion Picture,True,La La Land
2017,Best Original Song - Motion Picture,False,Gold
2017,Best Original Song - Motion Picture,False,Moana
2017,Best Original Song - Motion Picture,False,Trolls
2017,Best Original Song - Motion Picture,False,Sing
2017,Best Television Series - Drama,True,"Crown, The "
2017,Best Television Series - Drama,False,Game of Thrones
2017,Best Television Series - Drama,False,Stranger Things
2017,Best Television Series - Drama,False,This Is Us
2017,Best Television Series - Drama,False,Westworld
2017,Best Television Series - Musical or Comedy,True,Atlanta
2017,Best Television Series - Musical or Comedy,False,Veep
2017,Best Television Series - Musical or Comedy,False,Black-ish
2017,Best Television Series - Musical or Comedy,False,Mozart in the Jungle
2017,Best Television Series - Musical or Comedy,False,Transparent
2017,Best Television Limited Series or Motion Picture Made for Television,True,The People v. O.J. Simpson: American Crime Story
2017,Best Television Limited Series or Motion Picture Made for Television,False,The Night Of
2017,Best Television Limited Series or Motion Picture Made for Television,False,American Crime
2017,Best Television Limited Series or Motion Picture Made for Television,False,The Dresser
2017,Best Television Limited Series or Motion Picture Made for Television,False,The Night Manager
2017,Best Performance by an Actress in a Limited Series or a Motion Picture Made for Television,True,The People v. O.J. Simpson: American Crime Story
2017,Best Performance by an Actress in a Limited Series or a Motion Picture Made for Television,False,American Crime
2017,Best Performance by an Actress in a Limited Series or a Motion Picture Made for Television,False,The Girlfriend Experience
2017,Best Performance by an Actress in a Limited Series or a Motion Picture Made for Television,False,London Spy
2017,Best Performance by an Actress in a Limited Series or a Motion Picture Made for Television,False,Confirmation
2017,Best Performance by an Actor in a Limited Series or a Motion Picture Made for Television,True,The Night Manager
2017,Best Performance by an Actor in a Limited Series or a Motion Picture Made for Television,False,The People v. O.J. Simpson: American Crime Story
2017,Best Performance by an Actor in a Limited Series or a Motion Picture Made for Television,False,The Night Of
2017,Best Performance by an Actor in a Limited Series or a Motion Picture Made for Television,False,All the Way
2017,Best Performance by an Actor in a Limited Series or a Motion Picture Made for Television,False,The Night Of
2017,Best Performance by an Actress In A Television Series - Drama,True,"Crown, The "
2017,Best Performance by an Actress In A Television Series - Drama,False,Outlander
2017,Best Performance by an Actress In A Television Series - Drama,False,The Americans
2017,Best Performance by an Actress In A Television Series - Drama,False,Stranger Things
2017,Best Performance by an Actress In A Television Series - Drama,False,Westworld
2017,Best Performance by an Actor In A Television Series - Drama,True,Goliath
2017,Best Performance by an Actor In A Television Series - Drama,False,Mr. Robot
2017,Best Performance by an Actor In A Television Series - Drama,False,Better Call Saul
2017,Best Performance by an Actor In A Television Series - Drama,False,The Americans
2017,Best Performance by an Actor In A Television Series - Drama,False,Ray Donovan
2017,Best Performance by an Actress in a Television Series - Musical or Comedy,True,Black-ish
2017,Best Performance by an Actress in a Television Series - Musical or Comedy,False,Veep
2017,Best Performance by an Actress in a Television Series - Musical or Comedy,False,Divorce
2017,Best Performance by an Actress in a Television Series - Musical or Comedy,False,Insecure
2017,Best Performance by an Actress in a Television Series - Musical or Comedy,False,Jane The Virgin
2017,Best Performance by an Actress in a Television Series - Musical or Comedy,False,Crazy Ex-Girlfriend
2017,Best Performance by an Actor in a Television Series - Musical or Comedy,True,Atlanta
2017,Best Performance by an Actor in a Television Series - Musical or Comedy,False,Black-ish
2017,Best Performance by an Actor in a Television Series - Musical or Comedy,False,Mozart in the Jungle
2017,Best Performance by an Actor in a Television Series - Musical or Comedy,False,Graves
2017,Best Performance by an Actor in a Television Series - Musical or Comedy,False,Transparent
2017,"Best Performance by an Actress in a Supporting Role in a Series, Limited Series or Motion Picture Made for Television",True,The Night Manager
2017,"Best Performance by an Actress in a Supporting Role in a Series, Limited Series or Motion Picture Made for Television",False,Game of Thrones
2017,"Best Performance by an Actress in a Supporting Role in a Series, Limited Series or Motion Picture Made for Television",False,This Is Us
2017,"Best Performance by an Actress in a Supporting Role in a Series, Limited Series or Motion Picture Made for Television",False,This Is Us
2017,"Best Performance by an Actress in a Supporting Role in a Series, Limited Series or Motion Picture Made for Television",False,Westworld
2017,"Best Performance by an Actor in a Supporting Role in a Series, Limited Series or Motion Picture Made for Television",True,The Night Manager
2017,"Best Performance by an Actor in a Supporting Role in a Series, Limited Series or Motion Picture Made for Television",False,"Crown, The "
2017,"Best Performance by an Actor in a Supporting Role in a Series, Limited Series or Motion Picture Made for Television",False,Mr. Robot
2017,"Best Performance by an Actor in a Supporting Role in a Series, Limited Series or Motion Picture Made for Television",False,The People v. O.J. Simpson: American Crime Story
2017,"Best Performance by an Actor in a Supporting Role in a Series, Limited Series or Motion Picture Made for Television",False,The People v. O.J. Simpson: American Crime Story
2017,Cecil B. deMille Award,False,Meryl Streep
2018,Best Motion Picture - Drama,True,"Three Billboards Outside Ebbing, Missouri"
2018,Best Motion Picture - Drama,False,Call Me By Your Name
2018,Best Motion Picture - Drama,False,Dunkirk
2018,Best Motion Picture - Drama,False,The Post
2018,Best Motion Picture - Drama,False,The Shape of Water
2018,Best Motion Picture - Musical or Comedy,True,Lady Bird
2018,Best Motion Picture - Musical or Comedy,False,"Disaster Artist, The "
2018,Best Motion Picture - Musical or Comedy,False,Get Out
2018,Best Motion Picture - Musical or Comedy,False,The Greatest Showman
2018,Best Motion Picture - Musical or Comedy,False,"I, Tonya"
2018,Best Performance by an Actress in a Motion Picture - Drama,True,"Three Billboards Outside Ebbing, Missouri"
2018,Best Performance by an Actress in a Motion Picture - Drama,False,The Post
2018,Best Performance by an Actress in a Motion Picture - Drama,False,All The Money In The World
2018,Best Performance by an Actress in a Motion Picture - Drama,False,Molly's Game
2018,Best Performance by an Actress in a Motion Picture - Drama,False,The Shape of Water
2018,Best Performance by an Actor in a Motion Picture - Drama,True,Darkest Hour
2018,Best Performance by an Actor in a Motion Picture - Drama,False,Call Me By Your Name
2018,Best Performance by an Actor in a Motion Picture - Drama,False,Phantom Thread
2018,Best Performance by an Actor in a Motion Picture - Drama,False,The Post
2018,Best Performance by an Actor in a Motion Picture - Drama,False,"Roman J. Israel, Esq."
2018,Best Performance by an Actress in a Motion Picture - Musical or Comedy,True,Lady Bird
2018,Best Performance by an Actress in a Motion Picture - Musical or Comedy,False,Victoria & Abdul
2018,Best Performance by an Actress in a Motion Picture - Musical or Comedy,False,"Leisure Seeker, The "
2018,Best Performance by an Actress in a Motion Picture - Musical or Comedy,False,"I, Tonya"
2018,Best Performance by an Actress in a Motion Picture - Musical or Comedy,False,Battle of the Sexes
2018,Best Performance by an Actor in a Motion Picture - Musical or Comedy,True,"Disaster Artist, The "
2018,Best Performance by an Actor in a Motion Picture - Musical or Comedy,False,The Greatest Showman
2018,Best Performance by an Actor in a Motion Picture - Musical or Comedy,False,Get Out
2018,Best Performance by an Actor in a Motion Picture - Musical or Comedy,False,Battle of the Sexes
2018,Best Performance by an Actor in a Motion Picture - Musical or Comedy,False,Baby Driver
2018,Best Performance by an Actress in a Supporting Role in any Motion Picture,True,"I, Tonya"
2018,Best Performance by an Actress in a Supporting Role in any Motion Picture,False,Mudbound
2018,Best Performance by an Actress in a Supporting Role in any Motion Picture,False,Downsizing
2018,Best Performance by an Actress in a Supporting Role in any Motion Picture,False,Lady Bird
2018,Best Performance by an Actress in a Supporting Role in any Motion Picture,False,The Shape of Water
2018,Best Performance by an Actor in a Supporting Role in any Motion Picture,True,"Three Billboards Outside Ebbing, Missouri"
2018,Best Performance by an Actor in a Supporting Role in any Motion Picture,False,"Florida Project, The "
2018,Best Performance by an Actor in a Supporting Role in any Motion Picture,False,Call Me By Your Name
2018,Best Performance by an Actor in a Supporting Role in any Motion Picture,False,The Shape of Water
2018,Best Performance by an Actor in a Supporting Role in any Motion Picture,False,All The Money In The World
2018,Best Director - Motion Picture,True,The Shape of Water
2018,Best Director - Motion Picture,False,All The Money In The World
2018,Best Director - Motion Picture,False,The Post
2018,Best Director - Motion Picture,False,"Three Billboards Outside Ebbing, Missouri"
2018,Best Director - Motion Picture,False,Dunkirk
2018,Best Screenplay - Motion Picture,True,"Three Billboards Outside Ebbing, Missouri"
2018,Best Screenplay - Motion Picture,False,The Shape of Water
2018,Best Screenplay - Motion Picture,False,Lady Bird
2018,Best Screenplay - Motion Picture,False,The Post
2018,Best Screenplay - Motion Picture,False,Molly's Game
2018,Best Motion Picture - Animated,True,Coco
2018,Best Motion Picture - Animated,False,Loving Vincent
2018,Best Motion Picture - Animated,False,"Boss Baby, The "
2018,Best Motion Picture - Animated,False,"Breadwinner, The "
2018,Best Motion Picture - Animated,False,Ferdinand
2018,Best Motion Picture - Foreign Language,True,"Germany, Fatih Akin"
2018,Best Motion Picture - Foreign Language,False,"Chile, Sebastián Lelio"
2018,Best Motion Picture - Foreign Language,False,"Cambodia, Angelina Jolie"
2018,Best Motion Picture - Foreign Language,False,"Russia, Andrey Zvyagintsev "
2018,Best Motion Picture - Foreign Language,False,"Sweden, Ruben Östlund"
2018,Best Original Score - Motion Picture,True,The Shape of Water
2018,Best Original Score - Motion Picture,False,"Three Billboards Outside Ebbing, Missouri"
2018,Best Original Score - Motion Picture,False,Phantom Thread
2018,Best Original Score - Motion Picture,False,The Post
2018,Best Original Score - Motion Picture,False,Dunkirk
2018,Best Original Song - Motion Picture,True,The Greatest Showman
2018,Best Original Song - Motion Picture,False,The Star
2018,Best Original Song - Motion Picture,False,Ferdinand
2018,Best Original Song - Motion Picture,False,Mudbound
2018,Best Original Song - Motion Picture,False,Coco
2018,Best Television Series - Drama,True,"Handmaid's Tale, The "
2018,Best Television Series - Drama,False,"Crown, The "
2018,Best Television Series - Drama,False,Game of Thrones
2018,Best Television Series - Drama,False,Stranger Things
2018,Best Television Series - Drama,False,This Is Us
2018,Best Television Series - Musical or Comedy,True,"Marvelous Mrs. Maisel, The"
2018,Best Television Series - Musical or Comedy,False,Black-ish
2018,Best Television Series - Musical or Comedy,False,Master of None
2018,Best Television Series - Musical or Comedy,False,SMILF
2018,Best Television Series - Musical or Comedy,False,Will & Grace
2018,Best Television Limited Series or Motion Picture Made for Television,True,Big Little Lies
2018,Best Television Limited Series or Motion Picture Made for Television,False,Fargo
2018,Best Television Limited Series or Motion Picture Made for Television,False,Feud: Bette And Joan
2018,Best Television Limited Series or Motion Picture Made for Television,False,The Sinner
2018,Best Television Limited Series or Motion Picture Made for Television,False,Top of The Lake: China Girl
2018,Best Performance by an Actress in a Limited Series or a Motion Picture Made for Television,True,Big Little Lies
2018,Best Performance by an Actress in a Limited Series or a Motion Picture Made for Television,False,Big Little Lies
2018,Best Performance by an Actress in a Limited Series or a Motion Picture Made for Television,False,The Sinner
2018,Best Performance by an Actress in a Limited Series or a Motion Picture Made for Television,False,Feud: Bette And Joan
2018,Best Performance by an Actress in a Limited Series or a Motion Picture Made for Television,False,Feud: Bette And Joan
2018,Best Performance by an Actor in a Limited Series or a Motion Picture Made for Television,True,Fargo
2018,Best Performance by an Actor in a Limited Series or a Motion Picture Made for Television,False,"Wizard of Lies, The"
2018,Best Performance by an Actor in a Limited Series or a Motion Picture Made for Television,False,"Young Pope, The"
2018,Best Performance by an Actor in a Limited Series or a Motion Picture Made for Television,False,"Twin Peaks, The Return"
2018,Best Performance by an Actor in a Limited Series or a Motion Picture Made for Television,False,Genius
2018,Best Performance by an Actress In A Television Series - Drama,True,"Handmaid's Tale, The "
2018,Best Performance by an Actress In A Television Series - Drama,False,13 Reasons Why
2018,Best Performance by an Actress In A Television Series - Drama,False,Outlander
2018,Best Performance by an Actress In A Television Series - Drama,False,"Crown, The "
2018,Best Performance by an Actress In A Television Series - Drama,False,"Deuce, The"
2018,Best Performance by an Actor In A Television Series - Drama,True,This Is Us
2018,Best Performance by an Actor In A Television Series - Drama,False,Ozark
2018,Best Performance by an Actor In A Television Series - Drama,False,"Good Doctor, The"
2018,Best Performance by an Actor In A Television Series - Drama,False,Better Call Saul
2018,Best Performance by an Actor In A Television Series - Drama,False,Ray Donovan
2018,Best Performance by an Actress in a Television Series - Musical or Comedy,True,"Marvelous Mrs. Maisel, The"
2018,Best Performance by an Actress in a Television Series - Musical or Comedy,False,Better Things
2018,Best Performance by an Actress in a Television Series - Musical or Comedy,False,GLOW
2018,Best Performance by an Actress in a Television Series - Musical or Comedy,False,Insecure
2018,Best Performance by an Actress in a Television Series - Musical or Comedy,False,SMILF
2018,Best Performance by an Actor in a Television Series - Musical or Comedy,True,Master of None
2018,Best Performance by an Actor in a Television Series - Musical or Comedy,False,I Love Dick
2018,Best Performance by an Actor in a Television Series - Musical or Comedy,False,Shameless
2018,Best Performance by an Actor in a Television Series - Musical or Comedy,False,Will & Grace
2018,Best Performance by an Actor in a Television Series - Musical or Comedy,False,Black-ish
2018,"Best Performance by an Actress in a Supporting Role in a Series, Limited Series or Motion Picture Made for Television",True,Big Little Lies
2018,"Best Performance by an Actress in a Supporting Role in a Series, Limited Series or Motion Picture Made for Television",False,"Handmaid's Tale, The "
2018,"Best Performance by an Actress in a Supporting Role in a Series, Limited Series or Motion Picture Made for Television",False,This Is Us
2018,"Best Performance by an Actress in a Supporting Role in a Series, Limited Series or Motion Picture Made for Television",False,"Wizard of Lies, The"
2018,"Best Performance by an Actress in a Supporting Role in a Series, Limited Series or Motion Picture Made for Television",False,Big Little Lies
2018,"Best Performance by an Actor in a Supporting Role in a Series, Limited Series or Motion Picture Made for Television",True,Big Little Lies
2018,"Best Performance by an Actor in a Supporting Role in a Series, Limited Series or Motion Picture Made for Television",False,Stranger Things
2018,"Best Performance by an Actor in a Supporting Role in a Series, Limited Series or Motion Picture Made for Television",False,Feud: Bette And Joan
2018,"Best Performance by an Actor in a Supporting Role in a Series, Limited Series or Motion Picture Made for Television",False,Mr. Robot
2018,"Best Performance by an Actor in a Supporting Role in a Series, Limited Series or Motion Picture Made for Television",False,Fargo
2018,Cecil B. deMille Award,False,Oprah Winfrey
2019,Best Motion Picture - Drama,True,Bohemian Rhapsody
2019,Best Motion Picture - Drama,False,BlacKkKlansman
2019,Best Motion Picture - Drama,False,If Beale Street Could Talk
2019,Best Motion Picture - Drama,False,"Star Is Born, A (2018)"
2019,Best Motion Picture - Drama,False,Black Panther
2019,Best Motion Picture - Musical or Comedy,True,Green Book
2019,Best Motion Picture - Musical or Comedy,False,Crazy Rich Asians
2019,Best Motion Picture - Musical or Comedy,False,"Favourite, The"
2019,Best Motion Picture - Musical or Comedy,False,Mary Poppins Returns
2019,Best Motion Picture - Musical or Comedy,False,Vice
2019,Best Performance by an Actress in a Motion Picture - Drama,True,"Wife, The"
2019,Best Performance by an Actress in a Motion Picture - Drama,False,"Star Is Born, A (2018)"
2019,Best Performance by an Actress in a Motion Picture - Drama,False,Destroyer
2019,Best Performance by an Actress in a Motion Picture - Drama,False,Can You Ever Forgive Me?
2019,Best Performance by an Actress in a Motion Picture - Drama,False,"Private War, A"
2019,Best Performance by an Actor in a Motion Picture - Drama,True,Bohemian Rhapsody
2019,Best Performance by an Actor in a Motion Picture - Drama,False,"Star Is Born, A (2018)"
2019,Best Performance by an Actor in a Motion Picture - Drama,False,At Eternity's Gate
2019,Best Performance by an Actor in a Motion Picture - Drama,False,Boy Erased
2019,Best Performance by an Actor in a Motion Picture - Drama,False,BlacKkKlansman
2019,Best Performance by an Actress in a Motion Picture - Musical or Comedy,True,"Favourite, The"
2019,Best Performance by an Actress in a Motion Picture - Musical or Comedy,False,Mary Poppins Returns
2019,Best Performance by an Actress in a Motion Picture - Musical or Comedy,False,Eighth Grade
2019,Best Performance by an Actress in a Motion Picture - Musical or Comedy,False,Tully
2019,Best Performance by an Actress in a Motion Picture - Musical or Comedy,False,Crazy Rich Asians
2019,Best Performance by an Actor in a Motion Picture - Musical or Comedy,True,Vice
2019,Best Performance by an Actor in a Motion Picture - Musical or Comedy,False,Mary Poppins Returns
2019,Best Performance by an Actor in a Motion Picture - Musical or Comedy,False,Green Book
2019,Best Performance by an Actor in a Motion Picture - Musical or Comedy,False,"Old Man & the Gun, The"
2019,Best Performance by an Actor in a Motion Picture - Musical or Comedy,False,Stan & Ollie
2019,Best Performance by an Actress in a Supporting Role in any Motion Picture,True,If Beale Street Could Talk
2019,Best Performance by an Actress in a Supporting Role in any Motion Picture,False,First Man
2019,Best Performance by an Actress in a Supporting Role in any Motion Picture,False,"Favourite, The"
2019,Best Performance by an Actress in a Supporting Role in any Motion Picture,False,"Favourite, The"
2019,Best Performance by an Actress in a Supporting Role in any Motion Picture,False,Vice
2019,Best Performance by an Actor in a Supporting Role in any Motion Picture,True,Green Book
2019,Best Performance by an Actor in a Supporting Role in any Motion Picture,False,Beautiful Boy
2019,Best Performance by an Actor in a Supporting Role in any Motion Picture,False,BlacKkKlansman
2019,Best Performance by an Actor in a Supporting Role in any Motion Picture,False,Can You Ever Forgive Me?
2019,Best Performance by an Actor in a Supporting Role in any Motion Picture,False,Vice
2019,Best Director - Motion Picture,True,Roma
2019,Best Director - Motion Picture,False,"Star Is Born, A (2018)"
2019,Best Director - Motion Picture,False,Green Book
2019,Best Director - Motion Picture,False,BlacKkKlansman
2019,Best Director - Motion Picture,False,Vice
2019,Best Screenplay - Motion Picture,True,Green Book
2019,Best Screenplay - Motion Picture,False,"Favourite, The"
2019,Best Screenplay - Motion Picture,False,If Beale Street Could Talk
2019,Best Screenplay - Motion Picture,False,Vice
2019,Best Screenplay - Motion Picture,False,Roma
2019,Best Motion Picture - Animated,True,Spider-Man: Into the Spider-Verse
2019,Best Motion Picture - Animated,False,Incredibles 2
2019,Best Motion Picture - Animated,False,Isle of Dogs
2019,Best Motion Picture - Animated,False,Mirai
2019,Best Motion Picture - Animated,False,Ralph Breaks the Internet
2019,Best Motion Picture - Foreign Language,True,"Mexico, Alfonso Cuarón"
2019,Best Motion Picture - Foreign Language,False,"Belgium, Lukas Dhont"
2019,Best Motion Picture - Foreign Language,False,"Germany, Florian Henckel von Donnersmarck"
2019,Best Motion Picture - Foreign Language,False,"Japan, Hirokazu Koreeda"
2019,Best Motion Picture - Foreign Language,False,"Lebanon, Nadine Labaki"
2019,Best Original Score - Motion Picture,True,First Man
2019,Best Original Score - Motion Picture,False,"Quiet Place, A"
2019,Best Original Score - Motion Picture,False,Isle of Dogs
2019,Best Original Score - Motion Picture,False,Black Panther
2019,Best Original Score - Motion Picture,False,Mary Poppins Returns
2019,Best Original Song - Motion Picture,True,"Star Is Born, A (2018)"
2019,Best Original Song - Motion Picture,False,Black Panther
2019,Best Original Song - Motion Picture,False,Dumplin'
2019,Best Original Song - Motion Picture,False,"Private War, A"
2019,Best Original Song - Motion Picture,False,Boy Erased
2019,Best Television Series - Drama,True,The Americans
2019,Best Television Series - Drama,False,Bodyguard
2019,Best Television Series - Drama,False,Homecoming
2019,Best Television Series - Drama,False,Killing Eve
2019,Best Television Series - Drama,False,Pose
2019,Best Television Series - Musical or Comedy,True,"Kominsky Method, The"
2019,Best Television Series - Musical or Comedy,False,Barry
2019,Best Television Series - Musical or Comedy,False,"Good Place, The"
2019,Best Television Series - Musical or Comedy,False,Kidding
2019,Best Television Series - Musical or Comedy,False,"Marvelous Mrs. Maisel, The"
2019,Best Television Limited Series or Motion Picture Made for Television,True,"Assassination of Gianni Versace: American Crime Story, The"
2019,Best Television Limited Series or Motion Picture Made for Television,False,Sharp Objects
2019,Best Television Limited Series or Motion Picture Made for Television,False,"Very English Scandal, A"
2019,Best Television Limited Series or Motion Picture Made for Television,False,"Alienist, The"
2019,Best Television Limited Series or Motion Picture Made for Television,False,Escape at Dannemora
2019,Best Performance by an Actress in a Limited Series or a Motion Picture Made for Television,True,Escape at Dannemora
2019,Best Performance by an Actress in a Limited Series or a Motion Picture Made for Television,False,Sharp Objects
2019,Best Performance by an Actress in a Limited Series or a Motion Picture Made for Television,False,Dirty John
2019,Best Performance by an Actress in a Limited Series or a Motion Picture Made for Television,False,"Tale, The"
2019,Best Performance by an Actress in a Limited Series or a Motion Picture Made for Television,False,Seven Seconds
2019,Best Performance by an Actor in a Limited Series or a Motion Picture Made for Television,True,"Assassination of Gianni Versace: American Crime Story, The"
2019,Best Performance by an Actor in a Limited Series or a Motion Picture Made for Television,False,"Very English Scandal, A"
2019,Best Performance by an Actor in a Limited Series or a Motion Picture Made for Television,False,Genius: Picasso
2019,Best Performance by an Actor in a Limited Series or a Motion Picture Made for Television,False,"Alienist, The"
2019,Best Performance by an Actor in a Limited Series or a Motion Picture Made for Television,False,Patrick Melrose
2019,Best Performance by an Actress In A Television Series - Drama,True,Killing Eve
2019,Best Performance by an Actress In A Television Series - Drama,False,Outlander
2019,Best Performance by an Actress In A Television Series - Drama,False,"Handmaid's Tale, The "
2019,Best Performance by an Actress In A Television Series - Drama,False,Homecoming
2019,Best Performance by an Actress In A Television Series - Drama,False,The Americans
2019,Best Performance by an Actor In A Television Series - Drama,True,Bodyguard
2019,Best Performance by an Actor In A Television Series - Drama,False,Ozark
2019,Best Performance by an Actor In A Television Series - Drama,False,Homecoming
2019,Best Performance by an Actor In A Television Series - Drama,False,Pose
2019,Best Performance by an Actor In A Television Series - Drama,False,The Americans
2019,Best Performance by an Actress in a Television Series - Musical or Comedy,True,"Marvelous Mrs. Maisel, The"
2019,Best Performance by an Actress in a Television Series - Musical or Comedy,False,"Good Place, The"
2019,Best Performance by an Actress in a Television Series - Musical or Comedy,False,Murphy Brown
2019,Best Performance by an Actress in a Television Series - Musical or Comedy,False,GLOW
2019,Best Performance by an Actress in a Television Series - Musical or Comedy,False,Will & Grace
2019,Best Performance by an Actor in a Television Series - Musical or Comedy,True,"Kominsky Method, The"
2019,Best Performance by an Actor in a Television Series - Musical or Comedy,False,Kidding
2019,Best Performance by an Actor in a Television Series - Musical or Comedy,False,Atlanta
2019,Best Performance by an Actor in a Television Series - Musical or Comedy,False,Barry
2019,Best Performance by an Actor in a Television Series - Musical or Comedy,False,Who is America?
2019,"Best Performance by an Actress in a Supporting Role in a Series, Limited Series or Motion Picture Made for Television",True,Sharp Objects
2019,"Best Performance by an Actress in a Supporting Role in a Series, Limited Series or Motion Picture Made for Television",False,"Marvelous Mrs. Maisel, The"
2019,"Best Performance by an Actress in a Supporting Role in a Series, Limited Series or Motion Picture Made for Television",False,"Assassination of Gianni Versace: American Crime Story, The"
2019,"Best Performance by an Actress in a Supporting Role in a Series, Limited Series or Motion Picture Made for Television",False,Westworld
2019,"Best Performance by an Actress in a Supporting Role in a Series, Limited Series or Motion Picture Made for Television",False,"Handmaid's Tale, The "
2019,"Best Performance by an Actor in a Supporting Role in a Series, Limited Series or Motion Picture Made for Television",True,"Very English Scandal, A"
2019,"Best Performance by an Actor in a Supporting Role in a Series, Limited Series or Motion Picture Made for Television",False,"Kominsky Method, The"
2019,"Best Performance by an Actor in a Supporting Role in a Series, Limited Series or Motion Picture Made for Television",False,Succession
2019,"Best Performance by an Actor in a Supporting Role in a Series, Limited Series or Motion Picture Made for Television",False,"Assassination of Gianni Versace: American Crime Story, The"
2019,"Best Performance by an Actor in a Supporting Role in a Series, Limited Series or Motion Picture Made for Television",False,Barry
2019,Cecil B. deMille Award,False,Jeff Bridges
2019,Carol Burnett Award,False,Carol Burnett
2020,Best Motion Picture - Drama,True,1917
2020,Best Motion Picture - Drama,False,"Irishman, The"
2020,Best Motion Picture - Drama,False,Joker
2020,Best Motion Picture - Drama,False,Marriage Story
2020,Best Motion Picture - Drama,False,"Two Popes, The"
2020,Best Motion Picture - Musical or Comedy,True,Once Upon a Time...in Hollywood
2020,Best Motion Picture - Musical or Comedy,False,Dolemite Is My Name
2020,Best Motion Picture - Musical or Comedy,False,Jojo Rabbit
2020,Best Motion Picture - Musical or Comedy,False,Knives Out
2020,Best Motion Picture - Musical or Comedy,False,Rocketman
2020,Best Performance by an Actress in a Motion Picture - Drama,True,Judy
2020,Best Performance by an Actress in a Motion Picture - Drama,False,Harriet
2020,Best Performance by an Actress in a Motion Picture - Drama,False,Marriage Story
2020,Best Performance by an Actress in a Motion Picture - Drama,False,Little Women
2020,Best Performance by an Actress in a Motion Picture - Drama,False,Bombshell
2020,Best Performance by an Actor in a Motion Picture - Drama,True,Joker
2020,Best Performance by an Actor in a Motion Picture - Drama,False,Ford v Ferrari
2020,Best Performance by an Actor in a Motion Picture - Drama,False,Pain and Glory
2020,Best Performance by an Actor in a Motion Picture - Drama,False,Marriage Story
2020,Best Performance by an Actor in a Motion Picture - Drama,False,"Two Popes, The"
2020,Best Performance by an Actress in a Motion Picture - Musical or Comedy,True,"Farewell, The"
2020,Best Performance by an Actress in a Motion Picture - Musical or Comedy,False,Knives Out
2020,Best Performance by an Actress in a Motion Picture - Musical or Comedy,False,"Where'd You Go, Bernadette"
2020,Best Performance by an Actress in a Motion Picture - Musical or Comedy,False,Booksmart
2020,Best Performance by an Actress in a Motion Picture - Musical or Comedy,False,Late Night
2020,Best Performance by an Actor in a Motion Picture - Musical or Comedy,True,Rocketman
2020,Best Performance by an Actor in a Motion Picture - Musical or Comedy,False,Knives Out
2020,Best Performance by an Actor in a Motion Picture - Musical or Comedy,False,Jojo Rabbit
2020,Best Performance by an Actor in a Motion Picture - Musical or Comedy,False,Once Upon a Time...in Hollywood
2020,Best Performance by an Actor in a Motion Picture - Musical or Comedy,False,Dolemite Is My Name
2020,Best Performance by an Actress in a Supporting Role in any Motion Picture,True,Marriage Story
2020,Best Performance by an Actress in a Supporting Role in any Motion Picture,False,"Report, The"
2020,Best Performance by an Actress in a Supporting Role in any Motion Picture,False,Hustlers
2020,Best Performance by an Actress in a Supporting Role in any Motion Picture,False,Bombshell
2020,Best Performance by an Actress in a Supporting Role in any Motion Picture,False,Richard Jewell
2020,Best Performance by an Actor in a Supporting Role in any Motion Picture,True,Once Upon a Time...in Hollywood
2020,Best Performance by an Actor in a Supporting Role in any Motion Picture,False,"Beautiful Day in the Neighborhood, A"
2020,Best Performance by an Actor in a Supporting Role in any Motion Picture,False,"Two Popes, The"
2020,Best Performance by an Actor in a Supporting Role in any Motion Picture,False,"Irishman, The"
2020,Best Performance by an Actor in a Supporting Role in any Motion Picture,False,"Irishman, The"
2020,Best Director - Motion Picture,True,1917
2020,Best Director - Motion Picture,False,Parasite
2020,Best Director - Motion Picture,False,Joker
2020,Best Director - Motion Picture,False,"Irishman, The"
2020,Best Director - Motion Picture,False,Once Upon a Time...in Hollywood
2020,Best Screenplay - Motion Picture,True,Once Upon a Time...in Hollywood
2020,Best Screenplay - Motion Picture,False,Marriage Story
2020,Best Screenplay - Motion Picture,False,Parasite
2020,Best Screenplay - Motion Picture,False,"Two Popes, The"
2020,Best Screenplay - Motion Picture,False,"Irishman, The"
2020,Best Motion Picture - Animated,True,Missing Link
2020,Best Motion Picture - Animated,False,How to Train Your Dragon: The Hidden World
2020,Best Motion Picture - Animated,False,"Lion King, The"
2020,Best Motion Picture - Animated,False,Toy Story 4
2020,Best Motion Picture - Animated,False,Frozen II
2020,Best Motion Picture - Foreign Language,True,"South Korea, Bong Joon Ho"
2020,Best Motion Picture - Foreign Language,False,"USA, Lulu Wang"
2020,Best Motion Picture - Foreign Language,False,"France, Ladj Ly"
2020,Best Motion Picture - Foreign Language,False,"Spain, Pedro Almodóvar"
2020,Best Motion Picture - Foreign Language,False,"France, Céline Sciamma"
2020,Best Original Score - Motion Picture,True,Joker
2020,Best Original Score - Motion Picture,False,Little Women
2020,Best Original Score - Motion Picture,False,Marriage Story
2020,Best Original Score - Motion Picture,False,1917
2020,Best Original Score - Motion Picture,False,Motherless Brooklyn
2020,Best Original Song - Motion Picture,True,Rocketman
2020,Best Original Song - Motion Picture,False,Cats
2020,Best Original Song - Motion Picture,False,Frozen II
2020,Best Original Song - Motion Picture,False,"Lion King, The"
2020,Best Original Song - Motion Picture,False,Harriet
2020,Best Television Series - Drama,True,Succession
2020,Best Television Series - Drama,False,"Crown, The "
2020,Best Television Series - Drama,False,Killing Eve
2020,Best Television Series - Drama,False,"Morning Show, The"
2020,Best Television Series - Drama,False,Big Little Lies
2020,Best Television Series - Musical or Comedy,True,Fleabag
2020,Best Television Series - Musical or Comedy,False,Barry
2020,Best Television Series - Musical or Comedy,False,"Kominsky Method, The"
2020,Best Television Series - Musical or Comedy,False,"Marvelous Mrs. Maisel, The"
2020,Best Television Series - Musical or Comedy,False,"Politician, The"
2020,Best Television Limited Series or Motion Picture Made for Television,True,Chernobyl
2020,Best Television Limited Series or Motion Picture Made for Television,False,Catch-22
2020,Best Television Limited Series or Motion Picture Made for Television,False,Fosse/Verdon
2020,Best Television Limited Series or Motion Picture Made for Television,False,"Loudest Voice, The"
2020,Best Television Limited Series or Motion Picture Made for Television,False,Unbelievable
2020,Best Performance by an Actress in a Limited Series or a Motion Picture Made for Television,True,Fosse/Verdon
2020,Best Performance by an Actress in a Limited Series or a Motion Picture Made for Television,False,Unbelievable
2020,Best Performance by an Actress in a Limited Series or a Motion Picture Made for Television,False,"Act, The"
2020,Best Performance by an Actress in a Limited Series or a Motion Picture Made for Television,False,Catherine the Great
2020,Best Performance by an Actress in a Limited Series or a Motion Picture Made for Television,False,Unbelievable
2020,Best Performance by an Actor in a Limited Series or a Motion Picture Made for Television,True,"Loudest Voice, The"
2020,Best Performance by an Actor in a Limited Series or a Motion Picture Made for Television,False,Catch-22
2020,Best Performance by an Actor in a Limited Series or a Motion Picture Made for Television,False,"Spy, The"
2020,Best Performance by an Actor in a Limited Series or a Motion Picture Made for Television,False,Chernobyl
2020,Best Performance by an Actor in a Limited Series or a Motion Picture Made for Television,False,Fosse/Verdon
2020,Best Performance by an Actress In A Television Series - Drama,True,"Crown, The "
2020,Best Performance by an Actress In A Television Series - Drama,False,Big Little Lies
2020,Best Performance by an Actress In A Television Series - Drama,False,"Morning Show, The"
2020,Best Performance by an Actress In A Television Series - Drama,False,"Morning Show, The"
2020,Best Performance by an Actress In A Television Series - Drama,False,Killing Eve
2020,Best Performance by an Actor In A Television Series - Drama,True,Succession
2020,Best Performance by an Actor In A Television Series - Drama,False,Game of Thrones
2020,Best Performance by an Actor In A Television Series - Drama,False,Mr. Robot
2020,Best Performance by an Actor In A Television Series - Drama,False,"Crown, The "
2020,Best Performance by an Actor In A Television Series - Drama,False,Pose
2020,Best Performance by an Actress in a Television Series - Musical or Comedy,True,Fleabag
2020,Best Performance by an Actress in a Television Series - Musical or Comedy,False,Dead to Me
2020,Best Performance by an Actress in a Television Series - Musical or Comedy,False,"Marvelous Mrs. Maisel, The"
2020,Best Performance by an Actress in a Television Series - Musical or Comedy,False,On Becoming a God in Central Florida
2020,Best Performance by an Actress in a Television Series - Musical or Comedy,False,Russian Doll
2020,Best Performance by an Actor in a Television Series - Musical or Comedy,True,Ramy
2020,Best Performance by an Actor in a Television Series - Musical or Comedy,False,Barry
2020,Best Performance by an Actor in a Television Series - Musical or Comedy,False,"Politician, The"
2020,Best Performance by an Actor in a Television Series - Musical or Comedy,False,Living with Yourself
2020,Best Performance by an Actor in a Television Series - Musical or Comedy,False,"Kominsky Method, The"
2020,"Best Performance by an Actress in a Supporting Role in a Series, Limited Series or Motion Picture Made for Television",True,"Act, The"
2020,"Best Performance by an Actress in a Supporting Role in a Series, Limited Series or Motion Picture Made for Television",False,"Crown, The "
2020,"Best Performance by an Actress in a Supporting Role in a Series, Limited Series or Motion Picture Made for Television",False,Unbelievable
2020,"Best Performance by an Actress in a Supporting Role in a Series, Limited Series or Motion Picture Made for Television",False,Big Little Lies
2020,"Best Performance by an Actress in a Supporting Role in a Series, Limited Series or Motion Picture Made for Television",False,Chernobyl
2020,"Best Performance by an Actor in a Supporting Role in a Series, Limited Series or Motion Picture Made for Television",True,Chernobyl
2020,"Best Performance by an Actor in a Supporting Role in a Series, Limited Series or Motion Picture Made for Television",False,"Kominsky Method, The"
2020,"Best Performance by an Actor in a Supporting Role in a Series, Limited Series or Motion Picture Made for Television",False,Succession
2020,"Best Performance by an Actor in a Supporting Role in a Series, Limited Series or Motion Picture Made for Television",False,Fleabag
2020,"Best Performance by an Actor in a Supporting Role in a Series, Limited Series or Motion Picture Made for Television",False,Barry
2020,Cecil B. deMille Award,False,Tom Hanks
2020,Carol Burnett Award,False,Ellen DeGeneres
