year,category,nominee,winner
1928,ACTOR,The Noose,False
1928,ACTOR,The Patent Leather Kid,False
1928,ACTOR,The Last Command,True
1928,ACTOR,The Way of All Flesh,True
1928,ACTRESS,A Ship Comes In,False
1928,ACTRESS,7th Heaven,True
1928,ACTRESS,Street Angel,True
1928,ACTRESS,Sunrise,True
1928,ACTRESS,Sadie Thompson,False
1928,ART DIRECTION,Sunrise,False
1928,ART DIRECTION,The Dove,True
1928,ART DIRECTION,Tempest,True
1928,ART DIRECTION,7th Heaven,False
1928,CINEMATOGRAPHY,The Devil Dancer,False
1928,CINEMATOGRAPHY,The Magic Flame,False
1928,CINEMATOGRAPHY,Sadie Thompson,False
1928,CINEMATOGRAPHY,Sunrise,True
1928,DIRECTING (Comedy Picture),Two Arabian Knights,True
1928,DIRECTING (Comedy Picture),Speedy,False
1928,DIRECTING (Dramatic Picture),7th Heaven,True
1928,DIRECTING (Dramatic Picture),Sorrell and Son,False
1928,DIRECTING (Dramatic Picture),The Crowd,False
1928,ENGINEERING EFFECTS,,False
1928,ENGINEERING EFFECTS,Wings,True
1928,ENGINEERING EFFECTS,,False
1928,OUTSTANDING PICTURE,The Racket,False
1928,OUTSTANDING PICTURE,7th Heaven,False
1928,OUTSTANDING PICTURE,Wings,True
1928,UNIQUE AND ARTISTIC PICTURE,Sunrise,True
1928,UNIQUE AND ARTISTIC PICTURE,The Crowd,False
1928,UNIQUE AND ARTISTIC PICTURE,Chang,False
1928,WRITING (Adaptation),The Jazz Singer,False
1928,WRITING (Adaptation),Glorious Betsy,False
1928,WRITING (Adaptation),7th Heaven,True
1928,WRITING (Original Story),The Last Command,False
1928,WRITING (Original Story),Underworld,True
1928,WRITING (Title Writing),The Private Life of Helen of Troy,False
1928,WRITING (Title Writing),,True
1928,WRITING (Title Writing),,False
1928,SPECIAL AWARD,The Jazz Singer,True
1928,SPECIAL AWARD,The Circus,True
1929,ACTOR,Thunderbolt,False
1929,ACTOR,In Old Arizona,True
1929,ACTOR,Alibi,False
1929,ACTOR,The Valiant,False
1929,ACTOR,The Patriot,False
1929,ACTRESS,Madame X,False
1929,ACTRESS,The Barker,False
1929,ACTRESS,The Letter,False
1929,ACTRESS,The Divine Lady,False
1929,ACTRESS,The Broadway Melody,False
1929,ACTRESS,Coquette,True
1929,ART DIRECTION,The Patriot,False
1929,ART DIRECTION,The Bridge of San Luis Rey,True
1929,ART DIRECTION,Dynamite,False
1929,ART DIRECTION,Alibi,False
1929,ART DIRECTION,The Awakening,False
1929,ART DIRECTION,Street Angel,False
1929,CINEMATOGRAPHY,Our Dancing Daughters,False
1929,CINEMATOGRAPHY,White Shadows in the South Seas,True
1929,CINEMATOGRAPHY,In Old Arizona,False
1929,CINEMATOGRAPHY,Four Devils,False
1929,CINEMATOGRAPHY,Street Angel,False
1929,CINEMATOGRAPHY,The Divine Lady,False
1929,DIRECTING,Madame X,False
1929,DIRECTING,The Broadway Melody,False
1929,DIRECTING,In Old Arizona,False
1929,DIRECTING,The Divine Lady,True
1929,DIRECTING,Drag,False
1929,DIRECTING,Weary River,False
1929,DIRECTING,The Patriot,False
1929,OUTSTANDING PICTURE,Alibi,False
1929,OUTSTANDING PICTURE,In Old Arizona,False
1929,OUTSTANDING PICTURE,The Broadway Melody,True
1929,OUTSTANDING PICTURE,Hollywood Revue,False
1929,OUTSTANDING PICTURE,The Patriot,False
1929,WRITING,In Old Arizona,False
1929,WRITING,The Valiant,False
1929,WRITING,The Cop,False
1929,WRITING,The Leatherneck,False
1929,WRITING,Sal of Singapore,False
1929,WRITING,Skyscraper,False
1929,WRITING,The Last of Mrs. Cheyney,False
1929,WRITING,The Patriot,True
1929,WRITING,Our Dancing Daughters,False
1929,WRITING,A Woman of Affairs,False
1929,WRITING,Wonder of Women,False
1930,ACTOR,Disraeli,True
1930,ACTOR,The Green Goddess,False
1930,ACTOR,The Big House,False
1930,ACTOR,The Big Pond,False
1930,ACTOR,The Love Parade,False
1930,ACTOR,Bulldog Drummond,False
1930,ACTOR,Condemned,False
1930,ACTOR,The Rogue Song,False
1930,ACTRESS,The Devil's Holiday,False
1930,ACTRESS,Sarah and Son,False
1930,ACTRESS,Anna Christie,False
1930,ACTRESS,Romance,False
1930,ACTRESS,The Divorcee,True
1930,ACTRESS,Their Own Desire,False
1930,ACTRESS,The Trespasser,False
1930,ART DIRECTION,Bulldog Drummond,False
1930,ART DIRECTION,King of Jazz,True
1930,ART DIRECTION,The Love Parade,False
1930,ART DIRECTION,Sally,False
1930,ART DIRECTION,The Vagabond King,False
1930,CINEMATOGRAPHY,All Quiet on the Western Front,False
1930,CINEMATOGRAPHY,Anna Christie,False
1930,CINEMATOGRAPHY,Hell's Angels,False
1930,CINEMATOGRAPHY,The Love Parade,False
1930,CINEMATOGRAPHY,With Byrd at the South Pole,True
1930,DIRECTING,Anna Christie,False
1930,DIRECTING,Romance,False
1930,DIRECTING,The Divorcee,False
1930,DIRECTING,The Love Parade,False
1930,DIRECTING,All Quiet on the Western Front,True
1930,DIRECTING,Hallelujah,False
1930,OUTSTANDING PRODUCTION,All Quiet on the Western Front,True
1930,OUTSTANDING PRODUCTION,The Big House,False
1930,OUTSTANDING PRODUCTION,Disraeli,False
1930,OUTSTANDING PRODUCTION,The Divorcee,False
1930,OUTSTANDING PRODUCTION,The Love Parade,False
1930,SOUND RECORDING,The Big House,True
1930,SOUND RECORDING,The Case of Sergeant Grischa,False
1930,SOUND RECORDING,The Love Parade,False
1930,SOUND RECORDING,Raffles,False
1930,SOUND RECORDING,Song of the Flame,False
1930,WRITING,All Quiet on the Western Front,False
1930,WRITING,The Big House,True
1930,WRITING,Disraeli,False
1930,WRITING,The Divorcee,False
1930,WRITING,Street of Chance,False
1931,ACTOR,A Free Soul,True
1931,ACTOR,Skippy,False
1931,ACTOR,Cimarron,False
1931,ACTOR,The Royal Family of Broadway,False
1931,ACTOR,The Front Page,False
1931,ACTRESS,Morocco,False
1931,ACTRESS,Min and Bill,True
1931,ACTRESS,Cimarron,False
1931,ACTRESS,Holiday,False
1931,ACTRESS,A Free Soul,False
1931,ART DIRECTION,Cimarron,True
1931,ART DIRECTION,Just Imagine,False
1931,ART DIRECTION,Morocco,False
1931,ART DIRECTION,Svengali,False
1931,ART DIRECTION,Whoopee!,False
1931,CINEMATOGRAPHY,Cimarron,False
1931,CINEMATOGRAPHY,Morocco,False
1931,CINEMATOGRAPHY,The Right to Love,False
1931,CINEMATOGRAPHY,Svengali,False
1931,CINEMATOGRAPHY,Tabu,True
1931,DIRECTING,Cimarron,False
1931,DIRECTING,A Free Soul,False
1931,DIRECTING,The Front Page,False
1931,DIRECTING,Morocco,False
1931,DIRECTING,Skippy,True
1931,OUTSTANDING PRODUCTION,Cimarron,True
1931,OUTSTANDING PRODUCTION,East Lynne,False
1931,OUTSTANDING PRODUCTION,The Front Page,False
1931,OUTSTANDING PRODUCTION,Skippy,False
1931,OUTSTANDING PRODUCTION,Trader Horn,False
1931,SOUND RECORDING,,False
1931,SOUND RECORDING,,False
1931,SOUND RECORDING,,True
1931,SOUND RECORDING,,False
1931,WRITING (Adaptation),Cimarron,True
1931,WRITING (Adaptation),The Criminal Code,False
1931,WRITING (Adaptation),Holiday,False
1931,WRITING (Adaptation),Little Caesar,False
1931,WRITING (Adaptation),Skippy,False
1931,WRITING (Original Story),The Dawn Patrol,True
1931,WRITING (Original Story),The Doorway to Hell,False
1931,WRITING (Original Story),Laughter,False
1931,WRITING (Original Story),The Public Enemy,False
1931,WRITING (Original Story),Smart Money,False
1932,ACTOR,The Champ,True
1932,ACTOR,The Guardsman,False
1932,ACTOR,Dr. Jekyll and Mr. Hyde,True
1932,ACTRESS,Emma,False
1932,ACTRESS,The Guardsman,False
1932,ACTRESS,The Sin of Madelon Claudet,True
1932,ART DIRECTION,À Nous la Liberté,False
1932,ART DIRECTION,Arrowsmith,False
1932,ART DIRECTION,Transatlantic,True
1932,CINEMATOGRAPHY,Arrowsmith,False
1932,CINEMATOGRAPHY,Dr. Jekyll and Mr. Hyde,False
1932,CINEMATOGRAPHY,Shanghai Express,True
1932,DIRECTING,Bad Girl,True
1932,DIRECTING,The Champ,False
1932,DIRECTING,Shanghai Express,False
1932,OUTSTANDING PRODUCTION,Arrowsmith,False
1932,OUTSTANDING PRODUCTION,Bad Girl,False
1932,OUTSTANDING PRODUCTION,The Champ,False
1932,OUTSTANDING PRODUCTION,Five Star Final,False
1932,OUTSTANDING PRODUCTION,Grand Hotel,True
1932,OUTSTANDING PRODUCTION,One Hour with You,False
1932,OUTSTANDING PRODUCTION,Shanghai Express,False
1932,OUTSTANDING PRODUCTION,The Smiling Lieutenant,False
1932,SHORT SUBJECT (Cartoon),Flowers and Trees,True
1932,SHORT SUBJECT (Cartoon),It's Got Me Again,False
1932,SHORT SUBJECT (Cartoon),Mickey's Orphans,False
1932,SHORT SUBJECT (Comedy),The Loud Mouth,False
1932,SHORT SUBJECT (Comedy),The Music Box,True
1932,SHORT SUBJECT (Comedy),Scratch-As-Catch-Can,False
1932,SHORT SUBJECT (Comedy),Stout Hearts and Willing Hands,False
1932,SHORT SUBJECT (Novelty),Screen Souvenirs,False
1932,SHORT SUBJECT (Novelty),Swing High,False
1932,SHORT SUBJECT (Novelty),Wrestling Swordfish,True
1932,SOUND RECORDING,,False
1932,SOUND RECORDING,,True
1932,SOUND RECORDING,,False
1932,SOUND RECORDING,,False
1932,WRITING (Adaptation),Arrowsmith,False
1932,WRITING (Adaptation),Bad Girl,True
1932,WRITING (Adaptation),Dr. Jekyll and Mr. Hyde,False
1932,WRITING (Original Story),The Champ,True
1932,WRITING (Original Story),Lady and Gent,False
1932,WRITING (Original Story),The Star Witness,False
1932,WRITING (Original Story),What Price Hollywood?,False
1932,SPECIAL AWARD,,True
1933,ACTOR,Berkeley Square,False
1933,ACTOR,The Private Life of Henry VIII,True
1933,ACTOR,I Am a Fugitive from a Chain Gang,False
1933,ACTRESS,Morning Glory,True
1933,ACTRESS,Lady for a Day,False
1933,ACTRESS,Cavalcade,False
1933,ART DIRECTION,Cavalcade,True
1933,ART DIRECTION,A Farewell to Arms,False
1933,ART DIRECTION,When Ladies Meet,False
1933,ASSISTANT DIRECTOR,,False
1933,ASSISTANT DIRECTOR,,True
1933,ASSISTANT DIRECTOR,,True
1933,ASSISTANT DIRECTOR,,False
1933,ASSISTANT DIRECTOR,,False
1933,ASSISTANT DIRECTOR,,True
1933,ASSISTANT DIRECTOR,,False
1933,ASSISTANT DIRECTOR,,False
1933,ASSISTANT DIRECTOR,,False
1933,ASSISTANT DIRECTOR,,True
1933,ASSISTANT DIRECTOR,,True
1933,ASSISTANT DIRECTOR,,False
1933,ASSISTANT DIRECTOR,,True
1933,ASSISTANT DIRECTOR,,False
1933,ASSISTANT DIRECTOR,,False
1933,ASSISTANT DIRECTOR,,False
1933,ASSISTANT DIRECTOR,,True
1933,ASSISTANT DIRECTOR,,False
1933,CINEMATOGRAPHY,A Farewell to Arms,True
1933,CINEMATOGRAPHY,Reunion in Vienna,False
1933,CINEMATOGRAPHY,The Sign of the Cross,False
1933,DIRECTING,Cavalcade,True
1933,DIRECTING,Lady for a Day,False
1933,DIRECTING,Little Women,False
1933,OUTSTANDING PRODUCTION,Cavalcade,True
1933,OUTSTANDING PRODUCTION,A Farewell to Arms,False
1933,OUTSTANDING PRODUCTION,42nd Street,False
1933,OUTSTANDING PRODUCTION,I Am a Fugitive from a Chain Gang,False
1933,OUTSTANDING PRODUCTION,Lady for a Day,False
1933,OUTSTANDING PRODUCTION,Little Women,False
1933,OUTSTANDING PRODUCTION,The Private Life of Henry VIII,False
1933,OUTSTANDING PRODUCTION,She Done Him Wrong,False
1933,OUTSTANDING PRODUCTION,Smilin' Through,False
1933,OUTSTANDING PRODUCTION,State Fair,False
1933,SHORT SUBJECT (Cartoon),Building a Building,False
1933,SHORT SUBJECT (Cartoon),The Merry Old Soul,False
1933,SHORT SUBJECT (Cartoon),The Three Little Pigs,True
1933,SHORT SUBJECT (Comedy),Mister Mugg,False
1933,SHORT SUBJECT (Comedy),A Preferred List,False
1933,SHORT SUBJECT (Comedy),So This Is Harris,True
1933,SHORT SUBJECT (Novelty),Krakatoa,True
1933,SHORT SUBJECT (Novelty),Menu,False
1933,SHORT SUBJECT (Novelty),The Sea,False
1933,SOUND RECORDING,A Farewell to Arms,True
1933,SOUND RECORDING,42nd Street,False
1933,SOUND RECORDING,Gold Diggers of 1933,False
1933,SOUND RECORDING,I Am a Fugitive from a Chain Gang,False
1933,WRITING (Adaptation),Lady for a Day,False
1933,WRITING (Adaptation),Little Women,True
1933,WRITING (Adaptation),State Fair,False
1933,WRITING (Original Story),One Way Passage,True
1933,WRITING (Original Story),The Prizefighter and the Lady,False
1933,WRITING (Original Story),Rasputin and the Empress,False
1935,ACTOR,It Happened One Night,True
1935,ACTOR,The Affairs of Cellini,False
1935,ACTOR,The Thin Man,False
1935,ACTRESS,It Happened One Night,True
1935,ACTRESS,Of Human Bondage,False
1935,ACTRESS,One Night of Love,False
1935,ACTRESS,The Barretts of Wimpole Street,False
1935,ART DIRECTION,The Affairs of Cellini,False
1935,ART DIRECTION,The Gay Divorcee,False
1935,ART DIRECTION,The Merry Widow,True
1935,ASSISTANT DIRECTOR,Cleopatra,False
1935,ASSISTANT DIRECTOR,Imitation of Life,False
1935,ASSISTANT DIRECTOR,Viva Villa!,True
1935,CINEMATOGRAPHY,The Affairs of Cellini,False
1935,CINEMATOGRAPHY,Cleopatra,True
1935,CINEMATOGRAPHY,Operator 13,False
1935,DIRECTING,It Happened One Night,True
1935,DIRECTING,One Night of Love,False
1935,DIRECTING,The Thin Man,False
1935,FILM EDITING,Cleopatra,False
1935,FILM EDITING,Eskimo,True
1935,FILM EDITING,One Night of Love,False
1935,MUSIC (Scoring),The Gay Divorcee,False
1935,MUSIC (Scoring),The Lost Patrol,False
1935,MUSIC (Scoring),One Night of Love,True
1935,MUSIC (Song),Flying Down to Rio,False
1935,MUSIC (Song),The Gay Divorcee,True
1935,MUSIC (Song),She Loves Me Not,False
1935,OUTSTANDING PRODUCTION,The Barretts of Wimpole Street,False
1935,OUTSTANDING PRODUCTION,Cleopatra,False
1935,OUTSTANDING PRODUCTION,Flirtation Walk,False
1935,OUTSTANDING PRODUCTION,The Gay Divorcee,False
1935,OUTSTANDING PRODUCTION,Here Comes the Navy,False
1935,OUTSTANDING PRODUCTION,The House of Rothschild,False
1935,OUTSTANDING PRODUCTION,Imitation of Life,False
1935,OUTSTANDING PRODUCTION,It Happened One Night,True
1935,OUTSTANDING PRODUCTION,One Night of Love,False
1935,OUTSTANDING PRODUCTION,The Thin Man,False
1935,OUTSTANDING PRODUCTION,Viva Villa!,False
1935,OUTSTANDING PRODUCTION,The White Parade,False
1935,SHORT SUBJECT (Cartoon),Holiday Land,False
1935,SHORT SUBJECT (Cartoon),Jolly Little Elves,False
1935,SHORT SUBJECT (Cartoon),The Tortoise and the Hare,True
1935,SHORT SUBJECT (Comedy),La Cucaracha,True
1935,SHORT SUBJECT (Comedy),Men in Black,False
1935,SHORT SUBJECT (Comedy),"What, No Men!",False
1935,SHORT SUBJECT (Novelty),Bosom Friends,False
1935,SHORT SUBJECT (Novelty),City of Wax,True
1935,SHORT SUBJECT (Novelty),Strikes and Spares,False
1935,SOUND RECORDING,The Affairs of Cellini,False
1935,SOUND RECORDING,Cleopatra,False
1935,SOUND RECORDING,Flirtation Walk,False
1935,SOUND RECORDING,The Gay Divorcee,False
1935,SOUND RECORDING,Imitation of Life,False
1935,SOUND RECORDING,One Night of Love,True
1935,SOUND RECORDING,Viva Villa!,False
1935,SOUND RECORDING,The White Parade,False
1935,WRITING (Adaptation),It Happened One Night,True
1935,WRITING (Adaptation),The Thin Man,False
1935,WRITING (Adaptation),Viva Villa!,False
1935,WRITING (Original Story),Hide-Out,False
1935,WRITING (Original Story),Manhattan Melodrama,True
1935,WRITING (Original Story),The Richest Girl in the World,False
1935,SPECIAL AWARD,,True
1936,ACTOR,Mutiny on the Bounty,False
1936,ACTOR,Mutiny on the Bounty,False
1936,ACTOR,The Informer,True
1936,ACTOR,Black Fury,False
1936,ACTOR,Mutiny on the Bounty,False
1936,ACTRESS,Escape Me Never,False
1936,ACTRESS,Private Worlds,False
1936,ACTRESS,Dangerous,True
1936,ACTRESS,Alice Adams,False
1936,ACTRESS,Becky Sharp,False
1936,ACTRESS,The Dark Angel,False
1936,ART DIRECTION,The Dark Angel,True
1936,ART DIRECTION,The Lives of a Bengal Lancer,False
1936,ART DIRECTION,Top Hat,False
1936,ASSISTANT DIRECTOR,David Copperfield,False
1936,ASSISTANT DIRECTOR,Les Miserables,False
1936,ASSISTANT DIRECTOR,The Lives of a Bengal Lancer,True
1936,ASSISTANT DIRECTOR,A Midsummer Night's Dream,False
1936,CINEMATOGRAPHY,Barbary Coast,False
1936,CINEMATOGRAPHY,The Crusades,False
1936,CINEMATOGRAPHY,Les Miserables,False
1936,CINEMATOGRAPHY,A Midsummer Night's Dream,True
1936,DANCE DIRECTION,Gold Diggers of 1935,False
1936,DANCE DIRECTION,Go into Your Dance,False
1936,DANCE DIRECTION,Broadway Hostess,False
1936,DANCE DIRECTION,Broadway Melody of 1936,True
1936,DANCE DIRECTION,Folies Bergere,True
1936,DANCE DIRECTION,King of Burlesque,False
1936,DANCE DIRECTION,Top Hat,False
1936,DANCE DIRECTION,Big Broadcast of 1936,False
1936,DANCE DIRECTION,All the King's Horses,False
1936,DANCE DIRECTION,She,False
1936,DIRECTING,Captain Blood,False
1936,DIRECTING,The Informer,True
1936,DIRECTING,The Lives of a Bengal Lancer,False
1936,DIRECTING,Mutiny on the Bounty,False
1936,FILM EDITING,David Copperfield,False
1936,FILM EDITING,The Informer,False
1936,FILM EDITING,Les Miserables,False
1936,FILM EDITING,The Lives of a Bengal Lancer,False
1936,FILM EDITING,A Midsummer Night's Dream,True
1936,FILM EDITING,Mutiny on the Bounty,False
1936,MUSIC (Scoring),Captain Blood,False
1936,MUSIC (Scoring),The Informer,True
1936,MUSIC (Scoring),Mutiny on the Bounty,False
1936,MUSIC (Scoring),Peter Ibbetson,False
1936,MUSIC (Song),Top Hat,False
1936,MUSIC (Song),Roberta,False
1936,MUSIC (Song),Gold Diggers of 1935,True
1936,OUTSTANDING PRODUCTION,Alice Adams,False
1936,OUTSTANDING PRODUCTION,Broadway Melody of 1936,False
1936,OUTSTANDING PRODUCTION,Captain Blood,False
1936,OUTSTANDING PRODUCTION,David Copperfield,False
1936,OUTSTANDING PRODUCTION,The Informer,False
1936,OUTSTANDING PRODUCTION,Les Miserables,False
1936,OUTSTANDING PRODUCTION,The Lives of a Bengal Lancer,False
1936,OUTSTANDING PRODUCTION,A Midsummer Night's Dream,False
1936,OUTSTANDING PRODUCTION,Mutiny on the Bounty,True
1936,OUTSTANDING PRODUCTION,Naughty Marietta,False
1936,OUTSTANDING PRODUCTION,Ruggles of Red Gap,False
1936,OUTSTANDING PRODUCTION,Top Hat,False
1936,SHORT SUBJECT (Cartoon),The Calico Dragon,False
1936,SHORT SUBJECT (Cartoon),Three Orphan Kittens,True
1936,SHORT SUBJECT (Cartoon),Who Killed Cock Robin?,False
1936,SHORT SUBJECT (Comedy),How to Sleep,True
1936,SHORT SUBJECT (Comedy),"Oh, My Nerves",False
1936,SHORT SUBJECT (Comedy),Tit for Tat,False
1936,SHORT SUBJECT (Novelty),Audioscopiks,False
1936,SHORT SUBJECT (Novelty),Camera Thrills,False
1936,SHORT SUBJECT (Novelty),Wings over Mt. Everest,True
1936,SOUND RECORDING,Bride of Frankenstein,False
1936,SOUND RECORDING,Captain Blood,False
1936,SOUND RECORDING,The Dark Angel,False
1936,SOUND RECORDING,I Dream Too Much,False
1936,SOUND RECORDING,The Lives of a Bengal Lancer,False
1936,SOUND RECORDING,Love Me Forever,False
1936,SOUND RECORDING,Naughty Marietta,True
1936,SOUND RECORDING,"$1,000 a Minute",False
1936,SOUND RECORDING,Thanks a Million,False
1936,WRITING (Original Story),Broadway Melody of 1936,False
1936,WRITING (Original Story),G-Men,False
1936,WRITING (Original Story),The Gay Deception,False
1936,WRITING (Original Story),The Scoundrel,True
1936,WRITING (Screenplay),Captain Blood,False
1936,WRITING (Screenplay),The Informer,True
1936,WRITING (Screenplay),The Lives of a Bengal Lancer,False
1936,WRITING (Screenplay),Mutiny on the Bounty,False
1936,SPECIAL AWARD,,True
1937,ACTOR,Mr. Deeds Goes to Town,False
1937,ACTOR,Dodsworth,False
1937,ACTOR,The Story of Louis Pasteur,True
1937,ACTOR,My Man Godfrey,False
1937,ACTOR,San Francisco,False
1937,ACTOR IN A SUPPORTING ROLE,My Man Godfrey,False
1937,ACTOR IN A SUPPORTING ROLE,Come and Get It,True
1937,ACTOR IN A SUPPORTING ROLE,Pigskin Parade,False
1937,ACTOR IN A SUPPORTING ROLE,Romeo and Juliet,False
1937,ACTOR IN A SUPPORTING ROLE,The General Died at Dawn,False
1937,ACTRESS,Theodora Goes Wild,False
1937,ACTRESS,Valiant Is the Word for Carrie,False
1937,ACTRESS,My Man Godfrey,False
1937,ACTRESS,The Great Ziegfeld,True
1937,ACTRESS,Romeo and Juliet,False
1937,ACTRESS IN A SUPPORTING ROLE,The Gorgeous Hussy,False
1937,ACTRESS IN A SUPPORTING ROLE,My Man Godfrey,False
1937,ACTRESS IN A SUPPORTING ROLE,These Three,False
1937,ACTRESS IN A SUPPORTING ROLE,Dodsworth,False
1937,ACTRESS IN A SUPPORTING ROLE,Anthony Adverse,True
1937,ART DIRECTION,Anthony Adverse,False
1937,ART DIRECTION,Dodsworth,True
1937,ART DIRECTION,The Great Ziegfeld,False
1937,ART DIRECTION,Lloyds of London,False
1937,ART DIRECTION,The Magnificent Brute,False
1937,ART DIRECTION,Romeo and Juliet,False
1937,ART DIRECTION,Winterset,False
1937,ASSISTANT DIRECTOR,Anthony Adverse,False
1937,ASSISTANT DIRECTOR,The Charge of the Light Brigade,True
1937,ASSISTANT DIRECTOR,The Garden of Allah,False
1937,ASSISTANT DIRECTOR,The Last of the Mohicans,False
1937,ASSISTANT DIRECTOR,San Francisco,False
1937,CINEMATOGRAPHY,Anthony Adverse,True
1937,CINEMATOGRAPHY,The General Died at Dawn,False
1937,CINEMATOGRAPHY,The Gorgeous Hussy,False
1937,DANCE DIRECTION,Gold Diggers of 1937,False
1937,DANCE DIRECTION,Cain and Mabel,False
1937,DANCE DIRECTION,The Great Ziegfeld,True
1937,DANCE DIRECTION,Born to Dance,False
1937,DANCE DIRECTION,One in a Million,False
1937,DANCE DIRECTION,Dancing Pirate,False
1937,DANCE DIRECTION,Swing Time,False
1937,DIRECTING,Dodsworth,False
1937,DIRECTING,The Great Ziegfeld,False
1937,DIRECTING,Mr. Deeds Goes to Town,True
1937,DIRECTING,My Man Godfrey,False
1937,DIRECTING,San Francisco,False
1937,FILM EDITING,Anthony Adverse,True
1937,FILM EDITING,Come and Get It,False
1937,FILM EDITING,The Great Ziegfeld,False
1937,FILM EDITING,Lloyds of London,False
1937,FILM EDITING,A Tale of Two Cities,False
1937,FILM EDITING,Theodora Goes Wild,False
1937,MUSIC (Scoring),Anthony Adverse,True
1937,MUSIC (Scoring),The Charge of the Light Brigade,False
1937,MUSIC (Scoring),The Garden of Allah,False
1937,MUSIC (Scoring),The General Died at Dawn,False
1937,MUSIC (Scoring),Winterset,False
1937,MUSIC (Song),Suzy,False
1937,MUSIC (Song),Born to Dance,False
1937,MUSIC (Song),Trail of the Lonesome Pine,False
1937,MUSIC (Song),Pennies from Heaven,False
1937,MUSIC (Song),Swing Time,True
1937,MUSIC (Song),"Sing, Baby, Sing",False
1937,OUTSTANDING PRODUCTION,Anthony Adverse,False
1937,OUTSTANDING PRODUCTION,Dodsworth,False
1937,OUTSTANDING PRODUCTION,The Great Ziegfeld,True
1937,OUTSTANDING PRODUCTION,Libeled Lady,False
1937,OUTSTANDING PRODUCTION,Mr. Deeds Goes to Town,False
1937,OUTSTANDING PRODUCTION,Romeo and Juliet,False
1937,OUTSTANDING PRODUCTION,San Francisco,False
1937,OUTSTANDING PRODUCTION,The Story of Louis Pasteur,False
1937,OUTSTANDING PRODUCTION,A Tale of Two Cities,False
1937,OUTSTANDING PRODUCTION,Three Smart Girls,False
1937,SHORT SUBJECT (Cartoon),The Country Cousin,True
1937,SHORT SUBJECT (Cartoon),Old Mill Pond,False
1937,SHORT SUBJECT (Cartoon),Sinbad the Sailor,False
1937,SHORT SUBJECT (Color),Give Me Liberty,True
1937,SHORT SUBJECT (Color),La Fiesta de Santa Barbara,False
1937,SHORT SUBJECT (Color),Popular Science J-6-2,False
1937,SHORT SUBJECT (One-reel),Bored of Education,True
1937,SHORT SUBJECT (One-reel),Moscow Moods,False
1937,SHORT SUBJECT (One-reel),"Wanted, a Master",False
1937,SHORT SUBJECT (Two-reel),Double or Nothing,False
1937,SHORT SUBJECT (Two-reel),Dummy Ache,False
1937,SHORT SUBJECT (Two-reel),The Public Pays,True
1937,SOUND RECORDING,Banjo on My Knee,False
1937,SOUND RECORDING,The Charge of the Light Brigade,False
1937,SOUND RECORDING,Dodsworth,False
1937,SOUND RECORDING,General Spanky,False
1937,SOUND RECORDING,Mr. Deeds Goes to Town,False
1937,SOUND RECORDING,San Francisco,True
1937,SOUND RECORDING,The Texas Rangers,False
1937,SOUND RECORDING,That Girl from Paris,False
1937,SOUND RECORDING,Three Smart Girls,False
1937,WRITING (Original Story),Fury,False
1937,WRITING (Original Story),The Great Ziegfeld,False
1937,WRITING (Original Story),San Francisco,False
1937,WRITING (Original Story),The Story of Louis Pasteur,True
1937,WRITING (Original Story),Three Smart Girls,False
1937,WRITING (Screenplay),After the Thin Man,False
1937,WRITING (Screenplay),Dodsworth,False
1937,WRITING (Screenplay),Mr. Deeds Goes to Town,False
1937,WRITING (Screenplay),My Man Godfrey,False
1937,WRITING (Screenplay),The Story of Louis Pasteur,True
1937,SPECIAL AWARD,The March of Time,True
1937,SPECIAL AWARD,The Garden of Allah,True
1938,ACTOR,Conquest,False
1938,ACTOR,A Star Is Born,False
1938,ACTOR,Night Must Fall,False
1938,ACTOR,The Life of Emile Zola,False
1938,ACTOR,Captains Courageous,True
1938,ACTOR IN A SUPPORTING ROLE,The Awful Truth,False
1938,ACTOR IN A SUPPORTING ROLE,The Hurricane,False
1938,ACTOR IN A SUPPORTING ROLE,The Life of Emile Zola,True
1938,ACTOR IN A SUPPORTING ROLE,Lost Horizon,False
1938,ACTOR IN A SUPPORTING ROLE,Topper,False
1938,ACTRESS,The Awful Truth,False
1938,ACTRESS,Camille,False
1938,ACTRESS,A Star Is Born,False
1938,ACTRESS,The Good Earth,True
1938,ACTRESS,Stella Dallas,False
1938,ACTRESS IN A SUPPORTING ROLE,In Old Chicago,True
1938,ACTRESS IN A SUPPORTING ROLE,Stage Door,False
1938,ACTRESS IN A SUPPORTING ROLE,Stella Dallas,False
1938,ACTRESS IN A SUPPORTING ROLE,Dead End,False
1938,ACTRESS IN A SUPPORTING ROLE,Night Must Fall,False
1938,ART DIRECTION,Conquest,False
1938,ART DIRECTION,A Damsel in Distress,False
1938,ART DIRECTION,Dead End,False
1938,ART DIRECTION,Every Day's a Holiday,False
1938,ART DIRECTION,The Life of Emile Zola,False
1938,ART DIRECTION,Lost Horizon,True
1938,ART DIRECTION,Manhattan Merry-Go-Round,False
1938,ART DIRECTION,The Prisoner of Zenda,False
1938,ART DIRECTION,Souls at Sea,False
1938,ART DIRECTION,Walter Wanger's Vogues of 1938,False
1938,ART DIRECTION,Wee Willie Winkie,False
1938,ART DIRECTION,You're a Sweetheart,False
1938,ASSISTANT DIRECTOR,In Old Chicago,True
1938,ASSISTANT DIRECTOR,The Life of Emile Zola,False
1938,ASSISTANT DIRECTOR,Lost Horizon,False
1938,ASSISTANT DIRECTOR,Souls at Sea,False
1938,ASSISTANT DIRECTOR,A Star Is Born,False
1938,CINEMATOGRAPHY,Dead End,False
1938,CINEMATOGRAPHY,The Good Earth,True
1938,CINEMATOGRAPHY,Wings over Honolulu,False
1938,DANCE DIRECTION,Varsity Show,False
1938,DANCE DIRECTION,"Ready, Willing and Able",False
1938,DANCE DIRECTION,A Day at the Races,False
1938,DANCE DIRECTION,Ali Baba Goes to Town,False
1938,DANCE DIRECTION,Thin Ice,False
1938,DANCE DIRECTION,A Damsel in Distress,True
1938,DANCE DIRECTION,Waikiki Wedding,False
1938,DIRECTING,The Awful Truth,True
1938,DIRECTING,The Good Earth,False
1938,DIRECTING,The Life of Emile Zola,False
1938,DIRECTING,Stage Door,False
1938,DIRECTING,A Star Is Born,False
1938,FILM EDITING,The Awful Truth,False
1938,FILM EDITING,Captains Courageous,False
1938,FILM EDITING,The Good Earth,False
1938,FILM EDITING,Lost Horizon,True
1938,FILM EDITING,One Hundred Men and a Girl,False
1938,MUSIC (Scoring),The Hurricane,False
1938,MUSIC (Scoring),In Old Chicago,False
1938,MUSIC (Scoring),The Life of Emile Zola,False
1938,MUSIC (Scoring),Lost Horizon,False
1938,MUSIC (Scoring),Make a Wish,False
1938,MUSIC (Scoring),Maytime,False
1938,MUSIC (Scoring),One Hundred Men and a Girl,True
1938,MUSIC (Scoring),Portia on Trial,False
1938,MUSIC (Scoring),The Prisoner of Zenda,False
1938,MUSIC (Scoring),Quality Street,False
1938,MUSIC (Scoring),Snow White and the Seven Dwarfs,False
1938,MUSIC (Scoring),Something to Sing About,False
1938,MUSIC (Scoring),Souls at Sea,False
1938,MUSIC (Scoring),Way Out West,False
1938,MUSIC (Song),Mr. Dodd Takes the Air,False
1938,MUSIC (Song),Waikiki Wedding,True
1938,MUSIC (Song),Walter Wanger's Vogues of 1938,False
1938,MUSIC (Song),Shall We Dance,False
1938,MUSIC (Song),Artists and Models,False
1938,OUTSTANDING PRODUCTION,The Awful Truth,False
1938,OUTSTANDING PRODUCTION,Captains Courageous,False
1938,OUTSTANDING PRODUCTION,Dead End,False
1938,OUTSTANDING PRODUCTION,The Good Earth,False
1938,OUTSTANDING PRODUCTION,In Old Chicago,False
1938,OUTSTANDING PRODUCTION,The Life of Emile Zola,True
1938,OUTSTANDING PRODUCTION,Lost Horizon,False
1938,OUTSTANDING PRODUCTION,One Hundred Men and a Girl,False
1938,OUTSTANDING PRODUCTION,Stage Door,False
1938,OUTSTANDING PRODUCTION,A Star Is Born,False
1938,SHORT SUBJECT (Cartoon),Educated Fish,False
1938,SHORT SUBJECT (Cartoon),The Little Match Girl,False
1938,SHORT SUBJECT (Cartoon),The Old Mill,True
1938,SHORT SUBJECT (Color),The Man without a Country,False
1938,SHORT SUBJECT (Color),Penny Wisdom,True
1938,SHORT SUBJECT (Color),Popular Science J-7-1,False
1938,SHORT SUBJECT (One-reel),A Night at the Movies,False
1938,SHORT SUBJECT (One-reel),The Private Life of the Gannets,True
1938,SHORT SUBJECT (One-reel),Romance of Radium,False
1938,SHORT SUBJECT (Two-reel),Deep South,False
1938,SHORT SUBJECT (Two-reel),Should Wives Work?,False
1938,SHORT SUBJECT (Two-reel),Torture Money,True
1938,SOUND RECORDING,The Girl Said No,False
1938,SOUND RECORDING,Hitting a New High,False
1938,SOUND RECORDING,The Hurricane,True
1938,SOUND RECORDING,In Old Chicago,False
1938,SOUND RECORDING,The Life of Emile Zola,False
1938,SOUND RECORDING,Lost Horizon,False
1938,SOUND RECORDING,Maytime,False
1938,SOUND RECORDING,One Hundred Men and a Girl,False
1938,SOUND RECORDING,Topper,False
1938,SOUND RECORDING,Wells Fargo,False
1938,WRITING (Original Story),Black Legion,False
1938,WRITING (Original Story),In Old Chicago,False
1938,WRITING (Original Story),The Life of Emile Zola,False
1938,WRITING (Original Story),One Hundred Men and a Girl,False
1938,WRITING (Original Story),A Star Is Born,True
1938,WRITING (Screenplay),The Awful Truth,False
1938,WRITING (Screenplay),Captains Courageous,False
1938,WRITING (Screenplay),The Life of Emile Zola,True
1938,WRITING (Screenplay),Stage Door,False
1938,WRITING (Screenplay),A Star Is Born,False
1938,SPECIAL AWARD,,True
1938,SPECIAL AWARD,,True
1938,SPECIAL AWARD,,True
1938,SPECIAL AWARD,A Star Is Born,True
1938,IRVING G. THALBERG MEMORIAL AWARD,,True
1939,ACTOR,Algiers,False
1939,ACTOR,Angels with Dirty Faces,False
1939,ACTOR,The Citadel,False
1939,ACTOR,Pygmalion,False
1939,ACTOR,Boys Town,True
1939,ACTOR IN A SUPPORTING ROLE,Kentucky,True
1939,ACTOR IN A SUPPORTING ROLE,Four Daughters,False
1939,ACTOR IN A SUPPORTING ROLE,Algiers,False
1939,ACTOR IN A SUPPORTING ROLE,Marie Antoinette,False
1939,ACTOR IN A SUPPORTING ROLE,If I Were King,False
1939,ACTRESS,White Banners,False
1939,ACTRESS,Jezebel,True
1939,ACTRESS,Pygmalion,False
1939,ACTRESS,Marie Antoinette,False
1939,ACTRESS,Three Comrades,False
1939,ACTRESS IN A SUPPORTING ROLE,Jezebel,True
1939,ACTRESS IN A SUPPORTING ROLE,Of Human Hearts,False
1939,ACTRESS IN A SUPPORTING ROLE,Merrily We Live,False
1939,ACTRESS IN A SUPPORTING ROLE,You Can't Take It with You,False
1939,ACTRESS IN A SUPPORTING ROLE,The Great Waltz,False
1939,ART DIRECTION,The Adventures of Robin Hood,True
1939,ART DIRECTION,The Adventures of Tom Sawyer,False
1939,ART DIRECTION,Alexander's Ragtime Band,False
1939,ART DIRECTION,Algiers,False
1939,ART DIRECTION,Carefree,False
1939,ART DIRECTION,The Goldwyn Follies,False
1939,ART DIRECTION,Holiday,False
1939,ART DIRECTION,If I Were King,False
1939,ART DIRECTION,Mad about Music,False
1939,ART DIRECTION,Marie Antoinette,False
1939,ART DIRECTION,Merrily We Live,False
1939,CINEMATOGRAPHY,Algiers,False
1939,CINEMATOGRAPHY,Army Girl,False
1939,CINEMATOGRAPHY,The Buccaneer,False
1939,CINEMATOGRAPHY,The Great Waltz,True
1939,CINEMATOGRAPHY,Jezebel,False
1939,CINEMATOGRAPHY,Mad about Music,False
1939,CINEMATOGRAPHY,Merrily We Live,False
1939,CINEMATOGRAPHY,Suez,False
1939,CINEMATOGRAPHY,Vivacious Lady,False
1939,CINEMATOGRAPHY,You Can't Take It with You,False
1939,CINEMATOGRAPHY,The Young in Heart,False
1939,DIRECTING,Angels with Dirty Faces,False
1939,DIRECTING,Boys Town,False
1939,DIRECTING,The Citadel,False
1939,DIRECTING,Four Daughters,False
1939,DIRECTING,You Can't Take It with You,True
1939,FILM EDITING,The Adventures of Robin Hood,True
1939,FILM EDITING,Alexander's Ragtime Band,False
1939,FILM EDITING,The Great Waltz,False
1939,FILM EDITING,Test Pilot,False
1939,FILM EDITING,You Can't Take It with You,False
1939,MUSIC (Original Score),The Adventures of Robin Hood,True
1939,MUSIC (Original Score),Army Girl,False
1939,MUSIC (Original Score),Block-Heads,False
1939,MUSIC (Original Score),Blockade,False
1939,MUSIC (Original Score),Breaking the Ice,False
1939,MUSIC (Original Score),The Cowboy and the Lady,False
1939,MUSIC (Original Score),If I Were King,False
1939,MUSIC (Original Score),Marie Antoinette,False
1939,MUSIC (Original Score),Pacific Liner,False
1939,MUSIC (Original Score),Suez,False
1939,MUSIC (Original Score),The Young in Heart,False
1939,MUSIC (Scoring),Alexander's Ragtime Band,True
1939,MUSIC (Scoring),Carefree,False
1939,MUSIC (Scoring),Girls' School,False
1939,MUSIC (Scoring),The Goldwyn Follies,False
1939,MUSIC (Scoring),Jezebel,False
1939,MUSIC (Scoring),Mad about Music,False
1939,MUSIC (Scoring),Storm over Bengal,False
1939,MUSIC (Scoring),Sweethearts,False
1939,MUSIC (Scoring),There Goes My Heart,False
1939,MUSIC (Scoring),Tropic Holiday,False
1939,MUSIC (Scoring),The Young in Heart,False
1939,MUSIC (Song),Mannequin,False
1939,MUSIC (Song),Carefree,False
1939,MUSIC (Song),The Cowboy and the Lady,False
1939,MUSIC (Song),Under Western Stars,False
1939,MUSIC (Song),Going Places,False
1939,MUSIC (Song),Merrily We Live,False
1939,MUSIC (Song),The Lady Objects,False
1939,MUSIC (Song),That Certain Age,False
1939,MUSIC (Song),Alexander's Ragtime Band,False
1939,MUSIC (Song),The Big Broadcast of 1938,True
1939,OUTSTANDING PRODUCTION,The Adventures of Robin Hood,False
1939,OUTSTANDING PRODUCTION,Alexander's Ragtime Band,False
1939,OUTSTANDING PRODUCTION,Boys Town,False
1939,OUTSTANDING PRODUCTION,The Citadel,False
1939,OUTSTANDING PRODUCTION,Four Daughters,False
1939,OUTSTANDING PRODUCTION,Grand Illusion,False
1939,OUTSTANDING PRODUCTION,Jezebel,False
1939,OUTSTANDING PRODUCTION,Pygmalion,False
1939,OUTSTANDING PRODUCTION,Test Pilot,False
1939,OUTSTANDING PRODUCTION,You Can't Take It with You,True
1939,SHORT SUBJECT (Cartoon),Brave Little Tailor,False
1939,SHORT SUBJECT (Cartoon),Ferdinand the Bull,True
1939,SHORT SUBJECT (Cartoon),Good Scouts,False
1939,SHORT SUBJECT (Cartoon),Hunky and Spunky,False
1939,SHORT SUBJECT (Cartoon),Mother Goose Goes Hollywood,False
1939,SHORT SUBJECT (One-reel),The Great Heart,False
1939,SHORT SUBJECT (One-reel),That Mothers Might Live,True
1939,SHORT SUBJECT (One-reel),Timber Toppers,False
1939,SHORT SUBJECT (Two-reel),Declaration of Independence,True
1939,SHORT SUBJECT (Two-reel),Swingtime in the Movies,False
1939,SHORT SUBJECT (Two-reel),They're Always Caught,False
1939,SOUND RECORDING,Army Girl,False
1939,SOUND RECORDING,The Cowboy and the Lady,True
1939,SOUND RECORDING,Four Daughters,False
1939,SOUND RECORDING,If I Were King,False
1939,SOUND RECORDING,Merrily We Live,False
1939,SOUND RECORDING,Suez,False
1939,SOUND RECORDING,Sweethearts,False
1939,SOUND RECORDING,That Certain Age,False
1939,SOUND RECORDING,Vivacious Lady,False
1939,SOUND RECORDING,You Can't Take It with You,False
1939,WRITING (Original Story),Alexander's Ragtime Band,False
1939,WRITING (Original Story),Angels with Dirty Faces,False
1939,WRITING (Original Story),Blockade,False
1939,WRITING (Original Story),Boys Town,True
1939,WRITING (Original Story),Mad about Music,False
1939,WRITING (Original Story),Test Pilot,False
1939,WRITING (Screenplay),Boys Town,False
1939,WRITING (Screenplay),The Citadel,False
1939,WRITING (Screenplay),Four Daughters,False
1939,WRITING (Screenplay),Pygmalion,True
1939,WRITING (Screenplay),You Can't Take It with You,False
1939,SPECIAL AWARD,,True
1939,SPECIAL AWARD,,True
1939,SPECIAL AWARD,Snow White and the Seven Dwarfs,True
1939,SPECIAL AWARD,Sweethearts,True
1939,SPECIAL AWARD,Spawn of the North,True
1939,SPECIAL AWARD,,True
1939,IRVING G. THALBERG MEMORIAL AWARD,,False
1939,IRVING G. THALBERG MEMORIAL AWARD,,False
1939,IRVING G. THALBERG MEMORIAL AWARD,,False
1939,IRVING G. THALBERG MEMORIAL AWARD,,False
1939,IRVING G. THALBERG MEMORIAL AWARD,,True
1939,IRVING G. THALBERG MEMORIAL AWARD,,False
1939,IRVING G. THALBERG MEMORIAL AWARD,,False
1940,ACTOR,"Goodbye, Mr. Chips",True
1940,ACTOR,Gone with the Wind,False
1940,ACTOR,Wuthering Heights,False
1940,ACTOR,Babes in Arms,False
1940,ACTOR,Mr. Smith Goes to Washington,False
1940,ACTOR IN A SUPPORTING ROLE,Juarez,False
1940,ACTOR IN A SUPPORTING ROLE,Mr. Smith Goes to Washington,False
1940,ACTOR IN A SUPPORTING ROLE,Beau Geste,False
1940,ACTOR IN A SUPPORTING ROLE,Stagecoach,True
1940,ACTOR IN A SUPPORTING ROLE,Mr. Smith Goes to Washington,False
1940,ACTRESS,Dark Victory,False
1940,ACTRESS,Love Affair,False
1940,ACTRESS,Ninotchka,False
1940,ACTRESS,"Goodbye, Mr. Chips",False
1940,ACTRESS,Gone with the Wind,True
1940,ACTRESS IN A SUPPORTING ROLE,Gone with the Wind,False
1940,ACTRESS IN A SUPPORTING ROLE,Wuthering Heights,False
1940,ACTRESS IN A SUPPORTING ROLE,Gone with the Wind,True
1940,ACTRESS IN A SUPPORTING ROLE,Drums along the Mohawk,False
1940,ACTRESS IN A SUPPORTING ROLE,Love Affair,False
1940,ART DIRECTION,Beau Geste,False
1940,ART DIRECTION,Captain Fury,False
1940,ART DIRECTION,First Love,False
1940,ART DIRECTION,Gone with the Wind,True
1940,ART DIRECTION,Love Affair,False
1940,ART DIRECTION,Man of Conquest,False
1940,ART DIRECTION,Mr. Smith Goes to Washington,False
1940,ART DIRECTION,The Private Lives of Elizabeth and Essex,False
1940,ART DIRECTION,The Rains Came,False
1940,ART DIRECTION,Stagecoach,False
1940,ART DIRECTION,The Wizard of Oz,False
1940,ART DIRECTION,Wuthering Heights,False
1940,CINEMATOGRAPHY (Black-and-White),First Love,False
1940,CINEMATOGRAPHY (Black-and-White),The Great Victor Herbert,False
1940,CINEMATOGRAPHY (Black-and-White),Gunga Din,False
1940,CINEMATOGRAPHY (Black-and-White),Intermezzo,False
1940,CINEMATOGRAPHY (Black-and-White),Juarez,False
1940,CINEMATOGRAPHY (Black-and-White),Lady of the Tropics,False
1940,CINEMATOGRAPHY (Black-and-White),Of Mice and Men,False
1940,CINEMATOGRAPHY (Black-and-White),Only Angels Have Wings,False
1940,CINEMATOGRAPHY (Black-and-White),The Rains Came,False
1940,CINEMATOGRAPHY (Black-and-White),Stagecoach,False
1940,CINEMATOGRAPHY (Black-and-White),Wuthering Heights,True
1940,CINEMATOGRAPHY (Color),Drums along the Mohawk,False
1940,CINEMATOGRAPHY (Color),Four Feathers,False
1940,CINEMATOGRAPHY (Color),Gone with the Wind,True
1940,CINEMATOGRAPHY (Color),The Mikado,False
1940,CINEMATOGRAPHY (Color),The Private Lives of Elizabeth and Essex,False
1940,CINEMATOGRAPHY (Color),The Wizard of Oz,False
1940,DIRECTING,Gone with the Wind,True
1940,DIRECTING,"Goodbye, Mr. Chips",False
1940,DIRECTING,Mr. Smith Goes to Washington,False
1940,DIRECTING,Stagecoach,False
1940,DIRECTING,Wuthering Heights,False
1940,FILM EDITING,Gone with the Wind,True
1940,FILM EDITING,"Goodbye, Mr. Chips",False
1940,FILM EDITING,Mr. Smith Goes to Washington,False
1940,FILM EDITING,The Rains Came,False
1940,FILM EDITING,Stagecoach,False
1940,MUSIC (Original Score),Dark Victory,False
1940,MUSIC (Original Score),Eternally Yours,False
1940,MUSIC (Original Score),Golden Boy,False
1940,MUSIC (Original Score),Gone with the Wind,False
1940,MUSIC (Original Score),Gulliver's Travels,False
1940,MUSIC (Original Score),The Man in the Iron Mask,False
1940,MUSIC (Original Score),Man of Conquest,False
1940,MUSIC (Original Score),Nurse Edith Cavell,False
1940,MUSIC (Original Score),Of Mice and Men,False
1940,MUSIC (Original Score),The Rains Came,False
1940,MUSIC (Original Score),The Wizard of Oz,True
1940,MUSIC (Original Score),Wuthering Heights,False
1940,MUSIC (Scoring),Babes in Arms,False
1940,MUSIC (Scoring),First Love,False
1940,MUSIC (Scoring),The Great Victor Herbert,False
1940,MUSIC (Scoring),The Hunchback of Notre Dame,False
1940,MUSIC (Scoring),Intermezzo,False
1940,MUSIC (Scoring),Mr. Smith Goes to Washington,False
1940,MUSIC (Scoring),Of Mice and Men,False
1940,MUSIC (Scoring),The Private Lives of Elizabeth and Essex,False
1940,MUSIC (Scoring),She Married a Cop,False
1940,MUSIC (Scoring),Stagecoach,True
1940,MUSIC (Scoring),Swanee River,False
1940,MUSIC (Scoring),They Shall Have Music,False
1940,MUSIC (Scoring),Way Down South,False
1940,MUSIC (Song),Gulliver's Travels,False
1940,MUSIC (Song),Second Fiddle,False
1940,MUSIC (Song),The Wizard of Oz,True
1940,MUSIC (Song),Love Affair,False
1940,OUTSTANDING PRODUCTION,Dark Victory,False
1940,OUTSTANDING PRODUCTION,Gone with the Wind,True
1940,OUTSTANDING PRODUCTION,"Goodbye, Mr. Chips",False
1940,OUTSTANDING PRODUCTION,Love Affair,False
1940,OUTSTANDING PRODUCTION,Mr. Smith Goes to Washington,False
1940,OUTSTANDING PRODUCTION,Ninotchka,False
1940,OUTSTANDING PRODUCTION,Of Mice and Men,False
1940,OUTSTANDING PRODUCTION,Stagecoach,False
1940,OUTSTANDING PRODUCTION,The Wizard of Oz,False
1940,OUTSTANDING PRODUCTION,Wuthering Heights,False
1940,SHORT SUBJECT (Cartoon),Detouring America,False
1940,SHORT SUBJECT (Cartoon),Peace on Earth,False
1940,SHORT SUBJECT (Cartoon),The Pointer,False
1940,SHORT SUBJECT (Cartoon),The Ugly Duckling,True
1940,SHORT SUBJECT (One-reel),Busy Little Bears,True
1940,SHORT SUBJECT (One-reel),Information Please,False
1940,SHORT SUBJECT (One-reel),Prophet without Honor,False
1940,SHORT SUBJECT (One-reel),Sword Fishing,False
1940,SHORT SUBJECT (Two-reel),Drunk Driving,False
1940,SHORT SUBJECT (Two-reel),Five Times Five,False
1940,SHORT SUBJECT (Two-reel),Sons of Liberty,True
1940,SOUND RECORDING,Balalaika,False
1940,SOUND RECORDING,Gone with the Wind,False
1940,SOUND RECORDING,"Goodbye, Mr. Chips",False
1940,SOUND RECORDING,The Great Victor Herbert,False
1940,SOUND RECORDING,The Hunchback of Notre Dame,False
1940,SOUND RECORDING,Man of Conquest,False
1940,SOUND RECORDING,Mr. Smith Goes to Washington,False
1940,SOUND RECORDING,Of Mice and Men,False
1940,SOUND RECORDING,The Private Lives of Elizabeth and Essex,False
1940,SOUND RECORDING,The Rains Came,False
1940,SOUND RECORDING,When Tomorrow Comes,True
1940,SPECIAL EFFECTS,Gone with the Wind,False
1940,SPECIAL EFFECTS,Only Angels Have Wings,False
1940,SPECIAL EFFECTS,The Private Lives of Elizabeth and Essex,False
1940,SPECIAL EFFECTS,The Rains Came,True
1940,SPECIAL EFFECTS,Topper Takes a Trip,False
1940,SPECIAL EFFECTS,Union Pacific,False
1940,SPECIAL EFFECTS,The Wizard of Oz,False
1940,WRITING (Original Story),Bachelor Mother,False
1940,WRITING (Original Story),Love Affair,False
1940,WRITING (Original Story),Mr. Smith Goes to Washington,True
1940,WRITING (Original Story),Ninotchka,False
1940,WRITING (Original Story),Young Mr. Lincoln,False
1940,WRITING (Screenplay),Gone with the Wind,True
1940,WRITING (Screenplay),"Goodbye, Mr. Chips",False
1940,WRITING (Screenplay),Mr. Smith Goes to Washington,False
1940,WRITING (Screenplay),Ninotchka,False
1940,WRITING (Screenplay),Wuthering Heights,False
1940,SPECIAL AWARD,,True
1940,SPECIAL AWARD,,True
1940,SPECIAL AWARD,,True
1940,SPECIAL AWARD,Gone with the Wind,True
1940,SPECIAL AWARD,,True
1940,IRVING G. THALBERG MEMORIAL AWARD,,True
1941,ACTOR,The Great Dictator,False
1941,ACTOR,The Grapes of Wrath,False
1941,ACTOR,Abe Lincoln in Illinois,False
1941,ACTOR,Rebecca,False
1941,ACTOR,The Philadelphia Story,True
1941,ACTOR IN A SUPPORTING ROLE,Foreign Correspondent,False
1941,ACTOR IN A SUPPORTING ROLE,The Westerner,True
1941,ACTOR IN A SUPPORTING ROLE,They Knew What They Wanted,False
1941,ACTOR IN A SUPPORTING ROLE,The Great Dictator,False
1941,ACTOR IN A SUPPORTING ROLE,The Letter,False
1941,ACTRESS,The Letter,False
1941,ACTRESS,Rebecca,False
1941,ACTRESS,The Philadelphia Story,False
1941,ACTRESS,Kitty Foyle,True
1941,ACTRESS,Our Town,False
1941,ACTRESS IN A SUPPORTING ROLE,Rebecca,False
1941,ACTRESS IN A SUPPORTING ROLE,The Grapes of Wrath,True
1941,ACTRESS IN A SUPPORTING ROLE,The Philadelphia Story,False
1941,ACTRESS IN A SUPPORTING ROLE,"All This, and Heaven Too",False
1941,ACTRESS IN A SUPPORTING ROLE,Primrose Path,False
1941,ART DIRECTION (Black-and-White),"Arise, My Love",False
1941,ART DIRECTION (Black-and-White),Arizona,False
1941,ART DIRECTION (Black-and-White),The Boys from Syracuse,False
1941,ART DIRECTION (Black-and-White),The Dark Command,False
1941,ART DIRECTION (Black-and-White),Foreign Correspondent,False
1941,ART DIRECTION (Black-and-White),Lillian Russell,False
1941,ART DIRECTION (Black-and-White),My Favorite Wife,False
1941,ART DIRECTION (Black-and-White),"My Son, My Son!",False
1941,ART DIRECTION (Black-and-White),Our Town,False
1941,ART DIRECTION (Black-and-White),Pride and Prejudice,True
1941,ART DIRECTION (Black-and-White),Rebecca,False
1941,ART DIRECTION (Black-and-White),The Sea Hawk,False
1941,ART DIRECTION (Black-and-White),The Westerner,False
1941,ART DIRECTION (Color),Bitter Sweet,False
1941,ART DIRECTION (Color),Down Argentine Way,False
1941,ART DIRECTION (Color),North West Mounted Police,False
1941,ART DIRECTION (Color),The Thief of Bagdad,True
1941,CINEMATOGRAPHY (Black-and-White),Abe Lincoln in Illinois,False
1941,CINEMATOGRAPHY (Black-and-White),"All This, and Heaven Too",False
1941,CINEMATOGRAPHY (Black-and-White),"Arise, My Love",False
1941,CINEMATOGRAPHY (Black-and-White),Boom Town,False
1941,CINEMATOGRAPHY (Black-and-White),Foreign Correspondent,False
1941,CINEMATOGRAPHY (Black-and-White),The Letter,False
1941,CINEMATOGRAPHY (Black-and-White),The Long Voyage Home,False
1941,CINEMATOGRAPHY (Black-and-White),Rebecca,True
1941,CINEMATOGRAPHY (Black-and-White),Spring Parade,False
1941,CINEMATOGRAPHY (Black-and-White),Waterloo Bridge,False
1941,CINEMATOGRAPHY (Color),Bitter Sweet,False
1941,CINEMATOGRAPHY (Color),The Blue Bird,False
1941,CINEMATOGRAPHY (Color),Down Argentine Way,False
1941,CINEMATOGRAPHY (Color),North West Mounted Police,False
1941,CINEMATOGRAPHY (Color),Northwest Passage,False
1941,CINEMATOGRAPHY (Color),The Thief of Bagdad,True
1941,DIRECTING,The Grapes of Wrath,True
1941,DIRECTING,Kitty Foyle,False
1941,DIRECTING,The Letter,False
1941,DIRECTING,The Philadelphia Story,False
1941,DIRECTING,Rebecca,False
1941,FILM EDITING,The Grapes of Wrath,False
1941,FILM EDITING,The Letter,False
1941,FILM EDITING,The Long Voyage Home,False
1941,FILM EDITING,North West Mounted Police,True
1941,FILM EDITING,Rebecca,False
1941,MUSIC (Original Score),Arizona,False
1941,MUSIC (Original Score),The Dark Command,False
1941,MUSIC (Original Score),The Fight for Life,False
1941,MUSIC (Original Score),The Great Dictator,False
1941,MUSIC (Original Score),The House of the Seven Gables,False
1941,MUSIC (Original Score),The Howards of Virginia,False
1941,MUSIC (Original Score),The Letter,False
1941,MUSIC (Original Score),The Long Voyage Home,False
1941,MUSIC (Original Score),The Mark of Zorro,False
1941,MUSIC (Original Score),My Favorite Wife,False
1941,MUSIC (Original Score),North West Mounted Police,False
1941,MUSIC (Original Score),One Million B.C.,False
1941,MUSIC (Original Score),Our Town,False
1941,MUSIC (Original Score),Pinocchio,True
1941,MUSIC (Original Score),Rebecca,False
1941,MUSIC (Original Score),The Thief of Bagdad,False
1941,MUSIC (Original Score),Waterloo Bridge,False
1941,MUSIC (Scoring),"Arise, My Love",False
1941,MUSIC (Scoring),Hit Parade of 1941,False
1941,MUSIC (Scoring),Irene,False
1941,MUSIC (Scoring),Our Town,False
1941,MUSIC (Scoring),The Sea Hawk,False
1941,MUSIC (Scoring),Second Chorus,False
1941,MUSIC (Scoring),Spring Parade,False
1941,MUSIC (Scoring),Strike Up the Band,False
1941,MUSIC (Scoring),Tin Pan Alley,True
1941,MUSIC (Song),Down Argentine Way,False
1941,MUSIC (Song),You'll Find Out,False
1941,MUSIC (Song),Music in My Heart,False
1941,MUSIC (Song),Second Chorus,False
1941,MUSIC (Song),Rhythm on the River,False
1941,MUSIC (Song),Strike Up the Band,False
1941,MUSIC (Song),Spring Parade,False
1941,MUSIC (Song),Pinocchio,True
1941,MUSIC (Song),Hit Parade of 1941,False
1941,OUTSTANDING PRODUCTION,"All This, and Heaven Too",False
1941,OUTSTANDING PRODUCTION,Foreign Correspondent,False
1941,OUTSTANDING PRODUCTION,The Grapes of Wrath,False
1941,OUTSTANDING PRODUCTION,The Great Dictator,False
1941,OUTSTANDING PRODUCTION,Kitty Foyle,False
1941,OUTSTANDING PRODUCTION,The Letter,False
1941,OUTSTANDING PRODUCTION,The Long Voyage Home,False
1941,OUTSTANDING PRODUCTION,Our Town,False
1941,OUTSTANDING PRODUCTION,The Philadelphia Story,False
1941,OUTSTANDING PRODUCTION,Rebecca,True
1941,SHORT SUBJECT (Cartoon),The Milky Way,True
1941,SHORT SUBJECT (Cartoon),Puss Gets the Boot,False
1941,SHORT SUBJECT (Cartoon),A Wild Hare,False
1941,SHORT SUBJECT (One-reel),London Can Take It,False
1941,SHORT SUBJECT (One-reel),More about Nostradamus,False
1941,SHORT SUBJECT (One-reel),Quicker 'N a Wink,True
1941,SHORT SUBJECT (One-reel),Siege,False
1941,SHORT SUBJECT (Two-reel),Eyes of the Navy,False
1941,SHORT SUBJECT (Two-reel),Service with the Colors,False
1941,SHORT SUBJECT (Two-reel),"Teddy, the Rough Rider",True
1941,SOUND RECORDING,Behind the News,False
1941,SOUND RECORDING,Captain Caution,False
1941,SOUND RECORDING,The Grapes of Wrath,False
1941,SOUND RECORDING,The Howards of Virginia,False
1941,SOUND RECORDING,Kitty Foyle,False
1941,SOUND RECORDING,North West Mounted Police,False
1941,SOUND RECORDING,Our Town,False
1941,SOUND RECORDING,The Sea Hawk,False
1941,SOUND RECORDING,Spring Parade,False
1941,SOUND RECORDING,Strike Up the Band,True
1941,SOUND RECORDING,Too Many Husbands,False
1941,SPECIAL EFFECTS,The Blue Bird,False
1941,SPECIAL EFFECTS,Boom Town,False
1941,SPECIAL EFFECTS,The Boys from Syracuse,False
1941,SPECIAL EFFECTS,Dr. Cyclops,False
1941,SPECIAL EFFECTS,Foreign Correspondent,False
1941,SPECIAL EFFECTS,The Invisible Man Returns,False
1941,SPECIAL EFFECTS,The Long Voyage Home,False
1941,SPECIAL EFFECTS,One Million B.C.,False
1941,SPECIAL EFFECTS,Rebecca,False
1941,SPECIAL EFFECTS,The Sea Hawk,False
1941,SPECIAL EFFECTS,Swiss Family Robinson,False
1941,SPECIAL EFFECTS,The Thief of Bagdad,True
1941,SPECIAL EFFECTS,Typhoon,False
1941,SPECIAL EFFECTS,Women in War,False
1941,WRITING (Original Screenplay),Angels over Broadway,False
1941,WRITING (Original Screenplay),Dr. Ehrlich's Magic Bullet,False
1941,WRITING (Original Screenplay),Foreign Correspondent,False
1941,WRITING (Original Screenplay),The Great Dictator,False
1941,WRITING (Original Screenplay),The Great McGinty,True
1941,WRITING (Original Story),"Arise, My Love",True
1941,WRITING (Original Story),Comrade X,False
1941,WRITING (Original Story),"Edison, the Man",False
1941,WRITING (Original Story),My Favorite Wife,False
1941,WRITING (Original Story),The Westerner,False
1941,WRITING (Screenplay),The Grapes of Wrath,False
1941,WRITING (Screenplay),Kitty Foyle,False
1941,WRITING (Screenplay),The Long Voyage Home,False
1941,WRITING (Screenplay),The Philadelphia Story,True
1941,WRITING (Screenplay),Rebecca,False
1941,SPECIAL AWARD,,True
1941,SPECIAL AWARD,,True
1942,ACTOR,Sergeant York,True
1942,ACTOR,Penny Serenade,False
1942,ACTOR,All That Money Can Buy,False
1942,ACTOR,Here Comes Mr. Jordan,False
1942,ACTOR,Citizen Kane,False
1942,ACTOR IN A SUPPORTING ROLE,Sergeant York,False
1942,ACTOR IN A SUPPORTING ROLE,The Devil and Miss Jones,False
1942,ACTOR IN A SUPPORTING ROLE,How Green Was My Valley,True
1942,ACTOR IN A SUPPORTING ROLE,Here Comes Mr. Jordan,False
1942,ACTOR IN A SUPPORTING ROLE,The Maltese Falcon,False
1942,ACTRESS,The Little Foxes,False
1942,ACTRESS,Hold Back the Dawn,False
1942,ACTRESS,Suspicion,True
1942,ACTRESS,Blossoms in the Dust,False
1942,ACTRESS,Ball of Fire,False
1942,ACTRESS IN A SUPPORTING ROLE,How Green Was My Valley,False
1942,ACTRESS IN A SUPPORTING ROLE,The Great Lie,True
1942,ACTRESS IN A SUPPORTING ROLE,The Little Foxes,False
1942,ACTRESS IN A SUPPORTING ROLE,The Little Foxes,False
1942,ACTRESS IN A SUPPORTING ROLE,Sergeant York,False
1942,ART DIRECTION (Black-and-White),Citizen Kane,False
1942,ART DIRECTION (Black-and-White),The Flame of New Orleans,False
1942,ART DIRECTION (Black-and-White),Hold Back the Dawn,False
1942,ART DIRECTION (Black-and-White),How Green Was My Valley,True
1942,ART DIRECTION (Black-and-White),Ladies in Retirement,False
1942,ART DIRECTION (Black-and-White),The Little Foxes,False
1942,ART DIRECTION (Black-and-White),Sergeant York,False
1942,ART DIRECTION (Black-and-White),Sis Hopkins,False
1942,ART DIRECTION (Black-and-White),The Son of Monte Cristo,False
1942,ART DIRECTION (Black-and-White),Sundown,False
1942,ART DIRECTION (Black-and-White),That Hamilton Woman,False
1942,ART DIRECTION (Black-and-White),When Ladies Meet,False
1942,ART DIRECTION (Color),Blood and Sand,False
1942,ART DIRECTION (Color),Blossoms in the Dust,True
1942,ART DIRECTION (Color),Louisiana Purchase,False
1942,CINEMATOGRAPHY (Black-and-White),The Chocolate Soldier,False
1942,CINEMATOGRAPHY (Black-and-White),Citizen Kane,False
1942,CINEMATOGRAPHY (Black-and-White),Dr. Jekyll and Mr. Hyde,False
1942,CINEMATOGRAPHY (Black-and-White),Here Comes Mr. Jordan,False
1942,CINEMATOGRAPHY (Black-and-White),Hold Back the Dawn,False
1942,CINEMATOGRAPHY (Black-and-White),How Green Was My Valley,True
1942,CINEMATOGRAPHY (Black-and-White),Sergeant York,False
1942,CINEMATOGRAPHY (Black-and-White),Sun Valley Serenade,False
1942,CINEMATOGRAPHY (Black-and-White),Sundown,False
1942,CINEMATOGRAPHY (Black-and-White),That Hamilton Woman,False
1942,CINEMATOGRAPHY (Color),Aloma of the South Seas,False
1942,CINEMATOGRAPHY (Color),Billy the Kid,False
1942,CINEMATOGRAPHY (Color),Blood and Sand,True
1942,CINEMATOGRAPHY (Color),Blossoms in the Dust,False
1942,CINEMATOGRAPHY (Color),Dive Bomber,False
1942,CINEMATOGRAPHY (Color),Louisiana Purchase,False
1942,DIRECTING,Citizen Kane,False
1942,DIRECTING,Here Comes Mr. Jordan,False
1942,DIRECTING,How Green Was My Valley,True
1942,DIRECTING,The Little Foxes,False
1942,DIRECTING,Sergeant York,False
1942,DOCUMENTARY (Short Subject),Adventure in the Bronx,False
1942,DOCUMENTARY (Short Subject),Bomber,False
1942,DOCUMENTARY (Short Subject),Christmas under Fire,False
1942,DOCUMENTARY (Short Subject),Churchill's Island,True
1942,DOCUMENTARY (Short Subject),Letter from Home,False
1942,DOCUMENTARY (Short Subject),Life of a Thoroughbred,False
1942,DOCUMENTARY (Short Subject),Norway in Revolt,False
1942,DOCUMENTARY (Short Subject),A Place to Live,False
1942,DOCUMENTARY (Short Subject),Russian Soil,False
1942,DOCUMENTARY (Short Subject),Soldiers of the Sky,False
1942,DOCUMENTARY (Short Subject),War Clouds in the Pacific,False
1942,FILM EDITING,Citizen Kane,False
1942,FILM EDITING,Dr. Jekyll and Mr. Hyde,False
1942,FILM EDITING,How Green Was My Valley,False
1942,FILM EDITING,The Little Foxes,False
1942,FILM EDITING,Sergeant York,True
1942,MUSIC (Music Score of a Dramatic Picture),All That Money Can Buy,True
1942,MUSIC (Music Score of a Dramatic Picture),Back Street,False
1942,MUSIC (Music Score of a Dramatic Picture),Ball of Fire,False
1942,MUSIC (Music Score of a Dramatic Picture),Cheers for Miss Bishop,False
1942,MUSIC (Music Score of a Dramatic Picture),Citizen Kane,False
1942,MUSIC (Music Score of a Dramatic Picture),Dr. Jekyll and Mr. Hyde,False
1942,MUSIC (Music Score of a Dramatic Picture),Hold Back the Dawn,False
1942,MUSIC (Music Score of a Dramatic Picture),How Green Was My Valley,False
1942,MUSIC (Music Score of a Dramatic Picture),King of the Zombies,False
1942,MUSIC (Music Score of a Dramatic Picture),Ladies in Retirement,False
1942,MUSIC (Music Score of a Dramatic Picture),The Little Foxes,False
1942,MUSIC (Music Score of a Dramatic Picture),Lydia,False
1942,MUSIC (Music Score of a Dramatic Picture),Mercy Island,False
1942,MUSIC (Music Score of a Dramatic Picture),Sergeant York,False
1942,MUSIC (Music Score of a Dramatic Picture),So Ends Our Night,False
1942,MUSIC (Music Score of a Dramatic Picture),Sundown,False
1942,MUSIC (Music Score of a Dramatic Picture),Suspicion,False
1942,MUSIC (Music Score of a Dramatic Picture),Tanks a Million,False
1942,MUSIC (Music Score of a Dramatic Picture),That Uncertain Feeling,False
1942,MUSIC (Music Score of a Dramatic Picture),This Woman Is Mine,False
1942,MUSIC (Scoring of a Musical Picture),All-American Co-Ed,False
1942,MUSIC (Scoring of a Musical Picture),Birth of the Blues,False
1942,MUSIC (Scoring of a Musical Picture),Buck Privates,False
1942,MUSIC (Scoring of a Musical Picture),The Chocolate Soldier,False
1942,MUSIC (Scoring of a Musical Picture),Dumbo,True
1942,MUSIC (Scoring of a Musical Picture),Ice-Capades,False
1942,MUSIC (Scoring of a Musical Picture),The Strawberry Blonde,False
1942,MUSIC (Scoring of a Musical Picture),Sun Valley Serenade,False
1942,MUSIC (Scoring of a Musical Picture),Sunny,False
1942,MUSIC (Scoring of a Musical Picture),You'll Never Get Rich,False
1942,MUSIC (Song),Dumbo,False
1942,MUSIC (Song),Ridin' on a Rainbow,False
1942,MUSIC (Song),Blues in the Night,False
1942,MUSIC (Song),Buck Privates,False
1942,MUSIC (Song),Sun Valley Serenade,False
1942,MUSIC (Song),Las Vegas Nights,False
1942,MUSIC (Song),Lady Be Good,True
1942,MUSIC (Song),All-American Co-Ed,False
1942,MUSIC (Song),You'll Never Get Rich,False
1942,OUTSTANDING MOTION PICTURE,Blossoms in the Dust,False
1942,OUTSTANDING MOTION PICTURE,Citizen Kane,False
1942,OUTSTANDING MOTION PICTURE,Here Comes Mr. Jordan,False
1942,OUTSTANDING MOTION PICTURE,Hold Back the Dawn,False
1942,OUTSTANDING MOTION PICTURE,How Green Was My Valley,True
1942,OUTSTANDING MOTION PICTURE,The Little Foxes,False
1942,OUTSTANDING MOTION PICTURE,The Maltese Falcon,False
1942,OUTSTANDING MOTION PICTURE,One Foot in Heaven,False
1942,OUTSTANDING MOTION PICTURE,Sergeant York,False
1942,OUTSTANDING MOTION PICTURE,Suspicion,False
1942,SHORT SUBJECT (Cartoon),Boogie Woogie Bugle Boy of Company B,False
1942,SHORT SUBJECT (Cartoon),Hiawatha's Rabbit Hunt,False
1942,SHORT SUBJECT (Cartoon),How War Came,False
1942,SHORT SUBJECT (Cartoon),Lend a Paw,True
1942,SHORT SUBJECT (Cartoon),The Night before Christmas,False
1942,SHORT SUBJECT (Cartoon),Rhapsody in Rivets,False
1942,SHORT SUBJECT (Cartoon),Rhythm in the Ranks,False
1942,SHORT SUBJECT (Cartoon),The Rookie Bear,False
1942,SHORT SUBJECT (Cartoon),Superman,False
1942,SHORT SUBJECT (Cartoon),Truant Officer Donald,False
1942,SHORT SUBJECT (One-reel),Army Champions,False
1942,SHORT SUBJECT (One-reel),Beauty and the Beach,False
1942,SHORT SUBJECT (One-reel),Down on the Farm,False
1942,SHORT SUBJECT (One-reel),Forty Boys and a Song,False
1942,SHORT SUBJECT (One-reel),Kings of the Turf,False
1942,SHORT SUBJECT (One-reel),Of Pups and Puzzles,True
1942,SHORT SUBJECT (One-reel),Sagebrush and Silver,False
1942,SHORT SUBJECT (Two-reel),Alive in the Deep,False
1942,SHORT SUBJECT (Two-reel),Forbidden Passage,False
1942,SHORT SUBJECT (Two-reel),The Gay Parisian,False
1942,SHORT SUBJECT (Two-reel),Main Street on the March!,True
1942,SHORT SUBJECT (Two-reel),The Tanks Are Coming,False
1942,SOUND RECORDING,Appointment for Love,False
1942,SOUND RECORDING,Ball of Fire,False
1942,SOUND RECORDING,The Chocolate Soldier,False
1942,SOUND RECORDING,Citizen Kane,False
1942,SOUND RECORDING,The Devil Pays Off,False
1942,SOUND RECORDING,How Green Was My Valley,False
1942,SOUND RECORDING,The Men in Her Life,False
1942,SOUND RECORDING,Sergeant York,False
1942,SOUND RECORDING,Skylark,False
1942,SOUND RECORDING,That Hamilton Woman,True
1942,SOUND RECORDING,Topper Returns,False
1942,SPECIAL EFFECTS,Aloma of the South Seas,False
1942,SPECIAL EFFECTS,Dive Bomber,False
1942,SPECIAL EFFECTS,Flight Command,False
1942,SPECIAL EFFECTS,I Wanted Wings,True
1942,SPECIAL EFFECTS,The Invisible Woman,False
1942,SPECIAL EFFECTS,The Sea Wolf,False
1942,SPECIAL EFFECTS,That Hamilton Woman,False
1942,SPECIAL EFFECTS,Topper Returns,False
1942,SPECIAL EFFECTS,A Yank in the R.A.F.,False
1942,WRITING (Original Screenplay),Citizen Kane,True
1942,WRITING (Original Screenplay),The Devil and Miss Jones,False
1942,WRITING (Original Screenplay),Sergeant York,False
1942,WRITING (Original Screenplay),"Tall, Dark and Handsome",False
1942,WRITING (Original Screenplay),"Tom, Dick and Harry",False
1942,WRITING (Original Story),Ball of Fire,False
1942,WRITING (Original Story),Here Comes Mr. Jordan,True
1942,WRITING (Original Story),The Lady Eve,False
1942,WRITING (Original Story),Meet John Doe,False
1942,WRITING (Original Story),Night Train,False
1942,WRITING (Screenplay),Here Comes Mr. Jordan,True
1942,WRITING (Screenplay),Hold Back the Dawn,False
1942,WRITING (Screenplay),How Green Was My Valley,False
1942,WRITING (Screenplay),The Little Foxes,False
1942,WRITING (Screenplay),The Maltese Falcon,False
1942,SPECIAL AWARD,Kukan,True
1942,SPECIAL AWARD,Target for Tonight,True
1942,SPECIAL AWARD,Fantasia,True
1942,SPECIAL AWARD,Fantasia,True
1942,IRVING G. THALBERG MEMORIAL AWARD,,True
1943,ACTOR,Yankee Doodle Dandy,True
1943,ACTOR,Random Harvest,False
1943,ACTOR,The Pride of the Yankees,False
1943,ACTOR,Mrs. Miniver,False
1943,ACTOR,The Pied Piper,False
1943,ACTOR IN A SUPPORTING ROLE,Wake Island,False
1943,ACTOR IN A SUPPORTING ROLE,Johnny Eager,True
1943,ACTOR IN A SUPPORTING ROLE,Yankee Doodle Dandy,False
1943,ACTOR IN A SUPPORTING ROLE,Tortilla Flat,False
1943,ACTOR IN A SUPPORTING ROLE,Mrs. Miniver,False
1943,ACTRESS,"Now, Voyager",False
1943,ACTRESS,Mrs. Miniver,True
1943,ACTRESS,Woman of the Year,False
1943,ACTRESS,My Sister Eileen,False
1943,ACTRESS,The Pride of the Yankees,False
1943,ACTRESS IN A SUPPORTING ROLE,"Now, Voyager",False
1943,ACTRESS IN A SUPPORTING ROLE,The Magnificent Ambersons,False
1943,ACTRESS IN A SUPPORTING ROLE,Random Harvest,False
1943,ACTRESS IN A SUPPORTING ROLE,Mrs. Miniver,False
1943,ACTRESS IN A SUPPORTING ROLE,Mrs. Miniver,True
1943,ART DIRECTION (Black-and-White),George Washington Slept Here,False
1943,ART DIRECTION (Black-and-White),The Magnificent Ambersons,False
1943,ART DIRECTION (Black-and-White),The Pride of the Yankees,False
1943,ART DIRECTION (Black-and-White),Random Harvest,False
1943,ART DIRECTION (Black-and-White),The Shanghai Gesture,False
1943,ART DIRECTION (Black-and-White),Silver Queen,False
1943,ART DIRECTION (Black-and-White),The Spoilers,False
1943,ART DIRECTION (Black-and-White),"Take a Letter, Darling",False
1943,ART DIRECTION (Black-and-White),The Talk of the Town,False
1943,ART DIRECTION (Black-and-White),This above All,True
1943,ART DIRECTION (Color),Arabian Nights,False
1943,ART DIRECTION (Color),Captains of the Clouds,False
1943,ART DIRECTION (Color),Jungle Book,False
1943,ART DIRECTION (Color),My Gal Sal,True
1943,ART DIRECTION (Color),Reap the Wild Wind,False
1943,CINEMATOGRAPHY (Black-and-White),Kings Row,False
1943,CINEMATOGRAPHY (Black-and-White),The Magnificent Ambersons,False
1943,CINEMATOGRAPHY (Black-and-White),Mrs. Miniver,True
1943,CINEMATOGRAPHY (Black-and-White),Moontide,False
1943,CINEMATOGRAPHY (Black-and-White),The Pied Piper,False
1943,CINEMATOGRAPHY (Black-and-White),The Pride of the Yankees,False
1943,CINEMATOGRAPHY (Black-and-White),"Take a Letter, Darling",False
1943,CINEMATOGRAPHY (Black-and-White),The Talk of the Town,False
1943,CINEMATOGRAPHY (Black-and-White),Ten Gentlemen from West Point,False
1943,CINEMATOGRAPHY (Black-and-White),This above All,False
1943,CINEMATOGRAPHY (Color),Arabian Nights,False
1943,CINEMATOGRAPHY (Color),The Black Swan,True
1943,CINEMATOGRAPHY (Color),Captains of the Clouds,False
1943,CINEMATOGRAPHY (Color),Jungle Book,False
1943,CINEMATOGRAPHY (Color),Reap the Wild Wind,False
1943,CINEMATOGRAPHY (Color),To the Shores of Tripoli,False
1943,DIRECTING,Kings Row,False
1943,DIRECTING,Mrs. Miniver,True
1943,DIRECTING,Random Harvest,False
1943,DIRECTING,Wake Island,False
1943,DIRECTING,Yankee Doodle Dandy,False
1943,DOCUMENTARY,"Africa, Prelude to Victory",False
1943,DOCUMENTARY,The Battle of Midway,True
1943,DOCUMENTARY,Combat Report,False
1943,DOCUMENTARY,Conquer by the Clock,False
1943,DOCUMENTARY,The Grain That Built a Hemisphere,False
1943,DOCUMENTARY,"Henry Browne, Farmer",False
1943,DOCUMENTARY,High over the Borders,False
1943,DOCUMENTARY,High Stakes in the East,False
1943,DOCUMENTARY,Inside Fighting China,False
1943,DOCUMENTARY,It's Everybody's War,False
1943,DOCUMENTARY,Kokoda Front Line!,True
1943,DOCUMENTARY,Listen to Britain,False
1943,DOCUMENTARY,Little Belgium,False
1943,DOCUMENTARY,Little Isles of Freedom,False
1943,DOCUMENTARY,Mr. Blabbermouth!,False
1943,DOCUMENTARY,Mr. Gardenia Jones,False
1943,DOCUMENTARY,Moscow Strikes Back,True
1943,DOCUMENTARY,The New Spirit,False
1943,DOCUMENTARY,Prelude to War,True
1943,DOCUMENTARY,The Price of Victory,False
1943,DOCUMENTARY,A Ship Is Born,False
1943,DOCUMENTARY,Twenty-One Miles,False
1943,DOCUMENTARY,We Refuse to Die,False
1943,DOCUMENTARY,White Eagle,False
1943,DOCUMENTARY,Winning Your Wings,False
1943,FILM EDITING,Mrs. Miniver,False
1943,FILM EDITING,The Pride of the Yankees,True
1943,FILM EDITING,The Talk of the Town,False
1943,FILM EDITING,This above All,False
1943,FILM EDITING,Yankee Doodle Dandy,False
1943,MUSIC (Music Score of a Dramatic or Comedy Picture),Arabian Nights,False
1943,MUSIC (Music Score of a Dramatic or Comedy Picture),Bambi,False
1943,MUSIC (Music Score of a Dramatic or Comedy Picture),The Black Swan,False
1943,MUSIC (Music Score of a Dramatic or Comedy Picture),The Corsican Brothers,False
1943,MUSIC (Music Score of a Dramatic or Comedy Picture),Flying Tigers,False
1943,MUSIC (Music Score of a Dramatic or Comedy Picture),The Gold Rush,False
1943,MUSIC (Music Score of a Dramatic or Comedy Picture),I Married a Witch,False
1943,MUSIC (Music Score of a Dramatic or Comedy Picture),Joan of Paris,False
1943,MUSIC (Music Score of a Dramatic or Comedy Picture),Jungle Book,False
1943,MUSIC (Music Score of a Dramatic or Comedy Picture),Klondike Fury,False
1943,MUSIC (Music Score of a Dramatic or Comedy Picture),"Now, Voyager",True
1943,MUSIC (Music Score of a Dramatic or Comedy Picture),The Pride of the Yankees,False
1943,MUSIC (Music Score of a Dramatic or Comedy Picture),Random Harvest,False
1943,MUSIC (Music Score of a Dramatic or Comedy Picture),The Shanghai Gesture,False
1943,MUSIC (Music Score of a Dramatic or Comedy Picture),Silver Queen,False
1943,MUSIC (Music Score of a Dramatic or Comedy Picture),"Take a Letter, Darling",False
1943,MUSIC (Music Score of a Dramatic or Comedy Picture),The Talk of the Town,False
1943,MUSIC (Music Score of a Dramatic or Comedy Picture),To Be or Not to Be,False
1943,MUSIC (Scoring of a Musical Picture),Flying with Music,False
1943,MUSIC (Scoring of a Musical Picture),For Me and My Gal,False
1943,MUSIC (Scoring of a Musical Picture),Holiday Inn,False
1943,MUSIC (Scoring of a Musical Picture),It Started with Eve,False
1943,MUSIC (Scoring of a Musical Picture),Johnny Doughboy,False
1943,MUSIC (Scoring of a Musical Picture),My Gal Sal,False
1943,MUSIC (Scoring of a Musical Picture),Yankee Doodle Dandy,True
1943,MUSIC (Scoring of a Musical Picture),You Were Never Lovelier,False
1943,MUSIC (Song),Always in My Heart,False
1943,MUSIC (Song),You Were Never Lovelier,False
1943,MUSIC (Song),Babes on Broadway,False
1943,MUSIC (Song),Youth on Parade,False
1943,MUSIC (Song),Orchestra Wives,False
1943,MUSIC (Song),Bambi,False
1943,MUSIC (Song),Flying with Music,False
1943,MUSIC (Song),Hellzapoppin',False
1943,MUSIC (Song),The Mayor of 44th Street,False
1943,MUSIC (Song),Holiday Inn,True
1943,OUTSTANDING MOTION PICTURE,The Invaders,False
1943,OUTSTANDING MOTION PICTURE,Kings Row,False
1943,OUTSTANDING MOTION PICTURE,The Magnificent Ambersons,False
1943,OUTSTANDING MOTION PICTURE,Mrs. Miniver,True
1943,OUTSTANDING MOTION PICTURE,The Pied Piper,False
1943,OUTSTANDING MOTION PICTURE,The Pride of the Yankees,False
1943,OUTSTANDING MOTION PICTURE,Random Harvest,False
1943,OUTSTANDING MOTION PICTURE,The Talk of the Town,False
1943,OUTSTANDING MOTION PICTURE,Wake Island,False
1943,OUTSTANDING MOTION PICTURE,Yankee Doodle Dandy,False
1943,SHORT SUBJECT (Cartoon),All Out for 'V',False
1943,SHORT SUBJECT (Cartoon),Blitz Wolf,False
1943,SHORT SUBJECT (Cartoon),Der Fuehrer's Face,True
1943,SHORT SUBJECT (Cartoon),Juke Box Jamboree,False
1943,SHORT SUBJECT (Cartoon),Pigs in a Polka,False
1943,SHORT SUBJECT (Cartoon),Tulips Shall Grow,False
1943,SHORT SUBJECT (One-reel),Desert Wonderland,False
1943,SHORT SUBJECT (One-reel),Marines in the Making,False
1943,SHORT SUBJECT (One-reel),Speaking of Animals and Their Families,True
1943,SHORT SUBJECT (One-reel),United States Marine Band,False
1943,SHORT SUBJECT (Two-reel),Beyond the Line of Duty,True
1943,SHORT SUBJECT (Two-reel),Don't Talk,False
1943,SHORT SUBJECT (Two-reel),Private Smith of the U.S.A.,False
1943,SOUND RECORDING,Arabian Nights,False
1943,SOUND RECORDING,Bambi,False
1943,SOUND RECORDING,Flying Tigers,False
1943,SOUND RECORDING,Friendly Enemies,False
1943,SOUND RECORDING,The Gold Rush,False
1943,SOUND RECORDING,Mrs. Miniver,False
1943,SOUND RECORDING,Once upon a Honeymoon,False
1943,SOUND RECORDING,The Pride of the Yankees,False
1943,SOUND RECORDING,Road to Morocco,False
1943,SOUND RECORDING,This above All,False
1943,SOUND RECORDING,Yankee Doodle Dandy,True
1943,SOUND RECORDING,You Were Never Lovelier,False
1943,SPECIAL EFFECTS,The Black Swan,False
1943,SPECIAL EFFECTS,Desperate Journey,False
1943,SPECIAL EFFECTS,Flying Tigers,False
1943,SPECIAL EFFECTS,Invisible Agent,False
1943,SPECIAL EFFECTS,Jungle Book,False
1943,SPECIAL EFFECTS,Mrs. Miniver,False
1943,SPECIAL EFFECTS,The Navy Comes Through,False
1943,SPECIAL EFFECTS,One of Our Aircraft Is Missing,False
1943,SPECIAL EFFECTS,The Pride of the Yankees,False
1943,SPECIAL EFFECTS,Reap the Wild Wind,True
1943,WRITING (Original Motion Picture Story),Holiday Inn,False
1943,WRITING (Original Motion Picture Story),The Invaders,True
1943,WRITING (Original Motion Picture Story),The Pride of the Yankees,False
1943,WRITING (Original Motion Picture Story),The Talk of the Town,False
1943,WRITING (Original Motion Picture Story),Yankee Doodle Dandy,False
1943,WRITING (Original Screenplay),One of Our Aircraft Is Missing,False
1943,WRITING (Original Screenplay),Road to Morocco,False
1943,WRITING (Original Screenplay),Wake Island,False
1943,WRITING (Original Screenplay),The War against Mrs. Hadley,False
1943,WRITING (Original Screenplay),Woman of the Year,True
1943,WRITING (Screenplay),The Invaders,False
1943,WRITING (Screenplay),Mrs. Miniver,True
1943,WRITING (Screenplay),The Pride of the Yankees,False
1943,WRITING (Screenplay),Random Harvest,False
1943,WRITING (Screenplay),The Talk of the Town,False
1943,SPECIAL AWARD,,True
1943,SPECIAL AWARD,In Which We Serve,True
1943,SPECIAL AWARD,,True
1943,IRVING G. THALBERG MEMORIAL AWARD,,True
1944,ACTOR,Casablanca,False
1944,ACTOR,For Whom the Bell Tolls,False
1944,ACTOR,Watch on the Rhine,True
1944,ACTOR,Madame Curie,False
1944,ACTOR,The Human Comedy,False
1944,ACTOR IN A SUPPORTING ROLE,The Song of Bernadette,False
1944,ACTOR IN A SUPPORTING ROLE,The More the Merrier,True
1944,ACTOR IN A SUPPORTING ROLE,Sahara,False
1944,ACTOR IN A SUPPORTING ROLE,Casablanca,False
1944,ACTOR IN A SUPPORTING ROLE,For Whom the Bell Tolls,False
1944,ACTRESS,The More the Merrier,False
1944,ACTRESS,For Whom the Bell Tolls,False
1944,ACTRESS,The Constant Nymph,False
1944,ACTRESS,Madame Curie,False
1944,ACTRESS,The Song of Bernadette,True
1944,ACTRESS IN A SUPPORTING ROLE,The Song of Bernadette,False
1944,ACTRESS IN A SUPPORTING ROLE,So Proudly We Hail!,False
1944,ACTRESS IN A SUPPORTING ROLE,For Whom the Bell Tolls,True
1944,ACTRESS IN A SUPPORTING ROLE,The Song of Bernadette,False
1944,ACTRESS IN A SUPPORTING ROLE,Watch on the Rhine,False
1944,ART DIRECTION (Black-and-White),Five Graves to Cairo,False
1944,ART DIRECTION (Black-and-White),Flight for Freedom,False
1944,ART DIRECTION (Black-and-White),Madame Curie,False
1944,ART DIRECTION (Black-and-White),Mission to Moscow,False
1944,ART DIRECTION (Black-and-White),The North Star,False
1944,ART DIRECTION (Black-and-White),The Song of Bernadette,True
1944,ART DIRECTION (Color),For Whom the Bell Tolls,False
1944,ART DIRECTION (Color),The Gang's All Here,False
1944,ART DIRECTION (Color),Phantom of the Opera,True
1944,ART DIRECTION (Color),This Is the Army,False
1944,ART DIRECTION (Color),Thousands Cheer,False
1944,CINEMATOGRAPHY (Black-and-White),Air Force,False
1944,CINEMATOGRAPHY (Black-and-White),Casablanca,False
1944,CINEMATOGRAPHY (Black-and-White),Corvette K-225,False
1944,CINEMATOGRAPHY (Black-and-White),Five Graves to Cairo,False
1944,CINEMATOGRAPHY (Black-and-White),The Human Comedy,False
1944,CINEMATOGRAPHY (Black-and-White),Madame Curie,False
1944,CINEMATOGRAPHY (Black-and-White),The North Star,False
1944,CINEMATOGRAPHY (Black-and-White),Sahara,False
1944,CINEMATOGRAPHY (Black-and-White),So Proudly We Hail!,False
1944,CINEMATOGRAPHY (Black-and-White),The Song of Bernadette,True
1944,CINEMATOGRAPHY (Color),For Whom the Bell Tolls,False
1944,CINEMATOGRAPHY (Color),Heaven Can Wait,False
1944,CINEMATOGRAPHY (Color),"Hello, Frisco, Hello",False
1944,CINEMATOGRAPHY (Color),Lassie Come Home,False
1944,CINEMATOGRAPHY (Color),Phantom of the Opera,True
1944,CINEMATOGRAPHY (Color),Thousands Cheer,False
1944,DIRECTING,Casablanca,True
1944,DIRECTING,Heaven Can Wait,False
1944,DIRECTING,The Human Comedy,False
1944,DIRECTING,The More the Merrier,False
1944,DIRECTING,The Song of Bernadette,False
1944,DOCUMENTARY (Feature),Baptism of Fire,False
1944,DOCUMENTARY (Feature),The Battle of Russia,False
1944,DOCUMENTARY (Feature),Desert Victory,True
1944,DOCUMENTARY (Feature),For God and Country,False
1944,DOCUMENTARY (Feature),Report from the Aleutians,False
1944,DOCUMENTARY (Feature),Silent Village,False
1944,DOCUMENTARY (Feature),War Department Report,False
1944,DOCUMENTARY (Feature),"We've Come a Long, Long Way",False
1944,DOCUMENTARY (Short Subject),Bismarck Convoy Smashed,False
1944,DOCUMENTARY (Short Subject),Children of Mars,False
1944,DOCUMENTARY (Short Subject),Day of Battle,False
1944,DOCUMENTARY (Short Subject),December 7th,True
1944,DOCUMENTARY (Short Subject),The Dutch Tradition,False
1944,DOCUMENTARY (Short Subject),Kill or Be Killed,False
1944,DOCUMENTARY (Short Subject),The Labor Front,False
1944,DOCUMENTARY (Short Subject),Land of My Mother,False
1944,DOCUMENTARY (Short Subject),Letter from Livingston,False
1944,DOCUMENTARY (Short Subject),Life Line,False
1944,DOCUMENTARY (Short Subject),Plan for Destruction,False
1944,DOCUMENTARY (Short Subject),The Rear Gunner,False
1944,DOCUMENTARY (Short Subject),Servant of a Nation,False
1944,DOCUMENTARY (Short Subject),Swedes in America,False
1944,DOCUMENTARY (Short Subject),Task Force,False
1944,DOCUMENTARY (Short Subject),To the People of the United States,False
1944,DOCUMENTARY (Short Subject),Tomorrow We Fly,False
1944,DOCUMENTARY (Short Subject),The Voice That Thrilled the World,False
1944,DOCUMENTARY (Short Subject),Water--Friend or Enemy,False
1944,DOCUMENTARY (Short Subject),Wings Up,False
1944,DOCUMENTARY (Short Subject),Youth in Crisis,False
1944,FILM EDITING,Air Force,True
1944,FILM EDITING,Casablanca,False
1944,FILM EDITING,Five Graves to Cairo,False
1944,FILM EDITING,For Whom the Bell Tolls,False
1944,FILM EDITING,The Song of Bernadette,False
1944,MUSIC (Music Score of a Dramatic or Comedy Picture),The Amazing Mrs. Holliday,False
1944,MUSIC (Music Score of a Dramatic or Comedy Picture),Casablanca,False
1944,MUSIC (Music Score of a Dramatic or Comedy Picture),Commandos Strike at Dawn,False
1944,MUSIC (Music Score of a Dramatic or Comedy Picture),The Fallen Sparrow,False
1944,MUSIC (Music Score of a Dramatic or Comedy Picture),For Whom the Bell Tolls,False
1944,MUSIC (Music Score of a Dramatic or Comedy Picture),Hangmen Also Die,False
1944,MUSIC (Music Score of a Dramatic or Comedy Picture),Hi Diddle Diddle,False
1944,MUSIC (Music Score of a Dramatic or Comedy Picture),In Old Oklahoma,False
1944,MUSIC (Music Score of a Dramatic or Comedy Picture),Johnny Come Lately,False
1944,MUSIC (Music Score of a Dramatic or Comedy Picture),The Kansan,False
1944,MUSIC (Music Score of a Dramatic or Comedy Picture),Lady of Burlesque,False
1944,MUSIC (Music Score of a Dramatic or Comedy Picture),Madame Curie,False
1944,MUSIC (Music Score of a Dramatic or Comedy Picture),The Moon and Sixpence,False
1944,MUSIC (Music Score of a Dramatic or Comedy Picture),The North Star,False
1944,MUSIC (Music Score of a Dramatic or Comedy Picture),The Song of Bernadette,True
1944,MUSIC (Music Score of a Dramatic or Comedy Picture),Victory through Air Power,False
1944,MUSIC (Scoring of a Musical Picture),Coney Island,False
1944,MUSIC (Scoring of a Musical Picture),Hit Parade of 1943,False
1944,MUSIC (Scoring of a Musical Picture),Phantom of the Opera,False
1944,MUSIC (Scoring of a Musical Picture),Saludos Amigos,False
1944,MUSIC (Scoring of a Musical Picture),The Sky's the Limit,False
1944,MUSIC (Scoring of a Musical Picture),Something to Shout About,False
1944,MUSIC (Scoring of a Musical Picture),Stage Door Canteen,False
1944,MUSIC (Scoring of a Musical Picture),Star Spangled Rhythm,False
1944,MUSIC (Scoring of a Musical Picture),This Is the Army,True
1944,MUSIC (Scoring of a Musical Picture),Thousands Cheer,False
1944,MUSIC (Song),Hit Parade of 1943,False
1944,MUSIC (Song),Cabin in the Sky,False
1944,MUSIC (Song),The Sky's the Limit,False
1944,MUSIC (Song),Saludos Amigos,False
1944,MUSIC (Song),Hers to Hold,False
1944,MUSIC (Song),Star Spangled Rhythm,False
1944,MUSIC (Song),Thank Your Lucky Stars,False
1944,MUSIC (Song),Stage Door Canteen,False
1944,MUSIC (Song),Something to Shout About,False
1944,MUSIC (Song),"Hello, Frisco, Hello",True
1944,OUTSTANDING MOTION PICTURE,Casablanca,True
1944,OUTSTANDING MOTION PICTURE,For Whom the Bell Tolls,False
1944,OUTSTANDING MOTION PICTURE,Heaven Can Wait,False
1944,OUTSTANDING MOTION PICTURE,The Human Comedy,False
1944,OUTSTANDING MOTION PICTURE,In Which We Serve,False
1944,OUTSTANDING MOTION PICTURE,Madame Curie,False
1944,OUTSTANDING MOTION PICTURE,The More the Merrier,False
1944,OUTSTANDING MOTION PICTURE,The Ox-Bow Incident,False
1944,OUTSTANDING MOTION PICTURE,The Song of Bernadette,False
1944,OUTSTANDING MOTION PICTURE,Watch on the Rhine,False
1944,SHORT SUBJECT (Cartoon),The Dizzy Acrobat,False
1944,SHORT SUBJECT (Cartoon),The 500 Hats of Bartholomew Cubbins,False
1944,SHORT SUBJECT (Cartoon),Greetings Bait!,False
1944,SHORT SUBJECT (Cartoon),Imagination,False
1944,SHORT SUBJECT (Cartoon),Reason and Emotion,False
1944,SHORT SUBJECT (Cartoon),Yankee Doodle Mouse,True
1944,SHORT SUBJECT (One-reel),Amphibious Fighters,True
1944,SHORT SUBJECT (One-reel),Cavalcade of Dance with Veloz and Yolanda,False
1944,SHORT SUBJECT (One-reel),Champions Carry On,False
1944,SHORT SUBJECT (One-reel),Hollywood in Uniform,False
1944,SHORT SUBJECT (One-reel),Seeing Hands,False
1944,SHORT SUBJECT (Two-reel),Heavenly Music,True
1944,SHORT SUBJECT (Two-reel),Letter to a Hero,False
1944,SHORT SUBJECT (Two-reel),Mardi Gras,False
1944,SHORT SUBJECT (Two-reel),Women at War,False
1944,SOUND RECORDING,Hangmen Also Die,False
1944,SOUND RECORDING,In Old Oklahoma,False
1944,SOUND RECORDING,Madame Curie,False
1944,SOUND RECORDING,The North Star,False
1944,SOUND RECORDING,Phantom of the Opera,False
1944,SOUND RECORDING,Riding High,False
1944,SOUND RECORDING,Sahara,False
1944,SOUND RECORDING,Saludos Amigos,False
1944,SOUND RECORDING,So This Is Washington,False
1944,SOUND RECORDING,The Song of Bernadette,False
1944,SOUND RECORDING,This Is the Army,False
1944,SOUND RECORDING,This Land Is Mine,True
1944,SPECIAL EFFECTS,Air Force,False
1944,SPECIAL EFFECTS,Bombardier,False
1944,SPECIAL EFFECTS,Crash Dive,True
1944,SPECIAL EFFECTS,The North Star,False
1944,SPECIAL EFFECTS,So Proudly We Hail!,False
1944,SPECIAL EFFECTS,Stand By for Action,False
1944,WRITING (Original Motion Picture Story),Action in the North Atlantic,False
1944,WRITING (Original Motion Picture Story),Destination Tokyo,False
1944,WRITING (Original Motion Picture Story),The Human Comedy,True
1944,WRITING (Original Motion Picture Story),The More the Merrier,False
1944,WRITING (Original Motion Picture Story),Shadow of a Doubt,False
1944,WRITING (Original Screenplay),Air Force,False
1944,WRITING (Original Screenplay),In Which We Serve,False
1944,WRITING (Original Screenplay),The North Star,False
1944,WRITING (Original Screenplay),Princess O'Rourke,True
1944,WRITING (Original Screenplay),So Proudly We Hail!,False
1944,WRITING (Screenplay),Casablanca,True
1944,WRITING (Screenplay),Holy Matrimony,False
1944,WRITING (Screenplay),The More the Merrier,False
1944,WRITING (Screenplay),The Song of Bernadette,False
1944,WRITING (Screenplay),Watch on the Rhine,False
1944,SPECIAL AWARD,,True
1944,IRVING G. THALBERG MEMORIAL AWARD,,True
1945,ACTOR,Gaslight,False
1945,ACTOR,Going My Way,True
1945,ACTOR,Going My Way,False
1945,ACTOR,None but the Lonely Heart,False
1945,ACTOR,Wilson,False
1945,ACTOR IN A SUPPORTING ROLE,The Seventh Cross,False
1945,ACTOR IN A SUPPORTING ROLE,Going My Way,True
1945,ACTOR IN A SUPPORTING ROLE,Mr. Skeffington,False
1945,ACTOR IN A SUPPORTING ROLE,Laura,False
1945,ACTOR IN A SUPPORTING ROLE,Since You Went Away,False
1945,ACTRESS,Gaslight,True
1945,ACTRESS,Since You Went Away,False
1945,ACTRESS,Mr. Skeffington,False
1945,ACTRESS,Mrs. Parkington,False
1945,ACTRESS,Double Indemnity,False
1945,ACTRESS IN A SUPPORTING ROLE,None but the Lonely Heart,True
1945,ACTRESS IN A SUPPORTING ROLE,Since You Went Away,False
1945,ACTRESS IN A SUPPORTING ROLE,Gaslight,False
1945,ACTRESS IN A SUPPORTING ROLE,Dragon Seed,False
1945,ACTRESS IN A SUPPORTING ROLE,Mrs. Parkington,False
1945,ART DIRECTION (Black-and-White),Address Unknown,False
1945,ART DIRECTION (Black-and-White),The Adventures of Mark Twain,False
1945,ART DIRECTION (Black-and-White),Casanova Brown,False
1945,ART DIRECTION (Black-and-White),Gaslight,True
1945,ART DIRECTION (Black-and-White),Laura,False
1945,ART DIRECTION (Black-and-White),No Time for Love,False
1945,ART DIRECTION (Black-and-White),Since You Went Away,False
1945,ART DIRECTION (Black-and-White),Song of the Open Road,False
1945,ART DIRECTION (Black-and-White),Step Lively,False
1945,ART DIRECTION (Color),The Climax,False
1945,ART DIRECTION (Color),Cover Girl,False
1945,ART DIRECTION (Color),The Desert Song,False
1945,ART DIRECTION (Color),Kismet,False
1945,ART DIRECTION (Color),Lady in the Dark,False
1945,ART DIRECTION (Color),The Princess and the Pirate,False
1945,ART DIRECTION (Color),Wilson,True
1945,CINEMATOGRAPHY (Black-and-White),Double Indemnity,False
1945,CINEMATOGRAPHY (Black-and-White),Dragon Seed,False
1945,CINEMATOGRAPHY (Black-and-White),Gaslight,False
1945,CINEMATOGRAPHY (Black-and-White),Going My Way,False
1945,CINEMATOGRAPHY (Black-and-White),Laura,True
1945,CINEMATOGRAPHY (Black-and-White),Lifeboat,False
1945,CINEMATOGRAPHY (Black-and-White),Since You Went Away,False
1945,CINEMATOGRAPHY (Black-and-White),Thirty Seconds over Tokyo,False
1945,CINEMATOGRAPHY (Black-and-White),The Uninvited,False
1945,CINEMATOGRAPHY (Black-and-White),The White Cliffs of Dover,False
1945,CINEMATOGRAPHY (Color),Cover Girl,False
1945,CINEMATOGRAPHY (Color),Home in Indiana,False
1945,CINEMATOGRAPHY (Color),Kismet,False
1945,CINEMATOGRAPHY (Color),Lady in the Dark,False
1945,CINEMATOGRAPHY (Color),Meet Me in St. Louis,False
1945,CINEMATOGRAPHY (Color),Wilson,True
1945,DIRECTING,Double Indemnity,False
1945,DIRECTING,Going My Way,True
1945,DIRECTING,Laura,False
1945,DIRECTING,Lifeboat,False
1945,DIRECTING,Wilson,False
1945,DOCUMENTARY (Feature),The Fighting Lady,True
1945,DOCUMENTARY (Feature),Resisting Enemy Interrogation,False
1945,DOCUMENTARY (Short Subject),Arturo Toscanini,False
1945,DOCUMENTARY (Short Subject),New Americans,False
1945,DOCUMENTARY (Short Subject),With the Marines at Tarawa,True
1945,FILM EDITING,Going My Way,False
1945,FILM EDITING,Janie,False
1945,FILM EDITING,None but the Lonely Heart,False
1945,FILM EDITING,Since You Went Away,False
1945,FILM EDITING,Wilson,True
1945,MUSIC (Music Score of a Dramatic or Comedy Picture),Address Unknown,False
1945,MUSIC (Music Score of a Dramatic or Comedy Picture),The Adventures of Mark Twain,False
1945,MUSIC (Music Score of a Dramatic or Comedy Picture),The Bridge of San Luis Rey,False
1945,MUSIC (Music Score of a Dramatic or Comedy Picture),Casanova Brown,False
1945,MUSIC (Music Score of a Dramatic or Comedy Picture),Christmas Holiday,False
1945,MUSIC (Music Score of a Dramatic or Comedy Picture),Double Indemnity,False
1945,MUSIC (Music Score of a Dramatic or Comedy Picture),The Fighting Seabees,False
1945,MUSIC (Music Score of a Dramatic or Comedy Picture),The Hairy Ape,False
1945,MUSIC (Music Score of a Dramatic or Comedy Picture),It Happened Tomorrow,False
1945,MUSIC (Music Score of a Dramatic or Comedy Picture),Jack London,False
1945,MUSIC (Music Score of a Dramatic or Comedy Picture),Kismet,False
1945,MUSIC (Music Score of a Dramatic or Comedy Picture),None but the Lonely Heart,False
1945,MUSIC (Music Score of a Dramatic or Comedy Picture),The Princess and the Pirate,False
1945,MUSIC (Music Score of a Dramatic or Comedy Picture),Since You Went Away,True
1945,MUSIC (Music Score of a Dramatic or Comedy Picture),Summer Storm,False
1945,MUSIC (Music Score of a Dramatic or Comedy Picture),Three Russian Girls,False
1945,MUSIC (Music Score of a Dramatic or Comedy Picture),Up in Mabel's Room,False
1945,MUSIC (Music Score of a Dramatic or Comedy Picture),Voice in the Wind,False
1945,MUSIC (Music Score of a Dramatic or Comedy Picture),Wilson,False
1945,MUSIC (Music Score of a Dramatic or Comedy Picture),Woman of the Town,False
1945,MUSIC (Scoring of a Musical Picture),Brazil,False
1945,MUSIC (Scoring of a Musical Picture),Cover Girl,True
1945,MUSIC (Scoring of a Musical Picture),Higher and Higher,False
1945,MUSIC (Scoring of a Musical Picture),Hollywood Canteen,False
1945,MUSIC (Scoring of a Musical Picture),Irish Eyes Are Smiling,False
1945,MUSIC (Scoring of a Musical Picture),Knickerbocker Holiday,False
1945,MUSIC (Scoring of a Musical Picture),Lady in the Dark,False
1945,MUSIC (Scoring of a Musical Picture),"Lady, Let's Dance",False
1945,MUSIC (Scoring of a Musical Picture),Meet Me in St. Louis,False
1945,MUSIC (Scoring of a Musical Picture),The Merry Monahans,False
1945,MUSIC (Scoring of a Musical Picture),Minstrel Man,False
1945,MUSIC (Scoring of a Musical Picture),Sensations of 1945,False
1945,MUSIC (Scoring of a Musical Picture),Song of the Open Road,False
1945,MUSIC (Scoring of a Musical Picture),Up in Arms,False
1945,MUSIC (Song),Higher and Higher,False
1945,MUSIC (Song),Follow the Boys,False
1945,MUSIC (Song),Sweet and Low-Down,False
1945,MUSIC (Song),Cover Girl,False
1945,MUSIC (Song),Up in Arms,False
1945,MUSIC (Song),Minstrel Man,False
1945,MUSIC (Song),Brazil,False
1945,MUSIC (Song),"Lady, Let's Dance",False
1945,MUSIC (Song),Hollywood Canteen,False
1945,MUSIC (Song),Going My Way,True
1945,MUSIC (Song),Song of the Open Road,False
1945,MUSIC (Song),Meet Me in St. Louis,False
1945,BEST MOTION PICTURE,Double Indemnity,False
1945,BEST MOTION PICTURE,Gaslight,False
1945,BEST MOTION PICTURE,Going My Way,True
1945,BEST MOTION PICTURE,Since You Went Away,False
1945,BEST MOTION PICTURE,Wilson,False
1945,SHORT SUBJECT (Cartoon),And to Think I Saw It on Mulberry Street,False
1945,SHORT SUBJECT (Cartoon),"Dog, Cat and Canary",False
1945,SHORT SUBJECT (Cartoon),Fish Fry,False
1945,SHORT SUBJECT (Cartoon),How to Play Football,False
1945,SHORT SUBJECT (Cartoon),Mouse Trouble,True
1945,SHORT SUBJECT (Cartoon),My Boy Johnny,False
1945,SHORT SUBJECT (Cartoon),Swooner Crooner,False
1945,SHORT SUBJECT (One-reel),Blue Grass Gentlemen,False
1945,SHORT SUBJECT (One-reel),Jammin' the Blues,False
1945,SHORT SUBJECT (One-reel),Movie Pests,False
1945,SHORT SUBJECT (One-reel),Screen Snapshots' 50th Anniversary of Motion Pictures,False
1945,SHORT SUBJECT (One-reel),Who's Who in Animal Land,True
1945,SHORT SUBJECT (Two-reel),Bombalera,False
1945,SHORT SUBJECT (Two-reel),I Won't Play,True
1945,SHORT SUBJECT (Two-reel),Main Street Today,False
1945,SOUND RECORDING,Brazil,False
1945,SOUND RECORDING,Casanova Brown,False
1945,SOUND RECORDING,Cover Girl,False
1945,SOUND RECORDING,Double Indemnity,False
1945,SOUND RECORDING,His Butler's Sister,False
1945,SOUND RECORDING,Hollywood Canteen,False
1945,SOUND RECORDING,It Happened Tomorrow,False
1945,SOUND RECORDING,Kismet,False
1945,SOUND RECORDING,Music in Manhattan,False
1945,SOUND RECORDING,Voice in the Wind,False
1945,SOUND RECORDING,Wilson,True
1945,SPECIAL EFFECTS,The Adventures of Mark Twain,False
1945,SPECIAL EFFECTS,Days of Glory,False
1945,SPECIAL EFFECTS,Secret Command,False
1945,SPECIAL EFFECTS,Since You Went Away,False
1945,SPECIAL EFFECTS,The Story of Dr. Wassell,False
1945,SPECIAL EFFECTS,Thirty Seconds over Tokyo,True
1945,SPECIAL EFFECTS,Wilson,False
1945,WRITING (Original Motion Picture Story),Going My Way,True
1945,WRITING (Original Motion Picture Story),A Guy Named Joe,False
1945,WRITING (Original Motion Picture Story),Lifeboat,False
1945,WRITING (Original Motion Picture Story),None Shall Escape,False
1945,WRITING (Original Motion Picture Story),The Sullivans,False
1945,WRITING (Original Screenplay),Hail the Conquering Hero,False
1945,WRITING (Original Screenplay),The Miracle of Morgan's Creek,False
1945,WRITING (Original Screenplay),Two Girls and a Sailor,False
1945,WRITING (Original Screenplay),Wilson,True
1945,WRITING (Original Screenplay),Wing and a Prayer,False
1945,WRITING (Screenplay),Double Indemnity,False
1945,WRITING (Screenplay),Gaslight,False
1945,WRITING (Screenplay),Going My Way,True
1945,WRITING (Screenplay),Laura,False
1945,WRITING (Screenplay),Meet Me in St. Louis,False
1945,SPECIAL AWARD,,True
1945,SPECIAL AWARD,,True
1945,IRVING G. THALBERG MEMORIAL AWARD,,True
1946,ACTOR,The Bells of St. Mary's,False
1946,ACTOR,Anchors Aweigh,False
1946,ACTOR,The Lost Weekend,True
1946,ACTOR,The Keys of the Kingdom,False
1946,ACTOR,A Song to Remember,False
1946,ACTOR IN A SUPPORTING ROLE,Spellbound,False
1946,ACTOR IN A SUPPORTING ROLE,The Corn Is Green,False
1946,ACTOR IN A SUPPORTING ROLE,A Tree Grows in Brooklyn,True
1946,ACTOR IN A SUPPORTING ROLE,G. I. Joe,False
1946,ACTOR IN A SUPPORTING ROLE,A Medal for Benny,False
1946,ACTRESS,The Bells of St. Mary's,False
1946,ACTRESS,Mildred Pierce,True
1946,ACTRESS,The Valley of Decision,False
1946,ACTRESS,Love Letters,False
1946,ACTRESS,Leave Her to Heaven,False
1946,ACTRESS IN A SUPPORTING ROLE,Mildred Pierce,False
1946,ACTRESS IN A SUPPORTING ROLE,Mildred Pierce,False
1946,ACTRESS IN A SUPPORTING ROLE,The Picture of Dorian Gray,False
1946,ACTRESS IN A SUPPORTING ROLE,The Corn Is Green,False
1946,ACTRESS IN A SUPPORTING ROLE,National Velvet,True
1946,ART DIRECTION (Black-and-White),Blood on the Sun,True
1946,ART DIRECTION (Black-and-White),Experiment Perilous,False
1946,ART DIRECTION (Black-and-White),The Keys of the Kingdom,False
1946,ART DIRECTION (Black-and-White),Love Letters,False
1946,ART DIRECTION (Black-and-White),The Picture of Dorian Gray,False
1946,ART DIRECTION (Color),Frenchman's Creek,True
1946,ART DIRECTION (Color),Leave Her to Heaven,False
1946,ART DIRECTION (Color),National Velvet,False
1946,ART DIRECTION (Color),San Antonio,False
1946,ART DIRECTION (Color),A Thousand and One Nights,False
1946,CINEMATOGRAPHY (Black-and-White),The Keys of the Kingdom,False
1946,CINEMATOGRAPHY (Black-and-White),The Lost Weekend,False
1946,CINEMATOGRAPHY (Black-and-White),Mildred Pierce,False
1946,CINEMATOGRAPHY (Black-and-White),The Picture of Dorian Gray,True
1946,CINEMATOGRAPHY (Black-and-White),Spellbound,False
1946,CINEMATOGRAPHY (Color),Anchors Aweigh,False
1946,CINEMATOGRAPHY (Color),Leave Her to Heaven,True
1946,CINEMATOGRAPHY (Color),National Velvet,False
1946,CINEMATOGRAPHY (Color),A Song to Remember,False
1946,CINEMATOGRAPHY (Color),The Spanish Main,False
1946,DIRECTING,The Bells of St. Mary's,False
1946,DIRECTING,The Lost Weekend,True
1946,DIRECTING,National Velvet,False
1946,DIRECTING,The Southerner,False
1946,DIRECTING,Spellbound,False
1946,DOCUMENTARY (Feature),The Last Bomb,False
1946,DOCUMENTARY (Feature),The True Glory,True
1946,DOCUMENTARY (Short Subject),Hitler Lives?,True
1946,DOCUMENTARY (Short Subject),Library of Congress,False
1946,DOCUMENTARY (Short Subject),To the Shores of Iwo Jima,False
1946,FILM EDITING,The Bells of St. Mary's,False
1946,FILM EDITING,The Lost Weekend,False
1946,FILM EDITING,National Velvet,True
1946,FILM EDITING,"Objective, Burma!",False
1946,FILM EDITING,A Song to Remember,False
1946,MUSIC (Music Score of a Dramatic or Comedy Picture),The Bells of St. Mary's,False
1946,MUSIC (Music Score of a Dramatic or Comedy Picture),Brewster's Millions,False
1946,MUSIC (Music Score of a Dramatic or Comedy Picture),Captain Kidd,False
1946,MUSIC (Music Score of a Dramatic or Comedy Picture),The Enchanted Cottage,False
1946,MUSIC (Music Score of a Dramatic or Comedy Picture),Flame of Barbary Coast,False
1946,MUSIC (Music Score of a Dramatic or Comedy Picture),G. I. Honeymoon,False
1946,MUSIC (Music Score of a Dramatic or Comedy Picture),G. I. Joe,False
1946,MUSIC (Music Score of a Dramatic or Comedy Picture),Guest in the House,False
1946,MUSIC (Music Score of a Dramatic or Comedy Picture),Guest Wife,False
1946,MUSIC (Music Score of a Dramatic or Comedy Picture),The Keys of the Kingdom,False
1946,MUSIC (Music Score of a Dramatic or Comedy Picture),The Lost Weekend,False
1946,MUSIC (Music Score of a Dramatic or Comedy Picture),Love Letters,False
1946,MUSIC (Music Score of a Dramatic or Comedy Picture),The Man Who Walked Alone,False
1946,MUSIC (Music Score of a Dramatic or Comedy Picture),"Objective, Burma!",False
1946,MUSIC (Music Score of a Dramatic or Comedy Picture),Paris--Underground,False
1946,MUSIC (Music Score of a Dramatic or Comedy Picture),A Song to Remember,False
1946,MUSIC (Music Score of a Dramatic or Comedy Picture),The Southerner,False
1946,MUSIC (Music Score of a Dramatic or Comedy Picture),Spellbound,True
1946,MUSIC (Music Score of a Dramatic or Comedy Picture),This Love of Ours,False
1946,MUSIC (Music Score of a Dramatic or Comedy Picture),The Valley of Decision,False
1946,MUSIC (Music Score of a Dramatic or Comedy Picture),The Woman in the Window,False
1946,MUSIC (Scoring of a Musical Picture),Anchors Aweigh,True
1946,MUSIC (Scoring of a Musical Picture),Belle of the Yukon,False
1946,MUSIC (Scoring of a Musical Picture),Can't Help Singing,False
1946,MUSIC (Scoring of a Musical Picture),Hitchhike to Happiness,False
1946,MUSIC (Scoring of a Musical Picture),Incendiary Blonde,False
1946,MUSIC (Scoring of a Musical Picture),Rhapsody in Blue,False
1946,MUSIC (Scoring of a Musical Picture),State Fair,False
1946,MUSIC (Scoring of a Musical Picture),Sunbonnet Sue,False
1946,MUSIC (Scoring of a Musical Picture),The Three Caballeros,False
1946,MUSIC (Scoring of a Musical Picture),Tonight and Every Night,False
1946,MUSIC (Scoring of a Musical Picture),Why Girls Leave Home,False
1946,MUSIC (Scoring of a Musical Picture),Wonder Man,False
1946,MUSIC (Song),Here Come the Waves,False
1946,MUSIC (Song),Tonight and Every Night,False
1946,MUSIC (Song),The Bells of St. Mary's,False
1946,MUSIC (Song),Why Girls Leave Home,False
1946,MUSIC (Song),Earl Carroll Vanities,False
1946,MUSIC (Song),Anchors Aweigh,False
1946,MUSIC (Song),Sing Your Way Home,False
1946,MUSIC (Song),State Fair,True
1946,MUSIC (Song),G. I. Joe,False
1946,MUSIC (Song),Love Letters,False
1946,MUSIC (Song),Can't Help Singing,False
1946,MUSIC (Song),Belle of the Yukon,False
1946,MUSIC (Song),Wonder Man,False
1946,MUSIC (Song),San Antonio,False
1946,BEST MOTION PICTURE,Anchors Aweigh,False
1946,BEST MOTION PICTURE,The Bells of St. Mary's,False
1946,BEST MOTION PICTURE,The Lost Weekend,True
1946,BEST MOTION PICTURE,Mildred Pierce,False
1946,BEST MOTION PICTURE,Spellbound,False
1946,SHORT SUBJECT (Cartoon),Donald's Crime,False
1946,SHORT SUBJECT (Cartoon),Jasper and the Beanstalk,False
1946,SHORT SUBJECT (Cartoon),Life with Feathers,False
1946,SHORT SUBJECT (Cartoon),Mighty Mouse in Gypsy Life,False
1946,SHORT SUBJECT (Cartoon),The Poet and Peasant,False
1946,SHORT SUBJECT (Cartoon),Quiet Please!,True
1946,SHORT SUBJECT (Cartoon),Rippling Romance,False
1946,SHORT SUBJECT (One-reel),Along the Rainbow Trail,False
1946,SHORT SUBJECT (One-reel),Screen Snapshots' 25th Anniversary,False
1946,SHORT SUBJECT (One-reel),Stairway to Light,True
1946,SHORT SUBJECT (One-reel),Story of a Dog,False
1946,SHORT SUBJECT (One-reel),White Rhapsody,False
1946,SHORT SUBJECT (One-reel),Your National Gallery,False
1946,SHORT SUBJECT (Two-reel),A Gun in His Hand,False
1946,SHORT SUBJECT (Two-reel),The Jury Goes Round 'N' Round,False
1946,SHORT SUBJECT (Two-reel),The Little Witch,False
1946,SHORT SUBJECT (Two-reel),Star in the Night,True
1946,SOUND RECORDING,The Bells of St. Mary's,True
1946,SOUND RECORDING,Flame of Barbary Coast,False
1946,SOUND RECORDING,Lady on a Train,False
1946,SOUND RECORDING,Leave Her to Heaven,False
1946,SOUND RECORDING,Rhapsody in Blue,False
1946,SOUND RECORDING,A Song to Remember,False
1946,SOUND RECORDING,The Southerner,False
1946,SOUND RECORDING,They Were Expendable,False
1946,SOUND RECORDING,The Three Caballeros,False
1946,SOUND RECORDING,Three Is a Family,False
1946,SOUND RECORDING,The Unseen,False
1946,SOUND RECORDING,Wonder Man,False
1946,SPECIAL EFFECTS,Captain Eddie,False
1946,SPECIAL EFFECTS,Spellbound,False
1946,SPECIAL EFFECTS,They Were Expendable,False
1946,SPECIAL EFFECTS,A Thousand and One Nights,False
1946,SPECIAL EFFECTS,Wonder Man,True
1946,WRITING (Original Motion Picture Story),The Affairs of Susan,False
1946,WRITING (Original Motion Picture Story),The House on 92nd Street,True
1946,WRITING (Original Motion Picture Story),A Medal for Benny,False
1946,WRITING (Original Motion Picture Story),"Objective, Burma!",False
1946,WRITING (Original Motion Picture Story),A Song to Remember,False
1946,WRITING (Original Screenplay),Dillinger,False
1946,WRITING (Original Screenplay),Marie-Louise,True
1946,WRITING (Original Screenplay),Music for Millions,False
1946,WRITING (Original Screenplay),Salty O'Rourke,False
1946,WRITING (Original Screenplay),"What Next, Corporal Hargrove?",False
1946,WRITING (Screenplay),G. I. Joe,False
1946,WRITING (Screenplay),The Lost Weekend,True
1946,WRITING (Screenplay),Mildred Pierce,False
1946,WRITING (Screenplay),Pride of the Marines,False
1946,WRITING (Screenplay),A Tree Grows in Brooklyn,False
1946,SPECIAL AWARD,,True
1946,SPECIAL AWARD,,True
1946,SPECIAL AWARD,The House I Live In,True
1946,SPECIAL AWARD,,True
1947,ACTOR,The Best Years of Our Lives,True
1947,ACTOR,Henry V,False
1947,ACTOR,The Jolson Story,False
1947,ACTOR,The Yearling,False
1947,ACTOR,It's a Wonderful Life,False
1947,ACTOR IN A SUPPORTING ROLE,The Green Years,False
1947,ACTOR IN A SUPPORTING ROLE,The Jolson Story,False
1947,ACTOR IN A SUPPORTING ROLE,Notorious,False
1947,ACTOR IN A SUPPORTING ROLE,The Best Years of Our Lives,True
1947,ACTOR IN A SUPPORTING ROLE,The Razor's Edge,False
1947,ACTRESS,To Each His Own,True
1947,ACTRESS,Brief Encounter,False
1947,ACTRESS,Duel in the Sun,False
1947,ACTRESS,Sister Kenny,False
1947,ACTRESS,The Yearling,False
1947,ACTRESS IN A SUPPORTING ROLE,The Spiral Staircase,False
1947,ACTRESS IN A SUPPORTING ROLE,The Razor's Edge,True
1947,ACTRESS IN A SUPPORTING ROLE,Duel in the Sun,False
1947,ACTRESS IN A SUPPORTING ROLE,Saratoga Trunk,False
1947,ACTRESS IN A SUPPORTING ROLE,Anna and the King of Siam,False
1947,ART DIRECTION (Black-and-White),Anna and the King of Siam,True
1947,ART DIRECTION (Black-and-White),Kitty,False
1947,ART DIRECTION (Black-and-White),The Razor's Edge,False
1947,ART DIRECTION (Color),Caesar and Cleopatra,False
1947,ART DIRECTION (Color),Henry V,False
1947,ART DIRECTION (Color),The Yearling,True
1947,CINEMATOGRAPHY (Black-and-White),Anna and the King of Siam,True
1947,CINEMATOGRAPHY (Black-and-White),The Green Years,False
1947,CINEMATOGRAPHY (Color),The Jolson Story,False
1947,CINEMATOGRAPHY (Color),The Yearling,True
1947,DIRECTING,The Best Years of Our Lives,True
1947,DIRECTING,Brief Encounter,False
1947,DIRECTING,It's a Wonderful Life,False
1947,DIRECTING,The Killers,False
1947,DIRECTING,The Yearling,False
1947,DOCUMENTARY (Short Subject),Atomic Power,False
1947,DOCUMENTARY (Short Subject),Life at the Zoo,False
1947,DOCUMENTARY (Short Subject),Paramount News Issue #37 (Twentieth Anniversary Issue! 1927.....1947),False
1947,DOCUMENTARY (Short Subject),Seeds of Destiny,True
1947,DOCUMENTARY (Short Subject),Traffic with the Devil,False
1947,FILM EDITING,The Best Years of Our Lives,True
1947,FILM EDITING,It's a Wonderful Life,False
1947,FILM EDITING,The Jolson Story,False
1947,FILM EDITING,The Killers,False
1947,FILM EDITING,The Yearling,False
1947,MUSIC (Music Score of a Dramatic or Comedy Picture),Anna and the King of Siam,False
1947,MUSIC (Music Score of a Dramatic or Comedy Picture),The Best Years of Our Lives,True
1947,MUSIC (Music Score of a Dramatic or Comedy Picture),Henry V,False
1947,MUSIC (Music Score of a Dramatic or Comedy Picture),Humoresque,False
1947,MUSIC (Music Score of a Dramatic or Comedy Picture),The Killers,False
1947,MUSIC (Scoring of a Musical Picture),Blue Skies,False
1947,MUSIC (Scoring of a Musical Picture),Centennial Summer,False
1947,MUSIC (Scoring of a Musical Picture),The Harvey Girls,False
1947,MUSIC (Scoring of a Musical Picture),The Jolson Story,True
1947,MUSIC (Scoring of a Musical Picture),Night and Day,False
1947,MUSIC (Song),Centennial Summer,False
1947,MUSIC (Song),The Dolly Sisters,False
1947,MUSIC (Song),Canyon Passage,False
1947,MUSIC (Song),The Harvey Girls,True
1947,MUSIC (Song),Blue Skies,False
1947,BEST MOTION PICTURE,The Best Years of Our Lives,True
1947,BEST MOTION PICTURE,Henry V,False
1947,BEST MOTION PICTURE,It's a Wonderful Life,False
1947,BEST MOTION PICTURE,The Razor's Edge,False
1947,BEST MOTION PICTURE,The Yearling,False
1947,SHORT SUBJECT (Cartoon),The Cat Concerto,True
1947,SHORT SUBJECT (Cartoon),Chopin's Musical Moments,False
1947,SHORT SUBJECT (Cartoon),John Henry and the Inky Poo,False
1947,SHORT SUBJECT (Cartoon),Squatter's Rights,False
1947,SHORT SUBJECT (Cartoon),Walky Talky Hawky,False
1947,SHORT SUBJECT (One-reel),Dive-Hi Champs,False
1947,SHORT SUBJECT (One-reel),Facing Your Danger,True
1947,SHORT SUBJECT (One-reel),Golden Horses,False
1947,SHORT SUBJECT (One-reel),Smart as a Fox,False
1947,SHORT SUBJECT (One-reel),Sure Cures,False
1947,SHORT SUBJECT (Two-reel),A Boy and His Dog,True
1947,SHORT SUBJECT (Two-reel),College Queen,False
1947,SHORT SUBJECT (Two-reel),Hiss and Yell,False
1947,SHORT SUBJECT (Two-reel),The Luckiest Guy in the World,False
1947,SOUND RECORDING,The Best Years of Our Lives,False
1947,SOUND RECORDING,It's a Wonderful Life,False
1947,SOUND RECORDING,The Jolson Story,True
1947,SPECIAL EFFECTS,Blithe Spirit,True
1947,SPECIAL EFFECTS,A Stolen Life,False
1947,WRITING (Original Motion Picture Story),The Dark Mirror,False
1947,WRITING (Original Motion Picture Story),The Strange Love of Martha Ivers,False
1947,WRITING (Original Motion Picture Story),The Stranger,False
1947,WRITING (Original Motion Picture Story),To Each His Own,False
1947,WRITING (Original Motion Picture Story),Vacation from Marriage,True
1947,WRITING (Original Screenplay),The Blue Dahlia,False
1947,WRITING (Original Screenplay),Children of Paradise,False
1947,WRITING (Original Screenplay),Notorious,False
1947,WRITING (Original Screenplay),Road to Utopia,False
1947,WRITING (Original Screenplay),The Seventh Veil,True
1947,WRITING (Screenplay),Anna and the King of Siam,False
1947,WRITING (Screenplay),The Best Years of Our Lives,True
1947,WRITING (Screenplay),Brief Encounter,False
1947,WRITING (Screenplay),The Killers,False
1947,WRITING (Screenplay),Open City,False
1947,SPECIAL AWARD,Henry V,True
1947,SPECIAL AWARD,The Best Years of Our Lives,True
1947,SPECIAL AWARD,,True
1947,SPECIAL AWARD,,True
1947,IRVING G. THALBERG MEMORIAL AWARD,,True
1948,ACTOR,A Double Life,True
1948,ACTOR,Body and Soul,False
1948,ACTOR,Gentleman's Agreement,False
1948,ACTOR,Life with Father,False
1948,ACTOR,Mourning Becomes Electra,False
1948,ACTOR IN A SUPPORTING ROLE,The Farmer's Daughter,False
1948,ACTOR IN A SUPPORTING ROLE,Ride the Pink Horse,False
1948,ACTOR IN A SUPPORTING ROLE,Miracle on 34th Street,True
1948,ACTOR IN A SUPPORTING ROLE,Crossfire,False
1948,ACTOR IN A SUPPORTING ROLE,Kiss of Death,False
1948,ACTRESS,Possessed,False
1948,ACTRESS,Smash-Up--The Story of a Woman,False
1948,ACTRESS,Gentleman's Agreement,False
1948,ACTRESS,Mourning Becomes Electra,False
1948,ACTRESS,The Farmer's Daughter,True
1948,ACTRESS IN A SUPPORTING ROLE,The Paradine Case,False
1948,ACTRESS IN A SUPPORTING ROLE,Crossfire,False
1948,ACTRESS IN A SUPPORTING ROLE,Gentleman's Agreement,True
1948,ACTRESS IN A SUPPORTING ROLE,The Egg and I,False
1948,ACTRESS IN A SUPPORTING ROLE,Gentleman's Agreement,False
1948,ART DIRECTION (Black-and-White),The Foxes of Harrow,False
1948,ART DIRECTION (Black-and-White),Great Expectations,True
1948,ART DIRECTION (Color),Black Narcissus,True
1948,ART DIRECTION (Color),Life with Father,False
1948,CINEMATOGRAPHY (Black-and-White),The Ghost and Mrs. Muir,False
1948,CINEMATOGRAPHY (Black-and-White),Great Expectations,True
1948,CINEMATOGRAPHY (Black-and-White),Green Dolphin Street,False
1948,CINEMATOGRAPHY (Color),Black Narcissus,True
1948,CINEMATOGRAPHY (Color),Life with Father,False
1948,CINEMATOGRAPHY (Color),Mother Wore Tights,False
1948,DIRECTING,The Bishop's Wife,False
1948,DIRECTING,Crossfire,False
1948,DIRECTING,A Double Life,False
1948,DIRECTING,Gentleman's Agreement,True
1948,DIRECTING,Great Expectations,False
1948,DOCUMENTARY (Feature),Design for Death,True
1948,DOCUMENTARY (Feature),Journey into Medicine,False
1948,DOCUMENTARY (Feature),The World Is Rich,False
1948,DOCUMENTARY (Short Subject),First Steps,True
1948,DOCUMENTARY (Short Subject),Passport to Nowhere,False
1948,DOCUMENTARY (Short Subject),School in the Mailbox,False
1948,FILM EDITING,The Bishop's Wife,False
1948,FILM EDITING,Body and Soul,True
1948,FILM EDITING,Gentleman's Agreement,False
1948,FILM EDITING,Green Dolphin Street,False
1948,FILM EDITING,Odd Man Out,False
1948,MUSIC (Music Score of a Dramatic or Comedy Picture),The Bishop's Wife,False
1948,MUSIC (Music Score of a Dramatic or Comedy Picture),Captain from Castile,False
1948,MUSIC (Music Score of a Dramatic or Comedy Picture),A Double Life,True
1948,MUSIC (Music Score of a Dramatic or Comedy Picture),Forever Amber,False
1948,MUSIC (Music Score of a Dramatic or Comedy Picture),Life with Father,False
1948,MUSIC (Scoring of a Musical Picture),Fiesta,False
1948,MUSIC (Scoring of a Musical Picture),Mother Wore Tights,True
1948,MUSIC (Scoring of a Musical Picture),My Wild Irish Rose,False
1948,MUSIC (Scoring of a Musical Picture),Road to Rio,False
1948,MUSIC (Scoring of a Musical Picture),Song of the South,False
1948,MUSIC (Song),"The Time, the Place and the Girl",False
1948,MUSIC (Song),The Perils of Pauline,False
1948,MUSIC (Song),Good News,False
1948,MUSIC (Song),Mother Wore Tights,False
1948,MUSIC (Song),Song of the South,True
1948,BEST MOTION PICTURE,The Bishop's Wife,False
1948,BEST MOTION PICTURE,Crossfire,False
1948,BEST MOTION PICTURE,Gentleman's Agreement,True
1948,BEST MOTION PICTURE,Great Expectations,False
1948,BEST MOTION PICTURE,Miracle on 34th Street,False
1948,SHORT SUBJECT (Cartoon),Chip An' Dale,False
1948,SHORT SUBJECT (Cartoon),Dr. Jekyll and Mr. Mouse,False
1948,SHORT SUBJECT (Cartoon),Pluto's Blue Note,False
1948,SHORT SUBJECT (Cartoon),Tubby the Tuba,False
1948,SHORT SUBJECT (Cartoon),Tweetie Pie,True
1948,SHORT SUBJECT (One-reel),"Brooklyn, U.S.A.",False
1948,SHORT SUBJECT (One-reel),Good-bye Miss Turlock,True
1948,SHORT SUBJECT (One-reel),Moon Rockets,False
1948,SHORT SUBJECT (One-reel),Now You See It,False
1948,SHORT SUBJECT (One-reel),So You Want to Be in Pictures,False
1948,SHORT SUBJECT (Two-reel),Champagne for Two,False
1948,SHORT SUBJECT (Two-reel),Climbing the Matterhorn,True
1948,SHORT SUBJECT (Two-reel),Fight of the Wild Stallions,False
1948,SHORT SUBJECT (Two-reel),Give Us the Earth,False
1948,SHORT SUBJECT (Two-reel),A Voice Is Born: The Story of Niklos Gafni,False
1948,SOUND RECORDING,The Bishop's Wife,True
1948,SOUND RECORDING,Green Dolphin Street,False
1948,SOUND RECORDING,T-Men,False
1948,SPECIAL EFFECTS,Green Dolphin Street,True
1948,SPECIAL EFFECTS,Unconquered,False
1948,WRITING (Motion Picture Story),A Cage of Nightingales,False
1948,WRITING (Motion Picture Story),It Happened on Fifth Avenue,False
1948,WRITING (Motion Picture Story),Kiss of Death,False
1948,WRITING (Motion Picture Story),Miracle on 34th Street,True
1948,WRITING (Motion Picture Story),Smash-Up--The Story of a Woman,False
1948,WRITING (Original Screenplay),The Bachelor and the Bobby-Soxer,True
1948,WRITING (Original Screenplay),Body and Soul,False
1948,WRITING (Original Screenplay),A Double Life,False
1948,WRITING (Original Screenplay),Monsieur Verdoux,False
1948,WRITING (Original Screenplay),Shoe-Shine,False
1948,WRITING (Screenplay),Boomerang!,False
1948,WRITING (Screenplay),Crossfire,False
1948,WRITING (Screenplay),Gentleman's Agreement,False
1948,WRITING (Screenplay),Great Expectations,False
1948,WRITING (Screenplay),Miracle on 34th Street,True
1948,SPECIAL AWARD,Song of the South,True
1948,SPECIAL AWARD,Bill and Coo,True
1948,SPECIAL AWARD,Shoe-Shine,True
1948,SPECIAL AWARD,,True
1949,ACTOR,Johnny Belinda,False
1949,ACTOR,The Search,False
1949,ACTOR,When My Baby Smiles at Me,False
1949,ACTOR,Hamlet,True
1949,ACTOR,Sitting Pretty,False
1949,ACTOR IN A SUPPORTING ROLE,Johnny Belinda,False
1949,ACTOR IN A SUPPORTING ROLE,Joan of Arc,False
1949,ACTOR IN A SUPPORTING ROLE,I Remember Mama,False
1949,ACTOR IN A SUPPORTING ROLE,The Treasure of the Sierra Madre,True
1949,ACTOR IN A SUPPORTING ROLE,The Luck of the Irish,False
1949,ACTRESS,Joan of Arc,False
1949,ACTRESS,The Snake Pit,False
1949,ACTRESS,I Remember Mama,False
1949,ACTRESS,"Sorry, Wrong Number",False
1949,ACTRESS,Johnny Belinda,True
1949,ACTRESS IN A SUPPORTING ROLE,I Remember Mama,False
1949,ACTRESS IN A SUPPORTING ROLE,I Remember Mama,False
1949,ACTRESS IN A SUPPORTING ROLE,Johnny Belinda,False
1949,ACTRESS IN A SUPPORTING ROLE,Hamlet,False
1949,ACTRESS IN A SUPPORTING ROLE,Key Largo,True
1949,ART DIRECTION (Black-and-White),Hamlet,True
1949,ART DIRECTION (Black-and-White),Johnny Belinda,False
1949,ART DIRECTION (Color),Joan of Arc,False
1949,ART DIRECTION (Color),The Red Shoes,True
1949,CINEMATOGRAPHY (Black-and-White),A Foreign Affair,False
1949,CINEMATOGRAPHY (Black-and-White),I Remember Mama,False
1949,CINEMATOGRAPHY (Black-and-White),Johnny Belinda,False
1949,CINEMATOGRAPHY (Black-and-White),The Naked City,True
1949,CINEMATOGRAPHY (Black-and-White),Portrait of Jennie,False
1949,CINEMATOGRAPHY (Color),Green Grass of Wyoming,False
1949,CINEMATOGRAPHY (Color),Joan of Arc,True
1949,CINEMATOGRAPHY (Color),The Loves of Carmen,False
1949,CINEMATOGRAPHY (Color),The Three Musketeers,False
1949,COSTUME DESIGN (Black-and-White),B. F.'s Daughter,False
1949,COSTUME DESIGN (Black-and-White),Hamlet,True
1949,COSTUME DESIGN (Color),The Emperor Waltz,False
1949,COSTUME DESIGN (Color),Joan of Arc,True
1949,DIRECTING,Hamlet,False
1949,DIRECTING,Johnny Belinda,False
1949,DIRECTING,The Search,False
1949,DIRECTING,The Snake Pit,False
1949,DIRECTING,The Treasure of the Sierra Madre,True
1949,DOCUMENTARY (Feature),The Quiet One,False
1949,DOCUMENTARY (Feature),The Secret Land,True
1949,DOCUMENTARY (Short Subject),Heart to Heart,False
1949,DOCUMENTARY (Short Subject),Operation Vittles,False
1949,DOCUMENTARY (Short Subject),Toward Independence,True
1949,FILM EDITING,Joan of Arc,False
1949,FILM EDITING,Johnny Belinda,False
1949,FILM EDITING,The Naked City,True
1949,FILM EDITING,Red River,False
1949,FILM EDITING,The Red Shoes,False
1949,MUSIC (Music Score of a Dramatic or Comedy Picture),Hamlet,False
1949,MUSIC (Music Score of a Dramatic or Comedy Picture),Joan of Arc,False
1949,MUSIC (Music Score of a Dramatic or Comedy Picture),Johnny Belinda,False
1949,MUSIC (Music Score of a Dramatic or Comedy Picture),The Red Shoes,True
1949,MUSIC (Music Score of a Dramatic or Comedy Picture),The Snake Pit,False
1949,MUSIC (Scoring of a Musical Picture),Easter Parade,True
1949,MUSIC (Scoring of a Musical Picture),The Emperor Waltz,False
1949,MUSIC (Scoring of a Musical Picture),The Pirate,False
1949,MUSIC (Scoring of a Musical Picture),Romance on the High Seas,False
1949,MUSIC (Scoring of a Musical Picture),When My Baby Smiles at Me,False
1949,MUSIC (Song),The Paleface,True
1949,MUSIC (Song),Casbah,False
1949,MUSIC (Song),Romance on the High Seas,False
1949,MUSIC (Song),That Lady in Ermine,False
1949,MUSIC (Song),Wet Blanket Policy,False
1949,BEST MOTION PICTURE,Hamlet,True
1949,BEST MOTION PICTURE,Johnny Belinda,False
1949,BEST MOTION PICTURE,The Red Shoes,False
1949,BEST MOTION PICTURE,The Snake Pit,False
1949,BEST MOTION PICTURE,The Treasure of the Sierra Madre,False
1949,SHORT SUBJECT (Cartoon),The Little Orphan,True
1949,SHORT SUBJECT (Cartoon),Mickey and the Seal,False
1949,SHORT SUBJECT (Cartoon),Mouse Wreckers,False
1949,SHORT SUBJECT (Cartoon),Robin Hoodlum,False
1949,SHORT SUBJECT (Cartoon),Tea for Two Hundred,False
1949,SHORT SUBJECT (One-reel),Annie Was a Wonder,False
1949,SHORT SUBJECT (One-reel),Cinderella Horse,False
1949,SHORT SUBJECT (One-reel),So You Want to Be on the Radio,False
1949,SHORT SUBJECT (One-reel),Symphony of a City,True
1949,SHORT SUBJECT (One-reel),You Can't Win,False
1949,SHORT SUBJECT (Two-reel),Calgary Stampede,False
1949,SHORT SUBJECT (Two-reel),Going to Blazes,False
1949,SHORT SUBJECT (Two-reel),Samba-Mania,False
1949,SHORT SUBJECT (Two-reel),Seal Island,True
1949,SHORT SUBJECT (Two-reel),Snow Capers,False
1949,SOUND RECORDING,Johnny Belinda,False
1949,SOUND RECORDING,Moonrise,False
1949,SOUND RECORDING,The Snake Pit,True
1949,SPECIAL EFFECTS,Deep Waters,False
1949,SPECIAL EFFECTS,Portrait of Jennie,True
1949,WRITING (Motion Picture Story),Louisiana Story,False
1949,WRITING (Motion Picture Story),The Naked City,False
1949,WRITING (Motion Picture Story),Red River,False
1949,WRITING (Motion Picture Story),The Red Shoes,False
1949,WRITING (Motion Picture Story),The Search,True
1949,WRITING (Screenplay),A Foreign Affair,False
1949,WRITING (Screenplay),Johnny Belinda,False
1949,WRITING (Screenplay),The Search,False
1949,WRITING (Screenplay),The Snake Pit,False
1949,WRITING (Screenplay),The Treasure of the Sierra Madre,True
1949,SPECIAL FOREIGN LANGUAGE FILM AWARD,Monsieur Vincent,True
1949,SPECIAL AWARD,The Search,True
1949,SPECIAL AWARD,,True
1949,SPECIAL AWARD,,True
1949,SPECIAL AWARD,Joan of Arc,True
1949,SPECIAL AWARD,,True
1949,IRVING G. THALBERG MEMORIAL AWARD,,True
1950,ACTOR,All the King's Men,True
1950,ACTOR,Champion,False
1950,ACTOR,Twelve O'Clock High,False
1950,ACTOR,The Hasty Heart,False
1950,ACTOR,Sands of Iwo Jima,False
1950,ACTOR IN A SUPPORTING ROLE,All the King's Men,False
1950,ACTOR IN A SUPPORTING ROLE,Twelve O'Clock High,True
1950,ACTOR IN A SUPPORTING ROLE,Champion,False
1950,ACTOR IN A SUPPORTING ROLE,The Heiress,False
1950,ACTOR IN A SUPPORTING ROLE,Battleground,False
1950,ACTRESS,Pinky,False
1950,ACTRESS,The Heiress,True
1950,ACTRESS,My Foolish Heart,False
1950,ACTRESS,"Edward, My Son",False
1950,ACTRESS,Come to the Stable,False
1950,ACTRESS IN A SUPPORTING ROLE,Pinky,False
1950,ACTRESS IN A SUPPORTING ROLE,Come to the Stable,False
1950,ACTRESS IN A SUPPORTING ROLE,Come to the Stable,False
1950,ACTRESS IN A SUPPORTING ROLE,All the King's Men,True
1950,ACTRESS IN A SUPPORTING ROLE,Pinky,False
1950,ART DIRECTION (Black-and-White),Come to the Stable,False
1950,ART DIRECTION (Black-and-White),The Heiress,True
1950,ART DIRECTION (Black-and-White),Madame Bovary,False
1950,ART DIRECTION (Color),The Adventures of Don Juan,False
1950,ART DIRECTION (Color),Little Women,True
1950,ART DIRECTION (Color),Saraband,False
1950,CINEMATOGRAPHY (Black-and-White),Battleground,True
1950,CINEMATOGRAPHY (Black-and-White),Champion,False
1950,CINEMATOGRAPHY (Black-and-White),Come to the Stable,False
1950,CINEMATOGRAPHY (Black-and-White),The Heiress,False
1950,CINEMATOGRAPHY (Black-and-White),Prince of Foxes,False
1950,CINEMATOGRAPHY (Color),The Barkleys of Broadway,False
1950,CINEMATOGRAPHY (Color),Jolson Sings Again,False
1950,CINEMATOGRAPHY (Color),Little Women,False
1950,CINEMATOGRAPHY (Color),Sand,False
1950,CINEMATOGRAPHY (Color),She Wore a Yellow Ribbon,True
1950,COSTUME DESIGN (Black-and-White),The Heiress,True
1950,COSTUME DESIGN (Black-and-White),Prince of Foxes,False
1950,COSTUME DESIGN (Color),The Adventures of Don Juan,True
1950,COSTUME DESIGN (Color),Mother Is a Freshman,False
1950,DIRECTING,All the King's Men,False
1950,DIRECTING,Battleground,False
1950,DIRECTING,The Fallen Idol,False
1950,DIRECTING,The Heiress,False
1950,DIRECTING,A Letter to Three Wives,True
1950,DOCUMENTARY (Feature),Daybreak in Udi,True
1950,DOCUMENTARY (Feature),Kenji Comes Home,False
1950,DOCUMENTARY (Short Subject),A Chance to Live,True
1950,DOCUMENTARY (Short Subject),1848,False
1950,DOCUMENTARY (Short Subject),The Rising Tide,False
1950,DOCUMENTARY (Short Subject),So Much for So Little,True
1950,FILM EDITING,All the King's Men,False
1950,FILM EDITING,Battleground,False
1950,FILM EDITING,Champion,True
1950,FILM EDITING,Sands of Iwo Jima,False
1950,FILM EDITING,The Window,False
1950,MUSIC (Music Score of a Dramatic or Comedy Picture),Beyond the Forest,False
1950,MUSIC (Music Score of a Dramatic or Comedy Picture),Champion,False
1950,MUSIC (Music Score of a Dramatic or Comedy Picture),The Heiress,True
1950,MUSIC (Scoring of a Musical Picture),Jolson Sings Again,False
1950,MUSIC (Scoring of a Musical Picture),Look for the Silver Lining,False
1950,MUSIC (Scoring of a Musical Picture),On the Town,True
1950,MUSIC (Song),Neptune's Daughter,True
1950,MUSIC (Song),It's a Great Feeling,False
1950,MUSIC (Song),So Dear to My Heart,False
1950,MUSIC (Song),My Foolish Heart,False
1950,MUSIC (Song),Come to the Stable,False
1950,BEST MOTION PICTURE,All the King's Men,True
1950,BEST MOTION PICTURE,Battleground,False
1950,BEST MOTION PICTURE,The Heiress,False
1950,BEST MOTION PICTURE,A Letter to Three Wives,False
1950,BEST MOTION PICTURE,Twelve O'Clock High,False
1950,SHORT SUBJECT (Cartoon),Canary Row,False
1950,SHORT SUBJECT (Cartoon),For Scent-Imental Reasons,True
1950,SHORT SUBJECT (Cartoon),Hatch Up Your Troubles,False
1950,SHORT SUBJECT (Cartoon),The Magic Fluke,False
1950,SHORT SUBJECT (Cartoon),Toy Tinkers,False
1950,SHORT SUBJECT (One-reel),Aquatic House-Party,True
1950,SHORT SUBJECT (One-reel),Roller Derby Girl,False
1950,SHORT SUBJECT (One-reel),So You Think You're Not Guilty,False
1950,SHORT SUBJECT (One-reel),Spills and Chills,False
1950,SHORT SUBJECT (One-reel),Water Trix,False
1950,SHORT SUBJECT (Two-reel),The Boy and the Eagle,False
1950,SHORT SUBJECT (Two-reel),Chase of Death,False
1950,SHORT SUBJECT (Two-reel),The Grass Is Always Greener,False
1950,SHORT SUBJECT (Two-reel),Snow Carnival,False
1950,SHORT SUBJECT (Two-reel),Van Gogh,True
1950,SOUND RECORDING,"Once More, My Darling",False
1950,SOUND RECORDING,Sands of Iwo Jima,False
1950,SOUND RECORDING,Twelve O'Clock High,True
1950,SPECIAL EFFECTS,Mighty Joe Young,True
1950,SPECIAL EFFECTS,Tulsa,False
1950,WRITING (Motion Picture Story),Come to the Stable,False
1950,WRITING (Motion Picture Story),It Happens Every Spring,False
1950,WRITING (Motion Picture Story),Sands of Iwo Jima,False
1950,WRITING (Motion Picture Story),The Stratton Story,True
1950,WRITING (Motion Picture Story),White Heat,False
1950,WRITING (Screenplay),All the King's Men,False
1950,WRITING (Screenplay),The Bicycle Thief,False
1950,WRITING (Screenplay),Champion,False
1950,WRITING (Screenplay),The Fallen Idol,False
1950,WRITING (Screenplay),A Letter to Three Wives,True
1950,WRITING (Story and Screenplay),Battleground,True
1950,WRITING (Story and Screenplay),Jolson Sings Again,False
1950,WRITING (Story and Screenplay),Paisan,False
1950,WRITING (Story and Screenplay),Passport to Pimlico,False
1950,WRITING (Story and Screenplay),The Quiet One,False
1950,SPECIAL FOREIGN LANGUAGE FILM AWARD,The Bicycle Thief,True
1950,SPECIAL AWARD,,True
1950,SPECIAL AWARD,,True
1950,SPECIAL AWARD,,True
1950,SPECIAL AWARD,,True
1951,ACTOR,The Magnificent Yankee,False
1951,ACTOR,Cyrano de Bergerac,True
1951,ACTOR,Sunset Blvd.,False
1951,ACTOR,Harvey,False
1951,ACTOR,Father of the Bride,False
1951,ACTOR IN A SUPPORTING ROLE,Broken Arrow,False
1951,ACTOR IN A SUPPORTING ROLE,Mister 880,False
1951,ACTOR IN A SUPPORTING ROLE,The Asphalt Jungle,False
1951,ACTOR IN A SUPPORTING ROLE,All about Eve,True
1951,ACTOR IN A SUPPORTING ROLE,Sunset Blvd.,False
1951,ACTRESS,All about Eve,False
1951,ACTRESS,All about Eve,False
1951,ACTRESS,Born Yesterday,True
1951,ACTRESS,Caged,False
1951,ACTRESS,Sunset Blvd.,False
1951,ACTRESS IN A SUPPORTING ROLE,Caged,False
1951,ACTRESS IN A SUPPORTING ROLE,All about Eve,False
1951,ACTRESS IN A SUPPORTING ROLE,Harvey,True
1951,ACTRESS IN A SUPPORTING ROLE,Sunset Blvd.,False
1951,ACTRESS IN A SUPPORTING ROLE,All about Eve,False
1951,ART DIRECTION (Black-and-White),All about Eve,False
1951,ART DIRECTION (Black-and-White),The Red Danube,False
1951,ART DIRECTION (Black-and-White),Sunset Blvd.,True
1951,ART DIRECTION (Color),Annie Get Your Gun,False
1951,ART DIRECTION (Color),Destination Moon,False
1951,ART DIRECTION (Color),Samson and Delilah,True
1951,CINEMATOGRAPHY (Black-and-White),All about Eve,False
1951,CINEMATOGRAPHY (Black-and-White),The Asphalt Jungle,False
1951,CINEMATOGRAPHY (Black-and-White),The Furies,False
1951,CINEMATOGRAPHY (Black-and-White),Sunset Blvd.,False
1951,CINEMATOGRAPHY (Black-and-White),The Third Man,True
1951,CINEMATOGRAPHY (Color),Annie Get Your Gun,False
1951,CINEMATOGRAPHY (Color),Broken Arrow,False
1951,CINEMATOGRAPHY (Color),The Flame and the Arrow,False
1951,CINEMATOGRAPHY (Color),King Solomon's Mines,True
1951,CINEMATOGRAPHY (Color),Samson and Delilah,False
1951,COSTUME DESIGN (Black-and-White),All about Eve,True
1951,COSTUME DESIGN (Black-and-White),Born Yesterday,False
1951,COSTUME DESIGN (Black-and-White),The Magnificent Yankee,False
1951,COSTUME DESIGN (Color),The Black Rose,False
1951,COSTUME DESIGN (Color),Samson and Delilah,True
1951,COSTUME DESIGN (Color),That Forsyte Woman,False
1951,DIRECTING,All about Eve,True
1951,DIRECTING,The Asphalt Jungle,False
1951,DIRECTING,Born Yesterday,False
1951,DIRECTING,Sunset Blvd.,False
1951,DIRECTING,The Third Man,False
1951,DOCUMENTARY (Feature),The Titan: Story of Michelangelo,True
1951,DOCUMENTARY (Feature),With These Hands,False
1951,DOCUMENTARY (Short Subject),The Fight: Science against Cancer,False
1951,DOCUMENTARY (Short Subject),The Stairs,False
1951,DOCUMENTARY (Short Subject),Why Korea?,True
1951,FILM EDITING,All about Eve,False
1951,FILM EDITING,Annie Get Your Gun,False
1951,FILM EDITING,King Solomon's Mines,True
1951,FILM EDITING,Sunset Blvd.,False
1951,FILM EDITING,The Third Man,False
1951,MUSIC (Music Score of a Dramatic or Comedy Picture),All about Eve,False
1951,MUSIC (Music Score of a Dramatic or Comedy Picture),The Flame and the Arrow,False
1951,MUSIC (Music Score of a Dramatic or Comedy Picture),No Sad Songs for Me,False
1951,MUSIC (Music Score of a Dramatic or Comedy Picture),Samson and Delilah,False
1951,MUSIC (Music Score of a Dramatic or Comedy Picture),Sunset Blvd.,True
1951,MUSIC (Scoring of a Musical Picture),Annie Get Your Gun,True
1951,MUSIC (Scoring of a Musical Picture),Cinderella,False
1951,MUSIC (Scoring of a Musical Picture),I'll Get By,False
1951,MUSIC (Scoring of a Musical Picture),Three Little Words,False
1951,MUSIC (Scoring of a Musical Picture),The West Point Story,False
1951,MUSIC (Song),The Toast of New Orleans,False
1951,MUSIC (Song),Cinderella,False
1951,MUSIC (Song),"Captain Carey, U.S.A.",True
1951,MUSIC (Song),Singing Guns,False
1951,MUSIC (Song),Wabash Avenue,False
1951,BEST MOTION PICTURE,All about Eve,True
1951,BEST MOTION PICTURE,Born Yesterday,False
1951,BEST MOTION PICTURE,Father of the Bride,False
1951,BEST MOTION PICTURE,King Solomon's Mines,False
1951,BEST MOTION PICTURE,Sunset Blvd.,False
1951,SHORT SUBJECT (Cartoon),Gerald McBoing-Boing,True
1951,SHORT SUBJECT (Cartoon),Jerry's Cousin,False
1951,SHORT SUBJECT (Cartoon),Trouble Indemnity,False
1951,SHORT SUBJECT (One-reel),Blaze Busters,False
1951,SHORT SUBJECT (One-reel),Grandad of Races,True
1951,SHORT SUBJECT (One-reel),Wrong Way Butch,False
1951,SHORT SUBJECT (Two-reel),Grandma Moses,False
1951,SHORT SUBJECT (Two-reel),In Beaver Valley,True
1951,SHORT SUBJECT (Two-reel),My Country 'Tis of Thee,False
1951,SOUND RECORDING,All about Eve,True
1951,SOUND RECORDING,Cinderella,False
1951,SOUND RECORDING,Louisa,False
1951,SOUND RECORDING,Our Very Own,False
1951,SOUND RECORDING,Trio,False
1951,SPECIAL EFFECTS,Destination Moon,True
1951,SPECIAL EFFECTS,Samson and Delilah,False
1951,WRITING (Motion Picture Story),Bitter Rice,False
1951,WRITING (Motion Picture Story),The Gunfighter,False
1951,WRITING (Motion Picture Story),Mystery Street,False
1951,WRITING (Motion Picture Story),Panic in the Streets,True
1951,WRITING (Motion Picture Story),When Willie Comes Marching Home,False
1951,WRITING (Screenplay),All about Eve,True
1951,WRITING (Screenplay),The Asphalt Jungle,False
1951,WRITING (Screenplay),Born Yesterday,False
1951,WRITING (Screenplay),Broken Arrow,False
1951,WRITING (Screenplay),Father of the Bride,False
1951,WRITING (Story and Screenplay),Adam's Rib,False
1951,WRITING (Story and Screenplay),Caged,False
1951,WRITING (Story and Screenplay),The Men,False
1951,WRITING (Story and Screenplay),No Way Out,False
1951,WRITING (Story and Screenplay),Sunset Blvd.,True
1951,HONORARY FOREIGN LANGUAGE FILM AWARD,The Walls of Malapaga,True
1951,HONORARY AWARD,,True
1951,HONORARY AWARD,,True
1951,IRVING G. THALBERG MEMORIAL AWARD,,True
1952,ACTOR,The African Queen,True
1952,ACTOR,A Streetcar Named Desire,False
1952,ACTOR,A Place in the Sun,False
1952,ACTOR,Bright Victory,False
1952,ACTOR,Death of a Salesman,False
1952,ACTOR IN A SUPPORTING ROLE,Quo Vadis,False
1952,ACTOR IN A SUPPORTING ROLE,Death of a Salesman,False
1952,ACTOR IN A SUPPORTING ROLE,A Streetcar Named Desire,True
1952,ACTOR IN A SUPPORTING ROLE,Quo Vadis,False
1952,ACTOR IN A SUPPORTING ROLE,Come Fill the Cup,False
1952,ACTRESS,The African Queen,False
1952,ACTRESS,A Streetcar Named Desire,True
1952,ACTRESS,Detective Story,False
1952,ACTRESS,A Place in the Sun,False
1952,ACTRESS,The Blue Veil,False
1952,ACTRESS IN A SUPPORTING ROLE,The Blue Veil,False
1952,ACTRESS IN A SUPPORTING ROLE,Death of a Salesman,False
1952,ACTRESS IN A SUPPORTING ROLE,Detective Story,False
1952,ACTRESS IN A SUPPORTING ROLE,A Streetcar Named Desire,True
1952,ACTRESS IN A SUPPORTING ROLE,The Mating Season,False
1952,ART DIRECTION (Black-and-White),Fourteen Hours,False
1952,ART DIRECTION (Black-and-White),House on Telegraph Hill,False
1952,ART DIRECTION (Black-and-White),La Ronde,False
1952,ART DIRECTION (Black-and-White),A Streetcar Named Desire,True
1952,ART DIRECTION (Black-and-White),Too Young to Kiss,False
1952,ART DIRECTION (Color),An American in Paris,True
1952,ART DIRECTION (Color),David and Bathsheba,False
1952,ART DIRECTION (Color),On the Riviera,False
1952,ART DIRECTION (Color),Quo Vadis,False
1952,ART DIRECTION (Color),Tales of Hoffmann,False
1952,CINEMATOGRAPHY (Black-and-White),Death of a Salesman,False
1952,CINEMATOGRAPHY (Black-and-White),The Frogmen,False
1952,CINEMATOGRAPHY (Black-and-White),A Place in the Sun,True
1952,CINEMATOGRAPHY (Black-and-White),Strangers on a Train,False
1952,CINEMATOGRAPHY (Black-and-White),A Streetcar Named Desire,False
1952,CINEMATOGRAPHY (Color),An American in Paris,True
1952,CINEMATOGRAPHY (Color),David and Bathsheba,False
1952,CINEMATOGRAPHY (Color),Quo Vadis,False
1952,CINEMATOGRAPHY (Color),Show Boat,False
1952,CINEMATOGRAPHY (Color),When Worlds Collide,False
1952,COSTUME DESIGN (Black-and-White),Kind Lady,False
1952,COSTUME DESIGN (Black-and-White),The Model and the Marriage Broker,False
1952,COSTUME DESIGN (Black-and-White),The Mudlark,False
1952,COSTUME DESIGN (Black-and-White),A Place in the Sun,True
1952,COSTUME DESIGN (Black-and-White),A Streetcar Named Desire,False
1952,COSTUME DESIGN (Color),An American in Paris,True
1952,COSTUME DESIGN (Color),David and Bathsheba,False
1952,COSTUME DESIGN (Color),The Great Caruso,False
1952,COSTUME DESIGN (Color),Quo Vadis,False
1952,COSTUME DESIGN (Color),Tales of Hoffmann,False
1952,DIRECTING,The African Queen,False
1952,DIRECTING,An American in Paris,False
1952,DIRECTING,Detective Story,False
1952,DIRECTING,A Place in the Sun,True
1952,DIRECTING,A Streetcar Named Desire,False
1952,DOCUMENTARY (Feature),I Was a Communist for the F.B.I.,False
1952,DOCUMENTARY (Feature),Kon-Tiki,True
1952,DOCUMENTARY (Short Subject),Benjy,True
1952,DOCUMENTARY (Short Subject),One Who Came Back,False
1952,DOCUMENTARY (Short Subject),The Seeing Eye,False
1952,FILM EDITING,An American in Paris,False
1952,FILM EDITING,Decision before Dawn,False
1952,FILM EDITING,A Place in the Sun,True
1952,FILM EDITING,Quo Vadis,False
1952,FILM EDITING,The Well,False
1952,MUSIC (Music Score of a Dramatic or Comedy Picture),David and Bathsheba,False
1952,MUSIC (Music Score of a Dramatic or Comedy Picture),Death of a Salesman,False
1952,MUSIC (Music Score of a Dramatic or Comedy Picture),A Place in the Sun,True
1952,MUSIC (Music Score of a Dramatic or Comedy Picture),Quo Vadis,False
1952,MUSIC (Music Score of a Dramatic or Comedy Picture),A Streetcar Named Desire,False
1952,MUSIC (Scoring of a Musical Picture),Alice in Wonderland,False
1952,MUSIC (Scoring of a Musical Picture),An American in Paris,True
1952,MUSIC (Scoring of a Musical Picture),The Great Caruso,False
1952,MUSIC (Scoring of a Musical Picture),On the Riviera,False
1952,MUSIC (Scoring of a Musical Picture),Show Boat,False
1952,MUSIC (Song),Here Comes the Groom,True
1952,MUSIC (Song),The Strip,False
1952,MUSIC (Song),Golden Girl,False
1952,MUSIC (Song),Royal Wedding,False
1952,MUSIC (Song),"Rich, Young and Pretty",False
1952,BEST MOTION PICTURE,An American in Paris,True
1952,BEST MOTION PICTURE,Decision before Dawn,False
1952,BEST MOTION PICTURE,A Place in the Sun,False
1952,BEST MOTION PICTURE,Quo Vadis,False
1952,BEST MOTION PICTURE,A Streetcar Named Desire,False
1952,SHORT SUBJECT (Cartoon),"Lambert, the Sheepish Lion",False
1952,SHORT SUBJECT (Cartoon),Rooty Toot Toot,False
1952,SHORT SUBJECT (Cartoon),The Two Mouseketeers,True
1952,SHORT SUBJECT (One-reel),Ridin' the Rails,False
1952,SHORT SUBJECT (One-reel),The Story of Time,False
1952,SHORT SUBJECT (One-reel),World of Kids,True
1952,SHORT SUBJECT (Two-reel),Balzac,False
1952,SHORT SUBJECT (Two-reel),Danger under the Sea,False
1952,SHORT SUBJECT (Two-reel),Nature's Half Acre,True
1952,SOUND RECORDING,Bright Victory,False
1952,SOUND RECORDING,The Great Caruso,True
1952,SOUND RECORDING,I Want You,False
1952,SOUND RECORDING,A Streetcar Named Desire,False
1952,SOUND RECORDING,Two Tickets to Broadway,False
1952,SPECIAL EFFECTS,When Worlds Collide,True
1952,WRITING (Motion Picture Story),Bullfighter and the Lady,False
1952,WRITING (Motion Picture Story),The Frogmen,False
1952,WRITING (Motion Picture Story),Here Comes the Groom,False
1952,WRITING (Motion Picture Story),Seven Days to Noon,True
1952,WRITING (Motion Picture Story),Teresa,False
1952,WRITING (Screenplay),The African Queen,False
1952,WRITING (Screenplay),Detective Story,False
1952,WRITING (Screenplay),La Ronde,False
1952,WRITING (Screenplay),A Place in the Sun,True
1952,WRITING (Screenplay),A Streetcar Named Desire,False
1952,WRITING (Story and Screenplay),An American in Paris,True
1952,WRITING (Story and Screenplay),The Big Carnival,False
1952,WRITING (Story and Screenplay),David and Bathsheba,False
1952,WRITING (Story and Screenplay),Go for Broke!,False
1952,WRITING (Story and Screenplay),The Well,False
1952,HONORARY FOREIGN LANGUAGE FILM AWARD,Rashomon,True
1952,HONORARY AWARD,,True
1952,IRVING G. THALBERG MEMORIAL AWARD,,True
1953,ACTOR,Viva Zapata!,False
1953,ACTOR,High Noon,True
1953,ACTOR,The Bad and the Beautiful,False
1953,ACTOR,Moulin Rouge,False
1953,ACTOR,The Lavender Hill Mob,False
1953,ACTOR IN A SUPPORTING ROLE,My Cousin Rachel,False
1953,ACTOR IN A SUPPORTING ROLE,The Big Sky,False
1953,ACTOR IN A SUPPORTING ROLE,The Quiet Man,False
1953,ACTOR IN A SUPPORTING ROLE,Sudden Fear,False
1953,ACTOR IN A SUPPORTING ROLE,Viva Zapata!,True
1953,ACTRESS,"Come Back, Little Sheba",True
1953,ACTRESS,Sudden Fear,False
1953,ACTRESS,The Star,False
1953,ACTRESS,The Member of the Wedding,False
1953,ACTRESS,With a Song in My Heart,False
1953,ACTRESS IN A SUPPORTING ROLE,The Bad and the Beautiful,True
1953,ACTRESS IN A SUPPORTING ROLE,Singin' in the Rain,False
1953,ACTRESS IN A SUPPORTING ROLE,Moulin Rouge,False
1953,ACTRESS IN A SUPPORTING ROLE,"Come Back, Little Sheba",False
1953,ACTRESS IN A SUPPORTING ROLE,With a Song in My Heart,False
1953,ART DIRECTION (Black-and-White),The Bad and the Beautiful,True
1953,ART DIRECTION (Black-and-White),Carrie,False
1953,ART DIRECTION (Black-and-White),My Cousin Rachel,False
1953,ART DIRECTION (Black-and-White),Rashomon,False
1953,ART DIRECTION (Black-and-White),Viva Zapata!,False
1953,ART DIRECTION (Color),Hans Christian Andersen,False
1953,ART DIRECTION (Color),The Merry Widow,False
1953,ART DIRECTION (Color),Moulin Rouge,True
1953,ART DIRECTION (Color),The Quiet Man,False
1953,ART DIRECTION (Color),The Snows of Kilimanjaro,False
1953,CINEMATOGRAPHY (Black-and-White),The Bad and the Beautiful,True
1953,CINEMATOGRAPHY (Black-and-White),The Big Sky,False
1953,CINEMATOGRAPHY (Black-and-White),My Cousin Rachel,False
1953,CINEMATOGRAPHY (Black-and-White),Navajo,False
1953,CINEMATOGRAPHY (Black-and-White),Sudden Fear,False
1953,CINEMATOGRAPHY (Color),Hans Christian Andersen,False
1953,CINEMATOGRAPHY (Color),Ivanhoe,False
1953,CINEMATOGRAPHY (Color),Million Dollar Mermaid,False
1953,CINEMATOGRAPHY (Color),The Quiet Man,True
1953,CINEMATOGRAPHY (Color),The Snows of Kilimanjaro,False
1953,COSTUME DESIGN (Black-and-White),Affair in Trinidad,False
1953,COSTUME DESIGN (Black-and-White),The Bad and the Beautiful,True
1953,COSTUME DESIGN (Black-and-White),Carrie,False
1953,COSTUME DESIGN (Black-and-White),My Cousin Rachel,False
1953,COSTUME DESIGN (Black-and-White),Sudden Fear,False
1953,COSTUME DESIGN (Color),The Greatest Show on Earth,False
1953,COSTUME DESIGN (Color),Hans Christian Andersen,False
1953,COSTUME DESIGN (Color),The Merry Widow,False
1953,COSTUME DESIGN (Color),Moulin Rouge,True
1953,COSTUME DESIGN (Color),With a Song in My Heart,False
1953,DIRECTING,Five Fingers,False
1953,DIRECTING,The Greatest Show on Earth,False
1953,DIRECTING,High Noon,False
1953,DIRECTING,Moulin Rouge,False
1953,DIRECTING,The Quiet Man,True
1953,DOCUMENTARY (Feature),The Hoaxters,False
1953,DOCUMENTARY (Feature),Navajo,False
1953,DOCUMENTARY (Feature),The Sea around Us,True
1953,DOCUMENTARY (Short Subject),Devil Take Us,False
1953,DOCUMENTARY (Short Subject),The Garden Spider (Epeira Diadema),False
1953,DOCUMENTARY (Short Subject),Man Alive!,False
1953,DOCUMENTARY (Short Subject),Neighbours,True
1953,FILM EDITING,"Come Back, Little Sheba",False
1953,FILM EDITING,Flat Top,False
1953,FILM EDITING,The Greatest Show on Earth,False
1953,FILM EDITING,High Noon,True
1953,FILM EDITING,Moulin Rouge,False
1953,MUSIC (Music Score of a Dramatic or Comedy Picture),High Noon,True
1953,MUSIC (Music Score of a Dramatic or Comedy Picture),Ivanhoe,False
1953,MUSIC (Music Score of a Dramatic or Comedy Picture),Miracle of Fatima,False
1953,MUSIC (Music Score of a Dramatic or Comedy Picture),The Thief,False
1953,MUSIC (Music Score of a Dramatic or Comedy Picture),Viva Zapata!,False
1953,MUSIC (Scoring of a Musical Picture),Hans Christian Andersen,False
1953,MUSIC (Scoring of a Musical Picture),The Jazz Singer,False
1953,MUSIC (Scoring of a Musical Picture),The Medium,False
1953,MUSIC (Scoring of a Musical Picture),Singin' in the Rain,False
1953,MUSIC (Scoring of a Musical Picture),With a Song in My Heart,True
1953,MUSIC (Song),Son of Paleface,False
1953,MUSIC (Song),Because You're Mine,False
1953,MUSIC (Song),High Noon,True
1953,MUSIC (Song),Hans Christian Andersen,False
1953,MUSIC (Song),Just for You,False
1953,BEST MOTION PICTURE,The Greatest Show on Earth,True
1953,BEST MOTION PICTURE,High Noon,False
1953,BEST MOTION PICTURE,Ivanhoe,False
1953,BEST MOTION PICTURE,Moulin Rouge,False
1953,BEST MOTION PICTURE,The Quiet Man,False
1953,SHORT SUBJECT (Cartoon),Johann Mouse,True
1953,SHORT SUBJECT (Cartoon),Little Johnny Jet,False
1953,SHORT SUBJECT (Cartoon),Madeline,False
1953,SHORT SUBJECT (Cartoon),Pink and Blue Blues,False
1953,SHORT SUBJECT (Cartoon),Romance of Transportation,False
1953,SHORT SUBJECT (One-reel),Athletes of the Saddle,False
1953,SHORT SUBJECT (One-reel),Desert Killer,False
1953,SHORT SUBJECT (One-reel),Light in the Window: The Art of Vermeer,True
1953,SHORT SUBJECT (One-reel),Neighbours,False
1953,SHORT SUBJECT (One-reel),Royal Scotland,False
1953,SHORT SUBJECT (Two-reel),Bridge of Time,False
1953,SHORT SUBJECT (Two-reel),Devil Take Us,False
1953,SHORT SUBJECT (Two-reel),Thar She Blows!,False
1953,SHORT SUBJECT (Two-reel),Water Birds,True
1953,SOUND RECORDING,Breaking the Sound Barrier,True
1953,SOUND RECORDING,Hans Christian Andersen,False
1953,SOUND RECORDING,The Promoter,False
1953,SOUND RECORDING,The Quiet Man,False
1953,SOUND RECORDING,With a Song in My Heart,False
1953,SPECIAL EFFECTS,Plymouth Adventure,True
1953,WRITING (Motion Picture Story),The Greatest Show on Earth,True
1953,WRITING (Motion Picture Story),My Son John,False
1953,WRITING (Motion Picture Story),The Narrow Margin,False
1953,WRITING (Motion Picture Story),The Pride of St. Louis,False
1953,WRITING (Motion Picture Story),The Sniper,False
1953,WRITING (Screenplay),The Bad and the Beautiful,True
1953,WRITING (Screenplay),Five Fingers,False
1953,WRITING (Screenplay),High Noon,False
1953,WRITING (Screenplay),The Man in the White Suit,False
1953,WRITING (Screenplay),The Quiet Man,False
1953,WRITING (Story and Screenplay),The Atomic City,False
1953,WRITING (Story and Screenplay),Breaking the Sound Barrier,False
1953,WRITING (Story and Screenplay),The Lavender Hill Mob,True
1953,WRITING (Story and Screenplay),Pat and Mike,False
1953,WRITING (Story and Screenplay),Viva Zapata!,False
1953,HONORARY FOREIGN LANGUAGE FILM AWARD,Forbidden Games,True
1953,HONORARY AWARD,,True
1953,HONORARY AWARD,,True
1953,HONORARY AWARD,,True
1953,HONORARY AWARD,,True
1953,HONORARY AWARD,,True
1953,IRVING G. THALBERG MEMORIAL AWARD,,True
1954,ACTOR,Julius Caesar,False
1954,ACTOR,The Robe,False
1954,ACTOR,From Here to Eternity,False
1954,ACTOR,Stalag 17,True
1954,ACTOR,From Here to Eternity,False
1954,ACTOR IN A SUPPORTING ROLE,Roman Holiday,False
1954,ACTOR IN A SUPPORTING ROLE,Shane,False
1954,ACTOR IN A SUPPORTING ROLE,Shane,False
1954,ACTOR IN A SUPPORTING ROLE,From Here to Eternity,True
1954,ACTOR IN A SUPPORTING ROLE,Stalag 17,False
1954,ACTRESS,Lili,False
1954,ACTRESS,Mogambo,False
1954,ACTRESS,Roman Holiday,True
1954,ACTRESS,From Here to Eternity,False
1954,ACTRESS,The Moon Is Blue,False
1954,ACTRESS IN A SUPPORTING ROLE,Mogambo,False
1954,ACTRESS IN A SUPPORTING ROLE,Hondo,False
1954,ACTRESS IN A SUPPORTING ROLE,Torch Song,False
1954,ACTRESS IN A SUPPORTING ROLE,From Here to Eternity,True
1954,ACTRESS IN A SUPPORTING ROLE,Pickup on South Street,False
1954,ART DIRECTION (Black-and-White),Julius Caesar,True
1954,ART DIRECTION (Black-and-White),Martin Luther,False
1954,ART DIRECTION (Black-and-White),The President's Lady,False
1954,ART DIRECTION (Black-and-White),Roman Holiday,False
1954,ART DIRECTION (Black-and-White),Titanic,False
1954,ART DIRECTION (Color),Knights of the Round Table,False
1954,ART DIRECTION (Color),Lili,False
1954,ART DIRECTION (Color),The Robe,True
1954,ART DIRECTION (Color),The Story of Three Loves,False
1954,ART DIRECTION (Color),Young Bess,False
1954,CINEMATOGRAPHY (Black-and-White),The Four Poster,False
1954,CINEMATOGRAPHY (Black-and-White),From Here to Eternity,True
1954,CINEMATOGRAPHY (Black-and-White),Julius Caesar,False
1954,CINEMATOGRAPHY (Black-and-White),Martin Luther,False
1954,CINEMATOGRAPHY (Black-and-White),Roman Holiday,False
1954,CINEMATOGRAPHY (Color),All the Brothers Were Valiant,False
1954,CINEMATOGRAPHY (Color),Beneath the 12-Mile Reef,False
1954,CINEMATOGRAPHY (Color),Lili,False
1954,CINEMATOGRAPHY (Color),The Robe,False
1954,CINEMATOGRAPHY (Color),Shane,True
1954,COSTUME DESIGN (Black-and-White),The Actress,False
1954,COSTUME DESIGN (Black-and-White),Dream Wife,False
1954,COSTUME DESIGN (Black-and-White),From Here to Eternity,False
1954,COSTUME DESIGN (Black-and-White),The President's Lady,False
1954,COSTUME DESIGN (Black-and-White),Roman Holiday,True
1954,COSTUME DESIGN (Color),The Band Wagon,False
1954,COSTUME DESIGN (Color),Call Me Madam,False
1954,COSTUME DESIGN (Color),How to Marry a Millionaire,False
1954,COSTUME DESIGN (Color),The Robe,True
1954,COSTUME DESIGN (Color),Young Bess,False
1954,DIRECTING,From Here to Eternity,True
1954,DIRECTING,Lili,False
1954,DIRECTING,Roman Holiday,False
1954,DIRECTING,Shane,False
1954,DIRECTING,Stalag 17,False
1954,DOCUMENTARY (Feature),The Conquest of Everest,False
1954,DOCUMENTARY (Feature),The Living Desert,True
1954,DOCUMENTARY (Feature),A Queen Is Crowned,False
1954,DOCUMENTARY (Short Subject),The Alaskan Eskimo,True
1954,DOCUMENTARY (Short Subject),The Living City,False
1954,DOCUMENTARY (Short Subject),Operation Blue Jay,False
1954,DOCUMENTARY (Short Subject),They Planted a Stone,False
1954,DOCUMENTARY (Short Subject),The Word,False
1954,FILM EDITING,Crazylegs,False
1954,FILM EDITING,From Here to Eternity,True
1954,FILM EDITING,The Moon Is Blue,False
1954,FILM EDITING,Roman Holiday,False
1954,FILM EDITING,The War of the Worlds,False
1954,MUSIC (Music Score of a Dramatic or Comedy Picture),Above and Beyond,False
1954,MUSIC (Music Score of a Dramatic or Comedy Picture),From Here to Eternity,False
1954,MUSIC (Music Score of a Dramatic or Comedy Picture),Julius Caesar,False
1954,MUSIC (Music Score of a Dramatic or Comedy Picture),Lili,True
1954,MUSIC (Music Score of a Dramatic or Comedy Picture),This Is Cinerama,False
1954,MUSIC (Scoring of a Musical Picture),The Band Wagon,False
1954,MUSIC (Scoring of a Musical Picture),Calamity Jane,False
1954,MUSIC (Scoring of a Musical Picture),Call Me Madam,True
1954,MUSIC (Scoring of a Musical Picture),"The 5,000 Fingers of Dr. T",False
1954,MUSIC (Scoring of a Musical Picture),Kiss Me Kate,False
1954,MUSIC (Song),The Moon Is Blue,False
1954,MUSIC (Song),Small Town Girl,False
1954,MUSIC (Song),Miss Sadie Thompson,False
1954,MUSIC (Song),Calamity Jane,True
1954,MUSIC (Song),The Caddy,False
1954,BEST MOTION PICTURE,From Here to Eternity,True
1954,BEST MOTION PICTURE,Julius Caesar,False
1954,BEST MOTION PICTURE,The Robe,False
1954,BEST MOTION PICTURE,Roman Holiday,False
1954,BEST MOTION PICTURE,Shane,False
1954,SHORT SUBJECT (Cartoon),Christopher Crumpet,False
1954,SHORT SUBJECT (Cartoon),From A to Z-Z-Z-Z,False
1954,SHORT SUBJECT (Cartoon),Rugged Bear,False
1954,SHORT SUBJECT (Cartoon),The Tell Tale Heart,False
1954,SHORT SUBJECT (Cartoon),"Toot, Whistle, Plunk and Boom",True
1954,SHORT SUBJECT (One-reel),Christ among the Primitives,False
1954,SHORT SUBJECT (One-reel),Herring Hunt,False
1954,SHORT SUBJECT (One-reel),Joy of Living,False
1954,SHORT SUBJECT (One-reel),The Merry Wives of Windsor Overture,True
1954,SHORT SUBJECT (One-reel),Wee Water Wonders,False
1954,SHORT SUBJECT (Two-reel),Bear Country,True
1954,SHORT SUBJECT (Two-reel),Ben and Me,False
1954,SHORT SUBJECT (Two-reel),Return to Glennascaul,False
1954,SHORT SUBJECT (Two-reel),Vesuvius Express,False
1954,SHORT SUBJECT (Two-reel),Winter Paradise,False
1954,SOUND RECORDING,Calamity Jane,False
1954,SOUND RECORDING,From Here to Eternity,True
1954,SOUND RECORDING,Knights of the Round Table,False
1954,SOUND RECORDING,The Mississippi Gambler,False
1954,SOUND RECORDING,The War of the Worlds,False
1954,SPECIAL EFFECTS,The War of the Worlds,True
1954,WRITING (Motion Picture Story),Above and Beyond,False
1954,WRITING (Motion Picture Story),The Captain's Paradise,False
1954,WRITING (Motion Picture Story),Hondo,False
1954,WRITING (Motion Picture Story),Little Fugitive,False
1954,WRITING (Motion Picture Story),Roman Holiday,True
1954,WRITING (Screenplay),The Cruel Sea,False
1954,WRITING (Screenplay),From Here to Eternity,True
1954,WRITING (Screenplay),Lili,False
1954,WRITING (Screenplay),Roman Holiday,False
1954,WRITING (Screenplay),Shane,False
1954,WRITING (Story and Screenplay),The Band Wagon,False
1954,WRITING (Story and Screenplay),The Desert Rats,False
1954,WRITING (Story and Screenplay),The Naked Spur,False
1954,WRITING (Story and Screenplay),Take the High Ground,False
1954,WRITING (Story and Screenplay),Titanic,True
1954,HONORARY AWARD,,True
1954,HONORARY AWARD,,True
1954,HONORARY AWARD,,True
1954,HONORARY AWARD,,True
1954,IRVING G. THALBERG MEMORIAL AWARD,,True
1955,ACTOR,The Caine Mutiny,False
1955,ACTOR,On the Waterfront,True
1955,ACTOR,The Country Girl,False
1955,ACTOR,A Star Is Born,False
1955,ACTOR,Adventures of Robinson Crusoe,False
1955,ACTOR IN A SUPPORTING ROLE,On the Waterfront,False
1955,ACTOR IN A SUPPORTING ROLE,On the Waterfront,False
1955,ACTOR IN A SUPPORTING ROLE,The Barefoot Contessa,True
1955,ACTOR IN A SUPPORTING ROLE,On the Waterfront,False
1955,ACTOR IN A SUPPORTING ROLE,The Caine Mutiny,False
1955,ACTRESS,Carmen Jones,False
1955,ACTRESS,A Star Is Born,False
1955,ACTRESS,Sabrina,False
1955,ACTRESS,The Country Girl,True
1955,ACTRESS,Magnificent Obsession,False
1955,ACTRESS IN A SUPPORTING ROLE,Executive Suite,False
1955,ACTRESS IN A SUPPORTING ROLE,Broken Lance,False
1955,ACTRESS IN A SUPPORTING ROLE,On the Waterfront,True
1955,ACTRESS IN A SUPPORTING ROLE,The High and the Mighty,False
1955,ACTRESS IN A SUPPORTING ROLE,The High and the Mighty,False
1955,ART DIRECTION (Black-and-White),The Country Girl,False
1955,ART DIRECTION (Black-and-White),Executive Suite,False
1955,ART DIRECTION (Black-and-White),Le Plaisir,False
1955,ART DIRECTION (Black-and-White),On the Waterfront,True
1955,ART DIRECTION (Black-and-White),Sabrina,False
1955,ART DIRECTION (Color),Brigadoon,False
1955,ART DIRECTION (Color),Desiree,False
1955,ART DIRECTION (Color),Red Garters,False
1955,ART DIRECTION (Color),A Star Is Born,False
1955,ART DIRECTION (Color),"20,000 Leagues under the Sea",True
1955,CINEMATOGRAPHY (Black-and-White),The Country Girl,False
1955,CINEMATOGRAPHY (Black-and-White),Executive Suite,False
1955,CINEMATOGRAPHY (Black-and-White),On the Waterfront,True
1955,CINEMATOGRAPHY (Black-and-White),Rogue Cop,False
1955,CINEMATOGRAPHY (Black-and-White),Sabrina,False
1955,CINEMATOGRAPHY (Color),The Egyptian,False
1955,CINEMATOGRAPHY (Color),Rear Window,False
1955,CINEMATOGRAPHY (Color),Seven Brides for Seven Brothers,False
1955,CINEMATOGRAPHY (Color),The Silver Chalice,False
1955,CINEMATOGRAPHY (Color),Three Coins in the Fountain,True
1955,COSTUME DESIGN (Black-and-White),The Earrings of Madame de...,False
1955,COSTUME DESIGN (Black-and-White),Executive Suite,False
1955,COSTUME DESIGN (Black-and-White),Indiscretion of an American Wife,False
1955,COSTUME DESIGN (Black-and-White),It Should Happen to You,False
1955,COSTUME DESIGN (Black-and-White),Sabrina,True
1955,COSTUME DESIGN (Color),Brigadoon,False
1955,COSTUME DESIGN (Color),Desiree,False
1955,COSTUME DESIGN (Color),Gate of Hell,True
1955,COSTUME DESIGN (Color),A Star Is Born,False
1955,COSTUME DESIGN (Color),There's No Business Like Show Business,False
1955,DIRECTING,The Country Girl,False
1955,DIRECTING,The High and the Mighty,False
1955,DIRECTING,On the Waterfront,True
1955,DIRECTING,Rear Window,False
1955,DIRECTING,Sabrina,False
1955,DOCUMENTARY (Feature),The Stratford Adventure,False
1955,DOCUMENTARY (Feature),The Vanishing Prairie,True
1955,DOCUMENTARY (Short Subject),Jet Carrier,False
1955,DOCUMENTARY (Short Subject),Rembrandt: A Self-Portrait,False
1955,DOCUMENTARY (Short Subject),Thursday's Children,True
1955,FILM EDITING,The Caine Mutiny,False
1955,FILM EDITING,The High and the Mighty,False
1955,FILM EDITING,On the Waterfront,True
1955,FILM EDITING,Seven Brides for Seven Brothers,False
1955,FILM EDITING,"20,000 Leagues under the Sea",False
1955,MUSIC (Music Score of a Dramatic or Comedy Picture),The Caine Mutiny,False
1955,MUSIC (Music Score of a Dramatic or Comedy Picture),Genevieve,False
1955,MUSIC (Music Score of a Dramatic or Comedy Picture),The High and the Mighty,True
1955,MUSIC (Music Score of a Dramatic or Comedy Picture),On the Waterfront,False
1955,MUSIC (Music Score of a Dramatic or Comedy Picture),The Silver Chalice,False
1955,MUSIC (Scoring of a Musical Picture),Carmen Jones,False
1955,MUSIC (Scoring of a Musical Picture),The Glenn Miller Story,False
1955,MUSIC (Scoring of a Musical Picture),Seven Brides for Seven Brothers,True
1955,MUSIC (Scoring of a Musical Picture),A Star Is Born,False
1955,MUSIC (Scoring of a Musical Picture),There's No Business Like Show Business,False
1955,MUSIC (Song),White Christmas,False
1955,MUSIC (Song),The High and the Mighty,False
1955,MUSIC (Song),Susan Slept Here,False
1955,MUSIC (Song),A Star Is Born,False
1955,MUSIC (Song),Three Coins in the Fountain,True
1955,BEST MOTION PICTURE,The Caine Mutiny,False
1955,BEST MOTION PICTURE,The Country Girl,False
1955,BEST MOTION PICTURE,On the Waterfront,True
1955,BEST MOTION PICTURE,Seven Brides for Seven Brothers,False
1955,BEST MOTION PICTURE,Three Coins in the Fountain,False
1955,SHORT SUBJECT (Cartoon),Crazy Mixed Up Pup,False
1955,SHORT SUBJECT (Cartoon),Pigs Is Pigs,False
1955,SHORT SUBJECT (Cartoon),Sandy Claws,False
1955,SHORT SUBJECT (Cartoon),"Touché, Pussy Cat",False
1955,SHORT SUBJECT (Cartoon),When Magoo Flew,True
1955,SHORT SUBJECT (One-reel),The First Piano Quartette,False
1955,SHORT SUBJECT (One-reel),The Strauss Fantasy,False
1955,SHORT SUBJECT (One-reel),This Mechanical Age,True
1955,SHORT SUBJECT (Two-reel),Beauty and the Bull,False
1955,SHORT SUBJECT (Two-reel),Jet Carrier,False
1955,SHORT SUBJECT (Two-reel),Siam,False
1955,SHORT SUBJECT (Two-reel),A Time Out of War,True
1955,SOUND RECORDING,Brigadoon,False
1955,SOUND RECORDING,The Caine Mutiny,False
1955,SOUND RECORDING,The Glenn Miller Story,True
1955,SOUND RECORDING,Rear Window,False
1955,SOUND RECORDING,Susan Slept Here,False
1955,SPECIAL EFFECTS,Hell and High Water,False
1955,SPECIAL EFFECTS,Them!,False
1955,SPECIAL EFFECTS,"20,000 Leagues under the Sea",True
1955,WRITING (Motion Picture Story),"Bread, Love and Dreams",False
1955,WRITING (Motion Picture Story),Broken Lance,True
1955,WRITING (Motion Picture Story),Forbidden Games,False
1955,WRITING (Motion Picture Story),Night People,False
1955,WRITING (Motion Picture Story),There's No Business Like Show Business,False
1955,WRITING (Screenplay),The Caine Mutiny,False
1955,WRITING (Screenplay),The Country Girl,True
1955,WRITING (Screenplay),Rear Window,False
1955,WRITING (Screenplay),Sabrina,False
1955,WRITING (Screenplay),Seven Brides for Seven Brothers,False
1955,WRITING (Story and Screenplay),The Barefoot Contessa,False
1955,WRITING (Story and Screenplay),Genevieve,False
1955,WRITING (Story and Screenplay),The Glenn Miller Story,False
1955,WRITING (Story and Screenplay),Knock on Wood,False
1955,WRITING (Story and Screenplay),On the Waterfront,True
1955,HONORARY FOREIGN LANGUAGE FILM AWARD,Gate of Hell,True
1955,HONORARY AWARD,,True
1955,HONORARY AWARD,,True
1955,HONORARY AWARD,,True
1955,HONORARY AWARD,,True
1955,HONORARY AWARD,The Little Kidnappers,True
1955,HONORARY AWARD,The Little Kidnappers,True
1956,ACTOR,Marty,True
1956,ACTOR,Love Me or Leave Me,False
1956,ACTOR,East of Eden,False
1956,ACTOR,The Man with the Golden Arm,False
1956,ACTOR,Bad Day at Black Rock,False
1956,ACTOR IN A SUPPORTING ROLE,Trial,False
1956,ACTOR IN A SUPPORTING ROLE,Mister Roberts,True
1956,ACTOR IN A SUPPORTING ROLE,Marty,False
1956,ACTOR IN A SUPPORTING ROLE,Rebel without a Cause,False
1956,ACTOR IN A SUPPORTING ROLE,Picnic,False
1956,ACTRESS,I'll Cry Tomorrow,False
1956,ACTRESS,Summertime,False
1956,ACTRESS,Love Is a Many-Splendored Thing,False
1956,ACTRESS,The Rose Tattoo,True
1956,ACTRESS,Interrupted Melody,False
1956,ACTRESS IN A SUPPORTING ROLE,Marty,False
1956,ACTRESS IN A SUPPORTING ROLE,Pete Kelly's Blues,False
1956,ACTRESS IN A SUPPORTING ROLE,The Rose Tattoo,False
1956,ACTRESS IN A SUPPORTING ROLE,East of Eden,True
1956,ACTRESS IN A SUPPORTING ROLE,Rebel without a Cause,False
1956,ART DIRECTION (Black-and-White),Blackboard Jungle,False
1956,ART DIRECTION (Black-and-White),I'll Cry Tomorrow,False
1956,ART DIRECTION (Black-and-White),The Man with the Golden Arm,False
1956,ART DIRECTION (Black-and-White),Marty,False
1956,ART DIRECTION (Black-and-White),The Rose Tattoo,True
1956,ART DIRECTION (Color),Daddy Long Legs,False
1956,ART DIRECTION (Color),Guys and Dolls,False
1956,ART DIRECTION (Color),Love Is a Many-Splendored Thing,False
1956,ART DIRECTION (Color),Picnic,True
1956,ART DIRECTION (Color),To Catch a Thief,False
1956,CINEMATOGRAPHY (Black-and-White),Blackboard Jungle,False
1956,CINEMATOGRAPHY (Black-and-White),I'll Cry Tomorrow,False
1956,CINEMATOGRAPHY (Black-and-White),Marty,False
1956,CINEMATOGRAPHY (Black-and-White),Queen Bee,False
1956,CINEMATOGRAPHY (Black-and-White),The Rose Tattoo,True
1956,CINEMATOGRAPHY (Color),Guys and Dolls,False
1956,CINEMATOGRAPHY (Color),Love Is a Many-Splendored Thing,False
1956,CINEMATOGRAPHY (Color),A Man Called Peter,False
1956,CINEMATOGRAPHY (Color),Oklahoma!,False
1956,CINEMATOGRAPHY (Color),To Catch a Thief,True
1956,COSTUME DESIGN (Black-and-White),I'll Cry Tomorrow,True
1956,COSTUME DESIGN (Black-and-White),The Pickwick Papers,False
1956,COSTUME DESIGN (Black-and-White),Queen Bee,False
1956,COSTUME DESIGN (Black-and-White),The Rose Tattoo,False
1956,COSTUME DESIGN (Black-and-White),Ugetsu,False
1956,COSTUME DESIGN (Color),Guys and Dolls,False
1956,COSTUME DESIGN (Color),Interrupted Melody,False
1956,COSTUME DESIGN (Color),Love Is a Many-Splendored Thing,True
1956,COSTUME DESIGN (Color),To Catch a Thief,False
1956,COSTUME DESIGN (Color),The Virgin Queen,False
1956,DIRECTING,Bad Day at Black Rock,False
1956,DIRECTING,East of Eden,False
1956,DIRECTING,Marty,True
1956,DIRECTING,Picnic,False
1956,DIRECTING,Summertime,False
1956,DOCUMENTARY (Feature),Heartbreak Ridge,False
1956,DOCUMENTARY (Feature),Helen Keller in Her Story,True
1956,DOCUMENTARY (Short Subject),The Battle of Gettysburg,False
1956,DOCUMENTARY (Short Subject),The Face of Lincoln,False
1956,DOCUMENTARY (Short Subject),Men against the Arctic,True
1956,FILM EDITING,Blackboard Jungle,False
1956,FILM EDITING,The Bridges at Toko-Ri,False
1956,FILM EDITING,Oklahoma!,False
1956,FILM EDITING,Picnic,True
1956,FILM EDITING,The Rose Tattoo,False
1956,MUSIC (Music Score of a Dramatic or Comedy Picture),Battle Cry,False
1956,MUSIC (Music Score of a Dramatic or Comedy Picture),Love Is a Many-Splendored Thing,True
1956,MUSIC (Music Score of a Dramatic or Comedy Picture),The Man with the Golden Arm,False
1956,MUSIC (Music Score of a Dramatic or Comedy Picture),Picnic,False
1956,MUSIC (Music Score of a Dramatic or Comedy Picture),The Rose Tattoo,False
1956,MUSIC (Scoring of a Musical Picture),Daddy Long Legs,False
1956,MUSIC (Scoring of a Musical Picture),Guys and Dolls,False
1956,MUSIC (Scoring of a Musical Picture),It's Always Fair Weather,False
1956,MUSIC (Scoring of a Musical Picture),Love Me or Leave Me,False
1956,MUSIC (Scoring of a Musical Picture),Oklahoma!,True
1956,MUSIC (Song),Love Me or Leave Me,False
1956,MUSIC (Song),Love Is a Many-Splendored Thing,True
1956,MUSIC (Song),Daddy Long Legs,False
1956,MUSIC (Song),The Tender Trap,False
1956,MUSIC (Song),Unchained,False
1956,BEST MOTION PICTURE,Love Is a Many-Splendored Thing,False
1956,BEST MOTION PICTURE,Marty,True
1956,BEST MOTION PICTURE,Mister Roberts,False
1956,BEST MOTION PICTURE,Picnic,False
1956,BEST MOTION PICTURE,The Rose Tattoo,False
1956,SHORT SUBJECT (Cartoon),Good Will to Men,False
1956,SHORT SUBJECT (Cartoon),The Legend of Rock-a-bye Point,False
1956,SHORT SUBJECT (Cartoon),No Hunting,False
1956,SHORT SUBJECT (Cartoon),Speedy Gonzales,True
1956,SHORT SUBJECT (One-reel),Gadgets Galore,False
1956,SHORT SUBJECT (One-reel),Survival City,True
1956,SHORT SUBJECT (One-reel),3rd Ave. El,False
1956,SHORT SUBJECT (One-reel),Three Kisses,False
1956,SHORT SUBJECT (Two-reel),The Battle of Gettysburg,False
1956,SHORT SUBJECT (Two-reel),The Face of Lincoln,True
1956,SHORT SUBJECT (Two-reel),On the Twelfth Day...,False
1956,SHORT SUBJECT (Two-reel),Switzerland,False
1956,SHORT SUBJECT (Two-reel),24-Hour Alert,False
1956,SOUND RECORDING,Love Is a Many-Splendored Thing,False
1956,SOUND RECORDING,Love Me or Leave Me,False
1956,SOUND RECORDING,Mister Roberts,False
1956,SOUND RECORDING,Not as a Stranger,False
1956,SOUND RECORDING,Oklahoma!,True
1956,SPECIAL EFFECTS,The Bridges at Toko-Ri,True
1956,SPECIAL EFFECTS,The Dam Busters,False
1956,SPECIAL EFFECTS,The Rains of Ranchipur,False
1956,WRITING (Motion Picture Story),Love Me or Leave Me,True
1956,WRITING (Motion Picture Story),The Private War of Major Benson,False
1956,WRITING (Motion Picture Story),Rebel without a Cause,False
1956,WRITING (Motion Picture Story),The Sheep Has Five Legs,False
1956,WRITING (Motion Picture Story),Strategic Air Command,False
1956,WRITING (Screenplay),Bad Day at Black Rock,False
1956,WRITING (Screenplay),Blackboard Jungle,False
1956,WRITING (Screenplay),East of Eden,False
1956,WRITING (Screenplay),Love Me or Leave Me,False
1956,WRITING (Screenplay),Marty,True
1956,WRITING (Story and Screenplay),The Court-Martial of Billy Mitchell,False
1956,WRITING (Story and Screenplay),Interrupted Melody,True
1956,WRITING (Story and Screenplay),It's Always Fair Weather,False
1956,WRITING (Story and Screenplay),Mr. Hulot's Holiday,False
1956,WRITING (Story and Screenplay),The Seven Little Foys,False
1956,HONORARY FOREIGN LANGUAGE FILM AWARD,"Samurai, The Legend of Musashi",True
1957,ACTOR,The King and I,True
1957,ACTOR,Giant,False
1957,ACTOR,Lust for Life,False
1957,ACTOR,Giant,False
1957,ACTOR,Richard III,False
1957,ACTOR IN A SUPPORTING ROLE,Bus Stop,False
1957,ACTOR IN A SUPPORTING ROLE,Friendly Persuasion,False
1957,ACTOR IN A SUPPORTING ROLE,Lust for Life,True
1957,ACTOR IN A SUPPORTING ROLE,The Bold and the Brave,False
1957,ACTOR IN A SUPPORTING ROLE,Written on the Wind,False
1957,ACTRESS,Baby Doll,False
1957,ACTRESS,Anastasia,True
1957,ACTRESS,The Rainmaker,False
1957,ACTRESS,The Bad Seed,False
1957,ACTRESS,The King and I,False
1957,ACTRESS IN A SUPPORTING ROLE,Baby Doll,False
1957,ACTRESS IN A SUPPORTING ROLE,The Bad Seed,False
1957,ACTRESS IN A SUPPORTING ROLE,Giant,False
1957,ACTRESS IN A SUPPORTING ROLE,The Bad Seed,False
1957,ACTRESS IN A SUPPORTING ROLE,Written on the Wind,True
1957,ART DIRECTION (Black-and-White),The Magnificent Seven,False
1957,ART DIRECTION (Black-and-White),The Proud and Profane,False
1957,ART DIRECTION (Black-and-White),The Solid Gold Cadillac,False
1957,ART DIRECTION (Black-and-White),Somebody Up There Likes Me,True
1957,ART DIRECTION (Black-and-White),Teenage Rebel,False
1957,ART DIRECTION (Color),Around the World in 80 Days,False
1957,ART DIRECTION (Color),Giant,False
1957,ART DIRECTION (Color),The King and I,True
1957,ART DIRECTION (Color),Lust for Life,False
1957,ART DIRECTION (Color),The Ten Commandments,False
1957,CINEMATOGRAPHY (Black-and-White),Baby Doll,False
1957,CINEMATOGRAPHY (Black-and-White),The Bad Seed,False
1957,CINEMATOGRAPHY (Black-and-White),The Harder They Fall,False
1957,CINEMATOGRAPHY (Black-and-White),Somebody Up There Likes Me,True
1957,CINEMATOGRAPHY (Black-and-White),Stagecoach to Fury,False
1957,CINEMATOGRAPHY (Color),Around the World in 80 Days,True
1957,CINEMATOGRAPHY (Color),The Eddy Duchin Story,False
1957,CINEMATOGRAPHY (Color),The King and I,False
1957,CINEMATOGRAPHY (Color),The Ten Commandments,False
1957,CINEMATOGRAPHY (Color),War and Peace,False
1957,COSTUME DESIGN (Black-and-White),The Magnificent Seven,False
1957,COSTUME DESIGN (Black-and-White),The Power and the Prize,False
1957,COSTUME DESIGN (Black-and-White),The Proud and Profane,False
1957,COSTUME DESIGN (Black-and-White),The Solid Gold Cadillac,True
1957,COSTUME DESIGN (Black-and-White),Teenage Rebel,False
1957,COSTUME DESIGN (Color),Around the World in 80 Days,False
1957,COSTUME DESIGN (Color),Giant,False
1957,COSTUME DESIGN (Color),The King and I,True
1957,COSTUME DESIGN (Color),The Ten Commandments,False
1957,COSTUME DESIGN (Color),War and Peace,False
1957,DIRECTING,Around the World in 80 Days,False
1957,DIRECTING,Friendly Persuasion,False
1957,DIRECTING,Giant,True
1957,DIRECTING,The King and I,False
1957,DIRECTING,War and Peace,False
1957,DOCUMENTARY (Feature),The Naked Eye,False
1957,DOCUMENTARY (Feature),The Silent World,True
1957,DOCUMENTARY (Feature),Where Mountains Float,False
1957,DOCUMENTARY (Short Subject),A City Decides,False
1957,DOCUMENTARY (Short Subject),The Dark Wave,False
1957,DOCUMENTARY (Short Subject),The House without a Name,False
1957,DOCUMENTARY (Short Subject),Man in Space,False
1957,DOCUMENTARY (Short Subject),The True Story of the Civil War,True
1957,FILM EDITING,Around the World in 80 Days,True
1957,FILM EDITING,The Brave One,False
1957,FILM EDITING,Giant,False
1957,FILM EDITING,Somebody Up There Likes Me,False
1957,FILM EDITING,The Ten Commandments,False
1957,FOREIGN LANGUAGE FILM,The Captain of Kopenick,False
1957,FOREIGN LANGUAGE FILM,Gervaise,False
1957,FOREIGN LANGUAGE FILM,Harp of Burma,False
1957,FOREIGN LANGUAGE FILM,La Strada,True
1957,FOREIGN LANGUAGE FILM,Qivitoq,False
1957,MUSIC (Music Score of a Dramatic or Comedy Picture),Anastasia,False
1957,MUSIC (Music Score of a Dramatic or Comedy Picture),Around the World in 80 Days,True
1957,MUSIC (Music Score of a Dramatic or Comedy Picture),Between Heaven and Hell,False
1957,MUSIC (Music Score of a Dramatic or Comedy Picture),Giant,False
1957,MUSIC (Music Score of a Dramatic or Comedy Picture),The Rainmaker,False
1957,MUSIC (Scoring of a Musical Picture),The Best Things in Life Are Free,False
1957,MUSIC (Scoring of a Musical Picture),The Eddy Duchin Story,False
1957,MUSIC (Scoring of a Musical Picture),High Society,False
1957,MUSIC (Scoring of a Musical Picture),The King and I,True
1957,MUSIC (Scoring of a Musical Picture),Meet Me in Las Vegas,False
1957,MUSIC (Song),Friendly Persuasion,False
1957,MUSIC (Song),Julie,False
1957,MUSIC (Song),High Society,False
1957,MUSIC (Song),The Man Who Knew Too Much,True
1957,MUSIC (Song),Written on the Wind,False
1957,BEST MOTION PICTURE,Around the World in 80 Days,True
1957,BEST MOTION PICTURE,Friendly Persuasion,False
1957,BEST MOTION PICTURE,Giant,False
1957,BEST MOTION PICTURE,The King and I,False
1957,BEST MOTION PICTURE,The Ten Commandments,False
1957,SHORT SUBJECT (Cartoon),Gerald McBoing-Boing on Planet Moo,False
1957,SHORT SUBJECT (Cartoon),The Jaywalker,False
1957,SHORT SUBJECT (Cartoon),Mister Magoo's Puddle Jumper,True
1957,SHORT SUBJECT (One-reel),Crashing the Water Barrier,True
1957,SHORT SUBJECT (One-reel),I Never Forget a Face,False
1957,SHORT SUBJECT (One-reel),Time Stood Still,False
1957,SHORT SUBJECT (Two-reel),The Bespoke Overcoat,True
1957,SHORT SUBJECT (Two-reel),Cow Dog,False
1957,SHORT SUBJECT (Two-reel),The Dark Wave,False
1957,SHORT SUBJECT (Two-reel),Samoa,False
1957,SOUND RECORDING,The Brave One,False
1957,SOUND RECORDING,The Eddy Duchin Story,False
1957,SOUND RECORDING,Friendly Persuasion,False
1957,SOUND RECORDING,The King and I,True
1957,SOUND RECORDING,The Ten Commandments,False
1957,SPECIAL EFFECTS,Forbidden Planet,False
1957,SPECIAL EFFECTS,The Ten Commandments,True
1957,WRITING (Motion Picture Story),The Brave One,True
1957,WRITING (Motion Picture Story),The Eddy Duchin Story,False
1957,WRITING (Motion Picture Story),High Society,False
1957,WRITING (Motion Picture Story),The Proud and the Beautiful,False
1957,WRITING (Motion Picture Story),Umberto D.,False
1957,WRITING (Screenplay--Adapted),Around the World in 80 Days,True
1957,WRITING (Screenplay--Adapted),Baby Doll,False
1957,WRITING (Screenplay--Adapted),Friendly Persuasion,False
1957,WRITING (Screenplay--Adapted),Giant,False
1957,WRITING (Screenplay--Adapted),Lust for Life,False
1957,WRITING (Screenplay--Original),The Bold and the Brave,False
1957,WRITING (Screenplay--Original),Julie,False
1957,WRITING (Screenplay--Original),La Strada,False
1957,WRITING (Screenplay--Original),The Ladykillers,False
1957,WRITING (Screenplay--Original),The Red Balloon,True
1957,JEAN HERSHOLT HUMANITARIAN AWARD,,True
1957,HONORARY AWARD,,True
1957,IRVING G. THALBERG MEMORIAL AWARD,,True
1958,ACTOR,Sayonara,False
1958,ACTOR,A Hatful of Rain,False
1958,ACTOR,The Bridge on the River Kwai,True
1958,ACTOR,Witness for the Prosecution,False
1958,ACTOR,Wild Is the Wind,False
1958,ACTOR IN A SUPPORTING ROLE,Sayonara,True
1958,ACTOR IN A SUPPORTING ROLE,A Farewell to Arms,False
1958,ACTOR IN A SUPPORTING ROLE,The Bridge on the River Kwai,False
1958,ACTOR IN A SUPPORTING ROLE,Peyton Place,False
1958,ACTOR IN A SUPPORTING ROLE,Peyton Place,False
1958,ACTRESS,"Heaven Knows, Mr. Allison",False
1958,ACTRESS,Wild Is the Wind,False
1958,ACTRESS,Raintree County,False
1958,ACTRESS,Peyton Place,False
1958,ACTRESS,The Three Faces of Eve,True
1958,ACTRESS IN A SUPPORTING ROLE,The Bachelor Party,False
1958,ACTRESS IN A SUPPORTING ROLE,Witness for the Prosecution,False
1958,ACTRESS IN A SUPPORTING ROLE,Peyton Place,False
1958,ACTRESS IN A SUPPORTING ROLE,Sayonara,True
1958,ACTRESS IN A SUPPORTING ROLE,Peyton Place,False
1958,ART DIRECTION,Funny Face,False
1958,ART DIRECTION,Les Girls,False
1958,ART DIRECTION,Pal Joey,False
1958,ART DIRECTION,Raintree County,False
1958,ART DIRECTION,Sayonara,True
1958,CINEMATOGRAPHY,An Affair to Remember,False
1958,CINEMATOGRAPHY,The Bridge on the River Kwai,True
1958,CINEMATOGRAPHY,Funny Face,False
1958,CINEMATOGRAPHY,Peyton Place,False
1958,CINEMATOGRAPHY,Sayonara,False
1958,COSTUME DESIGN,An Affair to Remember,False
1958,COSTUME DESIGN,Funny Face,False
1958,COSTUME DESIGN,Les Girls,True
1958,COSTUME DESIGN,Pal Joey,False
1958,COSTUME DESIGN,Raintree County,False
1958,DIRECTING,The Bridge on the River Kwai,True
1958,DIRECTING,Peyton Place,False
1958,DIRECTING,Sayonara,False
1958,DIRECTING,12 Angry Men,False
1958,DIRECTING,Witness for the Prosecution,False
1958,DOCUMENTARY (Feature),Albert Schweitzer,True
1958,DOCUMENTARY (Feature),On the Bowery,False
1958,DOCUMENTARY (Feature),Torero!,False
1958,FILM EDITING,The Bridge on the River Kwai,True
1958,FILM EDITING,Gunfight at the O.K. Corral,False
1958,FILM EDITING,Pal Joey,False
1958,FILM EDITING,Sayonara,False
1958,FILM EDITING,Witness for the Prosecution,False
1958,FOREIGN LANGUAGE FILM,The Devil Came at Night,False
1958,FOREIGN LANGUAGE FILM,Gates of Paris,False
1958,FOREIGN LANGUAGE FILM,Mother India,False
1958,FOREIGN LANGUAGE FILM,The Nights of Cabiria,True
1958,FOREIGN LANGUAGE FILM,Nine Lives,False
1958,MUSIC (Scoring),An Affair to Remember,False
1958,MUSIC (Scoring),Boy on a Dolphin,False
1958,MUSIC (Scoring),The Bridge on the River Kwai,True
1958,MUSIC (Scoring),Perri,False
1958,MUSIC (Scoring),Raintree County,False
1958,MUSIC (Song),An Affair to Remember,False
1958,MUSIC (Song),The Joker Is Wild,True
1958,MUSIC (Song),April Love,False
1958,MUSIC (Song),Tammy and the Bachelor,False
1958,MUSIC (Song),Wild Is the Wind,False
1958,BEST MOTION PICTURE,The Bridge on the River Kwai,True
1958,BEST MOTION PICTURE,Peyton Place,False
1958,BEST MOTION PICTURE,Sayonara,False
1958,BEST MOTION PICTURE,12 Angry Men,False
1958,BEST MOTION PICTURE,Witness for the Prosecution,False
1958,SHORT SUBJECT (Cartoon),Birds Anonymous,True
1958,SHORT SUBJECT (Cartoon),One Droopy Knight,False
1958,SHORT SUBJECT (Cartoon),Tabasco Road,False
1958,SHORT SUBJECT (Cartoon),Trees and Jamaica Daddy,False
1958,SHORT SUBJECT (Cartoon),The Truth about Mother Goose,False
1958,SHORT SUBJECT (Live Action),A Chairy Tale,False
1958,SHORT SUBJECT (Live Action),City of Gold,False
1958,SHORT SUBJECT (Live Action),Foothold on Antarctica,False
1958,SHORT SUBJECT (Live Action),Portugal,False
1958,SHORT SUBJECT (Live Action),The Wetback Hound,True
1958,SOUND RECORDING,Gunfight at the O.K. Corral,False
1958,SOUND RECORDING,Les Girls,False
1958,SOUND RECORDING,Pal Joey,False
1958,SOUND RECORDING,Sayonara,True
1958,SOUND RECORDING,Witness for the Prosecution,False
1958,SPECIAL EFFECTS,The Enemy Below,True
1958,SPECIAL EFFECTS,The Spirit of St. Louis,False
1958,WRITING (Screenplay--based on material from another medium),The Bridge on the River Kwai,True
1958,WRITING (Screenplay--based on material from another medium),"Heaven Knows, Mr. Allison",False
1958,WRITING (Screenplay--based on material from another medium),Peyton Place,False
1958,WRITING (Screenplay--based on material from another medium),Sayonara,False
1958,WRITING (Screenplay--based on material from another medium),12 Angry Men,False
1958,WRITING (Story and Screenplay--written directly for the screen),Designing Woman,True
1958,WRITING (Story and Screenplay--written directly for the screen),Funny Face,False
1958,WRITING (Story and Screenplay--written directly for the screen),Man of a Thousand Faces,False
1958,WRITING (Story and Screenplay--written directly for the screen),The Tin Star,False
1958,WRITING (Story and Screenplay--written directly for the screen),Vitelloni,False
1958,JEAN HERSHOLT HUMANITARIAN AWARD,,True
1958,HONORARY AWARD,,True
1958,HONORARY AWARD,,True
1958,HONORARY AWARD,,True
1958,HONORARY AWARD,,True
1959,ACTOR,The Defiant Ones,False
1959,ACTOR,Cat on a Hot Tin Roof,False
1959,ACTOR,Separate Tables,True
1959,ACTOR,The Defiant Ones,False
1959,ACTOR,The Old Man and the Sea,False
1959,ACTOR IN A SUPPORTING ROLE,The Defiant Ones,False
1959,ACTOR IN A SUPPORTING ROLE,The Brothers Karamazov,False
1959,ACTOR IN A SUPPORTING ROLE,The Big Country,True
1959,ACTOR IN A SUPPORTING ROLE,Some Came Running,False
1959,ACTOR IN A SUPPORTING ROLE,Teacher's Pet,False
1959,ACTRESS,I Want to Live!,True
1959,ACTRESS,Separate Tables,False
1959,ACTRESS,Some Came Running,False
1959,ACTRESS,Auntie Mame,False
1959,ACTRESS,Cat on a Hot Tin Roof,False
1959,ACTRESS IN A SUPPORTING ROLE,Auntie Mame,False
1959,ACTRESS IN A SUPPORTING ROLE,Separate Tables,True
1959,ACTRESS IN A SUPPORTING ROLE,Some Came Running,False
1959,ACTRESS IN A SUPPORTING ROLE,Lonelyhearts,False
1959,ACTRESS IN A SUPPORTING ROLE,The Defiant Ones,False
1959,ART DIRECTION,Auntie Mame,False
1959,ART DIRECTION,"Bell, Book and Candle",False
1959,ART DIRECTION,A Certain Smile,False
1959,ART DIRECTION,Gigi,True
1959,ART DIRECTION,Vertigo,False
1959,CINEMATOGRAPHY (Black-and-White),The Defiant Ones,True
1959,CINEMATOGRAPHY (Black-and-White),Desire under the Elms,False
1959,CINEMATOGRAPHY (Black-and-White),I Want to Live!,False
1959,CINEMATOGRAPHY (Black-and-White),Separate Tables,False
1959,CINEMATOGRAPHY (Black-and-White),The Young Lions,False
1959,CINEMATOGRAPHY (Color),Auntie Mame,False
1959,CINEMATOGRAPHY (Color),Cat on a Hot Tin Roof,False
1959,CINEMATOGRAPHY (Color),Gigi,True
1959,CINEMATOGRAPHY (Color),The Old Man and the Sea,False
1959,CINEMATOGRAPHY (Color),South Pacific,False
1959,COSTUME DESIGN,"Bell, Book and Candle",False
1959,COSTUME DESIGN,The Buccaneer,False
1959,COSTUME DESIGN,A Certain Smile,False
1959,COSTUME DESIGN,Gigi,True
1959,COSTUME DESIGN,Some Came Running,False
1959,DIRECTING,Cat on a Hot Tin Roof,False
1959,DIRECTING,The Defiant Ones,False
1959,DIRECTING,Gigi,True
1959,DIRECTING,I Want to Live!,False
1959,DIRECTING,The Inn of the Sixth Happiness,False
1959,DOCUMENTARY (Feature),Antarctic Crossing,False
1959,DOCUMENTARY (Feature),The Hidden World,False
1959,DOCUMENTARY (Feature),Psychiatric Nursing,False
1959,DOCUMENTARY (Feature),White Wilderness,True
1959,DOCUMENTARY (Short Subject),Ama Girls,True
1959,DOCUMENTARY (Short Subject),Employees Only,False
1959,DOCUMENTARY (Short Subject),Journey into Spring,False
1959,DOCUMENTARY (Short Subject),The Living Stone,False
1959,DOCUMENTARY (Short Subject),Overture,False
1959,FILM EDITING,Auntie Mame,False
1959,FILM EDITING,Cowboy,False
1959,FILM EDITING,The Defiant Ones,False
1959,FILM EDITING,Gigi,True
1959,FILM EDITING,I Want to Live!,False
1959,FOREIGN LANGUAGE FILM,Arms and the Man,False
1959,FOREIGN LANGUAGE FILM,La Venganza,False
1959,FOREIGN LANGUAGE FILM,My Uncle,True
1959,FOREIGN LANGUAGE FILM,The Road a Year Long,False
1959,FOREIGN LANGUAGE FILM,The Usual Unidentified Thieves,False
1959,MUSIC (Music Score of a Dramatic or Comedy Picture),The Big Country,False
1959,MUSIC (Music Score of a Dramatic or Comedy Picture),The Old Man and the Sea,True
1959,MUSIC (Music Score of a Dramatic or Comedy Picture),Separate Tables,False
1959,MUSIC (Music Score of a Dramatic or Comedy Picture),White Wilderness,False
1959,MUSIC (Music Score of a Dramatic or Comedy Picture),The Young Lions,False
1959,MUSIC (Scoring of a Musical Picture),The Bolshoi Ballet,False
1959,MUSIC (Scoring of a Musical Picture),Damn Yankees,False
1959,MUSIC (Scoring of a Musical Picture),Gigi,True
1959,MUSIC (Scoring of a Musical Picture),Mardi Gras,False
1959,MUSIC (Scoring of a Musical Picture),South Pacific,False
1959,MUSIC (Song),Houseboat,False
1959,MUSIC (Song),A Certain Smile,False
1959,MUSIC (Song),Gigi,True
1959,MUSIC (Song),Some Came Running,False
1959,MUSIC (Song),Marjorie Morningstar,False
1959,BEST MOTION PICTURE,Auntie Mame,False
1959,BEST MOTION PICTURE,Cat on a Hot Tin Roof,False
1959,BEST MOTION PICTURE,The Defiant Ones,False
1959,BEST MOTION PICTURE,Gigi,True
1959,BEST MOTION PICTURE,Separate Tables,False
1959,SHORT SUBJECT (Cartoon),Knighty Knight Bugs,True
1959,SHORT SUBJECT (Cartoon),Paul Bunyan,False
1959,SHORT SUBJECT (Cartoon),Sidney's Family Tree,False
1959,SHORT SUBJECT (Live Action),Grand Canyon,True
1959,SHORT SUBJECT (Live Action),Journey into Spring,False
1959,SHORT SUBJECT (Live Action),The Kiss,False
1959,SHORT SUBJECT (Live Action),Snows of Aorangi,False
1959,SHORT SUBJECT (Live Action),T Is for Tumbleweed,False
1959,SOUND,I Want to Live!,False
1959,SOUND,South Pacific,True
1959,SOUND,A Time to Love and a Time to Die,False
1959,SOUND,Vertigo,False
1959,SOUND,The Young Lions,False
1959,SPECIAL EFFECTS,tom thumb,True
1959,SPECIAL EFFECTS,Torpedo Run,False
1959,WRITING (Screenplay--based on material from another medium),Cat on a Hot Tin Roof,False
1959,WRITING (Screenplay--based on material from another medium),Gigi,True
1959,WRITING (Screenplay--based on material from another medium),The Horse's Mouth,False
1959,WRITING (Screenplay--based on material from another medium),I Want to Live!,False
1959,WRITING (Screenplay--based on material from another medium),Separate Tables,False
1959,WRITING (Story and Screenplay--written directly for the screen),The Defiant Ones,True
1959,WRITING (Story and Screenplay--written directly for the screen),The Goddess,False
1959,WRITING (Story and Screenplay--written directly for the screen),Houseboat,False
1959,WRITING (Story and Screenplay--written directly for the screen),The Sheepman,False
1959,WRITING (Story and Screenplay--written directly for the screen),Teacher's Pet,False
1959,HONORARY AWARD,,True
1959,IRVING G. THALBERG MEMORIAL AWARD,,True
1960,ACTOR,Room at the Top,False
1960,ACTOR,Ben-Hur,True
1960,ACTOR,Some Like It Hot,False
1960,ACTOR,The Last Angry Man,False
1960,ACTOR,Anatomy of a Murder,False
1960,ACTOR IN A SUPPORTING ROLE,Ben-Hur,True
1960,ACTOR IN A SUPPORTING ROLE,Anatomy of a Murder,False
1960,ACTOR IN A SUPPORTING ROLE,Anatomy of a Murder,False
1960,ACTOR IN A SUPPORTING ROLE,The Young Philadelphians,False
1960,ACTOR IN A SUPPORTING ROLE,The Diary of Anne Frank,False
1960,ACTRESS,Pillow Talk,False
1960,ACTRESS,The Nun's Story,False
1960,ACTRESS,"Suddenly, Last Summer",False
1960,ACTRESS,Room at the Top,True
1960,ACTRESS,"Suddenly, Last Summer",False
1960,ACTRESS IN A SUPPORTING ROLE,Room at the Top,False
1960,ACTRESS IN A SUPPORTING ROLE,Imitation of Life,False
1960,ACTRESS IN A SUPPORTING ROLE,Imitation of Life,False
1960,ACTRESS IN A SUPPORTING ROLE,Pillow Talk,False
1960,ACTRESS IN A SUPPORTING ROLE,The Diary of Anne Frank,True
1960,ART DIRECTION (Black-and-White),Career,False
1960,ART DIRECTION (Black-and-White),The Diary of Anne Frank,True
1960,ART DIRECTION (Black-and-White),The Last Angry Man,False
1960,ART DIRECTION (Black-and-White),Some Like It Hot,False
1960,ART DIRECTION (Black-and-White),"Suddenly, Last Summer",False
1960,ART DIRECTION (Color),Ben-Hur,True
1960,ART DIRECTION (Color),The Big Fisherman,False
1960,ART DIRECTION (Color),Journey to the Center of the Earth,False
1960,ART DIRECTION (Color),North by Northwest,False
1960,ART DIRECTION (Color),Pillow Talk,False
1960,CINEMATOGRAPHY (Black-and-White),Anatomy of a Murder,False
1960,CINEMATOGRAPHY (Black-and-White),Career,False
1960,CINEMATOGRAPHY (Black-and-White),The Diary of Anne Frank,True
1960,CINEMATOGRAPHY (Black-and-White),Some Like It Hot,False
1960,CINEMATOGRAPHY (Black-and-White),The Young Philadelphians,False
1960,CINEMATOGRAPHY (Color),Ben-Hur,True
1960,CINEMATOGRAPHY (Color),The Big Fisherman,False
1960,CINEMATOGRAPHY (Color),The Five Pennies,False
1960,CINEMATOGRAPHY (Color),The Nun's Story,False
1960,CINEMATOGRAPHY (Color),Porgy and Bess,False
1960,COSTUME DESIGN (Black-and-White),Career,False
1960,COSTUME DESIGN (Black-and-White),The Diary of Anne Frank,False
1960,COSTUME DESIGN (Black-and-White),The Gazebo,False
1960,COSTUME DESIGN (Black-and-White),Some Like It Hot,True
1960,COSTUME DESIGN (Black-and-White),The Young Philadelphians,False
1960,COSTUME DESIGN (Color),Ben-Hur,True
1960,COSTUME DESIGN (Color),The Best of Everything,False
1960,COSTUME DESIGN (Color),The Big Fisherman,False
1960,COSTUME DESIGN (Color),The Five Pennies,False
1960,COSTUME DESIGN (Color),Porgy and Bess,False
1960,DIRECTING,Ben-Hur,True
1960,DIRECTING,The Diary of Anne Frank,False
1960,DIRECTING,The Nun's Story,False
1960,DIRECTING,Room at the Top,False
1960,DIRECTING,Some Like It Hot,False
1960,DOCUMENTARY (Feature),The Race for Space,False
1960,DOCUMENTARY (Feature),Serengeti Shall Not Die,True
1960,DOCUMENTARY (Short Subject),Donald in Mathmagic Land,False
1960,DOCUMENTARY (Short Subject),From Generation to Generation,False
1960,DOCUMENTARY (Short Subject),Glass,True
1960,FILM EDITING,Anatomy of a Murder,False
1960,FILM EDITING,Ben-Hur,True
1960,FILM EDITING,North by Northwest,False
1960,FILM EDITING,The Nun's Story,False
1960,FILM EDITING,On the Beach,False
1960,FOREIGN LANGUAGE FILM,Black Orpheus,True
1960,FOREIGN LANGUAGE FILM,The Bridge,False
1960,FOREIGN LANGUAGE FILM,The Great War,False
1960,FOREIGN LANGUAGE FILM,Paw,False
1960,FOREIGN LANGUAGE FILM,The Village on the River,False
1960,MUSIC (Music Score of a Dramatic or Comedy Picture),Ben-Hur,True
1960,MUSIC (Music Score of a Dramatic or Comedy Picture),The Diary of Anne Frank,False
1960,MUSIC (Music Score of a Dramatic or Comedy Picture),The Nun's Story,False
1960,MUSIC (Music Score of a Dramatic or Comedy Picture),On the Beach,False
1960,MUSIC (Music Score of a Dramatic or Comedy Picture),Pillow Talk,False
1960,MUSIC (Scoring of a Musical Picture),The Five Pennies,False
1960,MUSIC (Scoring of a Musical Picture),Li'l Abner,False
1960,MUSIC (Scoring of a Musical Picture),Porgy and Bess,True
1960,MUSIC (Scoring of a Musical Picture),Say One for Me,False
1960,MUSIC (Scoring of a Musical Picture),Sleeping Beauty,False
1960,MUSIC (Song),The Best of Everything,False
1960,MUSIC (Song),The Five Pennies,False
1960,MUSIC (Song),The Hanging Tree,False
1960,MUSIC (Song),A Hole in the Head,True
1960,MUSIC (Song),The Young Land,False
1960,BEST MOTION PICTURE,Anatomy of a Murder,False
1960,BEST MOTION PICTURE,Ben-Hur,True
1960,BEST MOTION PICTURE,The Diary of Anne Frank,False
1960,BEST MOTION PICTURE,The Nun's Story,False
1960,BEST MOTION PICTURE,Room at the Top,False
1960,SHORT SUBJECT (Cartoon),Mexicali Shmoes,False
1960,SHORT SUBJECT (Cartoon),Moonbird,True
1960,SHORT SUBJECT (Cartoon),Noah's Ark,False
1960,SHORT SUBJECT (Cartoon),The Violinist,False
1960,SHORT SUBJECT (Live Action),Between the Tides,False
1960,SHORT SUBJECT (Live Action),The Golden Fish,True
1960,SHORT SUBJECT (Live Action),Mysteries of the Deep,False
1960,SHORT SUBJECT (Live Action),"The Running, Jumping and Standing-Still Film",False
1960,SHORT SUBJECT (Live Action),Skyscraper,False
1960,SOUND,Ben-Hur,True
1960,SOUND,Journey to the Center of the Earth,False
1960,SOUND,Libel!,False
1960,SOUND,The Nun's Story,False
1960,SOUND,Porgy and Bess,False
1960,SPECIAL EFFECTS,Ben-Hur,True
1960,SPECIAL EFFECTS,Journey to the Center of the Earth,False
1960,WRITING (Screenplay--based on material from another medium),Anatomy of a Murder,False
1960,WRITING (Screenplay--based on material from another medium),Ben-Hur,False
1960,WRITING (Screenplay--based on material from another medium),The Nun's Story,False
1960,WRITING (Screenplay--based on material from another medium),Room at the Top,True
1960,WRITING (Screenplay--based on material from another medium),Some Like It Hot,False
1960,WRITING (Story and Screenplay--written directly for the screen),The 400 Blows,False
1960,WRITING (Story and Screenplay--written directly for the screen),North by Northwest,False
1960,WRITING (Story and Screenplay--written directly for the screen),Operation Petticoat,False
1960,WRITING (Story and Screenplay--written directly for the screen),Pillow Talk,True
1960,WRITING (Story and Screenplay--written directly for the screen),Wild Strawberries,False
1960,JEAN HERSHOLT HUMANITARIAN AWARD,,True
1960,HONORARY AWARD,,True
1960,HONORARY AWARD,,True
1961,ACTOR,Sons and Lovers,False
1961,ACTOR,Elmer Gantry,True
1961,ACTOR,The Apartment,False
1961,ACTOR,The Entertainer,False
1961,ACTOR,Inherit the Wind,False
1961,ACTOR IN A SUPPORTING ROLE,"Murder, Inc.",False
1961,ACTOR IN A SUPPORTING ROLE,The Apartment,False
1961,ACTOR IN A SUPPORTING ROLE,Exodus,False
1961,ACTOR IN A SUPPORTING ROLE,Spartacus,True
1961,ACTOR IN A SUPPORTING ROLE,The Alamo,False
1961,ACTRESS,Sunrise at Campobello,False
1961,ACTRESS,The Sundowners,False
1961,ACTRESS,The Apartment,False
1961,ACTRESS,Never on Sunday,False
1961,ACTRESS,Butterfield 8,True
1961,ACTRESS IN A SUPPORTING ROLE,The Sundowners,False
1961,ACTRESS IN A SUPPORTING ROLE,Elmer Gantry,True
1961,ACTRESS IN A SUPPORTING ROLE,The Dark at the Top of the Stairs,False
1961,ACTRESS IN A SUPPORTING ROLE,Psycho,False
1961,ACTRESS IN A SUPPORTING ROLE,Sons and Lovers,False
1961,ART DIRECTION (Black-and-White),The Apartment,True
1961,ART DIRECTION (Black-and-White),The Facts of Life,False
1961,ART DIRECTION (Black-and-White),Psycho,False
1961,ART DIRECTION (Black-and-White),Sons and Lovers,False
1961,ART DIRECTION (Black-and-White),Visit to a Small Planet,False
1961,ART DIRECTION (Color),Cimarron,False
1961,ART DIRECTION (Color),It Started in Naples,False
1961,ART DIRECTION (Color),Pepe,False
1961,ART DIRECTION (Color),Spartacus,True
1961,ART DIRECTION (Color),Sunrise at Campobello,False
1961,CINEMATOGRAPHY (Black-and-White),The Apartment,False
1961,CINEMATOGRAPHY (Black-and-White),The Facts of Life,False
1961,CINEMATOGRAPHY (Black-and-White),Inherit the Wind,False
1961,CINEMATOGRAPHY (Black-and-White),Psycho,False
1961,CINEMATOGRAPHY (Black-and-White),Sons and Lovers,True
1961,CINEMATOGRAPHY (Color),The Alamo,False
1961,CINEMATOGRAPHY (Color),Butterfield 8,False
1961,CINEMATOGRAPHY (Color),Exodus,False
1961,CINEMATOGRAPHY (Color),Pepe,False
1961,CINEMATOGRAPHY (Color),Spartacus,True
1961,COSTUME DESIGN (Black-and-White),The Facts of Life,True
1961,COSTUME DESIGN (Black-and-White),Never on Sunday,False
1961,COSTUME DESIGN (Black-and-White),The Rise and Fall of Legs Diamond,False
1961,COSTUME DESIGN (Black-and-White),Seven Thieves,False
1961,COSTUME DESIGN (Black-and-White),The Virgin Spring,False
1961,COSTUME DESIGN (Color),Can-Can,False
1961,COSTUME DESIGN (Color),Midnight Lace,False
1961,COSTUME DESIGN (Color),Pepe,False
1961,COSTUME DESIGN (Color),Spartacus,True
1961,COSTUME DESIGN (Color),Sunrise at Campobello,False
1961,DIRECTING,The Apartment,True
1961,DIRECTING,Never on Sunday,False
1961,DIRECTING,Psycho,False
1961,DIRECTING,Sons and Lovers,False
1961,DIRECTING,The Sundowners,False
1961,DOCUMENTARY (Feature),The Horse with the Flying Tail,True
1961,DOCUMENTARY (Feature),Rebel in Paradise,False
1961,DOCUMENTARY (Short Subject),Beyond Silence,False
1961,DOCUMENTARY (Short Subject),A City Called Copenhagen,False
1961,DOCUMENTARY (Short Subject),George Grosz' Interregnum,False
1961,DOCUMENTARY (Short Subject),Giuseppina,True
1961,DOCUMENTARY (Short Subject),Universe,False
1961,FILM EDITING,The Alamo,False
1961,FILM EDITING,The Apartment,True
1961,FILM EDITING,Inherit the Wind,False
1961,FILM EDITING,Pepe,False
1961,FILM EDITING,Spartacus,False
1961,FOREIGN LANGUAGE FILM,Kapo,False
1961,FOREIGN LANGUAGE FILM,La Vérité,False
1961,FOREIGN LANGUAGE FILM,Macario,False
1961,FOREIGN LANGUAGE FILM,The Ninth Circle,False
1961,FOREIGN LANGUAGE FILM,The Virgin Spring,True
1961,MUSIC (Music Score of a Dramatic or Comedy Picture),The Alamo,False
1961,MUSIC (Music Score of a Dramatic or Comedy Picture),Elmer Gantry,False
1961,MUSIC (Music Score of a Dramatic or Comedy Picture),Exodus,True
1961,MUSIC (Music Score of a Dramatic or Comedy Picture),The Magnificent Seven,False
1961,MUSIC (Music Score of a Dramatic or Comedy Picture),Spartacus,False
1961,MUSIC (Scoring of a Musical Picture),Bells Are Ringing,False
1961,MUSIC (Scoring of a Musical Picture),Can-Can,False
1961,MUSIC (Scoring of a Musical Picture),Let's Make Love,False
1961,MUSIC (Scoring of a Musical Picture),Pepe,False
1961,MUSIC (Scoring of a Musical Picture),Song without End (The Story of Franz Liszt),True
1961,MUSIC (Song),The Facts of Life,False
1961,MUSIC (Song),Pepe,False
1961,MUSIC (Song),The Alamo,False
1961,MUSIC (Song),Never on Sunday,True
1961,MUSIC (Song),High Time,False
1961,BEST MOTION PICTURE,The Alamo,False
1961,BEST MOTION PICTURE,The Apartment,True
1961,BEST MOTION PICTURE,Elmer Gantry,False
1961,BEST MOTION PICTURE,Sons and Lovers,False
1961,BEST MOTION PICTURE,The Sundowners,False
1961,SHORT SUBJECT (Cartoon),Goliath II,False
1961,SHORT SUBJECT (Cartoon),High Note,False
1961,SHORT SUBJECT (Cartoon),Mouse and Garden,False
1961,SHORT SUBJECT (Cartoon),Munro,True
1961,SHORT SUBJECT (Cartoon),A Place in the Sun,False
1961,SHORT SUBJECT (Live Action),The Creation of Woman,False
1961,SHORT SUBJECT (Live Action),Day of the Painter,True
1961,SHORT SUBJECT (Live Action),Islands of the Sea,False
1961,SHORT SUBJECT (Live Action),A Sport Is Born,False
1961,SOUND,The Alamo,True
1961,SOUND,The Apartment,False
1961,SOUND,Cimarron,False
1961,SOUND,Pepe,False
1961,SOUND,Sunrise at Campobello,False
1961,SPECIAL EFFECTS,The Last Voyage,False
1961,SPECIAL EFFECTS,The Time Machine,True
1961,WRITING (Screenplay--based on material from another medium),Elmer Gantry,True
1961,WRITING (Screenplay--based on material from another medium),Inherit the Wind,False
1961,WRITING (Screenplay--based on material from another medium),Sons and Lovers,False
1961,WRITING (Screenplay--based on material from another medium),The Sundowners,False
1961,WRITING (Screenplay--based on material from another medium),Tunes of Glory,False
1961,WRITING (Story and Screenplay--written directly for the screen),The Angry Silence,False
1961,WRITING (Story and Screenplay--written directly for the screen),The Apartment,True
1961,WRITING (Story and Screenplay--written directly for the screen),The Facts of Life,False
1961,WRITING (Story and Screenplay--written directly for the screen),"Hiroshima, Mon Amour",False
1961,WRITING (Story and Screenplay--written directly for the screen),Never on Sunday,False
1961,JEAN HERSHOLT HUMANITARIAN AWARD,,True
1961,HONORARY AWARD,,True
1961,HONORARY AWARD,,True
1961,HONORARY AWARD,Pollyanna,True
1962,ACTOR,Fanny,False
1962,ACTOR,The Hustler,False
1962,ACTOR,Judgment at Nuremberg,True
1962,ACTOR,Judgment at Nuremberg,False
1962,ACTOR,The Mark,False
1962,ACTOR IN A SUPPORTING ROLE,West Side Story,True
1962,ACTOR IN A SUPPORTING ROLE,Judgment at Nuremberg,False
1962,ACTOR IN A SUPPORTING ROLE,Pocketful of Miracles,False
1962,ACTOR IN A SUPPORTING ROLE,The Hustler,False
1962,ACTOR IN A SUPPORTING ROLE,The Hustler,False
1962,ACTRESS,Breakfast at Tiffany's,False
1962,ACTRESS,The Hustler,False
1962,ACTRESS,Two Women,True
1962,ACTRESS,Summer and Smoke,False
1962,ACTRESS,Splendor in the Grass,False
1962,ACTRESS IN A SUPPORTING ROLE,The Children's Hour,False
1962,ACTRESS IN A SUPPORTING ROLE,Judgment at Nuremberg,False
1962,ACTRESS IN A SUPPORTING ROLE,The Roman Spring of Mrs. Stone,False
1962,ACTRESS IN A SUPPORTING ROLE,Summer and Smoke,False
1962,ACTRESS IN A SUPPORTING ROLE,West Side Story,True
1962,ART DIRECTION (Black-and-White),The Absent Minded Professor,False
1962,ART DIRECTION (Black-and-White),The Children's Hour,False
1962,ART DIRECTION (Black-and-White),The Hustler,True
1962,ART DIRECTION (Black-and-White),Judgment at Nuremberg,False
1962,ART DIRECTION (Black-and-White),La Dolce Vita,False
1962,ART DIRECTION (Color),Breakfast at Tiffany's,False
1962,ART DIRECTION (Color),El Cid,False
1962,ART DIRECTION (Color),Flower Drum Song,False
1962,ART DIRECTION (Color),Summer and Smoke,False
1962,ART DIRECTION (Color),West Side Story,True
1962,CINEMATOGRAPHY (Black-and-White),The Absent Minded Professor,False
1962,CINEMATOGRAPHY (Black-and-White),The Children's Hour,False
1962,CINEMATOGRAPHY (Black-and-White),The Hustler,True
1962,CINEMATOGRAPHY (Black-and-White),Judgment at Nuremberg,False
1962,CINEMATOGRAPHY (Black-and-White),"One, Two, Three",False
1962,CINEMATOGRAPHY (Color),Fanny,False
1962,CINEMATOGRAPHY (Color),Flower Drum Song,False
1962,CINEMATOGRAPHY (Color),A Majority of One,False
1962,CINEMATOGRAPHY (Color),One-Eyed Jacks,False
1962,CINEMATOGRAPHY (Color),West Side Story,True
1962,COSTUME DESIGN (Black-and-White),The Children's Hour,False
1962,COSTUME DESIGN (Black-and-White),Claudelle Inglish,False
1962,COSTUME DESIGN (Black-and-White),Judgment at Nuremberg,False
1962,COSTUME DESIGN (Black-and-White),La Dolce Vita,True
1962,COSTUME DESIGN (Black-and-White),Yojimbo,False
1962,COSTUME DESIGN (Color),Babes in Toyland,False
1962,COSTUME DESIGN (Color),Back Street,False
1962,COSTUME DESIGN (Color),Flower Drum Song,False
1962,COSTUME DESIGN (Color),Pocketful of Miracles,False
1962,COSTUME DESIGN (Color),West Side Story,True
1962,DIRECTING,The Guns of Navarone,False
1962,DIRECTING,The Hustler,False
1962,DIRECTING,Judgment at Nuremberg,False
1962,DIRECTING,La Dolce Vita,False
1962,DIRECTING,West Side Story,True
1962,DOCUMENTARY (Feature),La Grande Olimpiade (Olympic Games 1960),False
1962,DOCUMENTARY (Feature),Le Ciel et la Boue (Sky Above and Mud Beneath),True
1962,DOCUMENTARY (Short Subject),Breaking the Language Barrier,False
1962,DOCUMENTARY (Short Subject),Cradle of Genius,False
1962,DOCUMENTARY (Short Subject),Kahl,False
1962,DOCUMENTARY (Short Subject),L'Uomo in Grigio (The Man in Gray),False
1962,DOCUMENTARY (Short Subject),Project Hope,True
1962,FILM EDITING,Fanny,False
1962,FILM EDITING,The Guns of Navarone,False
1962,FILM EDITING,Judgment at Nuremberg,False
1962,FILM EDITING,The Parent Trap,False
1962,FILM EDITING,West Side Story,True
1962,FOREIGN LANGUAGE FILM,Harry and the Butler,False
1962,FOREIGN LANGUAGE FILM,Immortal Love,False
1962,FOREIGN LANGUAGE FILM,The Important Man,False
1962,FOREIGN LANGUAGE FILM,Placido,False
1962,FOREIGN LANGUAGE FILM,Through a Glass Darkly,True
1962,MUSIC (Music Score of a Dramatic or Comedy Picture),Breakfast at Tiffany's,True
1962,MUSIC (Music Score of a Dramatic or Comedy Picture),El Cid,False
1962,MUSIC (Music Score of a Dramatic or Comedy Picture),Fanny,False
1962,MUSIC (Music Score of a Dramatic or Comedy Picture),The Guns of Navarone,False
1962,MUSIC (Music Score of a Dramatic or Comedy Picture),Summer and Smoke,False
1962,MUSIC (Scoring of a Musical Picture),Babes in Toyland,False
1962,MUSIC (Scoring of a Musical Picture),Flower Drum Song,False
1962,MUSIC (Scoring of a Musical Picture),Khovanshchina,False
1962,MUSIC (Scoring of a Musical Picture),Paris Blues,False
1962,MUSIC (Scoring of a Musical Picture),West Side Story,True
1962,MUSIC (Song),Bachelor in Paradise,False
1962,MUSIC (Song),El Cid,False
1962,MUSIC (Song),Breakfast at Tiffany's,True
1962,MUSIC (Song),Pocketful of Miracles,False
1962,MUSIC (Song),Town without Pity,False
1962,BEST MOTION PICTURE,Fanny,False
1962,BEST MOTION PICTURE,The Guns of Navarone,False
1962,BEST MOTION PICTURE,The Hustler,False
1962,BEST MOTION PICTURE,Judgment at Nuremberg,False
1962,BEST MOTION PICTURE,West Side Story,True
1962,SHORT SUBJECT (Cartoon),Aquamania,False
1962,SHORT SUBJECT (Cartoon),Beep Prepared,False
1962,SHORT SUBJECT (Cartoon),Ersatz (The Substitute),True
1962,SHORT SUBJECT (Cartoon),Nelly's Folly,False
1962,SHORT SUBJECT (Cartoon),The Pied Piper of Guadalupe,False
1962,SHORT SUBJECT (Live Action),Ballon Vole (Play Ball!),False
1962,SHORT SUBJECT (Live Action),The Face of Jesus,False
1962,SHORT SUBJECT (Live Action),Rooftops of New York,False
1962,SHORT SUBJECT (Live Action),Seawards the Great Ships,True
1962,SHORT SUBJECT (Live Action),"Very Nice, Very Nice",False
1962,SOUND,The Children's Hour,False
1962,SOUND,Flower Drum Song,False
1962,SOUND,The Guns of Navarone,False
1962,SOUND,The Parent Trap,False
1962,SOUND,West Side Story,True
1962,SPECIAL EFFECTS,The Absent Minded Professor,False
1962,SPECIAL EFFECTS,The Guns of Navarone,True
1962,WRITING (Screenplay--based on material from another medium),Breakfast at Tiffany's,False
1962,WRITING (Screenplay--based on material from another medium),The Guns of Navarone,False
1962,WRITING (Screenplay--based on material from another medium),The Hustler,False
1962,WRITING (Screenplay--based on material from another medium),Judgment at Nuremberg,True
1962,WRITING (Screenplay--based on material from another medium),West Side Story,False
1962,WRITING (Story and Screenplay--written directly for the screen),Ballad of a Soldier,False
1962,WRITING (Story and Screenplay--written directly for the screen),General Della Rovere,False
1962,WRITING (Story and Screenplay--written directly for the screen),La Dolce Vita,False
1962,WRITING (Story and Screenplay--written directly for the screen),Lover Come Back,False
1962,WRITING (Story and Screenplay--written directly for the screen),Splendor in the Grass,True
1962,JEAN HERSHOLT HUMANITARIAN AWARD,,True
1962,HONORARY AWARD,A Force in Readiness,True
1962,HONORARY AWARD,,True
1962,HONORARY AWARD,,True
1962,IRVING G. THALBERG MEMORIAL AWARD,,True
1963,ACTOR,Birdman of Alcatraz,False
1963,ACTOR,Days of Wine and Roses,False
1963,ACTOR,Divorce--Italian Style,False
1963,ACTOR,Lawrence of Arabia,False
1963,ACTOR,To Kill a Mockingbird,True
1963,ACTOR IN A SUPPORTING ROLE,Sweet Bird of Youth,True
1963,ACTOR IN A SUPPORTING ROLE,What Ever Happened to Baby Jane?,False
1963,ACTOR IN A SUPPORTING ROLE,Birdman of Alcatraz,False
1963,ACTOR IN A SUPPORTING ROLE,Lawrence of Arabia,False
1963,ACTOR IN A SUPPORTING ROLE,Billy Budd,False
1963,ACTRESS,The Miracle Worker,True
1963,ACTRESS,What Ever Happened to Baby Jane?,False
1963,ACTRESS,Long Day's Journey into Night,False
1963,ACTRESS,Sweet Bird of Youth,False
1963,ACTRESS,Days of Wine and Roses,False
1963,ACTRESS IN A SUPPORTING ROLE,To Kill a Mockingbird,False
1963,ACTRESS IN A SUPPORTING ROLE,The Miracle Worker,True
1963,ACTRESS IN A SUPPORTING ROLE,Sweet Bird of Youth,False
1963,ACTRESS IN A SUPPORTING ROLE,The Manchurian Candidate,False
1963,ACTRESS IN A SUPPORTING ROLE,Birdman of Alcatraz,False
1963,ART DIRECTION (Black-and-White),Days of Wine and Roses,False
1963,ART DIRECTION (Black-and-White),The Longest Day,False
1963,ART DIRECTION (Black-and-White),Period of Adjustment,False
1963,ART DIRECTION (Black-and-White),The Pigeon That Took Rome,False
1963,ART DIRECTION (Black-and-White),To Kill a Mockingbird,True
1963,ART DIRECTION (Color),Lawrence of Arabia,True
1963,ART DIRECTION (Color),Meredith Willson's The Music Man,False
1963,ART DIRECTION (Color),Mutiny on the Bounty,False
1963,ART DIRECTION (Color),That Touch of Mink,False
1963,ART DIRECTION (Color),The Wonderful World of the Brothers Grimm,False
1963,CINEMATOGRAPHY (Black-and-White),Birdman of Alcatraz,False
1963,CINEMATOGRAPHY (Black-and-White),The Longest Day,True
1963,CINEMATOGRAPHY (Black-and-White),To Kill a Mockingbird,False
1963,CINEMATOGRAPHY (Black-and-White),Two for the Seesaw,False
1963,CINEMATOGRAPHY (Black-and-White),What Ever Happened to Baby Jane?,False
1963,CINEMATOGRAPHY (Color),Gypsy,False
1963,CINEMATOGRAPHY (Color),Hatari!,False
1963,CINEMATOGRAPHY (Color),Lawrence of Arabia,True
1963,CINEMATOGRAPHY (Color),Mutiny on the Bounty,False
1963,CINEMATOGRAPHY (Color),The Wonderful World of the Brothers Grimm,False
1963,COSTUME DESIGN (Black-and-White),Days of Wine and Roses,False
1963,COSTUME DESIGN (Black-and-White),The Man Who Shot Liberty Valance,False
1963,COSTUME DESIGN (Black-and-White),The Miracle Worker,False
1963,COSTUME DESIGN (Black-and-White),Phaedra,False
1963,COSTUME DESIGN (Black-and-White),What Ever Happened to Baby Jane?,True
1963,COSTUME DESIGN (Color),Bon Voyage!,False
1963,COSTUME DESIGN (Color),Gypsy,False
1963,COSTUME DESIGN (Color),Meredith Willson's The Music Man,False
1963,COSTUME DESIGN (Color),My Geisha,False
1963,COSTUME DESIGN (Color),The Wonderful World of the Brothers Grimm,True
1963,DIRECTING,David and Lisa,False
1963,DIRECTING,Divorce--Italian Style,False
1963,DIRECTING,Lawrence of Arabia,True
1963,DIRECTING,The Miracle Worker,False
1963,DIRECTING,To Kill a Mockingbird,False
1963,DOCUMENTARY (Feature),Alvorada (Brazil's Changing Face),False
1963,DOCUMENTARY (Feature),Black Fox,True
1963,DOCUMENTARY (Short Subject),Dylan Thomas,True
1963,DOCUMENTARY (Short Subject),The John Glenn Story,False
1963,DOCUMENTARY (Short Subject),The Road to the Wall,False
1963,FILM EDITING,Lawrence of Arabia,True
1963,FILM EDITING,The Longest Day,False
1963,FILM EDITING,The Manchurian Candidate,False
1963,FILM EDITING,Meredith Willson's The Music Man,False
1963,FILM EDITING,Mutiny on the Bounty,False
1963,FOREIGN LANGUAGE FILM,Electra,False
1963,FOREIGN LANGUAGE FILM,The Four Days of Naples,False
1963,FOREIGN LANGUAGE FILM,Keeper of Promises (The Given Word),False
1963,FOREIGN LANGUAGE FILM,Sundays and Cybele,True
1963,FOREIGN LANGUAGE FILM,Tlayucan,False
1963,MUSIC (Music Score--substantially original),Freud,False
1963,MUSIC (Music Score--substantially original),Lawrence of Arabia,True
1963,MUSIC (Music Score--substantially original),Mutiny on the Bounty,False
1963,MUSIC (Music Score--substantially original),Taras Bulba,False
1963,MUSIC (Music Score--substantially original),To Kill a Mockingbird,False
1963,MUSIC (Scoring of Music--adaptation or treatment),Billy Rose's Jumbo,False
1963,MUSIC (Scoring of Music--adaptation or treatment),Gigot,False
1963,MUSIC (Scoring of Music--adaptation or treatment),Gypsy,False
1963,MUSIC (Scoring of Music--adaptation or treatment),Meredith Willson's The Music Man,True
1963,MUSIC (Scoring of Music--adaptation or treatment),The Wonderful World of the Brothers Grimm,False
1963,MUSIC (Song),Days of Wine and Roses,True
1963,MUSIC (Song),Mutiny on the Bounty,False
1963,MUSIC (Song),Two for the Seesaw,False
1963,MUSIC (Song),Tender Is the Night,False
1963,MUSIC (Song),Walk on the Wild Side,False
1963,BEST PICTURE,Lawrence of Arabia,True
1963,BEST PICTURE,The Longest Day,False
1963,BEST PICTURE,Meredith Willson's The Music Man,False
1963,BEST PICTURE,Mutiny on the Bounty,False
1963,BEST PICTURE,To Kill a Mockingbird,False
1963,SHORT SUBJECT (Cartoon),The Hole,True
1963,SHORT SUBJECT (Cartoon),Icarus Montgolfier Wright,False
1963,SHORT SUBJECT (Cartoon),Now Hear This,False
1963,SHORT SUBJECT (Cartoon),Self Defense--For Cowards,False
1963,SHORT SUBJECT (Cartoon),Symposium on Popular Songs,False
1963,SHORT SUBJECT (Live Action),Big City Blues,False
1963,SHORT SUBJECT (Live Action),The Cadillac,False
1963,SHORT SUBJECT (Live Action),The Cliff Dwellers (formerly titled 'One Plus One'),False
1963,SHORT SUBJECT (Live Action),Heureux Anniversaire (Happy Anniversary),True
1963,SHORT SUBJECT (Live Action),Pan,False
1963,SOUND,Bon Voyage!,False
1963,SOUND,Lawrence of Arabia,True
1963,SOUND,Meredith Willson's The Music Man,False
1963,SOUND,That Touch of Mink,False
1963,SOUND,What Ever Happened to Baby Jane?,False
1963,SPECIAL EFFECTS,The Longest Day,True
1963,SPECIAL EFFECTS,Mutiny on the Bounty,False
1963,WRITING (Screenplay--based on material from another medium),David and Lisa,False
1963,WRITING (Screenplay--based on material from another medium),Lawrence of Arabia,False
1963,WRITING (Screenplay--based on material from another medium),Lolita,False
1963,WRITING (Screenplay--based on material from another medium),The Miracle Worker,False
1963,WRITING (Screenplay--based on material from another medium),To Kill a Mockingbird,True
1963,WRITING (Story and Screenplay--written directly for the screen),Divorce--Italian Style,True
1963,WRITING (Story and Screenplay--written directly for the screen),Freud,False
1963,WRITING (Story and Screenplay--written directly for the screen),Last Year at Marienbad,False
1963,WRITING (Story and Screenplay--written directly for the screen),That Touch of Mink,False
1963,WRITING (Story and Screenplay--written directly for the screen),Through a Glass Darkly,False
1963,JEAN HERSHOLT HUMANITARIAN AWARD,,True
1964,ACTOR,Tom Jones,False
1964,ACTOR,This Sporting Life,False
1964,ACTOR,Cleopatra,False
1964,ACTOR,Hud,False
1964,ACTOR,Lilies of the Field,True
1964,ACTOR IN A SUPPORTING ROLE,Twilight of Honor,False
1964,ACTOR IN A SUPPORTING ROLE,"Captain Newman, M.D.",False
1964,ACTOR IN A SUPPORTING ROLE,Hud,True
1964,ACTOR IN A SUPPORTING ROLE,Tom Jones,False
1964,ACTOR IN A SUPPORTING ROLE,The Cardinal,False
1964,ACTRESS,The L-Shaped Room,False
1964,ACTRESS,Irma La Douce,False
1964,ACTRESS,Hud,True
1964,ACTRESS,This Sporting Life,False
1964,ACTRESS,Love with the Proper Stranger,False
1964,ACTRESS IN A SUPPORTING ROLE,Tom Jones,False
1964,ACTRESS IN A SUPPORTING ROLE,Tom Jones,False
1964,ACTRESS IN A SUPPORTING ROLE,Tom Jones,False
1964,ACTRESS IN A SUPPORTING ROLE,The V.I.P.s,True
1964,ACTRESS IN A SUPPORTING ROLE,Lilies of the Field,False
1964,ART DIRECTION (Black-and-White),America America,True
1964,ART DIRECTION (Black-and-White),Federico Fellini's 8-1/2,False
1964,ART DIRECTION (Black-and-White),Hud,False
1964,ART DIRECTION (Black-and-White),Love with the Proper Stranger,False
1964,ART DIRECTION (Black-and-White),Twilight of Honor,False
1964,ART DIRECTION (Color),The Cardinal,False
1964,ART DIRECTION (Color),Cleopatra,True
1964,ART DIRECTION (Color),Come Blow Your Horn,False
1964,ART DIRECTION (Color),How the West Was Won,False
1964,ART DIRECTION (Color),Tom Jones,False
1964,CINEMATOGRAPHY (Black-and-White),The Balcony,False
1964,CINEMATOGRAPHY (Black-and-White),The Caretakers,False
1964,CINEMATOGRAPHY (Black-and-White),Hud,True
1964,CINEMATOGRAPHY (Black-and-White),Lilies of the Field,False
1964,CINEMATOGRAPHY (Black-and-White),Love with the Proper Stranger,False
1964,CINEMATOGRAPHY (Color),The Cardinal,False
1964,CINEMATOGRAPHY (Color),Cleopatra,True
1964,CINEMATOGRAPHY (Color),How the West Was Won,False
1964,CINEMATOGRAPHY (Color),Irma La Douce,False
1964,CINEMATOGRAPHY (Color),"It's a Mad, Mad, Mad, Mad World",False
1964,COSTUME DESIGN (Black-and-White),Federico Fellini's 8-1/2,True
1964,COSTUME DESIGN (Black-and-White),Love with the Proper Stranger,False
1964,COSTUME DESIGN (Black-and-White),The Stripper,False
1964,COSTUME DESIGN (Black-and-White),Toys in the Attic,False
1964,COSTUME DESIGN (Black-and-White),Wives and Lovers,False
1964,COSTUME DESIGN (Color),The Cardinal,False
1964,COSTUME DESIGN (Color),Cleopatra,True
1964,COSTUME DESIGN (Color),How the West Was Won,False
1964,COSTUME DESIGN (Color),The Leopard,False
1964,COSTUME DESIGN (Color),A New Kind of Love,False
1964,DIRECTING,America America,False
1964,DIRECTING,The Cardinal,False
1964,DIRECTING,Federico Fellini's 8-1/2,False
1964,DIRECTING,Hud,False
1964,DIRECTING,Tom Jones,True
1964,DOCUMENTARY (Feature),Le Maillon et la Chaine (The Link and the Chain),False
1964,DOCUMENTARY (Feature),Robert Frost: A Lover's Quarrel with the World,True
1964,DOCUMENTARY (Feature),Terminus,False
1964,DOCUMENTARY (Feature),The Yanks Are Coming,False
1964,DOCUMENTARY (Short Subject),Chagall,True
1964,DOCUMENTARY (Short Subject),The Five Cities of June,False
1964,DOCUMENTARY (Short Subject),The Spirit of America,False
1964,DOCUMENTARY (Short Subject),Thirty Million Letters,False
1964,DOCUMENTARY (Short Subject),To Live Again,False
1964,FILM EDITING,The Cardinal,False
1964,FILM EDITING,Cleopatra,False
1964,FILM EDITING,The Great Escape,False
1964,FILM EDITING,How the West Was Won,True
1964,FILM EDITING,"It's a Mad, Mad, Mad, Mad World",False
1964,FOREIGN LANGUAGE FILM,Federico Fellini's 8-1/2,True
1964,FOREIGN LANGUAGE FILM,Knife in the Water,False
1964,FOREIGN LANGUAGE FILM,Los Tarantos,False
1964,FOREIGN LANGUAGE FILM,The Red Lanterns,False
1964,FOREIGN LANGUAGE FILM,Twin Sisters of Kyoto,False
1964,MUSIC (Music Score--substantially original),Cleopatra,False
1964,MUSIC (Music Score--substantially original),55 Days at Peking,False
1964,MUSIC (Music Score--substantially original),How the West Was Won,False
1964,MUSIC (Music Score--substantially original),"It's a Mad, Mad, Mad, Mad World",False
1964,MUSIC (Music Score--substantially original),Tom Jones,True
1964,MUSIC (Scoring of Music--adaptation or treatment),Bye Bye Birdie,False
1964,MUSIC (Scoring of Music--adaptation or treatment),Irma La Douce,True
1964,MUSIC (Scoring of Music--adaptation or treatment),A New Kind of Love,False
1964,MUSIC (Scoring of Music--adaptation or treatment),Sundays and Cybele,False
1964,MUSIC (Scoring of Music--adaptation or treatment),The Sword in the Stone,False
1964,MUSIC (Song),Papa's Delicate Condition,True
1964,MUSIC (Song),Charade,False
1964,MUSIC (Song),"It's a Mad, Mad, Mad, Mad World",False
1964,MUSIC (Song),Mondo Cane,False
1964,MUSIC (Song),55 Days at Peking,False
1964,BEST PICTURE,America America,False
1964,BEST PICTURE,Cleopatra,False
1964,BEST PICTURE,How the West Was Won,False
1964,BEST PICTURE,Lilies of the Field,False
1964,BEST PICTURE,Tom Jones,True
1964,SHORT SUBJECT (Cartoon),Automania 2000,False
1964,SHORT SUBJECT (Cartoon),The Critic,True
1964,SHORT SUBJECT (Cartoon),The Game (Igra),False
1964,SHORT SUBJECT (Cartoon),My Financial Career,False
1964,SHORT SUBJECT (Cartoon),Pianissimo,False
1964,SHORT SUBJECT (Live Action),The Concert,False
1964,SHORT SUBJECT (Live Action),Home-Made Car,False
1964,SHORT SUBJECT (Live Action),An Occurrence at Owl Creek Bridge,True
1964,SHORT SUBJECT (Live Action),Six-Sided Triangle,False
1964,SHORT SUBJECT (Live Action),That's Me,False
1964,SOUND,Bye Bye Birdie,False
1964,SOUND,"Captain Newman, M.D.",False
1964,SOUND,Cleopatra,False
1964,SOUND,How the West Was Won,True
1964,SOUND,"It's a Mad, Mad, Mad, Mad World",False
1964,SOUND EFFECTS,A Gathering of Eagles,False
1964,SOUND EFFECTS,"It's a Mad, Mad, Mad, Mad World",True
1964,SPECIAL EFFECTS,The Birds,False
1964,SPECIAL EFFECTS,Cleopatra,True
1964,WRITING (Screenplay--based on material from another medium),"Captain Newman, M.D.",False
1964,WRITING (Screenplay--based on material from another medium),Hud,False
1964,WRITING (Screenplay--based on material from another medium),Lilies of the Field,False
1964,WRITING (Screenplay--based on material from another medium),Sundays and Cybele,False
1964,WRITING (Screenplay--based on material from another medium),Tom Jones,True
1964,WRITING (Story and Screenplay--written directly for the screen),America America,False
1964,WRITING (Story and Screenplay--written directly for the screen),Federico Fellini's 8-1/2,False
1964,WRITING (Story and Screenplay--written directly for the screen),The Four Days of Naples,False
1964,WRITING (Story and Screenplay--written directly for the screen),How the West Was Won,True
1964,WRITING (Story and Screenplay--written directly for the screen),Love with the Proper Stranger,False
1964,IRVING G. THALBERG MEMORIAL AWARD,,True
1965,ACTOR,Becket,False
1965,ACTOR,My Fair Lady,True
1965,ACTOR,Becket,False
1965,ACTOR,Zorba the Greek,False
1965,ACTOR,Dr. Strangelove or: How I Learned to Stop Worrying and Love the Bomb,False
1965,ACTOR IN A SUPPORTING ROLE,Becket,False
1965,ACTOR IN A SUPPORTING ROLE,My Fair Lady,False
1965,ACTOR IN A SUPPORTING ROLE,Seven Days in May,False
1965,ACTOR IN A SUPPORTING ROLE,The Best Man,False
1965,ACTOR IN A SUPPORTING ROLE,Topkapi,True
1965,ACTRESS,Mary Poppins,True
1965,ACTRESS,The Pumpkin Eater,False
1965,ACTRESS,Marriage Italian Style,False
1965,ACTRESS,The Unsinkable Molly Brown,False
1965,ACTRESS,Seance on a Wet Afternoon,False
1965,ACTRESS IN A SUPPORTING ROLE,My Fair Lady,False
1965,ACTRESS IN A SUPPORTING ROLE,The Chalk Garden,False
1965,ACTRESS IN A SUPPORTING ROLE,The Night of the Iguana,False
1965,ACTRESS IN A SUPPORTING ROLE,Zorba the Greek,True
1965,ACTRESS IN A SUPPORTING ROLE,"Hush...Hush, Sweet Charlotte",False
1965,ART DIRECTION (Black-and-White),The Americanization of Emily,False
1965,ART DIRECTION (Black-and-White),"Hush...Hush, Sweet Charlotte",False
1965,ART DIRECTION (Black-and-White),The Night of the Iguana,False
1965,ART DIRECTION (Black-and-White),Seven Days in May,False
1965,ART DIRECTION (Black-and-White),Zorba the Greek,True
1965,ART DIRECTION (Color),Becket,False
1965,ART DIRECTION (Color),Mary Poppins,False
1965,ART DIRECTION (Color),My Fair Lady,True
1965,ART DIRECTION (Color),The Unsinkable Molly Brown,False
1965,ART DIRECTION (Color),What a Way to Go!,False
1965,CINEMATOGRAPHY (Black-and-White),The Americanization of Emily,False
1965,CINEMATOGRAPHY (Black-and-White),Fate Is the Hunter,False
1965,CINEMATOGRAPHY (Black-and-White),"Hush...Hush, Sweet Charlotte",False
1965,CINEMATOGRAPHY (Black-and-White),The Night of the Iguana,False
1965,CINEMATOGRAPHY (Black-and-White),Zorba the Greek,True
1965,CINEMATOGRAPHY (Color),Becket,False
1965,CINEMATOGRAPHY (Color),Cheyenne Autumn,False
1965,CINEMATOGRAPHY (Color),Mary Poppins,False
1965,CINEMATOGRAPHY (Color),My Fair Lady,True
1965,CINEMATOGRAPHY (Color),The Unsinkable Molly Brown,False
1965,COSTUME DESIGN (Black-and-White),A House Is Not a Home,False
1965,COSTUME DESIGN (Black-and-White),"Hush...Hush, Sweet Charlotte",False
1965,COSTUME DESIGN (Black-and-White),Kisses for My President,False
1965,COSTUME DESIGN (Black-and-White),The Night of the Iguana,True
1965,COSTUME DESIGN (Black-and-White),The Visit,False
1965,COSTUME DESIGN (Color),Becket,False
1965,COSTUME DESIGN (Color),Mary Poppins,False
1965,COSTUME DESIGN (Color),My Fair Lady,True
1965,COSTUME DESIGN (Color),The Unsinkable Molly Brown,False
1965,COSTUME DESIGN (Color),What a Way to Go!,False
1965,DIRECTING,Becket,False
1965,DIRECTING,Dr. Strangelove or: How I Learned to Stop Worrying and Love the Bomb,False
1965,DIRECTING,Mary Poppins,False
1965,DIRECTING,My Fair Lady,True
1965,DIRECTING,Zorba the Greek,False
1965,DOCUMENTARY (Feature),The Finest Hours,False
1965,DOCUMENTARY (Feature),Four Days in November,False
1965,DOCUMENTARY (Feature),The Human Dutch,False
1965,DOCUMENTARY (Feature),Jacques-Yves Cousteau's World without Sun,True
1965,DOCUMENTARY (Feature),"Over There, 1914-18",False
1965,DOCUMENTARY (Short Subject),Breaking the Habit,False
1965,DOCUMENTARY (Short Subject),Children Without,False
1965,DOCUMENTARY (Short Subject),Kenojuak,False
1965,DOCUMENTARY (Short Subject),Nine from Little Rock,True
1965,DOCUMENTARY (Short Subject),140 Days under the World,False
1965,FILM EDITING,Becket,False
1965,FILM EDITING,Father Goose,False
1965,FILM EDITING,"Hush...Hush, Sweet Charlotte",False
1965,FILM EDITING,Mary Poppins,True
1965,FILM EDITING,My Fair Lady,False
1965,FOREIGN LANGUAGE FILM,Raven's End,False
1965,FOREIGN LANGUAGE FILM,Sallah,False
1965,FOREIGN LANGUAGE FILM,The Umbrellas of Cherbourg,False
1965,FOREIGN LANGUAGE FILM,Woman in the Dunes,False
1965,FOREIGN LANGUAGE FILM,"Yesterday, Today and Tomorrow",True
1965,MUSIC (Music Score--substantially original),Becket,False
1965,MUSIC (Music Score--substantially original),The Fall of the Roman Empire,False
1965,MUSIC (Music Score--substantially original),"Hush...Hush, Sweet Charlotte",False
1965,MUSIC (Music Score--substantially original),Mary Poppins,True
1965,MUSIC (Music Score--substantially original),The Pink Panther,False
1965,MUSIC (Scoring of Music--adaptation or treatment),A Hard Day's Night,False
1965,MUSIC (Scoring of Music--adaptation or treatment),Mary Poppins,False
1965,MUSIC (Scoring of Music--adaptation or treatment),My Fair Lady,True
1965,MUSIC (Scoring of Music--adaptation or treatment),Robin and the 7 Hoods,False
1965,MUSIC (Scoring of Music--adaptation or treatment),The Unsinkable Molly Brown,False
1965,MUSIC (Song),Mary Poppins,True
1965,MUSIC (Song),Dear Heart,False
1965,MUSIC (Song),"Hush...Hush, Sweet Charlotte",False
1965,MUSIC (Song),Robin and the 7 Hoods,False
1965,MUSIC (Song),Where Love Has Gone,False
1965,BEST PICTURE,Becket,False
1965,BEST PICTURE,Dr. Strangelove or: How I Learned to Stop Worrying and Love the Bomb,False
1965,BEST PICTURE,Mary Poppins,False
1965,BEST PICTURE,My Fair Lady,True
1965,BEST PICTURE,Zorba the Greek,False
1965,SHORT SUBJECT (Cartoon),Christmas Cracker,False
1965,SHORT SUBJECT (Cartoon),How to Avoid Friendship,False
1965,SHORT SUBJECT (Cartoon),Nudnik #2,False
1965,SHORT SUBJECT (Cartoon),The Pink Phink,True
1965,SHORT SUBJECT (Live Action),Casals Conducts: 1964,True
1965,SHORT SUBJECT (Live Action),Help! My Snowman's Burning Down,False
1965,SHORT SUBJECT (Live Action),The Legend of Jimmy Blue Eyes,False
1965,SOUND,Becket,False
1965,SOUND,Father Goose,False
1965,SOUND,Mary Poppins,False
1965,SOUND,My Fair Lady,True
1965,SOUND,The Unsinkable Molly Brown,False
1965,SOUND EFFECTS,Goldfinger,True
1965,SOUND EFFECTS,The Lively Set,False
1965,SPECIAL VISUAL EFFECTS,Mary Poppins,True
1965,SPECIAL VISUAL EFFECTS,7 Faces of Dr. Lao,False
1965,WRITING (Screenplay--based on material from another medium),Becket,True
1965,WRITING (Screenplay--based on material from another medium),Dr. Strangelove or: How I Learned to Stop Worrying and Love the Bomb,False
1965,WRITING (Screenplay--based on material from another medium),Mary Poppins,False
1965,WRITING (Screenplay--based on material from another medium),My Fair Lady,False
1965,WRITING (Screenplay--based on material from another medium),Zorba the Greek,False
1965,WRITING (Story and Screenplay--written directly for the screen),Father Goose,True
1965,WRITING (Story and Screenplay--written directly for the screen),A Hard Day's Night,False
1965,WRITING (Story and Screenplay--written directly for the screen),"One Potato, Two Potato",False
1965,WRITING (Story and Screenplay--written directly for the screen),The Organizer,False
1965,WRITING (Story and Screenplay--written directly for the screen),That Man from Rio,False
1965,HONORARY AWARD,7 Faces of Dr. Lao.,True
1966,ACTOR,The Spy Who Came In from the Cold,False
1966,ACTOR,Cat Ballou,True
1966,ACTOR,Othello,False
1966,ACTOR,The Pawnbroker,False
1966,ACTOR,Ship of Fools,False
1966,ACTOR IN A SUPPORTING ROLE,A Thousand Clowns,True
1966,ACTOR IN A SUPPORTING ROLE,The Flight of the Phoenix,False
1966,ACTOR IN A SUPPORTING ROLE,Doctor Zhivago,False
1966,ACTOR IN A SUPPORTING ROLE,Ship of Fools,False
1966,ACTOR IN A SUPPORTING ROLE,Othello,False
1966,ACTRESS,The Sound of Music,False
1966,ACTRESS,Darling,True
1966,ACTRESS,The Collector,False
1966,ACTRESS,A Patch of Blue,False
1966,ACTRESS,Ship of Fools,False
1966,ACTRESS IN A SUPPORTING ROLE,Inside Daisy Clover,False
1966,ACTRESS IN A SUPPORTING ROLE,Othello,False
1966,ACTRESS IN A SUPPORTING ROLE,Othello,False
1966,ACTRESS IN A SUPPORTING ROLE,A Patch of Blue,True
1966,ACTRESS IN A SUPPORTING ROLE,The Sound of Music,False
1966,ART DIRECTION (Black-and-White),King Rat,False
1966,ART DIRECTION (Black-and-White),A Patch of Blue,False
1966,ART DIRECTION (Black-and-White),Ship of Fools,True
1966,ART DIRECTION (Black-and-White),The Slender Thread,False
1966,ART DIRECTION (Black-and-White),The Spy Who Came In from the Cold,False
1966,ART DIRECTION (Color),The Agony and the Ecstasy,False
1966,ART DIRECTION (Color),Doctor Zhivago,True
1966,ART DIRECTION (Color),The Greatest Story Ever Told,False
1966,ART DIRECTION (Color),Inside Daisy Clover,False
1966,ART DIRECTION (Color),The Sound of Music,False
1966,CINEMATOGRAPHY (Black-and-White),In Harm's Way,False
1966,CINEMATOGRAPHY (Black-and-White),King Rat,False
1966,CINEMATOGRAPHY (Black-and-White),Morituri,False
1966,CINEMATOGRAPHY (Black-and-White),A Patch of Blue,False
1966,CINEMATOGRAPHY (Black-and-White),Ship of Fools,True
1966,CINEMATOGRAPHY (Color),The Agony and the Ecstasy,False
1966,CINEMATOGRAPHY (Color),Doctor Zhivago,True
1966,CINEMATOGRAPHY (Color),The Great Race,False
1966,CINEMATOGRAPHY (Color),The Greatest Story Ever Told,False
1966,CINEMATOGRAPHY (Color),The Sound of Music,False
1966,COSTUME DESIGN (Black-and-White),Darling,True
1966,COSTUME DESIGN (Black-and-White),Morituri,False
1966,COSTUME DESIGN (Black-and-White),A Rage to Live,False
1966,COSTUME DESIGN (Black-and-White),Ship of Fools,False
1966,COSTUME DESIGN (Black-and-White),The Slender Thread,False
1966,COSTUME DESIGN (Color),The Agony and the Ecstasy,False
1966,COSTUME DESIGN (Color),Doctor Zhivago,True
1966,COSTUME DESIGN (Color),The Greatest Story Ever Told,False
1966,COSTUME DESIGN (Color),Inside Daisy Clover,False
1966,COSTUME DESIGN (Color),The Sound of Music,False
1966,DIRECTING,The Collector,False
1966,DIRECTING,Darling,False
1966,DIRECTING,Doctor Zhivago,False
1966,DIRECTING,The Sound of Music,True
1966,DIRECTING,Woman in the Dunes,False
1966,DOCUMENTARY (Feature),The Battle of the Bulge...The Brave Rifles,False
1966,DOCUMENTARY (Feature),The Eleanor Roosevelt Story,True
1966,DOCUMENTARY (Feature),The Forth Road Bridge,False
1966,DOCUMENTARY (Feature),Let My People Go,False
1966,DOCUMENTARY (Feature),To Die in Madrid,False
1966,DOCUMENTARY (Short Subject),Mural on Our Street,False
1966,DOCUMENTARY (Short Subject),Ouverture,False
1966,DOCUMENTARY (Short Subject),Point of View,False
1966,DOCUMENTARY (Short Subject),To Be Alive!,True
1966,DOCUMENTARY (Short Subject),Yeats Country,False
1966,FILM EDITING,Cat Ballou,False
1966,FILM EDITING,Doctor Zhivago,False
1966,FILM EDITING,The Flight of the Phoenix,False
1966,FILM EDITING,The Great Race,False
1966,FILM EDITING,The Sound of Music,True
1966,FOREIGN LANGUAGE FILM,Blood on the Land,False
1966,FOREIGN LANGUAGE FILM,Dear John,False
1966,FOREIGN LANGUAGE FILM,Kwaidan,False
1966,FOREIGN LANGUAGE FILM,Marriage Italian Style,False
1966,FOREIGN LANGUAGE FILM,The Shop on Main Street,True
1966,MUSIC (Music Score--substantially original),The Agony and the Ecstasy,False
1966,MUSIC (Music Score--substantially original),Doctor Zhivago,True
1966,MUSIC (Music Score--substantially original),The Greatest Story Ever Told,False
1966,MUSIC (Music Score--substantially original),A Patch of Blue,False
1966,MUSIC (Music Score--substantially original),The Umbrellas of Cherbourg,False
1966,MUSIC (Scoring of Music--adaptation or treatment),Cat Ballou,False
1966,MUSIC (Scoring of Music--adaptation or treatment),The Pleasure Seekers,False
1966,MUSIC (Scoring of Music--adaptation or treatment),The Sound of Music,True
1966,MUSIC (Scoring of Music--adaptation or treatment),A Thousand Clowns,False
1966,MUSIC (Scoring of Music--adaptation or treatment),The Umbrellas of Cherbourg,False
1966,MUSIC (Song),Cat Ballou,False
1966,MUSIC (Song),The Umbrellas of Cherbourg,False
1966,MUSIC (Song),The Sandpiper,True
1966,MUSIC (Song),The Great Race,False
1966,MUSIC (Song),What's New Pussycat?,False
1966,BEST PICTURE,Darling,False
1966,BEST PICTURE,Doctor Zhivago,False
1966,BEST PICTURE,Ship of Fools,False
1966,BEST PICTURE,The Sound of Music,True
1966,BEST PICTURE,A Thousand Clowns,False
1966,SHORT SUBJECT (Cartoon),Clay or The Origin of Species,False
1966,SHORT SUBJECT (Cartoon),The Dot and the Line,True
1966,SHORT SUBJECT (Cartoon),The Thieving Magpie (La Gazza Ladra),False
1966,SHORT SUBJECT (Live Action),The Chicken (Le Poulet),True
1966,SHORT SUBJECT (Live Action),Fortress of Peace,False
1966,SHORT SUBJECT (Live Action),Skaterdater,False
1966,SHORT SUBJECT (Live Action),Snow,False
1966,SHORT SUBJECT (Live Action),Time Piece,False
1966,SOUND,The Agony and the Ecstasy,False
1966,SOUND,Doctor Zhivago,False
1966,SOUND,The Great Race,False
1966,SOUND,Shenandoah,False
1966,SOUND,The Sound of Music,True
1966,SOUND EFFECTS,The Great Race,True
1966,SOUND EFFECTS,Von Ryan's Express,False
1966,SPECIAL VISUAL EFFECTS,The Greatest Story Ever Told,False
1966,SPECIAL VISUAL EFFECTS,Thunderball,True
1966,WRITING (Screenplay--based on material from another medium),Cat Ballou,False
1966,WRITING (Screenplay--based on material from another medium),The Collector,False
1966,WRITING (Screenplay--based on material from another medium),Doctor Zhivago,True
1966,WRITING (Screenplay--based on material from another medium),Ship of Fools,False
1966,WRITING (Screenplay--based on material from another medium),A Thousand Clowns,False
1966,WRITING (Story and Screenplay--written directly for the screen),Casanova '70,False
1966,WRITING (Story and Screenplay--written directly for the screen),Darling,True
1966,WRITING (Story and Screenplay--written directly for the screen),Those Magnificent Men in Their Flying Machines,False
1966,WRITING (Story and Screenplay--written directly for the screen),The Train,False
1966,WRITING (Story and Screenplay--written directly for the screen),The Umbrellas of Cherbourg,False
1966,JEAN HERSHOLT HUMANITARIAN AWARD,,True
1966,HONORARY AWARD,,True
1966,IRVING G. THALBERG MEMORIAL AWARD,,True
1967,ACTOR,The Russians Are Coming The Russians Are Coming,False
1967,ACTOR,Who's Afraid of Virginia Woolf?,False
1967,ACTOR,Alfie,False
1967,ACTOR,The Sand Pebbles,False
1967,ACTOR,A Man for All Seasons,True
1967,ACTOR IN A SUPPORTING ROLE,The Sand Pebbles,False
1967,ACTOR IN A SUPPORTING ROLE,Georgy Girl,False
1967,ACTOR IN A SUPPORTING ROLE,The Fortune Cookie,True
1967,ACTOR IN A SUPPORTING ROLE,Who's Afraid of Virginia Woolf?,False
1967,ACTOR IN A SUPPORTING ROLE,A Man for All Seasons,False
1967,ACTRESS,A Man and a Woman,False
1967,ACTRESS,The Shop on Main Street,False
1967,ACTRESS,Georgy Girl,False
1967,ACTRESS,Morgan!,False
1967,ACTRESS,Who's Afraid of Virginia Woolf?,True
1967,ACTRESS IN A SUPPORTING ROLE,Who's Afraid of Virginia Woolf?,True
1967,ACTRESS IN A SUPPORTING ROLE,A Man for All Seasons,False
1967,ACTRESS IN A SUPPORTING ROLE,Hawaii,False
1967,ACTRESS IN A SUPPORTING ROLE,Alfie,False
1967,ACTRESS IN A SUPPORTING ROLE,You're a Big Boy Now,False
1967,ART DIRECTION (Black-and-White),The Fortune Cookie,False
1967,ART DIRECTION (Black-and-White),The Gospel According to St. Matthew,False
1967,ART DIRECTION (Black-and-White),Is Paris Burning?,False
1967,ART DIRECTION (Black-and-White),Mister Buddwing,False
1967,ART DIRECTION (Black-and-White),Who's Afraid of Virginia Woolf?,True
1967,ART DIRECTION (Color),Fantastic Voyage,True
1967,ART DIRECTION (Color),Gambit,False
1967,ART DIRECTION (Color),Juliet of the Spirits,False
1967,ART DIRECTION (Color),The Oscar,False
1967,ART DIRECTION (Color),The Sand Pebbles,False
1967,CINEMATOGRAPHY (Black-and-White),The Fortune Cookie,False
1967,CINEMATOGRAPHY (Black-and-White),Georgy Girl,False
1967,CINEMATOGRAPHY (Black-and-White),Is Paris Burning?,False
1967,CINEMATOGRAPHY (Black-and-White),Seconds,False
1967,CINEMATOGRAPHY (Black-and-White),Who's Afraid of Virginia Woolf?,True
1967,CINEMATOGRAPHY (Color),Fantastic Voyage,False
1967,CINEMATOGRAPHY (Color),Hawaii,False
1967,CINEMATOGRAPHY (Color),A Man for All Seasons,True
1967,CINEMATOGRAPHY (Color),The Professionals,False
1967,CINEMATOGRAPHY (Color),The Sand Pebbles,False
1967,COSTUME DESIGN (Black-and-White),The Gospel According to St. Matthew,False
1967,COSTUME DESIGN (Black-and-White),Mandragola,False
1967,COSTUME DESIGN (Black-and-White),Mister Buddwing,False
1967,COSTUME DESIGN (Black-and-White),Morgan!,False
1967,COSTUME DESIGN (Black-and-White),Who's Afraid of Virginia Woolf?,True
1967,COSTUME DESIGN (Color),Gambit,False
1967,COSTUME DESIGN (Color),Hawaii,False
1967,COSTUME DESIGN (Color),Juliet of the Spirits,False
1967,COSTUME DESIGN (Color),A Man for All Seasons,True
1967,COSTUME DESIGN (Color),The Oscar,False
1967,DIRECTING,Blow-Up,False
1967,DIRECTING,A Man and a Woman,False
1967,DIRECTING,A Man for All Seasons,True
1967,DIRECTING,The Professionals,False
1967,DIRECTING,Who's Afraid of Virginia Woolf?,False
1967,DOCUMENTARY (Feature),The Face of Genius,False
1967,DOCUMENTARY (Feature),Helicopter Canada,False
1967,DOCUMENTARY (Feature),Le Volcan Interdit (The Forbidden Volcano),False
1967,DOCUMENTARY (Feature),The Really Big Family,False
1967,DOCUMENTARY (Feature),The War Game,True
1967,DOCUMENTARY (Short Subject),Adolescence,False
1967,DOCUMENTARY (Short Subject),Cowboy,False
1967,DOCUMENTARY (Short Subject),The Odds Against,False
1967,DOCUMENTARY (Short Subject),Saint Matthew Passion,False
1967,DOCUMENTARY (Short Subject),A Year toward Tomorrow,True
1967,FILM EDITING,Fantastic Voyage,False
1967,FILM EDITING,Grand Prix,True
1967,FILM EDITING,The Russians Are Coming The Russians Are Coming,False
1967,FILM EDITING,The Sand Pebbles,False
1967,FILM EDITING,Who's Afraid of Virginia Woolf?,False
1967,FOREIGN LANGUAGE FILM,The Battle of Algiers,False
1967,FOREIGN LANGUAGE FILM,Loves of a Blonde,False
1967,FOREIGN LANGUAGE FILM,A Man and a Woman,True
1967,FOREIGN LANGUAGE FILM,Pharaoh,False
1967,FOREIGN LANGUAGE FILM,Three,False
1967,MUSIC (Original Music Score),The Bible,False
1967,MUSIC (Original Music Score),Born Free,True
1967,MUSIC (Original Music Score),Hawaii,False
1967,MUSIC (Original Music Score),The Sand Pebbles,False
1967,MUSIC (Original Music Score),Who's Afraid of Virginia Woolf?,False
1967,MUSIC (Scoring of Music--adaptation or treatment),A Funny Thing Happened on the Way to the Forum,True
1967,MUSIC (Scoring of Music--adaptation or treatment),The Gospel According to St. Matthew,False
1967,MUSIC (Scoring of Music--adaptation or treatment),Return of the Seven,False
1967,MUSIC (Scoring of Music--adaptation or treatment),The Singing Nun,False
1967,MUSIC (Scoring of Music--adaptation or treatment),Stop the World--I Want to Get Off,False
1967,MUSIC (Song),Alfie,False
1967,MUSIC (Song),Born Free,True
1967,MUSIC (Song),Georgy Girl,False
1967,MUSIC (Song),Hawaii,False
1967,MUSIC (Song),An American Dream,False
1967,BEST PICTURE,Alfie,False
1967,BEST PICTURE,A Man for All Seasons,True
1967,BEST PICTURE,The Russians Are Coming The Russians Are Coming,False
1967,BEST PICTURE,The Sand Pebbles,False
1967,BEST PICTURE,Who's Afraid of Virginia Woolf?,False
1967,SHORT SUBJECT (Cartoon),The Drag,False
1967,SHORT SUBJECT (Cartoon),Herb Alpert and the Tijuana Brass Double Feature,True
1967,SHORT SUBJECT (Cartoon),The Pink Blueprint,False
1967,SHORT SUBJECT (Live Action),Turkey the Bridge,False
1967,SHORT SUBJECT (Live Action),Wild Wings,True
1967,SHORT SUBJECT (Live Action),The Winning Strain,False
1967,SOUND,Gambit,False
1967,SOUND,Grand Prix,True
1967,SOUND,Hawaii,False
1967,SOUND,The Sand Pebbles,False
1967,SOUND,Who's Afraid of Virginia Woolf?,False
1967,SOUND EFFECTS,Fantastic Voyage,False
1967,SOUND EFFECTS,Grand Prix,True
1967,SPECIAL VISUAL EFFECTS,Fantastic Voyage,True
1967,SPECIAL VISUAL EFFECTS,Hawaii,False
1967,WRITING (Screenplay--based on material from another medium),Alfie,False
1967,WRITING (Screenplay--based on material from another medium),A Man for All Seasons,True
1967,WRITING (Screenplay--based on material from another medium),The Professionals,False
1967,WRITING (Screenplay--based on material from another medium),The Russians Are Coming The Russians Are Coming,False
1967,WRITING (Screenplay--based on material from another medium),Who's Afraid of Virginia Woolf?,False
1967,WRITING (Story and Screenplay--written directly for the screen),Blow-Up,False
1967,WRITING (Story and Screenplay--written directly for the screen),The Fortune Cookie,False
1967,WRITING (Story and Screenplay--written directly for the screen),Khartoum,False
1967,WRITING (Story and Screenplay--written directly for the screen),A Man and a Woman,True
1967,WRITING (Story and Screenplay--written directly for the screen),The Naked Prey,False
1967,JEAN HERSHOLT HUMANITARIAN AWARD,,True
1967,HONORARY AWARD,,True
1967,HONORARY AWARD,,True
1967,IRVING G. THALBERG MEMORIAL AWARD,,True
1968,ACTOR,Bonnie and Clyde,False
1968,ACTOR,The Graduate,False
1968,ACTOR,Cool Hand Luke,False
1968,ACTOR,In the Heat of the Night,True
1968,ACTOR,Guess Who's Coming to Dinner,False
1968,ACTOR IN A SUPPORTING ROLE,The Dirty Dozen,False
1968,ACTOR IN A SUPPORTING ROLE,Bonnie and Clyde,False
1968,ACTOR IN A SUPPORTING ROLE,Guess Who's Coming to Dinner,False
1968,ACTOR IN A SUPPORTING ROLE,Cool Hand Luke,True
1968,ACTOR IN A SUPPORTING ROLE,Bonnie and Clyde,False
1968,ACTRESS,The Graduate,False
1968,ACTRESS,Bonnie and Clyde,False
1968,ACTRESS,The Whisperers,False
1968,ACTRESS,Wait until Dark,False
1968,ACTRESS,Guess Who's Coming to Dinner,True
1968,ACTRESS IN A SUPPORTING ROLE,Thoroughly Modern Millie,False
1968,ACTRESS IN A SUPPORTING ROLE,Barefoot in the Park,False
1968,ACTRESS IN A SUPPORTING ROLE,Bonnie and Clyde,True
1968,ACTRESS IN A SUPPORTING ROLE,Guess Who's Coming to Dinner,False
1968,ACTRESS IN A SUPPORTING ROLE,The Graduate,False
1968,ART DIRECTION,Camelot,True
1968,ART DIRECTION,Doctor Dolittle,False
1968,ART DIRECTION,Guess Who's Coming to Dinner,False
1968,ART DIRECTION,The Taming of the Shrew,False
1968,ART DIRECTION,Thoroughly Modern Millie,False
1968,CINEMATOGRAPHY,Bonnie and Clyde,True
1968,CINEMATOGRAPHY,Camelot,False
1968,CINEMATOGRAPHY,Doctor Dolittle,False
1968,CINEMATOGRAPHY,The Graduate,False
1968,CINEMATOGRAPHY,In Cold Blood,False
1968,COSTUME DESIGN,Bonnie and Clyde,False
1968,COSTUME DESIGN,Camelot,True
1968,COSTUME DESIGN,The Happiest Millionaire,False
1968,COSTUME DESIGN,The Taming of the Shrew,False
1968,COSTUME DESIGN,Thoroughly Modern Millie,False
1968,DIRECTING,Bonnie and Clyde,False
1968,DIRECTING,The Graduate,True
1968,DIRECTING,Guess Who's Coming to Dinner,False
1968,DIRECTING,In Cold Blood,False
1968,DIRECTING,In the Heat of the Night,False
1968,DOCUMENTARY (Feature),The Anderson Platoon,True
1968,DOCUMENTARY (Feature),Festival,False
1968,DOCUMENTARY (Feature),Harvest,False
1968,DOCUMENTARY (Feature),A King's Story,False
1968,DOCUMENTARY (Feature),A Time for Burning,False
1968,DOCUMENTARY (Short Subject),Monument to the Dream,False
1968,DOCUMENTARY (Short Subject),A Place to Stand,False
1968,DOCUMENTARY (Short Subject),The Redwoods,True
1968,DOCUMENTARY (Short Subject),See You at the Pillar,False
1968,DOCUMENTARY (Short Subject),While I Run This Race,False
1968,FILM EDITING,Beach Red,False
1968,FILM EDITING,The Dirty Dozen,False
1968,FILM EDITING,Doctor Dolittle,False
1968,FILM EDITING,Guess Who's Coming to Dinner,False
1968,FILM EDITING,In the Heat of the Night,True
1968,FOREIGN LANGUAGE FILM,Closely Watched Trains,True
1968,FOREIGN LANGUAGE FILM,El Amor Brujo,False
1968,FOREIGN LANGUAGE FILM,I Even Met Happy Gypsies,False
1968,FOREIGN LANGUAGE FILM,Live for Life,False
1968,FOREIGN LANGUAGE FILM,Portrait of Chieko,False
1968,MUSIC (Original Music Score),Cool Hand Luke,False
1968,MUSIC (Original Music Score),Doctor Dolittle,False
1968,MUSIC (Original Music Score),Far from the Madding Crowd,False
1968,MUSIC (Original Music Score),In Cold Blood,False
1968,MUSIC (Original Music Score),Thoroughly Modern Millie,True
1968,MUSIC (Scoring of Music--adaptation or treatment),Camelot,True
1968,MUSIC (Scoring of Music--adaptation or treatment),Doctor Dolittle,False
1968,MUSIC (Scoring of Music--adaptation or treatment),Guess Who's Coming to Dinner,False
1968,MUSIC (Scoring of Music--adaptation or treatment),Thoroughly Modern Millie,False
1968,MUSIC (Scoring of Music--adaptation or treatment),Valley of the Dolls,False
1968,MUSIC (Song),The Jungle Book,False
1968,MUSIC (Song),Banning,False
1968,MUSIC (Song),Casino Royale,False
1968,MUSIC (Song),Doctor Dolittle,True
1968,MUSIC (Song),Thoroughly Modern Millie,False
1968,BEST PICTURE,Bonnie and Clyde,False
1968,BEST PICTURE,Doctor Dolittle,False
1968,BEST PICTURE,The Graduate,False
1968,BEST PICTURE,Guess Who's Coming to Dinner,False
1968,BEST PICTURE,In the Heat of the Night,True
1968,SHORT SUBJECT (Cartoon),The Box,True
1968,SHORT SUBJECT (Cartoon),Hypothese Beta,False
1968,SHORT SUBJECT (Cartoon),What on Earth!,False
1968,SHORT SUBJECT (Live Action),Paddle to the Sea,False
1968,SHORT SUBJECT (Live Action),A Place to Stand,True
1968,SHORT SUBJECT (Live Action),Sky over Holland,False
1968,SHORT SUBJECT (Live Action),"Stop, Look and Listen",False
1968,SOUND,Camelot,False
1968,SOUND,The Dirty Dozen,False
1968,SOUND,Doctor Dolittle,False
1968,SOUND,In the Heat of the Night,True
1968,SOUND,Thoroughly Modern Millie,False
1968,SOUND EFFECTS,The Dirty Dozen,True
1968,SOUND EFFECTS,In the Heat of the Night,False
1968,SPECIAL VISUAL EFFECTS,Doctor Dolittle,True
1968,SPECIAL VISUAL EFFECTS,Tobruk,False
1968,WRITING (Screenplay--based on material from another medium),Cool Hand Luke,False
1968,WRITING (Screenplay--based on material from another medium),The Graduate,False
1968,WRITING (Screenplay--based on material from another medium),In Cold Blood,False
1968,WRITING (Screenplay--based on material from another medium),In the Heat of the Night,True
1968,WRITING (Screenplay--based on material from another medium),Ulysses,False
1968,WRITING (Story and Screenplay--written directly for the screen),Bonnie and Clyde,False
1968,WRITING (Story and Screenplay--written directly for the screen),Divorce American Style,False
1968,WRITING (Story and Screenplay--written directly for the screen),Guess Who's Coming to Dinner,True
1968,WRITING (Story and Screenplay--written directly for the screen),La Guerre Est Finie,False
1968,WRITING (Story and Screenplay--written directly for the screen),Two for the Road,False
1968,JEAN HERSHOLT HUMANITARIAN AWARD,,True
1968,HONORARY AWARD,,True
1968,IRVING G. THALBERG MEMORIAL AWARD,,True
1969,ACTOR,The Heart Is a Lonely Hunter,False
1969,ACTOR,The Fixer,False
1969,ACTOR,Oliver!,False
1969,ACTOR,The Lion in Winter,False
1969,ACTOR,Charly,True
1969,ACTOR IN A SUPPORTING ROLE,The Subject Was Roses,True
1969,ACTOR IN A SUPPORTING ROLE,Faces,False
1969,ACTOR IN A SUPPORTING ROLE,Star!,False
1969,ACTOR IN A SUPPORTING ROLE,Oliver!,False
1969,ACTOR IN A SUPPORTING ROLE,The Producers,False
1969,ACTRESS,The Lion in Winter,True
1969,ACTRESS,The Subject Was Roses,False
1969,ACTRESS,Isadora,False
1969,ACTRESS,Funny Girl,True
1969,ACTRESS,"Rachel, Rachel",False
1969,ACTRESS IN A SUPPORTING ROLE,Faces,False
1969,ACTRESS IN A SUPPORTING ROLE,Rosemary's Baby,True
1969,ACTRESS IN A SUPPORTING ROLE,The Heart Is a Lonely Hunter,False
1969,ACTRESS IN A SUPPORTING ROLE,Funny Girl,False
1969,ACTRESS IN A SUPPORTING ROLE,"Rachel, Rachel",False
1969,ART DIRECTION,Oliver!,True
1969,ART DIRECTION,The Shoes of the Fisherman,False
1969,ART DIRECTION,Star!,False
1969,ART DIRECTION,2001: A Space Odyssey,False
1969,ART DIRECTION,War and Peace,False
1969,CINEMATOGRAPHY,Funny Girl,False
1969,CINEMATOGRAPHY,Ice Station Zebra,False
1969,CINEMATOGRAPHY,Oliver!,False
1969,CINEMATOGRAPHY,Romeo and Juliet,True
1969,CINEMATOGRAPHY,Star!,False
1969,COSTUME DESIGN,The Lion in Winter,False
1969,COSTUME DESIGN,Oliver!,False
1969,COSTUME DESIGN,Planet of the Apes,False
1969,COSTUME DESIGN,Romeo and Juliet,True
1969,COSTUME DESIGN,Star!,False
1969,DIRECTING,The Battle of Algiers,False
1969,DIRECTING,The Lion in Winter,False
1969,DIRECTING,Oliver!,True
1969,DIRECTING,Romeo and Juliet,False
1969,DIRECTING,2001: A Space Odyssey,False
1969,DOCUMENTARY (Feature),A Few Notes on Our Food Problem,False
1969,DOCUMENTARY (Feature),Journey into Self,True
1969,DOCUMENTARY (Feature),The Legendary Champions,False
1969,DOCUMENTARY (Feature),Other Voices,False
1969,DOCUMENTARY (Feature),Young Americans,False
1969,DOCUMENTARY (Short Subject),The House That Ananda Built,False
1969,DOCUMENTARY (Short Subject),The Revolving Door,False
1969,DOCUMENTARY (Short Subject),A Space to Grow,False
1969,DOCUMENTARY (Short Subject),A Way Out of the Wilderness,False
1969,DOCUMENTARY (Short Subject),Why Man Creates,True
1969,FILM EDITING,Bullitt,True
1969,FILM EDITING,Funny Girl,False
1969,FILM EDITING,The Odd Couple,False
1969,FILM EDITING,Oliver!,False
1969,FILM EDITING,Wild in the Streets,False
1969,FOREIGN LANGUAGE FILM,The Boys of Paul Street,False
1969,FOREIGN LANGUAGE FILM,The Firemen's Ball,False
1969,FOREIGN LANGUAGE FILM,The Girl with the Pistol,False
1969,FOREIGN LANGUAGE FILM,Stolen Kisses,False
1969,FOREIGN LANGUAGE FILM,War and Peace,True
1969,MUSIC (Original Score--for a motion picture [not a musical]),The Fox,False
1969,MUSIC (Original Score--for a motion picture [not a musical]),The Lion in Winter,True
1969,MUSIC (Original Score--for a motion picture [not a musical]),Planet of the Apes,False
1969,MUSIC (Original Score--for a motion picture [not a musical]),The Shoes of the Fisherman,False
1969,MUSIC (Original Score--for a motion picture [not a musical]),The Thomas Crown Affair,False
1969,MUSIC (Score of a Musical Picture--original or adaptation),Finian's Rainbow,False
1969,MUSIC (Score of a Musical Picture--original or adaptation),Funny Girl,False
1969,MUSIC (Score of a Musical Picture--original or adaptation),Oliver!,True
1969,MUSIC (Score of a Musical Picture--original or adaptation),Star!,False
1969,MUSIC (Score of a Musical Picture--original or adaptation),The Young Girls of Rochefort,False
1969,MUSIC (Song--Original for the Picture),Chitty Chitty Bang Bang,False
1969,MUSIC (Song--Original for the Picture),For Love of Ivy,False
1969,MUSIC (Song--Original for the Picture),Funny Girl,False
1969,MUSIC (Song--Original for the Picture),Star!,False
1969,MUSIC (Song--Original for the Picture),The Thomas Crown Affair,True
1969,BEST PICTURE,Funny Girl,False
1969,BEST PICTURE,The Lion in Winter,False
1969,BEST PICTURE,Oliver!,True
1969,BEST PICTURE,"Rachel, Rachel",False
1969,BEST PICTURE,Romeo and Juliet,False
1969,SHORT SUBJECT (Cartoon),The House That Jack Built,False
1969,SHORT SUBJECT (Cartoon),The Magic Pear Tree,False
1969,SHORT SUBJECT (Cartoon),Windy Day,False
1969,SHORT SUBJECT (Cartoon),Winnie the Pooh and the Blustery Day,True
1969,SHORT SUBJECT (Live Action),The Dove,False
1969,SHORT SUBJECT (Live Action),Duo,False
1969,SHORT SUBJECT (Live Action),Prelude,False
1969,SHORT SUBJECT (Live Action),Robert Kennedy Remembered,True
1969,SOUND,Bullitt,False
1969,SOUND,Finian's Rainbow,False
1969,SOUND,Funny Girl,False
1969,SOUND,Oliver!,True
1969,SOUND,Star!,False
1969,SPECIAL VISUAL EFFECTS,Ice Station Zebra,False
1969,SPECIAL VISUAL EFFECTS,2001: A Space Odyssey,True
1969,WRITING (Screenplay--based on material from another medium),The Lion in Winter,True
1969,WRITING (Screenplay--based on material from another medium),The Odd Couple,False
1969,WRITING (Screenplay--based on material from another medium),Oliver!,False
1969,WRITING (Screenplay--based on material from another medium),"Rachel, Rachel",False
1969,WRITING (Screenplay--based on material from another medium),Rosemary's Baby,False
1969,WRITING (Story and Screenplay--written directly for the screen),The Battle of Algiers,False
1969,WRITING (Story and Screenplay--written directly for the screen),Faces,False
1969,WRITING (Story and Screenplay--written directly for the screen),Hot Millions,False
1969,WRITING (Story and Screenplay--written directly for the screen),The Producers,True
1969,WRITING (Story and Screenplay--written directly for the screen),2001: A Space Odyssey,False
1969,JEAN HERSHOLT HUMANITARIAN AWARD,,True
1969,HONORARY AWARD,Planet of the Apes,True
1969,HONORARY AWARD,Oliver!,True
1970,ACTOR,Anne of the Thousand Days,False
1970,ACTOR,Midnight Cowboy,False
1970,ACTOR,"Goodbye, Mr. Chips",False
1970,ACTOR,Midnight Cowboy,False
1970,ACTOR,True Grit,True
1970,ACTOR IN A SUPPORTING ROLE,The Reivers,False
1970,ACTOR IN A SUPPORTING ROLE,Bob & Carol & Ted & Alice,False
1970,ACTOR IN A SUPPORTING ROLE,Easy Rider,False
1970,ACTOR IN A SUPPORTING ROLE,Anne of the Thousand Days,False
1970,ACTOR IN A SUPPORTING ROLE,"They Shoot Horses, Don't They?",True
1970,ACTRESS,Anne of the Thousand Days,False
1970,ACTRESS,"They Shoot Horses, Don't They?",False
1970,ACTRESS,The Sterile Cuckoo,False
1970,ACTRESS,The Happy Ending,False
1970,ACTRESS,The Prime of Miss Jean Brodie,True
1970,ACTRESS IN A SUPPORTING ROLE,Last Summer,False
1970,ACTRESS IN A SUPPORTING ROLE,Bob & Carol & Ted & Alice,False
1970,ACTRESS IN A SUPPORTING ROLE,Cactus Flower,True
1970,ACTRESS IN A SUPPORTING ROLE,Midnight Cowboy,False
1970,ACTRESS IN A SUPPORTING ROLE,"They Shoot Horses, Don't They?",False
1970,ART DIRECTION,Anne of the Thousand Days,False
1970,ART DIRECTION,"Gaily, Gaily",False
1970,ART DIRECTION,"Hello, Dolly!",True
1970,ART DIRECTION,Sweet Charity,False
1970,ART DIRECTION,"They Shoot Horses, Don't They?",False
1970,CINEMATOGRAPHY,Anne of the Thousand Days,False
1970,CINEMATOGRAPHY,Bob & Carol & Ted & Alice,False
1970,CINEMATOGRAPHY,Butch Cassidy and the Sundance Kid,True
1970,CINEMATOGRAPHY,"Hello, Dolly!",False
1970,CINEMATOGRAPHY,Marooned,False
1970,COSTUME DESIGN,Anne of the Thousand Days,True
1970,COSTUME DESIGN,"Gaily, Gaily",False
1970,COSTUME DESIGN,"Hello, Dolly!",False
1970,COSTUME DESIGN,Sweet Charity,False
1970,COSTUME DESIGN,"They Shoot Horses, Don't They?",False
1970,DIRECTING,Alice's Restaurant,False
1970,DIRECTING,Butch Cassidy and the Sundance Kid,False
1970,DIRECTING,Midnight Cowboy,True
1970,DIRECTING,"They Shoot Horses, Don't They?",False
1970,DIRECTING,Z,False
1970,DOCUMENTARY (Feature),Arthur Rubinstein - The Love of Life,True
1970,DOCUMENTARY (Feature),Before the Mountain Was Moved,False
1970,DOCUMENTARY (Feature),In the Year of the Pig,False
1970,DOCUMENTARY (Feature),The Olympics in Mexico,False
1970,DOCUMENTARY (Feature),The Wolf Men,False
1970,DOCUMENTARY (Short Subject),Czechoslovakia 1968,True
1970,DOCUMENTARY (Short Subject),An Impression of John Steinbeck: Writer,False
1970,DOCUMENTARY (Short Subject),Jenny Is a Good Thing,False
1970,DOCUMENTARY (Short Subject),Leo Beuerman,False
1970,DOCUMENTARY (Short Subject),The Magic Machines,False
1970,FILM EDITING,"Hello, Dolly!",False
1970,FILM EDITING,Midnight Cowboy,False
1970,FILM EDITING,The Secret of Santa Vittoria,False
1970,FILM EDITING,"They Shoot Horses, Don't They?",False
1970,FILM EDITING,Z,True
1970,FOREIGN LANGUAGE FILM,Ådalen '31,False
1970,FOREIGN LANGUAGE FILM,The Battle of Neretva,False
1970,FOREIGN LANGUAGE FILM,The Brothers Karamazov,False
1970,FOREIGN LANGUAGE FILM,My Night at Maud's,False
1970,FOREIGN LANGUAGE FILM,Z,True
1970,MUSIC (Original Score--for a motion picture [not a musical]),Anne of the Thousand Days,False
1970,MUSIC (Original Score--for a motion picture [not a musical]),Butch Cassidy and the Sundance Kid,True
1970,MUSIC (Original Score--for a motion picture [not a musical]),The Reivers,False
1970,MUSIC (Original Score--for a motion picture [not a musical]),The Secret of Santa Vittoria,False
1970,MUSIC (Original Score--for a motion picture [not a musical]),The Wild Bunch,False
1970,MUSIC (Score of a Musical Picture--original or adaptation),"Goodbye, Mr. Chips",False
1970,MUSIC (Score of a Musical Picture--original or adaptation),"Hello, Dolly!",True
1970,MUSIC (Score of a Musical Picture--original or adaptation),Paint Your Wagon,False
1970,MUSIC (Score of a Musical Picture--original or adaptation),Sweet Charity,False
1970,MUSIC (Score of a Musical Picture--original or adaptation),"They Shoot Horses, Don't They?",False
1970,MUSIC (Song--Original for the Picture),The Sterile Cuckoo,False
1970,MUSIC (Song--Original for the Picture),The Prime of Miss Jean Brodie,False
1970,MUSIC (Song--Original for the Picture),Butch Cassidy and the Sundance Kid,True
1970,MUSIC (Song--Original for the Picture),True Grit,False
1970,MUSIC (Song--Original for the Picture),The Happy Ending,False
1970,BEST PICTURE,Anne of the Thousand Days,False
1970,BEST PICTURE,Butch Cassidy and the Sundance Kid,False
1970,BEST PICTURE,"Hello, Dolly!",False
1970,BEST PICTURE,Midnight Cowboy,True
1970,BEST PICTURE,Z,False
1970,SHORT SUBJECT (Cartoon),It's Tough to Be a Bird,True
1970,SHORT SUBJECT (Cartoon),Of Men and Demons,False
1970,SHORT SUBJECT (Cartoon),Walking,False
1970,SHORT SUBJECT (Live Action),Blake,False
1970,SHORT SUBJECT (Live Action),The Magic Machines,True
1970,SHORT SUBJECT (Live Action),People Soup,False
1970,SOUND,Anne of the Thousand Days,False
1970,SOUND,Butch Cassidy and the Sundance Kid,False
1970,SOUND,"Gaily, Gaily",False
1970,SOUND,"Hello, Dolly!",True
1970,SOUND,Marooned,False
1970,SPECIAL VISUAL EFFECTS,"Krakatoa, East of Java",False
1970,SPECIAL VISUAL EFFECTS,Marooned,True
1970,WRITING (Screenplay--based on material from another medium),Anne of the Thousand Days,False
1970,WRITING (Screenplay--based on material from another medium),"Goodbye, Columbus",False
1970,WRITING (Screenplay--based on material from another medium),Midnight Cowboy,True
1970,WRITING (Screenplay--based on material from another medium),"They Shoot Horses, Don't They?",False
1970,WRITING (Screenplay--based on material from another medium),Z,False
1970,WRITING (Story and Screenplay--based on material not previously published or produced),Bob & Carol & Ted & Alice,False
1970,WRITING (Story and Screenplay--based on material not previously published or produced),Butch Cassidy and the Sundance Kid,True
1970,WRITING (Story and Screenplay--based on material not previously published or produced),The Damned,False
1970,WRITING (Story and Screenplay--based on material not previously published or produced),Easy Rider,False
1970,WRITING (Story and Screenplay--based on material not previously published or produced),The Wild Bunch,False
1970,JEAN HERSHOLT HUMANITARIAN AWARD,,True
1970,HONORARY AWARD,,True
1971,ACTOR,I Never Sang for My Father,False
1971,ACTOR,The Great White Hope,False
1971,ACTOR,Five Easy Pieces,False
1971,ACTOR,Love Story,False
1971,ACTOR,Patton,True
1971,ACTOR IN A SUPPORTING ROLE,Lovers and Other Strangers,False
1971,ACTOR IN A SUPPORTING ROLE,Little Big Man,False
1971,ACTOR IN A SUPPORTING ROLE,I Never Sang for My Father,False
1971,ACTOR IN A SUPPORTING ROLE,Love Story,False
1971,ACTOR IN A SUPPORTING ROLE,Ryan's Daughter,True
1971,ACTRESS,The Great White Hope,False
1971,ACTRESS,Women in Love,True
1971,ACTRESS,Love Story,False
1971,ACTRESS,Ryan's Daughter,False
1971,ACTRESS,Diary of a Mad Housewife,False
1971,ACTRESS IN A SUPPORTING ROLE,Five Easy Pieces,False
1971,ACTRESS IN A SUPPORTING ROLE,The Landlord,False
1971,ACTRESS IN A SUPPORTING ROLE,Airport,True
1971,ACTRESS IN A SUPPORTING ROLE,M*A*S*H,False
1971,ACTRESS IN A SUPPORTING ROLE,Airport,False
1971,ART DIRECTION,Airport,False
1971,ART DIRECTION,The Molly Maguires,False
1971,ART DIRECTION,Patton,True
1971,ART DIRECTION,Scrooge,False
1971,ART DIRECTION,Tora! Tora! Tora!,False
1971,CINEMATOGRAPHY,Airport,False
1971,CINEMATOGRAPHY,Patton,False
1971,CINEMATOGRAPHY,Ryan's Daughter,True
1971,CINEMATOGRAPHY,Tora! Tora! Tora!,False
1971,CINEMATOGRAPHY,Women in Love,False
1971,COSTUME DESIGN,Airport,False
1971,COSTUME DESIGN,Cromwell,True
1971,COSTUME DESIGN,Darling Lili,False
1971,COSTUME DESIGN,The Hawaiians,False
1971,COSTUME DESIGN,Scrooge,False
1971,DIRECTING,Fellini Satyricon,False
1971,DIRECTING,Love Story,False
1971,DIRECTING,M*A*S*H,False
1971,DIRECTING,Patton,True
1971,DIRECTING,Women in Love,False
1971,DOCUMENTARY (Feature),Chariots of the Gods,False
1971,DOCUMENTARY (Feature),Jack Johnson,False
1971,DOCUMENTARY (Feature),King: A Filmed Record...Montgomery to Memphis,False
1971,DOCUMENTARY (Feature),Say Goodbye,False
1971,DOCUMENTARY (Feature),Woodstock,True
1971,DOCUMENTARY (Short Subject),The Gifts,False
1971,DOCUMENTARY (Short Subject),Interviews with My Lai Veterans,True
1971,DOCUMENTARY (Short Subject),A Long Way from Nowhere,False
1971,DOCUMENTARY (Short Subject),Oisin,False
1971,DOCUMENTARY (Short Subject),Time Is Running Out,False
1971,FILM EDITING,Airport,False
1971,FILM EDITING,M*A*S*H,False
1971,FILM EDITING,Patton,True
1971,FILM EDITING,Tora! Tora! Tora!,False
1971,FILM EDITING,Woodstock,False
1971,FOREIGN LANGUAGE FILM,First Love,False
1971,FOREIGN LANGUAGE FILM,Hoa-Binh,False
1971,FOREIGN LANGUAGE FILM,Investigation of a Citizen above Suspicion,True
1971,FOREIGN LANGUAGE FILM,Paix Sur Les Champs,False
1971,FOREIGN LANGUAGE FILM,Tristana,False
1971,MUSIC (Original Score),Airport,False
1971,MUSIC (Original Score),Cromwell,False
1971,MUSIC (Original Score),Love Story,True
1971,MUSIC (Original Score),Patton,False
1971,MUSIC (Original Score),Sunflower,False
1971,MUSIC (Original Song Score),The Baby Maker,False
1971,MUSIC (Original Song Score),A Boy Named Charlie Brown,False
1971,MUSIC (Original Song Score),Darling Lili,False
1971,MUSIC (Original Song Score),Let It Be,True
1971,MUSIC (Original Song Score),Scrooge,False
1971,MUSIC (Song--Original for the Picture),Lovers and Other Strangers,True
1971,MUSIC (Song--Original for the Picture),Pieces of Dreams,False
1971,MUSIC (Song--Original for the Picture),Scrooge,False
1971,MUSIC (Song--Original for the Picture),Madron,False
1971,MUSIC (Song--Original for the Picture),Darling Lili,False
1971,BEST PICTURE,Airport,False
1971,BEST PICTURE,Five Easy Pieces,False
1971,BEST PICTURE,Love Story,False
1971,BEST PICTURE,M*A*S*H,False
1971,BEST PICTURE,Patton,True
1971,SHORT SUBJECT (Cartoon),The Further Adventures of Uncle Sam: Part Two,False
1971,SHORT SUBJECT (Cartoon),Is It Always Right to Be Right?,True
1971,SHORT SUBJECT (Cartoon),The Shepherd,False
1971,SHORT SUBJECT (Live Action),The Resurrection of Broncho Billy,True
1971,SHORT SUBJECT (Live Action),Shut Up...I'm Crying,False
1971,SHORT SUBJECT (Live Action),Sticky My Fingers...Fleet My Feet,False
1971,SOUND,Airport,False
1971,SOUND,Patton,True
1971,SOUND,Ryan's Daughter,False
1971,SOUND,Tora! Tora! Tora!,False
1971,SOUND,Woodstock,False
1971,SPECIAL VISUAL EFFECTS,Patton,False
1971,SPECIAL VISUAL EFFECTS,Tora! Tora! Tora!,True
1971,WRITING (Screenplay--based on material from another medium),Airport,False
1971,WRITING (Screenplay--based on material from another medium),I Never Sang for My Father,False
1971,WRITING (Screenplay--based on material from another medium),Lovers and Other Strangers,False
1971,WRITING (Screenplay--based on material from another medium),M*A*S*H,True
1971,WRITING (Screenplay--based on material from another medium),Women in Love,False
1971,WRITING (Story and Screenplay--based on factual material or material not previously published or produced),Five Easy Pieces,False
1971,WRITING (Story and Screenplay--based on factual material or material not previously published or produced),Joe,False
1971,WRITING (Story and Screenplay--based on factual material or material not previously published or produced),Love Story,False
1971,WRITING (Story and Screenplay--based on factual material or material not previously published or produced),My Night at Maud's,False
1971,WRITING (Story and Screenplay--based on factual material or material not previously published or produced),Patton,True
1971,JEAN HERSHOLT HUMANITARIAN AWARD,,True
1971,HONORARY AWARD,,True
1971,HONORARY AWARD,,True
1971,IRVING G. THALBERG MEMORIAL AWARD,,True
1972,ACTOR,Sunday Bloody Sunday,False
1972,ACTOR,The French Connection,True
1972,ACTOR,Kotch,False
1972,ACTOR,The Hospital,False
1972,ACTOR,Fiddler on the Roof,False
1972,ACTOR IN A SUPPORTING ROLE,The Last Picture Show,False
1972,ACTOR IN A SUPPORTING ROLE,Fiddler on the Roof,False
1972,ACTOR IN A SUPPORTING ROLE,Sometimes a Great Notion,False
1972,ACTOR IN A SUPPORTING ROLE,The Last Picture Show,True
1972,ACTOR IN A SUPPORTING ROLE,The French Connection,False
1972,ACTRESS,McCabe & Mrs. Miller,False
1972,ACTRESS,Klute,True
1972,ACTRESS,Sunday Bloody Sunday,False
1972,ACTRESS,"Mary, Queen of Scots",False
1972,ACTRESS,Nicholas and Alexandra,False
1972,ACTRESS IN A SUPPORTING ROLE,Carnal Knowledge,False
1972,ACTRESS IN A SUPPORTING ROLE,The Last Picture Show,False
1972,ACTRESS IN A SUPPORTING ROLE,Who Is Harry Kellerman and Why Is He Saying Those Terrible Things about Me?,False
1972,ACTRESS IN A SUPPORTING ROLE,The Last Picture Show,True
1972,ACTRESS IN A SUPPORTING ROLE,The Go-Between,False
1972,ART DIRECTION,The Andromeda Strain,False
1972,ART DIRECTION,Bedknobs and Broomsticks,False
1972,ART DIRECTION,Fiddler on the Roof,False
1972,ART DIRECTION,"Mary, Queen of Scots",False
1972,ART DIRECTION,Nicholas and Alexandra,True
1972,CINEMATOGRAPHY,Fiddler on the Roof,True
1972,CINEMATOGRAPHY,The French Connection,False
1972,CINEMATOGRAPHY,The Last Picture Show,False
1972,CINEMATOGRAPHY,Nicholas and Alexandra,False
1972,CINEMATOGRAPHY,Summer of '42,False
1972,COSTUME DESIGN,Bedknobs and Broomsticks,False
1972,COSTUME DESIGN,Death in Venice,False
1972,COSTUME DESIGN,"Mary, Queen of Scots",False
1972,COSTUME DESIGN,Nicholas and Alexandra,True
1972,COSTUME DESIGN,What's the Matter with Helen?,False
1972,DIRECTING,A Clockwork Orange,False
1972,DIRECTING,Fiddler on the Roof,False
1972,DIRECTING,The French Connection,True
1972,DIRECTING,The Last Picture Show,False
1972,DIRECTING,Sunday Bloody Sunday,False
1972,DOCUMENTARY (Feature),Alaska Wilderness Lake,False
1972,DOCUMENTARY (Feature),The Hellstrom Chronicle,True
1972,DOCUMENTARY (Feature),On Any Sunday,False
1972,DOCUMENTARY (Feature),The RA Expeditions,False
1972,DOCUMENTARY (Feature),The Sorrow and the Pity,False
1972,DOCUMENTARY (Short Subject),Adventures in Perception,False
1972,DOCUMENTARY (Short Subject),Art Is...,False
1972,DOCUMENTARY (Short Subject),The Numbers Start with the River,False
1972,DOCUMENTARY (Short Subject),Sentinels of Silence,True
1972,DOCUMENTARY (Short Subject),Somebody Waiting,False
1972,FILM EDITING,The Andromeda Strain,False
1972,FILM EDITING,A Clockwork Orange,False
1972,FILM EDITING,The French Connection,True
1972,FILM EDITING,Kotch,False
1972,FILM EDITING,Summer of '42,False
1972,FOREIGN LANGUAGE FILM,Dodes'ka-Den,False
1972,FOREIGN LANGUAGE FILM,The Emigrants,False
1972,FOREIGN LANGUAGE FILM,The Garden of the Finzi Continis,True
1972,FOREIGN LANGUAGE FILM,The Policeman,False
1972,FOREIGN LANGUAGE FILM,Tchaikovsky,False
1972,MUSIC (Original Dramatic Score),"Mary, Queen of Scots",False
1972,MUSIC (Original Dramatic Score),Nicholas and Alexandra,False
1972,MUSIC (Original Dramatic Score),Shaft,False
1972,MUSIC (Original Dramatic Score),Straw Dogs,False
1972,MUSIC (Original Dramatic Score),Summer of '42,True
1972,MUSIC (Scoring: Adaptation and Original Song Score),Bedknobs and Broomsticks,False
1972,MUSIC (Scoring: Adaptation and Original Song Score),The Boy Friend,False
1972,MUSIC (Scoring: Adaptation and Original Song Score),Fiddler on the Roof,True
1972,MUSIC (Scoring: Adaptation and Original Song Score),Tchaikovsky,False
1972,MUSIC (Scoring: Adaptation and Original Song Score),Willy Wonka and the Chocolate Factory,False
1972,MUSIC (Song--Original for the Picture),Bedknobs and Broomsticks,False
1972,MUSIC (Song--Original for the Picture),Sometimes a Great Notion,False
1972,MUSIC (Song--Original for the Picture),Bless the Beasts & Children,False
1972,MUSIC (Song--Original for the Picture),Kotch,False
1972,MUSIC (Song--Original for the Picture),Shaft,True
1972,BEST PICTURE,A Clockwork Orange,False
1972,BEST PICTURE,Fiddler on the Roof,False
1972,BEST PICTURE,The French Connection,True
1972,BEST PICTURE,The Last Picture Show,False
1972,BEST PICTURE,Nicholas and Alexandra,False
1972,SHORT SUBJECT (Animated),The Crunch Bird,True
1972,SHORT SUBJECT (Animated),Evolution,False
1972,SHORT SUBJECT (Animated),The Selfish Giant,False
1972,SHORT SUBJECT (Live Action),Good Morning,False
1972,SHORT SUBJECT (Live Action),The Rehearsal,False
1972,SHORT SUBJECT (Live Action),Sentinels of Silence,True
1972,SOUND,Diamonds Are Forever,False
1972,SOUND,Fiddler on the Roof,True
1972,SOUND,The French Connection,False
1972,SOUND,Kotch,False
1972,SOUND,"Mary, Queen of Scots",False
1972,SPECIAL VISUAL EFFECTS,Bedknobs and Broomsticks,True
1972,SPECIAL VISUAL EFFECTS,When Dinosaurs Ruled the Earth,False
1972,WRITING (Screenplay--based on material from another medium),A Clockwork Orange,False
1972,WRITING (Screenplay--based on material from another medium),The Conformist,False
1972,WRITING (Screenplay--based on material from another medium),The French Connection,True
1972,WRITING (Screenplay--based on material from another medium),The Garden of the Finzi Continis,False
1972,WRITING (Screenplay--based on material from another medium),The Last Picture Show,False
1972,WRITING (Story and Screenplay--based on factual material or material not previously published or produced),The Hospital,True
1972,WRITING (Story and Screenplay--based on factual material or material not previously published or produced),Investigation of a Citizen above Suspicion,False
1972,WRITING (Story and Screenplay--based on factual material or material not previously published or produced),Klute,False
1972,WRITING (Story and Screenplay--based on factual material or material not previously published or produced),Summer of '42,False
1972,WRITING (Story and Screenplay--based on factual material or material not previously published or produced),Sunday Bloody Sunday,False
1972,HONORARY AWARD,,True
1973,ACTOR,The Godfather,True
1973,ACTOR,Sleuth,False
1973,ACTOR,Sleuth,False
1973,ACTOR,The Ruling Class,False
1973,ACTOR,Sounder,False
1973,ACTOR IN A SUPPORTING ROLE,The Heartbreak Kid,False
1973,ACTOR IN A SUPPORTING ROLE,The Godfather,False
1973,ACTOR IN A SUPPORTING ROLE,The Godfather,False
1973,ACTOR IN A SUPPORTING ROLE,Cabaret,True
1973,ACTOR IN A SUPPORTING ROLE,The Godfather,False
1973,ACTRESS,Cabaret,True
1973,ACTRESS,Lady Sings the Blues,False
1973,ACTRESS,Travels with My Aunt,False
1973,ACTRESS,Sounder,False
1973,ACTRESS,The Emigrants,False
1973,ACTRESS IN A SUPPORTING ROLE,The Heartbreak Kid,False
1973,ACTRESS IN A SUPPORTING ROLE,Butterflies Are Free,True
1973,ACTRESS IN A SUPPORTING ROLE,Pete 'n' Tillie,False
1973,ACTRESS IN A SUPPORTING ROLE,Fat City,False
1973,ACTRESS IN A SUPPORTING ROLE,The Poseidon Adventure,False
1973,ART DIRECTION,Cabaret,True
1973,ART DIRECTION,Lady Sings the Blues,False
1973,ART DIRECTION,The Poseidon Adventure,False
1973,ART DIRECTION,Travels with My Aunt,False
1973,ART DIRECTION,Young Winston,False
1973,CINEMATOGRAPHY,Butterflies Are Free,False
1973,CINEMATOGRAPHY,Cabaret,True
1973,CINEMATOGRAPHY,The Poseidon Adventure,False
1973,CINEMATOGRAPHY,1776,False
1973,CINEMATOGRAPHY,Travels with My Aunt,False
1973,COSTUME DESIGN,The Godfather,False
1973,COSTUME DESIGN,Lady Sings the Blues,False
1973,COSTUME DESIGN,The Poseidon Adventure,False
1973,COSTUME DESIGN,Travels with My Aunt,True
1973,COSTUME DESIGN,Young Winston,False
1973,DIRECTING,Cabaret,True
1973,DIRECTING,Deliverance,False
1973,DIRECTING,The Emigrants,False
1973,DIRECTING,The Godfather,False
1973,DIRECTING,Sleuth,False
1973,DOCUMENTARY (Feature),Ape and Super-Ape,False
1973,DOCUMENTARY (Feature),Malcolm X,False
1973,DOCUMENTARY (Feature),Manson,False
1973,DOCUMENTARY (Feature),Marjoe,True
1973,DOCUMENTARY (Feature),The Silent Revolution,False
1973,DOCUMENTARY (Short Subject),Hundertwasser's Rainy Day,False
1973,DOCUMENTARY (Short Subject),K-Z,False
1973,DOCUMENTARY (Short Subject),Selling Out,False
1973,DOCUMENTARY (Short Subject),This Tiny World,True
1973,DOCUMENTARY (Short Subject),The Tide of Traffic,False
1973,FILM EDITING,Cabaret,True
1973,FILM EDITING,Deliverance,False
1973,FILM EDITING,The Godfather,False
1973,FILM EDITING,The Hot Rock,False
1973,FILM EDITING,The Poseidon Adventure,False
1973,FOREIGN LANGUAGE FILM,The Dawns Here Are Quiet,False
1973,FOREIGN LANGUAGE FILM,The Discreet Charm of the Bourgeoisie,True
1973,FOREIGN LANGUAGE FILM,I Love You Rosa,False
1973,FOREIGN LANGUAGE FILM,My Dearest Señorita,False
1973,FOREIGN LANGUAGE FILM,The New Land,False
1973,MUSIC (Original Dramatic Score),The Godfather,False
1973,MUSIC (Original Dramatic Score),images,False
1973,MUSIC (Original Dramatic Score),Limelight,True
1973,MUSIC (Original Dramatic Score),Napoleon and Samantha,False
1973,MUSIC (Original Dramatic Score),The Poseidon Adventure,False
1973,MUSIC (Original Dramatic Score),Sleuth,False
1973,MUSIC (Scoring: Adaptation and Original Song Score),Cabaret,True
1973,MUSIC (Scoring: Adaptation and Original Song Score),Lady Sings the Blues,False
1973,MUSIC (Scoring: Adaptation and Original Song Score),Man of La Mancha,False
1973,MUSIC (Song--Original for the Picture),Ben,False
1973,MUSIC (Song--Original for the Picture),The Little Ark,False
1973,MUSIC (Song--Original for the Picture),The Life and Times of Judge Roy Bean,False
1973,MUSIC (Song--Original for the Picture),The Poseidon Adventure,True
1973,MUSIC (Song--Original for the Picture),The Stepmother,False
1973,BEST PICTURE,Cabaret,False
1973,BEST PICTURE,Deliverance,False
1973,BEST PICTURE,The Emigrants,False
1973,BEST PICTURE,The Godfather,True
1973,BEST PICTURE,Sounder,False
1973,SHORT SUBJECT (Animated),A Christmas Carol,True
1973,SHORT SUBJECT (Animated),Kama Sutra Rides Again,False
1973,SHORT SUBJECT (Animated),Tup Tup,False
1973,SHORT SUBJECT (Live Action),Frog Story,False
1973,SHORT SUBJECT (Live Action),Norman Rockwell's World...An American Dream,True
1973,SHORT SUBJECT (Live Action),Solo,False
1973,SOUND,Butterflies Are Free,False
1973,SOUND,Cabaret,True
1973,SOUND,The Candidate,False
1973,SOUND,The Godfather,False
1973,SOUND,The Poseidon Adventure,False
1973,WRITING (Screenplay--based on material from another medium),Cabaret,False
1973,WRITING (Screenplay--based on material from another medium),The Emigrants,False
1973,WRITING (Screenplay--based on material from another medium),The Godfather,True
1973,WRITING (Screenplay--based on material from another medium),Pete 'n' Tillie,False
1973,WRITING (Screenplay--based on material from another medium),Sounder,False
1973,WRITING (Story and Screenplay--based on factual material or material not previously published or produced),The Candidate,True
1973,WRITING (Story and Screenplay--based on factual material or material not previously published or produced),The Discreet Charm of the Bourgeoisie,False
1973,WRITING (Story and Screenplay--based on factual material or material not previously published or produced),Lady Sings the Blues,False
1973,WRITING (Story and Screenplay--based on factual material or material not previously published or produced),Murmur of the Heart,False
1973,WRITING (Story and Screenplay--based on factual material or material not previously published or produced),Young Winston,False
1973,SPECIAL ACHIEVEMENT AWARD (Visual Effects),The Poseidon Adventure,True
1973,JEAN HERSHOLT HUMANITARIAN AWARD,,True
1973,HONORARY AWARD,,True
1973,HONORARY AWARD,,True
1974,ACTOR,Last Tango in Paris,False
1974,ACTOR,Save the Tiger,True
1974,ACTOR,The Last Detail,False
1974,ACTOR,Serpico,False
1974,ACTOR,The Sting,False
1974,ACTOR IN A SUPPORTING ROLE,Bang the Drum Slowly,False
1974,ACTOR IN A SUPPORTING ROLE,Save the Tiger,False
1974,ACTOR IN A SUPPORTING ROLE,The Paper Chase,True
1974,ACTOR IN A SUPPORTING ROLE,The Exorcist,False
1974,ACTOR IN A SUPPORTING ROLE,The Last Detail,False
1974,ACTRESS,The Exorcist,False
1974,ACTRESS,A Touch of Class,True
1974,ACTRESS,Cinderella Liberty,False
1974,ACTRESS,The Way We Were,False
1974,ACTRESS,"Summer Wishes, Winter Dreams",False
1974,ACTRESS IN A SUPPORTING ROLE,The Exorcist,False
1974,ACTRESS IN A SUPPORTING ROLE,American Graffiti,False
1974,ACTRESS IN A SUPPORTING ROLE,Paper Moon,False
1974,ACTRESS IN A SUPPORTING ROLE,Paper Moon,True
1974,ACTRESS IN A SUPPORTING ROLE,"Summer Wishes, Winter Dreams",False
1974,ART DIRECTION,Brother Sun Sister Moon,False
1974,ART DIRECTION,The Exorcist,False
1974,ART DIRECTION,The Sting,True
1974,ART DIRECTION,Tom Sawyer,False
1974,ART DIRECTION,The Way We Were,False
1974,CINEMATOGRAPHY,Cries and Whispers,True
1974,CINEMATOGRAPHY,The Exorcist,False
1974,CINEMATOGRAPHY,Jonathan Livingston Seagull,False
1974,CINEMATOGRAPHY,The Sting,False
1974,CINEMATOGRAPHY,The Way We Were,False
1974,COSTUME DESIGN,Cries and Whispers,False
1974,COSTUME DESIGN,Ludwig,False
1974,COSTUME DESIGN,The Sting,True
1974,COSTUME DESIGN,Tom Sawyer,False
1974,COSTUME DESIGN,The Way We Were,False
1974,DIRECTING,American Graffiti,False
1974,DIRECTING,Cries and Whispers,False
1974,DIRECTING,The Exorcist,False
1974,DIRECTING,Last Tango in Paris,False
1974,DIRECTING,The Sting,True
1974,DOCUMENTARY (Feature),Always a New Beginning,False
1974,DOCUMENTARY (Feature),Battle of Berlin,False
1974,DOCUMENTARY (Feature),The Great American Cowboy,True
1974,DOCUMENTARY (Feature),Journey to the Outer Limits,False
1974,DOCUMENTARY (Feature),Walls of Fire,False
1974,DOCUMENTARY (Short Subject),Background,False
1974,DOCUMENTARY (Short Subject),Children at Work (Paisti Ag Obair),False
1974,DOCUMENTARY (Short Subject),Christo's Valley Curtain,False
1974,DOCUMENTARY (Short Subject),Four Stones for Kanemitsu,False
1974,DOCUMENTARY (Short Subject),Princeton: A Search for Answers,True
1974,FILM EDITING,American Graffiti,False
1974,FILM EDITING,The Day of the Jackal,False
1974,FILM EDITING,The Exorcist,False
1974,FILM EDITING,Jonathan Livingston Seagull,False
1974,FILM EDITING,The Sting,True
1974,FOREIGN LANGUAGE FILM,Day for Night,True
1974,FOREIGN LANGUAGE FILM,The House on Chelouche Street,False
1974,FOREIGN LANGUAGE FILM,L'Invitation,False
1974,FOREIGN LANGUAGE FILM,The Pedestrian,False
1974,FOREIGN LANGUAGE FILM,Turkish Delight,False
1974,MUSIC (Original Dramatic Score),Cinderella Liberty,False
1974,MUSIC (Original Dramatic Score),The Day of the Dolphin,False
1974,MUSIC (Original Dramatic Score),Papillon,False
1974,MUSIC (Original Dramatic Score),A Touch of Class,False
1974,MUSIC (Original Dramatic Score),The Way We Were,True
1974,MUSIC (Scoring: Original Song Score and Adaptation -or- Scoring: Adaptation),Jesus Christ Superstar,False
1974,MUSIC (Scoring: Original Song Score and Adaptation -or- Scoring: Adaptation),The Sting,True
1974,MUSIC (Scoring: Original Song Score and Adaptation -or- Scoring: Adaptation),Tom Sawyer,False
1974,MUSIC (Song),A Touch of Class,False
1974,MUSIC (Song),Live and Let Die,False
1974,MUSIC (Song),Robin Hood,False
1974,MUSIC (Song),Cinderella Liberty,False
1974,MUSIC (Song),The Way We Were,True
1974,BEST PICTURE,American Graffiti,False
1974,BEST PICTURE,Cries and Whispers,False
1974,BEST PICTURE,The Exorcist,False
1974,BEST PICTURE,The Sting,True
1974,BEST PICTURE,A Touch of Class,False
1974,SHORT SUBJECT (Animated),Frank Film,True
1974,SHORT SUBJECT (Animated),The Legend of John Henry,False
1974,SHORT SUBJECT (Animated),Pulcinella,False
1974,SHORT SUBJECT (Live Action),The Bolero,True
1974,SHORT SUBJECT (Live Action),Clockmaker,False
1974,SHORT SUBJECT (Live Action),Life Times Nine,False
1974,SOUND,The Day of the Dolphin,False
1974,SOUND,The Exorcist,True
1974,SOUND,The Paper Chase,False
1974,SOUND,Paper Moon,False
1974,SOUND,The Sting,False
1974,WRITING (Screenplay--based on material from another medium),The Exorcist,True
1974,WRITING (Screenplay--based on material from another medium),The Last Detail,False
1974,WRITING (Screenplay--based on material from another medium),The Paper Chase,False
1974,WRITING (Screenplay--based on material from another medium),Paper Moon,False
1974,WRITING (Screenplay--based on material from another medium),Serpico,False
1974,WRITING (Story and Screenplay--based on factual material or material not previously published or produced),American Graffiti,False
1974,WRITING (Story and Screenplay--based on factual material or material not previously published or produced),Cries and Whispers,False
1974,WRITING (Story and Screenplay--based on factual material or material not previously published or produced),Save the Tiger,False
1974,WRITING (Story and Screenplay--based on factual material or material not previously published or produced),The Sting,True
1974,WRITING (Story and Screenplay--based on factual material or material not previously published or produced),A Touch of Class,False
1974,JEAN HERSHOLT HUMANITARIAN AWARD,,True
1974,HONORARY AWARD,,True
1974,HONORARY AWARD,,True
1974,IRVING G. THALBERG MEMORIAL AWARD,,True
1975,ACTOR,Harry and Tonto,True
1975,ACTOR,Murder on the Orient Express,False
1975,ACTOR,Lenny,False
1975,ACTOR,Chinatown,False
1975,ACTOR,The Godfather Part II,False
1975,ACTOR IN A SUPPORTING ROLE,The Towering Inferno,False
1975,ACTOR IN A SUPPORTING ROLE,Thunderbolt and Lightfoot,False
1975,ACTOR IN A SUPPORTING ROLE,The Godfather Part II,True
1975,ACTOR IN A SUPPORTING ROLE,The Godfather Part II,False
1975,ACTOR IN A SUPPORTING ROLE,The Godfather Part II,False
1975,ACTRESS,Alice Doesn't Live Here Anymore,True
1975,ACTRESS,Claudine,False
1975,ACTRESS,Chinatown,False
1975,ACTRESS,Lenny,False
1975,ACTRESS,A Woman under the Influence,False
1975,ACTRESS IN A SUPPORTING ROLE,Murder on the Orient Express,True
1975,ACTRESS IN A SUPPORTING ROLE,Day for Night,False
1975,ACTRESS IN A SUPPORTING ROLE,Blazing Saddles,False
1975,ACTRESS IN A SUPPORTING ROLE,Alice Doesn't Live Here Anymore,False
1975,ACTRESS IN A SUPPORTING ROLE,The Godfather Part II,False
1975,ART DIRECTION,Chinatown,False
1975,ART DIRECTION,Earthquake,False
1975,ART DIRECTION,The Godfather Part II,True
1975,ART DIRECTION,The Island at the Top of the World,False
1975,ART DIRECTION,The Towering Inferno,False
1975,CINEMATOGRAPHY,Chinatown,False
1975,CINEMATOGRAPHY,Earthquake,False
1975,CINEMATOGRAPHY,Lenny,False
1975,CINEMATOGRAPHY,Murder on the Orient Express,False
1975,CINEMATOGRAPHY,The Towering Inferno,True
1975,COSTUME DESIGN,Chinatown,False
1975,COSTUME DESIGN,Daisy Miller,False
1975,COSTUME DESIGN,The Godfather Part II,False
1975,COSTUME DESIGN,The Great Gatsby,True
1975,COSTUME DESIGN,Murder on the Orient Express,False
1975,DIRECTING,Chinatown,False
1975,DIRECTING,Day for Night,False
1975,DIRECTING,The Godfather Part II,True
1975,DIRECTING,Lenny,False
1975,DIRECTING,A Woman under the Influence,False
1975,DOCUMENTARY (Feature),Antonia: A Portrait of the Woman,False
1975,DOCUMENTARY (Feature),The Challenge...A Tribute to Modern Art,False
1975,DOCUMENTARY (Feature),The 81st Blow,False
1975,DOCUMENTARY (Feature),Hearts and Minds,True
1975,DOCUMENTARY (Feature),The Wild and the Brave,False
1975,DOCUMENTARY (Short Subject),City Out of Wilderness,False
1975,DOCUMENTARY (Short Subject),Don't,True
1975,DOCUMENTARY (Short Subject),Exploratorium,False
1975,DOCUMENTARY (Short Subject),John Muir's High Sierra,False
1975,DOCUMENTARY (Short Subject),Naked Yoga,False
1975,FILM EDITING,Blazing Saddles,False
1975,FILM EDITING,Chinatown,False
1975,FILM EDITING,Earthquake,False
1975,FILM EDITING,The Longest Yard,False
1975,FILM EDITING,The Towering Inferno,True
1975,FOREIGN LANGUAGE FILM,Amarcord,True
1975,FOREIGN LANGUAGE FILM,Cats' Play,False
1975,FOREIGN LANGUAGE FILM,The Deluge,False
1975,FOREIGN LANGUAGE FILM,"Lacombe, Lucien",False
1975,FOREIGN LANGUAGE FILM,The Truce,False
1975,MUSIC (Original Dramatic Score),Chinatown,False
1975,MUSIC (Original Dramatic Score),The Godfather Part II,True
1975,MUSIC (Original Dramatic Score),Murder on the Orient Express,False
1975,MUSIC (Original Dramatic Score),Shanks,False
1975,MUSIC (Original Dramatic Score),The Towering Inferno,False
1975,MUSIC (Scoring: Original Song Score and Adaptation -or- Scoring: Adaptation),The Great Gatsby,True
1975,MUSIC (Scoring: Original Song Score and Adaptation -or- Scoring: Adaptation),The Little Prince,False
1975,MUSIC (Scoring: Original Song Score and Adaptation -or- Scoring: Adaptation),Phantom of the Paradise,False
1975,MUSIC (Song),Benji,False
1975,MUSIC (Song),Blazing Saddles,False
1975,MUSIC (Song),The Little Prince,False
1975,MUSIC (Song),The Towering Inferno,True
1975,MUSIC (Song),Gold,False
1975,BEST PICTURE,Chinatown,False
1975,BEST PICTURE,The Conversation,False
1975,BEST PICTURE,The Godfather Part II,True
1975,BEST PICTURE,Lenny,False
1975,BEST PICTURE,The Towering Inferno,False
1975,SHORT FILM (Animated),Closed Mondays,True
1975,SHORT FILM (Animated),The Family That Dwelt Apart,False
1975,SHORT FILM (Animated),Hunger,False
1975,SHORT FILM (Animated),Voyage to Next,False
1975,SHORT FILM (Animated),Winnie the Pooh and Tigger Too,False
1975,SHORT FILM (Live Action),Climb,False
1975,SHORT FILM (Live Action),The Concert,False
1975,SHORT FILM (Live Action),One-Eyed Men Are Kings,True
1975,SHORT FILM (Live Action),Planet Ocean,False
1975,SHORT FILM (Live Action),The Violin,False
1975,SOUND,Chinatown,False
1975,SOUND,The Conversation,False
1975,SOUND,Earthquake,True
1975,SOUND,The Towering Inferno,False
1975,SOUND,Young Frankenstein,False
1975,WRITING (Original Screenplay),Alice Doesn't Live Here Anymore,False
1975,WRITING (Original Screenplay),Chinatown,True
1975,WRITING (Original Screenplay),The Conversation,False
1975,WRITING (Original Screenplay),Day for Night,False
1975,WRITING (Original Screenplay),Harry and Tonto,False
1975,WRITING (Screenplay Adapted from Other Material),The Apprenticeship of Duddy Kravitz,False
1975,WRITING (Screenplay Adapted from Other Material),The Godfather Part II,True
1975,WRITING (Screenplay Adapted from Other Material),Lenny,False
1975,WRITING (Screenplay Adapted from Other Material),Murder on the Orient Express,False
1975,WRITING (Screenplay Adapted from Other Material),Young Frankenstein,False
1975,SPECIAL ACHIEVEMENT AWARD (Visual Effects),Earthquake,True
1975,JEAN HERSHOLT HUMANITARIAN AWARD,,True
1975,HONORARY AWARD,,True
1975,HONORARY AWARD,,True
1976,ACTOR,The Sunshine Boys,False
1976,ACTOR,One Flew over the Cuckoo's Nest,True
1976,ACTOR,Dog Day Afternoon,False
1976,ACTOR,The Man in the Glass Booth,False
1976,ACTOR,"Give 'em Hell, Harry!",False
1976,ACTOR IN A SUPPORTING ROLE,The Sunshine Boys,True
1976,ACTOR IN A SUPPORTING ROLE,One Flew over the Cuckoo's Nest,False
1976,ACTOR IN A SUPPORTING ROLE,The Day of the Locust,False
1976,ACTOR IN A SUPPORTING ROLE,Dog Day Afternoon,False
1976,ACTOR IN A SUPPORTING ROLE,Shampoo,False
1976,ACTRESS,The Story of Adele H.,False
1976,ACTRESS,Tommy,False
1976,ACTRESS,One Flew over the Cuckoo's Nest,True
1976,ACTRESS,Hedda,False
1976,ACTRESS,Hester Street,False
1976,ACTRESS IN A SUPPORTING ROLE,Nashville,False
1976,ACTRESS IN A SUPPORTING ROLE,Shampoo,True
1976,ACTRESS IN A SUPPORTING ROLE,"Farewell, My Lovely",False
1976,ACTRESS IN A SUPPORTING ROLE,Nashville,False
1976,ACTRESS IN A SUPPORTING ROLE,Jacqueline Susann's Once Is Not Enough,False
1976,ART DIRECTION,Barry Lyndon,True
1976,ART DIRECTION,The Hindenburg,False
1976,ART DIRECTION,The Man Who Would Be King,False
1976,ART DIRECTION,Shampoo,False
1976,ART DIRECTION,The Sunshine Boys,False
1976,CINEMATOGRAPHY,Barry Lyndon,True
1976,CINEMATOGRAPHY,The Day of the Locust,False
1976,CINEMATOGRAPHY,Funny Lady,False
1976,CINEMATOGRAPHY,The Hindenburg,False
1976,CINEMATOGRAPHY,One Flew over the Cuckoo's Nest,False
1976,COSTUME DESIGN,Barry Lyndon,True
1976,COSTUME DESIGN,The Four Musketeers,False
1976,COSTUME DESIGN,Funny Lady,False
1976,COSTUME DESIGN,The Magic Flute,False
1976,COSTUME DESIGN,The Man Who Would Be King,False
1976,DIRECTING,Amarcord,False
1976,DIRECTING,Barry Lyndon,False
1976,DIRECTING,Dog Day Afternoon,False
1976,DIRECTING,Nashville,False
1976,DIRECTING,One Flew over the Cuckoo's Nest,True
1976,DOCUMENTARY (Feature),The California Reich,False
1976,DOCUMENTARY (Feature),Fighting for Our Lives,False
1976,DOCUMENTARY (Feature),The Incredible Machine,False
1976,DOCUMENTARY (Feature),The Man Who Skied down Everest,True
1976,DOCUMENTARY (Feature),The Other Half of the Sky: A China Memoir,False
1976,DOCUMENTARY (Short Subject),Arthur and Lillie,False
1976,DOCUMENTARY (Short Subject),The End of the Game,True
1976,DOCUMENTARY (Short Subject),Millions of Years Ahead of Man,False
1976,DOCUMENTARY (Short Subject),Probes in Space,False
1976,DOCUMENTARY (Short Subject),Whistling Smith,False
1976,FILM EDITING,Dog Day Afternoon,False
1976,FILM EDITING,Jaws,True
1976,FILM EDITING,The Man Who Would Be King,False
1976,FILM EDITING,One Flew over the Cuckoo's Nest,False
1976,FILM EDITING,Three Days of the Condor,False
1976,FOREIGN LANGUAGE FILM,Dersu Uzala,True
1976,FOREIGN LANGUAGE FILM,Land of Promise,False
1976,FOREIGN LANGUAGE FILM,Letters from Marusia,False
1976,FOREIGN LANGUAGE FILM,Sandakan No. 8,False
1976,FOREIGN LANGUAGE FILM,Scent of a Woman,False
1976,MUSIC (Original Score),"Birds Do It, Bees Do It",False
1976,MUSIC (Original Score),Bite the Bullet,False
1976,MUSIC (Original Score),Jaws,True
1976,MUSIC (Original Score),One Flew over the Cuckoo's Nest,False
1976,MUSIC (Original Score),The Wind and the Lion,False
1976,MUSIC (Scoring: Original Song Score and Adaptation -or- Scoring: Adaptation),Barry Lyndon,True
1976,MUSIC (Scoring: Original Song Score and Adaptation -or- Scoring: Adaptation),Funny Lady,False
1976,MUSIC (Scoring: Original Song Score and Adaptation -or- Scoring: Adaptation),Tommy,False
1976,MUSIC (Original Song),Funny Lady,False
1976,MUSIC (Original Song),Nashville,True
1976,MUSIC (Original Song),Whiffs,False
1976,MUSIC (Original Song),The Other Side of the Mountain,False
1976,MUSIC (Original Song),Mahogany,False
1976,BEST PICTURE,Barry Lyndon,False
1976,BEST PICTURE,Dog Day Afternoon,False
1976,BEST PICTURE,Jaws,False
1976,BEST PICTURE,Nashville,False
1976,BEST PICTURE,One Flew over the Cuckoo's Nest,True
1976,SHORT FILM (Animated),Great,True
1976,SHORT FILM (Animated),Kick Me,False
1976,SHORT FILM (Animated),Monsieur Pointu,False
1976,SHORT FILM (Animated),Sisyphus,False
1976,SHORT FILM (Live Action),Angel and Big Joe,True
1976,SHORT FILM (Live Action),Conquest of Light,False
1976,SHORT FILM (Live Action),Dawn Flight,False
1976,SHORT FILM (Live Action),A Day in the Life of Bonnie Consolo,False
1976,SHORT FILM (Live Action),Doubletalk,False
1976,SOUND,Bite the Bullet,False
1976,SOUND,Funny Lady,False
1976,SOUND,The Hindenburg,False
1976,SOUND,Jaws,True
1976,SOUND,The Wind and the Lion,False
1976,WRITING (Original Screenplay),Amarcord,False
1976,WRITING (Original Screenplay),And Now My Love,False
1976,WRITING (Original Screenplay),Dog Day Afternoon,True
1976,WRITING (Original Screenplay),Lies My Father Told Me,False
1976,WRITING (Original Screenplay),Shampoo,False
1976,WRITING (Screenplay Adapted from Other Material),Barry Lyndon,False
1976,WRITING (Screenplay Adapted from Other Material),The Man Who Would Be King,False
1976,WRITING (Screenplay Adapted from Other Material),One Flew over the Cuckoo's Nest,True
1976,WRITING (Screenplay Adapted from Other Material),Scent of a Woman,False
1976,WRITING (Screenplay Adapted from Other Material),The Sunshine Boys,False
1976,SPECIAL ACHIEVEMENT AWARD (Sound Effects),The Hindenburg,True
1976,SPECIAL ACHIEVEMENT AWARD (Visual Effects),The Hindenburg,True
1976,JEAN HERSHOLT HUMANITARIAN AWARD,,True
1976,HONORARY AWARD,,True
1976,IRVING G. THALBERG MEMORIAL AWARD,,True
1977,ACTOR IN A LEADING ROLE,Taxi Driver,False
1977,ACTOR IN A LEADING ROLE,Network,True
1977,ACTOR IN A LEADING ROLE,Seven Beauties,False
1977,ACTOR IN A LEADING ROLE,Network,False
1977,ACTOR IN A LEADING ROLE,Rocky,False
1977,ACTOR IN A SUPPORTING ROLE,Network,False
1977,ACTOR IN A SUPPORTING ROLE,Rocky,False
1977,ACTOR IN A SUPPORTING ROLE,Marathon Man,False
1977,ACTOR IN A SUPPORTING ROLE,All the President's Men,True
1977,ACTOR IN A SUPPORTING ROLE,Rocky,False
1977,ACTRESS IN A LEADING ROLE,"Cousin, Cousine",False
1977,ACTRESS IN A LEADING ROLE,Network,True
1977,ACTRESS IN A LEADING ROLE,Rocky,False
1977,ACTRESS IN A LEADING ROLE,Carrie,False
1977,ACTRESS IN A LEADING ROLE,Face to Face,False
1977,ACTRESS IN A SUPPORTING ROLE,All the President's Men,False
1977,ACTRESS IN A SUPPORTING ROLE,Taxi Driver,False
1977,ACTRESS IN A SUPPORTING ROLE,Voyage of the Damned,False
1977,ACTRESS IN A SUPPORTING ROLE,Carrie,False
1977,ACTRESS IN A SUPPORTING ROLE,Network,True
1977,ART DIRECTION,All the President's Men,True
1977,ART DIRECTION,The Incredible Sarah,False
1977,ART DIRECTION,The Last Tycoon,False
1977,ART DIRECTION,Logan's Run,False
1977,ART DIRECTION,The Shootist,False
1977,CINEMATOGRAPHY,Bound for Glory,True
1977,CINEMATOGRAPHY,King Kong,False
1977,CINEMATOGRAPHY,Logan's Run,False
1977,CINEMATOGRAPHY,Network,False
1977,CINEMATOGRAPHY,A Star Is Born,False
1977,COSTUME DESIGN,Bound for Glory,False
1977,COSTUME DESIGN,Fellini's Casanova,True
1977,COSTUME DESIGN,The Incredible Sarah,False
1977,COSTUME DESIGN,The Passover Plot,False
1977,COSTUME DESIGN,The Seven-per-cent Solution,False
1977,DIRECTING,All the President's Men,False
1977,DIRECTING,Face to Face,False
1977,DIRECTING,Network,False
1977,DIRECTING,Rocky,True
1977,DIRECTING,Seven Beauties,False
1977,DOCUMENTARY (Feature),"Harlan County, U.S.A.",True
1977,DOCUMENTARY (Feature),Hollywood on Trial,False
1977,DOCUMENTARY (Feature),Off the Edge,False
1977,DOCUMENTARY (Feature),People of the Wind,False
1977,DOCUMENTARY (Feature),Volcano: An Inquiry into the Life and Death of Malcolm Lowry,False
1977,DOCUMENTARY (Short Subject),American Shoeshine,False
1977,DOCUMENTARY (Short Subject),Blackwood,False
1977,DOCUMENTARY (Short Subject),The End of the Road,False
1977,DOCUMENTARY (Short Subject),Number Our Days,True
1977,DOCUMENTARY (Short Subject),Universe,False
1977,FILM EDITING,All the President's Men,False
1977,FILM EDITING,Bound for Glory,False
1977,FILM EDITING,Network,False
1977,FILM EDITING,Rocky,True
1977,FILM EDITING,Two-Minute Warning,False
1977,FOREIGN LANGUAGE FILM,Black and White in Color,True
1977,FOREIGN LANGUAGE FILM,"Cousin, Cousine",False
1977,FOREIGN LANGUAGE FILM,"Jacob, the Liar",False
1977,FOREIGN LANGUAGE FILM,Nights and Days,False
1977,FOREIGN LANGUAGE FILM,Seven Beauties,False
1977,MUSIC (Original Score),Obsession,False
1977,MUSIC (Original Score),The Omen,True
1977,MUSIC (Original Score),The Outlaw Josey Wales,False
1977,MUSIC (Original Score),Taxi Driver,False
1977,MUSIC (Original Score),Voyage of the Damned,False
1977,MUSIC (Original Song Score and Its Adaptation or Adaptation Score),Bound for Glory,True
1977,MUSIC (Original Song Score and Its Adaptation or Adaptation Score),Bugsy Malone,False
1977,MUSIC (Original Song Score and Its Adaptation or Adaptation Score),A Star Is Born,False
1977,MUSIC (Original Song),Half a House,False
1977,MUSIC (Original Song),The Omen,False
1977,MUSIC (Original Song),The Pink Panther Strikes Again,False
1977,MUSIC (Original Song),A Star Is Born,True
1977,MUSIC (Original Song),Rocky,False
1977,BEST PICTURE,All the President's Men,False
1977,BEST PICTURE,Bound for Glory,False
1977,BEST PICTURE,Network,False
1977,BEST PICTURE,Rocky,True
1977,BEST PICTURE,Taxi Driver,False
1977,SHORT FILM (Animated),Dedalo,False
1977,SHORT FILM (Animated),Leisure,True
1977,SHORT FILM (Animated),The Street,False
1977,SHORT FILM (Live Action),In the Region of Ice,True
1977,SHORT FILM (Live Action),Kudzu,False
1977,SHORT FILM (Live Action),The Morning Spider,False
1977,SHORT FILM (Live Action),Nightlife,False
1977,SHORT FILM (Live Action),Number One,False
1977,SOUND,All the President's Men,True
1977,SOUND,King Kong,False
1977,SOUND,Rocky,False
1977,SOUND,Silver Streak,False
1977,SOUND,A Star Is Born,False
1977,WRITING (Screenplay--based on material from another medium),All the President's Men,True
1977,WRITING (Screenplay--based on material from another medium),Bound for Glory,False
1977,WRITING (Screenplay--based on material from another medium),Fellini's Casanova,False
1977,WRITING (Screenplay--based on material from another medium),The Seven-per-cent Solution,False
1977,WRITING (Screenplay--based on material from another medium),Voyage of the Damned,False
1977,WRITING (Screenplay Written Directly for the Screen--based on factual material or on story material not previously published or produced),"Cousin, Cousine",False
1977,WRITING (Screenplay Written Directly for the Screen--based on factual material or on story material not previously published or produced),The Front,False
1977,WRITING (Screenplay Written Directly for the Screen--based on factual material or on story material not previously published or produced),Network,True
1977,WRITING (Screenplay Written Directly for the Screen--based on factual material or on story material not previously published or produced),Rocky,False
1977,WRITING (Screenplay Written Directly for the Screen--based on factual material or on story material not previously published or produced),Seven Beauties,False
1977,SPECIAL ACHIEVEMENT AWARD (Visual Effects),King Kong,True
1977,SPECIAL ACHIEVEMENT AWARD (Visual Effects),Logan's Run,True
1977,IRVING G. THALBERG MEMORIAL AWARD,,True
1978,ACTOR IN A LEADING ROLE,Annie Hall,False
1978,ACTOR IN A LEADING ROLE,Equus,False
1978,ACTOR IN A LEADING ROLE,The Goodbye Girl,True
1978,ACTOR IN A LEADING ROLE,A Special Day,False
1978,ACTOR IN A LEADING ROLE,Saturday Night Fever,False
1978,ACTOR IN A SUPPORTING ROLE,The Turning Point,False
1978,ACTOR IN A SUPPORTING ROLE,Equus,False
1978,ACTOR IN A SUPPORTING ROLE,Star Wars,False
1978,ACTOR IN A SUPPORTING ROLE,Julia,True
1978,ACTOR IN A SUPPORTING ROLE,Julia,False
1978,ACTRESS IN A LEADING ROLE,The Turning Point,False
1978,ACTRESS IN A LEADING ROLE,Julia,False
1978,ACTRESS IN A LEADING ROLE,Annie Hall,True
1978,ACTRESS IN A LEADING ROLE,The Turning Point,False
1978,ACTRESS IN A LEADING ROLE,The Goodbye Girl,False
1978,ACTRESS IN A SUPPORTING ROLE,The Turning Point,False
1978,ACTRESS IN A SUPPORTING ROLE,The Goodbye Girl,False
1978,ACTRESS IN A SUPPORTING ROLE,Close Encounters of the Third Kind,False
1978,ACTRESS IN A SUPPORTING ROLE,Julia,True
1978,ACTRESS IN A SUPPORTING ROLE,Looking for Mr. Goodbar,False
1978,ART DIRECTION,Airport '77,False
1978,ART DIRECTION,Close Encounters of the Third Kind,False
1978,ART DIRECTION,The Spy Who Loved Me,False
1978,ART DIRECTION,Star Wars,True
1978,ART DIRECTION,The Turning Point,False
1978,CINEMATOGRAPHY,Close Encounters of the Third Kind,True
1978,CINEMATOGRAPHY,Islands in the Stream,False
1978,CINEMATOGRAPHY,Julia,False
1978,CINEMATOGRAPHY,Looking for Mr. Goodbar,False
1978,CINEMATOGRAPHY,The Turning Point,False
1978,COSTUME DESIGN,Airport '77,False
1978,COSTUME DESIGN,Julia,False
1978,COSTUME DESIGN,A Little Night Music,False
1978,COSTUME DESIGN,The Other Side of Midnight,False
1978,COSTUME DESIGN,Star Wars,True
1978,DIRECTING,Annie Hall,True
1978,DIRECTING,Close Encounters of the Third Kind,False
1978,DIRECTING,Julia,False
1978,DIRECTING,Star Wars,False
1978,DIRECTING,The Turning Point,False
1978,DOCUMENTARY (Feature),The Children of Theatre Street,False
1978,DOCUMENTARY (Feature),High Grass Circus,False
1978,DOCUMENTARY (Feature),Homage to Chagall--The Colours of Love,False
1978,DOCUMENTARY (Feature),Union Maids,False
1978,DOCUMENTARY (Feature),Who Are the DeBolts? And Where Did They Get Nineteen Kids?,True
1978,DOCUMENTARY (Short Subject),"Agueda Martinez: Our People, Our Country",False
1978,DOCUMENTARY (Short Subject),First Edition,False
1978,DOCUMENTARY (Short Subject),Gravity Is My Enemy,True
1978,DOCUMENTARY (Short Subject),"Of Time, Tombs and Treasure",False
1978,DOCUMENTARY (Short Subject),The Shetland Experience,False
1978,FILM EDITING,Close Encounters of the Third Kind,False
1978,FILM EDITING,Julia,False
1978,FILM EDITING,Smokey and the Bandit,False
1978,FILM EDITING,Star Wars,True
1978,FILM EDITING,The Turning Point,False
1978,FOREIGN LANGUAGE FILM,Iphigenia,False
1978,FOREIGN LANGUAGE FILM,Madame Rosa,True
1978,FOREIGN LANGUAGE FILM,Operation Thunderbolt,False
1978,FOREIGN LANGUAGE FILM,A Special Day,False
1978,FOREIGN LANGUAGE FILM,That Obscure Object of Desire,False
1978,MUSIC (Original Score),Close Encounters of the Third Kind,False
1978,MUSIC (Original Score),Julia,False
1978,MUSIC (Original Score),Mohammad - Messenger of God,False
1978,MUSIC (Original Score),The Spy Who Loved Me,False
1978,MUSIC (Original Score),Star Wars,True
1978,MUSIC (Original Song Score and Its Adaptation or Adaptation Score),A Little Night Music,True
1978,MUSIC (Original Song Score and Its Adaptation or Adaptation Score),Pete's Dragon,False
1978,MUSIC (Original Song Score and Its Adaptation or Adaptation Score),The Slipper and the Rose--The Story of Cinderella,False
1978,MUSIC (Original Song),Pete's Dragon,False
1978,MUSIC (Original Song),The Spy Who Loved Me,False
1978,MUSIC (Original Song),The Slipper and the Rose--The Story of Cinderella,False
1978,MUSIC (Original Song),The Rescuers,False
1978,MUSIC (Original Song),You Light Up My Life,True
1978,BEST PICTURE,Annie Hall,True
1978,BEST PICTURE,The Goodbye Girl,False
1978,BEST PICTURE,Julia,False
1978,BEST PICTURE,Star Wars,False
1978,BEST PICTURE,The Turning Point,False
1978,SHORT FILM (Animated),The Bead Game,False
1978,SHORT FILM (Animated),The Doonesbury Special,False
1978,SHORT FILM (Animated),Jimmy the C,False
1978,SHORT FILM (Animated),The Sand Castle,True
1978,SHORT FILM (Live Action),The Absent-Minded Waiter,False
1978,SHORT FILM (Live Action),Floating Free,False
1978,SHORT FILM (Live Action),I'll Find a Way,True
1978,SHORT FILM (Live Action),Notes on the Popular Arts,False
1978,SHORT FILM (Live Action),Spaceborne,False
1978,SOUND,Close Encounters of the Third Kind,False
1978,SOUND,The Deep,False
1978,SOUND,Sorcerer,False
1978,SOUND,Star Wars,True
1978,SOUND,The Turning Point,False
1978,VISUAL EFFECTS,Close Encounters of the Third Kind,False
1978,VISUAL EFFECTS,Star Wars,True
1978,WRITING (Screenplay--based on material from another medium),Equus,False
1978,WRITING (Screenplay--based on material from another medium),I Never Promised You a Rose Garden,False
1978,WRITING (Screenplay--based on material from another medium),Julia,True
1978,WRITING (Screenplay--based on material from another medium),"Oh, God!",False
1978,WRITING (Screenplay--based on material from another medium),That Obscure Object of Desire,False
1978,WRITING (Screenplay Written Directly for the Screen--based on factual material or on story material not previously published or produced),Annie Hall,True
1978,WRITING (Screenplay Written Directly for the Screen--based on factual material or on story material not previously published or produced),The Goodbye Girl,False
1978,WRITING (Screenplay Written Directly for the Screen--based on factual material or on story material not previously published or produced),The Late Show,False
1978,WRITING (Screenplay Written Directly for the Screen--based on factual material or on story material not previously published or produced),Star Wars,False
1978,WRITING (Screenplay Written Directly for the Screen--based on factual material or on story material not previously published or produced),The Turning Point,False
1978,SPECIAL ACHIEVEMENT AWARD,Star Wars,True
1978,SPECIAL ACHIEVEMENT AWARD (Sound Effects Editing),Close Encounters of the Third Kind,True
1978,JEAN HERSHOLT HUMANITARIAN AWARD,,True
1978,HONORARY AWARD,,True
1978,IRVING G. THALBERG MEMORIAL AWARD,,True
1978,MEDAL OF COMMENDATION,,True
1978,MEDAL OF COMMENDATION,,True
1979,ACTOR IN A LEADING ROLE,Heaven Can Wait,False
1979,ACTOR IN A LEADING ROLE,The Buddy Holly Story,False
1979,ACTOR IN A LEADING ROLE,The Deer Hunter,False
1979,ACTOR IN A LEADING ROLE,The Boys from Brazil,False
1979,ACTOR IN A LEADING ROLE,Coming Home,True
1979,ACTOR IN A SUPPORTING ROLE,Coming Home,False
1979,ACTOR IN A SUPPORTING ROLE,Comes a Horseman,False
1979,ACTOR IN A SUPPORTING ROLE,Midnight Express,False
1979,ACTOR IN A SUPPORTING ROLE,The Deer Hunter,True
1979,ACTOR IN A SUPPORTING ROLE,Heaven Can Wait,False
1979,ACTRESS IN A LEADING ROLE,Autumn Sonata,False
1979,ACTRESS IN A LEADING ROLE,"Same Time, Next Year",False
1979,ACTRESS IN A LEADING ROLE,An Unmarried Woman,False
1979,ACTRESS IN A LEADING ROLE,Coming Home,True
1979,ACTRESS IN A LEADING ROLE,Interiors,False
1979,ACTRESS IN A SUPPORTING ROLE,Heaven Can Wait,False
1979,ACTRESS IN A SUPPORTING ROLE,Coming Home,False
1979,ACTRESS IN A SUPPORTING ROLE,California Suite,True
1979,ACTRESS IN A SUPPORTING ROLE,Interiors,False
1979,ACTRESS IN A SUPPORTING ROLE,The Deer Hunter,False
1979,ART DIRECTION,The Brink's Job,False
1979,ART DIRECTION,California Suite,False
1979,ART DIRECTION,Heaven Can Wait,True
1979,ART DIRECTION,Interiors,False
1979,ART DIRECTION,The Wiz,False
1979,CINEMATOGRAPHY,Days of Heaven,True
1979,CINEMATOGRAPHY,The Deer Hunter,False
1979,CINEMATOGRAPHY,Heaven Can Wait,False
1979,CINEMATOGRAPHY,"Same Time, Next Year",False
1979,CINEMATOGRAPHY,The Wiz,False
1979,COSTUME DESIGN,Caravans,False
1979,COSTUME DESIGN,Days of Heaven,False
1979,COSTUME DESIGN,Death on the Nile,True
1979,COSTUME DESIGN,The Swarm,False
1979,COSTUME DESIGN,The Wiz,False
1979,DIRECTING,Coming Home,False
1979,DIRECTING,The Deer Hunter,True
1979,DIRECTING,Heaven Can Wait,False
1979,DIRECTING,Interiors,False
1979,DIRECTING,Midnight Express,False
1979,DOCUMENTARY (Feature),The Lovers' Wind,False
1979,DOCUMENTARY (Feature),Mysterious Castles of Clay,False
1979,DOCUMENTARY (Feature),Raoni,False
1979,DOCUMENTARY (Feature),Scared Straight!,True
1979,DOCUMENTARY (Feature),With Babies and Banners: Story of the Women's Emergency Brigade,False
1979,DOCUMENTARY (Short Subject),The Divided Trail: A Native American Odyssey,False
1979,DOCUMENTARY (Short Subject),An Encounter with Faces,False
1979,DOCUMENTARY (Short Subject),The Flight of the Gossamer Condor,True
1979,DOCUMENTARY (Short Subject),Goodnight Miss Ann,False
1979,DOCUMENTARY (Short Subject),Squires of San Quentin,False
1979,FILM EDITING,The Boys from Brazil,False
1979,FILM EDITING,Coming Home,False
1979,FILM EDITING,The Deer Hunter,True
1979,FILM EDITING,Midnight Express,False
1979,FILM EDITING,Superman,False
1979,FOREIGN LANGUAGE FILM,Get Out Your Handkerchiefs,True
1979,FOREIGN LANGUAGE FILM,The Glass Cell,False
1979,FOREIGN LANGUAGE FILM,Hungarians,False
1979,FOREIGN LANGUAGE FILM,Viva Italia!,False
1979,FOREIGN LANGUAGE FILM,White Bim Black Ear,False
1979,MUSIC (Adaptation Score),The Buddy Holly Story,True
1979,MUSIC (Adaptation Score),Pretty Baby,False
1979,MUSIC (Adaptation Score),The Wiz,False
1979,MUSIC (Original Score),The Boys from Brazil,False
1979,MUSIC (Original Score),Days of Heaven,False
1979,MUSIC (Original Score),Heaven Can Wait,False
1979,MUSIC (Original Score),Midnight Express,True
1979,MUSIC (Original Score),Superman,False
1979,MUSIC (Original Song),Grease,False
1979,MUSIC (Original Song),Thank God It's Friday,True
1979,MUSIC (Original Song),"Same Time, Next Year",False
1979,MUSIC (Original Song),Foul Play,False
1979,MUSIC (Original Song),The Magic of Lassie,False
1979,BEST PICTURE,Coming Home,False
1979,BEST PICTURE,The Deer Hunter,True
1979,BEST PICTURE,Heaven Can Wait,False
1979,BEST PICTURE,Midnight Express,False
1979,BEST PICTURE,An Unmarried Woman,False
1979,SHORT FILM (Animated),Oh My Darling,False
1979,SHORT FILM (Animated),Rip Van Winkle,False
1979,SHORT FILM (Animated),Special Delivery,True
1979,SHORT FILM (Live Action),A Different Approach,False
1979,SHORT FILM (Live Action),Mandy's Grandmother,False
1979,SHORT FILM (Live Action),Strange Fruit,False
1979,SHORT FILM (Live Action),Teenage Father,True
1979,SOUND,The Buddy Holly Story,False
1979,SOUND,Days of Heaven,False
1979,SOUND,The Deer Hunter,True
1979,SOUND,Hooper,False
1979,SOUND,Superman,False
1979,WRITING (Screenplay Based on Material from Another Medium),Bloodbrothers,False
1979,WRITING (Screenplay Based on Material from Another Medium),California Suite,False
1979,WRITING (Screenplay Based on Material from Another Medium),Heaven Can Wait,False
1979,WRITING (Screenplay Based on Material from Another Medium),Midnight Express,True
1979,WRITING (Screenplay Based on Material from Another Medium),"Same Time, Next Year",False
1979,WRITING (Screenplay Written Directly for the Screen),Autumn Sonata,False
1979,WRITING (Screenplay Written Directly for the Screen),Coming Home,True
1979,WRITING (Screenplay Written Directly for the Screen),The Deer Hunter,False
1979,WRITING (Screenplay Written Directly for the Screen),Interiors,False
1979,WRITING (Screenplay Written Directly for the Screen),An Unmarried Woman,False
1979,SPECIAL ACHIEVEMENT AWARD (Visual Effects),Superman,True
1979,JEAN HERSHOLT HUMANITARIAN AWARD,,True
1979,HONORARY AWARD,,True
1979,HONORARY AWARD,,True
1979,HONORARY AWARD,,True
1979,HONORARY AWARD,,True
1979,MEDAL OF COMMENDATION,,True
1979,MEDAL OF COMMENDATION,,True
1979,MEDAL OF COMMENDATION,,True
1980,ACTOR IN A LEADING ROLE,Kramer vs. Kramer,True
1980,ACTOR IN A LEADING ROLE,The China Syndrome,False
1980,ACTOR IN A LEADING ROLE,...And Justice for All,False
1980,ACTOR IN A LEADING ROLE,All That Jazz,False
1980,ACTOR IN A LEADING ROLE,Being There,False
1980,ACTOR IN A SUPPORTING ROLE,Being There,True
1980,ACTOR IN A SUPPORTING ROLE,Apocalypse Now,False
1980,ACTOR IN A SUPPORTING ROLE,The Rose,False
1980,ACTOR IN A SUPPORTING ROLE,Kramer vs. Kramer,False
1980,ACTOR IN A SUPPORTING ROLE,The Black Stallion,False
1980,ACTRESS IN A LEADING ROLE,Starting Over,False
1980,ACTRESS IN A LEADING ROLE,Norma Rae,True
1980,ACTRESS IN A LEADING ROLE,The China Syndrome,False
1980,ACTRESS IN A LEADING ROLE,Chapter Two,False
1980,ACTRESS IN A LEADING ROLE,The Rose,False
1980,ACTRESS IN A SUPPORTING ROLE,Kramer vs. Kramer,False
1980,ACTRESS IN A SUPPORTING ROLE,Breaking Away,False
1980,ACTRESS IN A SUPPORTING ROLE,Starting Over,False
1980,ACTRESS IN A SUPPORTING ROLE,Manhattan,False
1980,ACTRESS IN A SUPPORTING ROLE,Kramer vs. Kramer,True
1980,ART DIRECTION,Alien,False
1980,ART DIRECTION,All That Jazz,True
1980,ART DIRECTION,Apocalypse Now,False
1980,ART DIRECTION,The China Syndrome,False
1980,ART DIRECTION,Star Trek - The Motion Picture,False
1980,CINEMATOGRAPHY,All That Jazz,False
1980,CINEMATOGRAPHY,Apocalypse Now,True
1980,CINEMATOGRAPHY,The Black Hole,False
1980,CINEMATOGRAPHY,Kramer vs. Kramer,False
1980,CINEMATOGRAPHY,1941,False
1980,COSTUME DESIGN,Agatha,False
1980,COSTUME DESIGN,All That Jazz,True
1980,COSTUME DESIGN,Butch and Sundance: The Early Days,False
1980,COSTUME DESIGN,The Europeans,False
1980,COSTUME DESIGN,La Cage aux Folles,False
1980,DIRECTING,All That Jazz,False
1980,DIRECTING,Apocalypse Now,False
1980,DIRECTING,Breaking Away,False
1980,DIRECTING,Kramer vs. Kramer,True
1980,DIRECTING,La Cage aux Folles,False
1980,DOCUMENTARY (Feature),Best Boy,True
1980,DOCUMENTARY (Feature),Generation on the Wind,False
1980,DOCUMENTARY (Feature),Going the Distance,False
1980,DOCUMENTARY (Feature),The Killing Ground,False
1980,DOCUMENTARY (Feature),The War at Home,False
1980,DOCUMENTARY (Short Subject),Dae,False
1980,DOCUMENTARY (Short Subject),Koryo Celadon,False
1980,DOCUMENTARY (Short Subject),Nails,False
1980,DOCUMENTARY (Short Subject),Paul Robeson: Tribute to an Artist,True
1980,DOCUMENTARY (Short Subject),Remember Me,False
1980,FILM EDITING,All That Jazz,True
1980,FILM EDITING,Apocalypse Now,False
1980,FILM EDITING,The Black Stallion,False
1980,FILM EDITING,Kramer vs. Kramer,False
1980,FILM EDITING,The Rose,False
1980,FOREIGN LANGUAGE FILM,The Maids of Wilko,False
1980,FOREIGN LANGUAGE FILM,Mama Turns a Hundred,False
1980,FOREIGN LANGUAGE FILM,A Simple Story,False
1980,FOREIGN LANGUAGE FILM,The Tin Drum,True
1980,FOREIGN LANGUAGE FILM,To Forget Venice,False
1980,MUSIC (Original Score),The Amityville Horror,False
1980,MUSIC (Original Score),The Champ,False
1980,MUSIC (Original Score),A Little Romance,True
1980,MUSIC (Original Score),Star Trek - The Motion Picture,False
1980,MUSIC (Original Score),10,False
1980,MUSIC (Original Song Score and Its Adaptation -or- Adaptation Score),All That Jazz,True
1980,MUSIC (Original Song Score and Its Adaptation -or- Adaptation Score),Breaking Away,False
1980,MUSIC (Original Song Score and Its Adaptation -or- Adaptation Score),The Muppet Movie,False
1980,MUSIC (Original Song),The Promise,False
1980,MUSIC (Original Song),Norma Rae,True
1980,MUSIC (Original Song),10,False
1980,MUSIC (Original Song),The Muppet Movie,False
1980,MUSIC (Original Song),Ice Castles,False
1980,BEST PICTURE,All That Jazz,False
1980,BEST PICTURE,Apocalypse Now,False
1980,BEST PICTURE,Breaking Away,False
1980,BEST PICTURE,Kramer vs. Kramer,True
1980,BEST PICTURE,Norma Rae,False
1980,SHORT FILM (Animated),Dream Doll,False
1980,SHORT FILM (Animated),Every Child,True
1980,SHORT FILM (Animated),It's So Nice to Have a Wolf around the House,False
1980,SHORT FILM (Live Action),Board and Care,True
1980,SHORT FILM (Live Action),Bravery in the Field,False
1980,SHORT FILM (Live Action),"Oh Brother, My Brother",False
1980,SHORT FILM (Live Action),The Solar Film,False
1980,SHORT FILM (Live Action),Solly's Diner,False
1980,SOUND,Apocalypse Now,True
1980,SOUND,The Electric Horseman,False
1980,SOUND,Meteor,False
1980,SOUND,1941,False
1980,SOUND,The Rose,False
1980,VISUAL EFFECTS,Alien,True
1980,VISUAL EFFECTS,The Black Hole,False
1980,VISUAL EFFECTS,Moonraker,False
1980,VISUAL EFFECTS,1941,False
1980,VISUAL EFFECTS,Star Trek - The Motion Picture,False
1980,WRITING (Screenplay Based on Material from Another Medium),Apocalypse Now,False
1980,WRITING (Screenplay Based on Material from Another Medium),Kramer vs. Kramer,True
1980,WRITING (Screenplay Based on Material from Another Medium),La Cage aux Folles,False
1980,WRITING (Screenplay Based on Material from Another Medium),A Little Romance,False
1980,WRITING (Screenplay Based on Material from Another Medium),Norma Rae,False
1980,WRITING (Screenplay Written Directly for the Screen),All That Jazz,False
1980,WRITING (Screenplay Written Directly for the Screen),...And Justice for All,False
1980,WRITING (Screenplay Written Directly for the Screen),Breaking Away,True
1980,WRITING (Screenplay Written Directly for the Screen),The China Syndrome,False
1980,WRITING (Screenplay Written Directly for the Screen),Manhattan,False
1980,SPECIAL ACHIEVEMENT AWARD (Sound Editing),The Black Stallion,True
1980,JEAN HERSHOLT HUMANITARIAN AWARD,,True
1980,HONORARY AWARD,,True
1980,HONORARY AWARD,,True
1980,IRVING G. THALBERG MEMORIAL AWARD,,True
1980,MEDAL OF COMMENDATION,,True
1980,MEDAL OF COMMENDATION,,True
1980,MEDAL OF COMMENDATION,,True
1981,ACTOR IN A LEADING ROLE,Raging Bull,True
1981,ACTOR IN A LEADING ROLE,The Great Santini,False
1981,ACTOR IN A LEADING ROLE,The Elephant Man,False
1981,ACTOR IN A LEADING ROLE,Tribute,False
1981,ACTOR IN A LEADING ROLE,The Stunt Man,False
1981,ACTOR IN A SUPPORTING ROLE,Ordinary People,False
1981,ACTOR IN A SUPPORTING ROLE,Ordinary People,True
1981,ACTOR IN A SUPPORTING ROLE,The Great Santini,False
1981,ACTOR IN A SUPPORTING ROLE,Raging Bull,False
1981,ACTOR IN A SUPPORTING ROLE,Melvin and Howard,False
1981,ACTRESS IN A LEADING ROLE,Resurrection,False
1981,ACTRESS IN A LEADING ROLE,Private Benjamin,False
1981,ACTRESS IN A LEADING ROLE,Ordinary People,False
1981,ACTRESS IN A LEADING ROLE,Gloria,False
1981,ACTRESS IN A LEADING ROLE,Coal Miner's Daughter,True
1981,ACTRESS IN A SUPPORTING ROLE,Private Benjamin,False
1981,ACTRESS IN A SUPPORTING ROLE,Resurrection,False
1981,ACTRESS IN A SUPPORTING ROLE,Raging Bull,False
1981,ACTRESS IN A SUPPORTING ROLE,Inside Moves,False
1981,ACTRESS IN A SUPPORTING ROLE,Melvin and Howard,True
1981,ART DIRECTION,Coal Miner's Daughter,False
1981,ART DIRECTION,The Elephant Man,False
1981,ART DIRECTION,The Empire Strikes Back,False
1981,ART DIRECTION,Kagemusha (The Shadow Warrior),False
1981,ART DIRECTION,Tess,True
1981,CINEMATOGRAPHY,The Blue Lagoon,False
1981,CINEMATOGRAPHY,Coal Miner's Daughter,False
1981,CINEMATOGRAPHY,The Formula,False
1981,CINEMATOGRAPHY,Raging Bull,False
1981,CINEMATOGRAPHY,Tess,True
1981,COSTUME DESIGN,The Elephant Man,False
1981,COSTUME DESIGN,My Brilliant Career,False
1981,COSTUME DESIGN,Somewhere in Time,False
1981,COSTUME DESIGN,Tess,True
1981,COSTUME DESIGN,When Time Ran Out,False
1981,DIRECTING,The Elephant Man,False
1981,DIRECTING,Ordinary People,True
1981,DIRECTING,Raging Bull,False
1981,DIRECTING,The Stunt Man,False
1981,DIRECTING,Tess,False
1981,DOCUMENTARY (Feature),Agee,False
1981,DOCUMENTARY (Feature),The Day after Trinity,False
1981,DOCUMENTARY (Feature),From Mao to Mozart: Isaac Stern in China,True
1981,DOCUMENTARY (Feature),Front Line,False
1981,DOCUMENTARY (Feature),The Yellow Star - The Persecution of the Jews in Europe 1933-45,False
1981,DOCUMENTARY (Short Subject),Don't Mess with Bill,False
1981,DOCUMENTARY (Short Subject),The Eruption of Mount St. Helens,False
1981,DOCUMENTARY (Short Subject),It's the Same World,False
1981,DOCUMENTARY (Short Subject),Karl Hess: Toward Liberty,True
1981,DOCUMENTARY (Short Subject),Luther Metke at 94,False
1981,FILM EDITING,Coal Miner's Daughter,False
1981,FILM EDITING,The Competition,False
1981,FILM EDITING,The Elephant Man,False
1981,FILM EDITING,Fame,False
1981,FILM EDITING,Raging Bull,True
1981,FOREIGN LANGUAGE FILM,Confidence,False
1981,FOREIGN LANGUAGE FILM,Kagemusha (The Shadow Warrior),False
1981,FOREIGN LANGUAGE FILM,The Last Metro,False
1981,FOREIGN LANGUAGE FILM,Moscow Does Not Believe in Tears,True
1981,FOREIGN LANGUAGE FILM,The Nest,False
1981,MUSIC (Original Score),Altered States,False
1981,MUSIC (Original Score),The Elephant Man,False
1981,MUSIC (Original Score),The Empire Strikes Back,False
1981,MUSIC (Original Score),Fame,True
1981,MUSIC (Original Score),Tess,False
1981,MUSIC (Original Song),Fame,True
1981,MUSIC (Original Song),Nine to Five,False
1981,MUSIC (Original Song),Honeysuckle Rose,False
1981,MUSIC (Original Song),Fame,False
1981,MUSIC (Original Song),The Competition,False
1981,BEST PICTURE,Coal Miner's Daughter,False
1981,BEST PICTURE,The Elephant Man,False
1981,BEST PICTURE,Ordinary People,True
1981,BEST PICTURE,Raging Bull,False
1981,BEST PICTURE,Tess,False
1981,SHORT FILM (Animated),All Nothing,False
1981,SHORT FILM (Animated),The Fly,True
1981,SHORT FILM (Animated),History of the World in Three Minutes Flat,False
1981,SHORT FILM (Dramatic Live Action),The Dollar Bottom,True
1981,SHORT FILM (Dramatic Live Action),Fall Line,False
1981,SHORT FILM (Dramatic Live Action),A Jury of Her Peers,False
1981,SOUND,Altered States,False
1981,SOUND,Coal Miner's Daughter,False
1981,SOUND,The Empire Strikes Back,True
1981,SOUND,Fame,False
1981,SOUND,Raging Bull,False
1981,WRITING (Screenplay Based on Material from Another Medium),Breaker Morant,False
1981,WRITING (Screenplay Based on Material from Another Medium),Coal Miner's Daughter,False
1981,WRITING (Screenplay Based on Material from Another Medium),The Elephant Man,False
1981,WRITING (Screenplay Based on Material from Another Medium),Ordinary People,True
1981,WRITING (Screenplay Based on Material from Another Medium),The Stunt Man,False
1981,WRITING (Screenplay Written Directly for the Screen),Brubaker,False
1981,WRITING (Screenplay Written Directly for the Screen),Fame,False
1981,WRITING (Screenplay Written Directly for the Screen),Melvin and Howard,True
1981,WRITING (Screenplay Written Directly for the Screen),Mon Oncle D'Amerique,False
1981,WRITING (Screenplay Written Directly for the Screen),Private Benjamin,False
1981,SPECIAL ACHIEVEMENT AWARD (Visual Effects),The Empire Strikes Back,True
1981,HONORARY AWARD,,True
1981,MEDAL OF COMMENDATION,,True
1982,ACTOR IN A LEADING ROLE,Reds,False
1982,ACTOR IN A LEADING ROLE,On Golden Pond,True
1982,ACTOR IN A LEADING ROLE,Atlantic City,False
1982,ACTOR IN A LEADING ROLE,Arthur,False
1982,ACTOR IN A LEADING ROLE,Absence of Malice,False
1982,ACTOR IN A SUPPORTING ROLE,Only When I Laugh,False
1982,ACTOR IN A SUPPORTING ROLE,Arthur,True
1982,ACTOR IN A SUPPORTING ROLE,Chariots of Fire,False
1982,ACTOR IN A SUPPORTING ROLE,Reds,False
1982,ACTOR IN A SUPPORTING ROLE,Ragtime,False
1982,ACTRESS IN A LEADING ROLE,On Golden Pond,True
1982,ACTRESS IN A LEADING ROLE,Reds,False
1982,ACTRESS IN A LEADING ROLE,Only When I Laugh,False
1982,ACTRESS IN A LEADING ROLE,Atlantic City,False
1982,ACTRESS IN A LEADING ROLE,The French Lieutenant's Woman,False
1982,ACTRESS IN A SUPPORTING ROLE,Absence of Malice,False
1982,ACTRESS IN A SUPPORTING ROLE,On Golden Pond,False
1982,ACTRESS IN A SUPPORTING ROLE,Only When I Laugh,False
1982,ACTRESS IN A SUPPORTING ROLE,Ragtime,False
1982,ACTRESS IN A SUPPORTING ROLE,Reds,True
1982,ART DIRECTION,The French Lieutenant's Woman,False
1982,ART DIRECTION,Heaven's Gate,False
1982,ART DIRECTION,Ragtime,False
1982,ART DIRECTION,Raiders of the Lost Ark,True
1982,ART DIRECTION,Reds,False
1982,CINEMATOGRAPHY,Excalibur,False
1982,CINEMATOGRAPHY,On Golden Pond,False
1982,CINEMATOGRAPHY,Ragtime,False
1982,CINEMATOGRAPHY,Raiders of the Lost Ark,False
1982,CINEMATOGRAPHY,Reds,True
1982,COSTUME DESIGN,Chariots of Fire,True
1982,COSTUME DESIGN,The French Lieutenant's Woman,False
1982,COSTUME DESIGN,Pennies from Heaven,False
1982,COSTUME DESIGN,Ragtime,False
1982,COSTUME DESIGN,Reds,False
1982,DIRECTING,Atlantic City,False
1982,DIRECTING,Chariots of Fire,False
1982,DIRECTING,On Golden Pond,False
1982,DIRECTING,Raiders of the Lost Ark,False
1982,DIRECTING,Reds,True
1982,DOCUMENTARY (Feature),Against Wind and Tide: A Cuban Odyssey,False
1982,DOCUMENTARY (Feature),Brooklyn Bridge,False
1982,DOCUMENTARY (Feature),Eight Minutes to Midnight: A Portrait of Dr. Helen Caldicott,False
1982,DOCUMENTARY (Feature),El Salvador: Another Vietnam,False
1982,DOCUMENTARY (Feature),Genocide,True
1982,DOCUMENTARY (Short Subject),Americas in Transition,False
1982,DOCUMENTARY (Short Subject),Close Harmony,True
1982,DOCUMENTARY (Short Subject),Journey for Survival,False
1982,DOCUMENTARY (Short Subject),See What I Say,False
1982,DOCUMENTARY (Short Subject),Urge to Build,False
1982,FILM EDITING,Chariots of Fire,False
1982,FILM EDITING,The French Lieutenant's Woman,False
1982,FILM EDITING,On Golden Pond,False
1982,FILM EDITING,Raiders of the Lost Ark,True
1982,FILM EDITING,Reds,False
1982,FOREIGN LANGUAGE FILM,The Boat Is Full,False
1982,FOREIGN LANGUAGE FILM,Man of Iron,False
1982,FOREIGN LANGUAGE FILM,Mephisto,True
1982,FOREIGN LANGUAGE FILM,Muddy River,False
1982,FOREIGN LANGUAGE FILM,Three Brothers,False
1982,MAKEUP,An American Werewolf in London,True
1982,MAKEUP,Heartbeeps,False
1982,MUSIC (Original Score),Chariots of Fire,True
1982,MUSIC (Original Score),Dragonslayer,False
1982,MUSIC (Original Score),On Golden Pond,False
1982,MUSIC (Original Score),Ragtime,False
1982,MUSIC (Original Score),Raiders of the Lost Ark,False
1982,MUSIC (Original Song),Arthur,True
1982,MUSIC (Original Song),Endless Love,False
1982,MUSIC (Original Song),The Great Muppet Caper,False
1982,MUSIC (Original Song),For Your Eyes Only,False
1982,MUSIC (Original Song),Ragtime,False
1982,BEST PICTURE,Atlantic City,False
1982,BEST PICTURE,Chariots of Fire,True
1982,BEST PICTURE,On Golden Pond,False
1982,BEST PICTURE,Raiders of the Lost Ark,False
1982,BEST PICTURE,Reds,False
1982,SHORT FILM (Animated),Crac,True
1982,SHORT FILM (Animated),The Creation,False
1982,SHORT FILM (Animated),The Tender Tale of Cinderella Penguin,False
1982,SHORT FILM (Live Action),Couples and Robbers,False
1982,SHORT FILM (Live Action),First Winter,False
1982,SHORT FILM (Live Action),Violet,True
1982,SOUND,On Golden Pond,False
1982,SOUND,Outland,False
1982,SOUND,Pennies from Heaven,False
1982,SOUND,Raiders of the Lost Ark,True
1982,SOUND,Reds,False
1982,VISUAL EFFECTS,Dragonslayer,False
1982,VISUAL EFFECTS,Raiders of the Lost Ark,True
1982,WRITING (Screenplay Based on Material from Another Medium),The French Lieutenant's Woman,False
1982,WRITING (Screenplay Based on Material from Another Medium),On Golden Pond,True
1982,WRITING (Screenplay Based on Material from Another Medium),Pennies from Heaven,False
1982,WRITING (Screenplay Based on Material from Another Medium),Prince of the City,False
1982,WRITING (Screenplay Based on Material from Another Medium),Ragtime,False
1982,WRITING (Screenplay Written Directly for the Screen),Absence of Malice,False
1982,WRITING (Screenplay Written Directly for the Screen),Arthur,False
1982,WRITING (Screenplay Written Directly for the Screen),Atlantic City,False
1982,WRITING (Screenplay Written Directly for the Screen),Chariots of Fire,True
1982,WRITING (Screenplay Written Directly for the Screen),Reds,False
1982,SPECIAL ACHIEVEMENT AWARD (Sound Effects Editing),Raiders of the Lost Ark,True
1982,JEAN HERSHOLT HUMANITARIAN AWARD,,True
1982,HONORARY AWARD,,True
1982,IRVING G. THALBERG MEMORIAL AWARD,,True
1982,GORDON E. SAWYER AWARD,,True
1983,ACTOR IN A LEADING ROLE,Tootsie,False
1983,ACTOR IN A LEADING ROLE,Gandhi,True
1983,ACTOR IN A LEADING ROLE,Missing,False
1983,ACTOR IN A LEADING ROLE,The Verdict,False
1983,ACTOR IN A LEADING ROLE,My Favorite Year,False
1983,ACTOR IN A SUPPORTING ROLE,The Best Little Whorehouse in Texas,False
1983,ACTOR IN A SUPPORTING ROLE,An Officer and a Gentleman,True
1983,ACTOR IN A SUPPORTING ROLE,The World According to Garp,False
1983,ACTOR IN A SUPPORTING ROLE,The Verdict,False
1983,ACTOR IN A SUPPORTING ROLE,Victor/Victoria,False
1983,ACTRESS IN A LEADING ROLE,Victor/Victoria,False
1983,ACTRESS IN A LEADING ROLE,Frances,False
1983,ACTRESS IN A LEADING ROLE,Missing,False
1983,ACTRESS IN A LEADING ROLE,Sophie's Choice,True
1983,ACTRESS IN A LEADING ROLE,An Officer and a Gentleman,False
1983,ACTRESS IN A SUPPORTING ROLE,The World According to Garp,False
1983,ACTRESS IN A SUPPORTING ROLE,Tootsie,False
1983,ACTRESS IN A SUPPORTING ROLE,Tootsie,True
1983,ACTRESS IN A SUPPORTING ROLE,Frances,False
1983,ACTRESS IN A SUPPORTING ROLE,Victor/Victoria,False
1983,ART DIRECTION,Annie,False
1983,ART DIRECTION,Blade Runner,False
1983,ART DIRECTION,Gandhi,True
1983,ART DIRECTION,La Traviata,False
1983,ART DIRECTION,Victor/Victoria,False
1983,CINEMATOGRAPHY,Das Boot,False
1983,CINEMATOGRAPHY,E.T. The Extra-Terrestrial,False
1983,CINEMATOGRAPHY,Gandhi,True
1983,CINEMATOGRAPHY,Sophie's Choice,False
1983,CINEMATOGRAPHY,Tootsie,False
1983,COSTUME DESIGN,Gandhi,True
1983,COSTUME DESIGN,La Traviata,False
1983,COSTUME DESIGN,Sophie's Choice,False
1983,COSTUME DESIGN,Tron,False
1983,COSTUME DESIGN,Victor/Victoria,False
1983,DIRECTING,Das Boot,False
1983,DIRECTING,E.T. The Extra-Terrestrial,False
1983,DIRECTING,Gandhi,True
1983,DIRECTING,Tootsie,False
1983,DIRECTING,The Verdict,False
1983,DOCUMENTARY (Feature),After the Axe,False
1983,DOCUMENTARY (Feature),Ben's Mill,False
1983,DOCUMENTARY (Feature),In Our Water,False
1983,DOCUMENTARY (Feature),Just Another Missing Kid,True
1983,DOCUMENTARY (Feature),A Portrait of Giselle,False
1983,DOCUMENTARY (Short Subject),Gods of Metal,False
1983,DOCUMENTARY (Short Subject),If You Love This Planet,True
1983,DOCUMENTARY (Short Subject),The Klan: A Legacy of Hate in America,False
1983,DOCUMENTARY (Short Subject),To Live or Let Die,False
1983,DOCUMENTARY (Short Subject),Traveling Hopefully,False
1983,FILM EDITING,Das Boot,False
1983,FILM EDITING,E.T. The Extra-Terrestrial,False
1983,FILM EDITING,Gandhi,True
1983,FILM EDITING,An Officer and a Gentleman,False
1983,FILM EDITING,Tootsie,False
1983,FOREIGN LANGUAGE FILM,Alsino and the Condor,False
1983,FOREIGN LANGUAGE FILM,Coup de Torchon ('Clean Slate'),False
1983,FOREIGN LANGUAGE FILM,The Flight of the Eagle,False
1983,FOREIGN LANGUAGE FILM,Private Life,False
1983,FOREIGN LANGUAGE FILM,Volver a Empezar ('To Begin Again'),True
1983,MAKEUP,Gandhi,False
1983,MAKEUP,Quest for Fire,True
1983,MUSIC (Original Score),E.T. The Extra-Terrestrial,True
1983,MUSIC (Original Score),Gandhi,False
1983,MUSIC (Original Score),An Officer and a Gentleman,False
1983,MUSIC (Original Score),Poltergeist,False
1983,MUSIC (Original Score),Sophie's Choice,False
1983,MUSIC (Original Song Score and Its Adaptation -or- Adaptation Score),Annie,False
1983,MUSIC (Original Song Score and Its Adaptation -or- Adaptation Score),One from the Heart,False
1983,MUSIC (Original Song Score and Its Adaptation -or- Adaptation Score),Victor/Victoria,True
1983,MUSIC (Original Song),Rocky III,False
1983,MUSIC (Original Song),Best Friends,False
1983,MUSIC (Original Song),"Yes, Giorgio",False
1983,MUSIC (Original Song),Tootsie,False
1983,MUSIC (Original Song),An Officer and a Gentleman,True
1983,BEST PICTURE,E.T. The Extra-Terrestrial,False
1983,BEST PICTURE,Gandhi,True
1983,BEST PICTURE,Missing,False
1983,BEST PICTURE,Tootsie,False
1983,BEST PICTURE,The Verdict,False
1983,SHORT FILM (Animated),The Great Cognito,False
1983,SHORT FILM (Animated),The Snowman,False
1983,SHORT FILM (Animated),Tango,True
1983,SHORT FILM (Live Action),Ballet Robotique,False
1983,SHORT FILM (Live Action),A Shocking Accident,True
1983,SHORT FILM (Live Action),The Silence,False
1983,SHORT FILM (Live Action),Split Cherry Tree,False
1983,SHORT FILM (Live Action),Sredni Vashtar,False
1983,SOUND,Das Boot,False
1983,SOUND,E.T. The Extra-Terrestrial,True
1983,SOUND,Gandhi,False
1983,SOUND,Tootsie,False
1983,SOUND,Tron,False
1983,SOUND EFFECTS EDITING,Das Boot,False
1983,SOUND EFFECTS EDITING,E.T. The Extra-Terrestrial,True
1983,SOUND EFFECTS EDITING,Poltergeist,False
1983,VISUAL EFFECTS,Blade Runner,False
1983,VISUAL EFFECTS,E.T. The Extra-Terrestrial,True
1983,VISUAL EFFECTS,Poltergeist,False
1983,WRITING (Screenplay Based on Material from Another Medium),Das Boot,False
1983,WRITING (Screenplay Based on Material from Another Medium),Missing,True
1983,WRITING (Screenplay Based on Material from Another Medium),Sophie's Choice,False
1983,WRITING (Screenplay Based on Material from Another Medium),The Verdict,False
1983,WRITING (Screenplay Based on Material from Another Medium),Victor/Victoria,False
1983,WRITING (Screenplay Written Directly for the Screen),Diner,False
1983,WRITING (Screenplay Written Directly for the Screen),E.T. The Extra-Terrestrial,False
1983,WRITING (Screenplay Written Directly for the Screen),Gandhi,True
1983,WRITING (Screenplay Written Directly for the Screen),An Officer and a Gentleman,False
1983,WRITING (Screenplay Written Directly for the Screen),Tootsie,False
1983,JEAN HERSHOLT HUMANITARIAN AWARD,,True
1983,HONORARY AWARD,,True
1983,GORDON E. SAWYER AWARD,,True
1984,ACTOR IN A LEADING ROLE,Educating Rita,False
1984,ACTOR IN A LEADING ROLE,"Reuben, Reuben",False
1984,ACTOR IN A LEADING ROLE,The Dresser,False
1984,ACTOR IN A LEADING ROLE,Tender Mercies,True
1984,ACTOR IN A LEADING ROLE,The Dresser,False
1984,ACTOR IN A SUPPORTING ROLE,To Be or Not to Be,False
1984,ACTOR IN A SUPPORTING ROLE,Terms of Endearment,False
1984,ACTOR IN A SUPPORTING ROLE,Terms of Endearment,True
1984,ACTOR IN A SUPPORTING ROLE,The Right Stuff,False
1984,ACTOR IN A SUPPORTING ROLE,Cross Creek,False
1984,ACTRESS IN A LEADING ROLE,Testament,False
1984,ACTRESS IN A LEADING ROLE,Terms of Endearment,True
1984,ACTRESS IN A LEADING ROLE,Silkwood,False
1984,ACTRESS IN A LEADING ROLE,Educating Rita,False
1984,ACTRESS IN A LEADING ROLE,Terms of Endearment,False
1984,ACTRESS IN A SUPPORTING ROLE,Silkwood,False
1984,ACTRESS IN A SUPPORTING ROLE,The Big Chill,False
1984,ACTRESS IN A SUPPORTING ROLE,The Year of Living Dangerously,True
1984,ACTRESS IN A SUPPORTING ROLE,Yentl,False
1984,ACTRESS IN A SUPPORTING ROLE,Cross Creek,False
1984,ART DIRECTION,Fanny & Alexander,True
1984,ART DIRECTION,Return of the Jedi,False
1984,ART DIRECTION,The Right Stuff,False
1984,ART DIRECTION,Terms of Endearment,False
1984,ART DIRECTION,Yentl,False
1984,CINEMATOGRAPHY,Fanny & Alexander,True
1984,CINEMATOGRAPHY,Flashdance,False
1984,CINEMATOGRAPHY,The Right Stuff,False
1984,CINEMATOGRAPHY,WarGames,False
1984,CINEMATOGRAPHY,Zelig,False
1984,COSTUME DESIGN,Cross Creek,False
1984,COSTUME DESIGN,Fanny & Alexander,True
1984,COSTUME DESIGN,Heart Like a Wheel,False
1984,COSTUME DESIGN,The Return of Martin Guerre,False
1984,COSTUME DESIGN,Zelig,False
1984,DIRECTING,The Dresser,False
1984,DIRECTING,Fanny & Alexander,False
1984,DIRECTING,Silkwood,False
1984,DIRECTING,Tender Mercies,False
1984,DIRECTING,Terms of Endearment,True
1984,DOCUMENTARY (Feature),Children of Darkness,False
1984,DOCUMENTARY (Feature),First Contact,False
1984,DOCUMENTARY (Feature),He Makes Me Feel Like Dancin',True
1984,DOCUMENTARY (Feature),The Profession of Arms,False
1984,DOCUMENTARY (Feature),Seeing Red,False
1984,DOCUMENTARY (Short Subject),Flamenco at 5:15,True
1984,DOCUMENTARY (Short Subject),In the Nuclear Shadow: What Can the Children Tell Us?,False
1984,DOCUMENTARY (Short Subject),Sewing Woman,False
1984,DOCUMENTARY (Short Subject),Spaces: The Architecture of Paul Rudolph,False
1984,DOCUMENTARY (Short Subject),You Are Free (Ihr Zent Frei),False
1984,FILM EDITING,Blue Thunder,False
1984,FILM EDITING,Flashdance,False
1984,FILM EDITING,The Right Stuff,True
1984,FILM EDITING,Silkwood,False
1984,FILM EDITING,Terms of Endearment,False
1984,FOREIGN LANGUAGE FILM,Carmen,False
1984,FOREIGN LANGUAGE FILM,Entre Nous,False
1984,FOREIGN LANGUAGE FILM,Fanny & Alexander,True
1984,FOREIGN LANGUAGE FILM,Job's Revolt,False
1984,FOREIGN LANGUAGE FILM,Le Bal,False
1984,MUSIC (Original Score),Cross Creek,False
1984,MUSIC (Original Score),Return of the Jedi,False
1984,MUSIC (Original Score),The Right Stuff,True
1984,MUSIC (Original Score),Terms of Endearment,False
1984,MUSIC (Original Score),Under Fire,False
1984,MUSIC (Original Song Score or Adaptation Score),The Sting II,False
1984,MUSIC (Original Song Score or Adaptation Score),Trading Places,False
1984,MUSIC (Original Song Score or Adaptation Score),Yentl,True
1984,MUSIC (Original Song),Flashdance,True
1984,MUSIC (Original Song),Flashdance,False
1984,MUSIC (Original Song),Tender Mercies,False
1984,MUSIC (Original Song),Yentl,False
1984,MUSIC (Original Song),Yentl,False
1984,BEST PICTURE,The Big Chill,False
1984,BEST PICTURE,The Dresser,False
1984,BEST PICTURE,The Right Stuff,False
1984,BEST PICTURE,Tender Mercies,False
1984,BEST PICTURE,Terms of Endearment,True
1984,SHORT FILM (Animated),Mickey's Christmas Carol,False
1984,SHORT FILM (Animated),Sound of Sunshine - Sound of Rain,False
1984,SHORT FILM (Animated),Sundae in New York,True
1984,SHORT FILM (Live Action),Boys and Girls,True
1984,SHORT FILM (Live Action),Goodie-Two-Shoes,False
1984,SHORT FILM (Live Action),Overnight Sensation,False
1984,SOUND,Never Cry Wolf,False
1984,SOUND,Return of the Jedi,False
1984,SOUND,The Right Stuff,True
1984,SOUND,Terms of Endearment,False
1984,SOUND,WarGames,False
1984,SOUND EFFECTS EDITING,Return of the Jedi,False
1984,SOUND EFFECTS EDITING,The Right Stuff,True
1984,WRITING (Screenplay Based on Material from Another Medium),Betrayal,False
1984,WRITING (Screenplay Based on Material from Another Medium),The Dresser,False
1984,WRITING (Screenplay Based on Material from Another Medium),Educating Rita,False
1984,WRITING (Screenplay Based on Material from Another Medium),"Reuben, Reuben",False
1984,WRITING (Screenplay Based on Material from Another Medium),Terms of Endearment,True
1984,WRITING (Screenplay Written Directly for the Screen),The Big Chill,False
1984,WRITING (Screenplay Written Directly for the Screen),Fanny & Alexander,False
1984,WRITING (Screenplay Written Directly for the Screen),Silkwood,False
1984,WRITING (Screenplay Written Directly for the Screen),Tender Mercies,True
1984,WRITING (Screenplay Written Directly for the Screen),WarGames,False
1984,SPECIAL ACHIEVEMENT AWARD (Visual Effects),Return of the Jedi,True
1984,JEAN HERSHOLT HUMANITARIAN AWARD,,True
1984,HONORARY AWARD,,True
1984,GORDON E. SAWYER AWARD,,True
1985,ACTOR IN A LEADING ROLE,Amadeus,True
1985,ACTOR IN A LEADING ROLE,Starman,False
1985,ACTOR IN A LEADING ROLE,Under the Volcano,False
1985,ACTOR IN A LEADING ROLE,Amadeus,False
1985,ACTOR IN A LEADING ROLE,The Killing Fields,False
1985,ACTOR IN A SUPPORTING ROLE,A Soldier's Story,False
1985,ACTOR IN A SUPPORTING ROLE,Places in the Heart,False
1985,ACTOR IN A SUPPORTING ROLE,The Karate Kid,False
1985,ACTOR IN A SUPPORTING ROLE,The Killing Fields,True
1985,ACTOR IN A SUPPORTING ROLE,"Greystoke: The Legend of Tarzan, Lord of the Apes",False
1985,ACTRESS IN A LEADING ROLE,A Passage to India,False
1985,ACTRESS IN A LEADING ROLE,Places in the Heart,True
1985,ACTRESS IN A LEADING ROLE,Country,False
1985,ACTRESS IN A LEADING ROLE,The Bostonians,False
1985,ACTRESS IN A LEADING ROLE,The River,False
1985,ACTRESS IN A SUPPORTING ROLE,A Passage to India,True
1985,ACTRESS IN A SUPPORTING ROLE,The Natural,False
1985,ACTRESS IN A SUPPORTING ROLE,Places in the Heart,False
1985,ACTRESS IN A SUPPORTING ROLE,Swing Shift,False
1985,ACTRESS IN A SUPPORTING ROLE,The Pope of Greenwich Village,False
1985,ART DIRECTION,Amadeus,True
1985,ART DIRECTION,The Cotton Club,False
1985,ART DIRECTION,The Natural,False
1985,ART DIRECTION,A Passage to India,False
1985,ART DIRECTION,2010,False
1985,CINEMATOGRAPHY,Amadeus,False
1985,CINEMATOGRAPHY,The Killing Fields,True
1985,CINEMATOGRAPHY,The Natural,False
1985,CINEMATOGRAPHY,A Passage to India,False
1985,CINEMATOGRAPHY,The River,False
1985,COSTUME DESIGN,Amadeus,True
1985,COSTUME DESIGN,The Bostonians,False
1985,COSTUME DESIGN,A Passage to India,False
1985,COSTUME DESIGN,Places in the Heart,False
1985,COSTUME DESIGN,2010,False
1985,DIRECTING,Amadeus,True
1985,DIRECTING,Broadway Danny Rose,False
1985,DIRECTING,The Killing Fields,False
1985,DIRECTING,A Passage to India,False
1985,DIRECTING,Places in the Heart,False
1985,DOCUMENTARY (Feature),High Schools,False
1985,DOCUMENTARY (Feature),In the Name of the People,False
1985,DOCUMENTARY (Feature),Marlene,False
1985,DOCUMENTARY (Feature),Streetwise,False
1985,DOCUMENTARY (Feature),The Times of Harvey Milk,True
1985,DOCUMENTARY (Short Subject),The Children of Soong Ching Ling,False
1985,DOCUMENTARY (Short Subject),Code Gray: Ethical Dilemmas in Nursing,False
1985,DOCUMENTARY (Short Subject),The Garden of Eden,False
1985,DOCUMENTARY (Short Subject),Recollections of Pavlovsk,False
1985,DOCUMENTARY (Short Subject),The Stone Carvers,True
1985,FILM EDITING,Amadeus,False
1985,FILM EDITING,The Cotton Club,False
1985,FILM EDITING,The Killing Fields,True
1985,FILM EDITING,A Passage to India,False
1985,FILM EDITING,Romancing the Stone,False
1985,FOREIGN LANGUAGE FILM,Beyond the Walls,False
1985,FOREIGN LANGUAGE FILM,Camila,False
1985,FOREIGN LANGUAGE FILM,Dangerous Moves,True
1985,FOREIGN LANGUAGE FILM,Double Feature,False
1985,FOREIGN LANGUAGE FILM,Wartime Romance,False
1985,MAKEUP,Amadeus,True
1985,MAKEUP,"Greystoke: The Legend of Tarzan, Lord of the Apes",False
1985,MAKEUP,2010,False
1985,MUSIC (Original Score),Indiana Jones and the Temple of Doom,False
1985,MUSIC (Original Score),The Natural,False
1985,MUSIC (Original Score),A Passage to India,True
1985,MUSIC (Original Score),The River,False
1985,MUSIC (Original Score),Under the Volcano,False
1985,MUSIC (Original Song Score),The Muppets Take Manhattan,False
1985,MUSIC (Original Song Score),Purple Rain,True
1985,MUSIC (Original Song Score),Songwriter,False
1985,MUSIC (Original Song),Against All Odds,False
1985,MUSIC (Original Song),Footloose,False
1985,MUSIC (Original Song),Ghostbusters,False
1985,MUSIC (Original Song),The Woman in Red,True
1985,MUSIC (Original Song),Footloose,False
1985,BEST PICTURE,Amadeus,True
1985,BEST PICTURE,The Killing Fields,False
1985,BEST PICTURE,A Passage to India,False
1985,BEST PICTURE,Places in the Heart,False
1985,BEST PICTURE,A Soldier's Story,False
1985,SHORT FILM (Animated),Charade,True
1985,SHORT FILM (Animated),Doctor De Soto,False
1985,SHORT FILM (Animated),Paradise,False
1985,SHORT FILM (Live Action),The Painted Door,False
1985,SHORT FILM (Live Action),Tales of Meeting and Parting,False
1985,SHORT FILM (Live Action),Up,True
1985,SOUND,Amadeus,True
1985,SOUND,Dune,False
1985,SOUND,A Passage to India,False
1985,SOUND,The River,False
1985,SOUND,2010,False
1985,VISUAL EFFECTS,Ghostbusters,False
1985,VISUAL EFFECTS,Indiana Jones and the Temple of Doom,True
1985,VISUAL EFFECTS,2010,False
1985,WRITING (Screenplay Based on Material from Another Medium),Amadeus,True
1985,WRITING (Screenplay Based on Material from Another Medium),"Greystoke: The Legend of Tarzan, Lord of the Apes",False
1985,WRITING (Screenplay Based on Material from Another Medium),The Killing Fields,False
1985,WRITING (Screenplay Based on Material from Another Medium),A Passage to India,False
1985,WRITING (Screenplay Based on Material from Another Medium),A Soldier's Story,False
1985,WRITING (Screenplay Written Directly for the Screen),Beverly Hills Cop,False
1985,WRITING (Screenplay Written Directly for the Screen),Broadway Danny Rose,False
1985,WRITING (Screenplay Written Directly for the Screen),El Norte,False
1985,WRITING (Screenplay Written Directly for the Screen),Places in the Heart,True
1985,WRITING (Screenplay Written Directly for the Screen),Splash,False
1985,SPECIAL ACHIEVEMENT AWARD (Sound Effects Editing),The River,True
1985,JEAN HERSHOLT HUMANITARIAN AWARD,,True
1985,HONORARY AWARD,,True
1985,HONORARY AWARD,,True
1985,GORDON E. SAWYER AWARD,,True
1986,ACTOR IN A LEADING ROLE,Witness,False
1986,ACTOR IN A LEADING ROLE,Murphy's Romance,False
1986,ACTOR IN A LEADING ROLE,Kiss of the Spider Woman,True
1986,ACTOR IN A LEADING ROLE,Prizzi's Honor,False
1986,ACTOR IN A LEADING ROLE,Runaway Train,False
1986,ACTOR IN A SUPPORTING ROLE,Cocoon,True
1986,ACTOR IN A SUPPORTING ROLE,Out of Africa,False
1986,ACTOR IN A SUPPORTING ROLE,Prizzi's Honor,False
1986,ACTOR IN A SUPPORTING ROLE,Jagged Edge,False
1986,ACTOR IN A SUPPORTING ROLE,Runaway Train,False
1986,ACTRESS IN A LEADING ROLE,Agnes of God,False
1986,ACTRESS IN A LEADING ROLE,The Color Purple,False
1986,ACTRESS IN A LEADING ROLE,Sweet Dreams,False
1986,ACTRESS IN A LEADING ROLE,The Trip to Bountiful,True
1986,ACTRESS IN A LEADING ROLE,Out of Africa,False
1986,ACTRESS IN A SUPPORTING ROLE,The Color Purple,False
1986,ACTRESS IN A SUPPORTING ROLE,Prizzi's Honor,True
1986,ACTRESS IN A SUPPORTING ROLE,Twice in a Lifetime,False
1986,ACTRESS IN A SUPPORTING ROLE,Agnes of God,False
1986,ACTRESS IN A SUPPORTING ROLE,The Color Purple,False
1986,ART DIRECTION,Brazil,False
1986,ART DIRECTION,The Color Purple,False
1986,ART DIRECTION,Out of Africa,True
1986,ART DIRECTION,Ran,False
1986,ART DIRECTION,Witness,False
1986,CINEMATOGRAPHY,The Color Purple,False
1986,CINEMATOGRAPHY,Murphy's Romance,False
1986,CINEMATOGRAPHY,Out of Africa,True
1986,CINEMATOGRAPHY,Ran,False
1986,CINEMATOGRAPHY,Witness,False
1986,COSTUME DESIGN,The Color Purple,False
1986,COSTUME DESIGN,The Journey of Natty Gann,False
1986,COSTUME DESIGN,Out of Africa,False
1986,COSTUME DESIGN,Prizzi's Honor,False
1986,COSTUME DESIGN,Ran,True
1986,DIRECTING,Kiss of the Spider Woman,False
1986,DIRECTING,Out of Africa,True
1986,DIRECTING,Prizzi's Honor,False
1986,DIRECTING,Ran,False
1986,DIRECTING,Witness,False
1986,DOCUMENTARY (Feature),Broken Rainbow,True
1986,DOCUMENTARY (Feature),Las Madres--The Mothers of Plaza de Mayo,False
1986,DOCUMENTARY (Feature),Soldiers in Hiding,False
1986,DOCUMENTARY (Feature),The Statue of Liberty,False
1986,DOCUMENTARY (Feature),Unfinished Business,False
1986,DOCUMENTARY (Short Subject),The Courage to Care,False
1986,DOCUMENTARY (Short Subject),Keats and His Nightingale: A Blind Date,False
1986,DOCUMENTARY (Short Subject),Making Overtures--The Story of a Community Orchestra,False
1986,DOCUMENTARY (Short Subject),Witness to War: Dr. Charlie Clements,True
1986,DOCUMENTARY (Short Subject),The Wizard of the Strings,False
1986,FILM EDITING,A Chorus Line,False
1986,FILM EDITING,Out of Africa,False
1986,FILM EDITING,Prizzi's Honor,False
1986,FILM EDITING,Runaway Train,False
1986,FILM EDITING,Witness,True
1986,FOREIGN LANGUAGE FILM,Angry Harvest,False
1986,FOREIGN LANGUAGE FILM,Colonel Redl,False
1986,FOREIGN LANGUAGE FILM,The Official Story,True
1986,FOREIGN LANGUAGE FILM,Three Men and a Cradle,False
1986,FOREIGN LANGUAGE FILM,When Father Was Away on Business,False
1986,MAKEUP,The Color Purple,False
1986,MAKEUP,Mask,True
1986,MAKEUP,Remo Williams: The Adventure Begins,False
1986,MUSIC (Original Score),Agnes of God,False
1986,MUSIC (Original Score),The Color Purple,False
1986,MUSIC (Original Score),Out of Africa,True
1986,MUSIC (Original Score),Silverado,False
1986,MUSIC (Original Score),Witness,False
1986,MUSIC (Original Song),The Color Purple,False
1986,MUSIC (Original Song),Back to the Future,False
1986,MUSIC (Original Song),White Nights,True
1986,MUSIC (Original Song),White Nights,False
1986,MUSIC (Original Song),A Chorus Line,False
1986,BEST PICTURE,The Color Purple,False
1986,BEST PICTURE,Kiss of the Spider Woman,False
1986,BEST PICTURE,Out of Africa,True
1986,BEST PICTURE,Prizzi's Honor,False
1986,BEST PICTURE,Witness,False
1986,SHORT FILM (Animated),Anna & Bella,True
1986,SHORT FILM (Animated),The Big Snit,False
1986,SHORT FILM (Animated),Second Class Mail,False
1986,SHORT FILM (Live Action),Graffiti,False
1986,SHORT FILM (Live Action),Molly's Pilgrim,True
1986,SHORT FILM (Live Action),Rainbow War,False
1986,SOUND,Back to the Future,False
1986,SOUND,A Chorus Line,False
1986,SOUND,Ladyhawke,False
1986,SOUND,Out of Africa,True
1986,SOUND,Silverado,False
1986,SOUND EFFECTS EDITING,Back to the Future,True
1986,SOUND EFFECTS EDITING,Ladyhawke,False
1986,SOUND EFFECTS EDITING,Rambo: First Blood Part II,False
1986,VISUAL EFFECTS,Cocoon,True
1986,VISUAL EFFECTS,Return to Oz,False
1986,VISUAL EFFECTS,Young Sherlock Holmes,False
1986,WRITING (Screenplay Based on Material from Another Medium),The Color Purple,False
1986,WRITING (Screenplay Based on Material from Another Medium),Kiss of the Spider Woman,False
1986,WRITING (Screenplay Based on Material from Another Medium),Out of Africa,True
1986,WRITING (Screenplay Based on Material from Another Medium),Prizzi's Honor,False
1986,WRITING (Screenplay Based on Material from Another Medium),The Trip to Bountiful,False
1986,WRITING (Screenplay Written Directly for the Screen),Back to the Future,False
1986,WRITING (Screenplay Written Directly for the Screen),Brazil,False
1986,WRITING (Screenplay Written Directly for the Screen),The Official Story,False
1986,WRITING (Screenplay Written Directly for the Screen),The Purple Rose of Cairo,False
1986,WRITING (Screenplay Written Directly for the Screen),Witness,True
1986,JEAN HERSHOLT HUMANITARIAN AWARD,,True
1986,HONORARY AWARD,,True
1986,HONORARY AWARD,,True
1986,MEDAL OF COMMENDATION,,True
1987,ACTOR IN A LEADING ROLE,'Round Midnight,False
1987,ACTOR IN A LEADING ROLE,Mona Lisa,False
1987,ACTOR IN A LEADING ROLE,Children of a Lesser God,False
1987,ACTOR IN A LEADING ROLE,The Color of Money,True
1987,ACTOR IN A LEADING ROLE,Salvador,False
1987,ACTOR IN A SUPPORTING ROLE,Platoon,False
1987,ACTOR IN A SUPPORTING ROLE,Hannah and Her Sisters,True
1987,ACTOR IN A SUPPORTING ROLE,Platoon,False
1987,ACTOR IN A SUPPORTING ROLE,A Room with a View,False
1987,ACTOR IN A SUPPORTING ROLE,Hoosiers,False
1987,ACTRESS IN A LEADING ROLE,The Morning After,False
1987,ACTRESS IN A LEADING ROLE,Children of a Lesser God,True
1987,ACTRESS IN A LEADING ROLE,Crimes of the Heart,False
1987,ACTRESS IN A LEADING ROLE,Peggy Sue Got Married,False
1987,ACTRESS IN A LEADING ROLE,Aliens,False
1987,ACTRESS IN A SUPPORTING ROLE,Crimes of the Heart,False
1987,ACTRESS IN A SUPPORTING ROLE,Children of a Lesser God,False
1987,ACTRESS IN A SUPPORTING ROLE,The Color of Money,False
1987,ACTRESS IN A SUPPORTING ROLE,A Room with a View,False
1987,ACTRESS IN A SUPPORTING ROLE,Hannah and Her Sisters,True
1987,ART DIRECTION,Aliens,False
1987,ART DIRECTION,The Color of Money,False
1987,ART DIRECTION,Hannah and Her Sisters,False
1987,ART DIRECTION,The Mission,False
1987,ART DIRECTION,A Room with a View,True
1987,CINEMATOGRAPHY,The Mission,True
1987,CINEMATOGRAPHY,Peggy Sue Got Married,False
1987,CINEMATOGRAPHY,Platoon,False
1987,CINEMATOGRAPHY,A Room with a View,False
1987,CINEMATOGRAPHY,Star Trek IV: The Voyage Home,False
1987,COSTUME DESIGN,The Mission,False
1987,COSTUME DESIGN,Otello,False
1987,COSTUME DESIGN,Peggy Sue Got Married,False
1987,COSTUME DESIGN,Pirates,False
1987,COSTUME DESIGN,A Room with a View,True
1987,DIRECTING,Blue Velvet,False
1987,DIRECTING,Hannah and Her Sisters,False
1987,DIRECTING,The Mission,False
1987,DIRECTING,Platoon,True
1987,DIRECTING,A Room with a View,False
1987,DOCUMENTARY (Feature),Artie Shaw: Time Is All You've Got,True
1987,DOCUMENTARY (Feature),Chile: Hasta Cuando?,False
1987,DOCUMENTARY (Feature),Down and Out in America,True
1987,DOCUMENTARY (Feature),Isaac in America: A Journey with Isaac Bashevis Singer,False
1987,DOCUMENTARY (Feature),Witness to Apartheid,False
1987,DOCUMENTARY (Short Subject),Debonair Dancers,False
1987,DOCUMENTARY (Short Subject),The Masters of Disaster,False
1987,DOCUMENTARY (Short Subject),Red Grooms: Sunflower in a Hothouse,False
1987,DOCUMENTARY (Short Subject),Sam,False
1987,DOCUMENTARY (Short Subject),"Women--for America, for the World",True
1987,FILM EDITING,Aliens,False
1987,FILM EDITING,Hannah and Her Sisters,False
1987,FILM EDITING,The Mission,False
1987,FILM EDITING,Platoon,True
1987,FILM EDITING,Top Gun,False
1987,FOREIGN LANGUAGE FILM,The Assault,True
1987,FOREIGN LANGUAGE FILM,Betty Blue,False
1987,FOREIGN LANGUAGE FILM,The Decline of the American Empire,False
1987,FOREIGN LANGUAGE FILM,My Sweet Little Village,False
1987,FOREIGN LANGUAGE FILM,'38',False
1987,MAKEUP,The Clan of the Cave Bear,False
1987,MAKEUP,The Fly,True
1987,MAKEUP,Legend,False
1987,MUSIC (Original Score),Aliens,False
1987,MUSIC (Original Score),Hoosiers,False
1987,MUSIC (Original Score),The Mission,False
1987,MUSIC (Original Score),'Round Midnight,True
1987,MUSIC (Original Score),Star Trek IV: The Voyage Home,False
1987,MUSIC (Original Song),The Karate Kid Part II,False
1987,MUSIC (Original Song),That's Life,False
1987,MUSIC (Original Song),Little Shop of Horrors,False
1987,MUSIC (Original Song),An American Tail,False
1987,MUSIC (Original Song),Top Gun,True
1987,BEST PICTURE,Children of a Lesser God,False
1987,BEST PICTURE,Hannah and Her Sisters,False
1987,BEST PICTURE,The Mission,False
1987,BEST PICTURE,Platoon,True
1987,BEST PICTURE,A Room with a View,False
1987,SHORT FILM (Animated),"The Frog, the Dog and the Devil",False
1987,SHORT FILM (Animated),A Greek Tragedy,True
1987,SHORT FILM (Animated),Luxo Jr.,False
1987,SHORT FILM (Live Action),Exit,False
1987,SHORT FILM (Live Action),Love Struck,False
1987,SHORT FILM (Live Action),Precious Images,True
1987,SOUND,Aliens,False
1987,SOUND,Heartbreak Ridge,False
1987,SOUND,Platoon,True
1987,SOUND,Star Trek IV: The Voyage Home,False
1987,SOUND,Top Gun,False
1987,SOUND EFFECTS EDITING,Aliens,True
1987,SOUND EFFECTS EDITING,Star Trek IV: The Voyage Home,False
1987,SOUND EFFECTS EDITING,Top Gun,False
1987,VISUAL EFFECTS,Aliens,True
1987,VISUAL EFFECTS,Little Shop of Horrors,False
1987,VISUAL EFFECTS,Poltergeist II: The Other Side,False
1987,WRITING (Screenplay Based on Material from Another Medium),Children of a Lesser God,False
1987,WRITING (Screenplay Based on Material from Another Medium),The Color of Money,False
1987,WRITING (Screenplay Based on Material from Another Medium),Crimes of the Heart,False
1987,WRITING (Screenplay Based on Material from Another Medium),A Room with a View,True
1987,WRITING (Screenplay Based on Material from Another Medium),Stand by Me,False
1987,WRITING (Screenplay Written Directly for the Screen),'Crocodile' Dundee,False
1987,WRITING (Screenplay Written Directly for the Screen),Hannah and Her Sisters,True
1987,WRITING (Screenplay Written Directly for the Screen),My Beautiful Laundrette,False
1987,WRITING (Screenplay Written Directly for the Screen),Platoon,False
1987,WRITING (Screenplay Written Directly for the Screen),Salvador,False
1987,HONORARY AWARD,,True
1987,IRVING G. THALBERG MEMORIAL AWARD,,True
1987,MEDAL OF COMMENDATION,,True
1988,ACTOR IN A LEADING ROLE,Wall Street,True
1988,ACTOR IN A LEADING ROLE,Broadcast News,False
1988,ACTOR IN A LEADING ROLE,Dark Eyes,False
1988,ACTOR IN A LEADING ROLE,Ironweed,False
1988,ACTOR IN A LEADING ROLE,"Good Morning, Vietnam",False
1988,ACTOR IN A SUPPORTING ROLE,Broadcast News,False
1988,ACTOR IN A SUPPORTING ROLE,The Untouchables,True
1988,ACTOR IN A SUPPORTING ROLE,Street Smart,False
1988,ACTOR IN A SUPPORTING ROLE,Moonstruck,False
1988,ACTOR IN A SUPPORTING ROLE,Cry Freedom,False
1988,ACTRESS IN A LEADING ROLE,Moonstruck,True
1988,ACTRESS IN A LEADING ROLE,Fatal Attraction,False
1988,ACTRESS IN A LEADING ROLE,Broadcast News,False
1988,ACTRESS IN A LEADING ROLE,Anna,False
1988,ACTRESS IN A LEADING ROLE,Ironweed,False
1988,ACTRESS IN A SUPPORTING ROLE,Gaby - A True Story,False
1988,ACTRESS IN A SUPPORTING ROLE,Fatal Attraction,False
1988,ACTRESS IN A SUPPORTING ROLE,Moonstruck,True
1988,ACTRESS IN A SUPPORTING ROLE,Throw Momma from the Train,False
1988,ACTRESS IN A SUPPORTING ROLE,The Whales of August,False
1988,ART DIRECTION,Empire of the Sun,False
1988,ART DIRECTION,Hope and Glory,False
1988,ART DIRECTION,The Last Emperor,True
1988,ART DIRECTION,Radio Days,False
1988,ART DIRECTION,The Untouchables,False
1988,CINEMATOGRAPHY,Broadcast News,False
1988,CINEMATOGRAPHY,Empire of the Sun,False
1988,CINEMATOGRAPHY,Hope and Glory,False
1988,CINEMATOGRAPHY,The Last Emperor,True
1988,CINEMATOGRAPHY,Matewan,False
1988,COSTUME DESIGN,The Dead,False
1988,COSTUME DESIGN,Empire of the Sun,False
1988,COSTUME DESIGN,The Last Emperor,True
1988,COSTUME DESIGN,Maurice,False
1988,COSTUME DESIGN,The Untouchables,False
1988,DIRECTING,Fatal Attraction,False
1988,DIRECTING,Hope and Glory,False
1988,DIRECTING,The Last Emperor,True
1988,DIRECTING,Moonstruck,False
1988,DIRECTING,My Life as a Dog,False
1988,DOCUMENTARY (Feature),Eyes on the Prize: America's Civil Rights Years/Bridge to Freedom 1965,False
1988,DOCUMENTARY (Feature),Hellfire: A Journey from Hiroshima,False
1988,DOCUMENTARY (Feature),Radio Bikini,False
1988,DOCUMENTARY (Feature),A Stitch for Time,False
1988,DOCUMENTARY (Feature),The Ten-Year Lunch: The Wit and Legend of the Algonquin Round Table,True
1988,DOCUMENTARY (Short Subject),Frances Steloff: Memoirs of a Bookseller,False
1988,DOCUMENTARY (Short Subject),In the Wee Wee Hours...,False
1988,DOCUMENTARY (Short Subject),Language Says It All,False
1988,DOCUMENTARY (Short Subject),Silver into Gold,False
1988,DOCUMENTARY (Short Subject),Young at Heart,True
1988,FILM EDITING,Broadcast News,False
1988,FILM EDITING,Empire of the Sun,False
1988,FILM EDITING,Fatal Attraction,False
1988,FILM EDITING,The Last Emperor,True
1988,FILM EDITING,RoboCop,False
1988,FOREIGN LANGUAGE FILM,"Au Revoir Les Enfants (Goodbye, Children)",False
1988,FOREIGN LANGUAGE FILM,Babette's Feast,True
1988,FOREIGN LANGUAGE FILM,Course Completed,False
1988,FOREIGN LANGUAGE FILM,The Family,False
1988,FOREIGN LANGUAGE FILM,Pathfinder,False
1988,MAKEUP,Happy New Year,False
1988,MAKEUP,Harry and the Hendersons,True
1988,MUSIC (Original Score),Cry Freedom,False
1988,MUSIC (Original Score),Empire of the Sun,False
1988,MUSIC (Original Score),The Last Emperor,True
1988,MUSIC (Original Score),The Untouchables,False
1988,MUSIC (Original Score),The Witches of Eastwick,False
1988,MUSIC (Original Song),Cry Freedom,False
1988,MUSIC (Original Song),Dirty Dancing,True
1988,MUSIC (Original Song),Mannequin,False
1988,MUSIC (Original Song),Beverly Hills Cop II,False
1988,MUSIC (Original Song),The Princess Bride,False
1988,BEST PICTURE,Broadcast News,False
1988,BEST PICTURE,Fatal Attraction,False
1988,BEST PICTURE,Hope and Glory,False
1988,BEST PICTURE,The Last Emperor,True
1988,BEST PICTURE,Moonstruck,False
1988,SHORT FILM (Animated),George and Rosemary,False
1988,SHORT FILM (Animated),The Man Who Planted Trees,True
1988,SHORT FILM (Animated),Your Face,False
1988,SHORT FILM (Live Action),Making Waves,False
1988,SHORT FILM (Live Action),Ray's Male Heterosexual Dance Hall,True
1988,SHORT FILM (Live Action),Shoeshine,False
1988,SOUND,Empire of the Sun,False
1988,SOUND,The Last Emperor,True
1988,SOUND,Lethal Weapon,False
1988,SOUND,RoboCop,False
1988,SOUND,The Witches of Eastwick,False
1988,VISUAL EFFECTS,Innerspace,True
1988,VISUAL EFFECTS,Predator,False
1988,WRITING (Screenplay Based on Material from Another Medium),The Dead,False
1988,WRITING (Screenplay Based on Material from Another Medium),Fatal Attraction,False
1988,WRITING (Screenplay Based on Material from Another Medium),Full Metal Jacket,False
1988,WRITING (Screenplay Based on Material from Another Medium),The Last Emperor,True
1988,WRITING (Screenplay Based on Material from Another Medium),My Life as a Dog,False
1988,WRITING (Screenplay Written Directly for the Screen),"Au Revoir Les Enfants (Goodbye, Children)",False
1988,WRITING (Screenplay Written Directly for the Screen),Broadcast News,False
1988,WRITING (Screenplay Written Directly for the Screen),Hope and Glory,False
1988,WRITING (Screenplay Written Directly for the Screen),Moonstruck,True
1988,WRITING (Screenplay Written Directly for the Screen),Radio Days,False
1988,SPECIAL ACHIEVEMENT AWARD (Sound Effects Editing),RoboCop,True
1988,IRVING G. THALBERG MEMORIAL AWARD,,True
1988,GORDON E. SAWYER AWARD,,True
1989,ACTOR IN A LEADING ROLE,Mississippi Burning,False
1989,ACTOR IN A LEADING ROLE,Big,False
1989,ACTOR IN A LEADING ROLE,Rain Man,True
1989,ACTOR IN A LEADING ROLE,Stand and Deliver,False
1989,ACTOR IN A LEADING ROLE,Pelle the Conqueror,False
1989,ACTOR IN A SUPPORTING ROLE,Little Dorrit,False
1989,ACTOR IN A SUPPORTING ROLE,A Fish Called Wanda,True
1989,ACTOR IN A SUPPORTING ROLE,Tucker The Man and His Dream,False
1989,ACTOR IN A SUPPORTING ROLE,Running on Empty,False
1989,ACTOR IN A SUPPORTING ROLE,Married to the Mob,False
1989,ACTRESS IN A LEADING ROLE,Dangerous Liaisons,False
1989,ACTRESS IN A LEADING ROLE,The Accused,True
1989,ACTRESS IN A LEADING ROLE,Working Girl,False
1989,ACTRESS IN A LEADING ROLE,A Cry in the Dark,False
1989,ACTRESS IN A LEADING ROLE,Gorillas in the Mist,False
1989,ACTRESS IN A SUPPORTING ROLE,Working Girl,False
1989,ACTRESS IN A SUPPORTING ROLE,The Accidental Tourist,True
1989,ACTRESS IN A SUPPORTING ROLE,Mississippi Burning,False
1989,ACTRESS IN A SUPPORTING ROLE,Dangerous Liaisons,False
1989,ACTRESS IN A SUPPORTING ROLE,Working Girl,False
1989,ART DIRECTION,Beaches,False
1989,ART DIRECTION,Dangerous Liaisons,True
1989,ART DIRECTION,Rain Man,False
1989,ART DIRECTION,Tucker The Man and His Dream,False
1989,ART DIRECTION,Who Framed Roger Rabbit,False
1989,CINEMATOGRAPHY,Mississippi Burning,True
1989,CINEMATOGRAPHY,Rain Man,False
1989,CINEMATOGRAPHY,Tequila Sunrise,False
1989,CINEMATOGRAPHY,The Unbearable Lightness of Being,False
1989,CINEMATOGRAPHY,Who Framed Roger Rabbit,False
1989,COSTUME DESIGN,Coming to America,False
1989,COSTUME DESIGN,Dangerous Liaisons,True
1989,COSTUME DESIGN,A Handful of Dust,False
1989,COSTUME DESIGN,Sunset,False
1989,COSTUME DESIGN,Tucker The Man and His Dream,False
1989,DIRECTING,A Fish Called Wanda,False
1989,DIRECTING,The Last Temptation of Christ,False
1989,DIRECTING,Mississippi Burning,False
1989,DIRECTING,Rain Man,True
1989,DIRECTING,Working Girl,False
1989,DOCUMENTARY (Feature),The Cry of Reason - Beyers Naudé: An Afrikaner Speaks Out,False
1989,DOCUMENTARY (Feature),Hotel Terminus: The Life and Times of Klaus Barbie,True
1989,DOCUMENTARY (Feature),Let's Get Lost,False
1989,DOCUMENTARY (Feature),Promises to Keep,False
1989,DOCUMENTARY (Feature),Who Killed Vincent Chin?,False
1989,DOCUMENTARY (Short Subject),The Children's Storefront,False
1989,DOCUMENTARY (Short Subject),Family Gathering,False
1989,DOCUMENTARY (Short Subject),Gang Cops,False
1989,DOCUMENTARY (Short Subject),Portrait of Imogen,False
1989,DOCUMENTARY (Short Subject),You Don't Have to Die,True
1989,FILM EDITING,Die Hard,False
1989,FILM EDITING,Gorillas in the Mist,False
1989,FILM EDITING,Mississippi Burning,False
1989,FILM EDITING,Rain Man,False
1989,FILM EDITING,Who Framed Roger Rabbit,True
1989,FOREIGN LANGUAGE FILM,Hanussen,False
1989,FOREIGN LANGUAGE FILM,The Music Teacher,False
1989,FOREIGN LANGUAGE FILM,Pelle the Conqueror,True
1989,FOREIGN LANGUAGE FILM,Salaam Bombay!,False
1989,FOREIGN LANGUAGE FILM,Women on the Verge of a Nervous Breakdown,False
1989,MAKEUP,Beetlejuice,True
1989,MAKEUP,Coming to America,False
1989,MAKEUP,Scrooged,False
1989,MUSIC (Original Score),The Accidental Tourist,False
1989,MUSIC (Original Score),Dangerous Liaisons,False
1989,MUSIC (Original Score),Gorillas in the Mist,False
1989,MUSIC (Original Score),The Milagro Beanfield War,True
1989,MUSIC (Original Score),Rain Man,False
1989,MUSIC (Original Song),Bagdad Cafe,False
1989,MUSIC (Original Song),Working Girl,True
1989,MUSIC (Original Song),Buster,False
1989,BEST PICTURE,The Accidental Tourist,False
1989,BEST PICTURE,Dangerous Liaisons,False
1989,BEST PICTURE,Mississippi Burning,False
1989,BEST PICTURE,Rain Man,True
1989,BEST PICTURE,Working Girl,False
1989,SHORT FILM (Animated),The Cat Came Back,False
1989,SHORT FILM (Animated),Technological Threat,False
1989,SHORT FILM (Animated),Tin Toy,True
1989,SHORT FILM (Live Action),The Appointments of Dennis Jennings,True
1989,SHORT FILM (Live Action),Cadillac Dreams,False
1989,SHORT FILM (Live Action),Gullah Tales,False
1989,SOUND,Bird,True
1989,SOUND,Die Hard,False
1989,SOUND,Gorillas in the Mist,False
1989,SOUND,Mississippi Burning,False
1989,SOUND,Who Framed Roger Rabbit,False
1989,SOUND EFFECTS EDITING,Die Hard,False
1989,SOUND EFFECTS EDITING,Who Framed Roger Rabbit,True
1989,SOUND EFFECTS EDITING,Willow,False
1989,VISUAL EFFECTS,Die Hard,False
1989,VISUAL EFFECTS,Who Framed Roger Rabbit,True
1989,VISUAL EFFECTS,Willow,False
1989,WRITING (Screenplay Based on Material from Another Medium),The Accidental Tourist,False
1989,WRITING (Screenplay Based on Material from Another Medium),Dangerous Liaisons,True
1989,WRITING (Screenplay Based on Material from Another Medium),Gorillas in the Mist,False
1989,WRITING (Screenplay Based on Material from Another Medium),Little Dorrit,False
1989,WRITING (Screenplay Based on Material from Another Medium),The Unbearable Lightness of Being,False
1989,WRITING (Screenplay Written Directly for the Screen),Big,False
1989,WRITING (Screenplay Written Directly for the Screen),Bull Durham,False
1989,WRITING (Screenplay Written Directly for the Screen),A Fish Called Wanda,False
1989,WRITING (Screenplay Written Directly for the Screen),Rain Man,True
1989,WRITING (Screenplay Written Directly for the Screen),Running on Empty,False
1989,SPECIAL ACHIEVEMENT AWARD,Who Framed Roger Rabbit,True
1989,HONORARY AWARD,,True
1989,HONORARY AWARD,,True
1989,GORDON E. SAWYER AWARD,,True
1990,ACTOR IN A LEADING ROLE,Henry V,False
1990,ACTOR IN A LEADING ROLE,Born on the Fourth of July,False
1990,ACTOR IN A LEADING ROLE,My Left Foot,True
1990,ACTOR IN A LEADING ROLE,Driving Miss Daisy,False
1990,ACTOR IN A LEADING ROLE,Dead Poets Society,False
1990,ACTOR IN A SUPPORTING ROLE,Do the Right Thing,False
1990,ACTOR IN A SUPPORTING ROLE,Driving Miss Daisy,False
1990,ACTOR IN A SUPPORTING ROLE,A Dry White Season,False
1990,ACTOR IN A SUPPORTING ROLE,Crimes and Misdemeanors,False
1990,ACTOR IN A SUPPORTING ROLE,Glory,True
1990,ACTRESS IN A LEADING ROLE,Camille Claudel,False
1990,ACTRESS IN A LEADING ROLE,Shirley Valentine,False
1990,ACTRESS IN A LEADING ROLE,Music Box,False
1990,ACTRESS IN A LEADING ROLE,The Fabulous Baker Boys,False
1990,ACTRESS IN A LEADING ROLE,Driving Miss Daisy,True
1990,ACTRESS IN A SUPPORTING ROLE,My Left Foot,True
1990,ACTRESS IN A SUPPORTING ROLE,"Enemies, A Love Story",False
1990,ACTRESS IN A SUPPORTING ROLE,"Enemies, A Love Story",False
1990,ACTRESS IN A SUPPORTING ROLE,Steel Magnolias,False
1990,ACTRESS IN A SUPPORTING ROLE,Parenthood,False
1990,ART DIRECTION,The Abyss,False
1990,ART DIRECTION,The Adventures of Baron Munchausen,False
1990,ART DIRECTION,Batman,True
1990,ART DIRECTION,Driving Miss Daisy,False
1990,ART DIRECTION,Glory,False
1990,CINEMATOGRAPHY,The Abyss,False
1990,CINEMATOGRAPHY,Blaze,False
1990,CINEMATOGRAPHY,Born on the Fourth of July,False
1990,CINEMATOGRAPHY,The Fabulous Baker Boys,False
1990,CINEMATOGRAPHY,Glory,True
1990,COSTUME DESIGN,The Adventures of Baron Munchausen,False
1990,COSTUME DESIGN,Driving Miss Daisy,False
1990,COSTUME DESIGN,Harlem Nights,False
1990,COSTUME DESIGN,Henry V,True
1990,COSTUME DESIGN,Valmont,False
1990,DIRECTING,Born on the Fourth of July,True
1990,DIRECTING,Crimes and Misdemeanors,False
1990,DIRECTING,Dead Poets Society,False
1990,DIRECTING,Henry V,False
1990,DIRECTING,My Left Foot,False
1990,DOCUMENTARY (Feature),Adam Clayton Powell,False
1990,DOCUMENTARY (Feature),Common Threads: Stories from the Quilt,True
1990,DOCUMENTARY (Feature),Crack USA: County under Siege,False
1990,DOCUMENTARY (Feature),For All Mankind,False
1990,DOCUMENTARY (Feature),Super Chief: The Life and Legacy of Earl Warren,False
1990,DOCUMENTARY (Short Subject),"Fine Food, Fine Pastries, Open 6 to 9",False
1990,DOCUMENTARY (Short Subject),The Johnstown Flood,True
1990,DOCUMENTARY (Short Subject),Yad Vashem: Preserving the Past to Ensure the Future,False
1990,FILM EDITING,The Bear,False
1990,FILM EDITING,Born on the Fourth of July,True
1990,FILM EDITING,Driving Miss Daisy,False
1990,FILM EDITING,The Fabulous Baker Boys,False
1990,FILM EDITING,Glory,False
1990,FOREIGN LANGUAGE FILM,Camille Claudel,False
1990,FOREIGN LANGUAGE FILM,Cinema Paradiso,True
1990,FOREIGN LANGUAGE FILM,Jesus of Montreal,False
1990,FOREIGN LANGUAGE FILM,Waltzing Regitze,False
1990,FOREIGN LANGUAGE FILM,What Happened to Santiago,False
1990,MAKEUP,The Adventures of Baron Munchausen,False
1990,MAKEUP,Dad,False
1990,MAKEUP,Driving Miss Daisy,True
1990,MUSIC (Original Score),Born on the Fourth of July,False
1990,MUSIC (Original Score),The Fabulous Baker Boys,False
1990,MUSIC (Original Score),Field of Dreams,False
1990,MUSIC (Original Score),Indiana Jones and the Last Crusade,False
1990,MUSIC (Original Score),The Little Mermaid,True
1990,MUSIC (Original Song),Chances Are,False
1990,MUSIC (Original Song),Shirley Valentine,False
1990,MUSIC (Original Song),Parenthood,False
1990,MUSIC (Original Song),The Little Mermaid,False
1990,MUSIC (Original Song),The Little Mermaid,True
1990,BEST PICTURE,Born on the Fourth of July,False
1990,BEST PICTURE,Dead Poets Society,False
1990,BEST PICTURE,Driving Miss Daisy,True
1990,BEST PICTURE,Field of Dreams,False
1990,BEST PICTURE,My Left Foot,False
1990,SHORT FILM (Animated),Balance,True
1990,SHORT FILM (Animated),The Cow,False
1990,SHORT FILM (Animated),The Hill Farm,False
1990,SHORT FILM (Live Action),Amazon Diary,False
1990,SHORT FILM (Live Action),The Childeater,False
1990,SHORT FILM (Live Action),Work Experience,True
1990,SOUND,The Abyss,False
1990,SOUND,Black Rain,False
1990,SOUND,Born on the Fourth of July,False
1990,SOUND,Glory,True
1990,SOUND,Indiana Jones and the Last Crusade,False
1990,SOUND EFFECTS EDITING,Black Rain,False
1990,SOUND EFFECTS EDITING,Indiana Jones and the Last Crusade,True
1990,SOUND EFFECTS EDITING,Lethal Weapon 2,False
1990,VISUAL EFFECTS,The Abyss,True
1990,VISUAL EFFECTS,The Adventures of Baron Munchausen,False
1990,VISUAL EFFECTS,Back to the Future Part II,False
1990,WRITING (Screenplay Based on Material from Another Medium),Born on the Fourth of July,False
1990,WRITING (Screenplay Based on Material from Another Medium),Driving Miss Daisy,True
1990,WRITING (Screenplay Based on Material from Another Medium),"Enemies, A Love Story",False
1990,WRITING (Screenplay Based on Material from Another Medium),Field of Dreams,False
1990,WRITING (Screenplay Based on Material from Another Medium),My Left Foot,False
1990,WRITING (Screenplay Written Directly for the Screen),Crimes and Misdemeanors,False
1990,WRITING (Screenplay Written Directly for the Screen),Dead Poets Society,True
1990,WRITING (Screenplay Written Directly for the Screen),Do the Right Thing,False
1990,WRITING (Screenplay Written Directly for the Screen),"sex, lies, and videotape",False
1990,WRITING (Screenplay Written Directly for the Screen),When Harry Met Sally...,False
1990,JEAN HERSHOLT HUMANITARIAN AWARD,,True
1990,HONORARY AWARD,,True
1990,GORDON E. SAWYER AWARD,,True
1990,AWARD OF COMMENDATION,,True
1991,ACTOR IN A LEADING ROLE,Dances With Wolves,False
1991,ACTOR IN A LEADING ROLE,Awakenings,False
1991,ACTOR IN A LEADING ROLE,Cyrano de Bergerac,False
1991,ACTOR IN A LEADING ROLE,The Field,False
1991,ACTOR IN A LEADING ROLE,Reversal of Fortune,True
1991,ACTOR IN A SUPPORTING ROLE,Longtime Companion,False
1991,ACTOR IN A SUPPORTING ROLE,"The Godfather, Part III",False
1991,ACTOR IN A SUPPORTING ROLE,Dances With Wolves,False
1991,ACTOR IN A SUPPORTING ROLE,Dick Tracy,False
1991,ACTOR IN A SUPPORTING ROLE,Good Fellas,True
1991,ACTRESS IN A LEADING ROLE,Misery,True
1991,ACTRESS IN A LEADING ROLE,The Grifters,False
1991,ACTRESS IN A LEADING ROLE,Pretty Woman,False
1991,ACTRESS IN A LEADING ROLE,Postcards from the Edge,False
1991,ACTRESS IN A LEADING ROLE,Mr. & Mrs. Bridge,False
1991,ACTRESS IN A SUPPORTING ROLE,The Grifters,False
1991,ACTRESS IN A SUPPORTING ROLE,Good Fellas,False
1991,ACTRESS IN A SUPPORTING ROLE,Ghost,True
1991,ACTRESS IN A SUPPORTING ROLE,Wild at Heart,False
1991,ACTRESS IN A SUPPORTING ROLE,Dances With Wolves,False
1991,ART DIRECTION,Cyrano de Bergerac,False
1991,ART DIRECTION,Dances With Wolves,False
1991,ART DIRECTION,Dick Tracy,True
1991,ART DIRECTION,"The Godfather, Part III",False
1991,ART DIRECTION,Hamlet,False
1991,CINEMATOGRAPHY,Avalon,False
1991,CINEMATOGRAPHY,Dances With Wolves,True
1991,CINEMATOGRAPHY,Dick Tracy,False
1991,CINEMATOGRAPHY,"The Godfather, Part III",False
1991,CINEMATOGRAPHY,Henry & June,False
1991,COSTUME DESIGN,Avalon,False
1991,COSTUME DESIGN,Cyrano de Bergerac,True
1991,COSTUME DESIGN,Dances With Wolves,False
1991,COSTUME DESIGN,Dick Tracy,False
1991,COSTUME DESIGN,Hamlet,False
1991,DIRECTING,Dances With Wolves,True
1991,DIRECTING,"The Godfather, Part III",False
1991,DIRECTING,Good Fellas,False
1991,DIRECTING,The Grifters,False
1991,DIRECTING,Reversal of Fortune,False
1991,DOCUMENTARY (Feature),American Dream,True
1991,DOCUMENTARY (Feature),Berkeley in the Sixties,False
1991,DOCUMENTARY (Feature),Building Bombs,False
1991,DOCUMENTARY (Feature),Forever Activists: Stories from the Veterans of the Abraham Lincoln Brigade,False
1991,DOCUMENTARY (Feature),Waldo Salt: A Screenwriter's Journey,False
1991,DOCUMENTARY (Short Subject),Burning Down Tomorrow,False
1991,DOCUMENTARY (Short Subject),Chimps: So Like Us,False
1991,DOCUMENTARY (Short Subject),Days of Waiting,True
1991,DOCUMENTARY (Short Subject),Journey into Life: The World of the Unborn,False
1991,DOCUMENTARY (Short Subject),Rose Kennedy: A Life to Remember,False
1991,FILM EDITING,Dances With Wolves,True
1991,FILM EDITING,Ghost,False
1991,FILM EDITING,"The Godfather, Part III",False
1991,FILM EDITING,Good Fellas,False
1991,FILM EDITING,The Hunt for Red October,False
1991,FOREIGN LANGUAGE FILM,Cyrano de Bergerac,False
1991,FOREIGN LANGUAGE FILM,Journey of Hope,True
1991,FOREIGN LANGUAGE FILM,Ju Dou,False
1991,FOREIGN LANGUAGE FILM,The Nasty Girl,False
1991,FOREIGN LANGUAGE FILM,Open Doors,False
1991,MAKEUP,Cyrano de Bergerac,False
1991,MAKEUP,Dick Tracy,True
1991,MAKEUP,Edward Scissorhands,False
1991,MUSIC (Original Score),Avalon,False
1991,MUSIC (Original Score),Dances With Wolves,True
1991,MUSIC (Original Score),Ghost,False
1991,MUSIC (Original Score),Havana,False
1991,MUSIC (Original Score),Home Alone,False
1991,MUSIC (Original Song),Young Guns II,False
1991,MUSIC (Original Song),Postcards from the Edge,False
1991,MUSIC (Original Song),"The Godfather, Part III",False
1991,MUSIC (Original Song),Home Alone,False
1991,MUSIC (Original Song),Dick Tracy,True
1991,BEST PICTURE,Awakenings,False
1991,BEST PICTURE,Dances With Wolves,True
1991,BEST PICTURE,Ghost,False
1991,BEST PICTURE,"The Godfather, Part III",False
1991,BEST PICTURE,Good Fellas,False
1991,SHORT FILM (Animated),Creature Comforts,True
1991,SHORT FILM (Animated),A Grand Day Out,False
1991,SHORT FILM (Animated),Grasshoppers (Cavallette),False
1991,SHORT FILM (Live Action),Bronx Cheers,False
1991,SHORT FILM (Live Action),Dear Rosie,False
1991,SHORT FILM (Live Action),The Lunch Date,True
1991,SHORT FILM (Live Action),Senzeni Na? (What Have We Done?),False
1991,SHORT FILM (Live Action),12:01 PM,False
1991,SOUND,Dances With Wolves,True
1991,SOUND,Days of Thunder,False
1991,SOUND,Dick Tracy,False
1991,SOUND,The Hunt for Red October,False
1991,SOUND,Total Recall,False
1991,SOUND EFFECTS EDITING,Flatliners,False
1991,SOUND EFFECTS EDITING,The Hunt for Red October,True
1991,SOUND EFFECTS EDITING,Total Recall,False
1991,WRITING (Screenplay Based on Material from Another Medium),Awakenings,False
1991,WRITING (Screenplay Based on Material from Another Medium),Dances With Wolves,True
1991,WRITING (Screenplay Based on Material from Another Medium),Good Fellas,False
1991,WRITING (Screenplay Based on Material from Another Medium),The Grifters,False
1991,WRITING (Screenplay Based on Material from Another Medium),Reversal of Fortune,False
1991,WRITING (Screenplay Written Directly for the Screen),Alice,False
1991,WRITING (Screenplay Written Directly for the Screen),Avalon,False
1991,WRITING (Screenplay Written Directly for the Screen),Ghost,True
1991,WRITING (Screenplay Written Directly for the Screen),Green Card,False
1991,WRITING (Screenplay Written Directly for the Screen),Metropolitan,False
1991,SPECIAL ACHIEVEMENT AWARD (Visual Effects),Total Recall,True
1991,HONORARY AWARD,,True
1991,HONORARY AWARD,,True
1991,IRVING G. THALBERG MEMORIAL AWARD,,True
1991,GORDON E. SAWYER AWARD,,True
1991,MEDAL OF COMMENDATION,,True
1991,MEDAL OF COMMENDATION,,True
1991,MEDAL OF COMMENDATION,,True
1992,ACTOR IN A LEADING ROLE,Bugsy,False
1992,ACTOR IN A LEADING ROLE,Cape Fear,False
1992,ACTOR IN A LEADING ROLE,The Silence of the Lambs,True
1992,ACTOR IN A LEADING ROLE,The Prince of Tides,False
1992,ACTOR IN A LEADING ROLE,The Fisher King,False
1992,ACTOR IN A SUPPORTING ROLE,JFK,False
1992,ACTOR IN A SUPPORTING ROLE,Bugsy,False
1992,ACTOR IN A SUPPORTING ROLE,Bugsy,False
1992,ACTOR IN A SUPPORTING ROLE,Barton Fink,False
1992,ACTOR IN A SUPPORTING ROLE,City Slickers,True
1992,ACTRESS IN A LEADING ROLE,Thelma & Louise,False
1992,ACTRESS IN A LEADING ROLE,Rambling Rose,False
1992,ACTRESS IN A LEADING ROLE,The Silence of the Lambs,True
1992,ACTRESS IN A LEADING ROLE,For the Boys,False
1992,ACTRESS IN A LEADING ROLE,Thelma & Louise,False
1992,ACTRESS IN A SUPPORTING ROLE,Rambling Rose,False
1992,ACTRESS IN A SUPPORTING ROLE,Cape Fear,False
1992,ACTRESS IN A SUPPORTING ROLE,The Prince of Tides,False
1992,ACTRESS IN A SUPPORTING ROLE,The Fisher King,True
1992,ACTRESS IN A SUPPORTING ROLE,Fried Green Tomatoes,False
1992,ART DIRECTION,Barton Fink,False
1992,ART DIRECTION,Bugsy,True
1992,ART DIRECTION,The Fisher King,False
1992,ART DIRECTION,Hook,False
1992,ART DIRECTION,The Prince of Tides,False
1992,CINEMATOGRAPHY,Bugsy,False
1992,CINEMATOGRAPHY,JFK,True
1992,CINEMATOGRAPHY,The Prince of Tides,False
1992,CINEMATOGRAPHY,Terminator 2: Judgment Day,False
1992,CINEMATOGRAPHY,Thelma & Louise,False
1992,COSTUME DESIGN,The Addams Family,False
1992,COSTUME DESIGN,Barton Fink,False
1992,COSTUME DESIGN,Bugsy,True
1992,COSTUME DESIGN,Hook,False
1992,COSTUME DESIGN,Madame Bovary,False
1992,DIRECTING,Boyz N the Hood,False
1992,DIRECTING,Bugsy,False
1992,DIRECTING,JFK,False
1992,DIRECTING,The Silence of the Lambs,True
1992,DIRECTING,Thelma & Louise,False
1992,DOCUMENTARY (Feature),Death on the Job,False
1992,DOCUMENTARY (Feature),Doing Time: Life inside the Big House,False
1992,DOCUMENTARY (Feature),In the Shadow of the Stars,True
1992,DOCUMENTARY (Feature),The Restless Conscience,False
1992,DOCUMENTARY (Feature),Wild by Law,False
1992,DOCUMENTARY (Short Subject),Birdnesters of Thailand (aka 'Shadow Hunters'),False
1992,DOCUMENTARY (Short Subject),"Deadly Deception: General Electric, Nuclear Weapons and Our Environment",True
1992,DOCUMENTARY (Short Subject),A Little Vicious,False
1992,DOCUMENTARY (Short Subject),The Mark of the Maker,False
1992,DOCUMENTARY (Short Subject),Memorial: Letters from American Soldiers,False
1992,FILM EDITING,The Commitments,False
1992,FILM EDITING,JFK,True
1992,FILM EDITING,The Silence of the Lambs,False
1992,FILM EDITING,Terminator 2: Judgment Day,False
1992,FILM EDITING,Thelma & Louise,False
1992,FOREIGN LANGUAGE FILM,Children of Nature,False
1992,FOREIGN LANGUAGE FILM,The Elementary School,False
1992,FOREIGN LANGUAGE FILM,Mediterraneo,True
1992,FOREIGN LANGUAGE FILM,The Ox,False
1992,FOREIGN LANGUAGE FILM,Raise the Red Lantern,False
1992,MAKEUP,Hook,False
1992,MAKEUP,Star Trek VI The Undiscovered Country,False
1992,MAKEUP,Terminator 2: Judgment Day,True
1992,MUSIC (Original Score),Beauty and the Beast,True
1992,MUSIC (Original Score),Bugsy,False
1992,MUSIC (Original Score),The Fisher King,False
1992,MUSIC (Original Score),JFK,False
1992,MUSIC (Original Score),The Prince of Tides,False
1992,MUSIC (Original Song),Hook,False
1992,MUSIC (Original Song),Beauty and the Beast,False
1992,MUSIC (Original Song),Beauty and the Beast,True
1992,MUSIC (Original Song),Beauty and the Beast,False
1992,MUSIC (Original Song),Robin Hood: Prince of Thieves,False
1992,BEST PICTURE,Beauty and the Beast,False
1992,BEST PICTURE,Bugsy,False
1992,BEST PICTURE,JFK,False
1992,BEST PICTURE,The Prince of Tides,False
1992,BEST PICTURE,The Silence of the Lambs,True
1992,SHORT FILM (Animated),Blackfly,False
1992,SHORT FILM (Animated),Manipulation,True
1992,SHORT FILM (Animated),Strings,False
1992,SHORT FILM (Live Action),Birch Street Gym,False
1992,SHORT FILM (Live Action),Last Breeze of Summer,False
1992,SHORT FILM (Live Action),Session Man,True
1992,SOUND,Backdraft,False
1992,SOUND,Beauty and the Beast,False
1992,SOUND,JFK,False
1992,SOUND,The Silence of the Lambs,False
1992,SOUND,Terminator 2: Judgment Day,True
1992,SOUND EFFECTS EDITING,Backdraft,False
1992,SOUND EFFECTS EDITING,Star Trek VI The Undiscovered Country,False
1992,SOUND EFFECTS EDITING,Terminator 2: Judgment Day,True
1992,VISUAL EFFECTS,Backdraft,False
1992,VISUAL EFFECTS,Hook,False
1992,VISUAL EFFECTS,Terminator 2: Judgment Day,True
1992,WRITING (Screenplay Based on Material Previously Produced or Published),Europa Europa,False
1992,WRITING (Screenplay Based on Material Previously Produced or Published),Fried Green Tomatoes,False
1992,WRITING (Screenplay Based on Material Previously Produced or Published),JFK,False
1992,WRITING (Screenplay Based on Material Previously Produced or Published),The Prince of Tides,False
1992,WRITING (Screenplay Based on Material Previously Produced or Published),The Silence of the Lambs,True
1992,WRITING (Screenplay Written Directly for the Screen),Boyz N the Hood,False
1992,WRITING (Screenplay Written Directly for the Screen),Bugsy,False
1992,WRITING (Screenplay Written Directly for the Screen),The Fisher King,False
1992,WRITING (Screenplay Written Directly for the Screen),Grand Canyon,False
1992,WRITING (Screenplay Written Directly for the Screen),Thelma & Louise,True
1992,HONORARY AWARD,,True
1992,IRVING G. THALBERG MEMORIAL AWARD,,True
1992,GORDON E. SAWYER AWARD,,True
1992,AWARD OF COMMENDATION,,True
1992,MEDAL OF COMMENDATION,,True
1992,MEDAL OF COMMENDATION,,True
1993,ACTOR IN A LEADING ROLE,Chaplin,False
1993,ACTOR IN A LEADING ROLE,Unforgiven,False
1993,ACTOR IN A LEADING ROLE,Scent of a Woman,True
1993,ACTOR IN A LEADING ROLE,The Crying Game,False
1993,ACTOR IN A LEADING ROLE,Malcolm X,False
1993,ACTOR IN A SUPPORTING ROLE,The Crying Game,False
1993,ACTOR IN A SUPPORTING ROLE,Unforgiven,True
1993,ACTOR IN A SUPPORTING ROLE,A Few Good Men,False
1993,ACTOR IN A SUPPORTING ROLE,Glengarry Glen Ross,False
1993,ACTOR IN A SUPPORTING ROLE,Mr. Saturday Night,False
1993,ACTRESS IN A LEADING ROLE,Indochine,False
1993,ACTRESS IN A LEADING ROLE,Passion Fish,False
1993,ACTRESS IN A LEADING ROLE,Love Field,False
1993,ACTRESS IN A LEADING ROLE,Lorenzo's Oil,False
1993,ACTRESS IN A LEADING ROLE,Howards End,True
1993,ACTRESS IN A SUPPORTING ROLE,Husbands and Wives,False
1993,ACTRESS IN A SUPPORTING ROLE,Enchanted April,False
1993,ACTRESS IN A SUPPORTING ROLE,Howards End,False
1993,ACTRESS IN A SUPPORTING ROLE,Damage,False
1993,ACTRESS IN A SUPPORTING ROLE,My Cousin Vinny,True
1993,ART DIRECTION,Bram Stoker's Dracula,False
1993,ART DIRECTION,Chaplin,False
1993,ART DIRECTION,Howards End,True
1993,ART DIRECTION,Toys,False
1993,ART DIRECTION,Unforgiven,False
1993,CINEMATOGRAPHY,Hoffa,False
1993,CINEMATOGRAPHY,Howards End,False
1993,CINEMATOGRAPHY,The Lover,False
1993,CINEMATOGRAPHY,A River Runs through It,True
1993,CINEMATOGRAPHY,Unforgiven,False
1993,COSTUME DESIGN,Bram Stoker's Dracula,True
1993,COSTUME DESIGN,Enchanted April,False
1993,COSTUME DESIGN,Howards End,False
1993,COSTUME DESIGN,Malcolm X,False
1993,COSTUME DESIGN,Toys,False
1993,DIRECTING,The Crying Game,False
1993,DIRECTING,Howards End,False
1993,DIRECTING,The Player,False
1993,DIRECTING,Scent of a Woman,False
1993,DIRECTING,Unforgiven,True
1993,DOCUMENTARY (Feature),Changing Our Minds: The Story of Dr. Evelyn Hooker,False
1993,DOCUMENTARY (Feature),Fires of Kuwait,False
1993,DOCUMENTARY (Feature),Liberators: Fighting on Two Fronts in World War II,False
1993,DOCUMENTARY (Feature),Music for the Movies: Bernard Herrmann,False
1993,DOCUMENTARY (Feature),The Panama Deception,True
1993,DOCUMENTARY (Short Subject),At the Edge of Conquest: The Journey of Chief Wai-Wai,False
1993,DOCUMENTARY (Short Subject),Beyond Imagining: Margaret Anderson and the 'Little Review',False
1993,DOCUMENTARY (Short Subject),The Colours of My Father: A Portrait of Sam Borenstein,False
1993,DOCUMENTARY (Short Subject),Educating Peter,True
1993,DOCUMENTARY (Short Subject),When Abortion Was Illegal: Untold Stories,False
1993,FILM EDITING,Basic Instinct,False
1993,FILM EDITING,The Crying Game,False
1993,FILM EDITING,A Few Good Men,False
1993,FILM EDITING,The Player,False
1993,FILM EDITING,Unforgiven,True
1993,FOREIGN LANGUAGE FILM,Close to Eden,False
1993,FOREIGN LANGUAGE FILM,Daens,False
1993,FOREIGN LANGUAGE FILM,Indochine,True
1993,FOREIGN LANGUAGE FILM,A Place in the World,False
1993,FOREIGN LANGUAGE FILM,Schtonk!,False
1993,MAKEUP,Batman Returns,False
1993,MAKEUP,Bram Stoker's Dracula,True
1993,MAKEUP,Hoffa,False
1993,MUSIC (Original Score),Aladdin,True
1993,MUSIC (Original Score),Basic Instinct,False
1993,MUSIC (Original Score),Chaplin,False
1993,MUSIC (Original Score),Howards End,False
1993,MUSIC (Original Score),A River Runs through It,False
1993,MUSIC (Original Song),The Mambo Kings,False
1993,MUSIC (Original Song),Aladdin,False
1993,MUSIC (Original Song),The Bodyguard,False
1993,MUSIC (Original Song),The Bodyguard,False
1993,MUSIC (Original Song),Aladdin,True
1993,BEST PICTURE,The Crying Game,False
1993,BEST PICTURE,A Few Good Men,False
1993,BEST PICTURE,Howards End,False
1993,BEST PICTURE,Scent of a Woman,False
1993,BEST PICTURE,Unforgiven,True
1993,SHORT FILM (Animated),Adam,False
1993,SHORT FILM (Animated),Mona Lisa Descending a Staircase,True
1993,SHORT FILM (Animated),"Reci, Reci, Reci... (Words, Words, Words)",False
1993,SHORT FILM (Animated),The Sandman,False
1993,SHORT FILM (Animated),Screen Play,False
1993,SHORT FILM (Live Action),Contact,False
1993,SHORT FILM (Live Action),Cruise Control,False
1993,SHORT FILM (Live Action),The Lady in Waiting,False
1993,SHORT FILM (Live Action),Omnibus,True
1993,SHORT FILM (Live Action),Swan Song,False
1993,SOUND,Aladdin,False
1993,SOUND,A Few Good Men,False
1993,SOUND,The Last of the Mohicans,True
1993,SOUND,Under Siege,False
1993,SOUND,Unforgiven,False
1993,SOUND EFFECTS EDITING,Aladdin,False
1993,SOUND EFFECTS EDITING,Bram Stoker's Dracula,True
1993,SOUND EFFECTS EDITING,Under Siege,False
1993,VISUAL EFFECTS,Alien 3,False
1993,VISUAL EFFECTS,Batman Returns,False
1993,VISUAL EFFECTS,Death Becomes Her,True
1993,WRITING (Screenplay Based on Material Previously Produced or Published),Enchanted April,False
1993,WRITING (Screenplay Based on Material Previously Produced or Published),Howards End,True
1993,WRITING (Screenplay Based on Material Previously Produced or Published),The Player,False
1993,WRITING (Screenplay Based on Material Previously Produced or Published),A River Runs through It,False
1993,WRITING (Screenplay Based on Material Previously Produced or Published),Scent of a Woman,False
1993,WRITING (Screenplay Written Directly for the Screen),The Crying Game,True
1993,WRITING (Screenplay Written Directly for the Screen),Husbands and Wives,False
1993,WRITING (Screenplay Written Directly for the Screen),Lorenzo's Oil,False
1993,WRITING (Screenplay Written Directly for the Screen),Passion Fish,False
1993,WRITING (Screenplay Written Directly for the Screen),Unforgiven,False
1993,JEAN HERSHOLT HUMANITARIAN AWARD,,True
1993,JEAN HERSHOLT HUMANITARIAN AWARD,,True
1993,HONORARY AWARD,,True
1993,GORDON E. SAWYER AWARD,,True
1993,AWARD OF COMMENDATION,,True
1993,MEDAL OF COMMENDATION,,True
1994,ACTOR IN A LEADING ROLE,In the Name of the Father,False
1994,ACTOR IN A LEADING ROLE,What's Love Got to Do with It,False
1994,ACTOR IN A LEADING ROLE,Philadelphia,True
1994,ACTOR IN A LEADING ROLE,The Remains of the Day,False
1994,ACTOR IN A LEADING ROLE,Schindler's List,False
1994,ACTOR IN A SUPPORTING ROLE,What's Eating Gilbert Grape,False
1994,ACTOR IN A SUPPORTING ROLE,Schindler's List,False
1994,ACTOR IN A SUPPORTING ROLE,The Fugitive,True
1994,ACTOR IN A SUPPORTING ROLE,In the Line of Fire,False
1994,ACTOR IN A SUPPORTING ROLE,In the Name of the Father,False
1994,ACTRESS IN A LEADING ROLE,What's Love Got to Do with It,False
1994,ACTRESS IN A LEADING ROLE,Six Degrees of Separation,False
1994,ACTRESS IN A LEADING ROLE,The Piano,True
1994,ACTRESS IN A LEADING ROLE,The Remains of the Day,False
1994,ACTRESS IN A LEADING ROLE,Shadowlands,False
1994,ACTRESS IN A SUPPORTING ROLE,The Firm,False
1994,ACTRESS IN A SUPPORTING ROLE,The Piano,True
1994,ACTRESS IN A SUPPORTING ROLE,Fearless,False
1994,ACTRESS IN A SUPPORTING ROLE,The Age of Innocence,False
1994,ACTRESS IN A SUPPORTING ROLE,In the Name of the Father,False
1994,ART DIRECTION,Addams Family Values,False
1994,ART DIRECTION,The Age of Innocence,False
1994,ART DIRECTION,Orlando,False
1994,ART DIRECTION,The Remains of the Day,False
1994,ART DIRECTION,Schindler's List,True
1994,CINEMATOGRAPHY,Farewell My Concubine,False
1994,CINEMATOGRAPHY,The Fugitive,False
1994,CINEMATOGRAPHY,The Piano,False
1994,CINEMATOGRAPHY,Schindler's List,True
1994,CINEMATOGRAPHY,Searching for Bobby Fischer,False
1994,COSTUME DESIGN,The Age of Innocence,True
1994,COSTUME DESIGN,Orlando,False
1994,COSTUME DESIGN,The Piano,False
1994,COSTUME DESIGN,The Remains of the Day,False
1994,COSTUME DESIGN,Schindler's List,False
1994,DIRECTING,In the Name of the Father,False
1994,DIRECTING,The Piano,False
1994,DIRECTING,The Remains of the Day,False
1994,DIRECTING,Schindler's List,True
1994,DIRECTING,Short Cuts,False
1994,DOCUMENTARY (Feature),The Broadcast Tapes of Dr. Peter,False
1994,DOCUMENTARY (Feature),Children of Fate,False
1994,DOCUMENTARY (Feature),For Better or for Worse,False
1994,DOCUMENTARY (Feature),I Am a Promise: The Children of Stanton Elementary School,True
1994,DOCUMENTARY (Feature),The War Room,False
1994,DOCUMENTARY (Short Subject),Blood Ties: The Life and Work of Sally Mann,False
1994,DOCUMENTARY (Short Subject),Chicks in White Satin,False
1994,DOCUMENTARY (Short Subject),Defending Our Lives,True
1994,FILM EDITING,The Fugitive,False
1994,FILM EDITING,In the Line of Fire,False
1994,FILM EDITING,In the Name of the Father,False
1994,FILM EDITING,The Piano,False
1994,FILM EDITING,Schindler's List,True
1994,FOREIGN LANGUAGE FILM,Belle Epoque,True
1994,FOREIGN LANGUAGE FILM,Farewell My Concubine,False
1994,FOREIGN LANGUAGE FILM,Hedd Wyn,False
1994,FOREIGN LANGUAGE FILM,The Scent of Green Papaya,False
1994,FOREIGN LANGUAGE FILM,The Wedding Banquet,False
1994,MAKEUP,Mrs. Doubtfire,True
1994,MAKEUP,Philadelphia,False
1994,MAKEUP,Schindler's List,False
1994,MUSIC (Original Score),The Age of Innocence,False
1994,MUSIC (Original Score),The Firm,False
1994,MUSIC (Original Score),The Fugitive,False
1994,MUSIC (Original Score),The Remains of the Day,False
1994,MUSIC (Original Score),Schindler's List,True
1994,MUSIC (Original Song),Poetic Justice,False
1994,MUSIC (Original Song),Beethoven's 2nd,False
1994,MUSIC (Original Song),Philadelphia,False
1994,MUSIC (Original Song),Philadelphia,True
1994,MUSIC (Original Song),Sleepless in Seattle,False
1994,BEST PICTURE,The Fugitive,False
1994,BEST PICTURE,In the Name of the Father,False
1994,BEST PICTURE,The Piano,False
1994,BEST PICTURE,The Remains of the Day,False
1994,BEST PICTURE,Schindler's List,True
1994,SHORT FILM (Animated),Blindscape,False
1994,SHORT FILM (Animated),The Mighty River,False
1994,SHORT FILM (Animated),Small Talk,False
1994,SHORT FILM (Animated),The Village,False
1994,SHORT FILM (Animated),The Wrong Trousers,True
1994,SHORT FILM (Live Action),Black Rider (Schwarzfahrer),True
1994,SHORT FILM (Live Action),Down on the Waterfront,False
1994,SHORT FILM (Live Action),The Dutch Master,False
1994,SHORT FILM (Live Action),Partners,False
1994,SHORT FILM (Live Action),The Screw (La Vis),False
1994,SOUND,Cliffhanger,False
1994,SOUND,The Fugitive,False
1994,SOUND,Geronimo: An American Legend,False
1994,SOUND,Jurassic Park,True
1994,SOUND,Schindler's List,False
1994,SOUND EFFECTS EDITING,Cliffhanger,False
1994,SOUND EFFECTS EDITING,The Fugitive,False
1994,SOUND EFFECTS EDITING,Jurassic Park,True
1994,VISUAL EFFECTS,Cliffhanger,False
1994,VISUAL EFFECTS,Jurassic Park,True
1994,VISUAL EFFECTS,The Nightmare before Christmas,False
1994,WRITING (Screenplay Based on Material Previously Produced or Published),The Age of Innocence,False
1994,WRITING (Screenplay Based on Material Previously Produced or Published),In the Name of the Father,False
1994,WRITING (Screenplay Based on Material Previously Produced or Published),The Remains of the Day,False
1994,WRITING (Screenplay Based on Material Previously Produced or Published),Schindler's List,True
1994,WRITING (Screenplay Based on Material Previously Produced or Published),Shadowlands,False
1994,WRITING (Screenplay Written Directly for the Screen),Dave,False
1994,WRITING (Screenplay Written Directly for the Screen),In the Line of Fire,False
1994,WRITING (Screenplay Written Directly for the Screen),Philadelphia,False
1994,WRITING (Screenplay Written Directly for the Screen),The Piano,True
1994,WRITING (Screenplay Written Directly for the Screen),Sleepless in Seattle,False
1994,JEAN HERSHOLT HUMANITARIAN AWARD,,True
1994,HONORARY AWARD,,True
1994,GORDON E. SAWYER AWARD,,True
1995,ACTOR IN A LEADING ROLE,The Shawshank Redemption,False
1995,ACTOR IN A LEADING ROLE,Forrest Gump,True
1995,ACTOR IN A LEADING ROLE,The Madness of King George,False
1995,ACTOR IN A LEADING ROLE,Nobody's Fool,False
1995,ACTOR IN A LEADING ROLE,Pulp Fiction,False
1995,ACTOR IN A SUPPORTING ROLE,Pulp Fiction,False
1995,ACTOR IN A SUPPORTING ROLE,Ed Wood,True
1995,ACTOR IN A SUPPORTING ROLE,Bullets over Broadway,False
1995,ACTOR IN A SUPPORTING ROLE,Quiz Show,False
1995,ACTOR IN A SUPPORTING ROLE,Forrest Gump,False
1995,ACTRESS IN A LEADING ROLE,Nell,False
1995,ACTRESS IN A LEADING ROLE,Blue Sky,True
1995,ACTRESS IN A LEADING ROLE,Tom & Viv,False
1995,ACTRESS IN A LEADING ROLE,Little Women,False
1995,ACTRESS IN A LEADING ROLE,The Client,False
1995,ACTRESS IN A SUPPORTING ROLE,Tom & Viv,False
1995,ACTRESS IN A SUPPORTING ROLE,The Madness of King George,False
1995,ACTRESS IN A SUPPORTING ROLE,Pulp Fiction,False
1995,ACTRESS IN A SUPPORTING ROLE,Bullets over Broadway,False
1995,ACTRESS IN A SUPPORTING ROLE,Bullets over Broadway,True
1995,ART DIRECTION,Bullets over Broadway,False
1995,ART DIRECTION,Forrest Gump,False
1995,ART DIRECTION,Interview with the Vampire,False
1995,ART DIRECTION,Legends of the Fall,False
1995,ART DIRECTION,The Madness of King George,True
1995,CINEMATOGRAPHY,Forrest Gump,False
1995,CINEMATOGRAPHY,Legends of the Fall,True
1995,CINEMATOGRAPHY,Red,False
1995,CINEMATOGRAPHY,The Shawshank Redemption,False
1995,CINEMATOGRAPHY,Wyatt Earp,False
1995,COSTUME DESIGN,"The Adventures of Priscilla, Queen of the Desert",True
1995,COSTUME DESIGN,Bullets over Broadway,False
1995,COSTUME DESIGN,Little Women,False
1995,COSTUME DESIGN,Maverick,False
1995,COSTUME DESIGN,Queen Margot,False
1995,DIRECTING,Bullets over Broadway,False
1995,DIRECTING,Forrest Gump,True
1995,DIRECTING,Pulp Fiction,False
1995,DIRECTING,Quiz Show,False
1995,DIRECTING,Red,False
1995,DOCUMENTARY (Feature),Complaints of a Dutiful Daughter,False
1995,DOCUMENTARY (Feature),D-Day Remembered,False
1995,DOCUMENTARY (Feature),Freedom on My Mind,False
1995,DOCUMENTARY (Feature),A Great Day in Harlem,False
1995,DOCUMENTARY (Feature),Maya Lin: A Strong Clear Vision,True
1995,DOCUMENTARY (Short Subject),Blues Highway,False
1995,DOCUMENTARY (Short Subject),89mm od Europy (89mm from Europe),False
1995,DOCUMENTARY (Short Subject),School of Assassins,False
1995,DOCUMENTARY (Short Subject),Straight from the Heart,False
1995,DOCUMENTARY (Short Subject),A Time for Justice,True
1995,FILM EDITING,Forrest Gump,True
1995,FILM EDITING,Hoop Dreams,False
1995,FILM EDITING,Pulp Fiction,False
1995,FILM EDITING,The Shawshank Redemption,False
1995,FILM EDITING,Speed,False
1995,FOREIGN LANGUAGE FILM,Before the Rain,False
1995,FOREIGN LANGUAGE FILM,Burnt by the Sun,True
1995,FOREIGN LANGUAGE FILM,Eat Drink Man Woman,False
1995,FOREIGN LANGUAGE FILM,Farinelli: Il Castrato,False
1995,FOREIGN LANGUAGE FILM,Strawberry and Chocolate,False
1995,MAKEUP,Ed Wood,True
1995,MAKEUP,Forrest Gump,False
1995,MAKEUP,Mary Shelley's Frankenstein,False
1995,MUSIC (Original Score),Forrest Gump,False
1995,MUSIC (Original Score),Interview with the Vampire,False
1995,MUSIC (Original Score),The Lion King,True
1995,MUSIC (Original Score),Little Women,False
1995,MUSIC (Original Score),The Shawshank Redemption,False
1995,MUSIC (Original Song),The Lion King,True
1995,MUSIC (Original Song),The Lion King,False
1995,MUSIC (Original Song),The Lion King,False
1995,MUSIC (Original Song),Junior,False
1995,MUSIC (Original Song),The Paper,False
1995,BEST PICTURE,Forrest Gump,True
1995,BEST PICTURE,Four Weddings and a Funeral,False
1995,BEST PICTURE,Pulp Fiction,False
1995,BEST PICTURE,Quiz Show,False
1995,BEST PICTURE,The Shawshank Redemption,False
1995,SHORT FILM (Animated),The Big Story,False
1995,SHORT FILM (Animated),Bob's Birthday,True
1995,SHORT FILM (Animated),The Janitor,False
1995,SHORT FILM (Animated),The Monk and the Fish,False
1995,SHORT FILM (Animated),Triangle,False
1995,SHORT FILM (Live Action),Franz Kafka's It's a Wonderful Life,True
1995,SHORT FILM (Live Action),Kangaroo Court,False
1995,SHORT FILM (Live Action),On Hope,False
1995,SHORT FILM (Live Action),Syrup,False
1995,SHORT FILM (Live Action),Trevor,True
1995,SOUND,Clear and Present Danger,False
1995,SOUND,Forrest Gump,False
1995,SOUND,Legends of the Fall,False
1995,SOUND,The Shawshank Redemption,False
1995,SOUND,Speed,True
1995,SOUND EFFECTS EDITING,Clear and Present Danger,False
1995,SOUND EFFECTS EDITING,Forrest Gump,False
1995,SOUND EFFECTS EDITING,Speed,True
1995,VISUAL EFFECTS,Forrest Gump,True
1995,VISUAL EFFECTS,The Mask,False
1995,VISUAL EFFECTS,True Lies,False
1995,WRITING (Screenplay Based on Material Previously Produced or Published),Forrest Gump,True
1995,WRITING (Screenplay Based on Material Previously Produced or Published),The Madness of King George,False
1995,WRITING (Screenplay Based on Material Previously Produced or Published),Nobody's Fool,False
1995,WRITING (Screenplay Based on Material Previously Produced or Published),Quiz Show,False
1995,WRITING (Screenplay Based on Material Previously Produced or Published),The Shawshank Redemption,False
1995,WRITING (Screenplay Written Directly for the Screen),Bullets over Broadway,False
1995,WRITING (Screenplay Written Directly for the Screen),Four Weddings and a Funeral,False
1995,WRITING (Screenplay Written Directly for the Screen),Heavenly Creatures,False
1995,WRITING (Screenplay Written Directly for the Screen),Pulp Fiction,True
1995,WRITING (Screenplay Written Directly for the Screen),Red,False
1995,JEAN HERSHOLT HUMANITARIAN AWARD,,True
1995,HONORARY AWARD,,True
1995,IRVING G. THALBERG MEMORIAL AWARD,,True
1995,MEDAL OF COMMENDATION,,True
1996,ACTOR IN A LEADING ROLE,Leaving Las Vegas,True
1996,ACTOR IN A LEADING ROLE,Mr. Holland's Opus,False
1996,ACTOR IN A LEADING ROLE,Nixon,False
1996,ACTOR IN A LEADING ROLE,Dead Man Walking,False
1996,ACTOR IN A LEADING ROLE,The Postman (Il Postino),False
1996,ACTOR IN A SUPPORTING ROLE,Babe,False
1996,ACTOR IN A SUPPORTING ROLE,Apollo 13,False
1996,ACTOR IN A SUPPORTING ROLE,12 Monkeys,False
1996,ACTOR IN A SUPPORTING ROLE,Rob Roy,False
1996,ACTOR IN A SUPPORTING ROLE,The Usual Suspects,True
1996,ACTRESS IN A LEADING ROLE,Dead Man Walking,True
1996,ACTRESS IN A LEADING ROLE,Leaving Las Vegas,False
1996,ACTRESS IN A LEADING ROLE,Casino,False
1996,ACTRESS IN A LEADING ROLE,The Bridges of Madison County,False
1996,ACTRESS IN A LEADING ROLE,Sense and Sensibility,False
1996,ACTRESS IN A SUPPORTING ROLE,Nixon,False
1996,ACTRESS IN A SUPPORTING ROLE,Apollo 13,False
1996,ACTRESS IN A SUPPORTING ROLE,Mighty Aphrodite,True
1996,ACTRESS IN A SUPPORTING ROLE,Georgia,False
1996,ACTRESS IN A SUPPORTING ROLE,Sense and Sensibility,False
1996,ART DIRECTION,Apollo 13,False
1996,ART DIRECTION,Babe,False
1996,ART DIRECTION,A Little Princess,False
1996,ART DIRECTION,Restoration,True
1996,ART DIRECTION,Richard III,False
1996,CINEMATOGRAPHY,Batman Forever,False
1996,CINEMATOGRAPHY,Braveheart,True
1996,CINEMATOGRAPHY,A Little Princess,False
1996,CINEMATOGRAPHY,Sense and Sensibility,False
1996,CINEMATOGRAPHY,Shanghai Triad,False
1996,COSTUME DESIGN,Braveheart,False
1996,COSTUME DESIGN,Restoration,True
1996,COSTUME DESIGN,Richard III,False
1996,COSTUME DESIGN,Sense and Sensibility,False
1996,COSTUME DESIGN,12 Monkeys,False
1996,DIRECTING,Babe,False
1996,DIRECTING,Braveheart,True
1996,DIRECTING,Dead Man Walking,False
1996,DIRECTING,Leaving Las Vegas,False
1996,DIRECTING,The Postman (Il Postino),False
1996,DOCUMENTARY (Feature),Anne Frank Remembered,True
1996,DOCUMENTARY (Feature),The Battle over Citizen Kane,False
1996,DOCUMENTARY (Feature),Fiddlefest--Roberta Tzavaras and Her East Harlem Violin Program,False
1996,DOCUMENTARY (Feature),Hank Aaron: Chasing the Dream,False
1996,DOCUMENTARY (Feature),Troublesome Creek: A Midwestern,False
1996,DOCUMENTARY (Short Subject),Jim Dine: A Self-Portrait on the Walls,False
1996,DOCUMENTARY (Short Subject),The Living Sea,False
1996,DOCUMENTARY (Short Subject),Never Give Up: The 20th Century Odyssey of Herbert Zipper,False
1996,DOCUMENTARY (Short Subject),One Survivor Remembers,True
1996,DOCUMENTARY (Short Subject),The Shadow of Hate,False
1996,FILM EDITING,Apollo 13,True
1996,FILM EDITING,Babe,False
1996,FILM EDITING,Braveheart,False
1996,FILM EDITING,Crimson Tide,False
1996,FILM EDITING,Seven,False
1996,FOREIGN LANGUAGE FILM,All Things Fair,False
1996,FOREIGN LANGUAGE FILM,Antonia's Line,True
1996,FOREIGN LANGUAGE FILM,Dust of Life,False
1996,FOREIGN LANGUAGE FILM,O Quatrilho,False
1996,FOREIGN LANGUAGE FILM,The Star Maker,False
1996,MAKEUP,Braveheart,True
1996,MAKEUP,"My Family, Mi Familia",False
1996,MAKEUP,Roommates,False
1996,MUSIC (Original Dramatic Score),Apollo 13,False
1996,MUSIC (Original Dramatic Score),Braveheart,False
1996,MUSIC (Original Dramatic Score),Nixon,False
1996,MUSIC (Original Dramatic Score),The Postman (Il Postino),True
1996,MUSIC (Original Dramatic Score),Sense and Sensibility,False
1996,MUSIC (Original Musical or Comedy Score),The American President,False
1996,MUSIC (Original Musical or Comedy Score),Pocahontas,True
1996,MUSIC (Original Musical or Comedy Score),Sabrina,False
1996,MUSIC (Original Musical or Comedy Score),Toy Story,False
1996,MUSIC (Original Musical or Comedy Score),Unstrung Heroes,False
1996,MUSIC (Original Song),Pocahontas,True
1996,MUSIC (Original Song),Dead Man Walking,False
1996,MUSIC (Original Song),Don Juan DeMarco,False
1996,MUSIC (Original Song),Sabrina,False
1996,MUSIC (Original Song),Toy Story,False
1996,BEST PICTURE,Apollo 13,False
1996,BEST PICTURE,Babe,False
1996,BEST PICTURE,Braveheart,True
1996,BEST PICTURE,The Postman (Il Postino),False
1996,BEST PICTURE,Sense and Sensibility,False
1996,SHORT FILM (Animated),The Chicken from Outer Space,False
1996,SHORT FILM (Animated),A Close Shave,True
1996,SHORT FILM (Animated),the end,False
1996,SHORT FILM (Animated),Gagarin,False
1996,SHORT FILM (Animated),Runaway Brain,False
1996,SHORT FILM (Live Action),Brooms,False
1996,SHORT FILM (Live Action),Duke of Groove,False
1996,SHORT FILM (Live Action),Lieberman in Love,True
1996,SHORT FILM (Live Action),Little Surprises,False
1996,SHORT FILM (Live Action),Tuesday Morning Ride,False
1996,SOUND,Apollo 13,True
1996,SOUND,Batman Forever,False
1996,SOUND,Braveheart,False
1996,SOUND,Crimson Tide,False
1996,SOUND,Waterworld,False
1996,SOUND EFFECTS EDITING,Batman Forever,False
1996,SOUND EFFECTS EDITING,Braveheart,True
1996,SOUND EFFECTS EDITING,Crimson Tide,False
1996,VISUAL EFFECTS,Apollo 13,False
1996,VISUAL EFFECTS,Babe,True
1996,WRITING (Screenplay Based on Material Previously Produced or Published),Apollo 13,False
1996,WRITING (Screenplay Based on Material Previously Produced or Published),Babe,False
1996,WRITING (Screenplay Based on Material Previously Produced or Published),Leaving Las Vegas,False
1996,WRITING (Screenplay Based on Material Previously Produced or Published),The Postman (Il Postino),False
1996,WRITING (Screenplay Based on Material Previously Produced or Published),Sense and Sensibility,True
1996,WRITING (Screenplay Written Directly for the Screen),Braveheart,False
1996,WRITING (Screenplay Written Directly for the Screen),Mighty Aphrodite,False
1996,WRITING (Screenplay Written Directly for the Screen),Nixon,False
1996,WRITING (Screenplay Written Directly for the Screen),Toy Story,False
1996,WRITING (Screenplay Written Directly for the Screen),The Usual Suspects,True
1996,SPECIAL ACHIEVEMENT AWARD,Toy Story,True
1996,HONORARY AWARD,,True
1996,HONORARY AWARD,,True
1996,GORDON E. SAWYER AWARD,,True
1997,ACTOR IN A LEADING ROLE,Jerry Maguire,False
1997,ACTOR IN A LEADING ROLE,The English Patient,False
1997,ACTOR IN A LEADING ROLE,The People vs. Larry Flynt,False
1997,ACTOR IN A LEADING ROLE,Shine,True
1997,ACTOR IN A LEADING ROLE,Sling Blade,False
1997,ACTOR IN A SUPPORTING ROLE,Jerry Maguire,True
1997,ACTOR IN A SUPPORTING ROLE,Fargo,False
1997,ACTOR IN A SUPPORTING ROLE,Shine,False
1997,ACTOR IN A SUPPORTING ROLE,Primal Fear,False
1997,ACTOR IN A SUPPORTING ROLE,Ghosts of Mississippi,False
1997,ACTRESS IN A LEADING ROLE,Secrets & Lies,False
1997,ACTRESS IN A LEADING ROLE,Marvin's Room,False
1997,ACTRESS IN A LEADING ROLE,Fargo,True
1997,ACTRESS IN A LEADING ROLE,The English Patient,False
1997,ACTRESS IN A LEADING ROLE,Breaking the Waves,False
1997,ACTRESS IN A SUPPORTING ROLE,The Crucible,False
1997,ACTRESS IN A SUPPORTING ROLE,The Mirror Has Two Faces,False
1997,ACTRESS IN A SUPPORTING ROLE,The English Patient,True
1997,ACTRESS IN A SUPPORTING ROLE,The Portrait of a Lady,False
1997,ACTRESS IN A SUPPORTING ROLE,Secrets & Lies,False
1997,ART DIRECTION,The Birdcage,False
1997,ART DIRECTION,The English Patient,True
1997,ART DIRECTION,Evita,False
1997,ART DIRECTION,Hamlet,False
1997,ART DIRECTION,William Shakespeare's Romeo & Juliet,False
1997,CINEMATOGRAPHY,The English Patient,True
1997,CINEMATOGRAPHY,Evita,False
1997,CINEMATOGRAPHY,Fargo,False
1997,CINEMATOGRAPHY,Fly Away Home,False
1997,CINEMATOGRAPHY,Michael Collins,False
1997,COSTUME DESIGN,Angels and Insects,False
1997,COSTUME DESIGN,Emma,False
1997,COSTUME DESIGN,The English Patient,True
1997,COSTUME DESIGN,Hamlet,False
1997,COSTUME DESIGN,The Portrait of a Lady,False
1997,DIRECTING,The English Patient,True
1997,DIRECTING,Fargo,False
1997,DIRECTING,The People vs. Larry Flynt,False
1997,DIRECTING,Secrets & Lies,False
1997,DIRECTING,Shine,False
1997,DOCUMENTARY (Feature),The Line King: The Al Hirschfeld Story,False
1997,DOCUMENTARY (Feature),Mandela,False
1997,DOCUMENTARY (Feature),Suzanne Farrell: Elusive Muse,False
1997,DOCUMENTARY (Feature),Tell the Truth and Run: George Seldes and the American Press,False
1997,DOCUMENTARY (Feature),When We Were Kings,True
1997,DOCUMENTARY (Short Subject),Breathing Lessons: The Life and Work of Mark O'Brien,True
1997,DOCUMENTARY (Short Subject),Cosmic Voyage,False
1997,DOCUMENTARY (Short Subject),An Essay on Matisse,False
1997,DOCUMENTARY (Short Subject),Special Effects,False
1997,DOCUMENTARY (Short Subject),The Wild Bunch: An Album in Montage,False
1997,FILM EDITING,The English Patient,True
1997,FILM EDITING,Evita,False
1997,FILM EDITING,Fargo,False
1997,FILM EDITING,Jerry Maguire,False
1997,FILM EDITING,Shine,False
1997,FOREIGN LANGUAGE FILM,A Chef in Love,False
1997,FOREIGN LANGUAGE FILM,Kolya,True
1997,FOREIGN LANGUAGE FILM,The Other Side of Sunday,False
1997,FOREIGN LANGUAGE FILM,Prisoner of the Mountains,False
1997,FOREIGN LANGUAGE FILM,Ridicule,False
1997,MAKEUP,Ghosts of Mississippi,False
1997,MAKEUP,The Nutty Professor,True
1997,MAKEUP,Star Trek: First Contact,False
1997,MUSIC (Original Dramatic Score),The English Patient,True
1997,MUSIC (Original Dramatic Score),Hamlet,False
1997,MUSIC (Original Dramatic Score),Michael Collins,False
1997,MUSIC (Original Dramatic Score),Shine,False
1997,MUSIC (Original Dramatic Score),Sleepers,False
1997,MUSIC (Original Musical or Comedy Score),Emma,True
1997,MUSIC (Original Musical or Comedy Score),The First Wives Club,False
1997,MUSIC (Original Musical or Comedy Score),The Hunchback of Notre Dame,False
1997,MUSIC (Original Musical or Comedy Score),James and the Giant Peach,False
1997,MUSIC (Original Musical or Comedy Score),The Preacher's Wife,False
1997,MUSIC (Original Song),Up Close and Personal,False
1997,MUSIC (Original Song),One Fine Day,False
1997,MUSIC (Original Song),The Mirror Has Two Faces,False
1997,MUSIC (Original Song),That Thing You Do!,False
1997,MUSIC (Original Song),Evita,True
1997,BEST PICTURE,The English Patient,True
1997,BEST PICTURE,Fargo,False
1997,BEST PICTURE,Jerry Maguire,False
1997,BEST PICTURE,Secrets & Lies,False
1997,BEST PICTURE,Shine,False
1997,SHORT FILM (Animated),Canhead,False
1997,SHORT FILM (Animated),La Salla,False
1997,SHORT FILM (Animated),Quest,True
1997,SHORT FILM (Animated),Wat's Pig,False
1997,SHORT FILM (Live Action),"De Tripas, Corazon",False
1997,SHORT FILM (Live Action),Dear Diary,True
1997,SHORT FILM (Live Action),Ernst & Lyset,False
1997,SHORT FILM (Live Action),Esposados,False
1997,SHORT FILM (Live Action),Wordless,False
1997,SOUND,The English Patient,True
1997,SOUND,Evita,False
1997,SOUND,Independence Day,False
1997,SOUND,The Rock,False
1997,SOUND,Twister,False
1997,SOUND EFFECTS EDITING,Daylight,False
1997,SOUND EFFECTS EDITING,Eraser,False
1997,SOUND EFFECTS EDITING,The Ghost and the Darkness,True
1997,VISUAL EFFECTS,Dragonheart,False
1997,VISUAL EFFECTS,Independence Day,True
1997,VISUAL EFFECTS,Twister,False
1997,WRITING (Screenplay Based on Material Previously Produced or Published),The Crucible,False
1997,WRITING (Screenplay Based on Material Previously Produced or Published),The English Patient,False
1997,WRITING (Screenplay Based on Material Previously Produced or Published),Hamlet,False
1997,WRITING (Screenplay Based on Material Previously Produced or Published),Sling Blade,True
1997,WRITING (Screenplay Based on Material Previously Produced or Published),Trainspotting,False
1997,WRITING (Screenplay Written Directly for the Screen),Fargo,True
1997,WRITING (Screenplay Written Directly for the Screen),Jerry Maguire,False
1997,WRITING (Screenplay Written Directly for the Screen),Lone Star,False
1997,WRITING (Screenplay Written Directly for the Screen),Secrets & Lies,False
1997,WRITING (Screenplay Written Directly for the Screen),Shine,False
1997,HONORARY AWARD,,True
1997,IRVING G. THALBERG MEMORIAL AWARD,,True
1997,AWARD OF COMMENDATION,,True
1997,JOHN A. BONNER MEDAL OF COMMENDATION,,True
1997,JOHN A. BONNER MEDAL OF COMMENDATION,,True
1998,ACTOR IN A LEADING ROLE,Good Will Hunting,False
1998,ACTOR IN A LEADING ROLE,The Apostle,False
1998,ACTOR IN A LEADING ROLE,Ulee's Gold,False
1998,ACTOR IN A LEADING ROLE,Wag the Dog,False
1998,ACTOR IN A LEADING ROLE,As Good as It Gets,True
1998,ACTOR IN A SUPPORTING ROLE,Jackie Brown,False
1998,ACTOR IN A SUPPORTING ROLE,Amistad,False
1998,ACTOR IN A SUPPORTING ROLE,As Good as It Gets,False
1998,ACTOR IN A SUPPORTING ROLE,Boogie Nights,False
1998,ACTOR IN A SUPPORTING ROLE,Good Will Hunting,True
1998,ACTRESS IN A LEADING ROLE,The Wings of the Dove,False
1998,ACTRESS IN A LEADING ROLE,Afterglow,False
1998,ACTRESS IN A LEADING ROLE,Mrs. Brown,False
1998,ACTRESS IN A LEADING ROLE,As Good as It Gets,True
1998,ACTRESS IN A LEADING ROLE,Titanic,False
1998,ACTRESS IN A SUPPORTING ROLE,L.A. Confidential,True
1998,ACTRESS IN A SUPPORTING ROLE,In & Out,False
1998,ACTRESS IN A SUPPORTING ROLE,Good Will Hunting,False
1998,ACTRESS IN A SUPPORTING ROLE,Boogie Nights,False
1998,ACTRESS IN A SUPPORTING ROLE,Titanic,False
1998,ART DIRECTION,Gattaca,False
1998,ART DIRECTION,Kundun,False
1998,ART DIRECTION,L.A. Confidential,False
1998,ART DIRECTION,Men in Black,False
1998,ART DIRECTION,Titanic,True
1998,CINEMATOGRAPHY,Amistad,False
1998,CINEMATOGRAPHY,Kundun,False
1998,CINEMATOGRAPHY,L.A. Confidential,False
1998,CINEMATOGRAPHY,Titanic,True
1998,CINEMATOGRAPHY,The Wings of the Dove,False
1998,COSTUME DESIGN,Amistad,False
1998,COSTUME DESIGN,Kundun,False
1998,COSTUME DESIGN,Oscar and Lucinda,False
1998,COSTUME DESIGN,Titanic,True
1998,COSTUME DESIGN,The Wings of the Dove,False
1998,DIRECTING,The Full Monty,False
1998,DIRECTING,Good Will Hunting,False
1998,DIRECTING,L.A. Confidential,False
1998,DIRECTING,The Sweet Hereafter,False
1998,DIRECTING,Titanic,True
1998,DOCUMENTARY (Feature),Ayn Rand: A Sense of Life,False
1998,DOCUMENTARY (Feature),Colors Straight Up,False
1998,DOCUMENTARY (Feature),4 Little Girls,False
1998,DOCUMENTARY (Feature),The Long Way Home,True
1998,DOCUMENTARY (Feature),Waco: The Rules of Engagement,False
1998,DOCUMENTARY (Short Subject),Alaska: Spirit of the Wild,False
1998,DOCUMENTARY (Short Subject),Amazon,False
1998,DOCUMENTARY (Short Subject),Daughter of the Bride,False
1998,DOCUMENTARY (Short Subject),Still Kicking: The Fabulous Palm Springs Follies,False
1998,DOCUMENTARY (Short Subject),A Story of Healing,True
1998,FILM EDITING,Air Force One,False
1998,FILM EDITING,As Good as It Gets,False
1998,FILM EDITING,Good Will Hunting,False
1998,FILM EDITING,L.A. Confidential,False
1998,FILM EDITING,Titanic,True
1998,FOREIGN LANGUAGE FILM,Beyond Silence,False
1998,FOREIGN LANGUAGE FILM,Character,True
1998,FOREIGN LANGUAGE FILM,Four Days in September,False
1998,FOREIGN LANGUAGE FILM,Secrets of the Heart,False
1998,FOREIGN LANGUAGE FILM,The Thief,False
1998,MAKEUP,Men in Black,True
1998,MAKEUP,Mrs. Brown,False
1998,MAKEUP,Titanic,False
1998,MUSIC (Original Dramatic Score),Amistad,False
1998,MUSIC (Original Dramatic Score),Good Will Hunting,False
1998,MUSIC (Original Dramatic Score),Kundun,False
1998,MUSIC (Original Dramatic Score),L.A. Confidential,False
1998,MUSIC (Original Dramatic Score),Titanic,True
1998,MUSIC (Original Musical or Comedy Score),Anastasia,False
1998,MUSIC (Original Musical or Comedy Score),As Good as It Gets,False
1998,MUSIC (Original Musical or Comedy Score),The Full Monty,True
1998,MUSIC (Original Musical or Comedy Score),Men in Black,False
1998,MUSIC (Original Musical or Comedy Score),My Best Friend's Wedding,False
1998,MUSIC (Original Song),Hercules,False
1998,MUSIC (Original Song),Con Air,False
1998,MUSIC (Original Song),Anastasia,False
1998,MUSIC (Original Song),Good Will Hunting,False
1998,MUSIC (Original Song),Titanic,True
1998,BEST PICTURE,As Good as It Gets,False
1998,BEST PICTURE,The Full Monty,False
1998,BEST PICTURE,Good Will Hunting,False
1998,BEST PICTURE,L.A. Confidential,False
1998,BEST PICTURE,Titanic,True
1998,SHORT FILM (Animated),Famous Fred,False
1998,SHORT FILM (Animated),Geri's Game,True
1998,SHORT FILM (Animated),La Vieille Dame et les Pigeons (The Old Lady and the Pigeons),False
1998,SHORT FILM (Animated),The Mermaid,False
1998,SHORT FILM (Animated),Redux Riding Hood,False
1998,SHORT FILM (Live Action),Dance Lexie Dance,False
1998,SHORT FILM (Live Action),It's Good to Talk,False
1998,SHORT FILM (Live Action),Sweethearts?,False
1998,SHORT FILM (Live Action),Visas and Virtue,True
1998,SHORT FILM (Live Action),Wolfgang,False
1998,SOUND,Air Force One,False
1998,SOUND,Con Air,False
1998,SOUND,Contact,False
1998,SOUND,L.A. Confidential,False
1998,SOUND,Titanic,True
1998,SOUND EFFECTS EDITING,Face/Off,False
1998,SOUND EFFECTS EDITING,The Fifth Element,False
1998,SOUND EFFECTS EDITING,Titanic,True
1998,VISUAL EFFECTS,The Lost World: Jurassic Park,False
1998,VISUAL EFFECTS,Starship Troopers,False
1998,VISUAL EFFECTS,Titanic,True
1998,WRITING (Screenplay Based on Material Previously Produced or Published),Donnie Brasco,False
1998,WRITING (Screenplay Based on Material Previously Produced or Published),L.A. Confidential,True
1998,WRITING (Screenplay Based on Material Previously Produced or Published),The Sweet Hereafter,False
1998,WRITING (Screenplay Based on Material Previously Produced or Published),Wag the Dog,False
1998,WRITING (Screenplay Based on Material Previously Produced or Published),The Wings of the Dove,False
1998,WRITING (Screenplay Written Directly for the Screen),As Good as It Gets,False
1998,WRITING (Screenplay Written Directly for the Screen),Boogie Nights,False
1998,WRITING (Screenplay Written Directly for the Screen),Deconstructing Harry,False
1998,WRITING (Screenplay Written Directly for the Screen),The Full Monty,False
1998,WRITING (Screenplay Written Directly for the Screen),Good Will Hunting,True
1998,HONORARY AWARD,,True
1998,GORDON E. SAWYER AWARD,,True
1998,JOHN A. BONNER MEDAL OF COMMENDATION,,True
1999,ACTOR IN A LEADING ROLE,Life Is Beautiful,True
1999,ACTOR IN A LEADING ROLE,Saving Private Ryan,False
1999,ACTOR IN A LEADING ROLE,Gods and Monsters,False
1999,ACTOR IN A LEADING ROLE,Affliction,False
1999,ACTOR IN A LEADING ROLE,American History X,False
1999,ACTOR IN A SUPPORTING ROLE,Affliction,True
1999,ACTOR IN A SUPPORTING ROLE,A Civil Action,False
1999,ACTOR IN A SUPPORTING ROLE,The Truman Show,False
1999,ACTOR IN A SUPPORTING ROLE,Shakespeare in Love,False
1999,ACTOR IN A SUPPORTING ROLE,A Simple Plan,False
1999,ACTRESS IN A LEADING ROLE,Elizabeth,False
1999,ACTRESS IN A LEADING ROLE,Central Station,False
1999,ACTRESS IN A LEADING ROLE,Shakespeare in Love,True
1999,ACTRESS IN A LEADING ROLE,One True Thing,False
1999,ACTRESS IN A LEADING ROLE,Hilary and Jackie,False
1999,ACTRESS IN A SUPPORTING ROLE,Primary Colors,False
1999,ACTRESS IN A SUPPORTING ROLE,Little Voice,False
1999,ACTRESS IN A SUPPORTING ROLE,Shakespeare in Love,True
1999,ACTRESS IN A SUPPORTING ROLE,Hilary and Jackie,False
1999,ACTRESS IN A SUPPORTING ROLE,Gods and Monsters,False
1999,ART DIRECTION,Elizabeth,False
1999,ART DIRECTION,Pleasantville,False
1999,ART DIRECTION,Saving Private Ryan,False
1999,ART DIRECTION,Shakespeare in Love,True
1999,ART DIRECTION,What Dreams May Come,False
1999,CINEMATOGRAPHY,A Civil Action,False
1999,CINEMATOGRAPHY,Elizabeth,False
1999,CINEMATOGRAPHY,Saving Private Ryan,True
1999,CINEMATOGRAPHY,Shakespeare in Love,False
1999,CINEMATOGRAPHY,The Thin Red Line,False
1999,COSTUME DESIGN,Beloved,False
1999,COSTUME DESIGN,Elizabeth,False
1999,COSTUME DESIGN,Pleasantville,False
1999,COSTUME DESIGN,Shakespeare in Love,True
1999,COSTUME DESIGN,Velvet Goldmine,False
1999,DIRECTING,Life Is Beautiful,False
1999,DIRECTING,Saving Private Ryan,True
1999,DIRECTING,Shakespeare in Love,False
1999,DIRECTING,The Thin Red Line,False
1999,DIRECTING,The Truman Show,False
1999,DOCUMENTARY (Feature),Dancemaker,False
1999,DOCUMENTARY (Feature),"The Farm: Angola, U.S.A.",False
1999,DOCUMENTARY (Feature),The Last Days,True
1999,DOCUMENTARY (Feature),Lenny Bruce: Swear to Tell the Truth,False
1999,DOCUMENTARY (Feature),Regret to Inform,False
1999,DOCUMENTARY (Short Subject),The Personals: Improvisations on Romance in the Golden Years,True
1999,DOCUMENTARY (Short Subject),A Place in the Land,False
1999,DOCUMENTARY (Short Subject),Sunrise over Tiananmen Square,False
1999,FILM EDITING,Life Is Beautiful,False
1999,FILM EDITING,Out of Sight,False
1999,FILM EDITING,Saving Private Ryan,True
1999,FILM EDITING,Shakespeare in Love,False
1999,FILM EDITING,The Thin Red Line,False
1999,FOREIGN LANGUAGE FILM,Central Station,False
1999,FOREIGN LANGUAGE FILM,Children of Heaven,False
1999,FOREIGN LANGUAGE FILM,The Grandfather,False
1999,FOREIGN LANGUAGE FILM,Life Is Beautiful,True
1999,FOREIGN LANGUAGE FILM,Tango,False
1999,MAKEUP,Elizabeth,True
1999,MAKEUP,Saving Private Ryan,False
1999,MAKEUP,Shakespeare in Love,False
1999,MUSIC (Original Dramatic Score),Elizabeth,False
1999,MUSIC (Original Dramatic Score),Life Is Beautiful,True
1999,MUSIC (Original Dramatic Score),Pleasantville,False
1999,MUSIC (Original Dramatic Score),Saving Private Ryan,False
1999,MUSIC (Original Dramatic Score),The Thin Red Line,False
1999,MUSIC (Original Musical or Comedy Score),A Bug's Life,False
1999,MUSIC (Original Musical or Comedy Score),Mulan,False
1999,MUSIC (Original Musical or Comedy Score),Patch Adams,False
1999,MUSIC (Original Musical or Comedy Score),The Prince of Egypt,False
1999,MUSIC (Original Musical or Comedy Score),Shakespeare in Love,True
1999,MUSIC (Original Song),Armageddon,False
1999,MUSIC (Original Song),Quest for Camelot,False
1999,MUSIC (Original Song),The Horse Whisperer,False
1999,MUSIC (Original Song),Babe: Pig in the City,False
1999,MUSIC (Original Song),The Prince of Egypt,True
1999,BEST PICTURE,Elizabeth,False
1999,BEST PICTURE,Life Is Beautiful,False
1999,BEST PICTURE,Saving Private Ryan,False
1999,BEST PICTURE,Shakespeare in Love,True
1999,BEST PICTURE,The Thin Red Line,False
1999,SHORT FILM (Animated),Bunny,True
1999,SHORT FILM (Animated),The Canterbury Tales,False
1999,SHORT FILM (Animated),Jolly Roger,False
1999,SHORT FILM (Animated),More,False
1999,SHORT FILM (Animated),When Life Departs,False
1999,SHORT FILM (Live Action),Culture,False
1999,SHORT FILM (Live Action),Election Night (Valgaften),True
1999,SHORT FILM (Live Action),Holiday Romance,False
1999,SHORT FILM (Live Action),La Carte Postale (The Postcard),False
1999,SHORT FILM (Live Action),Victor,False
1999,SOUND,Armageddon,False
1999,SOUND,The Mask of Zorro,False
1999,SOUND,Saving Private Ryan,True
1999,SOUND,Shakespeare in Love,False
1999,SOUND,The Thin Red Line,False
1999,SOUND EFFECTS EDITING,Armageddon,False
1999,SOUND EFFECTS EDITING,The Mask of Zorro,False
1999,SOUND EFFECTS EDITING,Saving Private Ryan,True
1999,VISUAL EFFECTS,Armageddon,False
1999,VISUAL EFFECTS,Mighty Joe Young,False
1999,VISUAL EFFECTS,What Dreams May Come,True
1999,WRITING (Screenplay Based on Material Previously Produced or Published),Gods and Monsters,True
1999,WRITING (Screenplay Based on Material Previously Produced or Published),Out of Sight,False
1999,WRITING (Screenplay Based on Material Previously Produced or Published),Primary Colors,False
1999,WRITING (Screenplay Based on Material Previously Produced or Published),A Simple Plan,False
1999,WRITING (Screenplay Based on Material Previously Produced or Published),The Thin Red Line,False
1999,WRITING (Screenplay Written Directly for the Screen),Bulworth,False
1999,WRITING (Screenplay Written Directly for the Screen),Life Is Beautiful,False
1999,WRITING (Screenplay Written Directly for the Screen),Saving Private Ryan,False
1999,WRITING (Screenplay Written Directly for the Screen),Shakespeare in Love,True
1999,WRITING (Screenplay Written Directly for the Screen),The Truman Show,False
1999,HONORARY AWARD,,True
1999,IRVING G. THALBERG MEMORIAL AWARD,,True
1999,JOHN A. BONNER MEDAL OF COMMENDATION,,True
2000,ACTOR IN A LEADING ROLE,The Insider,False
2000,ACTOR IN A LEADING ROLE,The Straight Story,False
2000,ACTOR IN A LEADING ROLE,Sweet and Lowdown,False
2000,ACTOR IN A LEADING ROLE,American Beauty,True
2000,ACTOR IN A LEADING ROLE,The Hurricane,False
2000,ACTOR IN A SUPPORTING ROLE,The Cider House Rules,True
2000,ACTOR IN A SUPPORTING ROLE,Magnolia,False
2000,ACTOR IN A SUPPORTING ROLE,The Green Mile,False
2000,ACTOR IN A SUPPORTING ROLE,The Talented Mr. Ripley,False
2000,ACTOR IN A SUPPORTING ROLE,The Sixth Sense,False
2000,ACTRESS IN A LEADING ROLE,American Beauty,False
2000,ACTRESS IN A LEADING ROLE,Tumbleweeds,False
2000,ACTRESS IN A LEADING ROLE,The End of the Affair,False
2000,ACTRESS IN A LEADING ROLE,Music of the Heart,False
2000,ACTRESS IN A LEADING ROLE,Boys Don't Cry,True
2000,ACTRESS IN A SUPPORTING ROLE,The Sixth Sense,False
2000,ACTRESS IN A SUPPORTING ROLE,"Girl, Interrupted",True
2000,ACTRESS IN A SUPPORTING ROLE,Being John Malkovich,False
2000,ACTRESS IN A SUPPORTING ROLE,Sweet and Lowdown,False
2000,ACTRESS IN A SUPPORTING ROLE,Boys Don't Cry,False
2000,ART DIRECTION,Anna and the King,False
2000,ART DIRECTION,The Cider House Rules,False
2000,ART DIRECTION,Sleepy Hollow,True
2000,ART DIRECTION,The Talented Mr. Ripley,False
2000,ART DIRECTION,Topsy-Turvy,False
2000,CINEMATOGRAPHY,American Beauty,True
2000,CINEMATOGRAPHY,The End of the Affair,False
2000,CINEMATOGRAPHY,The Insider,False
2000,CINEMATOGRAPHY,Sleepy Hollow,False
2000,CINEMATOGRAPHY,Snow Falling on Cedars,False
2000,COSTUME DESIGN,Anna and the King,False
2000,COSTUME DESIGN,Sleepy Hollow,False
2000,COSTUME DESIGN,The Talented Mr. Ripley,False
2000,COSTUME DESIGN,Titus,False
2000,COSTUME DESIGN,Topsy-Turvy,True
2000,DIRECTING,American Beauty,True
2000,DIRECTING,Being John Malkovich,False
2000,DIRECTING,The Cider House Rules,False
2000,DIRECTING,The Insider,False
2000,DIRECTING,The Sixth Sense,False
2000,DOCUMENTARY (Feature),Buena Vista Social Club,False
2000,DOCUMENTARY (Feature),Genghis Blues,False
2000,DOCUMENTARY (Feature),On the Ropes,False
2000,DOCUMENTARY (Feature),One Day in September,True
2000,DOCUMENTARY (Feature),Speaking in Strings,False
2000,DOCUMENTARY (Short Subject),Eyewitness,False
2000,DOCUMENTARY (Short Subject),King Gimp,True
2000,DOCUMENTARY (Short Subject),The Wildest Show in the South: The Angola Prison Rodeo,False
2000,FILM EDITING,American Beauty,False
2000,FILM EDITING,The Cider House Rules,False
2000,FILM EDITING,The Insider,False
2000,FILM EDITING,The Matrix,True
2000,FILM EDITING,The Sixth Sense,False
2000,FOREIGN LANGUAGE FILM,All about My Mother,True
2000,FOREIGN LANGUAGE FILM,Caravan,False
2000,FOREIGN LANGUAGE FILM,East-West,False
2000,FOREIGN LANGUAGE FILM,Solomon and Gaenor,False
2000,FOREIGN LANGUAGE FILM,Under the Sun,False
2000,MAKEUP,Austin Powers: The Spy Who Shagged Me,False
2000,MAKEUP,Bicentennial Man,False
2000,MAKEUP,Life,False
2000,MAKEUP,Topsy-Turvy,True
2000,MUSIC (Original Score),American Beauty,False
2000,MUSIC (Original Score),Angela's Ashes,False
2000,MUSIC (Original Score),The Cider House Rules,False
2000,MUSIC (Original Score),The Red Violin,True
2000,MUSIC (Original Score),The Talented Mr. Ripley,False
2000,MUSIC (Original Song),"South Park: Bigger, Longer & Uncut",False
2000,MUSIC (Original Song),Music of the Heart,False
2000,MUSIC (Original Song),Magnolia,False
2000,MUSIC (Original Song),Toy Story 2,False
2000,MUSIC (Original Song),Tarzan,True
2000,BEST PICTURE,American Beauty,True
2000,BEST PICTURE,The Cider House Rules,False
2000,BEST PICTURE,The Green Mile,False
2000,BEST PICTURE,The Insider,False
2000,BEST PICTURE,The Sixth Sense,False
2000,SHORT FILM (Animated),Humdrum,False
2000,SHORT FILM (Animated),My Grandmother Ironed the King's Shirts,False
2000,SHORT FILM (Animated),The Old Man and the Sea,True
2000,SHORT FILM (Animated),3 Misses,False
2000,SHORT FILM (Animated),When the Day Breaks,False
2000,SHORT FILM (Live Action),"Bror, Min Bror (Teis and Nico)",False
2000,SHORT FILM (Live Action),Killing Joe,False
2000,SHORT FILM (Live Action),Kleingeld (Small Change),False
2000,SHORT FILM (Live Action),Major and Minor Miracles,False
2000,SHORT FILM (Live Action),My Mother Dreams the Satan's Disciples in New York,True
2000,SOUND,The Green Mile,False
2000,SOUND,The Insider,False
2000,SOUND,The Matrix,True
2000,SOUND,The Mummy,False
2000,SOUND,Star Wars Episode I: The Phantom Menace,False
2000,SOUND EFFECTS EDITING,Fight Club,False
2000,SOUND EFFECTS EDITING,The Matrix,True
2000,SOUND EFFECTS EDITING,Star Wars Episode I: The Phantom Menace,False
2000,VISUAL EFFECTS,The Matrix,True
2000,VISUAL EFFECTS,Star Wars Episode I: The Phantom Menace,False
2000,VISUAL EFFECTS,Stuart Little,False
2000,WRITING (Screenplay Based on Material Previously Produced or Published),The Cider House Rules,True
2000,WRITING (Screenplay Based on Material Previously Produced or Published),Election,False
2000,WRITING (Screenplay Based on Material Previously Produced or Published),The Green Mile,False
2000,WRITING (Screenplay Based on Material Previously Produced or Published),The Insider,False
2000,WRITING (Screenplay Based on Material Previously Produced or Published),The Talented Mr. Ripley,False
2000,WRITING (Screenplay Written Directly for the Screen),American Beauty,True
2000,WRITING (Screenplay Written Directly for the Screen),Being John Malkovich,False
2000,WRITING (Screenplay Written Directly for the Screen),Magnolia,False
2000,WRITING (Screenplay Written Directly for the Screen),The Sixth Sense,False
2000,WRITING (Screenplay Written Directly for the Screen),Topsy-Turvy,False
2000,HONORARY AWARD,,True
2000,IRVING G. THALBERG MEMORIAL AWARD,,True
2000,GORDON E. SAWYER AWARD,,True
2000,AWARD OF COMMENDATION,,True
2000,JOHN A. BONNER MEDAL OF COMMENDATION,,True
2000,JOHN A. BONNER MEDAL OF COMMENDATION,,True
2001,ACTOR IN A LEADING ROLE,Before Night Falls,False
2001,ACTOR IN A LEADING ROLE,Gladiator,True
2001,ACTOR IN A LEADING ROLE,Cast Away,False
2001,ACTOR IN A LEADING ROLE,Pollock,False
2001,ACTOR IN A LEADING ROLE,Quills,False
2001,ACTOR IN A SUPPORTING ROLE,The Contender,False
2001,ACTOR IN A SUPPORTING ROLE,Shadow of the Vampire,False
2001,ACTOR IN A SUPPORTING ROLE,Traffic,True
2001,ACTOR IN A SUPPORTING ROLE,Erin Brockovich,False
2001,ACTOR IN A SUPPORTING ROLE,Gladiator,False
2001,ACTRESS IN A LEADING ROLE,The Contender,False
2001,ACTRESS IN A LEADING ROLE,Chocolat,False
2001,ACTRESS IN A LEADING ROLE,Requiem for a Dream,False
2001,ACTRESS IN A LEADING ROLE,You Can Count on Me,False
2001,ACTRESS IN A LEADING ROLE,Erin Brockovich,True
2001,ACTRESS IN A SUPPORTING ROLE,Chocolat,False
2001,ACTRESS IN A SUPPORTING ROLE,Pollock,True
2001,ACTRESS IN A SUPPORTING ROLE,Almost Famous,False
2001,ACTRESS IN A SUPPORTING ROLE,Almost Famous,False
2001,ACTRESS IN A SUPPORTING ROLE,Billy Elliot,False
2001,ART DIRECTION,"Crouching Tiger, Hidden Dragon",True
2001,ART DIRECTION,Dr. Seuss' How the Grinch Stole Christmas,False
2001,ART DIRECTION,Gladiator,False
2001,ART DIRECTION,Quills,False
2001,ART DIRECTION,Vatel,False
2001,CINEMATOGRAPHY,"Crouching Tiger, Hidden Dragon",True
2001,CINEMATOGRAPHY,Gladiator,False
2001,CINEMATOGRAPHY,Malèna,False
2001,CINEMATOGRAPHY,"O Brother, Where Art Thou?",False
2001,CINEMATOGRAPHY,The Patriot,False
2001,COSTUME DESIGN,"Crouching Tiger, Hidden Dragon",False
2001,COSTUME DESIGN,Dr. Seuss' How the Grinch Stole Christmas,False
2001,COSTUME DESIGN,Gladiator,True
2001,COSTUME DESIGN,102 Dalmatians,False
2001,COSTUME DESIGN,Quills,False
2001,DIRECTING,Billy Elliot,False
2001,DIRECTING,"Crouching Tiger, Hidden Dragon",False
2001,DIRECTING,Erin Brockovich,False
2001,DIRECTING,Gladiator,False
2001,DIRECTING,Traffic,True
2001,DOCUMENTARY (Feature),Into the Arms of Strangers: Stories of the Kindertransport,True
2001,DOCUMENTARY (Feature),Legacy,False
2001,DOCUMENTARY (Feature),Long Night's Journey into Day,False
2001,DOCUMENTARY (Feature),Scottsboro: An American Tragedy,False
2001,DOCUMENTARY (Feature),Sound and Fury,False
2001,DOCUMENTARY (Short Subject),Big Mama,True
2001,DOCUMENTARY (Short Subject),Curtain Call,False
2001,DOCUMENTARY (Short Subject),Dolphins,False
2001,DOCUMENTARY (Short Subject),The Man on Lincoln's Nose,False
2001,DOCUMENTARY (Short Subject),On Tiptoe: Gentle Steps to Freedom,False
2001,FILM EDITING,Almost Famous,False
2001,FILM EDITING,"Crouching Tiger, Hidden Dragon",False
2001,FILM EDITING,Gladiator,False
2001,FILM EDITING,Traffic,True
2001,FILM EDITING,Wonder Boys,False
2001,FOREIGN LANGUAGE FILM,Amores Perros,False
2001,FOREIGN LANGUAGE FILM,"Crouching Tiger, Hidden Dragon",True
2001,FOREIGN LANGUAGE FILM,Divided We Fall,False
2001,FOREIGN LANGUAGE FILM,Everybody Famous!,False
2001,FOREIGN LANGUAGE FILM,The Taste of Others,False
2001,MAKEUP,The Cell,False
2001,MAKEUP,Dr. Seuss' How the Grinch Stole Christmas,True
2001,MAKEUP,Shadow of the Vampire,False
2001,MUSIC (Original Score),Chocolat,False
2001,MUSIC (Original Score),"Crouching Tiger, Hidden Dragon",True
2001,MUSIC (Original Score),Gladiator,False
2001,MUSIC (Original Score),Malèna,False
2001,MUSIC (Original Score),The Patriot,False
2001,MUSIC (Original Song),Meet the Parents,False
2001,MUSIC (Original Song),Dancer in the Dark,False
2001,MUSIC (Original Song),"Crouching Tiger, Hidden Dragon",False
2001,MUSIC (Original Song),The Emperor's New Groove,False
2001,MUSIC (Original Song),Wonder Boys,True
2001,BEST PICTURE,Chocolat,False
2001,BEST PICTURE,"Crouching Tiger, Hidden Dragon",False
2001,BEST PICTURE,Erin Brockovich,False
2001,BEST PICTURE,Gladiator,True
2001,BEST PICTURE,Traffic,False
2001,SHORT FILM (Animated),Father and Daughter,True
2001,SHORT FILM (Animated),The Periwig-Maker,False
2001,SHORT FILM (Animated),Rejected,False
2001,SHORT FILM (Live Action),By Courier,False
2001,SHORT FILM (Live Action),One Day Crossing,False
2001,SHORT FILM (Live Action),Quiero Ser (I want to be...),True
2001,SHORT FILM (Live Action),Seraglio,False
2001,SHORT FILM (Live Action),A Soccer Story (Uma Historia de Futebol),False
2001,SOUND,Cast Away,False
2001,SOUND,Gladiator,True
2001,SOUND,The Patriot,False
2001,SOUND,The Perfect Storm,False
2001,SOUND,U-571,False
2001,SOUND EDITING,Space Cowboys,False
2001,SOUND EDITING,U-571,True
2001,VISUAL EFFECTS,Gladiator,True
2001,VISUAL EFFECTS,Hollow Man,False
2001,VISUAL EFFECTS,The Perfect Storm,False
2001,WRITING (Screenplay Based on Material Previously Produced or Published),Chocolat,False
2001,WRITING (Screenplay Based on Material Previously Produced or Published),"Crouching Tiger, Hidden Dragon",False
2001,WRITING (Screenplay Based on Material Previously Produced or Published),"O Brother, Where Art Thou?",False
2001,WRITING (Screenplay Based on Material Previously Produced or Published),Traffic,True
2001,WRITING (Screenplay Based on Material Previously Produced or Published),Wonder Boys,False
2001,WRITING (Screenplay Written Directly for the Screen),Almost Famous,True
2001,WRITING (Screenplay Written Directly for the Screen),Billy Elliot,False
2001,WRITING (Screenplay Written Directly for the Screen),Erin Brockovich,False
2001,WRITING (Screenplay Written Directly for the Screen),Gladiator,False
2001,WRITING (Screenplay Written Directly for the Screen),You Can Count on Me,False
2001,HONORARY AWARD,,True
2001,HONORARY AWARD,,True
2001,IRVING G. THALBERG MEMORIAL AWARD,,True
2001,GORDON E. SAWYER AWARD,,True
2001,AWARD OF COMMENDATION,,True
2001,JOHN A. BONNER MEDAL OF COMMENDATION,,True
2002,ACTOR IN A LEADING ROLE,A Beautiful Mind,False
2002,ACTOR IN A LEADING ROLE,I Am Sam,False
2002,ACTOR IN A LEADING ROLE,Ali,False
2002,ACTOR IN A LEADING ROLE,Training Day,True
2002,ACTOR IN A LEADING ROLE,In the Bedroom,False
2002,ACTOR IN A SUPPORTING ROLE,Iris,True
2002,ACTOR IN A SUPPORTING ROLE,Training Day,False
2002,ACTOR IN A SUPPORTING ROLE,Sexy Beast,False
2002,ACTOR IN A SUPPORTING ROLE,The Lord of the Rings: The Fellowship of the Ring,False
2002,ACTOR IN A SUPPORTING ROLE,Ali,False
2002,ACTRESS IN A LEADING ROLE,Monster's Ball,True
2002,ACTRESS IN A LEADING ROLE,Iris,False
2002,ACTRESS IN A LEADING ROLE,Moulin Rouge,False
2002,ACTRESS IN A LEADING ROLE,In the Bedroom,False
2002,ACTRESS IN A LEADING ROLE,Bridget Jones's Diary,False
2002,ACTRESS IN A SUPPORTING ROLE,A Beautiful Mind,True
2002,ACTRESS IN A SUPPORTING ROLE,Gosford Park,False
2002,ACTRESS IN A SUPPORTING ROLE,Gosford Park,False
2002,ACTRESS IN A SUPPORTING ROLE,In the Bedroom,False
2002,ACTRESS IN A SUPPORTING ROLE,Iris,False
2002,ANIMATED FEATURE FILM,Jimmy Neutron: Boy Genius,False
2002,ANIMATED FEATURE FILM,"Monsters, Inc.",False
2002,ANIMATED FEATURE FILM,Shrek,True
2002,ART DIRECTION,Amélie,False
2002,ART DIRECTION,Gosford Park,False
2002,ART DIRECTION,Harry Potter and the Sorcerer's Stone,False
2002,ART DIRECTION,The Lord of the Rings: The Fellowship of the Ring,False
2002,ART DIRECTION,Moulin Rouge,True
2002,CINEMATOGRAPHY,Amélie,False
2002,CINEMATOGRAPHY,Black Hawk Down,False
2002,CINEMATOGRAPHY,The Lord of the Rings: The Fellowship of the Ring,True
2002,CINEMATOGRAPHY,The Man Who Wasn't There,False
2002,CINEMATOGRAPHY,Moulin Rouge,False
2002,COSTUME DESIGN,The Affair of the Necklace,False
2002,COSTUME DESIGN,Gosford Park,False
2002,COSTUME DESIGN,Harry Potter and the Sorcerer's Stone,False
2002,COSTUME DESIGN,The Lord of the Rings: The Fellowship of the Ring,False
2002,COSTUME DESIGN,Moulin Rouge,True
2002,DIRECTING,A Beautiful Mind,True
2002,DIRECTING,Black Hawk Down,False
2002,DIRECTING,Gosford Park,False
2002,DIRECTING,The Lord of the Rings: The Fellowship of the Ring,False
2002,DIRECTING,Mulholland Drive,False
2002,DOCUMENTARY (Feature),Children Underground,False
2002,DOCUMENTARY (Feature),LaLee's Kin: The Legacy of Cotton,False
2002,DOCUMENTARY (Feature),Murder on a Sunday Morning,True
2002,DOCUMENTARY (Feature),Promises,False
2002,DOCUMENTARY (Feature),War Photographer,False
2002,DOCUMENTARY (Short Subject),Artists and Orphans: A True Drama,False
2002,DOCUMENTARY (Short Subject),Sing!,False
2002,DOCUMENTARY (Short Subject),Thoth,True
2002,FILM EDITING,A Beautiful Mind,False
2002,FILM EDITING,Black Hawk Down,True
2002,FILM EDITING,The Lord of the Rings: The Fellowship of the Ring,False
2002,FILM EDITING,Memento,False
2002,FILM EDITING,Moulin Rouge,False
2002,FOREIGN LANGUAGE FILM,Amélie,False
2002,FOREIGN LANGUAGE FILM,Elling,False
2002,FOREIGN LANGUAGE FILM,Lagaan,False
2002,FOREIGN LANGUAGE FILM,No Man's Land,True
2002,FOREIGN LANGUAGE FILM,Son of the Bride,False
2002,MAKEUP,A Beautiful Mind,False
2002,MAKEUP,The Lord of the Rings: The Fellowship of the Ring,True
2002,MAKEUP,Moulin Rouge,False
2002,MUSIC (Original Score),A.I. Artificial Intelligence,False
2002,MUSIC (Original Score),A Beautiful Mind,False
2002,MUSIC (Original Score),Harry Potter and the Sorcerer's Stone,False
2002,MUSIC (Original Score),The Lord of the Rings: The Fellowship of the Ring,True
2002,MUSIC (Original Score),"Monsters, Inc.",False
2002,MUSIC (Original Song),"Monsters, Inc.",True
2002,MUSIC (Original Song),The Lord of the Rings: The Fellowship of the Ring,False
2002,MUSIC (Original Song),Pearl Harbor,False
2002,MUSIC (Original Song),Kate & Leopold,False
2002,MUSIC (Original Song),Vanilla Sky,False
2002,BEST PICTURE,A Beautiful Mind,True
2002,BEST PICTURE,Gosford Park,False
2002,BEST PICTURE,In the Bedroom,False
2002,BEST PICTURE,The Lord of the Rings: The Fellowship of the Ring,False
2002,BEST PICTURE,Moulin Rouge,False
2002,SHORT FILM (Animated),Fifty Percent Grey,False
2002,SHORT FILM (Animated),For the Birds,True
2002,SHORT FILM (Animated),Give Up Yer Aul Sins,False
2002,SHORT FILM (Animated),Strange Invaders,False
2002,SHORT FILM (Animated),Stubble Trouble,False
2002,SHORT FILM (Live Action),the accountant,True
2002,SHORT FILM (Live Action),Copy Shop,False
2002,SHORT FILM (Live Action),Gregor's Greatest Invention,False
2002,SHORT FILM (Live Action),A Man Thing (Meska Sprawa),False
2002,SHORT FILM (Live Action),Speed for Thespians,False
2002,SOUND,Amélie,False
2002,SOUND,Black Hawk Down,True
2002,SOUND,The Lord of the Rings: The Fellowship of the Ring,False
2002,SOUND,Moulin Rouge,False
2002,SOUND,Pearl Harbor,False
2002,SOUND EDITING,"Monsters, Inc.",False
2002,SOUND EDITING,Pearl Harbor,True
2002,VISUAL EFFECTS,A.I. Artificial Intelligence,False
2002,VISUAL EFFECTS,The Lord of the Rings: The Fellowship of the Ring,True
2002,VISUAL EFFECTS,Pearl Harbor,False
2002,WRITING (Screenplay Based on Material Previously Produced or Published),A Beautiful Mind,True
2002,WRITING (Screenplay Based on Material Previously Produced or Published),Ghost World,False
2002,WRITING (Screenplay Based on Material Previously Produced or Published),In the Bedroom,False
2002,WRITING (Screenplay Based on Material Previously Produced or Published),The Lord of the Rings: The Fellowship of the Ring,False
2002,WRITING (Screenplay Based on Material Previously Produced or Published),Shrek,False
2002,WRITING (Screenplay Written Directly for the Screen),Amélie,False
2002,WRITING (Screenplay Written Directly for the Screen),Gosford Park,True
2002,WRITING (Screenplay Written Directly for the Screen),Memento,False
2002,WRITING (Screenplay Written Directly for the Screen),Monster's Ball,False
2002,WRITING (Screenplay Written Directly for the Screen),The Royal Tenenbaums,False
2002,JEAN HERSHOLT HUMANITARIAN AWARD,,True
2002,HONORARY AWARD,,True
2002,HONORARY AWARD,,True
2002,GORDON E. SAWYER AWARD,,True
2002,AWARD OF COMMENDATION,,True
2002,AWARD OF COMMENDATION,,True
2002,JOHN A. BONNER MEDAL OF COMMENDATION,,True
2003,ACTOR IN A LEADING ROLE,The Pianist,True
2003,ACTOR IN A LEADING ROLE,Adaptation,False
2003,ACTOR IN A LEADING ROLE,The Quiet American,False
2003,ACTOR IN A LEADING ROLE,Gangs of New York,False
2003,ACTOR IN A LEADING ROLE,About Schmidt,False
2003,ACTOR IN A SUPPORTING ROLE,Adaptation,True
2003,ACTOR IN A SUPPORTING ROLE,The Hours,False
2003,ACTOR IN A SUPPORTING ROLE,Road to Perdition,False
2003,ACTOR IN A SUPPORTING ROLE,Chicago,False
2003,ACTOR IN A SUPPORTING ROLE,Catch Me If You Can,False
2003,ACTRESS IN A LEADING ROLE,Frida,False
2003,ACTRESS IN A LEADING ROLE,The Hours,True
2003,ACTRESS IN A LEADING ROLE,Unfaithful,False
2003,ACTRESS IN A LEADING ROLE,Far from Heaven,False
2003,ACTRESS IN A LEADING ROLE,Chicago,False
2003,ACTRESS IN A SUPPORTING ROLE,About Schmidt,False
2003,ACTRESS IN A SUPPORTING ROLE,The Hours,False
2003,ACTRESS IN A SUPPORTING ROLE,Chicago,False
2003,ACTRESS IN A SUPPORTING ROLE,Adaptation,False
2003,ACTRESS IN A SUPPORTING ROLE,Chicago,True
2003,ANIMATED FEATURE FILM,Ice Age,False
2003,ANIMATED FEATURE FILM,Lilo & Stitch,False
2003,ANIMATED FEATURE FILM,Spirit: Stallion of the Cimarron,False
2003,ANIMATED FEATURE FILM,Spirited Away,True
2003,ANIMATED FEATURE FILM,Treasure Planet,False
2003,ART DIRECTION,Chicago,True
2003,ART DIRECTION,Frida,False
2003,ART DIRECTION,Gangs of New York,False
2003,ART DIRECTION,The Lord of the Rings: The Two Towers,False
2003,ART DIRECTION,Road to Perdition,False
2003,CINEMATOGRAPHY,Chicago,False
2003,CINEMATOGRAPHY,Far from Heaven,False
2003,CINEMATOGRAPHY,Gangs of New York,False
2003,CINEMATOGRAPHY,The Pianist,False
2003,CINEMATOGRAPHY,Road to Perdition,True
2003,COSTUME DESIGN,Chicago,True
2003,COSTUME DESIGN,Frida,False
2003,COSTUME DESIGN,Gangs of New York,False
2003,COSTUME DESIGN,The Hours,False
2003,COSTUME DESIGN,The Pianist,False
2003,DIRECTING,Chicago,False
2003,DIRECTING,Gangs of New York,False
2003,DIRECTING,The Hours,False
2003,DIRECTING,The Pianist,True
2003,DIRECTING,Talk to Her,False
2003,DOCUMENTARY (Feature),Bowling for Columbine,True
2003,DOCUMENTARY (Feature),Daughter from Danang,False
2003,DOCUMENTARY (Feature),Prisoner of Paradise,False
2003,DOCUMENTARY (Feature),Spellbound,False
2003,DOCUMENTARY (Feature),Winged Migration,False
2003,DOCUMENTARY (Short Subject),The Collector of Bedford Street,False
2003,DOCUMENTARY (Short Subject),Mighty Times: The Legacy of Rosa Parks,False
2003,DOCUMENTARY (Short Subject),Twin Towers,True
2003,DOCUMENTARY (Short Subject),Why Can't We Be a Family Again?,False
2003,FILM EDITING,Chicago,True
2003,FILM EDITING,Gangs of New York,False
2003,FILM EDITING,The Hours,False
2003,FILM EDITING,The Lord of the Rings: The Two Towers,False
2003,FILM EDITING,The Pianist,False
2003,FOREIGN LANGUAGE FILM,El Crimen del Padre Amaro,False
2003,FOREIGN LANGUAGE FILM,Hero,False
2003,FOREIGN LANGUAGE FILM,The Man without a Past,False
2003,FOREIGN LANGUAGE FILM,Nowhere in Africa,True
2003,FOREIGN LANGUAGE FILM,Zus & Zo,False
2003,MAKEUP,Frida,True
2003,MAKEUP,The Time Machine,False
2003,MUSIC (Original Score),Catch Me If You Can,False
2003,MUSIC (Original Score),Far from Heaven,False
2003,MUSIC (Original Score),Frida,True
2003,MUSIC (Original Score),The Hours,False
2003,MUSIC (Original Score),Road to Perdition,False
2003,MUSIC (Original Song),Frida,False
2003,MUSIC (Original Song),The Wild Thornberrys Movie,False
2003,MUSIC (Original Song),Gangs of New York,False
2003,MUSIC (Original Song),Chicago,False
2003,MUSIC (Original Song),8 Mile,True
2003,BEST PICTURE,Chicago,True
2003,BEST PICTURE,Gangs of New York,False
2003,BEST PICTURE,The Hours,False
2003,BEST PICTURE,The Lord of the Rings: The Two Towers,False
2003,BEST PICTURE,The Pianist,False
2003,SHORT FILM (Animated),The Cathedral,False
2003,SHORT FILM (Animated),The ChubbChubbs!,True
2003,SHORT FILM (Animated),Das Rad,False
2003,SHORT FILM (Animated),Mike's New Car,False
2003,SHORT FILM (Animated),Mt. Head,False
2003,SHORT FILM (Live Action),Fait D'Hiver,False
2003,SHORT FILM (Live Action),I'll Wait for the Next One... (J'Attendrai Le Suivant...),False
2003,SHORT FILM (Live Action),Inja (Dog),False
2003,SHORT FILM (Live Action),Johnny Flynton,False
2003,SHORT FILM (Live Action),This Charming Man (Der Er En Yndig Mand),True
2003,SOUND,Chicago,True
2003,SOUND,Gangs of New York,False
2003,SOUND,The Lord of the Rings: The Two Towers,False
2003,SOUND,Road to Perdition,False
2003,SOUND,Spider-Man,False
2003,SOUND EDITING,The Lord of the Rings: The Two Towers,True
2003,SOUND EDITING,Minority Report,False
2003,SOUND EDITING,Road to Perdition,False
2003,VISUAL EFFECTS,The Lord of the Rings: The Two Towers,True
2003,VISUAL EFFECTS,Spider-Man,False
2003,VISUAL EFFECTS,Star Wars Episode II Attack of the Clones,False
2003,WRITING (Adapted Screenplay),About a Boy,False
2003,WRITING (Adapted Screenplay),Adaptation,False
2003,WRITING (Adapted Screenplay),Chicago,False
2003,WRITING (Adapted Screenplay),The Hours,False
2003,WRITING (Adapted Screenplay),The Pianist,True
2003,WRITING (Original Screenplay),Far from Heaven,False
2003,WRITING (Original Screenplay),Gangs of New York,False
2003,WRITING (Original Screenplay),My Big Fat Greek Wedding,False
2003,WRITING (Original Screenplay),Talk to Her,True
2003,WRITING (Original Screenplay),Y Tu Mamá También,False
2003,HONORARY AWARD,,True
2003,JOHN A. BONNER MEDAL OF COMMENDATION,,True
2003,JOHN A. BONNER MEDAL OF COMMENDATION,,True
2004,ACTOR IN A LEADING ROLE,Pirates of the Caribbean: The Curse of the Black Pearl,False
2004,ACTOR IN A LEADING ROLE,House of Sand and Fog,False
2004,ACTOR IN A LEADING ROLE,Cold Mountain,False
2004,ACTOR IN A LEADING ROLE,Lost in Translation,False
2004,ACTOR IN A LEADING ROLE,Mystic River,True
2004,ACTOR IN A SUPPORTING ROLE,The Cooler,False
2004,ACTOR IN A SUPPORTING ROLE,21 Grams,False
2004,ACTOR IN A SUPPORTING ROLE,In America,False
2004,ACTOR IN A SUPPORTING ROLE,Mystic River,True
2004,ACTOR IN A SUPPORTING ROLE,The Last Samurai,False
2004,ACTRESS IN A LEADING ROLE,Whale Rider,False
2004,ACTRESS IN A LEADING ROLE,Something's Gotta Give,False
2004,ACTRESS IN A LEADING ROLE,In America,False
2004,ACTRESS IN A LEADING ROLE,Monster,True
2004,ACTRESS IN A LEADING ROLE,21 Grams,False
2004,ACTRESS IN A SUPPORTING ROLE,House of Sand and Fog,False
2004,ACTRESS IN A SUPPORTING ROLE,Pieces of April,False
2004,ACTRESS IN A SUPPORTING ROLE,Mystic River,False
2004,ACTRESS IN A SUPPORTING ROLE,Thirteen,False
2004,ACTRESS IN A SUPPORTING ROLE,Cold Mountain,True
2004,ANIMATED FEATURE FILM,Brother Bear,False
2004,ANIMATED FEATURE FILM,Finding Nemo,True
2004,ANIMATED FEATURE FILM,The Triplets of Belleville,False
2004,ART DIRECTION,Girl with a Pearl Earring,False
2004,ART DIRECTION,The Last Samurai,False
2004,ART DIRECTION,The Lord of the Rings: The Return of the King,True
2004,ART DIRECTION,Master and Commander: The Far Side of the World,False
2004,ART DIRECTION,Seabiscuit,False
2004,CINEMATOGRAPHY,City of God,False
2004,CINEMATOGRAPHY,Cold Mountain,False
2004,CINEMATOGRAPHY,Girl with a Pearl Earring,False
2004,CINEMATOGRAPHY,Master and Commander: The Far Side of the World,True
2004,CINEMATOGRAPHY,Seabiscuit,False
2004,COSTUME DESIGN,Girl with a Pearl Earring,False
2004,COSTUME DESIGN,The Last Samurai,False
2004,COSTUME DESIGN,The Lord of the Rings: The Return of the King,True
2004,COSTUME DESIGN,Master and Commander: The Far Side of the World,False
2004,COSTUME DESIGN,Seabiscuit,False
2004,DIRECTING,City of God,False
2004,DIRECTING,The Lord of the Rings: The Return of the King,True
2004,DIRECTING,Lost in Translation,False
2004,DIRECTING,Master and Commander: The Far Side of the World,False
2004,DIRECTING,Mystic River,False
2004,DOCUMENTARY (Feature),Balseros,False
2004,DOCUMENTARY (Feature),Capturing the Friedmans,False
2004,DOCUMENTARY (Feature),The Fog of War,True
2004,DOCUMENTARY (Feature),My Architect,False
2004,DOCUMENTARY (Feature),The Weather Underground,False
2004,DOCUMENTARY (Short Subject),Asylum,False
2004,DOCUMENTARY (Short Subject),Chernobyl Heart,True
2004,DOCUMENTARY (Short Subject),Ferry Tales,False
2004,FILM EDITING,City of God,False
2004,FILM EDITING,Cold Mountain,False
2004,FILM EDITING,The Lord of the Rings: The Return of the King,True
2004,FILM EDITING,Master and Commander: The Far Side of the World,False
2004,FILM EDITING,Seabiscuit,False
2004,FOREIGN LANGUAGE FILM,The Barbarian Invasions,True
2004,FOREIGN LANGUAGE FILM,Evil,False
2004,FOREIGN LANGUAGE FILM,The Twilight Samurai,False
2004,FOREIGN LANGUAGE FILM,Twin Sisters,False
2004,FOREIGN LANGUAGE FILM,Zelary,False
2004,MAKEUP,The Lord of the Rings: The Return of the King,True
2004,MAKEUP,Master and Commander: The Far Side of the World,False
2004,MAKEUP,Pirates of the Caribbean: The Curse of the Black Pearl,False
2004,MUSIC (Original Score),Big Fish,False
2004,MUSIC (Original Score),Cold Mountain,False
2004,MUSIC (Original Score),Finding Nemo,False
2004,MUSIC (Original Score),House of Sand and Fog,False
2004,MUSIC (Original Score),The Lord of the Rings: The Return of the King,True
2004,MUSIC (Original Song),The Triplets of Belleville,False
2004,MUSIC (Original Song),The Lord of the Rings: The Return of the King,True
2004,MUSIC (Original Song),A Mighty Wind,False
2004,MUSIC (Original Song),Cold Mountain,False
2004,MUSIC (Original Song),Cold Mountain,False
2004,BEST PICTURE,The Lord of the Rings: The Return of the King,True
2004,BEST PICTURE,Lost in Translation,False
2004,BEST PICTURE,Master and Commander: The Far Side of the World,False
2004,BEST PICTURE,Mystic River,False
2004,BEST PICTURE,Seabiscuit,False
2004,SHORT FILM (Animated),Boundin',False
2004,SHORT FILM (Animated),Destino,False
2004,SHORT FILM (Animated),Gone Nutty,False
2004,SHORT FILM (Animated),Harvie Krumpet,True
2004,SHORT FILM (Animated),Nibbles,False
2004,SHORT FILM (Live Action),Die Rote Jacke (The Red Jacket),False
2004,SHORT FILM (Live Action),Most (The Bridge),False
2004,SHORT FILM (Live Action),Squash,False
2004,SHORT FILM (Live Action),(A) Torzija [(A) Torsion],False
2004,SHORT FILM (Live Action),Two Soldiers,True
2004,SOUND EDITING,Finding Nemo,False
2004,SOUND EDITING,Master and Commander: The Far Side of the World,True
2004,SOUND EDITING,Pirates of the Caribbean: The Curse of the Black Pearl,False
2004,SOUND MIXING,The Last Samurai,False
2004,SOUND MIXING,The Lord of the Rings: The Return of the King,True
2004,SOUND MIXING,Master and Commander: The Far Side of the World,False
2004,SOUND MIXING,Pirates of the Caribbean: The Curse of the Black Pearl,False
2004,SOUND MIXING,Seabiscuit,False
2004,VISUAL EFFECTS,The Lord of the Rings: The Return of the King,True
2004,VISUAL EFFECTS,Master and Commander: The Far Side of the World,False
2004,VISUAL EFFECTS,Pirates of the Caribbean: The Curse of the Black Pearl,False
2004,WRITING (Adapted Screenplay),American Splendor,False
2004,WRITING (Adapted Screenplay),City of God,False
2004,WRITING (Adapted Screenplay),The Lord of the Rings: The Return of the King,True
2004,WRITING (Adapted Screenplay),Mystic River,False
2004,WRITING (Adapted Screenplay),Seabiscuit,False
2004,WRITING (Original Screenplay),The Barbarian Invasions,False
2004,WRITING (Original Screenplay),Dirty Pretty Things,False
2004,WRITING (Original Screenplay),Finding Nemo,False
2004,WRITING (Original Screenplay),In America,False
2004,WRITING (Original Screenplay),Lost in Translation,True
2004,HONORARY AWARD,,True
2004,GORDON E. SAWYER AWARD,,True
2004,JOHN A. BONNER MEDAL OF COMMENDATION,,True
2005,ACTOR IN A LEADING ROLE,Hotel Rwanda,False
2005,ACTOR IN A LEADING ROLE,Finding Neverland,False
2005,ACTOR IN A LEADING ROLE,The Aviator,False
2005,ACTOR IN A LEADING ROLE,Million Dollar Baby,False
2005,ACTOR IN A LEADING ROLE,Ray,True
2005,ACTOR IN A SUPPORTING ROLE,The Aviator,False
2005,ACTOR IN A SUPPORTING ROLE,Sideways,False
2005,ACTOR IN A SUPPORTING ROLE,Collateral,False
2005,ACTOR IN A SUPPORTING ROLE,Million Dollar Baby,True
2005,ACTOR IN A SUPPORTING ROLE,Closer,False
2005,ACTRESS IN A LEADING ROLE,Being Julia,False
2005,ACTRESS IN A LEADING ROLE,Maria Full of Grace,False
2005,ACTRESS IN A LEADING ROLE,Vera Drake,False
2005,ACTRESS IN A LEADING ROLE,Million Dollar Baby,True
2005,ACTRESS IN A LEADING ROLE,Eternal Sunshine of the Spotless Mind,False
2005,ACTRESS IN A SUPPORTING ROLE,The Aviator,True
2005,ACTRESS IN A SUPPORTING ROLE,Kinsey,False
2005,ACTRESS IN A SUPPORTING ROLE,Sideways,False
2005,ACTRESS IN A SUPPORTING ROLE,Hotel Rwanda,False
2005,ACTRESS IN A SUPPORTING ROLE,Closer,False
2005,ANIMATED FEATURE FILM,The Incredibles,True
2005,ANIMATED FEATURE FILM,Shark Tale,False
2005,ANIMATED FEATURE FILM,Shrek 2,False
2005,ART DIRECTION,The Aviator,True
2005,ART DIRECTION,Finding Neverland,False
2005,ART DIRECTION,Lemony Snicket's A Series of Unfortunate Events,False
2005,ART DIRECTION,The Phantom of the Opera,False
2005,ART DIRECTION,A Very Long Engagement,False
2005,CINEMATOGRAPHY,The Aviator,True
2005,CINEMATOGRAPHY,House of Flying Daggers,False
2005,CINEMATOGRAPHY,The Passion of the Christ,False
2005,CINEMATOGRAPHY,The Phantom of the Opera,False
2005,CINEMATOGRAPHY,A Very Long Engagement,False
2005,COSTUME DESIGN,The Aviator,True
2005,COSTUME DESIGN,Finding Neverland,False
2005,COSTUME DESIGN,Lemony Snicket's A Series of Unfortunate Events,False
2005,COSTUME DESIGN,Ray,False
2005,COSTUME DESIGN,Troy,False
2005,DIRECTING,The Aviator,False
2005,DIRECTING,Million Dollar Baby,True
2005,DIRECTING,Ray,False
2005,DIRECTING,Sideways,False
2005,DIRECTING,Vera Drake,False
2005,DOCUMENTARY (Feature),Born into Brothels,True
2005,DOCUMENTARY (Feature),The Story of the Weeping Camel,False
2005,DOCUMENTARY (Feature),Super Size Me,False
2005,DOCUMENTARY (Feature),Tupac: Resurrection,False
2005,DOCUMENTARY (Feature),Twist of Faith,False
2005,DOCUMENTARY (Short Subject),Autism Is a World,False
2005,DOCUMENTARY (Short Subject),The Children of Leningradsky,False
2005,DOCUMENTARY (Short Subject),Hardwood,False
2005,DOCUMENTARY (Short Subject),Mighty Times: The Children's March,True
2005,DOCUMENTARY (Short Subject),Sister Rose's Passion,False
2005,FILM EDITING,The Aviator,True
2005,FILM EDITING,Collateral,False
2005,FILM EDITING,Finding Neverland,False
2005,FILM EDITING,Million Dollar Baby,False
2005,FILM EDITING,Ray,False
2005,FOREIGN LANGUAGE FILM,As It Is in Heaven,False
2005,FOREIGN LANGUAGE FILM,The Chorus (Les Choristes),False
2005,FOREIGN LANGUAGE FILM,Downfall,False
2005,FOREIGN LANGUAGE FILM,The Sea Inside,True
2005,FOREIGN LANGUAGE FILM,Yesterday,False
2005,MAKEUP,Lemony Snicket's A Series of Unfortunate Events,True
2005,MAKEUP,The Passion of the Christ,False
2005,MAKEUP,The Sea Inside,False
2005,MUSIC (Original Score),Finding Neverland,True
2005,MUSIC (Original Score),Harry Potter and the Prisoner of Azkaban,False
2005,MUSIC (Original Score),Lemony Snicket's A Series of Unfortunate Events,False
2005,MUSIC (Original Score),The Passion of the Christ,False
2005,MUSIC (Original Score),The Village,False
2005,MUSIC (Original Song),Shrek 2,False
2005,MUSIC (Original Song),The Motorcycle Diaries,True
2005,MUSIC (Original Song),The Polar Express,False
2005,MUSIC (Original Song),The Phantom of the Opera,False
2005,MUSIC (Original Song),The Chorus (Les Choristes),False
2005,BEST PICTURE,The Aviator,False
2005,BEST PICTURE,Finding Neverland,False
2005,BEST PICTURE,Million Dollar Baby,True
2005,BEST PICTURE,Ray,False
2005,BEST PICTURE,Sideways,False
2005,SHORT FILM (Animated),Birthday Boy,False
2005,SHORT FILM (Animated),Gopher Broke,False
2005,SHORT FILM (Animated),Guard Dog,False
2005,SHORT FILM (Animated),Lorenzo,False
2005,SHORT FILM (Animated),Ryan,True
2005,SHORT FILM (Live Action),Everything in This Country Must,False
2005,SHORT FILM (Live Action),Little Terrorist,False
2005,SHORT FILM (Live Action),7:35 in the Morning (7:35 de la Mañana),False
2005,SHORT FILM (Live Action),"Two Cars, One Night",False
2005,SHORT FILM (Live Action),Wasp,True
2005,SOUND EDITING,The Incredibles,True
2005,SOUND EDITING,The Polar Express,False
2005,SOUND EDITING,Spider-Man 2,False
2005,SOUND MIXING,The Aviator,False
2005,SOUND MIXING,The Incredibles,False
2005,SOUND MIXING,The Polar Express,False
2005,SOUND MIXING,Ray,True
2005,SOUND MIXING,Spider-Man 2,False
2005,VISUAL EFFECTS,Harry Potter and the Prisoner of Azkaban,False
2005,VISUAL EFFECTS,"I, Robot",False
2005,VISUAL EFFECTS,Spider-Man 2,True
2005,WRITING (Adapted Screenplay),Before Sunset,False
2005,WRITING (Adapted Screenplay),Finding Neverland,False
2005,WRITING (Adapted Screenplay),Million Dollar Baby,False
2005,WRITING (Adapted Screenplay),The Motorcycle Diaries,False
2005,WRITING (Adapted Screenplay),Sideways,True
2005,WRITING (Original Screenplay),The Aviator,False
2005,WRITING (Original Screenplay),Eternal Sunshine of the Spotless Mind,True
2005,WRITING (Original Screenplay),Hotel Rwanda,False
2005,WRITING (Original Screenplay),The Incredibles,False
2005,WRITING (Original Screenplay),Vera Drake,False
2005,JEAN HERSHOLT HUMANITARIAN AWARD,,True
2005,HONORARY AWARD,,True
2005,GORDON E. SAWYER AWARD,,True
2005,AWARD OF COMMENDATION,,True
2006,ACTOR IN A LEADING ROLE,Capote,True
2006,ACTOR IN A LEADING ROLE,Hustle & Flow,False
2006,ACTOR IN A LEADING ROLE,Brokeback Mountain,False
2006,ACTOR IN A LEADING ROLE,Walk the Line,False
2006,ACTOR IN A LEADING ROLE,"Good Night, and Good Luck.",False
2006,ACTOR IN A SUPPORTING ROLE,Syriana,True
2006,ACTOR IN A SUPPORTING ROLE,Crash,False
2006,ACTOR IN A SUPPORTING ROLE,Cinderella Man,False
2006,ACTOR IN A SUPPORTING ROLE,Brokeback Mountain,False
2006,ACTOR IN A SUPPORTING ROLE,A History of Violence,False
2006,ACTRESS IN A LEADING ROLE,Mrs. Henderson Presents,False
2006,ACTRESS IN A LEADING ROLE,Transamerica,False
2006,ACTRESS IN A LEADING ROLE,Pride & Prejudice,False
2006,ACTRESS IN A LEADING ROLE,North Country,False
2006,ACTRESS IN A LEADING ROLE,Walk the Line,True
2006,ACTRESS IN A SUPPORTING ROLE,Junebug,False
2006,ACTRESS IN A SUPPORTING ROLE,Capote,False
2006,ACTRESS IN A SUPPORTING ROLE,North Country,False
2006,ACTRESS IN A SUPPORTING ROLE,The Constant Gardener,True
2006,ACTRESS IN A SUPPORTING ROLE,Brokeback Mountain,False
2006,ANIMATED FEATURE FILM,Howl's Moving Castle,False
2006,ANIMATED FEATURE FILM,Tim Burton's Corpse Bride,False
2006,ANIMATED FEATURE FILM,Wallace & Gromit in The Curse of the Were-Rabbit,True
2006,ART DIRECTION,"Good Night, and Good Luck.",False
2006,ART DIRECTION,Harry Potter and the Goblet of Fire,False
2006,ART DIRECTION,King Kong,False
2006,ART DIRECTION,Memoirs of a Geisha,True
2006,ART DIRECTION,Pride & Prejudice,False
2006,CINEMATOGRAPHY,Batman Begins,False
2006,CINEMATOGRAPHY,Brokeback Mountain,False
2006,CINEMATOGRAPHY,"Good Night, and Good Luck.",False
2006,CINEMATOGRAPHY,Memoirs of a Geisha,True
2006,CINEMATOGRAPHY,The New World,False
2006,COSTUME DESIGN,Charlie and the Chocolate Factory,False
2006,COSTUME DESIGN,Memoirs of a Geisha,True
2006,COSTUME DESIGN,Mrs. Henderson Presents,False
2006,COSTUME DESIGN,Pride & Prejudice,False
2006,COSTUME DESIGN,Walk the Line,False
2006,DIRECTING,Brokeback Mountain,True
2006,DIRECTING,Capote,False
2006,DIRECTING,Crash,False
2006,DIRECTING,"Good Night, and Good Luck.",False
2006,DIRECTING,Munich,False
2006,DOCUMENTARY (Feature),Darwin's Nightmare,False
2006,DOCUMENTARY (Feature),Enron: The Smartest Guys in the Room,False
2006,DOCUMENTARY (Feature),March of the Penguins,True
2006,DOCUMENTARY (Feature),Murderball,False
2006,DOCUMENTARY (Feature),Street Fight,False
2006,DOCUMENTARY (Short Subject),The Death of Kevin Carter: Casualty of the Bang Bang Club,False
2006,DOCUMENTARY (Short Subject),God Sleeps in Rwanda,False
2006,DOCUMENTARY (Short Subject),The Mushroom Club,False
2006,DOCUMENTARY (Short Subject),A Note of Triumph: The Golden Age of Norman Corwin,True
2006,FILM EDITING,Cinderella Man,False
2006,FILM EDITING,The Constant Gardener,False
2006,FILM EDITING,Crash,True
2006,FILM EDITING,Munich,False
2006,FILM EDITING,Walk the Line,False
2006,FOREIGN LANGUAGE FILM,Don't Tell,False
2006,FOREIGN LANGUAGE FILM,Joyeux Noël,False
2006,FOREIGN LANGUAGE FILM,Paradise Now,False
2006,FOREIGN LANGUAGE FILM,Sophie Scholl - The Final Days,False
2006,FOREIGN LANGUAGE FILM,Tsotsi,True
2006,MAKEUP,"The Chronicles of Narnia: The Lion, the Witch and the Wardrobe",True
2006,MAKEUP,Cinderella Man,False
2006,MAKEUP,Star Wars: Episode III Revenge of the Sith,False
2006,MUSIC (Original Score),Brokeback Mountain,True
2006,MUSIC (Original Score),The Constant Gardener,False
2006,MUSIC (Original Score),Memoirs of a Geisha,False
2006,MUSIC (Original Score),Munich,False
2006,MUSIC (Original Score),Pride & Prejudice,False
2006,MUSIC (Original Song),Crash,False
2006,MUSIC (Original Song),Hustle & Flow,True
2006,MUSIC (Original Song),Transamerica,False
2006,BEST PICTURE,Brokeback Mountain,False
2006,BEST PICTURE,Capote,False
2006,BEST PICTURE,Crash,True
2006,BEST PICTURE,"Good Night, and Good Luck.",False
2006,BEST PICTURE,Munich,False
2006,SHORT FILM (Animated),Badgered,False
2006,SHORT FILM (Animated),The Moon and the Son: An Imagined Conversation,True
2006,SHORT FILM (Animated),The Mysterious Geographic Explorations of Jasper Morello,False
2006,SHORT FILM (Animated),9,False
2006,SHORT FILM (Animated),One Man Band,False
2006,SHORT FILM (Live Action),Ausreisser (The Runaway),False
2006,SHORT FILM (Live Action),Cashback,False
2006,SHORT FILM (Live Action),The Last Farm,False
2006,SHORT FILM (Live Action),Our Time Is Up,False
2006,SHORT FILM (Live Action),Six Shooter,True
2006,SOUND EDITING,King Kong,True
2006,SOUND EDITING,Memoirs of a Geisha,False
2006,SOUND EDITING,War of the Worlds,False
2006,SOUND MIXING,"The Chronicles of Narnia: The Lion, the Witch and the Wardrobe",False
2006,SOUND MIXING,King Kong,True
2006,SOUND MIXING,Memoirs of a Geisha,False
2006,SOUND MIXING,Walk the Line,False
2006,SOUND MIXING,War of the Worlds,False
2006,VISUAL EFFECTS,"The Chronicles of Narnia: The Lion, the Witch and the Wardrobe",False
2006,VISUAL EFFECTS,King Kong,True
2006,VISUAL EFFECTS,War of the Worlds,False
2006,WRITING (Adapted Screenplay),Brokeback Mountain,True
2006,WRITING (Adapted Screenplay),Capote,False
2006,WRITING (Adapted Screenplay),The Constant Gardener,False
2006,WRITING (Adapted Screenplay),A History of Violence,False
2006,WRITING (Adapted Screenplay),Munich,False
2006,WRITING (Original Screenplay),Crash,True
2006,WRITING (Original Screenplay),"Good Night, and Good Luck.",False
2006,WRITING (Original Screenplay),Match Point,False
2006,WRITING (Original Screenplay),The Squid and the Whale,False
2006,WRITING (Original Screenplay),Syriana,False
2006,HONORARY AWARD,,True
2006,GORDON E. SAWYER AWARD,,True
2006,JOHN A. BONNER MEDAL OF COMMENDATION,,True
2007,ACTOR IN A LEADING ROLE,Blood Diamond,False
2007,ACTOR IN A LEADING ROLE,Half Nelson,False
2007,ACTOR IN A LEADING ROLE,Venus,False
2007,ACTOR IN A LEADING ROLE,The Pursuit of Happyness,False
2007,ACTOR IN A LEADING ROLE,The Last King of Scotland,True
2007,ACTOR IN A SUPPORTING ROLE,Little Miss Sunshine,True
2007,ACTOR IN A SUPPORTING ROLE,Little Children,False
2007,ACTOR IN A SUPPORTING ROLE,Blood Diamond,False
2007,ACTOR IN A SUPPORTING ROLE,Dreamgirls,False
2007,ACTOR IN A SUPPORTING ROLE,The Departed,False
2007,ACTRESS IN A LEADING ROLE,Volver,False
2007,ACTRESS IN A LEADING ROLE,Notes on a Scandal,False
2007,ACTRESS IN A LEADING ROLE,The Queen,True
2007,ACTRESS IN A LEADING ROLE,The Devil Wears Prada,False
2007,ACTRESS IN A LEADING ROLE,Little Children,False
2007,ACTRESS IN A SUPPORTING ROLE,Babel,False
2007,ACTRESS IN A SUPPORTING ROLE,Notes on a Scandal,False
2007,ACTRESS IN A SUPPORTING ROLE,Little Miss Sunshine,False
2007,ACTRESS IN A SUPPORTING ROLE,Dreamgirls,True
2007,ACTRESS IN A SUPPORTING ROLE,Babel,False
2007,ANIMATED FEATURE FILM,Cars,False
2007,ANIMATED FEATURE FILM,Happy Feet,True
2007,ANIMATED FEATURE FILM,Monster House,False
2007,ART DIRECTION,Dreamgirls,False
2007,ART DIRECTION,The Good Shepherd,False
2007,ART DIRECTION,Pan's Labyrinth,True
2007,ART DIRECTION,Pirates of the Caribbean: Dead Man's Chest,False
2007,ART DIRECTION,The Prestige,False
2007,CINEMATOGRAPHY,The Black Dahlia,False
2007,CINEMATOGRAPHY,Children of Men,False
2007,CINEMATOGRAPHY,The Illusionist,False
2007,CINEMATOGRAPHY,Pan's Labyrinth,True
2007,CINEMATOGRAPHY,The Prestige,False
2007,COSTUME DESIGN,Curse of the Golden Flower,False
2007,COSTUME DESIGN,The Devil Wears Prada,False
2007,COSTUME DESIGN,Dreamgirls,False
2007,COSTUME DESIGN,Marie Antoinette,True
2007,COSTUME DESIGN,The Queen,False
2007,DIRECTING,Babel,False
2007,DIRECTING,The Departed,True
2007,DIRECTING,Letters from Iwo Jima,False
2007,DIRECTING,The Queen,False
2007,DIRECTING,United 93,False
2007,DOCUMENTARY (Feature),Deliver Us from Evil,False
2007,DOCUMENTARY (Feature),An Inconvenient Truth,True
2007,DOCUMENTARY (Feature),Iraq in Fragments,False
2007,DOCUMENTARY (Feature),Jesus Camp,False
2007,DOCUMENTARY (Feature),"My Country, My Country",False
2007,DOCUMENTARY (Short Subject),The Blood of Yingzhou District,True
2007,DOCUMENTARY (Short Subject),Recycled Life,False
2007,DOCUMENTARY (Short Subject),Rehearsing a Dream,False
2007,DOCUMENTARY (Short Subject),Two Hands,False
2007,FILM EDITING,Babel,False
2007,FILM EDITING,Blood Diamond,False
2007,FILM EDITING,Children of Men,False
2007,FILM EDITING,The Departed,True
2007,FILM EDITING,United 93,False
2007,FOREIGN LANGUAGE FILM,After the Wedding,False
2007,FOREIGN LANGUAGE FILM,Days of Glory (Indigènes),False
2007,FOREIGN LANGUAGE FILM,The Lives of Others,True
2007,FOREIGN LANGUAGE FILM,Pan's Labyrinth,False
2007,FOREIGN LANGUAGE FILM,Water,False
2007,MAKEUP,Apocalypto,False
2007,MAKEUP,Click,False
2007,MAKEUP,Pan's Labyrinth,True
2007,MUSIC (Original Score),Babel,True
2007,MUSIC (Original Score),The Good German,False
2007,MUSIC (Original Score),Notes on a Scandal,False
2007,MUSIC (Original Score),Pan's Labyrinth,False
2007,MUSIC (Original Score),The Queen,False
2007,MUSIC (Original Song),An Inconvenient Truth,True
2007,MUSIC (Original Song),Dreamgirls,False
2007,MUSIC (Original Song),Dreamgirls,False
2007,MUSIC (Original Song),Cars,False
2007,MUSIC (Original Song),Dreamgirls,False
2007,BEST PICTURE,Babel,False
2007,BEST PICTURE,The Departed,True
2007,BEST PICTURE,Letters from Iwo Jima,False
2007,BEST PICTURE,Little Miss Sunshine,False
2007,BEST PICTURE,The Queen,False
2007,SHORT FILM (Animated),The Danish Poet,True
2007,SHORT FILM (Animated),Lifted,False
2007,SHORT FILM (Animated),The Little Matchgirl,False
2007,SHORT FILM (Animated),Maestro,False
2007,SHORT FILM (Animated),No Time for Nuts,False
2007,SHORT FILM (Live Action),Binta and the Great Idea (Binta Y La Gran Idea),False
2007,SHORT FILM (Live Action),Éramos Pocos (One Too Many),False
2007,SHORT FILM (Live Action),Helmer & Son,False
2007,SHORT FILM (Live Action),The Saviour,False
2007,SHORT FILM (Live Action),West Bank Story,True
2007,SOUND EDITING,Apocalypto,False
2007,SOUND EDITING,Blood Diamond,False
2007,SOUND EDITING,Flags of Our Fathers,False
2007,SOUND EDITING,Letters from Iwo Jima,True
2007,SOUND EDITING,Pirates of the Caribbean: Dead Man's Chest,False
2007,SOUND MIXING,Apocalypto,False
2007,SOUND MIXING,Blood Diamond,False
2007,SOUND MIXING,Dreamgirls,True
2007,SOUND MIXING,Flags of Our Fathers,False
2007,SOUND MIXING,Pirates of the Caribbean: Dead Man's Chest,False
2007,VISUAL EFFECTS,Pirates of the Caribbean: Dead Man's Chest,True
2007,VISUAL EFFECTS,Poseidon,False
2007,VISUAL EFFECTS,Superman Returns,False
2007,WRITING (Adapted Screenplay),Borat Cultural Learnings of America for Make Benefit Glorious Nation of Kazakhstan,False
2007,WRITING (Adapted Screenplay),Children of Men,False
2007,WRITING (Adapted Screenplay),The Departed,True
2007,WRITING (Adapted Screenplay),Little Children,False
2007,WRITING (Adapted Screenplay),Notes on a Scandal,False
2007,WRITING (Original Screenplay),Babel,False
2007,WRITING (Original Screenplay),Letters from Iwo Jima,False
2007,WRITING (Original Screenplay),Little Miss Sunshine,True
2007,WRITING (Original Screenplay),Pan's Labyrinth,False
2007,WRITING (Original Screenplay),The Queen,False
2007,JEAN HERSHOLT HUMANITARIAN AWARD,,True
2007,HONORARY AWARD,,True
2007,GORDON E. SAWYER AWARD,,True
2007,AWARD OF COMMENDATION,,True
2007,JOHN A. BONNER MEDAL OF COMMENDATION,,True
2008,ACTOR IN A LEADING ROLE,Michael Clayton,False
2008,ACTOR IN A LEADING ROLE,There Will Be Blood,True
2008,ACTOR IN A LEADING ROLE,Sweeney Todd The Demon Barber of Fleet Street,False
2008,ACTOR IN A LEADING ROLE,In the Valley of Elah,False
2008,ACTOR IN A LEADING ROLE,Eastern Promises,False
2008,ACTOR IN A SUPPORTING ROLE,The Assassination of Jesse James by the Coward Robert Ford,False
2008,ACTOR IN A SUPPORTING ROLE,No Country for Old Men,True
2008,ACTOR IN A SUPPORTING ROLE,Charlie Wilson's War,False
2008,ACTOR IN A SUPPORTING ROLE,Into the Wild,False
2008,ACTOR IN A SUPPORTING ROLE,Michael Clayton,False
2008,ACTRESS IN A LEADING ROLE,Elizabeth: The Golden Age,False
2008,ACTRESS IN A LEADING ROLE,Away from Her,False
2008,ACTRESS IN A LEADING ROLE,La Vie en Rose,True
2008,ACTRESS IN A LEADING ROLE,The Savages,False
2008,ACTRESS IN A LEADING ROLE,Juno,False
2008,ACTRESS IN A SUPPORTING ROLE,I'm Not There,False
2008,ACTRESS IN A SUPPORTING ROLE,American Gangster,False
2008,ACTRESS IN A SUPPORTING ROLE,Atonement,False
2008,ACTRESS IN A SUPPORTING ROLE,Gone Baby Gone,False
2008,ACTRESS IN A SUPPORTING ROLE,Michael Clayton,True
2008,ANIMATED FEATURE FILM,Persepolis,False
2008,ANIMATED FEATURE FILM,Ratatouille,True
2008,ANIMATED FEATURE FILM,Surf's Up,False
2008,ART DIRECTION,American Gangster,False
2008,ART DIRECTION,Atonement,False
2008,ART DIRECTION,The Golden Compass,False
2008,ART DIRECTION,Sweeney Todd The Demon Barber of Fleet Street,True
2008,ART DIRECTION,There Will Be Blood,False
2008,CINEMATOGRAPHY,The Assassination of Jesse James by the Coward Robert Ford,False
2008,CINEMATOGRAPHY,Atonement,False
2008,CINEMATOGRAPHY,The Diving Bell and the Butterfly,False
2008,CINEMATOGRAPHY,No Country for Old Men,False
2008,CINEMATOGRAPHY,There Will Be Blood,True
2008,COSTUME DESIGN,Across the Universe,False
2008,COSTUME DESIGN,Atonement,False
2008,COSTUME DESIGN,Elizabeth: The Golden Age,True
2008,COSTUME DESIGN,La Vie en Rose,False
2008,COSTUME DESIGN,Sweeney Todd The Demon Barber of Fleet Street,False
2008,DIRECTING,The Diving Bell and the Butterfly,False
2008,DIRECTING,Juno,False
2008,DIRECTING,Michael Clayton,False
2008,DIRECTING,No Country for Old Men,True
2008,DIRECTING,There Will Be Blood,False
2008,DOCUMENTARY (Feature),No End in Sight,False
2008,DOCUMENTARY (Feature),Operation Homecoming: Writing the Wartime Experience,False
2008,DOCUMENTARY (Feature),Sicko,False
2008,DOCUMENTARY (Feature),Taxi to the Dark Side,True
2008,DOCUMENTARY (Feature),War/Dance,False
2008,DOCUMENTARY (Short Subject),Freeheld,True
2008,DOCUMENTARY (Short Subject),La Corona (The Crown),False
2008,DOCUMENTARY (Short Subject),Salim Baba,False
2008,DOCUMENTARY (Short Subject),Sari's Mother,False
2008,FILM EDITING,The Bourne Ultimatum,True
2008,FILM EDITING,The Diving Bell and the Butterfly,False
2008,FILM EDITING,Into the Wild,False
2008,FILM EDITING,No Country for Old Men,False
2008,FILM EDITING,There Will Be Blood,False
2008,FOREIGN LANGUAGE FILM,Beaufort,False
2008,FOREIGN LANGUAGE FILM,The Counterfeiters,True
2008,FOREIGN LANGUAGE FILM,Katyn,False
2008,FOREIGN LANGUAGE FILM,Mongol,False
2008,FOREIGN LANGUAGE FILM,12,False
2008,MAKEUP,La Vie en Rose,True
2008,MAKEUP,Norbit,False
2008,MAKEUP,Pirates of the Caribbean: At World's End,False
2008,MUSIC (Original Score),Atonement,True
2008,MUSIC (Original Score),The Kite Runner,False
2008,MUSIC (Original Score),Michael Clayton,False
2008,MUSIC (Original Score),Ratatouille,False
2008,MUSIC (Original Score),3:10 to Yuma,False
2008,MUSIC (Original Song),Once,True
2008,MUSIC (Original Song),Enchanted,False
2008,MUSIC (Original Song),August Rush,False
2008,MUSIC (Original Song),Enchanted,False
2008,MUSIC (Original Song),Enchanted,False
2008,BEST PICTURE,Atonement,False
2008,BEST PICTURE,Juno,False
2008,BEST PICTURE,Michael Clayton,False
2008,BEST PICTURE,No Country for Old Men,True
2008,BEST PICTURE,There Will Be Blood,False
2008,SHORT FILM (Animated),I Met the Walrus,False
2008,SHORT FILM (Animated),Madame Tutli-Putli,False
2008,SHORT FILM (Animated),Même les Pigeons Vont au Paradis (Even Pigeons Go to Heaven),False
2008,SHORT FILM (Animated),My Love (Moya Lyubov),False
2008,SHORT FILM (Animated),Peter & the Wolf,True
2008,SHORT FILM (Live Action),At Night,False
2008,SHORT FILM (Live Action),Il Supplente (The Substitute),False
2008,SHORT FILM (Live Action),Le Mozart des Pickpockets (The Mozart of Pickpockets),True
2008,SHORT FILM (Live Action),Tanghi Argentini,False
2008,SHORT FILM (Live Action),The Tonto Woman,False
2008,SOUND EDITING,The Bourne Ultimatum,True
2008,SOUND EDITING,No Country for Old Men,False
2008,SOUND EDITING,Ratatouille,False
2008,SOUND EDITING,There Will Be Blood,False
2008,SOUND EDITING,Transformers,False
2008,SOUND MIXING,The Bourne Ultimatum,True
2008,SOUND MIXING,No Country for Old Men,False
2008,SOUND MIXING,Ratatouille,False
2008,SOUND MIXING,3:10 to Yuma,False
2008,SOUND MIXING,Transformers,False
2008,VISUAL EFFECTS,The Golden Compass,True
2008,VISUAL EFFECTS,Pirates of the Caribbean: At World's End,False
2008,VISUAL EFFECTS,Transformers,False
2008,WRITING (Adapted Screenplay),Atonement,False
2008,WRITING (Adapted Screenplay),Away from Her,False
2008,WRITING (Adapted Screenplay),The Diving Bell and the Butterfly,False
2008,WRITING (Adapted Screenplay),No Country for Old Men,True
2008,WRITING (Adapted Screenplay),There Will Be Blood,False
2008,WRITING (Original Screenplay),Juno,True
2008,WRITING (Original Screenplay),Lars and the Real Girl,False
2008,WRITING (Original Screenplay),Michael Clayton,False
2008,WRITING (Original Screenplay),Ratatouille,False
2008,WRITING (Original Screenplay),The Savages,False
2008,HONORARY AWARD,,True
2008,GORDON E. SAWYER AWARD,,True
2008,AWARD OF COMMENDATION,,True
2008,JOHN A. BONNER MEDAL OF COMMENDATION,,True
2009,ACTOR IN A LEADING ROLE,The Visitor,False
2009,ACTOR IN A LEADING ROLE,Frost/Nixon,False
2009,ACTOR IN A LEADING ROLE,Milk,True
2009,ACTOR IN A LEADING ROLE,The Curious Case of Benjamin Button,False
2009,ACTOR IN A LEADING ROLE,The Wrestler,False
2009,ACTOR IN A SUPPORTING ROLE,Milk,False
2009,ACTOR IN A SUPPORTING ROLE,Tropic Thunder,False
2009,ACTOR IN A SUPPORTING ROLE,Doubt,False
2009,ACTOR IN A SUPPORTING ROLE,The Dark Knight,True
2009,ACTOR IN A SUPPORTING ROLE,Revolutionary Road,False
2009,ACTRESS IN A LEADING ROLE,Rachel Getting Married,False
2009,ACTRESS IN A LEADING ROLE,Changeling,False
2009,ACTRESS IN A LEADING ROLE,Frozen River,False
2009,ACTRESS IN A LEADING ROLE,Doubt,False
2009,ACTRESS IN A LEADING ROLE,The Reader,True
2009,ACTRESS IN A SUPPORTING ROLE,Doubt,False
2009,ACTRESS IN A SUPPORTING ROLE,Vicky Cristina Barcelona,True
2009,ACTRESS IN A SUPPORTING ROLE,Doubt,False
2009,ACTRESS IN A SUPPORTING ROLE,The Curious Case of Benjamin Button,False
2009,ACTRESS IN A SUPPORTING ROLE,The Wrestler,False
2009,ANIMATED FEATURE FILM,Bolt,False
2009,ANIMATED FEATURE FILM,Kung Fu Panda,False
2009,ANIMATED FEATURE FILM,WALL-E,True
2009,ART DIRECTION,Changeling,False
2009,ART DIRECTION,The Curious Case of Benjamin Button,True
2009,ART DIRECTION,The Dark Knight,False
2009,ART DIRECTION,The Duchess,False
2009,ART DIRECTION,Revolutionary Road,False
2009,CINEMATOGRAPHY,Changeling,False
2009,CINEMATOGRAPHY,The Curious Case of Benjamin Button,False
2009,CINEMATOGRAPHY,The Dark Knight,False
2009,CINEMATOGRAPHY,The Reader,False
2009,CINEMATOGRAPHY,Slumdog Millionaire,True
2009,COSTUME DESIGN,Australia,False
2009,COSTUME DESIGN,The Curious Case of Benjamin Button,False
2009,COSTUME DESIGN,The Duchess,True
2009,COSTUME DESIGN,Milk,False
2009,COSTUME DESIGN,Revolutionary Road,False
2009,DIRECTING,The Curious Case of Benjamin Button,False
2009,DIRECTING,Frost/Nixon,False
2009,DIRECTING,Milk,False
2009,DIRECTING,The Reader,False
2009,DIRECTING,Slumdog Millionaire,True
2009,DOCUMENTARY (Feature),The Betrayal (Nerakhoon),False
2009,DOCUMENTARY (Feature),Encounters at the End of the World,False
2009,DOCUMENTARY (Feature),The Garden,False
2009,DOCUMENTARY (Feature),Man on Wire,True
2009,DOCUMENTARY (Feature),Trouble the Water,False
2009,DOCUMENTARY (Short Subject),The Conscience of Nhem En,False
2009,DOCUMENTARY (Short Subject),The Final Inch,False
2009,DOCUMENTARY (Short Subject),Smile Pinki,True
2009,DOCUMENTARY (Short Subject),The Witness - From the Balcony of Room 306,False
2009,FILM EDITING,The Curious Case of Benjamin Button,False
2009,FILM EDITING,The Dark Knight,False
2009,FILM EDITING,Frost/Nixon,False
2009,FILM EDITING,Milk,False
2009,FILM EDITING,Slumdog Millionaire,True
2009,FOREIGN LANGUAGE FILM,The Baader Meinhof Complex,False
2009,FOREIGN LANGUAGE FILM,The Class,False
2009,FOREIGN LANGUAGE FILM,Departures,True
2009,FOREIGN LANGUAGE FILM,Revanche,False
2009,FOREIGN LANGUAGE FILM,Waltz with Bashir,False
2009,MAKEUP,The Curious Case of Benjamin Button,True
2009,MAKEUP,The Dark Knight,False
2009,MAKEUP,Hellboy II: The Golden Army,False
2009,MUSIC (Original Score),The Curious Case of Benjamin Button,False
2009,MUSIC (Original Score),Defiance,False
2009,MUSIC (Original Score),Milk,False
2009,MUSIC (Original Score),Slumdog Millionaire,True
2009,MUSIC (Original Score),WALL-E,False
2009,MUSIC (Original Song),WALL-E,False
2009,MUSIC (Original Song),Slumdog Millionaire,True
2009,MUSIC (Original Song),Slumdog Millionaire,False
2009,BEST PICTURE,The Curious Case of Benjamin Button,False
2009,BEST PICTURE,Frost/Nixon,False
2009,BEST PICTURE,Milk,False
2009,BEST PICTURE,The Reader,False
2009,BEST PICTURE,Slumdog Millionaire,True
2009,SHORT FILM (Animated),La Maison en Petits Cubes,True
2009,SHORT FILM (Animated),Lavatory - Lovestory,False
2009,SHORT FILM (Animated),Oktapodi,False
2009,SHORT FILM (Animated),Presto,False
2009,SHORT FILM (Animated),This Way Up,False
2009,SHORT FILM (Live Action),Auf der Strecke (On the Line),False
2009,SHORT FILM (Live Action),Manon on the Asphalt,False
2009,SHORT FILM (Live Action),New Boy,False
2009,SHORT FILM (Live Action),The Pig,False
2009,SHORT FILM (Live Action),Spielzeugland (Toyland),True
2009,SOUND EDITING,The Dark Knight,True
2009,SOUND EDITING,Iron Man,False
2009,SOUND EDITING,Slumdog Millionaire,False
2009,SOUND EDITING,WALL-E,False
2009,SOUND EDITING,Wanted,False
2009,SOUND MIXING,The Curious Case of Benjamin Button,False
2009,SOUND MIXING,The Dark Knight,False
2009,SOUND MIXING,Slumdog Millionaire,True
2009,SOUND MIXING,WALL-E,False
2009,SOUND MIXING,Wanted,False
2009,VISUAL EFFECTS,The Curious Case of Benjamin Button,True
2009,VISUAL EFFECTS,The Dark Knight,False
2009,VISUAL EFFECTS,Iron Man,False
2009,WRITING (Adapted Screenplay),The Curious Case of Benjamin Button,False
2009,WRITING (Adapted Screenplay),Doubt,False
2009,WRITING (Adapted Screenplay),Frost/Nixon,False
2009,WRITING (Adapted Screenplay),The Reader,False
2009,WRITING (Adapted Screenplay),Slumdog Millionaire,True
2009,WRITING (Original Screenplay),Frozen River,False
2009,WRITING (Original Screenplay),Happy-Go-Lucky,False
2009,WRITING (Original Screenplay),In Bruges,False
2009,WRITING (Original Screenplay),Milk,True
2009,WRITING (Original Screenplay),WALL-E,False
2009,JEAN HERSHOLT HUMANITARIAN AWARD,,True
2009,GORDON E. SAWYER AWARD,,True
2009,JOHN A. BONNER MEDAL OF COMMENDATION,,True
2010,ACTOR IN A LEADING ROLE,Crazy Heart,True
2010,ACTOR IN A LEADING ROLE,Up in the Air,False
2010,ACTOR IN A LEADING ROLE,A Single Man,False
2010,ACTOR IN A LEADING ROLE,Invictus,False
2010,ACTOR IN A LEADING ROLE,The Hurt Locker,False
2010,ACTOR IN A SUPPORTING ROLE,Invictus,False
2010,ACTOR IN A SUPPORTING ROLE,The Messenger,False
2010,ACTOR IN A SUPPORTING ROLE,The Last Station,False
2010,ACTOR IN A SUPPORTING ROLE,The Lovely Bones,False
2010,ACTOR IN A SUPPORTING ROLE,Inglourious Basterds,True
2010,ACTRESS IN A LEADING ROLE,The Blind Side,True
2010,ACTRESS IN A LEADING ROLE,The Last Station,False
2010,ACTRESS IN A LEADING ROLE,An Education,False
2010,ACTRESS IN A LEADING ROLE,Precious: Based on the Novel 'Push' by Sapphire,False
2010,ACTRESS IN A LEADING ROLE,Julie & Julia,False
2010,ACTRESS IN A SUPPORTING ROLE,Nine,False
2010,ACTRESS IN A SUPPORTING ROLE,Up in the Air,False
2010,ACTRESS IN A SUPPORTING ROLE,Crazy Heart,False
2010,ACTRESS IN A SUPPORTING ROLE,Up in the Air,False
2010,ACTRESS IN A SUPPORTING ROLE,Precious: Based on the Novel 'Push' by Sapphire,True
2010,ANIMATED FEATURE FILM,Coraline,False
2010,ANIMATED FEATURE FILM,Fantastic Mr. Fox,False
2010,ANIMATED FEATURE FILM,The Princess and the Frog,False
2010,ANIMATED FEATURE FILM,The Secret of Kells,False
2010,ANIMATED FEATURE FILM,Up,True
2010,ART DIRECTION,Avatar,True
2010,ART DIRECTION,The Imaginarium of Doctor Parnassus,False
2010,ART DIRECTION,Nine,False
2010,ART DIRECTION,Sherlock Holmes,False
2010,ART DIRECTION,The Young Victoria,False
2010,CINEMATOGRAPHY,Avatar,True
2010,CINEMATOGRAPHY,Harry Potter and the Half-Blood Prince,False
2010,CINEMATOGRAPHY,The Hurt Locker,False
2010,CINEMATOGRAPHY,Inglourious Basterds,False
2010,CINEMATOGRAPHY,The White Ribbon,False
2010,COSTUME DESIGN,Bright Star,False
2010,COSTUME DESIGN,Coco before Chanel,False
2010,COSTUME DESIGN,The Imaginarium of Doctor Parnassus,False
2010,COSTUME DESIGN,Nine,False
2010,COSTUME DESIGN,The Young Victoria,True
2010,DIRECTING,Avatar,False
2010,DIRECTING,The Hurt Locker,True
2010,DIRECTING,Inglourious Basterds,False
2010,DIRECTING,Precious: Based on the Novel 'Push' by Sapphire,False
2010,DIRECTING,Up in the Air,False
2010,DOCUMENTARY (Feature),Burma VJ,False
2010,DOCUMENTARY (Feature),The Cove,True
2010,DOCUMENTARY (Feature),"Food, Inc.",False
2010,DOCUMENTARY (Feature),The Most Dangerous Man in America: Daniel Ellsberg and the Pentagon Papers,False
2010,DOCUMENTARY (Feature),Which Way Home,False
2010,DOCUMENTARY (Short Subject),China's Unnatural Disaster: The Tears of Sichuan Province,False
2010,DOCUMENTARY (Short Subject),The Last Campaign of Governor Booth Gardner,False
2010,DOCUMENTARY (Short Subject),The Last Truck: Closing of a GM Plant,False
2010,DOCUMENTARY (Short Subject),Music by Prudence,True
2010,DOCUMENTARY (Short Subject),Rabbit à la Berlin,False
2010,FILM EDITING,Avatar,False
2010,FILM EDITING,District 9,False
2010,FILM EDITING,The Hurt Locker,True
2010,FILM EDITING,Inglourious Basterds,False
2010,FILM EDITING,Precious: Based on the Novel 'Push' by Sapphire,False
2010,FOREIGN LANGUAGE FILM,Ajami,False
2010,FOREIGN LANGUAGE FILM,The Milk of Sorrow,False
2010,FOREIGN LANGUAGE FILM,A Prophet,False
2010,FOREIGN LANGUAGE FILM,The Secret in Their Eyes,True
2010,FOREIGN LANGUAGE FILM,The White Ribbon,False
2010,MAKEUP,Il Divo,False
2010,MAKEUP,Star Trek,True
2010,MAKEUP,The Young Victoria,False
2010,MUSIC (Original Score),Avatar,False
2010,MUSIC (Original Score),Fantastic Mr. Fox,False
2010,MUSIC (Original Score),The Hurt Locker,False
2010,MUSIC (Original Score),Sherlock Holmes,False
2010,MUSIC (Original Score),Up,True
2010,MUSIC (Original Song),The Princess and the Frog,False
2010,MUSIC (Original Song),The Princess and the Frog,False
2010,MUSIC (Original Song),Paris 36,False
2010,MUSIC (Original Song),Nine,False
2010,MUSIC (Original Song),Crazy Heart,True
2010,BEST PICTURE,Avatar,False
2010,BEST PICTURE,The Blind Side,False
2010,BEST PICTURE,District 9,False
2010,BEST PICTURE,An Education,False
2010,BEST PICTURE,The Hurt Locker,True
2010,BEST PICTURE,Inglourious Basterds,False
2010,BEST PICTURE,Precious: Based on the Novel 'Push' by Sapphire,False
2010,BEST PICTURE,A Serious Man,False
2010,BEST PICTURE,Up,False
2010,BEST PICTURE,Up in the Air,False
2010,SHORT FILM (Animated),French Roast,False
2010,SHORT FILM (Animated),Granny O'Grimm's Sleeping Beauty,False
2010,SHORT FILM (Animated),The Lady and the Reaper (La Dama y la Muerte),False
2010,SHORT FILM (Animated),Logorama,True
2010,SHORT FILM (Animated),A Matter of Loaf and Death,False
2010,SHORT FILM (Live Action),The Door,False
2010,SHORT FILM (Live Action),Instead of Abracadabra,False
2010,SHORT FILM (Live Action),Kavi,False
2010,SHORT FILM (Live Action),Miracle Fish,False
2010,SHORT FILM (Live Action),The New Tenants,True
2010,SOUND EDITING,Avatar,False
2010,SOUND EDITING,The Hurt Locker,True
2010,SOUND EDITING,Inglourious Basterds,False
2010,SOUND EDITING,Star Trek,False
2010,SOUND EDITING,Up,False
2010,SOUND MIXING,Avatar,False
2010,SOUND MIXING,The Hurt Locker,True
2010,SOUND MIXING,Inglourious Basterds,False
2010,SOUND MIXING,Star Trek,False
2010,SOUND MIXING,Transformers: Revenge of the Fallen,False
2010,VISUAL EFFECTS,Avatar,True
2010,VISUAL EFFECTS,District 9,False
2010,VISUAL EFFECTS,Star Trek,False
2010,WRITING (Adapted Screenplay),District 9,False
2010,WRITING (Adapted Screenplay),An Education,False
2010,WRITING (Adapted Screenplay),In the Loop,False
2010,WRITING (Adapted Screenplay),Precious: Based on the Novel 'Push' by Sapphire,True
2010,WRITING (Adapted Screenplay),Up in the Air,False
2010,WRITING (Original Screenplay),The Hurt Locker,True
2010,WRITING (Original Screenplay),Inglourious Basterds,False
2010,WRITING (Original Screenplay),The Messenger,False
2010,WRITING (Original Screenplay),A Serious Man,False
2010,WRITING (Original Screenplay),Up,False
2010,HONORARY AWARD,,True
2010,HONORARY AWARD,,True
2010,HONORARY AWARD,,True
2010,IRVING G. THALBERG MEMORIAL AWARD,,True
2011,ACTOR IN A LEADING ROLE,Biutiful,False
2011,ACTOR IN A LEADING ROLE,True Grit,False
2011,ACTOR IN A LEADING ROLE,The Social Network,False
2011,ACTOR IN A LEADING ROLE,The King's Speech,True
2011,ACTOR IN A LEADING ROLE,127 Hours,False
2011,ACTOR IN A SUPPORTING ROLE,The Fighter,True
2011,ACTOR IN A SUPPORTING ROLE,Winter's Bone,False
2011,ACTOR IN A SUPPORTING ROLE,The Town,False
2011,ACTOR IN A SUPPORTING ROLE,The Kids Are All Right,False
2011,ACTOR IN A SUPPORTING ROLE,The King's Speech,False
2011,ACTRESS IN A LEADING ROLE,The Kids Are All Right,False
2011,ACTRESS IN A LEADING ROLE,Rabbit Hole,False
2011,ACTRESS IN A LEADING ROLE,Winter's Bone,False
2011,ACTRESS IN A LEADING ROLE,Black Swan,True
2011,ACTRESS IN A LEADING ROLE,Blue Valentine,False
2011,ACTRESS IN A SUPPORTING ROLE,The Fighter,False
2011,ACTRESS IN A SUPPORTING ROLE,The King's Speech,False
2011,ACTRESS IN A SUPPORTING ROLE,The Fighter,True
2011,ACTRESS IN A SUPPORTING ROLE,True Grit,False
2011,ACTRESS IN A SUPPORTING ROLE,Animal Kingdom,False
2011,ANIMATED FEATURE FILM,How to Train Your Dragon,False
2011,ANIMATED FEATURE FILM,The Illusionist,False
2011,ANIMATED FEATURE FILM,Toy Story 3,True
2011,ART DIRECTION,Alice in Wonderland,True
2011,ART DIRECTION,Harry Potter and the Deathly Hallows Part 1,False
2011,ART DIRECTION,Inception,False
2011,ART DIRECTION,The King's Speech,False
2011,ART DIRECTION,True Grit,False
2011,CINEMATOGRAPHY,Black Swan,False
2011,CINEMATOGRAPHY,Inception,True
2011,CINEMATOGRAPHY,The King's Speech,False
2011,CINEMATOGRAPHY,The Social Network,False
2011,CINEMATOGRAPHY,True Grit,False
2011,COSTUME DESIGN,Alice in Wonderland,True
2011,COSTUME DESIGN,I Am Love,False
2011,COSTUME DESIGN,The King's Speech,False
2011,COSTUME DESIGN,The Tempest,False
2011,COSTUME DESIGN,True Grit,False
2011,DIRECTING,Black Swan,False
2011,DIRECTING,The Fighter,False
2011,DIRECTING,The King's Speech,True
2011,DIRECTING,The Social Network,False
2011,DIRECTING,True Grit,False
2011,DOCUMENTARY (Feature),Exit through the Gift Shop,False
2011,DOCUMENTARY (Feature),Gasland,False
2011,DOCUMENTARY (Feature),Inside Job,True
2011,DOCUMENTARY (Feature),Restrepo,False
2011,DOCUMENTARY (Feature),Waste Land,False
2011,DOCUMENTARY (Short Subject),Killing in the Name,False
2011,DOCUMENTARY (Short Subject),Poster Girl,False
2011,DOCUMENTARY (Short Subject),Strangers No More,True
2011,DOCUMENTARY (Short Subject),Sun Come Up,False
2011,DOCUMENTARY (Short Subject),The Warriors of Qiugang,False
2011,FILM EDITING,Black Swan,False
2011,FILM EDITING,The Fighter,False
2011,FILM EDITING,The King's Speech,False
2011,FILM EDITING,127 Hours,False
2011,FILM EDITING,The Social Network,True
2011,FOREIGN LANGUAGE FILM,Biutiful,False
2011,FOREIGN LANGUAGE FILM,Dogtooth,False
2011,FOREIGN LANGUAGE FILM,In a Better World,True
2011,FOREIGN LANGUAGE FILM,Incendies,False
2011,FOREIGN LANGUAGE FILM,Outside the Law (Hors-la-loi),False
2011,MAKEUP,Barney's Version,False
2011,MAKEUP,The Way Back,False
2011,MAKEUP,The Wolfman,True
2011,MUSIC (Original Score),How to Train Your Dragon,False
2011,MUSIC (Original Score),Inception,False
2011,MUSIC (Original Score),The King's Speech,False
2011,MUSIC (Original Score),127 Hours,False
2011,MUSIC (Original Score),The Social Network,True
2011,MUSIC (Original Song),Country Strong,False
2011,MUSIC (Original Song),Tangled,False
2011,MUSIC (Original Song),127 Hours,False
2011,MUSIC (Original Song),Toy Story 3,True
2011,BEST PICTURE,Black Swan,False
2011,BEST PICTURE,The Fighter,False
2011,BEST PICTURE,Inception,False
2011,BEST PICTURE,The Kids Are All Right,False
2011,BEST PICTURE,The King's Speech,True
2011,BEST PICTURE,127 Hours,False
2011,BEST PICTURE,The Social Network,False
2011,BEST PICTURE,Toy Story 3,False
2011,BEST PICTURE,True Grit,False
2011,BEST PICTURE,Winter's Bone,False
2011,SHORT FILM (Animated),Day & Night,False
2011,SHORT FILM (Animated),The Gruffalo,False
2011,SHORT FILM (Animated),Let's Pollute,False
2011,SHORT FILM (Animated),The Lost Thing,True
2011,SHORT FILM (Animated),"Madagascar, carnet de voyage (Madagascar, a Journey Diary)",False
2011,SHORT FILM (Live Action),The Confession,False
2011,SHORT FILM (Live Action),The Crush,False
2011,SHORT FILM (Live Action),God of Love,True
2011,SHORT FILM (Live Action),Na Wewe,False
2011,SHORT FILM (Live Action),Wish 143,False
2011,SOUND EDITING,Inception,True
2011,SOUND EDITING,Toy Story 3,False
2011,SOUND EDITING,Tron: Legacy,False
2011,SOUND EDITING,True Grit,False
2011,SOUND EDITING,Unstoppable,False
2011,SOUND MIXING,Inception,True
2011,SOUND MIXING,The King's Speech,False
2011,SOUND MIXING,Salt,False
2011,SOUND MIXING,The Social Network,False
2011,SOUND MIXING,True Grit,False
2011,VISUAL EFFECTS,Alice in Wonderland,False
2011,VISUAL EFFECTS,Harry Potter and the Deathly Hallows Part 1,False
2011,VISUAL EFFECTS,Hereafter,False
2011,VISUAL EFFECTS,Inception,True
2011,VISUAL EFFECTS,Iron Man 2,False
2011,WRITING (Adapted Screenplay),127 Hours,False
2011,WRITING (Adapted Screenplay),The Social Network,True
2011,WRITING (Adapted Screenplay),Toy Story 3,False
2011,WRITING (Adapted Screenplay),True Grit,False
2011,WRITING (Adapted Screenplay),Winter's Bone,False
2011,WRITING (Original Screenplay),Another Year,False
2011,WRITING (Original Screenplay),The Fighter,False
2011,WRITING (Original Screenplay),Inception,False
2011,WRITING (Original Screenplay),The Kids Are All Right,False
2011,WRITING (Original Screenplay),The King's Speech,True
2011,HONORARY AWARD,,True
2011,HONORARY AWARD,,True
2011,HONORARY AWARD,,True
2011,IRVING G. THALBERG MEMORIAL AWARD,,True
2011,JOHN A. BONNER MEDAL OF COMMENDATION,,True
2012,ACTOR IN A LEADING ROLE,A Better Life,False
2012,ACTOR IN A LEADING ROLE,The Descendants,False
2012,ACTOR IN A LEADING ROLE,The Artist,True
2012,ACTOR IN A LEADING ROLE,Tinker Tailor Soldier Spy,False
2012,ACTOR IN A LEADING ROLE,Moneyball,False
2012,ACTOR IN A SUPPORTING ROLE,My Week with Marilyn,False
2012,ACTOR IN A SUPPORTING ROLE,Moneyball,False
2012,ACTOR IN A SUPPORTING ROLE,Warrior,False
2012,ACTOR IN A SUPPORTING ROLE,Beginners,True
2012,ACTOR IN A SUPPORTING ROLE,Extremely Loud & Incredibly Close,False
2012,ACTRESS IN A LEADING ROLE,Albert Nobbs,False
2012,ACTRESS IN A LEADING ROLE,The Help,False
2012,ACTRESS IN A LEADING ROLE,The Girl with the Dragon Tattoo,False
2012,ACTRESS IN A LEADING ROLE,The Iron Lady,True
2012,ACTRESS IN A LEADING ROLE,My Week with Marilyn,False
2012,ACTRESS IN A SUPPORTING ROLE,The Artist,False
2012,ACTRESS IN A SUPPORTING ROLE,The Help,False
2012,ACTRESS IN A SUPPORTING ROLE,Bridesmaids,False
2012,ACTRESS IN A SUPPORTING ROLE,Albert Nobbs,False
2012,ACTRESS IN A SUPPORTING ROLE,The Help,True
2012,ANIMATED FEATURE FILM,A Cat in Paris,False
2012,ANIMATED FEATURE FILM,Chico & Rita,False
2012,ANIMATED FEATURE FILM,Kung Fu Panda 2,False
2012,ANIMATED FEATURE FILM,Puss in Boots,False
2012,ANIMATED FEATURE FILM,Rango,True
2012,ART DIRECTION,The Artist,False
2012,ART DIRECTION,Harry Potter and the Deathly Hallows Part 2,False
2012,ART DIRECTION,Hugo,True
2012,ART DIRECTION,Midnight in Paris,False
2012,ART DIRECTION,War Horse,False
2012,CINEMATOGRAPHY,The Artist,False
2012,CINEMATOGRAPHY,The Girl with the Dragon Tattoo,False
2012,CINEMATOGRAPHY,Hugo,True
2012,CINEMATOGRAPHY,The Tree of Life,False
2012,CINEMATOGRAPHY,War Horse,False
2012,COSTUME DESIGN,Anonymous,False
2012,COSTUME DESIGN,The Artist,True
2012,COSTUME DESIGN,Hugo,False
2012,COSTUME DESIGN,Jane Eyre,False
2012,COSTUME DESIGN,W.E.,False
2012,DIRECTING,The Artist,True
2012,DIRECTING,The Descendants,False
2012,DIRECTING,Hugo,False
2012,DIRECTING,Midnight in Paris,False
2012,DIRECTING,The Tree of Life,False
2012,DOCUMENTARY (Feature),Hell and Back Again,False
2012,DOCUMENTARY (Feature),If a Tree Falls: A Story of the Earth Liberation Front,False
2012,DOCUMENTARY (Feature),Paradise Lost 3: Purgatory,False
2012,DOCUMENTARY (Feature),Pina,False
2012,DOCUMENTARY (Feature),Undefeated,True
2012,DOCUMENTARY (Short Subject),The Barber of Birmingham: Foot Soldier of the Civil Rights Movement,False
2012,DOCUMENTARY (Short Subject),God Is the Bigger Elvis,False
2012,DOCUMENTARY (Short Subject),Incident in New Baghdad,False
2012,DOCUMENTARY (Short Subject),Saving Face,True
2012,DOCUMENTARY (Short Subject),The Tsunami and the Cherry Blossom,False
2012,FILM EDITING,The Artist,False
2012,FILM EDITING,The Descendants,False
2012,FILM EDITING,The Girl with the Dragon Tattoo,True
2012,FILM EDITING,Hugo,False
2012,FILM EDITING,Moneyball,False
2012,FOREIGN LANGUAGE FILM,Bullhead,False
2012,FOREIGN LANGUAGE FILM,Footnote,False
2012,FOREIGN LANGUAGE FILM,In Darkness,False
2012,FOREIGN LANGUAGE FILM,Monsieur Lazhar,False
2012,FOREIGN LANGUAGE FILM,A Separation,True
2012,MAKEUP,Albert Nobbs,False
2012,MAKEUP,Harry Potter and the Deathly Hallows Part 2,False
2012,MAKEUP,The Iron Lady,True
2012,MUSIC (Original Score),The Adventures of Tintin,False
2012,MUSIC (Original Score),The Artist,True
2012,MUSIC (Original Score),Hugo,False
2012,MUSIC (Original Score),Tinker Tailor Soldier Spy,False
2012,MUSIC (Original Score),War Horse,False
2012,MUSIC (Original Song),The Muppets,True
2012,MUSIC (Original Song),Rio,False
2012,BEST PICTURE,The Artist,True
2012,BEST PICTURE,The Descendants,False
2012,BEST PICTURE,Extremely Loud & Incredibly Close,False
2012,BEST PICTURE,The Help,False
2012,BEST PICTURE,Hugo,False
2012,BEST PICTURE,Midnight in Paris,False
2012,BEST PICTURE,Moneyball,False
2012,BEST PICTURE,The Tree of Life,False
2012,BEST PICTURE,War Horse,False
2012,SHORT FILM (Animated),Dimanche/Sunday,False
2012,SHORT FILM (Animated),The Fantastic Flying Books of Mr. Morris Lessmore,True
2012,SHORT FILM (Animated),La Luna,False
2012,SHORT FILM (Animated),A Morning Stroll,False
2012,SHORT FILM (Animated),Wild Life,False
2012,SHORT FILM (Live Action),Pentecost,False
2012,SHORT FILM (Live Action),Raju,False
2012,SHORT FILM (Live Action),The Shore,True
2012,SHORT FILM (Live Action),Time Freak,False
2012,SHORT FILM (Live Action),Tuba Atlantic,False
2012,SOUND EDITING,Drive,False
2012,SOUND EDITING,The Girl with the Dragon Tattoo,False
2012,SOUND EDITING,Hugo,True
2012,SOUND EDITING,Transformers: Dark of the Moon,False
2012,SOUND EDITING,War Horse,False
2012,SOUND MIXING,The Girl with the Dragon Tattoo,False
2012,SOUND MIXING,Hugo,True
2012,SOUND MIXING,Moneyball,False
2012,SOUND MIXING,Transformers: Dark of the Moon,False
2012,SOUND MIXING,War Horse,False
2012,VISUAL EFFECTS,Harry Potter and the Deathly Hallows Part 2,False
2012,VISUAL EFFECTS,Hugo,True
2012,VISUAL EFFECTS,Real Steel,False
2012,VISUAL EFFECTS,Rise of the Planet of the Apes,False
2012,VISUAL EFFECTS,Transformers: Dark of the Moon,False
2012,WRITING (Adapted Screenplay),The Descendants,True
2012,WRITING (Adapted Screenplay),Hugo,False
2012,WRITING (Adapted Screenplay),The Ides of March,False
2012,WRITING (Adapted Screenplay),Moneyball,False
2012,WRITING (Adapted Screenplay),Tinker Tailor Soldier Spy,False
2012,WRITING (Original Screenplay),The Artist,False
2012,WRITING (Original Screenplay),Bridesmaids,False
2012,WRITING (Original Screenplay),Margin Call,False
2012,WRITING (Original Screenplay),Midnight in Paris,True
2012,WRITING (Original Screenplay),A Separation,False
2012,JEAN HERSHOLT HUMANITARIAN AWARD,,True
2012,HONORARY AWARD,,True
2012,HONORARY AWARD,,True
2012,GORDON E. SAWYER AWARD,,True
2012,JOHN A. BONNER MEDAL OF COMMENDATION,,True
2013,ACTOR IN A LEADING ROLE,Silver Linings Playbook,False
2013,ACTOR IN A LEADING ROLE,Lincoln,True
2013,ACTOR IN A LEADING ROLE,Les Misérables,False
2013,ACTOR IN A LEADING ROLE,The Master,False
2013,ACTOR IN A LEADING ROLE,Flight,False
2013,ACTOR IN A SUPPORTING ROLE,Argo,False
2013,ACTOR IN A SUPPORTING ROLE,Silver Linings Playbook,False
2013,ACTOR IN A SUPPORTING ROLE,The Master,False
2013,ACTOR IN A SUPPORTING ROLE,Lincoln,False
2013,ACTOR IN A SUPPORTING ROLE,Django Unchained,True
2013,ACTRESS IN A LEADING ROLE,Zero Dark Thirty,False
2013,ACTRESS IN A LEADING ROLE,Silver Linings Playbook,True
2013,ACTRESS IN A LEADING ROLE,Amour,False
2013,ACTRESS IN A LEADING ROLE,Beasts of the Southern Wild,False
2013,ACTRESS IN A LEADING ROLE,The Impossible,False
2013,ACTRESS IN A SUPPORTING ROLE,The Master,False
2013,ACTRESS IN A SUPPORTING ROLE,Lincoln,False
2013,ACTRESS IN A SUPPORTING ROLE,Les Misérables,True
2013,ACTRESS IN A SUPPORTING ROLE,The Sessions,False
2013,ACTRESS IN A SUPPORTING ROLE,Silver Linings Playbook,False
2013,ANIMATED FEATURE FILM,Brave,True
2013,ANIMATED FEATURE FILM,Frankenweenie,False
2013,ANIMATED FEATURE FILM,ParaNorman,False
2013,ANIMATED FEATURE FILM,The Pirates! Band of Misfits,False
2013,ANIMATED FEATURE FILM,Wreck-It Ralph,False
2013,CINEMATOGRAPHY,Anna Karenina,False
2013,CINEMATOGRAPHY,Django Unchained,False
2013,CINEMATOGRAPHY,Life of Pi,True
2013,CINEMATOGRAPHY,Lincoln,False
2013,CINEMATOGRAPHY,Skyfall,False
2013,COSTUME DESIGN,Anna Karenina,True
2013,COSTUME DESIGN,Les Misérables,False
2013,COSTUME DESIGN,Lincoln,False
2013,COSTUME DESIGN,Mirror Mirror,False
2013,COSTUME DESIGN,Snow White and the Huntsman,False
2013,DIRECTING,Amour,False
2013,DIRECTING,Beasts of the Southern Wild,False
2013,DIRECTING,Life of Pi,True
2013,DIRECTING,Lincoln,False
2013,DIRECTING,Silver Linings Playbook,False
2013,DOCUMENTARY (Feature),5 Broken Cameras,False
2013,DOCUMENTARY (Feature),The Gatekeepers,False
2013,DOCUMENTARY (Feature),How to Survive a Plague,False
2013,DOCUMENTARY (Feature),The Invisible War,False
2013,DOCUMENTARY (Feature),Searching for Sugar Man,True
2013,DOCUMENTARY (Short Subject),Inocente,True
2013,DOCUMENTARY (Short Subject),Kings Point,False
2013,DOCUMENTARY (Short Subject),Mondays at Racine,False
2013,DOCUMENTARY (Short Subject),Open Heart,False
2013,DOCUMENTARY (Short Subject),Redemption,False
2013,FILM EDITING,Argo,True
2013,FILM EDITING,Life of Pi,False
2013,FILM EDITING,Lincoln,False
2013,FILM EDITING,Silver Linings Playbook,False
2013,FILM EDITING,Zero Dark Thirty,False
2013,FOREIGN LANGUAGE FILM,Amour,True
2013,FOREIGN LANGUAGE FILM,Kon-Tiki,False
2013,FOREIGN LANGUAGE FILM,No,False
2013,FOREIGN LANGUAGE FILM,A Royal Affair,False
2013,FOREIGN LANGUAGE FILM,War Witch,False
2013,MAKEUP AND HAIRSTYLING,Hitchcock,False
2013,MAKEUP AND HAIRSTYLING,The Hobbit: An Unexpected Journey,False
2013,MAKEUP AND HAIRSTYLING,Les Misérables,True
2013,MUSIC (Original Score),Anna Karenina,False
2013,MUSIC (Original Score),Argo,False
2013,MUSIC (Original Score),Life of Pi,True
2013,MUSIC (Original Score),Lincoln,False
2013,MUSIC (Original Score),Skyfall,False
2013,MUSIC (Original Song),Chasing Ice,False
2013,MUSIC (Original Song),Ted,False
2013,MUSIC (Original Song),Life of Pi,False
2013,MUSIC (Original Song),Skyfall,True
2013,MUSIC (Original Song),Les Misérables,False
2013,BEST PICTURE,Amour,False
2013,BEST PICTURE,Argo,True
2013,BEST PICTURE,Beasts of the Southern Wild,False
2013,BEST PICTURE,Django Unchained,False
2013,BEST PICTURE,Les Misérables,False
2013,BEST PICTURE,Life of Pi,False
2013,BEST PICTURE,Lincoln,False
2013,BEST PICTURE,Silver Linings Playbook,False
2013,BEST PICTURE,Zero Dark Thirty,False
2013,PRODUCTION DESIGN,Anna Karenina,False
2013,PRODUCTION DESIGN,The Hobbit: An Unexpected Journey,False
2013,PRODUCTION DESIGN,Les Misérables,False
2013,PRODUCTION DESIGN,Life of Pi,False
2013,PRODUCTION DESIGN,Lincoln,True
2013,SHORT FILM (Animated),Adam and Dog,False
2013,SHORT FILM (Animated),Fresh Guacamole,False
2013,SHORT FILM (Animated),Head over Heels,False
2013,SHORT FILM (Animated),"Maggie Simpson in ""The Longest Daycare""",False
2013,SHORT FILM (Animated),Paperman,True
2013,SHORT FILM (Live Action),Asad,False
2013,SHORT FILM (Live Action),Buzkashi Boys,False
2013,SHORT FILM (Live Action),Curfew,True
2013,SHORT FILM (Live Action),Death of a Shadow (Dood van een Schaduw),False
2013,SHORT FILM (Live Action),Henry,False
2013,SOUND EDITING,Argo,False
2013,SOUND EDITING,Django Unchained,False
2013,SOUND EDITING,Life of Pi,False
2013,SOUND EDITING,Skyfall,True
2013,SOUND EDITING,Zero Dark Thirty,True
2013,SOUND MIXING,Argo,False
2013,SOUND MIXING,Les Misérables,True
2013,SOUND MIXING,Life of Pi,False
2013,SOUND MIXING,Lincoln,False
2013,SOUND MIXING,Skyfall,False
2013,VISUAL EFFECTS,The Hobbit: An Unexpected Journey,False
2013,VISUAL EFFECTS,Life of Pi,True
2013,VISUAL EFFECTS,Marvel's The Avengers,False
2013,VISUAL EFFECTS,Prometheus,False
2013,VISUAL EFFECTS,Snow White and the Huntsman,False
2013,WRITING (Adapted Screenplay),Argo,True
2013,WRITING (Adapted Screenplay),Beasts of the Southern Wild,False
2013,WRITING (Adapted Screenplay),Life of Pi,False
2013,WRITING (Adapted Screenplay),Lincoln,False
2013,WRITING (Adapted Screenplay),Silver Linings Playbook,False
2013,WRITING (Original Screenplay),Amour,False
2013,WRITING (Original Screenplay),Django Unchained,True
2013,WRITING (Original Screenplay),Flight,False
2013,WRITING (Original Screenplay),Moonrise Kingdom,False
2013,WRITING (Original Screenplay),Zero Dark Thirty,False
2013,JEAN HERSHOLT HUMANITARIAN AWARD,,True
2013,HONORARY AWARD,,True
2013,HONORARY AWARD,,True
2013,HONORARY AWARD,,True
2013,JOHN A. BONNER MEDAL OF COMMENDATION,,True
2014,ACTOR IN A LEADING ROLE,American Hustle,False
2014,ACTOR IN A LEADING ROLE,Nebraska,False
2014,ACTOR IN A LEADING ROLE,The Wolf of Wall Street,False
2014,ACTOR IN A LEADING ROLE,12 Years a Slave,False
2014,ACTOR IN A LEADING ROLE,Dallas Buyers Club,True
2014,ACTOR IN A SUPPORTING ROLE,Captain Phillips,False
2014,ACTOR IN A SUPPORTING ROLE,American Hustle,False
2014,ACTOR IN A SUPPORTING ROLE,12 Years a Slave,False
2014,ACTOR IN A SUPPORTING ROLE,The Wolf of Wall Street,False
2014,ACTOR IN A SUPPORTING ROLE,Dallas Buyers Club,True
2014,ACTRESS IN A LEADING ROLE,American Hustle,False
2014,ACTRESS IN A LEADING ROLE,Blue Jasmine,True
2014,ACTRESS IN A LEADING ROLE,Gravity,False
2014,ACTRESS IN A LEADING ROLE,Philomena,False
2014,ACTRESS IN A LEADING ROLE,August: Osage County,False
2014,ACTRESS IN A SUPPORTING ROLE,Blue Jasmine,False
2014,ACTRESS IN A SUPPORTING ROLE,American Hustle,False
2014,ACTRESS IN A SUPPORTING ROLE,12 Years a Slave,True
2014,ACTRESS IN A SUPPORTING ROLE,August: Osage County,False
2014,ACTRESS IN A SUPPORTING ROLE,Nebraska,False
2014,ANIMATED FEATURE FILM,The Croods,False
2014,ANIMATED FEATURE FILM,Despicable Me 2,False
2014,ANIMATED FEATURE FILM,Ernest & Celestine,False
2014,ANIMATED FEATURE FILM,Frozen,True
2014,ANIMATED FEATURE FILM,The Wind Rises,False
2014,CINEMATOGRAPHY,The Grandmaster,False
2014,CINEMATOGRAPHY,Gravity,True
2014,CINEMATOGRAPHY,Inside Llewyn Davis,False
2014,CINEMATOGRAPHY,Nebraska,False
2014,CINEMATOGRAPHY,Prisoners,False
2014,COSTUME DESIGN,American Hustle,False
2014,COSTUME DESIGN,The Grandmaster,False
2014,COSTUME DESIGN,The Great Gatsby,True
2014,COSTUME DESIGN,The Invisible Woman,False
2014,COSTUME DESIGN,12 Years a Slave,False
2014,DIRECTING,American Hustle,False
2014,DIRECTING,Gravity,True
2014,DIRECTING,Nebraska,False
2014,DIRECTING,12 Years a Slave,False
2014,DIRECTING,The Wolf of Wall Street,False
2014,DOCUMENTARY (Feature),The Act of Killing,False
2014,DOCUMENTARY (Feature),Cutie and the Boxer,False
2014,DOCUMENTARY (Feature),Dirty Wars,False
2014,DOCUMENTARY (Feature),The Square,False
2014,DOCUMENTARY (Feature),20 Feet from Stardom,True
2014,DOCUMENTARY (Short Subject),CaveDigger,False
2014,DOCUMENTARY (Short Subject),Facing Fear,False
2014,DOCUMENTARY (Short Subject),Karama Has No Walls,False
2014,DOCUMENTARY (Short Subject),The Lady in Number 6: Music Saved My Life,True
2014,DOCUMENTARY (Short Subject),Prison Terminal: The Last Days of Private Jack Hall,False
2014,FILM EDITING,American Hustle,False
2014,FILM EDITING,Captain Phillips,False
2014,FILM EDITING,Dallas Buyers Club,False
2014,FILM EDITING,Gravity,True
2014,FILM EDITING,12 Years a Slave,False
2014,FOREIGN LANGUAGE FILM,The Broken Circle Breakdown,False
2014,FOREIGN LANGUAGE FILM,The Great Beauty,True
2014,FOREIGN LANGUAGE FILM,The Hunt,False
2014,FOREIGN LANGUAGE FILM,The Missing Picture,False
2014,FOREIGN LANGUAGE FILM,Omar,False
2014,MAKEUP AND HAIRSTYLING,Dallas Buyers Club,True
2014,MAKEUP AND HAIRSTYLING,Jackass Presents: Bad Grandpa,False
2014,MAKEUP AND HAIRSTYLING,The Lone Ranger,False
2014,MUSIC (Original Score),The Book Thief,False
2014,MUSIC (Original Score),Gravity,True
2014,MUSIC (Original Score),Her,False
2014,MUSIC (Original Score),Philomena,False
2014,MUSIC (Original Score),Saving Mr. Banks,False
2014,MUSIC (Original Song),Alone Yet Not Alone,False
2014,MUSIC (Original Song),Despicable Me 2,False
2014,MUSIC (Original Song),Frozen,True
2014,MUSIC (Original Song),Her,False
2014,MUSIC (Original Song),Mandela: Long Walk to Freedom,False
2014,BEST PICTURE,American Hustle,False
2014,BEST PICTURE,Captain Phillips,False
2014,BEST PICTURE,Dallas Buyers Club,False
2014,BEST PICTURE,Gravity,False
2014,BEST PICTURE,Her,False
2014,BEST PICTURE,Nebraska,False
2014,BEST PICTURE,Philomena,False
2014,BEST PICTURE,12 Years a Slave,True
2014,BEST PICTURE,The Wolf of Wall Street,False
2014,PRODUCTION DESIGN,American Hustle,False
2014,PRODUCTION DESIGN,Gravity,False
2014,PRODUCTION DESIGN,The Great Gatsby,True
2014,PRODUCTION DESIGN,Her,False
2014,PRODUCTION DESIGN,12 Years a Slave,False
2014,SHORT FILM (Animated),Feral,False
2014,SHORT FILM (Animated),Get a Horse!,False
2014,SHORT FILM (Animated),Mr. Hublot,True
2014,SHORT FILM (Animated),Possessions,False
2014,SHORT FILM (Animated),Room on the Broom,False
2014,SHORT FILM (Live Action),Aquel No Era Yo (That Wasn't Me),False
2014,SHORT FILM (Live Action),Avant Que De Tout Perdre (Just before Losing Everything),False
2014,SHORT FILM (Live Action),Helium,True
2014,SHORT FILM (Live Action),Pitääkö Mun Kaikki Hoitaa? (Do I Have to Take Care of Everything?),False
2014,SHORT FILM (Live Action),The Voorman Problem,False
2014,SOUND EDITING,All Is Lost,False
2014,SOUND EDITING,Captain Phillips,False
2014,SOUND EDITING,Gravity,True
2014,SOUND EDITING,The Hobbit: The Desolation of Smaug,False
2014,SOUND EDITING,Lone Survivor,False
2014,SOUND MIXING,Captain Phillips,False
2014,SOUND MIXING,Gravity,True
2014,SOUND MIXING,The Hobbit: The Desolation of Smaug,False
2014,SOUND MIXING,Inside Llewyn Davis,False
2014,SOUND MIXING,Lone Survivor,False
2014,VISUAL EFFECTS,Gravity,True
2014,VISUAL EFFECTS,The Hobbit: The Desolation of Smaug,False
2014,VISUAL EFFECTS,Iron Man 3,False
2014,VISUAL EFFECTS,The Lone Ranger,False
2014,VISUAL EFFECTS,Star Trek Into Darkness,False
2014,WRITING (Adapted Screenplay),Before Midnight,False
2014,WRITING (Adapted Screenplay),Captain Phillips,False
2014,WRITING (Adapted Screenplay),Philomena,False
2014,WRITING (Adapted Screenplay),12 Years a Slave,True
2014,WRITING (Adapted Screenplay),The Wolf of Wall Street,False
2014,WRITING (Original Screenplay),American Hustle,False
2014,WRITING (Original Screenplay),Blue Jasmine,False
2014,WRITING (Original Screenplay),Dallas Buyers Club,False
2014,WRITING (Original Screenplay),Her,True
2014,WRITING (Original Screenplay),Nebraska,False
2014,JEAN HERSHOLT HUMANITARIAN AWARD,,True
2014,HONORARY AWARD,,True
2014,HONORARY AWARD,,True
2014,HONORARY AWARD,,True
2014,GORDON E. SAWYER AWARD,,True
2014,JOHN A. BONNER MEDAL OF COMMENDATION,,True
2015,ACTOR IN A LEADING ROLE,Foxcatcher,False
2015,ACTOR IN A LEADING ROLE,American Sniper,False
2015,ACTOR IN A LEADING ROLE,The Imitation Game,False
2015,ACTOR IN A LEADING ROLE,Birdman or (The Unexpected Virtue of Ignorance),False
2015,ACTOR IN A LEADING ROLE,The Theory of Everything,True
2015,ACTOR IN A SUPPORTING ROLE,The Judge,False
2015,ACTOR IN A SUPPORTING ROLE,Boyhood,False
2015,ACTOR IN A SUPPORTING ROLE,Birdman or (The Unexpected Virtue of Ignorance),False
2015,ACTOR IN A SUPPORTING ROLE,Foxcatcher,False
2015,ACTOR IN A SUPPORTING ROLE,Whiplash,True
2015,ACTRESS IN A LEADING ROLE,"Two Days, One Night",False
2015,ACTRESS IN A LEADING ROLE,The Theory of Everything,False
2015,ACTRESS IN A LEADING ROLE,Still Alice,True
2015,ACTRESS IN A LEADING ROLE,Gone Girl,False
2015,ACTRESS IN A LEADING ROLE,Wild,False
2015,ACTRESS IN A SUPPORTING ROLE,Boyhood,True
2015,ACTRESS IN A SUPPORTING ROLE,Wild,False
2015,ACTRESS IN A SUPPORTING ROLE,The Imitation Game,False
2015,ACTRESS IN A SUPPORTING ROLE,Birdman or (The Unexpected Virtue of Ignorance),False
2015,ACTRESS IN A SUPPORTING ROLE,Into the Woods,False
2015,ANIMATED FEATURE FILM,Big Hero 6,True
2015,ANIMATED FEATURE FILM,The Boxtrolls,False
2015,ANIMATED FEATURE FILM,How to Train Your Dragon 2,False
2015,ANIMATED FEATURE FILM,Song of the Sea,False
2015,ANIMATED FEATURE FILM,The Tale of the Princess Kaguya,False
2015,CINEMATOGRAPHY,Birdman or (The Unexpected Virtue of Ignorance),True
2015,CINEMATOGRAPHY,The Grand Budapest Hotel,False
2015,CINEMATOGRAPHY,Ida,False
2015,CINEMATOGRAPHY,Mr. Turner,False
2015,CINEMATOGRAPHY,Unbroken,False
2015,COSTUME DESIGN,The Grand Budapest Hotel,True
2015,COSTUME DESIGN,Inherent Vice,False
2015,COSTUME DESIGN,Into the Woods,False
2015,COSTUME DESIGN,Maleficent,False
2015,COSTUME DESIGN,Mr. Turner,False
2015,DIRECTING,Birdman or (The Unexpected Virtue of Ignorance),True
2015,DIRECTING,Boyhood,False
2015,DIRECTING,Foxcatcher,False
2015,DIRECTING,The Grand Budapest Hotel,False
2015,DIRECTING,The Imitation Game,False
2015,DOCUMENTARY (Feature),CitizenFour,True
2015,DOCUMENTARY (Feature),Finding Vivian Maier,False
2015,DOCUMENTARY (Feature),Last Days in Vietnam,False
2015,DOCUMENTARY (Feature),The Salt of the Earth,False
2015,DOCUMENTARY (Feature),Virunga,False
2015,DOCUMENTARY (Short Subject),Crisis Hotline: Veterans Press 1,True
2015,DOCUMENTARY (Short Subject),Joanna,False
2015,DOCUMENTARY (Short Subject),Our Curse,False
2015,DOCUMENTARY (Short Subject),The Reaper (La Parka),False
2015,DOCUMENTARY (Short Subject),White Earth,False
2015,FILM EDITING,American Sniper,False
2015,FILM EDITING,Boyhood,False
2015,FILM EDITING,The Grand Budapest Hotel,False
2015,FILM EDITING,The Imitation Game,False
2015,FILM EDITING,Whiplash,True
2015,FOREIGN LANGUAGE FILM,Ida,True
2015,FOREIGN LANGUAGE FILM,Leviathan,False
2015,FOREIGN LANGUAGE FILM,Tangerines,False
2015,FOREIGN LANGUAGE FILM,Timbuktu,False
2015,FOREIGN LANGUAGE FILM,Wild Tales,False
2015,MAKEUP AND HAIRSTYLING,Foxcatcher,False
2015,MAKEUP AND HAIRSTYLING,The Grand Budapest Hotel,True
2015,MAKEUP AND HAIRSTYLING,Guardians of the Galaxy,False
2015,MUSIC (Original Score),The Grand Budapest Hotel,True
2015,MUSIC (Original Score),The Imitation Game,False
2015,MUSIC (Original Score),Interstellar,False
2015,MUSIC (Original Score),Mr. Turner,False
2015,MUSIC (Original Score),The Theory of Everything,False
2015,MUSIC (Original Song),The Lego Movie,False
2015,MUSIC (Original Song),Selma,True
2015,MUSIC (Original Song),Beyond the Lights,False
2015,MUSIC (Original Song),Glen Campbell...I'll Be Me,False
2015,MUSIC (Original Song),Begin Again,False
2015,BEST PICTURE,American Sniper,False
2015,BEST PICTURE,Birdman or (The Unexpected Virtue of Ignorance),True
2015,BEST PICTURE,Boyhood,False
2015,BEST PICTURE,The Grand Budapest Hotel,False
2015,BEST PICTURE,The Imitation Game,False
2015,BEST PICTURE,Selma,False
2015,BEST PICTURE,The Theory of Everything,False
2015,BEST PICTURE,Whiplash,False
2015,PRODUCTION DESIGN,The Grand Budapest Hotel,True
2015,PRODUCTION DESIGN,The Imitation Game,False
2015,PRODUCTION DESIGN,Interstellar,False
2015,PRODUCTION DESIGN,Into the Woods,False
2015,PRODUCTION DESIGN,Mr. Turner,False
2015,SHORT FILM (Animated),The Bigger Picture,False
2015,SHORT FILM (Animated),The Dam Keeper,False
2015,SHORT FILM (Animated),Feast,True
2015,SHORT FILM (Animated),Me and My Moulton,False
2015,SHORT FILM (Animated),A Single Life,False
2015,SHORT FILM (Live Action),Aya,False
2015,SHORT FILM (Live Action),Boogaloo and Graham,False
2015,SHORT FILM (Live Action),Butter Lamp (La Lampe Au Beurre De Yak),False
2015,SHORT FILM (Live Action),Parvaneh,False
2015,SHORT FILM (Live Action),The Phone Call,True
2015,SOUND EDITING,American Sniper,True
2015,SOUND EDITING,Birdman or (The Unexpected Virtue of Ignorance),False
2015,SOUND EDITING,The Hobbit: The Battle of the Five Armies,False
2015,SOUND EDITING,Interstellar,False
2015,SOUND EDITING,Unbroken,False
2015,SOUND MIXING,American Sniper,False
2015,SOUND MIXING,Birdman or (The Unexpected Virtue of Ignorance),False
2015,SOUND MIXING,Interstellar,False
2015,SOUND MIXING,Unbroken,False
2015,SOUND MIXING,Whiplash,True
2015,VISUAL EFFECTS,Captain America: The Winter Soldier,False
2015,VISUAL EFFECTS,Dawn of the Planet of the Apes,False
2015,VISUAL EFFECTS,Guardians of the Galaxy,False
2015,VISUAL EFFECTS,Interstellar,True
2015,VISUAL EFFECTS,X-Men: Days of Future Past,False
2015,WRITING (Adapted Screenplay),American Sniper,False
2015,WRITING (Adapted Screenplay),The Imitation Game,True
2015,WRITING (Adapted Screenplay),Inherent Vice,False
2015,WRITING (Adapted Screenplay),The Theory of Everything,False
2015,WRITING (Adapted Screenplay),Whiplash,False
2015,WRITING (Original Screenplay),Birdman or (The Unexpected Virtue of Ignorance),True
2015,WRITING (Original Screenplay),Boyhood,False
2015,WRITING (Original Screenplay),Foxcatcher,False
2015,WRITING (Original Screenplay),The Grand Budapest Hotel,False
2015,WRITING (Original Screenplay),Nightcrawler,False
2015,JEAN HERSHOLT HUMANITARIAN AWARD,,True
2015,HONORARY AWARD,,True
2015,HONORARY AWARD,,True
2015,HONORARY AWARD,,True
2015,GORDON E. SAWYER AWARD,,True
2015,AWARD OF COMMENDATION,,True
2016,ACTOR IN A LEADING ROLE,Trumbo,False
2016,ACTOR IN A LEADING ROLE,The Martian,False
2016,ACTOR IN A LEADING ROLE,The Revenant,True
2016,ACTOR IN A LEADING ROLE,Steve Jobs,False
2016,ACTOR IN A LEADING ROLE,The Danish Girl,False
2016,ACTOR IN A SUPPORTING ROLE,The Big Short,False
2016,ACTOR IN A SUPPORTING ROLE,The Revenant,False
2016,ACTOR IN A SUPPORTING ROLE,Spotlight,False
2016,ACTOR IN A SUPPORTING ROLE,Bridge of Spies,True
2016,ACTOR IN A SUPPORTING ROLE,Creed,False
2016,ACTRESS IN A LEADING ROLE,Carol,False
2016,ACTRESS IN A LEADING ROLE,Room,True
2016,ACTRESS IN A LEADING ROLE,Joy,False
2016,ACTRESS IN A LEADING ROLE,45 Years,False
2016,ACTRESS IN A LEADING ROLE,Brooklyn,False
2016,ACTRESS IN A SUPPORTING ROLE,The Hateful Eight,False
2016,ACTRESS IN A SUPPORTING ROLE,Carol,False
2016,ACTRESS IN A SUPPORTING ROLE,Spotlight,False
2016,ACTRESS IN A SUPPORTING ROLE,The Danish Girl,True
2016,ACTRESS IN A SUPPORTING ROLE,Steve Jobs,False
2016,ANIMATED FEATURE FILM,Anomalisa,False
2016,ANIMATED FEATURE FILM,Boy and the World,False
2016,ANIMATED FEATURE FILM,Inside Out,True
2016,ANIMATED FEATURE FILM,Shaun the Sheep Movie,False
2016,ANIMATED FEATURE FILM,When Marnie Was There,False
2016,CINEMATOGRAPHY,Carol,False
2016,CINEMATOGRAPHY,The Hateful Eight,False
2016,CINEMATOGRAPHY,Mad Max: Fury Road,False
2016,CINEMATOGRAPHY,The Revenant,True
2016,CINEMATOGRAPHY,Sicario,False
2016,COSTUME DESIGN,Carol,False
2016,COSTUME DESIGN,Cinderella,False
2016,COSTUME DESIGN,The Danish Girl,False
2016,COSTUME DESIGN,Mad Max: Fury Road,True
2016,COSTUME DESIGN,The Revenant,False
2016,DIRECTING,The Big Short,False
2016,DIRECTING,Mad Max: Fury Road,False
2016,DIRECTING,The Revenant,True
2016,DIRECTING,Room,False
2016,DIRECTING,Spotlight,False
2016,DOCUMENTARY (Feature),Amy,True
2016,DOCUMENTARY (Feature),Cartel Land,False
2016,DOCUMENTARY (Feature),The Look of Silence,False
2016,DOCUMENTARY (Feature),"What Happened, Miss Simone?",False
2016,DOCUMENTARY (Feature),Winter on Fire: Ukraine's Fight for Freedom,False
2016,DOCUMENTARY (Short Subject),Body Team 12,False
2016,DOCUMENTARY (Short Subject),"Chau, beyond the Lines",False
2016,DOCUMENTARY (Short Subject),Claude Lanzmann: Spectres of the Shoah,False
2016,DOCUMENTARY (Short Subject),A Girl in the River: The Price of Forgiveness,True
2016,DOCUMENTARY (Short Subject),Last Day of Freedom,False
2016,FILM EDITING,The Big Short,False
2016,FILM EDITING,Mad Max: Fury Road,True
2016,FILM EDITING,The Revenant,False
2016,FILM EDITING,Spotlight,False
2016,FILM EDITING,Star Wars: The Force Awakens,False
2016,FOREIGN LANGUAGE FILM,Embrace of the Serpent,False
2016,FOREIGN LANGUAGE FILM,Mustang,False
2016,FOREIGN LANGUAGE FILM,Son of Saul,True
2016,FOREIGN LANGUAGE FILM,Theeb,False
2016,FOREIGN LANGUAGE FILM,A War,False
2016,MAKEUP AND HAIRSTYLING,Mad Max: Fury Road,True
2016,MAKEUP AND HAIRSTYLING,The 100-Year-Old Man Who Climbed out the Window and Disappeared,False
2016,MAKEUP AND HAIRSTYLING,The Revenant,False
2016,MUSIC (Original Score),Bridge of Spies,False
2016,MUSIC (Original Score),Carol,False
2016,MUSIC (Original Score),The Hateful Eight,True
2016,MUSIC (Original Score),Sicario,False
2016,MUSIC (Original Score),Star Wars: The Force Awakens,False
2016,MUSIC (Original Song),Fifty Shades of Grey,False
2016,MUSIC (Original Song),Racing Extinction,False
2016,MUSIC (Original Song),Youth,False
2016,MUSIC (Original Song),The Hunting Ground,False
2016,MUSIC (Original Song),Spectre,True
2016,BEST PICTURE,The Big Short,False
2016,BEST PICTURE,Bridge of Spies,False
2016,BEST PICTURE,Brooklyn,False
2016,BEST PICTURE,Mad Max: Fury Road,False
2016,BEST PICTURE,The Martian,False
2016,BEST PICTURE,The Revenant,False
2016,BEST PICTURE,Room,False
2016,BEST PICTURE,Spotlight,True
2016,PRODUCTION DESIGN,Bridge of Spies,False
2016,PRODUCTION DESIGN,The Danish Girl,False
2016,PRODUCTION DESIGN,Mad Max: Fury Road,True
2016,PRODUCTION DESIGN,The Martian,False
2016,PRODUCTION DESIGN,The Revenant,False
2016,SHORT FILM (Animated),Bear Story,True
2016,SHORT FILM (Animated),Prologue,False
2016,SHORT FILM (Animated),Sanjay's Super Team,False
2016,SHORT FILM (Animated),We Can't Live without Cosmos,False
2016,SHORT FILM (Animated),World of Tomorrow,False
2016,SHORT FILM (Live Action),Ave Maria,False
2016,SHORT FILM (Live Action),Day One,False
2016,SHORT FILM (Live Action),Everything Will Be Okay (Alles Wird Gut),False
2016,SHORT FILM (Live Action),Shok,False
2016,SHORT FILM (Live Action),Stutterer,True
2016,SOUND EDITING,Mad Max: Fury Road,True
2016,SOUND EDITING,The Martian,False
2016,SOUND EDITING,The Revenant,False
2016,SOUND EDITING,Sicario,False
2016,SOUND EDITING,Star Wars: The Force Awakens,False
2016,SOUND MIXING,Bridge of Spies,False
2016,SOUND MIXING,Mad Max: Fury Road,True
2016,SOUND MIXING,The Martian,False
2016,SOUND MIXING,The Revenant,False
2016,SOUND MIXING,Star Wars: The Force Awakens,False
2016,VISUAL EFFECTS,Ex Machina,True
2016,VISUAL EFFECTS,Mad Max: Fury Road,False
2016,VISUAL EFFECTS,The Martian,False
2016,VISUAL EFFECTS,The Revenant,False
2016,VISUAL EFFECTS,Star Wars: The Force Awakens,False
2016,WRITING (Adapted Screenplay),The Big Short,True
2016,WRITING (Adapted Screenplay),Brooklyn,False
2016,WRITING (Adapted Screenplay),Carol,False
2016,WRITING (Adapted Screenplay),The Martian,False
2016,WRITING (Adapted Screenplay),Room,False
2016,WRITING (Original Screenplay),Bridge of Spies,False
2016,WRITING (Original Screenplay),Ex Machina,False
2016,WRITING (Original Screenplay),Inside Out,False
2016,WRITING (Original Screenplay),Spotlight,True
2016,WRITING (Original Screenplay),Straight Outta Compton,False
2016,JEAN HERSHOLT HUMANITARIAN AWARD,,True
2016,HONORARY AWARD,,True
2016,HONORARY AWARD,,True
2017,ACTOR IN A LEADING ROLE,Manchester by the Sea,True
2017,ACTOR IN A LEADING ROLE,Hacksaw Ridge,False
2017,ACTOR IN A LEADING ROLE,La La Land,False
2017,ACTOR IN A LEADING ROLE,Captain Fantastic,False
2017,ACTOR IN A LEADING ROLE,Fences,False
2017,ACTOR IN A SUPPORTING ROLE,Moonlight,True
2017,ACTOR IN A SUPPORTING ROLE,Hell or High Water,False
2017,ACTOR IN A SUPPORTING ROLE,Manchester by the Sea,False
2017,ACTOR IN A SUPPORTING ROLE,Lion,False
2017,ACTOR IN A SUPPORTING ROLE,Nocturnal Animals,False
2017,ACTRESS IN A LEADING ROLE,Elle,False
2017,ACTRESS IN A LEADING ROLE,Loving,False
2017,ACTRESS IN A LEADING ROLE,Jackie,False
2017,ACTRESS IN A LEADING ROLE,La La Land,True
2017,ACTRESS IN A LEADING ROLE,Florence Foster Jenkins,False
2017,ACTRESS IN A SUPPORTING ROLE,Fences,True
2017,ACTRESS IN A SUPPORTING ROLE,Moonlight,False
2017,ACTRESS IN A SUPPORTING ROLE,Lion,False
2017,ACTRESS IN A SUPPORTING ROLE,Hidden Figures,False
2017,ACTRESS IN A SUPPORTING ROLE,Manchester by the Sea,False
2017,ANIMATED FEATURE FILM,Kubo and the Two Strings,False
2017,ANIMATED FEATURE FILM,Moana,False
2017,ANIMATED FEATURE FILM,My Life as a Zucchini,False
2017,ANIMATED FEATURE FILM,The Red Turtle,False
2017,ANIMATED FEATURE FILM,Zootopia,True
2017,CINEMATOGRAPHY,Arrival,False
2017,CINEMATOGRAPHY,La La Land,True
2017,CINEMATOGRAPHY,Lion,False
2017,CINEMATOGRAPHY,Moonlight,False
2017,CINEMATOGRAPHY,Silence,False
2017,COSTUME DESIGN,Allied,False
2017,COSTUME DESIGN,Fantastic Beasts and Where to Find Them,True
2017,COSTUME DESIGN,Florence Foster Jenkins,False
2017,COSTUME DESIGN,Jackie,False
2017,COSTUME DESIGN,La La Land,False
2017,DIRECTING,Arrival,False
2017,DIRECTING,Hacksaw Ridge,False
2017,DIRECTING,La La Land,True
2017,DIRECTING,Manchester by the Sea,False
2017,DIRECTING,Moonlight,False
2017,DOCUMENTARY (Feature),Fire at Sea,False
2017,DOCUMENTARY (Feature),I Am Not Your Negro,False
2017,DOCUMENTARY (Feature),"Life, Animated",False
2017,DOCUMENTARY (Feature),O.J.: Made in America,True
2017,DOCUMENTARY (Feature),13th,False
2017,DOCUMENTARY (Short Subject),Extremis,False
2017,DOCUMENTARY (Short Subject),4.1 Miles,False
2017,DOCUMENTARY (Short Subject),Joe's Violin,False
2017,DOCUMENTARY (Short Subject),Watani: My Homeland,False
2017,DOCUMENTARY (Short Subject),The White Helmets,True
2017,FILM EDITING,Arrival,False
2017,FILM EDITING,Hacksaw Ridge,True
2017,FILM EDITING,Hell or High Water,False
2017,FILM EDITING,La La Land,False
2017,FILM EDITING,Moonlight,False
2017,FOREIGN LANGUAGE FILM,Land of Mine,False
2017,FOREIGN LANGUAGE FILM,A Man Called Ove,False
2017,FOREIGN LANGUAGE FILM,The Salesman,True
2017,FOREIGN LANGUAGE FILM,Tanna,False
2017,FOREIGN LANGUAGE FILM,Toni Erdmann,False
2017,MAKEUP AND HAIRSTYLING,A Man Called Ove,False
2017,MAKEUP AND HAIRSTYLING,Star Trek Beyond,False
2017,MAKEUP AND HAIRSTYLING,Suicide Squad,True
2017,MUSIC (Original Score),Jackie,False
2017,MUSIC (Original Score),La La Land,True
2017,MUSIC (Original Score),Lion,False
2017,MUSIC (Original Score),Moonlight,False
2017,MUSIC (Original Score),Passengers,False
2017,MUSIC (Original Song),La La Land,False
2017,MUSIC (Original Song),Trolls,False
2017,MUSIC (Original Song),La La Land,True
2017,MUSIC (Original Song),Jim: The James Foley Story,False
2017,MUSIC (Original Song),Moana,False
2017,BEST PICTURE,Arrival,False
2017,BEST PICTURE,Fences,False
2017,BEST PICTURE,Hacksaw Ridge,False
2017,BEST PICTURE,Hell or High Water,False
2017,BEST PICTURE,Hidden Figures,False
2017,BEST PICTURE,La La Land,False
2017,BEST PICTURE,Lion,False
2017,BEST PICTURE,Manchester by the Sea,False
2017,BEST PICTURE,Moonlight,True
2017,PRODUCTION DESIGN,Arrival,False
2017,PRODUCTION DESIGN,Fantastic Beasts and Where to Find Them,False
2017,PRODUCTION DESIGN,"Hail, Caesar!",False
2017,PRODUCTION DESIGN,La La Land,True
2017,PRODUCTION DESIGN,Passengers,False
2017,SHORT FILM (Animated),Blind Vaysha,False
2017,SHORT FILM (Animated),Borrowed Time,False
2017,SHORT FILM (Animated),Pear Cider and Cigarettes,False
2017,SHORT FILM (Animated),Pearl,False
2017,SHORT FILM (Animated),Piper,True
2017,SHORT FILM (Live Action),Ennemis Intérieurs,False
2017,SHORT FILM (Live Action),La Femme et le TGV,False
2017,SHORT FILM (Live Action),Silent Nights,False
2017,SHORT FILM (Live Action),Sing,True
2017,SHORT FILM (Live Action),Timecode,False
2017,SOUND EDITING,Arrival,True
2017,SOUND EDITING,Deepwater Horizon,False
2017,SOUND EDITING,Hacksaw Ridge,False
2017,SOUND EDITING,La La Land,False
2017,SOUND EDITING,Sully,False
2017,SOUND MIXING,Arrival,False
2017,SOUND MIXING,Hacksaw Ridge,True
2017,SOUND MIXING,La La Land,False
2017,SOUND MIXING,Rogue One: A Star Wars Story,False
2017,SOUND MIXING,13 Hours: The Secret Soldiers of Benghazi,False
2017,VISUAL EFFECTS,Deepwater Horizon,False
2017,VISUAL EFFECTS,Doctor Strange,False
2017,VISUAL EFFECTS,The Jungle Book,True
2017,VISUAL EFFECTS,Kubo and the Two Strings,False
2017,VISUAL EFFECTS,Rogue One: A Star Wars Story,False
2017,WRITING (Adapted Screenplay),Arrival,False
2017,WRITING (Adapted Screenplay),Fences,False
2017,WRITING (Adapted Screenplay),Hidden Figures,False
2017,WRITING (Adapted Screenplay),Lion,False
2017,WRITING (Adapted Screenplay),Moonlight,True
2017,WRITING (Original Screenplay),Hell or High Water,False
2017,WRITING (Original Screenplay),La La Land,False
2017,WRITING (Original Screenplay),The Lobster,False
2017,WRITING (Original Screenplay),Manchester by the Sea,True
2017,WRITING (Original Screenplay),20th Century Women,False
2017,HONORARY AWARD,,True
2017,HONORARY AWARD,,True
2017,HONORARY AWARD,,True
2017,HONORARY AWARD,,True
2018,ACTOR IN A LEADING ROLE,Call Me by Your Name,False
2018,ACTOR IN A LEADING ROLE,Phantom Thread,False
2018,ACTOR IN A LEADING ROLE,Get Out,False
2018,ACTOR IN A LEADING ROLE,Darkest Hour,True
2018,ACTOR IN A LEADING ROLE,"Roman J. Israel, Esq.",False
2018,ACTOR IN A SUPPORTING ROLE,The Florida Project,False
2018,ACTOR IN A SUPPORTING ROLE,"Three Billboards outside Ebbing, Missouri",False
2018,ACTOR IN A SUPPORTING ROLE,The Shape of Water,False
2018,ACTOR IN A SUPPORTING ROLE,All the Money in the World,False
2018,ACTOR IN A SUPPORTING ROLE,"Three Billboards outside Ebbing, Missouri",True
2018,ACTRESS IN A LEADING ROLE,The Shape of Water,False
2018,ACTRESS IN A LEADING ROLE,"Three Billboards outside Ebbing, Missouri",True
2018,ACTRESS IN A LEADING ROLE,"I, Tonya",False
2018,ACTRESS IN A LEADING ROLE,Lady Bird,False
2018,ACTRESS IN A LEADING ROLE,The Post,False
2018,ACTRESS IN A SUPPORTING ROLE,Mudbound,False
2018,ACTRESS IN A SUPPORTING ROLE,"I, Tonya",True
2018,ACTRESS IN A SUPPORTING ROLE,Phantom Thread,False
2018,ACTRESS IN A SUPPORTING ROLE,Lady Bird,False
2018,ACTRESS IN A SUPPORTING ROLE,The Shape of Water,False
2018,ANIMATED FEATURE FILM,The Boss Baby,False
2018,ANIMATED FEATURE FILM,The Breadwinner,False
2018,ANIMATED FEATURE FILM,Coco,True
2018,ANIMATED FEATURE FILM,Ferdinand,False
2018,ANIMATED FEATURE FILM,Loving Vincent,False
2018,CINEMATOGRAPHY,Blade Runner 2049,True
2018,CINEMATOGRAPHY,Darkest Hour,False
2018,CINEMATOGRAPHY,Dunkirk,False
2018,CINEMATOGRAPHY,Mudbound,False
2018,CINEMATOGRAPHY,The Shape of Water,False
2018,COSTUME DESIGN,Beauty and the Beast,False
2018,COSTUME DESIGN,Darkest Hour,False
2018,COSTUME DESIGN,Phantom Thread,True
2018,COSTUME DESIGN,The Shape of Water,False
2018,COSTUME DESIGN,Victoria & Abdul,False
2018,DIRECTING,Dunkirk,False
2018,DIRECTING,Get Out,False
2018,DIRECTING,Lady Bird,False
2018,DIRECTING,Phantom Thread,False
2018,DIRECTING,The Shape of Water,True
2018,DOCUMENTARY (Feature),Abacus: Small Enough to Jail,False
2018,DOCUMENTARY (Feature),Faces Places,False
2018,DOCUMENTARY (Feature),Icarus,True
2018,DOCUMENTARY (Feature),Last Men in Aleppo,False
2018,DOCUMENTARY (Feature),Strong Island,False
2018,DOCUMENTARY (Short Subject),Edith+Eddie,False
2018,DOCUMENTARY (Short Subject),Heaven Is a Traffic Jam on the 405,True
2018,DOCUMENTARY (Short Subject),Heroin(e),False
2018,DOCUMENTARY (Short Subject),Knife Skills,False
2018,DOCUMENTARY (Short Subject),Traffic Stop,False
2018,FILM EDITING,Baby Driver,False
2018,FILM EDITING,Dunkirk,True
2018,FILM EDITING,"I, Tonya",False
2018,FILM EDITING,The Shape of Water,False
2018,FILM EDITING,"Three Billboards outside Ebbing, Missouri",False
2018,FOREIGN LANGUAGE FILM,A Fantastic Woman,True
2018,FOREIGN LANGUAGE FILM,The Insult,False
2018,FOREIGN LANGUAGE FILM,Loveless,False
2018,FOREIGN LANGUAGE FILM,On Body and Soul,False
2018,FOREIGN LANGUAGE FILM,The Square,False
2018,MAKEUP AND HAIRSTYLING,Darkest Hour,True
2018,MAKEUP AND HAIRSTYLING,Victoria & Abdul,False
2018,MAKEUP AND HAIRSTYLING,Wonder,False
2018,MUSIC (Original Score),Dunkirk,False
2018,MUSIC (Original Score),Phantom Thread,False
2018,MUSIC (Original Score),The Shape of Water,True
2018,MUSIC (Original Score),Star Wars: The Last Jedi,False
2018,MUSIC (Original Score),"Three Billboards outside Ebbing, Missouri",False
2018,MUSIC (Original Song),Mudbound,False
2018,MUSIC (Original Song),Call Me by Your Name,False
2018,MUSIC (Original Song),Coco,True
2018,MUSIC (Original Song),Marshall,False
2018,MUSIC (Original Song),The Greatest Showman,False
2018,BEST PICTURE,Call Me by Your Name,False
2018,BEST PICTURE,Darkest Hour,False
2018,BEST PICTURE,Dunkirk,False
2018,BEST PICTURE,Get Out,False
2018,BEST PICTURE,Lady Bird,False
2018,BEST PICTURE,Phantom Thread,False
2018,BEST PICTURE,The Post,False
2018,BEST PICTURE,The Shape of Water,True
2018,BEST PICTURE,"Three Billboards outside Ebbing, Missouri",False
2018,PRODUCTION DESIGN,Beauty and the Beast,False
2018,PRODUCTION DESIGN,Blade Runner 2049,False
2018,PRODUCTION DESIGN,Darkest Hour,False
2018,PRODUCTION DESIGN,Dunkirk,False
2018,PRODUCTION DESIGN,The Shape of Water,True
2018,SHORT FILM (Animated),Dear Basketball,True
2018,SHORT FILM (Animated),Garden Party,False
2018,SHORT FILM (Animated),Lou,False
2018,SHORT FILM (Animated),Negative Space,False
2018,SHORT FILM (Animated),Revolting Rhymes,False
2018,SHORT FILM (Live Action),DeKalb Elementary,False
2018,SHORT FILM (Live Action),The Eleven O'Clock,False
2018,SHORT FILM (Live Action),My Nephew Emmett,False
2018,SHORT FILM (Live Action),The Silent Child,True
2018,SHORT FILM (Live Action),Watu Wote/All of Us,False
2018,SOUND EDITING,Baby Driver,False
2018,SOUND EDITING,Blade Runner 2049,False
2018,SOUND EDITING,Dunkirk,True
2018,SOUND EDITING,The Shape of Water,False
2018,SOUND EDITING,Star Wars: The Last Jedi,False
2018,SOUND MIXING,Baby Driver,False
2018,SOUND MIXING,Blade Runner 2049,False
2018,SOUND MIXING,Dunkirk,True
2018,SOUND MIXING,The Shape of Water,False
2018,SOUND MIXING,Star Wars: The Last Jedi,False
2018,VISUAL EFFECTS,Blade Runner 2049,True
2018,VISUAL EFFECTS,Guardians of the Galaxy Vol. 2,False
2018,VISUAL EFFECTS,Kong: Skull Island,False
2018,VISUAL EFFECTS,Star Wars: The Last Jedi,False
2018,VISUAL EFFECTS,War for the Planet of the Apes,False
2018,WRITING (Adapted Screenplay),Call Me by Your Name,True
2018,WRITING (Adapted Screenplay),The Disaster Artist,False
2018,WRITING (Adapted Screenplay),Logan,False
2018,WRITING (Adapted Screenplay),Molly's Game,False
2018,WRITING (Adapted Screenplay),Mudbound,False
2018,WRITING (Original Screenplay),The Big Sick,False
2018,WRITING (Original Screenplay),Get Out,True
2018,WRITING (Original Screenplay),Lady Bird,False
2018,WRITING (Original Screenplay),The Shape of Water,False
2018,WRITING (Original Screenplay),"Three Billboards outside Ebbing, Missouri",False
2018,SPECIAL AWARD,CARNE y ARENA,True
2018,HONORARY AWARD,,True
2018,HONORARY AWARD,,True
2018,HONORARY AWARD,,True
2018,HONORARY AWARD,,True
2018,GORDON E. SAWYER AWARD,,True
2019,ACTOR IN A LEADING ROLE,Vice,False
2019,ACTOR IN A LEADING ROLE,A Star Is Born,False
2019,ACTOR IN A LEADING ROLE,At Eternity's Gate,False
2019,ACTOR IN A LEADING ROLE,Bohemian Rhapsody,True
2019,ACTOR IN A LEADING ROLE,Green Book,False
2019,ACTOR IN A SUPPORTING ROLE,Green Book,True
2019,ACTOR IN A SUPPORTING ROLE,BlacKkKlansman,False
2019,ACTOR IN A SUPPORTING ROLE,A Star Is Born,False
2019,ACTOR IN A SUPPORTING ROLE,Can You Ever Forgive Me?,False
2019,ACTOR IN A SUPPORTING ROLE,Vice,False
2019,ACTRESS IN A LEADING ROLE,Roma,False
2019,ACTRESS IN A LEADING ROLE,The Wife,False
2019,ACTRESS IN A LEADING ROLE,The Favourite,True
2019,ACTRESS IN A LEADING ROLE,A Star Is Born,False
2019,ACTRESS IN A LEADING ROLE,Can You Ever Forgive Me?,False
2019,ACTRESS IN A SUPPORTING ROLE,Vice,False
2019,ACTRESS IN A SUPPORTING ROLE,Roma,False
2019,ACTRESS IN A SUPPORTING ROLE,If Beale Street Could Talk,True
2019,ACTRESS IN A SUPPORTING ROLE,The Favourite,False
2019,ACTRESS IN A SUPPORTING ROLE,The Favourite,False
2019,ANIMATED FEATURE FILM,Incredibles 2,False
2019,ANIMATED FEATURE FILM,Isle of Dogs,False
2019,ANIMATED FEATURE FILM,Mirai,False
2019,ANIMATED FEATURE FILM,Ralph Breaks the Internet,False
2019,ANIMATED FEATURE FILM,Spider-Man: Into the Spider-Verse,True
2019,CINEMATOGRAPHY,Cold War,False
2019,CINEMATOGRAPHY,The Favourite,False
2019,CINEMATOGRAPHY,Never Look Away,False
2019,CINEMATOGRAPHY,Roma,True
2019,CINEMATOGRAPHY,A Star Is Born,False
2019,COSTUME DESIGN,The Ballad of Buster Scruggs,False
2019,COSTUME DESIGN,Black Panther,True
2019,COSTUME DESIGN,The Favourite,False
2019,COSTUME DESIGN,Mary Poppins Returns,False
2019,COSTUME DESIGN,Mary Queen of Scots,False
2019,DIRECTING,BlacKkKlansman,False
2019,DIRECTING,Cold War,False
2019,DIRECTING,The Favourite,False
2019,DIRECTING,Roma,True
2019,DIRECTING,Vice,False
2019,DOCUMENTARY (Feature),Free Solo,True
2019,DOCUMENTARY (Feature),"Hale County This Morning, This Evening",False
2019,DOCUMENTARY (Feature),Minding the Gap,False
2019,DOCUMENTARY (Feature),Of Fathers and Sons,False
2019,DOCUMENTARY (Feature),RBG,False
2019,DOCUMENTARY (Short Subject),Black Sheep,False
2019,DOCUMENTARY (Short Subject),End Game,False
2019,DOCUMENTARY (Short Subject),Lifeboat,False
2019,DOCUMENTARY (Short Subject),A Night at The Garden,False
2019,DOCUMENTARY (Short Subject),Period. End of Sentence.,True
2019,FILM EDITING,BlacKkKlansman,False
2019,FILM EDITING,Bohemian Rhapsody,True
2019,FILM EDITING,The Favourite,False
2019,FILM EDITING,Green Book,False
2019,FILM EDITING,Vice,False
2019,FOREIGN LANGUAGE FILM,Capernaum,False
2019,FOREIGN LANGUAGE FILM,Cold War,False
2019,FOREIGN LANGUAGE FILM,Never Look Away,False
2019,FOREIGN LANGUAGE FILM,Roma,True
2019,FOREIGN LANGUAGE FILM,Shoplifters,False
2019,MAKEUP AND HAIRSTYLING,Border,False
2019,MAKEUP AND HAIRSTYLING,Mary Queen of Scots,False
2019,MAKEUP AND HAIRSTYLING,Vice,True
2019,MUSIC (Original Score),Black Panther,True
2019,MUSIC (Original Score),BlacKkKlansman,False
2019,MUSIC (Original Score),If Beale Street Could Talk,False
2019,MUSIC (Original Score),Isle of Dogs,False
2019,MUSIC (Original Score),Mary Poppins Returns,False
2019,MUSIC (Original Song),Black Panther,False
2019,MUSIC (Original Song),RBG,False
2019,MUSIC (Original Song),Mary Poppins Returns,False
2019,MUSIC (Original Song),A Star Is Born,True
2019,MUSIC (Original Song),The Ballad of Buster Scruggs,False
2019,BEST PICTURE,Black Panther,False
2019,BEST PICTURE,BlacKkKlansman,False
2019,BEST PICTURE,Bohemian Rhapsody,False
2019,BEST PICTURE,The Favourite,False
2019,BEST PICTURE,Green Book,True
2019,BEST PICTURE,Roma,False
2019,BEST PICTURE,A Star Is Born,False
2019,BEST PICTURE,Vice,False
2019,PRODUCTION DESIGN,Black Panther,True
2019,PRODUCTION DESIGN,The Favourite,False
2019,PRODUCTION DESIGN,First Man,False
2019,PRODUCTION DESIGN,Mary Poppins Returns,False
2019,PRODUCTION DESIGN,Roma,False
2019,SHORT FILM (Animated),Animal Behaviour,False
2019,SHORT FILM (Animated),Bao,True
2019,SHORT FILM (Animated),Late Afternoon,False
2019,SHORT FILM (Animated),One Small Step,False
2019,SHORT FILM (Animated),Weekends,False
2019,SHORT FILM (Live Action),Detainment,False
2019,SHORT FILM (Live Action),Fauve,False
2019,SHORT FILM (Live Action),Marguerite,False
2019,SHORT FILM (Live Action),Mother,False
2019,SHORT FILM (Live Action),Skin,True
2019,SOUND EDITING,Black Panther,False
2019,SOUND EDITING,Bohemian Rhapsody,True
2019,SOUND EDITING,First Man,False
2019,SOUND EDITING,A Quiet Place,False
2019,SOUND EDITING,Roma,False
2019,SOUND MIXING,Black Panther,False
2019,SOUND MIXING,Bohemian Rhapsody,True
2019,SOUND MIXING,First Man,False
2019,SOUND MIXING,Roma,False
2019,SOUND MIXING,A Star Is Born,False
2019,VISUAL EFFECTS,Avengers: Infinity War,False
2019,VISUAL EFFECTS,Christopher Robin,False
2019,VISUAL EFFECTS,First Man,True
2019,VISUAL EFFECTS,Ready Player One,False
2019,VISUAL EFFECTS,Solo: A Star Wars Story,False
2019,WRITING (Adapted Screenplay),The Ballad of Buster Scruggs,False
2019,WRITING (Adapted Screenplay),BlacKkKlansman,True
2019,WRITING (Adapted Screenplay),Can You Ever Forgive Me?,False
2019,WRITING (Adapted Screenplay),If Beale Street Could Talk,False
2019,WRITING (Adapted Screenplay),A Star Is Born,False
2019,WRITING (Original Screenplay),The Favourite,False
2019,WRITING (Original Screenplay),First Reformed,False
2019,WRITING (Original Screenplay),Green Book,True
2019,WRITING (Original Screenplay),Roma,False
2019,WRITING (Original Screenplay),Vice,False
2019,HONORARY AWARD,,True
2019,HONORARY AWARD,,True
2019,HONORARY AWARD,,True
2019,IRVING G. THALBERG MEMORIAL AWARD,,True
2019,JOHN A. BONNER MEDAL OF COMMENDATION,,True
2020,ACTOR IN A LEADING ROLE,Pain and Glory,False
2020,ACTOR IN A LEADING ROLE,Once upon a Time...in Hollywood,False
2020,ACTOR IN A LEADING ROLE,Marriage Story,False
2020,ACTOR IN A LEADING ROLE,Joker,True
2020,ACTOR IN A LEADING ROLE,The Two Popes,False
2020,ACTOR IN A SUPPORTING ROLE,A Beautiful Day in the Neighborhood,False
2020,ACTOR IN A SUPPORTING ROLE,The Two Popes,False
2020,ACTOR IN A SUPPORTING ROLE,The Irishman,False
2020,ACTOR IN A SUPPORTING ROLE,The Irishman,False
2020,ACTOR IN A SUPPORTING ROLE,Once upon a Time...in Hollywood,True
2020,ACTRESS IN A LEADING ROLE,Harriet,False
2020,ACTRESS IN A LEADING ROLE,Marriage Story,False
2020,ACTRESS IN A LEADING ROLE,Little Women,False
2020,ACTRESS IN A LEADING ROLE,Bombshell,False
2020,ACTRESS IN A LEADING ROLE,Judy,True
2020,ACTRESS IN A SUPPORTING ROLE,Richard Jewell,False
2020,ACTRESS IN A SUPPORTING ROLE,Marriage Story,True
2020,ACTRESS IN A SUPPORTING ROLE,Jojo Rabbit,False
2020,ACTRESS IN A SUPPORTING ROLE,Little Women,False
2020,ACTRESS IN A SUPPORTING ROLE,Bombshell,False
2020,ANIMATED FEATURE FILM,How to Train Your Dragon: The Hidden World,False
2020,ANIMATED FEATURE FILM,I Lost My Body,False
2020,ANIMATED FEATURE FILM,Klaus,False
2020,ANIMATED FEATURE FILM,Missing Link,False
2020,ANIMATED FEATURE FILM,Toy Story 4,True
2020,CINEMATOGRAPHY,The Irishman,False
2020,CINEMATOGRAPHY,Joker,False
2020,CINEMATOGRAPHY,The Lighthouse,False
2020,CINEMATOGRAPHY,1917,True
2020,CINEMATOGRAPHY,Once upon a Time...in Hollywood,False
2020,COSTUME DESIGN,The Irishman,False
2020,COSTUME DESIGN,Jojo Rabbit,False
2020,COSTUME DESIGN,Joker,False
2020,COSTUME DESIGN,Little Women,True
2020,COSTUME DESIGN,Once upon a Time...in Hollywood,False
2020,DIRECTING,The Irishman,False
2020,DIRECTING,Joker,False
2020,DIRECTING,1917,False
2020,DIRECTING,Once upon a Time...in Hollywood,False
2020,DIRECTING,Parasite,True
2020,DOCUMENTARY (Feature),American Factory,True
2020,DOCUMENTARY (Feature),The Cave,False
2020,DOCUMENTARY (Feature),The Edge of Democracy,False
2020,DOCUMENTARY (Feature),For Sama,False
2020,DOCUMENTARY (Feature),Honeyland,False
2020,DOCUMENTARY (Short Subject),In the Absence,False
2020,DOCUMENTARY (Short Subject),Learning to Skateboard in a Warzone (If You're a Girl),True
2020,DOCUMENTARY (Short Subject),Life Overtakes Me,False
2020,DOCUMENTARY (Short Subject),St. Louis Superman,False
2020,DOCUMENTARY (Short Subject),Walk Run Cha-Cha,False
2020,FILM EDITING,Ford v Ferrari,True
2020,FILM EDITING,The Irishman,False
2020,FILM EDITING,Jojo Rabbit,False
2020,FILM EDITING,Joker,False
2020,FILM EDITING,Parasite,False
2020,INTERNATIONAL FEATURE FILM,Corpus Christi,False
2020,INTERNATIONAL FEATURE FILM,Honeyland,False
2020,INTERNATIONAL FEATURE FILM,Les Misérables,False
2020,INTERNATIONAL FEATURE FILM,Pain and Glory,False
2020,INTERNATIONAL FEATURE FILM,Parasite,True
2020,MAKEUP AND HAIRSTYLING,Bombshell,True
2020,MAKEUP AND HAIRSTYLING,Joker,False
2020,MAKEUP AND HAIRSTYLING,Judy,False
2020,MAKEUP AND HAIRSTYLING,Maleficent: Mistress of Evil,False
2020,MAKEUP AND HAIRSTYLING,1917,False
2020,MUSIC (Original Score),Joker,True
2020,MUSIC (Original Score),Little Women,False
2020,MUSIC (Original Score),Marriage Story,False
2020,MUSIC (Original Score),1917,False
2020,MUSIC (Original Score),Star Wars: The Rise of Skywalker,False
2020,MUSIC (Original Song),Toy Story 4,False
2020,MUSIC (Original Song),Rocketman,True
2020,MUSIC (Original Song),Breakthrough,False
2020,MUSIC (Original Song),Frozen II,False
2020,MUSIC (Original Song),Harriet,False
2020,BEST PICTURE,Ford v Ferrari,False
2020,BEST PICTURE,The Irishman,False
2020,BEST PICTURE,Jojo Rabbit,False
2020,BEST PICTURE,Joker,False
2020,BEST PICTURE,Little Women,False
2020,BEST PICTURE,Marriage Story,False
2020,BEST PICTURE,1917,False
2020,BEST PICTURE,Once upon a Time...in Hollywood,False
2020,BEST PICTURE,Parasite,True
2020,PRODUCTION DESIGN,The Irishman,False
2020,PRODUCTION DESIGN,Jojo Rabbit,False
2020,PRODUCTION DESIGN,1917,False
2020,PRODUCTION DESIGN,Once upon a Time...in Hollywood,True
2020,PRODUCTION DESIGN,Parasite,False
2020,SHORT FILM (Animated),Dcera (Daughter),False
2020,SHORT FILM (Animated),Hair Love,True
2020,SHORT FILM (Animated),Kitbull,False
2020,SHORT FILM (Animated),Memorable,False
2020,SHORT FILM (Animated),Sister,False
2020,SHORT FILM (Live Action),Brotherhood,False
2020,SHORT FILM (Live Action),Nefta Football Club,False
2020,SHORT FILM (Live Action),The Neighbors' Window,True
2020,SHORT FILM (Live Action),Saria,False
2020,SHORT FILM (Live Action),A Sister,False
2020,SOUND EDITING,Ford v Ferrari,True
2020,SOUND EDITING,Joker,False
2020,SOUND EDITING,1917,False
2020,SOUND EDITING,Once upon a Time...in Hollywood,False
2020,SOUND EDITING,Star Wars: The Rise of Skywalker,False
2020,SOUND MIXING,Ad Astra,False
2020,SOUND MIXING,Ford v Ferrari,False
2020,SOUND MIXING,Joker,False
2020,SOUND MIXING,1917,True
2020,SOUND MIXING,Once upon a Time...in Hollywood,False
2020,VISUAL EFFECTS,Avengers: Endgame,False
2020,VISUAL EFFECTS,The Irishman,False
2020,VISUAL EFFECTS,The Lion King,False
2020,VISUAL EFFECTS,1917,True
2020,VISUAL EFFECTS,Star Wars: The Rise of Skywalker,False
2020,WRITING (Adapted Screenplay),The Irishman,False
2020,WRITING (Adapted Screenplay),Jojo Rabbit,True
2020,WRITING (Adapted Screenplay),Joker,False
2020,WRITING (Adapted Screenplay),Little Women,False
2020,WRITING (Adapted Screenplay),The Two Popes,False
2020,WRITING (Original Screenplay),Knives Out,False
2020,WRITING (Original Screenplay),Marriage Story,False
2020,WRITING (Original Screenplay),1917,False
2020,WRITING (Original Screenplay),Once upon a Time...in Hollywood,False
2020,WRITING (Original Screenplay),Parasite,True
2020,JEAN HERSHOLT HUMANITARIAN AWARD,,True
2020,HONORARY AWARD,,True
2020,HONORARY AWARD,,True
2020,HONORARY AWARD,,True
2021,ACTOR IN A LEADING ROLE,Sound of Metal,False
2021,ACTOR IN A LEADING ROLE,Ma Rainey's Black Bottom,False
2021,ACTOR IN A LEADING ROLE,The Father,True
2021,ACTOR IN A LEADING ROLE,Mank,False
2021,ACTOR IN A LEADING ROLE,Minari,False
2021,ACTOR IN A SUPPORTING ROLE,The Trial of the Chicago 7,False
2021,ACTOR IN A SUPPORTING ROLE,Judas and the Black Messiah,True
2021,ACTOR IN A SUPPORTING ROLE,One Night in Miami...,False
2021,ACTOR IN A SUPPORTING ROLE,Sound of Metal,False
2021,ACTOR IN A SUPPORTING ROLE,Judas and the Black Messiah,False
2021,ACTRESS IN A LEADING ROLE,Ma Rainey's Black Bottom,False
2021,ACTRESS IN A LEADING ROLE,The United States vs. Billie Holiday,False
2021,ACTRESS IN A LEADING ROLE,Pieces of a Woman,False
2021,ACTRESS IN A LEADING ROLE,Nomadland,True
2021,ACTRESS IN A LEADING ROLE,Promising Young Woman,False
2021,ACTRESS IN A SUPPORTING ROLE,Borat Subsequent Moviefilm: Delivery of Prodigious Bribe to American Regime for Make Benefit Once Glorious Nation of Kazakhstan,False
2021,ACTRESS IN A SUPPORTING ROLE,Hillbilly Elegy,False
2021,ACTRESS IN A SUPPORTING ROLE,The Father,False
2021,ACTRESS IN A SUPPORTING ROLE,Mank,False
2021,ACTRESS IN A SUPPORTING ROLE,Minari,True
2021,ANIMATED FEATURE FILM,Onward,False
2021,ANIMATED FEATURE FILM,Over the Moon,False
2021,ANIMATED FEATURE FILM,A Shaun the Sheep Movie: Farmageddon,False
2021,ANIMATED FEATURE FILM,Soul,True
2021,ANIMATED FEATURE FILM,Wolfwalkers,False
2021,CINEMATOGRAPHY,Judas and the Black Messiah,False
2021,CINEMATOGRAPHY,Mank,True
2021,CINEMATOGRAPHY,News of the World,False
2021,CINEMATOGRAPHY,Nomadland,False
2021,CINEMATOGRAPHY,The Trial of the Chicago 7,False
2021,COSTUME DESIGN,Emma,False
2021,COSTUME DESIGN,Ma Rainey's Black Bottom,True
2021,COSTUME DESIGN,Mank,False
2021,COSTUME DESIGN,Mulan,False
2021,COSTUME DESIGN,Pinocchio,False
2021,DIRECTING,Another Round,False
2021,DIRECTING,Mank,False
2021,DIRECTING,Minari,False
2021,DIRECTING,Nomadland,True
2021,DIRECTING,Promising Young Woman,False
2021,DOCUMENTARY (Feature),Collective,False
2021,DOCUMENTARY (Feature),Crip Camp,False
2021,DOCUMENTARY (Feature),The Mole Agent,False
2021,DOCUMENTARY (Feature),My Octopus Teacher,True
2021,DOCUMENTARY (Feature),Time,False
2021,DOCUMENTARY (Short Subject),Colette,True
2021,DOCUMENTARY (Short Subject),A Concerto Is a Conversation,False
2021,DOCUMENTARY (Short Subject),Do Not Split,False
2021,DOCUMENTARY (Short Subject),Hunger Ward,False
2021,DOCUMENTARY (Short Subject),A Love Song for Latasha,False
2021,FILM EDITING,The Father,False
2021,FILM EDITING,Nomadland,False
2021,FILM EDITING,Promising Young Woman,False
2021,FILM EDITING,Sound of Metal,True
2021,FILM EDITING,The Trial of the Chicago 7,False
2021,INTERNATIONAL FEATURE FILM,Another Round,True
2021,INTERNATIONAL FEATURE FILM,Better Days,False
2021,INTERNATIONAL FEATURE FILM,Collective,False
2021,INTERNATIONAL FEATURE FILM,The Man Who Sold His Skin,False
2021,INTERNATIONAL FEATURE FILM,"Quo Vadis, Aida?",False
2021,MAKEUP AND HAIRSTYLING,Emma,False
2021,MAKEUP AND HAIRSTYLING,Hillbilly Elegy,False
2021,MAKEUP AND HAIRSTYLING,Ma Rainey's Black Bottom,True
2021,MAKEUP AND HAIRSTYLING,Mank,False
2021,MAKEUP AND HAIRSTYLING,Pinocchio,False
2021,MUSIC (Original Score),Da 5 Bloods,False
2021,MUSIC (Original Score),Mank,False
2021,MUSIC (Original Score),Minari,False
2021,MUSIC (Original Score),News of the World,False
2021,MUSIC (Original Score),Soul,True
2021,MUSIC (Original Song),Judas and the Black Messiah,True
2021,MUSIC (Original Song),The Trial of the Chicago 7,False
2021,MUSIC (Original Song),Eurovision Song Contest: The Story of Fire Saga,False
2021,MUSIC (Original Song),The Life Ahead (La Vita Davanti a Se),False
2021,MUSIC (Original Song),One Night in Miami...,False
2021,BEST PICTURE,The Father,False
2021,BEST PICTURE,Judas and the Black Messiah,False
2021,BEST PICTURE,Mank,False
2021,BEST PICTURE,Minari,False
2021,BEST PICTURE,Nomadland,True
2021,BEST PICTURE,Promising Young Woman,False
2021,BEST PICTURE,Sound of Metal,False
2021,BEST PICTURE,The Trial of the Chicago 7,False
2021,PRODUCTION DESIGN,The Father,False
2021,PRODUCTION DESIGN,Ma Rainey's Black Bottom,False
2021,PRODUCTION DESIGN,Mank,True
2021,PRODUCTION DESIGN,News of the World,False
2021,PRODUCTION DESIGN,Tenet,False
2021,SHORT FILM (Animated),Burrow,False
2021,SHORT FILM (Animated),Genius Loci,False
2021,SHORT FILM (Animated),If Anything Happens I Love You,True
2021,SHORT FILM (Animated),Opera,False
2021,SHORT FILM (Animated),Yes-People,False
2021,SHORT FILM (Live Action),Feeling Through,False
2021,SHORT FILM (Live Action),The Letter Room,False
2021,SHORT FILM (Live Action),The Present,False
2021,SHORT FILM (Live Action),Two Distant Strangers,True
2021,SHORT FILM (Live Action),White Eye,False
2021,SOUND,Greyhound,False
2021,SOUND,Mank,False
2021,SOUND,News of the World,False
2021,SOUND,Soul,False
2021,SOUND,Sound of Metal,True
2021,VISUAL EFFECTS,Love and Monsters,False
2021,VISUAL EFFECTS,The Midnight Sky,False
2021,VISUAL EFFECTS,Mulan,False
2021,VISUAL EFFECTS,The One and Only Ivan,False
2021,VISUAL EFFECTS,Tenet,True
2021,WRITING (Adapted Screenplay),Borat Subsequent Moviefilm: Delivery of Prodigious Bribe to American Regime for Make Benefit Once Glorious Nation of Kazakhstan,False
2021,WRITING (Adapted Screenplay),The Father,True
2021,WRITING (Adapted Screenplay),Nomadland,False
2021,WRITING (Adapted Screenplay),One Night in Miami...,False
2021,WRITING (Adapted Screenplay),The White Tiger,False
2021,WRITING (Original Screenplay),Judas and the Black Messiah,False
2021,WRITING (Original Screenplay),Minari,False
2021,WRITING (Original Screenplay),Promising Young Woman,True
2021,WRITING (Original Screenplay),Sound of Metal,False
2021,WRITING (Original Screenplay),The Trial of the Chicago 7,False
2021,JEAN HERSHOLT HUMANITARIAN AWARD,,True
2021,JEAN HERSHOLT HUMANITARIAN AWARD,,True
2022,ACTOR IN A LEADING ROLE,Being the Ricardos,False
2022,ACTOR IN A LEADING ROLE,The Power of the Dog,False
2022,ACTOR IN A LEADING ROLE,"tick, tick...BOOM!",False
2022,ACTOR IN A LEADING ROLE,King Richard,True
2022,ACTOR IN A LEADING ROLE,The Tragedy of Macbeth,False
2022,ACTOR IN A SUPPORTING ROLE,Belfast,False
2022,ACTOR IN A SUPPORTING ROLE,CODA,True
2022,ACTOR IN A SUPPORTING ROLE,The Power of the Dog,False
2022,ACTOR IN A SUPPORTING ROLE,Being the Ricardos,False
2022,ACTOR IN A SUPPORTING ROLE,The Power of the Dog,False
2022,ACTRESS IN A LEADING ROLE,The Eyes of Tammy Faye,True
2022,ACTRESS IN A LEADING ROLE,The Lost Daughter,False
2022,ACTRESS IN A LEADING ROLE,Parallel Mothers,False
2022,ACTRESS IN A LEADING ROLE,Being the Ricardos,False
2022,ACTRESS IN A LEADING ROLE,Spencer,False
2022,ACTRESS IN A SUPPORTING ROLE,The Lost Daughter,False
2022,ACTRESS IN A SUPPORTING ROLE,West Side Story,True
2022,ACTRESS IN A SUPPORTING ROLE,Belfast,False
2022,ACTRESS IN A SUPPORTING ROLE,The Power of the Dog,False
2022,ACTRESS IN A SUPPORTING ROLE,King Richard,False
2022,ANIMATED FEATURE FILM,Encanto,True
2022,ANIMATED FEATURE FILM,Flee,False
2022,ANIMATED FEATURE FILM,Luca,False
2022,ANIMATED FEATURE FILM,The Mitchells vs. the Machines,False
2022,ANIMATED FEATURE FILM,Raya and the Last Dragon,False
2022,CINEMATOGRAPHY,Dune,True
2022,CINEMATOGRAPHY,Nightmare Alley,False
2022,CINEMATOGRAPHY,The Power of the Dog,False
2022,CINEMATOGRAPHY,The Tragedy of Macbeth,False
2022,CINEMATOGRAPHY,West Side Story,False
2022,COSTUME DESIGN,Cruella,True
2022,COSTUME DESIGN,Cyrano,False
2022,COSTUME DESIGN,Dune,False
2022,COSTUME DESIGN,Nightmare Alley,False
2022,COSTUME DESIGN,West Side Story,False
2022,DIRECTING,Belfast,False
2022,DIRECTING,Drive My Car,False
2022,DIRECTING,Licorice Pizza,False
2022,DIRECTING,The Power of the Dog,True
2022,DIRECTING,West Side Story,False
2022,DOCUMENTARY (Feature),Ascension,False
2022,DOCUMENTARY (Feature),Attica,False
2022,DOCUMENTARY (Feature),Flee,False
2022,DOCUMENTARY (Feature),"Summer of Soul (...Or, When the Revolution Could Not Be Televised)",True
2022,DOCUMENTARY (Feature),Writing with Fire,False
2022,DOCUMENTARY (Short Subject),Audible,False
2022,DOCUMENTARY (Short Subject),Lead Me Home,False
2022,DOCUMENTARY (Short Subject),The Queen of Basketball,True
2022,DOCUMENTARY (Short Subject),Three Songs for Benazir,False
2022,DOCUMENTARY (Short Subject),When We Were Bullies,False
2022,FILM EDITING,Don't Look Up,False
2022,FILM EDITING,Dune,True
2022,FILM EDITING,King Richard,False
2022,FILM EDITING,The Power of the Dog,False
2022,FILM EDITING,"tick, tick...BOOM!",False
2022,INTERNATIONAL FEATURE FILM,Drive My Car,True
2022,INTERNATIONAL FEATURE FILM,Flee,False
2022,INTERNATIONAL FEATURE FILM,The Hand of God,False
2022,INTERNATIONAL FEATURE FILM,Lunana: A Yak in the Classroom,False
2022,INTERNATIONAL FEATURE FILM,The Worst Person in the World,False
2022,MAKEUP AND HAIRSTYLING,Coming 2 America,False
2022,MAKEUP AND HAIRSTYLING,Cruella,False
2022,MAKEUP AND HAIRSTYLING,Dune,False
2022,MAKEUP AND HAIRSTYLING,The Eyes of Tammy Faye,True
2022,MAKEUP AND HAIRSTYLING,House of Gucci,False
2022,MUSIC (Original Score),Don't Look Up,False
2022,MUSIC (Original Score),Dune,True
2022,MUSIC (Original Score),Encanto,False
2022,MUSIC (Original Score),Parallel Mothers,False
2022,MUSIC (Original Score),The Power of the Dog,False
2022,MUSIC (Original Song),King Richard,False
2022,MUSIC (Original Song),Encanto,False
2022,MUSIC (Original Song),Belfast,False
2022,MUSIC (Original Song),No Time to Die,True
2022,MUSIC (Original Song),Four Good Days,False
2022,BEST PICTURE,Belfast,False
2022,BEST PICTURE,CODA,True
2022,BEST PICTURE,Don't Look Up,False
2022,BEST PICTURE,Drive My Car,False
2022,BEST PICTURE,Dune,False
2022,BEST PICTURE,King Richard,False
2022,BEST PICTURE,Licorice Pizza,False
2022,BEST PICTURE,Nightmare Alley,False
2022,BEST PICTURE,The Power of the Dog,False
2022,BEST PICTURE,West Side Story,False
2022,PRODUCTION DESIGN,Dune,True
2022,PRODUCTION DESIGN,Nightmare Alley,False
2022,PRODUCTION DESIGN,The Power of the Dog,False
2022,PRODUCTION DESIGN,The Tragedy of Macbeth,False
2022,PRODUCTION DESIGN,West Side Story,False
2022,SHORT FILM (Animated),Affairs of the Art,False
2022,SHORT FILM (Animated),Bestia,False
2022,SHORT FILM (Animated),Boxballet,False
2022,SHORT FILM (Animated),Robin Robin,False
2022,SHORT FILM (Animated),The Windshield Wiper,True
2022,SHORT FILM (Live Action),Ala Kachuu - Take and Run,False
2022,SHORT FILM (Live Action),The Dress,False
2022,SHORT FILM (Live Action),The Long Goodbye,True
2022,SHORT FILM (Live Action),On My Mind,False
2022,SHORT FILM (Live Action),Please Hold,False
2022,SOUND,Belfast,False
2022,SOUND,Dune,True
2022,SOUND,No Time to Die,False
2022,SOUND,The Power of the Dog,False
2022,SOUND,West Side Story,False
2022,VISUAL EFFECTS,Dune,True
2022,VISUAL EFFECTS,Free Guy,False
2022,VISUAL EFFECTS,No Time to Die,False
2022,VISUAL EFFECTS,Shang-Chi and the Legend of the Ten Rings,False
2022,VISUAL EFFECTS,Spider-Man: No Way Home,False
2022,WRITING (Adapted Screenplay),CODA,True
2022,WRITING (Adapted Screenplay),Drive My Car,False
2022,WRITING (Adapted Screenplay),Dune,False
2022,WRITING (Adapted Screenplay),The Lost Daughter,False
2022,WRITING (Adapted Screenplay),The Power of the Dog,False
2022,WRITING (Original Screenplay),Belfast,True
2022,WRITING (Original Screenplay),Don't Look Up,False
2022,WRITING (Original Screenplay),King Richard,False
2022,WRITING (Original Screenplay),Licorice Pizza,False
2022,WRITING (Original Screenplay),The Worst Person in the World,False
2022,JEAN HERSHOLT HUMANITARIAN AWARD,,True
2022,HONORARY AWARD,,True
2022,HONORARY AWARD,,True
2022,HONORARY AWARD,,True
2023,ACTOR IN A LEADING ROLE,Elvis,False
2023,ACTOR IN A LEADING ROLE,The Banshees of Inisherin,False
2023,ACTOR IN A LEADING ROLE,The Whale,True
2023,ACTOR IN A LEADING ROLE,Aftersun,False
2023,ACTOR IN A LEADING ROLE,Living,False
2023,ACTOR IN A SUPPORTING ROLE,The Banshees of Inisherin,False
2023,ACTOR IN A SUPPORTING ROLE,Causeway,False
2023,ACTOR IN A SUPPORTING ROLE,The Fabelmans,False
2023,ACTOR IN A SUPPORTING ROLE,The Banshees of Inisherin,False
2023,ACTOR IN A SUPPORTING ROLE,Everything Everywhere All at Once,True
2023,ACTRESS IN A LEADING ROLE,Tár,False
2023,ACTRESS IN A LEADING ROLE,Blonde,False
2023,ACTRESS IN A LEADING ROLE,To Leslie,False
2023,ACTRESS IN A LEADING ROLE,The Fabelmans,False
2023,ACTRESS IN A LEADING ROLE,Everything Everywhere All at Once,True
2023,ACTRESS IN A SUPPORTING ROLE,Black Panther: Wakanda Forever,False
2023,ACTRESS IN A SUPPORTING ROLE,The Whale,False
2023,ACTRESS IN A SUPPORTING ROLE,The Banshees of Inisherin,False
2023,ACTRESS IN A SUPPORTING ROLE,Everything Everywhere All at Once,True
2023,ACTRESS IN A SUPPORTING ROLE,Everything Everywhere All at Once,False
2023,ANIMATED FEATURE FILM,Guillermo del Toro's Pinocchio,True
2023,ANIMATED FEATURE FILM,Marcel the Shell with Shoes On,False
2023,ANIMATED FEATURE FILM,Puss in Boots: The Last Wish,False
2023,ANIMATED FEATURE FILM,The Sea Beast,False
2023,ANIMATED FEATURE FILM,Turning Red,False
2023,CINEMATOGRAPHY,All Quiet on the Western Front,True
2023,CINEMATOGRAPHY,"Bardo, False Chronicle of a Handful of Truths",False
2023,CINEMATOGRAPHY,Elvis,False
2023,CINEMATOGRAPHY,Empire of Light,False
2023,CINEMATOGRAPHY,Tár,False
2023,COSTUME DESIGN,Babylon,False
2023,COSTUME DESIGN,Black Panther: Wakanda Forever,True
2023,COSTUME DESIGN,Elvis,False
2023,COSTUME DESIGN,Everything Everywhere All at Once,False
2023,COSTUME DESIGN,Mrs. Harris Goes to Paris,False
2023,DIRECTING,The Banshees of Inisherin,False
2023,DIRECTING,Everything Everywhere All at Once,True
2023,DIRECTING,The Fabelmans,False
2023,DIRECTING,Tár,False
2023,DIRECTING,Triangle of Sadness,False
2023,DOCUMENTARY FEATURE FILM,All That Breathes,False
2023,DOCUMENTARY FEATURE FILM,All the Beauty and the Bloodshed,False
2023,DOCUMENTARY FEATURE FILM,Fire of Love,False
2023,DOCUMENTARY FEATURE FILM,A House Made of Splinters,False
2023,DOCUMENTARY FEATURE FILM,Navalny,True
2023,DOCUMENTARY SHORT FILM,The Elephant Whisperers,True
2023,DOCUMENTARY SHORT FILM,Haulout,False
2023,DOCUMENTARY SHORT FILM,How Do You Measure a Year?,False
2023,DOCUMENTARY SHORT FILM,The Martha Mitchell Effect,False
2023,DOCUMENTARY SHORT FILM,Stranger at the Gate,False
2023,FILM EDITING,The Banshees of Inisherin,False
2023,FILM EDITING,Elvis,False
2023,FILM EDITING,Everything Everywhere All at Once,True
2023,FILM EDITING,Tár,False
2023,FILM EDITING,Top Gun: Maverick,False
2023,INTERNATIONAL FEATURE FILM,All Quiet on the Western Front,True
2023,INTERNATIONAL FEATURE FILM,"Argentina, 1985",False
2023,INTERNATIONAL FEATURE FILM,Close,False
2023,INTERNATIONAL FEATURE FILM,EO,False
2023,INTERNATIONAL FEATURE FILM,The Quiet Girl,False
2023,MAKEUP AND HAIRSTYLING,All Quiet on the Western Front,False
2023,MAKEUP AND HAIRSTYLING,The Batman,False
2023,MAKEUP AND HAIRSTYLING,Black Panther: Wakanda Forever,False
2023,MAKEUP AND HAIRSTYLING,Elvis,False
2023,MAKEUP AND HAIRSTYLING,The Whale,True
2023,MUSIC (Original Score),All Quiet on the Western Front,True
2023,MUSIC (Original Score),Babylon,False
2023,MUSIC (Original Score),The Banshees of Inisherin,False
2023,MUSIC (Original Score),Everything Everywhere All at Once,False
2023,MUSIC (Original Score),The Fabelmans,False
2023,MUSIC (Original Song),Tell It like a Woman,False
2023,MUSIC (Original Song),Top Gun: Maverick,False
2023,MUSIC (Original Song),Black Panther: Wakanda Forever,False
2023,MUSIC (Original Song),RRR,True
2023,MUSIC (Original Song),Everything Everywhere All at Once,False
2023,BEST PICTURE,All Quiet on the Western Front,False
2023,BEST PICTURE,Avatar: The Way of Water,False
2023,BEST PICTURE,The Banshees of Inisherin,False
2023,BEST PICTURE,Elvis,False
2023,BEST PICTURE,Everything Everywhere All at Once,True
2023,BEST PICTURE,The Fabelmans,False
2023,BEST PICTURE,Tár,False
2023,BEST PICTURE,Top Gun: Maverick,False
2023,BEST PICTURE,Triangle of Sadness,False
2023,BEST PICTURE,Women Talking,False
2023,PRODUCTION DESIGN,All Quiet on the Western Front,True
2023,PRODUCTION DESIGN,Avatar: The Way of Water,False
2023,PRODUCTION DESIGN,Babylon,False
2023,PRODUCTION DESIGN,Elvis,False
2023,PRODUCTION DESIGN,The Fabelmans,False
2023,SHORT FILM (Animated),"The Boy, the Mole, the Fox and the Horse",True
2023,SHORT FILM (Animated),The Flying Sailor,False
2023,SHORT FILM (Animated),Ice Merchants,False
2023,SHORT FILM (Animated),My Year of Dicks,False
2023,SHORT FILM (Animated),An Ostrich Told Me the World Is Fake and I Think I Believe It,False
2023,SHORT FILM (Live Action),An Irish Goodbye,True
2023,SHORT FILM (Live Action),Ivalu,False
2023,SHORT FILM (Live Action),Le Pupille,False
2023,SHORT FILM (Live Action),Night Ride,False
2023,SHORT FILM (Live Action),The Red Suitcase,False
2023,SOUND,All Quiet on the Western Front,False
2023,SOUND,Avatar: The Way of Water,False
2023,SOUND,The Batman,False
2023,SOUND,Elvis,False
2023,SOUND,Top Gun: Maverick,True
2023,VISUAL EFFECTS,All Quiet on the Western Front,False
2023,VISUAL EFFECTS,Avatar: The Way of Water,True
2023,VISUAL EFFECTS,The Batman,False
2023,VISUAL EFFECTS,Black Panther: Wakanda Forever,False
2023,VISUAL EFFECTS,Top Gun: Maverick,False
2023,WRITING (Adapted Screenplay),All Quiet on the Western Front,False
2023,WRITING (Adapted Screenplay),Glass Onion: A Knives Out Mystery,False
2023,WRITING (Adapted Screenplay),Living,False
2023,WRITING (Adapted Screenplay),Top Gun: Maverick,False
2023,WRITING (Adapted Screenplay),Women Talking,True
2023,WRITING (Original Screenplay),The Banshees of Inisherin,False
2023,WRITING (Original Screenplay),Everything Everywhere All at Once,True
2023,WRITING (Original Screenplay),The Fabelmans,False
2023,WRITING (Original Screenplay),Tár,False
2023,WRITING (Original Screenplay),Triangle of Sadness,False
2023,JEAN HERSHOLT HUMANITARIAN AWARD,,True
2023,HONORARY AWARD,,True
2023,HONORARY AWARD,,True
2023,HONORARY AWARD,,True
2023,GORDON E. SAWYER AWARD,,True
2023,AWARD OF COMMENDATION,Welcome to Chechnya,True
2024,ACTOR IN A LEADING ROLE,Maestro,False
2024,ACTOR IN A LEADING ROLE,Rustin,False
2024,ACTOR IN A LEADING ROLE,The Holdovers,False
2024,ACTOR IN A LEADING ROLE,Oppenheimer,True
2024,ACTOR IN A LEADING ROLE,American Fiction,False
2024,ACTOR IN A SUPPORTING ROLE,American Fiction,False
2024,ACTOR IN A SUPPORTING ROLE,Killers of the Flower Moon,False
2024,ACTOR IN A SUPPORTING ROLE,Oppenheimer,True
2024,ACTOR IN A SUPPORTING ROLE,Barbie,False
2024,ACTOR IN A SUPPORTING ROLE,Poor Things,False
2024,ACTRESS IN A LEADING ROLE,Nyad,False
2024,ACTRESS IN A LEADING ROLE,Killers of the Flower Moon,False
2024,ACTRESS IN A LEADING ROLE,Anatomy of a Fall,False
2024,ACTRESS IN A LEADING ROLE,Maestro,False
2024,ACTRESS IN A LEADING ROLE,Poor Things,True
2024,ACTRESS IN A SUPPORTING ROLE,Oppenheimer,False
2024,ACTRESS IN A SUPPORTING ROLE,The Color Purple,False
2024,ACTRESS IN A SUPPORTING ROLE,Barbie,False
2024,ACTRESS IN A SUPPORTING ROLE,Nyad,False
2024,ACTRESS IN A SUPPORTING ROLE,The Holdovers,True
2024,ANIMATED FEATURE FILM,The Boy and the Heron,True
2024,ANIMATED FEATURE FILM,Elemental,False
2024,ANIMATED FEATURE FILM,Nimona,False
2024,ANIMATED FEATURE FILM,Robot Dreams,False
2024,ANIMATED FEATURE FILM,Spider-Man: Across the Spider-Verse,False
2024,CINEMATOGRAPHY,El Conde,False
2024,CINEMATOGRAPHY,Killers of the Flower Moon,False
2024,CINEMATOGRAPHY,Maestro,False
2024,CINEMATOGRAPHY,Oppenheimer,True
2024,CINEMATOGRAPHY,Poor Things,False
2024,COSTUME DESIGN,Barbie,False
2024,COSTUME DESIGN,Killers of the Flower Moon,False
2024,COSTUME DESIGN,Napoleon,False
2024,COSTUME DESIGN,Oppenheimer,False
2024,COSTUME DESIGN,Poor Things,True
2024,DIRECTING,Anatomy of a Fall,False
2024,DIRECTING,Killers of the Flower Moon,False
2024,DIRECTING,Oppenheimer,True
2024,DIRECTING,Poor Things,False
2024,DIRECTING,The Zone of Interest,False
2024,DOCUMENTARY FEATURE FILM,Bobi Wine: The People's President,False
2024,DOCUMENTARY FEATURE FILM,The Eternal Memory,False
2024,DOCUMENTARY FEATURE FILM,Four Daughters,False
2024,DOCUMENTARY FEATURE FILM,To Kill a Tiger,False
2024,DOCUMENTARY FEATURE FILM,20 Days in Mariupol,True
2024,DOCUMENTARY SHORT FILM,The ABCs of Book Banning,False
2024,DOCUMENTARY SHORT FILM,The Barber of Little Rock,False
2024,DOCUMENTARY SHORT FILM,Island in Between,False
2024,DOCUMENTARY SHORT FILM,The Last Repair Shop,True
2024,DOCUMENTARY SHORT FILM,Nai Nai & Wài Pó,False
2024,FILM EDITING,Anatomy of a Fall,False
2024,FILM EDITING,The Holdovers,False
2024,FILM EDITING,Killers of the Flower Moon,False
2024,FILM EDITING,Oppenheimer,True
2024,FILM EDITING,Poor Things,False
2024,INTERNATIONAL FEATURE FILM,Io Capitano,False
2024,INTERNATIONAL FEATURE FILM,Perfect Days,False
2024,INTERNATIONAL FEATURE FILM,Society of the Snow,False
2024,INTERNATIONAL FEATURE FILM,The Teachers' Lounge,False
2024,INTERNATIONAL FEATURE FILM,The Zone of Interest,True
2024,MAKEUP AND HAIRSTYLING,Golda,False
2024,MAKEUP AND HAIRSTYLING,Maestro,False
2024,MAKEUP AND HAIRSTYLING,Oppenheimer,False
2024,MAKEUP AND HAIRSTYLING,Poor Things,True
2024,MAKEUP AND HAIRSTYLING,Society of the Snow,False
2024,MUSIC (Original Score),American Fiction,False
2024,MUSIC (Original Score),Indiana Jones and the Dial of Destiny,False
2024,MUSIC (Original Score),Killers of the Flower Moon,False
2024,MUSIC (Original Score),Oppenheimer,True
2024,MUSIC (Original Score),Poor Things,False
2024,MUSIC (Original Song),Flamin' Hot,False
2024,MUSIC (Original Song),Barbie,False
2024,MUSIC (Original Song),American Symphony,False
2024,MUSIC (Original Song),Killers of the Flower Moon,False
2024,MUSIC (Original Song),Barbie,True
2024,BEST PICTURE,American Fiction,False
2024,BEST PICTURE,Anatomy of a Fall,False
2024,BEST PICTURE,Barbie,False
2024,BEST PICTURE,The Holdovers,False
2024,BEST PICTURE,Killers of the Flower Moon,False
2024,BEST PICTURE,Maestro,False
2024,BEST PICTURE,Oppenheimer,True
2024,BEST PICTURE,Past Lives,False
2024,BEST PICTURE,Poor Things,False
2024,BEST PICTURE,The Zone of Interest,False
2024,PRODUCTION DESIGN,Barbie,False
2024,PRODUCTION DESIGN,Killers of the Flower Moon,False
2024,PRODUCTION DESIGN,Napoleon,False
2024,PRODUCTION DESIGN,Oppenheimer,False
2024,PRODUCTION DESIGN,Poor Things,True
2024,SHORT FILM (Animated),Letter to a Pig,False
2024,SHORT FILM (Animated),Ninety-Five Senses,False
2024,SHORT FILM (Animated),Our Uniform,False
2024,SHORT FILM (Animated),Pachyderme,False
2024,SHORT FILM (Animated),WAR IS OVER! Inspired by the Music of John & Yoko,True
2024,SHORT FILM (Live Action),The After,False
2024,SHORT FILM (Live Action),Invincible,False
2024,SHORT FILM (Live Action),Knight of Fortune,False
2024,SHORT FILM (Live Action),"Red, White and Blue",False
2024,SHORT FILM (Live Action),The Wonderful Story of Henry Sugar,True
2024,SOUND,The Creator,False
2024,SOUND,Maestro,False
2024,SOUND,Mission: Impossible - Dead Reckoning Part One,False
2024,SOUND,Oppenheimer,False
2024,SOUND,The Zone of Interest,True
2024,VISUAL EFFECTS,The Creator,False
2024,VISUAL EFFECTS,Godzilla Minus One,True
2024,VISUAL EFFECTS,Guardians of the Galaxy Vol. 3,False
2024,VISUAL EFFECTS,Mission: Impossible - Dead Reckoning Part One,False
2024,VISUAL EFFECTS,Napoleon,False
2024,WRITING (Adapted Screenplay),American Fiction,True
2024,WRITING (Adapted Screenplay),Barbie,False
2024,WRITING (Adapted Screenplay),Oppenheimer,False
2024,WRITING (Adapted Screenplay),Poor Things,False
2024,WRITING (Adapted Screenplay),The Zone of Interest,False
2024,WRITING (Original Screenplay),Anatomy of a Fall,True
2024,WRITING (Original Screenplay),The Holdovers,False
2024,WRITING (Original Screenplay),Maestro,False
2024,WRITING (Original Screenplay),May December,False
2024,WRITING (Original Screenplay),Past Lives,False
2024,JEAN HERSHOLT HUMANITARIAN AWARD,,True
2024,HONORARY AWARD,,True
2024,HONORARY AWARD,,True
2024,HONORARY AWARD,,True
2025,ACTOR IN A LEADING ROLE,The Brutalist,True
2025,ACTOR IN A LEADING ROLE,A Complete Unknown,False
2025,ACTOR IN A LEADING ROLE,Sing Sing,False
2025,ACTOR IN A LEADING ROLE,Conclave,False
2025,ACTOR IN A LEADING ROLE,The Apprentice,False
2025,ACTOR IN A SUPPORTING ROLE,Anora,False
2025,ACTOR IN A SUPPORTING ROLE,A Real Pain,True
2025,ACTOR IN A SUPPORTING ROLE,A Complete Unknown,False
2025,ACTOR IN A SUPPORTING ROLE,The Brutalist,False
2025,ACTOR IN A SUPPORTING ROLE,The Apprentice,False
2025,ACTRESS IN A LEADING ROLE,Wicked,False
2025,ACTRESS IN A LEADING ROLE,Emilia Pérez,False
2025,ACTRESS IN A LEADING ROLE,Anora,True
2025,ACTRESS IN A LEADING ROLE,The Substance,False
2025,ACTRESS IN A LEADING ROLE,I'm Still Here,False
2025,ACTRESS IN A SUPPORTING ROLE,A Complete Unknown,False
2025,ACTRESS IN A SUPPORTING ROLE,Wicked,False
2025,ACTRESS IN A SUPPORTING ROLE,The Brutalist,False
2025,ACTRESS IN A SUPPORTING ROLE,Conclave,False
2025,ACTRESS IN A SUPPORTING ROLE,Emilia Pérez,True
2025,ANIMATED FEATURE FILM,Flow,True
2025,ANIMATED FEATURE FILM,Inside Out 2,False
2025,ANIMATED FEATURE FILM,Memoir of a Snail,False
2025,ANIMATED FEATURE FILM,Wallace & Gromit: Vengeance Most Fowl,False
2025,ANIMATED FEATURE FILM,The Wild Robot,False
2025,ANIMATED SHORT FILM,Beautiful Men,False
2025,ANIMATED SHORT FILM,In the Shadow of the Cypress,True
2025,ANIMATED SHORT FILM,Magic Candies,False
2025,ANIMATED SHORT FILM,Wander to Wonder,False
2025,ANIMATED SHORT FILM,Yuck!,False
2025,CINEMATOGRAPHY,The Brutalist,True
2025,CINEMATOGRAPHY,Dune: Part Two,False
2025,CINEMATOGRAPHY,Emilia Pérez,False
2025,CINEMATOGRAPHY,Maria,False
2025,CINEMATOGRAPHY,Nosferatu,False
2025,COSTUME DESIGN,A Complete Unknown,False
2025,COSTUME DESIGN,Conclave,False
2025,COSTUME DESIGN,Gladiator II,False
2025,COSTUME DESIGN,Nosferatu,False
2025,COSTUME DESIGN,Wicked,True
2025,DIRECTING,Anora,True
2025,DIRECTING,The Brutalist,False
2025,DIRECTING,A Complete Unknown,False
2025,DIRECTING,Emilia Pérez,False
2025,DIRECTING,The Substance,False
2025,DOCUMENTARY FEATURE FILM,Black Box Diaries,False
2025,DOCUMENTARY FEATURE FILM,No Other Land,True
2025,DOCUMENTARY FEATURE FILM,Porcelain War,False
2025,DOCUMENTARY FEATURE FILM,Soundtrack to a Coup d'Etat,False
2025,DOCUMENTARY FEATURE FILM,Sugarcane,False
2025,DOCUMENTARY SHORT FILM,Death by Numbers,False
2025,DOCUMENTARY SHORT FILM,"I Am Ready, Warden",False
2025,DOCUMENTARY SHORT FILM,Incident,False
2025,DOCUMENTARY SHORT FILM,Instruments of a Beating Heart,False
2025,DOCUMENTARY SHORT FILM,The Only Girl in the Orchestra,True
2025,FILM EDITING,Anora,True
2025,FILM EDITING,The Brutalist,False
2025,FILM EDITING,Conclave,False
2025,FILM EDITING,Emilia Pérez,False
2025,FILM EDITING,Wicked,False
2025,INTERNATIONAL FEATURE FILM,Emilia Pérez,False
2025,INTERNATIONAL FEATURE FILM,Flow,False
2025,INTERNATIONAL FEATURE FILM,The Girl with the Needle,False
2025,INTERNATIONAL FEATURE FILM,I'm Still Here,True
2025,INTERNATIONAL FEATURE FILM,The Seed of the Sacred Fig,False
2025,MAKEUP AND HAIRSTYLING,A Different Man,False
2025,MAKEUP AND HAIRSTYLING,Emilia Pérez,False
2025,MAKEUP AND HAIRSTYLING,Nosferatu,False
2025,MAKEUP AND HAIRSTYLING,The Substance,True
2025,MAKEUP AND HAIRSTYLING,Wicked,False
2025,MUSIC (Original Score),The Brutalist,True
2025,MUSIC (Original Score),Conclave,False
2025,MUSIC (Original Score),Emilia Pérez,False
2025,MUSIC (Original Score),Wicked,False
2025,MUSIC (Original Score),The Wild Robot,False
2025,MUSIC (Original Song),Emilia Pérez,True
2025,MUSIC (Original Song),The Six Triple Eight,False
2025,MUSIC (Original Song),Sing Sing,False
2025,MUSIC (Original Song),Emilia Pérez,False
2025,MUSIC (Original Song),Elton John: Never Too Late,False
2025,BEST PICTURE,Anora,True
2025,BEST PICTURE,The Brutalist,False
2025,BEST PICTURE,A Complete Unknown,False
2025,BEST PICTURE,Conclave,False
2025,BEST PICTURE,Dune: Part Two,False
2025,BEST PICTURE,Emilia Pérez,False
2025,BEST PICTURE,I'm Still Here,False
2025,BEST PICTURE,Nickel Boys,False
2025,BEST PICTURE,The Substance,False
2025,BEST PICTURE,Wicked,False
2025,PRODUCTION DESIGN,The Brutalist,False
2025,PRODUCTION DESIGN,Conclave,False
2025,PRODUCTION DESIGN,Dune: Part Two,False
2025,PRODUCTION DESIGN,Nosferatu,False
2025,PRODUCTION DESIGN,Wicked,True
2025,SHORT FILM (Live Action),A Lien,False
2025,SHORT FILM (Live Action),Anuja,False
2025,SHORT FILM (Live Action),I'm Not a Robot,True
2025,SHORT FILM (Live Action),The Last Ranger,False
2025,SHORT FILM (Live Action),The Man Who Could Not Remain Silent,False
2025,SOUND,A Complete Unknown,False
2025,SOUND,Dune: Part Two,True
2025,SOUND,Emilia Pérez,False
2025,SOUND,Wicked,False
2025,SOUND,The Wild Robot,False
2025,VISUAL EFFECTS,Alien: Romulus,False
2025,VISUAL EFFECTS,Better Man,False
2025,VISUAL EFFECTS,Dune: Part Two,True
2025,VISUAL EFFECTS,Kingdom of the Planet of the Apes,False
2025,VISUAL EFFECTS,Wicked,False
2025,WRITING (Adapted Screenplay),A Complete Unknown,False
2025,WRITING (Adapted Screenplay),Conclave,True
2025,WRITING (Adapted Screenplay),Emilia Pérez,False
2025,WRITING (Adapted Screenplay),Nickel Boys,False
2025,WRITING (Adapted Screenplay),Sing Sing,False
2025,WRITING (Original Screenplay),Anora,True
2025,WRITING (Original Screenplay),The Brutalist,False
2025,WRITING (Original Screenplay),A Real Pain,False
2025,WRITING (Original Screenplay),September 5,False
2025,WRITING (Original Screenplay),The Substance,False
2025,JEAN HERSHOLT HUMANITARIAN AWARD,,True
2025,HONORARY AWARD,,True
2025,HONORARY AWARD,,True
2025,IRVING G. THALBERG MEMORIAL AWARD,,True
