rank,release_date,movie,production_budget,domestic_gross,worldwide_gross
1,"Dec 16, 2015",Star Wars Ep. VII: The Force Awakens,"$533,200,000","$936,662,225","$2,056,046,835"
2,"Apr 23, 2019",Avengers: Endgame,"$400,000,000","$858,373,000","$2,717,503,922"
3,"Dec 9, 2022",Avatar: The Way of Water,"$400,000,000","$684,075,767","$2,320,250,281"
4,"May 17, 2025",Mission: Impossible—The Final Reckoning,"$400,000,000",$0,$0
5,"May 20, 2011",Pirates of the Caribbean: On Stranger Tides,"$379,000,000","$241,071,802","$1,045,713,802"
6,"Apr 22, 2015",Avengers: Age of Ultron,"$365,000,000","$459,005,868","$1,395,316,979"
7,"May 17, 2023",Fast X,"$340,000,000","$146,126,015","$714,375,114"
8,"May 23, 2018",Solo: A Star Wars Story,"$330,400,000","$213,767,512","$393,151,347"
9,"Apr 25, 2018",Avengers: Infinity War,"$300,000,000","$678,815,482","$2,048,359,754"
10,"May 24, 2007",Pirates of the Caribbean: At World’s End,"$300,000,000","$309,420,425","$960,996,492"
11,"Nov 13, 2017",Justice League,"$300,000,000","$229,024,295","$655,945,209"
12,"Jun 28, 2023",Indiana Jones and the Dial of Destiny,"$300,000,000","$174,480,468","$383,963,057"
13,"Jul 11, 2023",Mission: Impossible Dead Reckoning Part One,"$290,000,000","$172,640,980","$565,857,048"
14,"Dec 14, 2016",Rogue One: A Star Wars Story,"$280,200,000","$533,539,991","$1,055,083,596"
15,"Dec 18, 2019",Star Wars: The Rise of Skywalker,"$275,000,000","$515,202,542","$1,069,951,814"
16,"Nov 8, 2023",The Marvels,"$270,000,000","$84,500,223","$199,706,250"
17,"Mar 19, 2025",Disney’s Snow White,"$269,400,000","$85,790,967","$195,266,434"
18,"Jul 2, 2025",Jurassic World Rebirth,"$265,000,000",$0,$0
19,"Mar 7, 2012",John Carter,"$263,700,000","$73,058,679","$282,778,100"
20,"Mar 23, 2016",Batman v Superman: Dawn of Justice,"$263,000,000","$330,360,194","$872,395,091"
21,"Dec 13, 2017",Star Wars Ep. VIII: The Last Jedi,"$262,000,000","$620,181,382","$1,322,581,071"
22,"Jul 11, 2019",The Lion King,"$260,000,000","$543,638,043","$1,661,454,403"
23,"Nov 24, 2010",Tangled,"$260,000,000","$200,821,936","$582,440,151"
24,"May 3, 2007",Spider-Man 3,"$258,000,000","$337,607,351","$895,937,268"
25,"Nov 9, 2022",Black Panther: Wakanda Forever,"$250,000,000","$453,829,060","$859,208,836"
26,"Apr 22, 2016",Captain America: Civil War,"$250,000,000","$408,084,349","$1,151,899,586"
27,"May 3, 2023",Guardians of the Galaxy Vol 3,"$250,000,000","$358,995,815","$845,555,777"
28,"Jul 1, 2022",Thor: Love and Thunder,"$250,000,000","$343,256,830","$760,928,081"
29,"Jul 15, 2009",Harry Potter and the Half-Blood Prince,"$250,000,000","$302,854,063","$926,492,031"
30,"May 24, 2023",The Little Mermaid,"$250,000,000","$298,172,056","$569,626,289"
31,"Dec 12, 2013",The Hobbit: The Desolation of Smaug,"$250,000,000","$258,241,522","$959,358,436"
32,"Dec 10, 2014",The Hobbit: The Battle of the Five Armies,"$250,000,000","$255,119,788","$940,323,039"
33,"Apr 7, 2017",The Fate of the Furious,"$250,000,000","$225,764,765","$1,235,534,014"
34,"Nov 13, 2024",Gladiator II,"$250,000,000","$172,438,016","$460,380,411"
35,"Sep 29, 2021",No Time to Die,"$250,000,000","$160,891,007","$758,929,771"
36,"Dec 17, 2025",Avatar: Fire and Ash,"$250,000,000",$0,$0
37,"Oct 6, 2015",Spectre,"$245,000,000","$200,074,175","$879,077,344"
38,"Dec 17, 2009",Avatar,"$237,000,000","$785,221,649","$2,923,706,026"
39,"Jun 28, 2006",Superman Returns,"$232,000,000","$200,120,000","$391,081,192"
40,"Jul 19, 2012",The Dark Knight Rises,"$230,000,000","$448,139,099","$1,082,228,107"
41,"May 23, 2017",Pirates of the Caribbean: Dead Men Tell No Tales,"$230,000,000","$172,558,876","$794,861,794"
42,"Nov 14, 2008",Quantum of Solace,"$230,000,000","$169,368,427","$591,692,078"
43,"Apr 25, 2012",The Avengers,"$225,000,000","$623,357,910","$1,515,100,211"
44,"Jul 6, 2006",Pirates of the Caribbean: Dead Man’s Chest,"$225,000,000","$423,315,812","$1,066,179,725"
45,"Jun 14, 2013",Man of Steel,"$225,000,000","$291,045,518","$667,999,518"
46,"May 16, 2008",The Chronicles of Narnia: Prince Caspian,"$225,000,000","$141,621,490","$417,341,288"
47,"Jul 2, 2013",The Lone Ranger,"$225,000,000","$89,302,115","$260,002,115"
48,"Jun 27, 2012",The Amazing Spider-Man,"$220,000,000","$262,717,220","$758,576,824"
49,"Apr 11, 2012",Battleship,"$220,000,000","$65,233,400","$313,477,717"
50,"Jun 20, 2017",Transformers: The Last Knight,"$217,000,000","$130,168,683","$602,893,340"
51,"Jun 9, 2015",Jurassic World,"$215,000,000","$653,406,625","$1,671,063,641"
52,"May 23, 2012",Men in Black 3,"$215,000,000","$179,020,854","$654,213,485"
53,"Jun 24, 2009",Transformers: Revenge of the Fallen,"$210,000,000","$402,111,870","$836,519,699"
54,"Jun 25, 2014",Transformers: Age of Extinction,"$210,000,000","$245,439,076","$1,104,054,072"
55,"May 26, 2006",X-Men: The Last Stand,"$210,000,000","$234,362,462","$459,260,946"
56,"May 14, 2010",Robin Hood,"$210,000,000","$105,487,148","$322,459,006"
57,"Dec 14, 2005",King Kong,"$207,000,000","$218,080,025","$556,906,378"
58,"Dec 20, 2023",Aquaman and the Lost Kingdom,"$205,000,000","$124,481,226","$439,381,226"
59,"Dec 7, 2007",The Golden Compass,"$205,000,000","$70,107,728","$367,262,558"
60,"Aug 26, 2020",Tenet,"$205,000,000","$59,473,550","$366,273,550"
61,"Dec 14, 2021",Spider-Man: No Way Home,"$200,000,000","$814,811,535","$1,921,206,586"
62,"Feb 13, 2018",Black Panther,"$200,000,000","$700,059,566","$1,334,157,082"
63,"Dec 18, 1997",Titanic,"$200,000,000","$674,460,013","$2,223,048,786"
64,"Jun 12, 2024",Inside Out 2,"$200,000,000","$652,980,194","$1,698,831,782"
65,"Jul 24, 2024",Deadpool & Wolverine,"$200,000,000","$636,745,858","$1,338,071,348"
66,"Jun 15, 2018",Incredibles 2,"$200,000,000","$608,581,744","$1,242,805,359"
67,"Jun 16, 2016",Finding Dory,"$200,000,000","$486,295,561","$1,025,006,125"
68,"Jun 20, 2019",Toy Story 4,"$200,000,000","$434,038,008","$1,071,177,215"
69,"Jun 18, 2010",Toy Story 3,"$200,000,000","$415,004,880","$1,068,879,522"
70,"May 4, 2022",Doctor Strange in the Multiverse of Madness,"$200,000,000","$411,331,607","$952,224,986"
71,"Apr 24, 2013",Iron Man 3,"$200,000,000","$408,992,272","$1,214,630,956"
72,"Apr 28, 2017",Guardians of the Galaxy Vol 2,"$200,000,000","$389,813,101","$869,087,963"
73,"Jun 30, 2004",Spider-Man 2,"$200,000,000","$374,715,055","$795,888,127"
74,"Mar 1, 2022",The Batman,"$200,000,000","$369,612,903","$770,860,380"
75,"Mar 4, 2010",Alice in Wonderland,"$200,000,000","$334,191,110","$1,025,491,110"
76,"Oct 26, 2012",Skyfall,"$200,000,000","$304,360,277","$1,110,526,981"
77,"Dec 11, 2012",The Hobbit: An Unexpected Journey,"$200,000,000","$303,003,568","$1,014,938,545"
78,"Jun 21, 2013",Monsters University,"$200,000,000","$268,488,329","$743,455,810"
79,"Dec 18, 2024",Mufasa: The Lion King,"$200,000,000","$254,567,693","$722,339,600"
80,"Mar 8, 2013",Oz the Great and Powerful,"$200,000,000","$234,770,996","$490,359,051"
81,"May 21, 2014",X-Men: Days of Future Past,"$200,000,000","$233,921,534","$747,862,775"
82,"Feb 15, 2023",Ant-Man and the Wasp: Quantumania,"$200,000,000","$214,506,909","$476,073,180"
83,"Apr 16, 2014",The Amazing Spider-Man 2,"$200,000,000","$203,530,343","$709,672,746"
84,"Jun 23, 2011",Cars 2,"$200,000,000","$191,450,875","$560,155,383"
85,"Jul 7, 2021",Black Widow,"$200,000,000","$183,651,655","$379,751,131"
86,"Jul 31, 2019",Fast & Furious Presents: Hobbs & Shaw,"$200,000,000","$173,956,935","$760,732,926"
87,"May 20, 2021",F9: The Fast Saga,"$200,000,000","$173,005,945","$719,360,068"
88,"Dec 16, 2010",Tron: Legacy,"$200,000,000","$172,062,763","$399,866,199"
89,"Oct 19, 2022",Black Adam,"$200,000,000","$168,283,344","$393,583,344"
90,"Nov 12, 2009",2012,"$200,000,000","$166,112,167","$757,677,748"
91,"Nov 3, 2021",Eternals,"$200,000,000","$164,870,264","$401,731,759"
92,"Nov 14, 2018",Fantastic Beasts: The Crimes of Grindelwald,"$200,000,000","$159,555,901","$648,455,339"
93,"Jun 14, 2023",Elemental,"$200,000,000","$154,426,697","$484,829,737"
94,"May 21, 2009",Terminator Salvation,"$200,000,000","$125,322,469","$365,491,792"
95,"Jun 15, 2022",Lightyear,"$200,000,000","$118,307,188","$218,878,024"
96,"Jul 28, 2021",Jungle Cruise,"$200,000,000","$116,987,516","$210,469,803"
97,"Jun 17, 2011",Green Lantern,"$200,000,000","$116,601,172","$219,535,492"
98,"Jun 13, 2023",The Flash,"$200,000,000","$108,167,507","$271,467,507"
99,"Nov 6, 2024",Red One,"$200,000,000","$97,000,759","$185,884,173"
100,"Apr 6, 2022",Fantastic Beasts: The Secrets of Dumbledore,"$200,000,000","$95,850,844","$407,150,844"
101,"May 28, 2010",Prince of Persia: Sands of Time,"$200,000,000","$90,759,676","$336,359,676"
102,"Oct 18, 2023",Killers of the Flower Moon,"$200,000,000","$68,035,488","$156,432,918"
103,"Jun 5, 2019",Dark Phoenix,"$200,000,000","$65,845,974","$246,356,895"
104,"Nov 22, 2023",Wish,"$200,000,000","$63,973,821","$237,954,897"
105,"Feb 28, 2020",Onward,"$200,000,000","$61,555,145","$133,357,601"
106,"Nov 22, 2023",Napoleon,"$200,000,000","$61,524,375","$217,917,156"
107,"Dec 16, 2020",Wonder Woman 1984,"$200,000,000","$46,801,036","$169,601,036"
108,"Jan 31, 2024",Argylle,"$200,000,000","$45,207,275","$96,226,228"
109,"Dec 24, 2020",Soul,"$200,000,000","$946,154","$120,068,830"
110,"Sep 4, 2020",Mulan,"$200,000,000",$0,"$69,973,540"
111,"Jul 2, 2021",The Tomorrow War,"$200,000,000",$0,"$19,220,000"
112,"Jul 13, 2022",The Gray Man,"$200,000,000",$0,"$451,178"
113,"Jun 29, 2011",Transformers: Dark of the Moon,"$195,000,000","$352,390,543","$1,123,794,079"
114,"Jun 6, 2023",Transformers: Rise of the Beasts,"$195,000,000","$157,341,749","$439,241,749"
115,"Jun 2, 2017",The Mummy,"$195,000,000","$80,101,125","$409,953,905"
116,"Feb 27, 2013",Jack the Giant Slayer,"$195,000,000","$65,187,603","$197,687,603"
117,"Apr 1, 2015",Furious 7,"$190,000,000","$353,007,020","$1,511,986,364"
118,"Feb 28, 2024",Dune: Part Two,"$190,000,000","$282,709,065","$714,711,520"
119,"May 16, 2013",Star Trek Into Darkness,"$190,000,000","$228,778,661","$467,381,584"
120,"Jun 19, 2013",World War Z,"$190,000,000","$202,706,711","$531,861,650"
121,"May 10, 2013",The Great Gatsby,"$190,000,000","$144,840,419","$353,497,733"
122,"Nov 5, 2009",Disney’s A Christmas Carol,"$190,000,000","$137,855,863","$315,709,697"
123,"Jul 11, 2013",Pacific Rim,"$190,000,000","$101,854,397","$411,054,397"
124,"Oct 1, 2024",Joker: Folie à Deux,"$190,000,000","$58,300,287","$207,500,287"
125,"Dec 16, 2021",The Matrix Resurrections,"$190,000,000","$40,463,197","$160,163,197"
126,"Nov 25, 2015",The Good Dinosaur,"$187,500,000","$123,087,120","$333,771,037"
127,"Apr 30, 2008",Iron Man,"$186,000,000","$318,604,126","$584,877,827"
128,"Jul 11, 2008",The Dark Knight,"$185,000,000","$536,625,724","$1,010,086,005"
129,"Jun 1, 2022",Jurassic World: Dominion,"$185,000,000","$376,851,080","$1,004,004,592"
130,"May 22, 2008",Indiana Jones and the Kingdom of the Crystal Skull,"$185,000,000","$317,101,119","$786,635,413"
131,"Jun 21, 2012",Brave,"$185,000,000","$237,282,182","$554,606,532"
132,"Feb 23, 2017",Kong: Skull Island,"$185,000,000","$168,052,812","$568,652,812"
133,"Jul 21, 2016",Star Trek Beyond,"$185,000,000","$158,848,340","$335,673,708"
134,"Oct 17, 2019",Maleficent: Mistress of Evil,"$185,000,000","$113,929,605","$489,181,357"
135,"Sep 29, 2017",Blade Runner 2049,"$185,000,000","$92,054,159","$258,157,449"
136,"Oct 25, 2019",Terminator: Dark Fate,"$185,000,000","$62,253,077","$250,367,666"
137,"Jul 28, 2021",The Suicide Squad,"$185,000,000","$55,817,425","$168,717,425"
138,"May 22, 2019",Aladdin,"$182,000,000","$355,559,216","$1,042,126,107"
139,"Oct 25, 2017",Thor: Ragnarok,"$180,000,000","$315,058,289","$850,482,778"
140,"Dec 9, 2005","The Chronicles of Narnia: The Lion, the Witch a…","$180,000,000","$291,710,957","$720,539,572"
141,"May 28, 2014",Maleficent,"$180,000,000","$241,407,328","$758,536,735"
142,"Nov 14, 2016",Fantastic Beasts and Where to Find Them,"$180,000,000","$234,037,575","$811,724,385"
143,"Jun 27, 2008",WALL-E,"$180,000,000","$223,808,164","$532,508,025"
144,"Feb 12, 2025",Captain America: Brave New World,"$180,000,000","$200,227,314","$414,828,890"
145,"Aug 10, 2007",Rush Hour 3,"$180,000,000","$140,125,968","$256,585,882"
146,"Jun 27, 2016",The Legend of Tarzan,"$180,000,000","$126,643,061","$348,902,025"
147,"Nov 23, 2011",Hugo,"$180,000,000","$73,864,507","$180,047,784"
148,"Jul 20, 2017",Valerian and the City of a Thousand Planets,"$180,000,000","$40,479,370","$215,098,356"
149,"Nov 22, 2022",Strange World,"$180,000,000","$39,089,002","$74,741,679"
150,"Feb 6, 2015",Jupiter Ascending,"$179,000,000","$47,482,519","$184,382,519"
151,"Jul 16, 2018",Mission: Impossible—Fallout,"$178,000,000","$220,159,104","$786,626,183"
152,"May 18, 2016",X-Men: Apocalypse,"$178,000,000","$155,442,489","$542,537,546"
153,"Aug 9, 2018",The Meg,"$178,000,000","$145,443,742","$527,267,828"
154,"May 28, 2014",Edge of Tomorrow,"$178,000,000","$100,206,256","$367,028,980"
155,"May 20, 2022",Top Gun: Maverick,"$177,000,000","$718,732,821","$1,454,001,110"
156,"Mar 6, 2019",Captain Marvel,"$175,000,000","$426,829,839","$1,129,576,094"
157,"Apr 7, 2016",The Jungle Book,"$175,000,000","$364,001,123","$951,806,722"
158,"Jun 12, 2015",Inside Out,"$175,000,000","$356,461,711","$850,309,035"
159,"Jul 5, 2017",Spider-Man: Homecoming,"$175,000,000","$334,580,976","$878,852,749"
160,"Aug 2, 2016",Suicide Squad,"$175,000,000","$325,100,054","$745,744,980"
161,"May 28, 2009",Up,"$175,000,000","$293,004,164","$731,463,377"
162,"Oct 27, 2017",Coco,"$175,000,000","$210,460,015","$796,397,165"
163,"Nov 21, 2018",Ralph Breaks The Internet,"$175,000,000","$201,091,711","$529,290,830"
164,"Mar 27, 2009",Monsters vs. Aliens,"$175,000,000","$198,351,526","$381,687,380"
165,"Jun 16, 2017",Cars 3,"$175,000,000","$152,901,115","$383,541,369"
166,"Aug 7, 2009",G.I. Joe: The Rise of Cobra,"$175,000,000","$150,201,498","$302,469,017"
167,"Jun 30, 1999",Wild Wild West,"$175,000,000","$113,805,681","$221,229,335"
168,"Aug 1, 2008",The Mummy: Tomb of the Dragon Emperor,"$175,000,000","$102,491,776","$405,760,225"
169,"Jun 22, 2007",Evan Almighty,"$175,000,000","$100,289,690","$174,131,329"
170,"Jul 28, 1995",Waterworld,"$175,000,000","$88,246,220","$264,246,220"
171,"Jan 8, 2020",Dolittle,"$175,000,000","$77,047,065","$251,509,294"
172,"May 11, 2017",King Arthur: Legend of the Sword,"$175,000,000","$39,175,066","$139,630,336"
173,"Dec 6, 2013",47 Ronin,"$175,000,000","$38,362,475","$151,716,815"
174,"Mar 10, 2022",Turning Red,"$175,000,000","$1,399,001","$12,271,142"
175,"Jun 6, 2018",Jurassic World: Fallen Kingdom,"$170,000,000","$417,719,760","$1,308,323,302"
176,"Jul 31, 2014",Guardians of the Galaxy,"$170,000,000","$333,714,112","$770,882,395"
177,"Apr 29, 2010",Iron Man 2,"$170,000,000","$312,433,331","$621,156,389"
178,"Mar 28, 2014",Captain America: The Winter Soldier,"$170,000,000","$259,746,958","$714,401,889"
179,"Jul 9, 2014",Dawn of the Planet of the Apes,"$170,000,000","$208,545,589","$710,644,566"
180,"Nov 10, 2004",The Polar Express,"$170,000,000","$196,698,043","$320,838,625"
181,"May 30, 2012",Snow White and the Huntsman,"$170,000,000","$155,136,755","$401,021,746"
182,"Jul 1, 2003",Terminator 3: Rise of the Machines,"$170,000,000","$150,358,296","$433,058,296"
183,"May 5, 2004",Van Helsing,"$170,000,000","$120,150,546","$300,150,546"
184,"Mar 27, 2019",Dumbo,"$170,000,000","$114,766,307","$353,166,307"
185,"May 29, 2019",Godzilla: King of the Monsters,"$170,000,000","$110,500,138","$383,299,914"
186,"May 20, 2015",Tomorrowland,"$170,000,000","$93,436,322","$206,627,518"
187,"Feb 1, 2019",Alita: Battle Angel,"$170,000,000","$85,838,210","$401,900,040"
188,"May 20, 2016",Alice Through the Looking Glass,"$170,000,000","$77,042,381","$276,928,112"
189,"May 22, 2024",Furiosa: A Mad Max Saga,"$168,000,000","$67,587,546","$174,287,546"
190,"May 21, 2010",Shrek Forever After,"$165,000,000","$238,736,787","$756,244,673"
191,"Oct 24, 2016",Doctor Strange,"$165,000,000","$232,641,920","$676,343,174"
192,"Oct 25, 2014",Big Hero 6,"$165,000,000","$222,527,828","$647,263,005"
193,"Mar 26, 2010",How to Train Your Dragon,"$165,000,000","$217,851,976","$495,141,736"
194,"Nov 5, 2014",Interstellar,"$165,000,000","$203,225,563","$641,756,828"
195,"Nov 1, 2012",Wreck-It Ralph,"$165,000,000","$189,412,677","$496,511,521"
196,"Sep 15, 2021",Dune,"$165,000,000","$111,031,267","$429,686,682"
197,"Jun 22, 2016",Independence Day: Resurgence,"$165,000,000","$103,144,286","$384,169,424"
198,"Jul 29, 2011",Cowboys and Aliens,"$163,000,000","$100,368,560","$176,038,324"
199,"Mar 16, 2017",Beauty and the Beast,"$160,000,000","$504,014,165","$1,260,691,100"
200,"Jun 27, 2019",Spider-Man: Far From Home,"$160,000,000","$391,362,492","$1,132,298,674"
201,"Dec 6, 2018",Aquaman,"$160,000,000","$335,061,807","$1,131,849,702"
202,"May 17, 2007",Shrek the Third,"$160,000,000","$322,719,944","$807,330,936"
203,"Jul 16, 2010",Inception,"$160,000,000","$293,662,683","$826,873,382"
204,"Nov 18, 2015",The Hunger Games: Mockingjay - Part 2,"$160,000,000","$281,723,902","$646,219,954"
205,"May 17, 2013",Fast and Furious 6,"$160,000,000","$238,679,850","$789,300,444"
206,"May 14, 2014",Godzilla,"$160,000,000","$200,676,069","$529,076,069"
207,"May 8, 2024",Kingdom of the Planet of the Apes,"$160,000,000","$171,130,165","$397,369,969"
208,"Jun 3, 2011",X-Men: First Class,"$160,000,000","$146,408,305","$355,408,305"
209,"Dec 25, 2008",The Curious Case of Benjamin Button,"$160,000,000","$127,509,326","$329,631,958"
210,"Jul 14, 2010",The Sorcerer's Apprentice,"$160,000,000","$63,150,991","$217,986,320"
211,"May 12, 2006",Poseidon,"$160,000,000","$60,674,817","$181,674,817"
212,"May 25, 2016",Warcraft,"$160,000,000","$47,365,290","$438,899,824"
213,"Nov 1, 2019",The Irishman,"$159,000,000",$0,"$914,706"
214,"Sep 29, 2016",Deepwater Horizon,"$156,000,000","$61,433,527","$122,333,118"
215,"Jul 11, 2024",Twisters,"$155,000,000","$267,762,265","$372,086,959"
216,"Dec 10, 2010",The Chronicles of Narnia: The Voyage of the Daw…,"$155,000,000","$104,386,950","$418,186,950"
217,"Mar 25, 2021",Godzilla vs. Kong,"$155,000,000","$100,916,094","$470,116,094"
218,"Jun 24, 2015",Terminator: Genisys,"$155,000,000","$89,760,956","$432,150,894"
219,"Mar 16, 2018",Pacific Rim: Uprising,"$155,000,000","$59,874,525","$290,930,148"
220,"Nov 24, 2004",Alexander,"$155,000,000","$34,297,191","$167,297,191"
221,"Apr 17, 2025",Michael,"$155,000,000",$0,$0
222,"Jul 14, 2017",War for the Planet of the Apes,"$152,000,000","$146,880,162","$489,592,267"
223,"May 25, 2001",Pearl Harbor,"$151,500,000","$198,539,855","$449,239,853"
224,"Jun 28, 2007",Transformers,"$151,000,000","$319,246,193","$708,272,592"
225,"Nov 20, 2019",Frozen II,"$150,000,000","$477,373,578","$1,451,653,316"
226,"Nov 27, 2024",Moana 2,"$150,000,000","$460,405,297","$1,059,269,477"
227,"May 29, 2017",Wonder Woman,"$150,000,000","$412,563,408","$817,691,766"
228,"Nov 22, 2013",Frozen,"$150,000,000","$400,953,009","$1,270,089,468"
229,"Apr 2, 2025",A Minecraft Movie,"$150,000,000","$380,973,928","$815,973,928"
230,"Feb 10, 2016",Zootopia,"$150,000,000","$341,268,248","$1,025,485,003"
231,"Jul 11, 2007",Harry Potter and the Order of the Phoenix,"$150,000,000","$293,108,509","$937,961,254"
232,"Nov 18, 2005",Harry Potter and the Goblet of Fire,"$150,000,000","$291,147,424","$886,112,502"
233,"May 15, 2003",The Matrix Reloaded,"$150,000,000","$281,553,689","$738,576,929"
234,"Dec 14, 2007",I am Legend,"$150,000,000","$256,393,010","$585,532,684"
235,"Jan 27, 2016",Moana,"$150,000,000","$248,757,044","$684,654,985"
236,"Jul 1, 2008",Hancock,"$150,000,000","$227,946,274","$624,234,272"
237,"Sep 1, 2021",Shang-Chi and the Legend of the Ten Rings,"$150,000,000","$224,543,292","$432,224,634"
238,"Jul 15, 2005",Charlie and the Chocolate Factory,"$150,000,000","$206,459,076","$475,825,484"
239,"Jun 29, 2007",Ratatouille,"$150,000,000","$206,445,654","$626,549,695"
240,"Oct 30, 2013",Thor: The Dark World,"$150,000,000","$206,362,140","$644,602,516"
241,"Jun 15, 2005",Batman Begins,"$150,000,000","$205,343,774","$356,770,593"
242,"Jul 29, 2015",Mission: Impossible—Rogue Nation,"$150,000,000","$195,042,377","$688,858,992"
243,"Jul 18, 2017",Dunkirk,"$150,000,000","$190,068,280","$509,736,928"
244,"Apr 29, 2011",Thor,"$150,000,000","$181,030,624","$449,326,618"
245,"Nov 7, 2008",Madagascar: Escape 2 Africa,"$150,000,000","$180,174,880","$599,680,774"
246,"May 1, 2009",X-Men Origins: Wolverine,"$150,000,000","$179,883,157","$374,825,760"
247,"May 22, 2009",Night at the Museum: Battle of the Smithsonian,"$150,000,000","$177,243,721","$402,231,063"
248,"May 26, 2011",Kung Fu Panda 2,"$150,000,000","$165,249,063","$664,837,547"
249,"May 14, 2015",Mad Max: Fury Road,"$150,000,000","$154,363,726","$380,463,726"
250,"May 3, 2019",Pokémon: Detective Pikachu,"$150,000,000","$144,105,346","$428,919,826"
251,"Nov 5, 2003",The Matrix Revolutions,"$150,000,000","$139,270,910","$427,300,260"
252,"Mar 20, 2018",Ready Player One,"$150,000,000","$137,690,172","$579,055,653"
253,"Nov 4, 2005",Chicken Little,"$150,000,000","$135,386,665","$310,043,823"
254,"May 5, 2006",Mission: Impossible III,"$150,000,000","$133,501,348","$399,387,745"
255,"May 15, 2009",Angels & Demons,"$150,000,000","$133,375,846","$490,875,846"
256,"May 13, 2004",Troy,"$150,000,000","$133,298,577","$483,152,040"
257,"Jul 1, 2010",The Last Airbender,"$150,000,000","$131,772,187","$319,713,881"
258,"Nov 2, 2007",Bee Movie,"$150,000,000","$126,631,277","$287,594,577"
259,"Jul 24, 2009",G-Force,"$150,000,000","$119,436,770","$292,817,841"
260,"Nov 21, 2008",Bolt,"$150,000,000","$114,053,579","$328,015,029"
261,"Nov 24, 2021",Encanto,"$150,000,000","$96,093,622","$230,815,162"
262,"Mar 2, 2023",Dungeons & Dragons: Honor Among Thieves,"$150,000,000","$93,549,650","$207,854,947"
263,"Mar 28, 2012",Wrath of the Titans,"$150,000,000","$83,670,083","$305,270,083"
264,"Nov 16, 2007",Beowulf,"$150,000,000","$82,280,579","$195,080,579"
265,"May 9, 2012",Dark Shadows,"$150,000,000","$79,727,149","$245,564,215"
266,"Jun 28, 2013",White House Down,"$150,000,000","$73,103,784","$205,440,387"
267,"Jul 14, 2021",Space Jam: A New Legacy,"$150,000,000","$70,592,228","$163,692,228"
268,"Jul 26, 2023",Haunted Mansion,"$150,000,000","$67,653,287","$117,449,790"
269,"Feb 12, 2010",The Wolfman,"$150,000,000","$62,189,884","$142,634,358"
270,"Dec 15, 2016",The Great Wall,"$150,000,000","$45,157,105","$334,486,852"
271,"Sep 25, 2015",Pan,"$150,000,000","$35,088,320","$151,525,973"
272,"Mar 11, 2011",Mars Needs Moms,"$150,000,000","$21,392,758","$39,549,758"
273,"Feb 3, 2022",Moonfall,"$150,000,000","$19,060,660","$59,053,195"
274,"Nov 4, 2021",Red Notice,"$150,000,000",$0,"$173,638"
275,"Jul 3, 2024",Beverly Hills Cop: Axel F,"$150,000,000",$0,$0
276,"Dec 13, 2019",6 Underground,"$150,000,000",$0,$0
277,"Nov 3, 2006",Flushed Away,"$149,000,000","$64,665,672","$179,357,126"
278,"Jul 19, 2023",Barbie,"$145,000,000","$636,785,476","$1,444,459,229"
279,"Nov 20, 2024",Wicked,"$145,000,000","$473,231,120","$751,566,216"
280,"Jun 8, 2012",Madagascar 3: Europe's Most Wanted,"$145,000,000","$216,391,482","$746,921,271"
281,"Dec 14, 2011",Mission: Impossible—Ghost Protocol,"$145,000,000","$209,397,903","$694,713,230"
282,"Jun 5, 2014",How to Train Your Dragon 2,"$145,000,000","$177,002,924","$614,586,270"
283,"Jun 16, 1999",Tarzan,"$145,000,000","$171,091,819","$448,191,819"
284,"Feb 20, 2014",Mr. Peabody & Sherman,"$145,000,000","$111,506,430","$269,806,430"
285,"Nov 20, 2012",Rise of the Guardians,"$145,000,000","$103,412,758","$306,941,670"
286,"Apr 8, 2005",Sahara,"$145,000,000","$68,671,925","$121,645,390"
287,"Jul 13, 2016",Ghostbusters,"$144,000,000","$128,350,574","$229,008,658"
288,"Nov 22, 2002",Die Another Day,"$142,000,000","$160,942,139","$431,942,139"
289,"Jul 9, 2003",Pirates of the Caribbean: The Curse of the Blac…,"$140,000,000","$305,410,819","$654,310,819"
290,"May 8, 2009",Star Trek,"$140,000,000","$257,730,019","$386,839,614"
291,"Jul 1, 1998",Armageddon,"$140,000,000","$201,578,182","$554,600,000"
292,"Jul 3, 2002",Men in Black 2,"$140,000,000","$190,418,803","$441,767,803"
293,"Jul 22, 2011",Captain America: The First Avenger,"$140,000,000","$176,654,505","$370,569,776"
294,"Jan 23, 2016",Kung Fu Panda 3,"$140,000,000","$143,528,619","$520,189,225"
295,"Jul 10, 1998",Lethal Weapon 4,"$140,000,000","$130,444,603","$285,400,000"
296,"Mar 27, 2013",G.I. Joe: Retaliation,"$140,000,000","$122,523,060","$375,740,705"
297,"Dec 5, 2003",The Last Samurai,"$140,000,000","$111,110,575","$456,810,575"
298,"Dec 21, 2005",Fun with Dick & Jane,"$140,000,000","$110,550,000","$203,018,919"
299,"Dec 5, 2014",Exodus: Gods and Kings,"$140,000,000","$65,014,513","$268,314,513"
300,"Jun 30, 2016",The BFG,"$140,000,000","$55,483,770","$199,646,680"
301,"Oct 3, 2019",Gemini Man,"$140,000,000","$48,546,770","$166,598,362"
302,"Feb 24, 2016",Gods of Egypt,"$140,000,000","$31,153,464","$138,836,756"
303,Unknown,Desert Warrior,"$140,000,000",$0,$0
304,"Sep 24, 2025",One Battle After Another,"$140,000,000",$0,$0
305,"May 3, 2002",Spider-Man,"$139,000,000","$404,652,858","$822,652,858"
306,"Mar 6, 2009",Watchmen,"$138,000,000","$107,509,799","$186,976,250"
307,"Jul 29, 2005",Stealth,"$138,000,000","$32,116,746","$76,416,746"
308,"Jun 13, 2008",The Incredible Hulk,"$137,500,000","$134,806,913","$265,573,859"
309,"Jun 20, 2003",Hulk,"$137,000,000","$132,177,234","$245,031,679"
310,"Jul 11, 2001",Final Fantasy: The Spirits Within,"$137,000,000","$32,131,830","$85,131,830"
311,"Nov 14, 2012","The Twilight Saga: Breaking Dawn, Part 2","$136,200,000","$292,324,737","$829,724,737"
312,"Mar 27, 2024",Godzilla x Kong: The New Empire,"$135,000,000","$196,805,338","$572,305,338"
313,"Mar 15, 2013",The Croods,"$135,000,000","$187,168,425","$573,068,425"
314,"Dec 25, 2015",The Revenant,"$135,000,000","$183,637,894","$532,938,302"
315,"Nov 19, 1999",The World is Not Enough,"$135,000,000","$126,930,660","$361,730,660"
316,"Mar 4, 2011",Rango,"$135,000,000","$123,477,607","$245,724,600"
317,"Nov 14, 2003",Master and Commander: The Far Side of the World,"$135,000,000","$93,926,386","$212,912,137"
318,"Jul 17, 2013",Turbo,"$135,000,000","$83,028,130","$286,896,578"
319,"Jun 2, 2016",Teenage Mutant Ninja Turtles: Out of the Shadows,"$135,000,000","$82,051,601","$245,328,374"
320,"Nov 18, 2011",Happy Feet Two,"$135,000,000","$64,006,466","$157,956,462"
321,"Jul 28, 2006",Miami Vice,"$135,000,000","$63,478,838","$164,920,076"
322,"Oct 31, 2018",The Nutcracker and the Four Realms,"$132,900,000","$54,858,851","$170,024,300"
323,"Jun 24, 2005",War of the Worlds,"$132,000,000","$234,280,354","$606,836,535"
324,"Nov 26, 2014",Penguins of Madagascar,"$132,000,000","$83,350,911","$366,942,531"
325,"Nov 15, 2013",The Hunger Games: Catching Fire,"$130,000,000","$424,668,047","$864,808,014"
326,"May 31, 2004",Harry Potter and the Prisoner of Azkaban,"$130,000,000","$250,853,809","$784,234,714"
327,"Aug 3, 2007",The Bourne Ultimatum,"$130,000,000","$227,471,070","$444,043,396"
328,"Jul 3, 2018",Ant-Man and the Wasp,"$130,000,000","$216,648,740","$623,144,660"
329,"Jun 6, 2008",Kung Fu Panda,"$130,000,000","$215,727,546","$632,203,486"
330,"Jul 14, 2015",Ant-Man,"$130,000,000","$180,202,163","$518,858,449"
331,"Mar 19, 2015",Home,"$130,000,000","$177,397,510","$385,997,896"
332,"Dec 19, 2018",Mary Poppins Returns,"$130,000,000","$171,958,438","$345,606,500"
333,"Oct 28, 2011",Puss in Boots,"$130,000,000","$149,260,504","$554,987,477"
334,"Nov 5, 2010",Megamind,"$130,000,000","$148,415,853","$321,887,208"
335,"Jul 18, 2003",Bad Boys II,"$130,000,000","$138,540,870","$273,271,982"
336,"Mar 20, 2014",Rio 2,"$130,000,000","$131,538,435","$492,846,291"
337,"Jul 23, 2010",Salt,"$130,000,000","$118,311,368","$290,650,494"
338,"Mar 27, 2014",Noah,"$130,000,000","$101,200,044","$352,831,065"
339,"Oct 28, 2011",The Adventures of Tintin,"$130,000,000","$77,591,831","$373,993,951"
340,"May 31, 2013",After Earth,"$130,000,000","$60,522,097","$251,499,665"
341,"Nov 26, 2008",Australia,"$130,000,000","$49,554,002","$215,080,810"
342,"Jul 19, 2013",R.I.P.D.,"$130,000,000","$33,618,855","$79,076,678"
343,"Jan 3, 2019",How to Train Your Dragon: The Hidden World,"$129,000,000","$160,799,505","$520,979,901"
344,"Jul 29, 2023",Meg 2: The Trench,"$129,000,000","$82,633,033","$397,833,033"
345,"Nov 18, 2011","The Twilight Saga: Breaking Dawn, Part 1","$127,500,000","$281,287,133","$682,235,400"
346,"May 19, 2000",Dinosaur,"$127,500,000","$137,748,063","$356,148,063"
347,"Feb 23, 2017",Logan,"$127,000,000","$226,277,068","$614,202,315"
348,"Dec 18, 2014",Night at the Museum: Secret of the Tomb,"$127,000,000","$113,746,621","$353,756,621"
349,"Jul 13, 2011",Harry Potter and the Deathly Hallows: Part II,"$125,000,000","$382,088,758","$1,311,412,625"
350,"Nov 19, 2014",The Hunger Games: Mockingjay - Part 1,"$125,000,000","$337,135,885","$766,575,131"
351,"Nov 15, 2001",Harry Potter and the Sorcerer’s Stone,"$125,000,000","$317,871,467","$962,578,450"
352,"Dec 4, 2019",Jumanji: The Next Level,"$125,000,000","$316,831,246","$792,472,668"
353,"Nov 17, 2010",Harry Potter and the Deathly Hallows: Part I,"$125,000,000","$297,414,693","$943,476,160"
354,"Dec 6, 2023",Wonka,"$125,000,000","$218,581,815","$633,576,416"
355,"May 19, 2006",The Da Vinci Code,"$125,000,000","$217,536,138","$767,820,459"
356,"Apr 30, 2003",X-Men 2,"$125,000,000","$214,949,694","$406,348,630"
357,"Apr 21, 2011",Fast Five,"$125,000,000","$210,031,325","$629,975,898"
358,"Aug 8, 2014",Teenage Mutant Ninja Turtles,"$125,000,000","$191,204,754","$485,004,754"
359,"Dec 16, 2011",Sherlock Holmes: A Game of Shadows,"$125,000,000","$186,848,418","$535,663,443"
360,"May 27, 2004",The Day After Tomorrow,"$125,000,000","$186,740,799","$555,840,117"
361,"Mar 17, 2017",The Boss Baby,"$125,000,000","$175,003,033","$527,909,949"
362,"Apr 1, 2010",Clash of the Titans,"$125,000,000","$163,214,888","$493,214,888"
363,"Oct 12, 2016",Trolls,"$125,000,000","$153,856,089","$342,831,709"
364,"May 19, 1998",Godzilla,"$125,000,000","$136,314,294","$376,000,000"
365,"May 30, 2012",Prometheus,"$125,000,000","$126,477,084","$402,448,265"
366,"Aug 10, 2012",The Bourne Legacy,"$125,000,000","$113,203,870","$280,355,920"
367,"Jun 20, 1997",Batman & Robin,"$125,000,000","$107,325,195","$238,317,814"
368,"Mar 1, 2024",The Fall Guy,"$125,000,000","$92,900,355","$181,218,674"
369,"Jul 5, 2018",Skyscraper,"$125,000,000","$68,420,120","$304,858,121"
370,"Jan 3, 2020",The Call of the Wild,"$125,000,000","$62,342,368","$107,351,191"
371,"Aug 3, 2012",Total Recall,"$125,000,000","$58,877,969","$211,856,088"
372,"Mar 15, 2023",Shazam! Fury of the Gods,"$125,000,000","$57,721,819","$134,221,819"
373,"Dec 21, 2016",Assassin’s Creed,"$125,000,000","$54,647,948","$240,759,682"
374,"Dec 29, 2016",Monster Trucks,"$125,000,000","$33,370,166","$61,642,798"
375,"Aug 27, 1999",The 13th Warrior,"$125,000,000","$32,698,899","$61,698,899"
376,"Nov 17, 2000",How the Grinch Stole Christmas,"$123,000,000","$262,425,630","$347,522,208"
377,"Dec 19, 2024",Sonic the Hedgehog 3,"$122,000,000","$236,115,100","$489,902,793"
378,"May 24, 2000",Mission: Impossible 2,"$120,000,000","$215,409,889","$549,588,516"
379,"Jun 30, 2000",The Perfect Storm,"$120,000,000","$182,618,434","$328,711,434"
380,"Jul 20, 2016",Jason Bourne,"$120,000,000","$162,192,920","$416,168,316"
381,"Feb 10, 2022",Uncharted,"$120,000,000","$148,648,820","$407,141,258"
382,"Jun 15, 2007",Fantastic Four: Rise of the Silver Surfer,"$120,000,000","$131,921,738","$289,480,691"
383,"Nov 21, 2012",Life of Pi,"$120,000,000","$124,987,022","$619,310,368"
384,"Feb 16, 2007",Ghost Rider,"$120,000,000","$115,802,596","$229,545,589"
385,"Apr 9, 2018",Rampage,"$120,000,000","$101,028,233","$427,947,217"
386,"Jun 27, 2003",Charlie's Angels: Full Throttle,"$120,000,000","$100,814,328","$227,163,273"
387,"Aug 9, 2013",Elysium,"$120,000,000","$93,050,117","$286,192,091"
388,"Apr 19, 2013",Oblivion,"$120,000,000","$89,107,235","$287,916,633"
389,"Mar 24, 2017",Power Rangers,"$120,000,000","$85,364,450","$142,531,552"
390,"Aug 16, 2023",Blue Beetle,"$120,000,000","$72,541,501","$130,841,501"
391,"Jul 19, 2002",Stuart Little 2,"$120,000,000","$64,956,806","$166,000,000"
392,"Feb 12, 2014",RoboCop,"$120,000,000","$58,607,007","$242,981,799"
393,"Jun 11, 2004",The Chronicles of Riddick,"$120,000,000","$57,712,751","$107,212,751"
394,"Aug 5, 2015",The Fantastic Four,"$120,000,000","$56,117,548","$167,849,187"
395,"May 9, 2008",Speed Racer,"$120,000,000","$43,945,766","$93,394,462"
396,"Jul 22, 2005",The Island,"$120,000,000","$35,818,913","$163,018,913"
397,"Dec 17, 2010",How Do You Know?,"$120,000,000","$30,212,620","$49,628,177"
398,"Nov 9, 2018",Outlaw King,"$120,000,000",$0,$0
399,"Dec 2, 2022",Emancipation,"$120,000,000",$0,$0
400,"Feb 28, 2025",Mickey 17,"$118,000,000","$46,047,147","$126,828,338"
401,"Jun 23, 2010",Knight and Day,"$117,000,000","$76,423,035","$258,751,370"
402,"Jan 25, 2021",Detective Chinatown 3 (唐人街探案3),"$117,000,000",$0,"$570,051,257"
403,"Oct 2, 2018",Venom,"$116,000,000","$213,511,408","$856,081,053"
404,"May 19, 1999",Star Wars Ep. I: The Phantom Menace,"$115,000,000","$487,574,671","$1,046,513,456"
405,"May 18, 2005",Star Wars Ep. III: Revenge of the Sith,"$115,000,000","$408,204,034","$893,932,334"
406,"May 16, 2002",Star Wars Ep. II: Attack of the Clones,"$115,000,000","$310,676,740","$656,695,615"
407,"Nov 2, 2001","Monsters, Inc.","$115,000,000","$290,149,425","$560,483,719"
408,"Jul 26, 2013",The Wolverine,"$115,000,000","$132,556,852","$416,456,852"
409,"Feb 7, 1997",Dante’s Peak,"$115,000,000","$67,163,857","$178,200,000"
410,"Apr 6, 2016",The Huntsman: Winter’s War,"$115,000,000","$48,003,015","$165,149,302"
411,"Jun 14, 2002",Windtalkers,"$115,000,000","$40,914,068","$77,628,265"
412,"Mar 6, 2019",Triple Frontier,"$115,000,000",$0,$0
413,"Jul 4, 2008",Astérix aux Jeux Olympiques,"$113,500,000","$999,811","$132,999,811"
414,"Dec 24, 2010",Gulliver's Travels,"$112,000,000","$42,779,261","$232,017,848"
415,"Dec 8, 2017",Ferdinand,"$111,000,000","$84,410,380","$307,491,645"
416,"May 11, 2018",Deadpool 2,"$110,000,000","$324,591,735","$786,362,370"
417,"Oct 3, 2013",Gravity,"$110,000,000","$274,092,705","$684,657,731"
418,"Dec 22, 2006",Night at the Museum,"$110,000,000","$250,863,268","$579,446,407"
419,"Sep 30, 2021",Venom: Let There be Carnage,"$110,000,000","$213,550,366","$501,546,922"
420,"Jun 10, 2005",Mr. and Mrs. Smith,"$110,000,000","$186,336,279","$486,124,090"
421,"Dec 2, 2022",Puss in Boots: The Last Wish,"$110,000,000","$186,090,535","$484,329,137"
422,"May 27, 2015",San Andreas,"$110,000,000","$155,190,832","$474,590,832"
423,"Jul 29, 2011",The Smurfs,"$110,000,000","$142,614,158","$563,749,323"
424,"Oct 23, 2024",Venom: The Last Dance,"$110,000,000","$139,755,882","$474,492,936"
425,"Jun 27, 2007",Live Free or Die Hard,"$110,000,000","$134,529,403","$382,288,147"
426,"Mar 18, 2015",The Divergent Series: Insurgent,"$110,000,000","$130,179,072","$295,075,882"
427,"Dec 10, 2004",Ocean’s Twelve,"$110,000,000","$125,531,634","$362,989,076"
428,"Dec 19, 1997",Tomorrow Never Dies,"$110,000,000","$125,304,276","$339,504,276"
429,"Jun 28, 2000",The Patriot,"$110,000,000","$113,330,342","$215,300,000"
430,"May 8, 2024",IF,"$110,000,000","$111,375,918","$184,898,670"
431,"Mar 7, 2014",300: Rise of an Empire,"$110,000,000","$106,580,051","$330,780,051"
432,"Dec 17, 2004",The Aviator,"$110,000,000","$102,608,827","$208,370,892"
433,"Dec 21, 2016",Passengers,"$110,000,000","$100,014,699","$302,239,672"
434,"Jan 14, 2011",The Green Hornet,"$110,000,000","$98,780,042","$229,155,503"
435,"Sep 21, 2016",Miss Peregrine’s Home for Peculiar Children,"$110,000,000","$87,242,834","$295,986,876"
436,"Oct 7, 2011",Real Steel,"$110,000,000","$85,463,309","$263,880,341"
437,"Jun 12, 2019",Men in Black: International,"$110,000,000","$80,001,807","$254,310,003"
438,"Jun 11, 2010",The A-Team,"$110,000,000","$77,222,099","$177,241,171"
439,"Jul 31, 2013",The Smurfs 2,"$110,000,000","$71,017,784","$348,547,523"
440,"Mar 9, 2016",The Divergent Series: Allegiant,"$110,000,000","$66,184,051","$172,022,517"
441,"Jun 12, 2009",The Taking of Pelham 123,"$110,000,000","$65,452,312","$152,364,370"
442,"Oct 25, 2013",Ender’s Game,"$110,000,000","$61,737,191","$127,983,283"
443,"Apr 2, 2004",Home on the Range,"$110,000,000","$50,026,353","$76,482,461"
444,"Jan 1, 1997",Speed 2: Cruise Control,"$110,000,000","$48,097,081","$150,468,000"
445,"May 6, 2005",Kingdom of Heaven,"$110,000,000","$47,398,413","$218,674,938"
446,"Mar 23, 2017",Ghost in the Shell,"$110,000,000","$40,563,557","$167,910,690"
447,"Aug 29, 2024",Kraven the Hunter,"$110,000,000","$25,026,310","$60,011,428"
448,"Jun 16, 2004",Around the World in 80 Days,"$110,000,000","$24,004,159","$72,004,159"
449,"Nov 21, 2003",Dr. Seuss’ The Cat in the Hat,"$109,000,000","$101,018,283","$133,818,283"
450,"Dec 25, 2001",Ali,"$109,000,000","$58,183,966","$87,683,966"
451,"Sep 30, 2015",The Martian,"$108,000,000","$228,433,663","$653,609,107"
452,"Nov 20, 2016",Allied,"$106,000,000","$40,098,064","$119,266,661"
453,"Jul 16, 2004","I, Robot","$105,000,000","$144,801,023","$348,629,585"
454,"Dec 17, 1999",Stuart Little,"$105,000,000","$140,015,224","$298,815,224"
455,"Nov 25, 2009",The Princess and the Frog,"$105,000,000","$104,400,899","$270,997,378"
456,"Mar 7, 2008","10,000 B.C.","$105,000,000","$94,784,201","$269,065,678"
457,"Jul 1, 2016",Ice Age: Collision Course,"$105,000,000","$64,063,008","$402,156,682"
458,"Nov 7, 1997",Starship Troopers,"$105,000,000","$54,768,952","$121,099,956"
459,"Apr 27, 2001",Town & Country,"$105,000,000","$6,712,451","$10,364,769"
460,"Sep 19, 2017",Kingsman: The Golden Circle,"$104,000,000","$100,234,838","$408,803,696"
461,"Jun 9, 2000",Gone in 60 Seconds,"$103,300,000","$101,643,008","$232,643,008"
462,"May 1, 2000",Gladiator,"$103,000,000","$187,683,805","$451,683,599"
463,"May 23, 2013",The Hangover 3,"$103,000,000","$112,200,072","$362,000,072"
464,"Mar 9, 2018",A Wrinkle in Time,"$103,000,000","$100,478,608","$133,214,549"
465,"Jul 1, 2009",Public Enemies,"$102,500,000","$97,104,620","$212,282,709"
466,"Nov 17, 2006",Casino Royale,"$102,000,000","$167,365,000","$594,420,216"
467,"Jun 21, 2002",Minority Report,"$102,000,000","$132,024,714","$358,824,714"
468,"Dec 13, 2018",Bumblebee,"$102,000,000","$127,195,589","$464,731,819"
469,"Oct 26, 2012",Cloud Atlas,"$102,000,000","$27,108,272","$130,673,154"
470,"Apr 4, 2023",The Super Mario Bros. Movie,"$100,000,000","$574,934,330","$1,359,146,628"
471,"May 31, 2023",Spider-Man: Across the Spider-Verse,"$100,000,000","$381,593,754","$681,138,413"
472,"Jun 16, 2022",Minions: The Rise of Gru,"$100,000,000","$370,549,695","$937,706,494"
473,"Jun 20, 2024",Despicable Me 4,"$100,000,000","$361,004,205","$971,315,095"
474,"Jul 19, 2023",Oppenheimer,"$100,000,000","$330,078,895","$976,264,539"
475,"Sep 4, 2024",Beetlejuice Beetlejuice,"$100,000,000","$294,100,435","$451,900,435"
476,"Nov 15, 2002",Harry Potter and the Chamber of Secrets,"$100,000,000","$263,581,232","$876,152,709"
477,"Jul 2, 1991",Terminator 2: Judgment Day,"$100,000,000","$203,464,105","$515,344,899"
478,"Jun 5, 2024",Bad Boys: Ride or Die,"$100,000,000","$193,573,217","$400,526,237"
479,"Mar 22, 2023",John Wick: Chapter 4,"$100,000,000","$187,131,806","$440,320,578"
480,"Jun 16, 1995",Batman Forever,"$100,000,000","$184,190,913","$336,688,945"
481,"Jul 27, 2001",Planet of the Apes,"$100,000,000","$180,011,740","$362,211,740"
482,"Nov 19, 2004",National Treasure,"$100,000,000","$173,005,002","$331,323,410"
483,"Nov 15, 2023",The Hunger Games: The Ballad of Songbirds & Snakes,"$100,000,000","$166,350,594","$347,999,047"
484,"Dec 25, 2012",Django Unchained,"$100,000,000","$162,805,434","$449,841,566"
485,"Dec 25, 2019",1917,"$100,000,000","$159,227,644","$383,710,072"
486,"Dec 22, 2010",Little Fockers,"$100,000,000","$148,438,600","$310,650,574"
487,"Jul 15, 1994",True Lies,"$100,000,000","$146,282,411","$365,300,000"
488,"Nov 2, 2007",American Gangster,"$100,000,000","$130,164,645","$267,985,456"
489,"Sep 18, 2009",Cloudy with a Chance of Meatballs,"$100,000,000","$124,870,275","$236,827,677"
490,"Aug 6, 2010",The Other Guys,"$100,000,000","$119,219,978","$170,936,470"
491,"Dec 17, 2004",Lemony Snicket's A Series of Unfortunate Events,"$100,000,000","$118,627,117","$212,956,024"
492,"Dec 25, 2013",The Wolf of Wall Street,"$100,000,000","$116,949,183","$389,816,136"
493,"Mar 20, 2024",Ghostbusters: Frozen Empire,"$100,000,000","$113,376,590","$199,941,000"
494,"May 24, 2013",Epic,"$100,000,000","$107,518,682","$262,794,441"
495,"Jun 21, 1996",Eraser,"$100,000,000","$101,295,562","$234,400,000"
496,"Jun 21, 1996",The Hunchback of Notre Dame,"$100,000,000","$100,138,851","$325,500,000"
497,"Dec 15, 2000",The Emperor's New Groove,"$100,000,000","$89,630,573","$169,630,573"
498,"Aug 15, 2012",The Expendables 2,"$100,000,000","$85,028,192","$311,979,256"
499,"Oct 16, 2009",Where the Wild Things Are,"$100,000,000","$77,233,467","$99,123,656"
500,"Dec 15, 2006",Eragon,"$100,000,000","$75,030,163","$249,488,115"
501,"Jul 23, 2014",Hercules,"$100,000,000","$72,688,614","$243,388,614"
502,"Dec 10, 2010",The Tourist,"$100,000,000","$67,631,157","$278,731,369"
503,"Nov 24, 1999",End of Days,"$100,000,000","$66,889,043","$212,026,975"
504,"Dec 25, 2019",Spies in Disguise,"$100,000,000","$66,757,013","$165,124,093"
505,"Jun 11, 2004",The Stepford Wives,"$100,000,000","$59,475,623","$96,150,482"
506,"Jun 8, 2007",Surf’s Up,"$100,000,000","$58,867,694","$145,395,745"
507,"Dec 8, 2006",Blood Diamond,"$100,000,000","$57,377,916","$171,377,916"
508,"Nov 7, 2019",Midway,"$100,000,000","$56,846,802","$126,787,360"
509,"Sep 24, 2010",Legend of the Guardians: The Owls of Ga'Hoole,"$100,000,000","$55,675,313","$139,716,717"
510,"Jun 17, 1977",The Deep,"$100,000,000","$50,681,884","$50,681,884"
511,"Jun 5, 2009",Land of the Lost,"$100,000,000","$49,438,370","$69,548,641"
512,"Dec 18, 2003",Peter Pan,"$100,000,000","$48,417,850","$95,255,485"
513,"Mar 15, 2019",Wonder Park,"$100,000,000","$45,216,793","$115,103,325"
514,"Jul 23, 2004",Catwoman,"$100,000,000","$40,202,379","$82,078,046"
515,"Aug 14, 2014",The Expendables 3,"$100,000,000","$39,322,544","$209,461,378"
516,"Dec 8, 2021",West Side Story,"$100,000,000","$38,530,322","$74,829,369"
517,"Nov 27, 2002",Treasure Planet,"$100,000,000","$38,120,554","$91,800,000"
518,"Dec 22, 2021",The King’s Man,"$100,000,000","$37,176,373","$121,125,300"
519,"Mar 12, 2010",Green Zone,"$100,000,000","$35,497,337","$97,523,020"
520,"Oct 13, 2017",Geostorm,"$100,000,000","$33,700,160","$220,796,009"
521,"Dec 2, 2015",Point Break,"$100,000,000","$28,782,481","$133,782,481"
522,"Dec 17, 2019",Cats,"$100,000,000","$27,166,770","$75,323,946"
523,"Nov 26, 2015",In the Heart of the Sea,"$100,000,000","$25,020,758","$94,320,758"
524,"Apr 18, 2014",Transcendence,"$100,000,000","$23,022,309","$103,039,258"
525,"Jul 5, 2024",Fly Me to the Moon,"$100,000,000","$20,532,222","$38,198,351"
526,"Feb 18, 2005",Son of the Mask,"$100,000,000","$17,018,422","$59,918,422"
527,"Sep 15, 2023",Expend4bles,"$100,000,000","$16,710,153","$51,133,603"
528,"Dec 5, 2018",Mortal Engines,"$100,000,000","$15,951,040","$85,481,904"
529,"Feb 3, 2021",Chaos Walking,"$100,000,000","$13,287,908","$27,072,169"
530,"Oct 13, 2021",The Last Duel,"$100,000,000","$10,853,945","$30,080,003"
531,"Aug 16, 2002",The Adventures of Pluto Nash,"$100,000,000","$4,411,102","$7,094,995"
532,"Jan 20, 2012",Jin líng shí san chai,"$100,000,000","$311,434","$98,227,017"
533,"Oct 22, 2020",The Witches,"$100,000,000",$0,"$29,100,000"
534,"Dec 9, 2020",The Midnight Sky,"$100,000,000",$0,"$75,615"
535,"Jun 12, 2020",Artemis Fowl,"$100,000,000",$0,$0
536,"Nov 5, 2025",Predator: Badlands,"$100,000,000",$0,$0
537,"Nov 5, 2015",The Peanuts Movie,"$99,000,000","$130,178,411","$250,091,610"
538,"Feb 6, 2019",The LEGO Movie 2: The Second Part,"$99,000,000","$105,806,508","$192,306,508"
539,"Nov 21, 2018",Robin Hood,"$99,000,000","$30,824,628","$85,210,012"
540,"May 4, 2001",The Mummy Returns,"$98,000,000","$202,007,640","$435,040,395"
541,"Nov 14, 2019",Ford v. Ferrari,"$97,600,000","$117,624,357","$224,390,706"
542,"Dec 20, 2002",Gangs of New York,"$97,000,000","$77,730,500","$183,124,621"
543,"May 4, 2017",Alien: Covenant,"$97,000,000","$74,262,031","$238,521,247"
544,"Mar 6, 2015",Cinderella,"$95,000,000","$201,151,353","$542,351,353"
545,"Jun 27, 2012",Ice Age: Continental Drift,"$95,000,000","$161,321,843","$879,765,137"
546,"Dec 28, 2001",Black Hawk Down,"$95,000,000","$108,638,745","$159,691,085"
547,"Oct 12, 2023",Trolls Band Together,"$95,000,000","$103,974,820","$210,651,834"
548,"May 27, 2010",Sex and the City 2,"$95,000,000","$95,347,692","$294,680,778"
549,"Feb 12, 2010",Percy Jackson & the Olympians: The Lightning Thief,"$95,000,000","$88,768,303","$223,050,874"
550,"Aug 10, 2012",The Campaign,"$95,000,000","$86,907,746","$104,907,746"
551,"Nov 12, 2010",Unstoppable,"$95,000,000","$81,562,942","$165,720,921"
552,"May 9, 1997",The Fifth Element,"$95,000,000","$63,570,862","$263,892,271"
553,"Mar 31, 2000",The Road to El Dorado,"$95,000,000","$50,802,661","$65,700,000"
554,"Dec 11, 2009",The Lovely Bones,"$95,000,000","$44,114,232","$94,894,448"
555,"Jun 30, 2016",Ben-Hur,"$95,000,000","$26,410,477","$91,669,648"
556,"Dec 14, 2023",Ferrari,"$95,000,000","$18,550,030","$40,989,660"
557,"Dec 19, 2014",Seventh Son,"$95,000,000","$17,725,785","$108,874,967"
558,"Dec 17, 2003",The Lord of the Rings: The Return of the King,"$94,000,000","$381,472,917","$1,123,837,908"
559,"May 30, 2003",Finding Nemo,"$94,000,000","$380,529,370","$936,094,852"
560,"Dec 18, 2002",The Lord of the Rings: The Two Towers,"$94,000,000","$345,115,396","$921,711,177"
561,"Jun 15, 2001",Lara Croft: Tomb Raider,"$94,000,000","$131,144,183","$273,330,185"
562,"Jan 29, 2015",Kingsman: The Secret Service,"$94,000,000","$128,261,724","$404,561,724"
563,"Dec 19, 2001",The Lord of the Rings: The Fellowship of the Ring,"$93,000,000","$318,651,105","$894,291,662"
564,"Jul 18, 2001",Jurassic Park III,"$93,000,000","$181,166,115","$365,900,000"
565,"Aug 5, 2011",Rise of the Planet of the Apes,"$93,000,000","$176,760,185","$470,986,200"
566,"Feb 14, 2008",The Spiderwick Chronicles,"$92,500,000","$71,195,053","$162,839,667"
567,"Oct 22, 2004",The Incredibles,"$92,000,000","$261,441,092","$631,441,092"
568,"Feb 6, 2013",A Good Day to Die Hard,"$92,000,000","$67,349,198","$304,249,198"
569,"Apr 9, 2004",The Alamo,"$92,000,000","$22,406,362","$23,911,362"
570,"Dec 22, 1995",Cutthroat Island,"$92,000,000","$10,017,322","$18,517,322"
571,"Dec 19, 2013",The Secret Life of Walter Mitty,"$91,000,000","$58,236,838","$187,861,183"
572,"Dec 20, 2017",Jumanji: Welcome to the Jungle,"$90,000,000","$404,508,916","$961,632,807"
573,"Jul 1, 1997",Men in Black,"$90,000,000","$250,690,539","$587,790,539"
574,"Nov 19, 1999",Toy Story 2,"$90,000,000","$245,852,179","$511,358,276"
575,"Aug 3, 2001",Rush Hour 2,"$90,000,000","$226,164,286","$347,425,832"
576,"Dec 25, 2009",Sherlock Holmes,"$90,000,000","$209,028,679","$498,438,212"
577,"Jan 15, 2020",Bad Boys For Life,"$90,000,000","$204,417,855","$424,471,663"
578,"Jul 1, 2009",Ice Age: Dawn of the Dinosaurs,"$90,000,000","$196,573,705","$886,686,817"
579,"Mar 30, 2022",Sonic the Hedgehog 2,"$90,000,000","$190,872,904","$403,824,597"
580,"Dec 12, 2018",Spider-Man: Into The Spider-Verse 3D,"$90,000,000","$190,173,195","$373,807,069"
581,"Jul 21, 2000",What Lies Beneath,"$90,000,000","$155,464,351","$288,693,989"
582,"Feb 13, 2020",Sonic The Hedgehog,"$90,000,000","$146,066,470","$302,452,077"
583,"Apr 7, 2011",Rio,"$90,000,000","$143,619,809","$487,517,241"
584,"Jul 24, 2019",Once Upon a Time…in Hollywood,"$90,000,000","$142,502,728","$377,426,903"
585,"Oct 6, 2006",The Departed,"$90,000,000","$132,384,315","$289,660,619"
586,"Apr 16, 2025",Sinners,"$90,000,000","$128,741,500","$168,540,500"
587,"Nov 3, 2000",Charlie's Angels,"$90,000,000","$125,305,545","$259,736,090"
588,"Jun 19, 1998",Mulan,"$90,000,000","$120,620,254","$303,500,000"
589,"Aug 13, 2008",Tropic Thunder,"$90,000,000","$110,515,313","$191,145,256"
590,"Dec 20, 2011",The Girl with the Dragon Tattoo,"$90,000,000","$102,515,793","$239,373,970"
591,"Jul 11, 1997",Contact,"$90,000,000","$100,920,329","$165,900,000"
592,"Jun 6, 2008",You Don’t Mess With the Zohan,"$90,000,000","$100,018,837","$202,910,991"
593,"May 19, 1995",Die Hard: With a Vengeance,"$90,000,000","$100,012,499","$366,101,666"
594,"Jul 27, 2022",DC League of Super Pets,"$90,000,000","$93,657,117","$207,557,117"
595,"Sep 12, 2016",The Magnificent Seven,"$90,000,000","$93,432,655","$162,122,642"
596,"Dec 18, 2015",Alvin and the Chipmunks: The Road Chip,"$90,000,000","$85,886,987","$249,517,956"
597,"Jun 8, 2001",Atlantis: The Lost Empire,"$90,000,000","$84,052,762","$186,049,020"
598,"Dec 25, 2008",Valkyrie,"$90,000,000","$83,107,829","$203,932,174"
599,"Jul 16, 2015",Pixels,"$90,000,000","$78,765,986","$244,041,804"
600,"Jun 29, 2001",Artificial Intelligence: AI,"$90,000,000","$78,616,689","$235,900,000"
601,"Nov 26, 2003",The Haunted Mansion,"$90,000,000","$75,817,994","$155,750,628"
602,"Aug 4, 2000",Hollow Man,"$90,000,000","$73,209,340","$191,200,000"
603,"Apr 22, 2005",The Interpreter,"$90,000,000","$72,708,161","$162,753,837"
604,"Aug 7, 2013",Percy Jackson: Sea of Monsters,"$90,000,000","$68,559,554","$200,859,554"
605,"Jul 25, 2003",Lara Croft: Tomb Raider: The Cradle of Life,"$90,000,000","$65,653,758","$157,092,943"
606,"May 27, 2016",Now You See Me 2,"$90,000,000","$65,075,540","$328,325,007"
607,"Nov 21, 2001",Spy Game,"$90,000,000","$62,362,560","$143,049,560"
608,"Apr 4, 1997",The Saint,"$90,000,000","$61,363,304","$169,400,000"
609,"Mar 10, 2000",Mission to Mars,"$90,000,000","$60,874,615","$106,000,000"
610,"Mar 6, 2018",Tomb Raider,"$90,000,000","$58,250,803","$273,477,501"
611,"Dec 17, 1999",Bicentennial Man,"$90,000,000","$58,220,776","$87,420,776"
612,"Jul 7, 2004",King Arthur,"$90,000,000","$51,877,963","$203,653,524"
613,"Apr 25, 1997",Volcano,"$90,000,000","$47,546,796","$120,100,000"
614,"Feb 9, 2022",Death on the Nile,"$90,000,000","$45,630,104","$130,298,184"
615,"Mar 26, 1997",The Devil's Own,"$90,000,000","$42,885,593","$140,900,000"
616,"Jul 19, 2002",K-19: The Widowmaker,"$90,000,000","$35,168,966","$65,716,126"
617,"Aug 19, 2011",Conan the Barbarian,"$90,000,000","$21,295,021","$63,356,133"
618,"Nov 23, 2022",Devotion,"$90,000,000","$20,511,938","$21,461,880"
619,"Oct 21, 2011",The Three Musketeers,"$90,000,000","$20,377,913","$139,877,913"
620,"Apr 21, 2017",The Promise,"$90,000,000","$8,224,288","$10,551,417"
621,"Nov 24, 2010",The Nutcracker in 3D,"$90,000,000","$195,459","$20,466,016"
622,"Mar 12, 2020",Trolls: World Tour,"$90,000,000",$0,"$48,866,407"
623,"Dec 13, 2017",Bright,"$90,000,000",$0,$0
624,"May 14, 2021",Army of the Dead,"$90,000,000",$0,$0
625,"May 10, 1996",Twister,"$88,000,000","$245,219,182","$499,230,797"
626,"Jun 3, 2005",Cinderella Man,"$88,000,000","$61,649,911","$105,021,488"
627,"Sep 11, 2018",The Predator,"$88,000,000","$51,024,708","$159,487,563"
628,"Jul 21, 2021",Snake Eyes: G.I. Joe Origins,"$88,000,000","$28,264,325","$34,677,221"
629,"Jul 8, 2005",Fantastic Four,"$87,500,000","$154,696,080","$333,132,750"
630,"Feb 9, 2001",Hannibal,"$87,000,000","$165,092,266","$350,100,280"
631,"Apr 6, 2023",Renfield,"$86,203,077","$17,297,895","$26,874,347"
632,"Jul 25, 2003",Seabiscuit,"$86,000,000","$120,277,854","$148,715,342"
633,"Jul 14, 2022",Bullet Train,"$85,900,000","$103,368,602","$238,534,963"
634,"Aug 14, 2020",Project Power,"$85,100,000",$0,$0
635,"Dec 22, 2000",Cast Away,"$85,000,000","$233,632,142","$427,230,516"
636,"Nov 17, 2006",Happy Feet,"$85,000,000","$198,000,317","$385,000,315"
637,"Mar 6, 2024",Kung Fu Panda 4,"$85,000,000","$193,590,620","$547,863,457"
638,"Dec 7, 2001",Ocean’s Eleven,"$85,000,000","$183,417,150","$450,728,529"
639,"Jul 23, 2004",The Bourne Supremacy,"$85,000,000","$176,087,450","$311,001,124"
640,"Jul 25, 1997",Air Force One,"$85,000,000","$172,956,409","$315,268,353"
641,"Dec 1, 2021",Sing 2,"$85,000,000","$162,790,990","$404,534,588"
642,"Apr 2, 2009",Fast & Furious,"$85,000,000","$155,064,265","$359,347,833"
643,"Mar 14, 2008",Horton Hears a Who,"$85,000,000","$154,529,439","$299,477,886"
644,"Jun 22, 2022",Elvis,"$85,000,000","$151,416,153","$288,116,153"
645,"Mar 21, 2014",Divergent,"$85,000,000","$150,947,895","$276,014,965"
646,"Sep 27, 2012",Hotel Transylvania,"$85,000,000","$148,313,048","$377,369,679"
647,"Apr 3, 2019",Shazam!,"$85,000,000","$140,371,656","$363,563,907"
648,"Nov 21, 2007",Enchanted,"$85,000,000","$127,706,877","$340,384,141"
649,"Feb 8, 2012",Safe House,"$85,000,000","$126,181,630","$207,884,401"
650,"Jul 20, 2007",I Now Pronounce You Chuck and Larry,"$85,000,000","$119,725,280","$185,708,462"
651,"Jun 8, 2007",Ocean\'s Thirteen,"$85,000,000","$117,144,465","$311,744,465"
652,"Dec 25, 2009",It’s Complicated,"$85,000,000","$112,735,375","$224,614,744"
653,"Nov 20, 1998",Enemy of the State,"$85,000,000","$111,549,836","$250,649,836"
654,"Sep 29, 2006",Open Season,"$85,000,000","$85,105,259","$191,932,158"
655,"Nov 4, 2011",Tower Heist,"$85,000,000","$78,046,570","$150,422,946"
656,"Nov 22, 2000",102 Dalmatians,"$85,000,000","$66,941,559","$66,941,559"
657,"Mar 15, 2012",Mirror Mirror,"$85,000,000","$64,935,167","$173,613,482"
658,"Dec 8, 2006",The Holiday,"$85,000,000","$63,280,000","$204,920,447"
659,"Jun 15, 2006",The Fast and the Furious: Tokyo Drift,"$85,000,000","$62,615,510","$157,794,205"
660,"Dec 9, 2005",Memoirs of a Geisha,"$85,000,000","$57,010,853","$161,510,853"
661,"Mar 16, 2001",Enemy at the Gates,"$85,000,000","$51,396,781","$96,971,293"
662,"Jun 18, 1993",Last Action Hero,"$85,000,000","$50,016,394","$137,298,489"
663,"Sep 26, 2003",The Rundown,"$85,000,000","$47,641,743","$80,831,893"
664,"Nov 11, 2011",Arthur Christmas,"$85,000,000","$46,462,469","$147,555,243"
665,"Jan 19, 2017",xXx: Return of Xander Cage,"$85,000,000","$44,898,413","$345,033,359"
666,"Nov 13, 1998",Meet Joe Black,"$85,000,000","$44,650,003","$44,650,003"
667,"Jul 30, 2010",Cats & Dogs: The Revenge of Kitty Galore,"$85,000,000","$43,585,753","$113,026,383"
668,"Feb 8, 2002",Collateral Damage,"$85,000,000","$40,048,332","$78,353,508"
669,"Mar 15, 2002",Showtime,"$85,000,000","$37,948,765","$78,948,765"
670,"Jun 30, 1995",Judge Dredd,"$85,000,000","$34,687,912","$113,487,912"
671,"Aug 12, 2010",Scott Pilgrim vs. The World,"$85,000,000","$33,085,015","$49,379,547"
672,"Mar 2, 2007",Zodiac,"$85,000,000","$33,080,084","$83,027,938"
673,"Mar 28, 2003",The Core,"$85,000,000","$31,111,260","$74,120,792"
674,"May 9, 1997",Father’s Day,"$85,000,000","$28,681,080","$35,681,080"
675,"Dec 11, 2017",The Greatest Showman,"$84,000,000","$174,340,174","$428,796,000"
676,"Jun 14, 2002",Scooby-Doo,"$84,000,000","$153,294,164","$276,294,164"
677,"Jul 28, 2000",Nutty Professor II: The Klumps,"$84,000,000","$123,307,945","$166,307,945"
678,"Jul 19, 2013",RED 2,"$84,000,000","$53,262,560","$141,507,355"
679,"Jun 23, 2006",Click,"$82,500,000","$137,355,633","$237,685,089"
680,"Dec 15, 2006",Charlotte\'s Web,"$82,500,000","$82,985,708","$143,985,708"
681,"Feb 14, 2008",Jumper,"$82,500,000","$80,172,128","$222,640,812"
682,"Jul 11, 2008",Hellboy II: The Golden Army,"$82,500,000","$75,986,503","$160,388,063"
683,"May 27, 2005",The Longest Yard,"$82,000,000","$158,119,460","$191,558,505"
684,"Aug 13, 2010",The Expendables,"$82,000,000","$103,068,524","$268,268,174"
685,"Feb 5, 2020",Birds of Prey (And the Fantabulous Emancipation…,"$82,000,000","$84,158,461","$205,358,461"
686,"Jul 1, 2021",The Boss Baby: Family Business,"$82,000,000","$57,300,280","$146,281,732"
687,"Nov 17, 2000",The 6th Day,"$82,000,000","$34,543,701","$96,024,898"
688,"May 23, 2003",Bruce Almighty,"$81,000,000","$242,704,995","$484,468,608"
689,"Mar 8, 2012",The Hunger Games,"$80,000,000","$408,010,692","$677,923,379"
690,"May 26, 2011",The Hangover Part II,"$80,000,000","$254,464,305","$586,764,305"
691,"May 21, 1996",Mission: Impossible,"$80,000,000","$180,981,886","$457,697,994"
692,"Feb 2, 2017",The Lego Batman Movie,"$80,000,000","$175,750,384","$310,082,280"
693,"Sep 23, 2015",Hotel Transylvania 2,"$80,000,000","$169,700,110","$474,800,000"
694,"Jun 18, 1992",Batman Returns,"$80,000,000","$162,979,405","$266,970,061"
695,"May 7, 1999",The Mummy,"$80,000,000","$161,538,025","$422,538,025"
696,"May 24, 2019",The Secret Life of Pets 2,"$80,000,000","$159,214,420","$446,449,908"
697,"May 19, 2006",Over the Hedge,"$80,000,000","$155,019,340","$343,397,247"
698,"Jun 21, 2002",Lilo & Stitch,"$80,000,000","$145,771,527","$245,799,997"
699,"May 8, 1998",Deep Impact,"$80,000,000","$140,464,664","$349,464,664"
700,"Jul 12, 2013",Grown Ups 2,"$80,000,000","$133,668,525","$247,023,808"
701,"Dec 14, 2011",Alvin and the Chipmunks: Chipwrecked,"$80,000,000","$133,107,389","$349,088,523"
702,"Jun 20, 2008",Get Smart,"$80,000,000","$130,319,208","$226,739,416"
703,"Mar 11, 2005",Robots,"$80,000,000","$128,200,012","$260,636,271"
704,"Feb 19, 2010",Shutter Island,"$80,000,000","$128,012,934","$299,461,782"
705,"Dec 12, 2003",Something's Gotta Give,"$80,000,000","$124,685,242","$266,685,242"
706,"Nov 26, 2008",Four Christmases,"$80,000,000","$120,146,040","$168,311,558"
707,"Jun 27, 1997",Face/Off,"$80,000,000","$112,276,146","$241,199,984"
708,"Dec 25, 2008",Bedtime Stories,"$80,000,000","$110,101,975","$221,468,935"
709,"Aug 14, 2024",Alien: Romulus,"$80,000,000","$105,313,091","$350,743,668"
710,"Jul 12, 2002",Road to Perdition,"$80,000,000","$104,054,514","$183,354,514"
711,"Feb 11, 2011",Just Go With It,"$80,000,000","$103,028,109","$214,974,953"
712,"Feb 14, 2003",Daredevil,"$80,000,000","$102,543,518","$182,782,518"
713,"Sep 26, 2008",Eagle Eye,"$80,000,000","$101,440,743","$180,585,259"
714,"Jun 6, 1997",Con Air,"$80,000,000","$101,117,573","$224,117,573"
715,"Dec 17, 2010",Yogi Bear,"$80,000,000","$100,246,011","$204,774,690"
716,"Dec 25, 2003",Cold Mountain,"$80,000,000","$95,632,614","$165,173,909"
717,"Jan 15, 2010",The Book of Eli,"$80,000,000","$94,835,059","$158,750,817"
718,"Nov 26, 1997",Flubber,"$80,000,000","$92,993,801","$177,993,801"
719,"Jul 23, 1999",The Haunting,"$80,000,000","$91,188,905","$180,188,905"
720,"Nov 15, 1996",Space Jam,"$80,000,000","$90,463,534","$250,180,384"
721,"Oct 17, 2014",Fury,"$80,000,000","$85,817,906","$210,221,008"
722,"Sep 21, 2018",Smallfoot,"$80,000,000","$83,240,103","$214,244,195"
723,"Feb 10, 2006",The Pink Panther,"$80,000,000","$82,226,474","$158,926,474"
724,"Jul 8, 2011",Zookeeper,"$80,000,000","$80,360,866","$170,805,525"
725,"Dec 12, 2008",The Day the Earth Stood Still,"$80,000,000","$79,366,978","$237,370,350"
726,"Aug 8, 1997",Conspiracy Theory,"$80,000,000","$76,118,990","$142,783,718"
727,"Jun 12, 1998","Six Days, Seven Nights","$80,000,000","$74,339,294","$164,800,000"
728,"May 24, 2002",Spirit: Stallion of the Cimarron,"$80,000,000","$73,215,310","$106,515,310"
729,"Jun 8, 2001",Swordfish,"$80,000,000","$69,772,969","$147,080,413"
730,"Apr 3, 1998",Lost In Space,"$80,000,000","$69,117,629","$136,047,317"
731,"Jul 30, 2004",The Manchurian Candidate,"$80,000,000","$65,948,711","$96,135,872"
732,"Nov 22, 2006",Déjà Vu,"$80,000,000","$64,038,616","$181,038,616"
733,"Jun 24, 2005",Bewitched,"$80,000,000","$63,313,159","$131,159,306"
734,"Dec 31, 1999",Fantasia 2000,"$80,000,000","$60,507,228","$60,518,248"
735,"Dec 22, 2006",The Good Shepherd,"$80,000,000","$59,908,565","$100,378,271"
736,"Mar 8, 2002",The Time Machine,"$80,000,000","$56,684,819","$98,983,590"
737,"Oct 2, 1998",What Dreams May Come,"$80,000,000","$55,485,043","$71,485,043"
738,"Dec 25, 1998",Mighty Joe Young,"$80,000,000","$50,632,037","$50,632,037"
739,"Sep 19, 2019",Ad Astra,"$80,000,000","$50,188,370","$135,154,826"
740,"Oct 28, 2005",The Legend of Zorro,"$80,000,000","$45,575,336","$141,475,336"
741,"Feb 14, 2024",Madame Web,"$80,000,000","$43,817,106","$100,298,817"
742,"Sep 27, 2023",The Creator,"$80,000,000","$40,774,679","$104,272,136"
743,"Nov 10, 2000",Little Nicky,"$80,000,000","$39,442,871","$58,270,391"
744,"Sep 25, 2009",Surrogates,"$80,000,000","$38,577,772","$119,668,350"
745,"Jun 8, 2001",Evolution,"$80,000,000","$38,311,134","$98,341,932"
746,"Aug 26, 2005",The Brothers Grimm,"$80,000,000","$37,899,638","$105,299,638"
747,"Dec 13, 1996",Mars Attacks!,"$80,000,000","$37,771,017","$101,371,017"
748,"Apr 14, 2006",The Wild,"$80,000,000","$37,384,046","$99,010,667"
749,"Dec 20, 2013",Walking with Dinosaurs,"$80,000,000","$36,076,121","$123,368,842"
750,"Dec 22, 2000",Thirteen Days,"$80,000,000","$34,566,746","$66,554,547"
751,"Dec 6, 1996",Daylight,"$80,000,000","$32,908,290","$158,908,290"
752,"Oct 21, 2015",The Last Witch Hunter,"$80,000,000","$27,367,660","$130,818,912"
753,"Apr 23, 2025",The Accountant 2,"$80,000,000","$26,206,776","$39,406,776"
754,"Feb 21, 2014",Pompeii,"$80,000,000","$23,169,033","$108,469,033"
755,"May 12, 2000",Battlefield Earth: A Saga of the Year 3000,"$80,000,000","$21,471,685","$29,725,663"
756,"Nov 14, 2003",Looney Tunes: Back in Action,"$80,000,000","$20,950,820","$54,540,662"
757,"Dec 18, 2009",Nine,"$80,000,000","$19,676,965","$56,984,219"
758,"Nov 26, 2003",Timeline,"$80,000,000","$19,480,739","$26,703,184"
759,"Apr 22, 2010",Oceans,"$80,000,000","$19,422,319","$86,787,530"
760,"Nov 25, 1998",Babe: Pig in the City,"$80,000,000","$18,319,860","$69,131,860"
761,"Dec 25, 1997",The Postman,"$80,000,000","$17,650,704","$20,841,123"
762,"Nov 10, 2000",Red Planet,"$80,000,000","$17,480,890","$33,463,969"
763,"Jan 29, 2025",Ne Zha 2 (哪吒之魔童闹海),"$80,000,000","$17,001,486","$1,969,663,909"
764,"Dec 23, 2022",Babylon,"$80,000,000","$16,596,054","$64,326,615"
765,"Jan 12, 2007",Arthur et les Minimoys,"$80,000,000","$15,132,763","$113,325,743"
766,"Aug 17, 2007",The Invasion,"$80,000,000","$15,074,191","$40,147,042"
767,"Oct 6, 2022",Amsterdam,"$80,000,000","$14,947,969","$29,400,826"
768,"Sep 2, 2005",A Sound of Thunder,"$80,000,000","$1,900,451","$6,300,451"
769,"Nov 1, 2019",The Aeronauts,"$80,000,000",$0,"$6,628,721"
770,"Jun 15, 1994",The Lion King,"$79,300,000","$423,981,226","$988,389,726"
771,"Jan 19, 2012",Journey 2: The Mysterious Island,"$79,000,000","$103,860,290","$318,146,162"
772,"Nov 11, 2011",Jack and Jill,"$79,000,000","$74,158,157","$150,519,217"
773,"Dec 21, 2001",A Beautiful Mind,"$78,000,000","$170,708,996","$317,668,058"
774,"Sep 13, 2024",The Wild Robot,"$78,000,000","$143,901,945","$334,127,408"
775,"Sep 26, 2013",Cloudy with a Chance of Meatballs 2,"$78,000,000","$119,793,567","$274,392,649"
776,"Oct 4, 2002",Red Dragon,"$78,000,000","$92,955,420","$206,455,420"
777,"Mar 5, 2004",Hidalgo,"$78,000,000","$67,286,731","$108,086,731"
778,"Jul 11, 2003",The League of Extraordinary Gentlemen,"$78,000,000","$66,465,204","$179,265,204"
779,"Aug 20, 2004",Exorcist: The Beginning,"$78,000,000","$41,814,863","$43,957,541"
780,"Oct 17, 2012",Astérix et Obélix: Au service de Sa Majesté,"$77,600,000",$0,"$60,680,125"
781,"Jul 29, 2015",The Little Prince,"$77,500,000","$1,311,213","$102,027,275"
782,"Sep 1, 2017",Renegades,"$77,500,000",$0,"$1,521,672"
783,"Jul 18, 2018",The Equalizer 2,"$77,000,000","$102,084,362","$190,376,181"
784,"Jun 26, 2013",Despicable Me 2,"$76,000,000","$368,065,385","$975,216,835"
785,"Jun 6, 2003",2 Fast 2 Furious,"$76,000,000","$127,120,058","$236,410,607"
786,"Dec 25, 2006",Children of Men,"$76,000,000","$35,552,383","$69,845,011"
787,"Jun 30, 2000",The Adventures of Rocky & Bullwinkle,"$76,000,000","$26,000,610","$35,129,610"
788,"Nov 8, 2024",Paddington in Peru,"$75,336,729","$45,770,312","$192,170,312"
789,"May 8, 2016",The Secret Life of Pets,"$75,000,000","$369,094,830","$886,013,000"
790,"Jul 2, 1996",Independence Day,"$75,000,000","$306,169,255","$817,400,878"
791,"Nov 7, 2018",Dr. Seuss’ The Grinch,"$75,000,000","$272,961,295","$514,330,681"
792,"Nov 24, 2016",Sing,"$75,000,000","$270,329,045","$631,064,182"
793,"Jun 14, 2017",Despicable Me 3,"$75,000,000","$264,624,300","$1,032,809,657"
794,"May 22, 1997",The Lost World: Jurassic Park,"$75,000,000","$229,086,679","$618,638,999"
795,"Mar 31, 2006",Ice Age: The Meltdown,"$75,000,000","$195,330,621","$651,899,282"
796,"May 27, 2005",Madagascar,"$75,000,000","$193,595,521","$556,559,566"
797,"May 15, 2019",John Wick: Chapter 3 — Parabellum,"$75,000,000","$171,016,727","$326,685,379"
798,"Jun 25, 2010",Grown Ups,"$75,000,000","$162,001,186","$272,222,420"
799,"Sep 20, 2004",Shark Tale,"$75,000,000","$161,412,000","$371,741,123"
800,"Jul 14, 2000",X-Men,"$75,000,000","$157,299,717","$296,872,367"
801,"Mar 1, 2023",Creed III,"$75,000,000","$156,248,615","$276,148,615"
802,"Jun 27, 2008",Wanted,"$75,000,000","$134,508,551","$342,416,460"
803,"Jun 7, 1996",The Rock,"$75,000,000","$134,069,511","$336,069,511"
804,"Nov 18, 2021",Ghostbusters: Afterlife,"$75,000,000","$129,360,575","$202,991,088"
805,"Feb 13, 2004",50 First Dates,"$75,000,000","$120,776,832","$196,320,329"
806,"Jul 18, 2018",Mamma Mia: Here We Go Again!,"$75,000,000","$120,634,935","$393,439,007"
807,"Jul 20, 2007",Hairspray,"$75,000,000","$118,871,849","$202,822,861"
808,"May 31, 2013",Now You See Me,"$75,000,000","$117,723,989","$342,769,200"
809,"Dec 15, 2006",Dreamgirls,"$75,000,000","$103,365,956","$155,620,350"
810,"Aug 3, 2018",Christopher Robin,"$75,000,000","$99,215,042","$197,744,377"
811,"Jul 23, 1999",Inspector Gadget,"$75,000,000","$97,387,965","$97,387,965"
812,"Nov 11, 2011",Immortals,"$75,000,000","$83,504,017","$211,562,435"
813,"Jun 18, 2004",The Terminal,"$75,000,000","$77,073,959","$218,673,959"
814,"Feb 18, 2005",Constantine,"$75,000,000","$75,976,178","$221,593,554"
815,"Mar 30, 2022",Morbius,"$75,000,000","$73,865,530","$162,759,437"
816,"Jul 21, 2006",Monster House,"$75,000,000","$73,661,010","$141,267,370"
817,"Dec 8, 2000",Vertical Limit,"$75,000,000","$68,473,360","$213,500,000"
818,"Dec 21, 2007",Charlie Wilson’s War,"$75,000,000","$66,661,095","$119,512,771"
819,"Apr 16, 1999",Life,"$75,000,000","$64,062,587","$73,521,587"
820,"Sep 19, 2019",Abominable,"$75,000,000","$60,761,390","$188,668,889"
821,"Sep 11, 2024",Transformers One,"$75,000,000","$59,098,421","$128,317,666"
822,"Mar 4, 2005",Be Cool,"$75,000,000","$55,849,401","$94,944,017"
823,"Nov 24, 2021",House of Gucci,"$75,000,000","$53,809,574","$147,474,138"
824,"Dec 23, 2005",Munich,"$75,000,000","$47,379,090","$131,492,772"
825,"Jun 4, 2010",Killers,"$75,000,000","$47,059,963","$95,572,749"
826,"Aug 12, 2015",The Man From U.N.C.L.E.,"$75,000,000","$45,445,109","$110,045,109"
827,"Mar 7, 2003",Tears of the Sun,"$75,000,000","$43,632,458","$85,632,458"
828,"Jul 21, 2006",Lady in the Water,"$75,000,000","$42,285,169","$72,785,169"
829,"Dec 17, 2004",Spanglish,"$75,000,000","$42,044,321","$54,344,321"
830,"Oct 12, 2001",Bandits,"$75,000,000","$41,523,271","$71,523,271"
831,"Dec 17, 1999",Anna and the King,"$75,000,000","$39,251,128","$39,251,128"
832,"Jul 7, 1995",First Knight,"$75,000,000","$37,361,412","$127,361,412"
833,"Mar 25, 2011",Sucker Punch,"$75,000,000","$36,392,502","$89,758,389"
834,"Mar 11, 2005",Hostage,"$75,000,000","$34,636,443","$77,636,443"
835,"Oct 5, 2016",Inferno,"$75,000,000","$34,343,574","$219,519,367"
836,"Jun 13, 2003",Hollywood Homicide,"$75,000,000","$30,207,785","$50,409,753"
837,"Jun 16, 2000",Titan A.E.,"$75,000,000","$22,751,979","$36,751,979"
838,"Dec 17, 2004",Flight of the Phoenix,"$75,000,000","$21,009,180","$34,009,180"
839,"Oct 23, 1998",Soldier,"$75,000,000","$14,623,082","$14,623,082"
840,"Jan 6, 2022",The 355,"$75,000,000","$14,570,455","$18,902,798"
841,"Jan 15, 1999",Virus,"$75,000,000","$14,010,690","$30,626,690"
842,"Sep 27, 2024",Devara Part 1,"$75,000,000","$5,600,000","$33,398,822"
843,"Feb 23, 2001",Monkeybone,"$75,000,000","$5,409,517","$5,409,517"
844,"Aug 7, 2019",PLAYMOBIL,"$75,000,000","$1,115,008","$16,288,031"
845,"Dec 8, 2021",Don’t Look Up,"$75,000,000",$0,"$1,172,913"
846,"Jun 24, 2022",The Man From Toronto,"$75,000,000",$0,"$470,000"
847,"Jun 18, 2025",28 Years Later,"$75,000,000",$0,$0
848,"Jun 17, 2015",Minions,"$74,000,000","$336,045,770","$1,157,271,759"
849,"Jan 28, 2015",The SpongeBob Movie: Sponge Out of Water,"$74,000,000","$162,994,032","$311,013,181"
850,"Mar 24, 2022",The Lost City,"$74,000,000","$105,344,029","$192,327,444"
851,"Nov 22, 2000",Unbreakable,"$73,243,106","$94,999,143","$248,099,143"
852,"Aug 4, 2006",Talladega Nights: The Ballad of Ricky Bobby,"$73,000,000","$148,213,377","$162,870,525"
853,"May 11, 2016",The Angry Birds Movie,"$73,000,000","$107,509,366","$352,288,341"
854,"Aug 7, 1998",Snake Eyes,"$73,000,000","$55,591,409","$103,891,409"
855,"Feb 13, 1998",Sphere,"$73,000,000","$37,068,294","$50,168,294"
856,"Jul 26, 2007",The Simpsons Movie,"$72,500,000","$183,135,014","$527,071,022"
857,"Feb 8, 2008",Fool’s Gold,"$72,500,000","$70,231,041","$109,362,966"
858,"Jul 31, 2009",Funny People,"$72,500,000","$51,855,045","$71,880,305"
859,"Sep 28, 2007",The Kingdom,"$72,500,000","$47,467,250","$86,802,457"
860,"Dec 6, 2023",Migration,"$72,000,000","$127,630,880","$300,330,806"
861,"Jun 22, 2001",Dr. Dolittle 2,"$72,000,000","$112,950,721","$176,101,721"
862,"May 24, 1995",Braveheart,"$72,000,000","$75,545,647","$209,045,244"
863,"Nov 4, 2005",Jarhead,"$72,000,000","$62,647,540","$96,947,540"
864,"Apr 27, 2001",Driven,"$72,000,000","$32,616,869","$54,616,869"
865,"Dec 21, 2001",The Majestic,"$72,000,000","$27,796,042","$37,306,334"
866,"Jun 25, 2004",Two Brothers,"$72,000,000","$19,176,754","$62,176,754"
867,"Jul 30, 2004",The Village,"$71,682,975","$114,197,520","$257,641,634"
868,"Jun 26, 1998",Doctor Dolittle,"$71,500,000","$144,156,605","$294,156,605"
869,"Aug 2, 2002",Signs,"$70,702,619","$227,969,295","$408,250,578"
870,"May 19, 2004",Shrek 2,"$70,000,000","$439,820,881","$933,848,612"
871,"May 1, 2006",Cars,"$70,000,000","$244,082,982","$461,630,558"
872,"Dec 23, 2009",Alvin and the Chipmunks: The Squeakquel,"$70,000,000","$219,614,612","$443,483,213"
873,"Sep 4, 2019",It: Chapter Two,"$70,000,000","$211,593,228","$467,561,586"
874,"Jun 22, 1988",Who Framed Roger Rabbit?,"$70,000,000","$154,112,492","$351,500,000"
875,"Jul 30, 1999",Runaway Bride,"$70,000,000","$152,257,509","$310,138,178"
876,"Aug 9, 2002",xXx,"$70,000,000","$141,930,000","$267,200,000"
877,"Jun 8, 2018",Ocean’s 8,"$70,000,000","$140,218,711","$297,718,711"
878,"Nov 8, 1996",Ransom,"$70,000,000","$136,492,681","$308,700,000"
879,"Aug 21, 2009",Inglourious Basterds,"$70,000,000","$120,774,594","$316,802,281"
880,"Dec 11, 1991",Hook,"$70,000,000","$119,654,823","$300,854,823"
881,"Aug 2, 2023",Teenage Mutant Ninja Turtles: Mutant Mayhem,"$70,000,000","$118,700,272","$180,329,865"
882,"Jul 3, 1990",Die Hard 2,"$70,000,000","$117,323,878","$239,813,888"
883,"Aug 8, 2003",S.W.A.T.,"$70,000,000","$116,877,597","$207,154,748"
884,"Nov 10, 2017",Daddy’s Home 2,"$70,000,000","$104,029,443","$175,807,183"
885,"Nov 19, 1999",Sleepy Hollow,"$70,000,000","$101,068,340","$207,068,340"
886,"Dec 14, 2001",Vanilla Sky,"$70,000,000","$100,614,858","$202,726,605"
887,"Jun 13, 1997",Hercules,"$70,000,000","$99,112,101","$250,700,000"
888,"Mar 20, 2013",Olympus Has Fallen,"$70,000,000","$98,927,592","$172,836,993"
889,"Mar 17, 2022",The Bad Guys,"$70,000,000","$97,459,240","$250,901,649"
890,"Mar 11, 2011",Battle: Los Angeles,"$70,000,000","$83,552,429","$213,463,976"
891,"Aug 13, 2004",AVP: Alien Vs. Predator,"$70,000,000","$80,281,096","$172,543,519"
892,"Dec 25, 2011",War Horse,"$70,000,000","$79,883,359","$156,815,529"
893,"Mar 1, 2002",We Were Soldiers,"$70,000,000","$78,120,196","$114,658,262"
894,"Feb 7, 2014",The Monuments Men,"$70,000,000","$78,031,620","$158,702,748"
895,"Sep 22, 2016",Storks,"$70,000,000","$72,679,278","$183,353,431"
896,"Dec 11, 1998",Star Trek: Insurrection,"$70,000,000","$70,187,658","$117,800,000"
897,"Dec 10, 2003",Big Fish,"$70,000,000","$66,432,867","$123,954,323"
898,"Jun 17, 1994",Wolf,"$70,000,000","$65,011,757","$131,011,757"
899,"Jan 20, 2012",Underworld: Awakening,"$70,000,000","$62,321,039","$160,379,930"
900,"Sep 15, 2017",The Lego Ninjago Movie,"$70,000,000","$59,281,555","$122,737,201"
901,"Oct 1, 2014",Dracula Untold,"$70,000,000","$55,991,880","$220,241,723"
902,"Sep 29, 2006",The Guardian,"$70,000,000","$55,011,732","$94,973,540"
903,"Aug 9, 1989",The Abyss,"$70,000,000","$54,763,229","$54,793,997"
904,"Sep 24, 2010",Wall Street 2: Money Never Sleeps,"$70,000,000","$52,474,616","$137,431,619"
905,"Jan 14, 2011",The Dilemma,"$70,000,000","$48,475,290","$70,546,865"
906,"Dec 25, 2005",Rumor Has It,"$70,000,000","$42,996,140","$88,933,562"
907,"Nov 6, 1998",The Siege,"$70,000,000","$40,934,175","$116,625,798"
908,"Aug 10, 2007",Stardust,"$70,000,000","$38,634,938","$137,022,245"
909,"Jun 13, 2012",Rock of Ages,"$70,000,000","$38,518,613","$61,031,932"
910,"Jun 11, 2021",The Hitman’s Wife’s Bodyguard,"$70,000,000","$38,014,727","$67,387,455"
911,"Oct 8, 1997",Seven Years in Tibet,"$70,000,000","$37,945,884","$131,445,884"
912,"Sep 17, 2004",Sky Captain and the World of Tomorrow,"$70,000,000","$37,760,080","$49,730,854"
913,"Sep 14, 2007",The Brave One,"$70,000,000","$36,793,804","$69,792,704"
914,"Nov 1, 2002",I Spy,"$70,000,000","$33,561,137","$60,279,822"
915,"Jun 7, 2002",Bad Company,"$70,000,000","$30,157,016","$69,157,016"
916,"Oct 21, 2005",Doom,"$70,000,000","$28,212,337","$58,757,178"
917,"Jan 27, 2016",The Finest Hours,"$70,000,000","$27,569,558","$49,252,761"
918,"Oct 10, 2013",Escape Plan,"$70,000,000","$25,135,965","$103,735,965"
919,"Sep 23, 2011",Killer Elite,"$70,000,000","$25,124,986","$65,409,046"
920,"Jan 16, 1998",Hard Rain,"$70,000,000","$19,870,567","$19,870,567"
921,"Feb 15, 2002",Hart's War,"$70,000,000","$19,076,815","$33,076,815"
922,"Feb 8, 2002",Rollerball,"$70,000,000","$18,990,542","$25,852,508"
923,"Jan 10, 2014",The Legend of Hercules,"$70,000,000","$18,848,538","$58,953,319"
924,"Apr 27, 2007",Next,"$70,000,000","$18,211,013","$73,591,500"
925,"Jun 28, 2023","Ruby Gillman, Teenage Kraken","$70,000,000","$15,753,600","$46,247,409"
926,"Sep 20, 2002",Ballistic: Ecks vs. Sever,"$70,000,000","$14,294,842","$14,294,842"
927,"Aug 10, 2001",Osmosis Jones,"$70,000,000","$13,596,911","$13,596,911"
928,"May 9, 2014",Legends of Oz: Dorothy’s Return,"$70,000,000","$8,462,347","$20,107,933"
929,"Jan 16, 2015",Blackhat,"$70,000,000","$8,005,980","$19,665,004"
930,"Mar 31, 2006",Basic Instinct 2,"$70,000,000","$5,946,136","$35,417,162"
931,"May 28, 2010",Agora,"$70,000,000","$619,423","$38,992,292"
932,"Jul 10, 2020",The Old Guard,"$70,000,000",$0,$0
933,Unknown,b,"$70,000,000",$0,$0
934,"Dec 25, 2025",Marty Supreme,"$70,000,000",$0,$0
935,"Jul 9, 2010",Despicable Me,"$69,000,000","$252,756,705","$544,707,293"
936,"Jul 30, 2010",Dinner for Schmucks,"$69,000,000","$73,026,337","$86,796,502"
937,"Feb 28, 2018",Red Sparrow,"$69,000,000","$46,874,505","$145,951,861"
938,"Jun 30, 2010",The Twilight Saga: Eclipse,"$68,000,000","$300,531,751","$706,101,755"
939,"Jul 21, 2022",Nope,"$68,000,000","$123,277,080","$172,039,087"
940,"May 31, 2002",The Sum of All Fears,"$68,000,000","$118,471,320","$193,500,000"
941,"Jun 25, 2015",Ted 2,"$68,000,000","$81,476,385","$217,214,143"
942,"Jul 13, 2001",The Score,"$68,000,000","$71,069,884","$113,542,091"
943,"Feb 25, 2011",Hall Pass,"$68,000,000","$45,060,734","$87,173,475"
944,"Nov 22, 1995",Money Train,"$68,000,000","$35,324,232","$77,224,232"
945,"Mar 21, 2003",Dreamcatcher,"$68,000,000","$33,685,268","$75,685,268"
946,"Aug 6, 1999",Mystery Men,"$68,000,000","$29,762,011","$33,462,011"
947,"Nov 5, 1999",The Insider,"$68,000,000","$28,965,197","$60,265,197"
948,"Dec 22, 2017",Downsizing,"$68,000,000","$24,449,754","$54,462,971"
949,"Oct 22, 2025",Mortal Kombat 2,"$68,000,000",$0,$0
950,"Aug 18, 2021",Reminiscence,"$67,972,729","$3,900,193","$16,400,193"
951,"Mar 1, 2012",Dr. Seuss’ The Lorax,"$67,500,000","$214,151,550","$351,097,803"
952,"Oct 10, 2008",Body of Lies,"$67,500,000","$39,394,666","$118,556,530"
953,"Jun 20, 2012",Abraham Lincoln: Vampire Hunter,"$67,500,000","$37,519,139","$137,489,730"
954,"Jun 26, 2024",A Quiet Place: Day One,"$67,000,000","$139,051,884","$261,067,171"
955,"Aug 26, 2020",The New Mutants,"$67,000,000","$23,855,569","$47,535,251"
956,"Sep 20, 1996",Last Man Standing,"$67,000,000","$18,115,927","$18,149,997"
957,"Aug 17, 2007",The Last Legion,"$67,000,000","$5,932,060","$25,357,771"
958,"Apr 30, 1999",Entrapment,"$66,000,000","$87,707,396","$211,700,000"
959,"Jun 19, 1998",The X Files: Fight the Future,"$66,000,000","$83,898,313","$189,176,423"
960,"Aug 2, 2017",The Dark Tower,"$66,000,000","$50,701,325","$113,461,527"
961,"Mar 13, 2014",Need for Speed,"$66,000,000","$43,568,507","$194,169,619"
962,"Jul 24, 1998",Saving Private Ryan,"$65,000,000","$216,335,085","$485,035,085"
963,"Dec 15, 2000",What Women Want,"$65,000,000","$182,805,123","$374,105,123"
964,"Nov 9, 2012",Lincoln,"$65,000,000","$182,207,973","$273,346,281"
965,"Mar 15, 2002",Ice Age,"$65,000,000","$176,387,405","$386,116,343"
966,"Mar 31, 1999",The Matrix,"$65,000,000","$174,304,288","$466,281,862"
967,"Jun 30, 1995",Apollo 13,"$65,000,000","$173,772,767","$335,802,271"
968,"Jun 22, 2018",Hotel Transylvania 3: Summer Vacation,"$65,000,000","$167,500,092","$527,361,714"
969,"Dec 19, 2012",Les Misérables,"$65,000,000","$149,260,140","$435,292,452"
970,"Nov 1, 2002",The Santa Clause 2,"$65,000,000","$139,225,854","$172,844,592"
971,"Jun 1, 1990",Total Recall,"$65,000,000","$119,394,839","$261,399,684"
972,"Dec 18, 1998",You’ve Got Mail,"$65,000,000","$115,821,495","$250,800,000"
973,"Dec 25, 2014",Unbroken,"$65,000,000","$115,637,895","$163,527,824"
974,"May 21, 2015",Spy!,"$65,000,000","$110,825,712","$233,844,106"
975,"Nov 5, 2010",Due Date,"$65,000,000","$100,539,043","$211,739,043"
976,"Jul 25, 2008",Step Brothers,"$65,000,000","$100,468,793","$128,107,642"
977,"Dec 15, 1995",Jumanji,"$65,000,000","$100,458,310","$262,758,310"
978,"Jul 17, 1998",The Mask of Zorro,"$65,000,000","$93,828,745","$233,700,000"
979,"Aug 4, 2000",Space Cowboys,"$65,000,000","$90,454,043","$128,874,043"
980,"Dec 18, 2014",Annie,"$65,000,000","$85,911,262","$139,829,625"
981,"May 28, 1993",Cliffhanger,"$65,000,000","$84,049,211","$255,000,000"
982,"Aug 10, 2016",Pete’s Dragon,"$65,000,000","$76,233,151","$137,768,975"
983,"Feb 9, 1996",Broken Arrow,"$65,000,000","$70,645,997","$148,345,997"
984,"Aug 9, 2006",World Trade Center,"$65,000,000","$70,278,893","$163,295,654"
985,"Jul 7, 2000",The Kid,"$65,000,000","$69,688,384","$69,688,384"
986,"Dec 19, 2003",Mona Lisa Smile,"$65,000,000","$63,803,100","$141,205,169"
987,"May 16, 2012",The Dictator,"$65,000,000","$59,650,222","$180,148,897"
988,"Nov 25, 2020",The Croods: A New Age,"$65,000,000","$58,568,815","$214,766,238"
989,"Jul 16, 1999",Eyes Wide Shut,"$65,000,000","$55,791,346","$104,364,755"
990,"Feb 16, 2012",This Means War,"$65,000,000","$54,760,791","$156,974,557"
991,"Feb 26, 2015",Focus,"$65,000,000","$53,862,963","$168,065,700"
992,"Dec 8, 2004",Blade: Trinity,"$65,000,000","$52,397,389","$131,353,165"
993,"Nov 21, 2012",Red Dawn,"$65,000,000","$44,806,783","$48,164,150"
994,"Dec 22, 2006",We Are Marshall,"$65,000,000","$43,545,364","$43,545,364"
995,"Aug 17, 2015",Everest,"$65,000,000","$43,482,270","$221,297,061"
996,"Sep 12, 2012",Resident Evil: Retribution,"$65,000,000","$42,345,531","$240,647,629"
997,"Aug 2, 2019",The Angry Birds Movie 2,"$65,000,000","$41,657,076","$152,255,188"
998,"Mar 20, 1998",Primary Colors,"$65,000,000","$39,017,984","$39,017,984"
999,"Oct 15, 1999",Fight Club,"$65,000,000","$37,030,102","$100,820,947"
"1,000","Aug 22, 2008",Death Race,"$65,000,000","$36,316,032","$72,516,819"
"1,001","Oct 11, 1996",The Long Kiss Goodnight,"$65,000,000","$33,447,612","$33,447,612"
"1,002","Dec 8, 2000",Proof of Life,"$65,000,000","$32,598,931","$62,761,005"
"1,003","Nov 11, 2005",Zathura,"$65,000,000","$28,045,540","$58,545,540"
"1,004","Nov 26, 2003",The Missing,"$65,000,000","$26,900,336","$38,253,433"
"1,005","Jan 14, 2005",Elektra,"$65,000,000","$24,409,722","$56,824,633"
"1,006","Oct 23, 2009",Astro Boy,"$65,000,000","$19,551,067","$41,636,243"
"1,007","Jan 24, 2014","I, Frankenstein","$65,000,000","$19,075,290","$74,575,290"
"1,008","Nov 29, 2019",Underwater,"$65,000,000","$17,291,078","$39,177,495"
"1,009","May 24, 1991",Hudson Hawk,"$65,000,000","$17,218,916","$17,218,916"
"1,010","Aug 22, 2014",Sin City: A Dame to Kill For,"$65,000,000","$13,757,804","$40,650,842"
"1,011","Dec 25, 2016",Live by Night,"$65,000,000","$10,378,555","$21,774,432"
"1,012","Oct 27, 2000",Lucky Numbers,"$65,000,000","$10,014,234","$10,014,234"
"1,013","Sep 23, 2005",Oliver Twist,"$65,000,000","$2,070,920","$26,670,920"
"1,014","Feb 18, 2015",Tian jiang xiong shi,"$65,000,000","$74,070","$122,519,874"
"1,015","Oct 26, 2018",Air Strike,"$65,000,000",$0,"$516,279"
"1,016","Apr 24, 2020",Extraction,"$65,000,000",$0,$0
"1,017","Aug 5, 2022",Prey,"$65,000,000",$0,$0
"1,018","Jul 14, 2006",Little Man,"$64,000,000","$58,636,047","$101,636,047"
"1,019","Nov 10, 2021",Clifford the Big Red Dog,"$64,000,000","$48,947,356","$113,350,187"
"1,020","Oct 8, 1999",Random Hearts,"$64,000,000","$31,054,924","$63,200,000"
"1,021","Dec 27, 2006",Perfume: The Story of a Murderer,"$63,700,000","$2,223,293","$133,603,463"
"1,022","Jun 11, 1993",Jurassic Park,"$63,000,000","$415,404,543","$1,058,454,230"
"1,023","Jul 25, 2002",Austin Powers in Goldmember,"$63,000,000","$213,117,789","$296,338,663"
"1,024","Apr 1, 2011",Hop,"$63,000,000","$108,085,305","$188,494,082"
"1,025","Sep 14, 2017",American Assassin,"$63,000,000","$36,249,674","$68,310,140"
"1,026","Jun 24, 1994",Wyatt Earp,"$63,000,000","$25,052,000","$25,052,000"
"1,027","Aug 3, 1994",Clear and Present Danger,"$62,000,000","$122,012,656","$207,500,000"
"1,028","Apr 21, 2000",U-571,"$62,000,000","$77,086,030","$127,630,030"
"1,029","Nov 17, 1995",The American President,"$62,000,000","$60,022,813","$107,822,813"
"1,030","Dec 25, 2015",The Hateful Eight,"$62,000,000","$54,117,416","$151,813,358"
"1,031","Jun 20, 2008",The Love Guru,"$62,000,000","$32,235,793","$40,159,017"
"1,032","Feb 23, 2001",3000 Miles to Graceland,"$62,000,000","$15,738,632","$18,708,848"
"1,033","Oct 2, 2014",Gone Girl,"$61,000,000","$167,767,189","$367,128,535"
"1,034","May 26, 2021",A Quiet Place: Part II,"$61,000,000","$160,215,764","$296,650,356"
"1,035","Mar 30, 2007",Blades of Glory,"$61,000,000","$118,594,548","$145,594,548"
"1,036","Sep 9, 2015",Maze Runner: The Scorch Trials,"$61,000,000","$81,697,192","$310,566,162"
"1,037","Aug 2, 2013",2 Guns,"$61,000,000","$75,612,460","$132,493,015"
"1,038","Jan 17, 2018",Maze Runner: The Death Cure,"$61,000,000","$58,032,443","$265,878,536"
"1,039","Jan 9, 2019",A Dog’s Way Home,"$61,000,000","$41,952,715","$81,152,505"
"1,040","Feb 7, 2016",The Mermaid (美人鱼),"$60,720,000","$3,229,457","$523,758,236"
"1,041","Dec 22, 2004",Meet the Fockers,"$60,000,000","$279,167,575","$516,567,575"
"1,042","Feb 6, 2014",The Lego Movie,"$60,000,000","$258,364,131","$468,155,841"
"1,043","Mar 9, 2007",300,"$60,000,000","$210,614,939","$454,161,935"
"1,044","Mar 2, 2007",Wild Hogs,"$60,000,000","$168,213,584","$253,555,383"
"1,045","Dec 25, 2008",Marley & Me,"$60,000,000","$143,153,751","$247,812,011"
"1,046","Dec 10, 1999",The Green Mile,"$60,000,000","$136,801,374","$290,701,374"
"1,047","Jun 5, 1998",The Truman Show,"$60,000,000","$125,618,201","$264,118,201"
"1,048","Sep 8, 2016",Sully,"$60,000,000","$125,070,033","$238,524,556"
"1,049","Jun 14, 2002",The Bourne Identity,"$60,000,000","$121,468,960","$214,357,371"
"1,050","Feb 6, 2009",Coraline,"$60,000,000","$116,472,020","$167,222,848"
"1,051","Oct 8, 2009",Couples Retreat,"$60,000,000","$109,205,660","$172,450,423"
"1,052","Nov 17, 1995",Goldeneye,"$60,000,000","$106,429,941","$356,429,933"
"1,053","May 30, 2003",The Italian Job,"$60,000,000","$106,126,012","$176,262,839"
"1,054","May 9, 2003",Daddy Day Care,"$60,000,000","$104,148,781","$164,285,587"
"1,055","Jun 18, 1999",The General’s Daughter,"$60,000,000","$102,705,852","$149,705,852"
"1,056","Dec 18, 1998",The Prince of Egypt,"$60,000,000","$101,413,188","$218,613,188"
"1,057","Aug 6, 2004",Collateral,"$60,000,000","$100,170,152","$217,602,967"
"1,058","Jul 4, 2001",Cats & Dogs,"$60,000,000","$93,375,151","$200,700,000"
"1,059","Dec 20, 2002",Two Weeks Notice,"$60,000,000","$93,354,918","$199,043,309"
"1,060","May 1, 2024",The Garfield Movie,"$60,000,000","$91,956,547","$254,749,833"
"1,061","Oct 2, 1998",Antz,"$60,000,000","$90,757,863","$152,457,863"
"1,062","Apr 18, 2002",The Scorpion King,"$60,000,000","$90,580,000","$165,890,634"
"1,063","Oct 15, 2010",Red,"$60,000,000","$90,380,162","$196,439,693"
"1,064","Mar 5, 2004",Starsky & Hutch,"$60,000,000","$88,200,225","$170,200,225"
"1,065","Jun 27, 1990",Days of Thunder,"$60,000,000","$82,670,733","$157,670,733"
"1,066","Dec 21, 2005",Cheaper by the Dozen 2,"$60,000,000","$82,571,173","$135,015,330"
"1,067","Aug 13, 2010",Eat Pray Love,"$60,000,000","$80,574,010","$206,598,789"
"1,068","Dec 20, 2012",Jack Reacher,"$60,000,000","$80,070,736","$217,370,736"
"1,069","Apr 23, 2004",Man on Fire,"$60,000,000","$77,906,816","$130,968,579"
"1,070","Dec 22, 2000",The Family Man,"$60,000,000","$75,764,085","$124,715,863"
"1,071","Sep 9, 2011",Contagion,"$60,000,000","$75,658,097","$137,203,939"
"1,072","Dec 22, 1999",Any Given Sunday,"$60,000,000","$75,530,832","$100,230,832"
"1,073","May 15, 1998",The Horse Whisperer,"$60,000,000","$75,383,563","$186,883,563"
"1,074","Oct 1, 2004",Ladder 49,"$60,000,000","$74,541,707","$102,332,848"
"1,075","Jul 28, 1999",Deep Blue Sea,"$60,000,000","$73,648,228","$165,048,228"
"1,076","Oct 28, 2009",Michael Jackson's This Is It,"$60,000,000","$72,091,016","$261,183,588"
"1,077","Sep 8, 2022",Ticket to Paradise,"$60,000,000","$68,275,985","$168,576,981"
"1,078","Jan 17, 2003",Kangaroo Jack,"$60,000,000","$66,723,216","$90,558,582"
"1,079","Jun 13, 2008",The Happening,"$60,000,000","$64,506,874","$162,778,384"
"1,080","Mar 2, 2016",London Has Fallen,"$60,000,000","$62,524,260","$195,194,085"
"1,081","Apr 7, 2000",Rules of Engagement,"$60,000,000","$61,322,858","$71,719,931"
"1,082","Mar 10, 2006",The Shaggy Dog,"$60,000,000","$61,123,569","$87,123,569"
"1,083","Nov 22, 1996",Jingle All the Way,"$60,000,000","$60,592,389","$129,832,389"
"1,084","Apr 2, 2004",Hellboy,"$60,000,000","$59,623,958","$99,823,958"
"1,085","Oct 20, 2016",Jack Reacher: Never Go Back,"$60,000,000","$58,697,076","$159,946,489"
"1,086","May 25, 2017",Baywatch,"$60,000,000","$58,060,186","$175,863,783"
"1,087","Mar 6, 1998",U.S. Marshals,"$60,000,000","$57,833,603","$57,833,603"
"1,088","Dec 25, 1998",A Civil Action,"$60,000,000","$56,709,981","$56,709,981"
"1,089","Dec 24, 2015",Joy,"$60,000,000","$56,451,232","$101,134,059"
"1,090","Aug 3, 2012",ParaNorman,"$60,000,000","$56,003,051","$108,119,662"
"1,091","Nov 14, 1997",The Jackal,"$60,000,000","$54,956,941","$159,356,941"
"1,092","Dec 25, 2003",Paycheck,"$60,000,000","$53,789,313","$98,819,789"
"1,093","Mar 1, 1996",Up Close & Personal,"$60,000,000","$51,045,801","$100,645,801"
"1,094","Dec 19, 2008",The Tale of Despereaux,"$60,000,000","$50,877,145","$90,482,317"
"1,095","Sep 19, 2014",The Boxtrolls,"$60,000,000","$50,837,305","$111,898,741"
"1,096","Sep 27, 2002",The Tuxedo,"$60,000,000","$50,586,000","$104,429,625"
"1,097","Jan 17, 2014",Jack Ryan: Shadow Recruit,"$60,000,000","$50,577,412","$131,377,412"
"1,098","Jul 14, 1995",Under Siege 2: Dark Territory,"$60,000,000","$50,024,083","$104,324,083"
"1,099","Mar 24, 2005",Miss Congeniality 2: Armed and Fabulous,"$60,000,000","$48,478,006","$101,292,343"
"1,100","Dec 21, 2018",Vice,"$60,000,000","$47,836,282","$70,893,782"
"1,101","Nov 26, 1997",Alien: Resurrection,"$60,000,000","$47,802,866","$160,707,848"
"1,102","Mar 23, 2007",Shooter,"$60,000,000","$47,003,582","$95,538,560"
"1,103","Oct 16, 1998",Practical Magic,"$60,000,000","$46,850,558","$68,336,997"
"1,104","Jan 9, 2013",Gangster Squad,"$60,000,000","$46,000,903","$104,100,903"
"1,105","Mar 24, 2017",Smurfs: The Lost Village,"$60,000,000","$45,020,282","$197,578,586"
"1,106","Oct 10, 2018",First Man,"$60,000,000","$44,936,545","$105,523,737"
"1,107","Jun 19, 2009",Year One,"$60,000,000","$43,337,279","$57,604,723"
"1,108","Jan 29, 2010",Edge of Darkness,"$60,000,000","$43,313,890","$82,812,456"
"1,109","Dec 13, 2002",Star Trek: Nemesis,"$60,000,000","$43,254,409","$67,312,826"
"1,110","Feb 19, 2002",Reign of Fire,"$60,000,000","$43,061,982","$82,150,183"
"1,111","Nov 20, 2009",Planet 51,"$60,000,000","$42,194,060","$108,996,113"
"1,112","Mar 20, 2009",Duplicity,"$60,000,000","$40,572,825","$81,079,566"
"1,113","Sep 12, 2008",Righteous Kill,"$60,000,000","$40,081,410","$78,481,410"
"1,114","Dec 11, 2009",Invictus,"$60,000,000","$37,491,364","$124,514,011"
"1,115","Apr 17, 2009",State of Play,"$60,000,000","$37,017,955","$88,832,210"
"1,116","Feb 12, 1999",My Favorite Martian,"$60,000,000","$36,850,101","$36,850,101"
"1,117","Apr 21, 2006",The Sentinel,"$60,000,000","$36,280,697","$78,080,697"
"1,118","Sep 21, 2012",Trouble with the Curve,"$60,000,000","$35,763,137","$47,818,913"
"1,119","Oct 10, 2003",Intolerable Cruelty,"$60,000,000","$35,327,628","$121,327,628"
"1,120","Apr 9, 2025",The Amateur,"$60,000,000","$34,026,366","$80,726,366"
"1,121","Jan 10, 1997",The Relic,"$60,000,000","$33,956,608","$33,956,608"
"1,122","Apr 3, 1998",Mercury Rising,"$60,000,000","$32,983,332","$32,983,332"
"1,123","Sep 15, 2000",Almost Famous,"$60,000,000","$32,522,352","$47,371,191"
"1,124","Feb 7, 2019",Cold Pursuit,"$60,000,000","$32,138,862","$62,599,159"
"1,125","Dec 6, 2002",Analyze That,"$60,000,000","$32,122,249","$54,994,757"
"1,126","Apr 24, 2009",The Soloist,"$60,000,000","$31,853,584","$38,522,450"
"1,127","Aug 21, 2013",The Mortal Instruments: City of Bones,"$60,000,000","$31,165,421","$75,965,567"
"1,128","Nov 3, 2000",The Legend of Bagger Vance,"$60,000,000","$30,695,227","$39,235,486"
"1,129","Feb 22, 2002",Dragonfly,"$60,000,000","$30,063,805","$30,317,425"
"1,130","May 13, 2011",Priest,"$60,000,000","$29,136,626","$84,154,026"
"1,131","Jun 16, 2006",Garfield: A Tail of Two Kitties,"$60,000,000","$28,426,747","$147,985,373"
"1,132","Apr 29, 2005",XXX: State of the Union,"$60,000,000","$26,873,932","$71,073,932"
"1,133","Aug 15, 1997",Event Horizon,"$60,000,000","$26,673,242","$26,673,954"
"1,134","Jul 2, 2003",Sinbad: Legend of the Seven Seas,"$60,000,000","$26,483,452","$80,767,884"
"1,135","Jul 8, 2005",Dark Water,"$60,000,000","$25,473,093","$49,473,093"
"1,136","Aug 14, 1998",The Avengers,"$60,000,000","$23,385,416","$48,585,416"
"1,137","Sep 15, 2006",The Black Dahlia,"$60,000,000","$22,672,813","$49,238,525"
"1,138","Mar 26, 1999",EDtv,"$60,000,000","$22,508,689","$35,319,689"
"1,139","Mar 12, 2025",Black Bag,"$60,000,000","$21,468,600","$38,367,600"
"1,140","Dec 25, 2008",The Spirit,"$60,000,000","$19,806,188","$39,006,188"
"1,141","Oct 19, 2001",The Last Castle,"$60,000,000","$18,208,078","$20,541,668"
"1,142","Jan 23, 2009",Inkheart,"$60,000,000","$17,303,424","$66,655,938"
"1,143","Feb 18, 2020",Monster Hunter,"$60,000,000","$15,162,470","$47,853,893"
"1,144","Jan 14, 2000",Supernova,"$60,000,000","$14,218,868","$14,816,494"
"1,145","Sep 22, 2006",Flyboys,"$60,000,000","$13,090,630","$14,816,379"
"1,146","Feb 14, 2014",Winter’s Tale,"$60,000,000","$12,600,231","$29,575,033"
"1,147","Oct 9, 1998",Holy Man,"$60,000,000","$12,069,719","$12,069,719"
"1,148","Jul 11, 2008",Meet Dave,"$60,000,000","$11,803,254","$50,648,806"
"1,149","Dec 17, 2021",Nightmare Alley,"$60,000,000","$11,338,107","$37,537,773"
"1,150","Aug 12, 2005",The Great Raid,"$60,000,000","$10,166,502","$10,597,070"
"1,151","Jul 2, 2016",Rock Dog,"$60,000,000","$9,420,546","$24,148,488"
"1,152","Aug 24, 2022",Three Thousand Years of Longing,"$60,000,000","$8,286,741","$21,245,954"
"1,153","Jan 21, 2015",Mortdecai,"$60,000,000","$7,696,134","$37,360,909"
"1,154","Jul 31, 2020",The SpongeBob Movie: Sponge on the Run,"$60,000,000","$4,810,790","$4,810,790"
"1,155","Jan 11, 2008",In the Name of the King: A Dungeon Siege Tale,"$60,000,000","$4,775,656","$13,233,220"
"1,156","Oct 24, 2003",Beyond Borders,"$60,000,000","$4,426,297","$11,427,090"
"1,157","Mar 25, 2023",Knights of the Zodiac,"$60,000,000","$1,090,155","$6,951,086"
"1,158","Feb 4, 2016",The Monkey King 2 (西游记之孙悟空三打白骨精)…,"$60,000,000","$709,982","$194,058,503"
"1,159","Aug 30, 2019",The Informer,"$60,000,000","$300,460","$3,377,027"
"1,160","Mar 5, 2021",Coming 2 America,"$60,000,000",$0,$0
"1,161","Dec 11, 2015",The Ridiculous 6,"$60,000,000",$0,$0
"1,162","Nov 12, 2019",Lady and the Tramp,"$60,000,000",$0,$0
"1,163","Aug 1, 1990",Young Guns II,"$59,000,000","$44,143,410","$44,143,410"
"1,164","Mar 15, 2018",Sherlock Gnomes,"$59,000,000","$43,242,871","$97,459,106"
"1,165","Jan 18, 2019",The Kid Who Would Be King,"$59,000,000","$16,790,790","$28,296,983"
"1,166","Feb 9, 2016",Deadpool,"$58,000,000","$363,070,709","$781,947,691"
"1,167","Dec 25, 2014",American Sniper,"$58,000,000","$350,126,372","$547,626,372"
"1,168","Oct 14, 2015",Goosebumps,"$58,000,000","$80,069,458","$158,952,243"
"1,169","May 25, 1988",Rambo III,"$58,000,000","$53,715,611","$188,715,611"
"1,170","Dec 15, 1995",Sabrina,"$58,000,000","$53,458,319","$87,100,000"
"1,171","Jan 20, 2012",Red Tails,"$58,000,000","$49,876,377","$50,365,498"
"1,172","Sep 16, 2005",Just Like Heaven,"$58,000,000","$48,318,130","$100,687,083"
"1,173","Jun 7, 2013",The Internship,"$58,000,000","$44,672,764","$93,672,764"
"1,174","Apr 28, 2000",The Flintstones in Viva Rock Vegas,"$58,000,000","$35,231,365","$59,431,365"
"1,175","Apr 4, 2008",Leatherheads,"$58,000,000","$31,373,938","$41,348,628"
"1,176","Mar 22, 2017",Life,"$58,000,000","$30,234,022","$101,815,660"
"1,177","Dec 18, 2009",Did You Hear About the Morgans?,"$58,000,000","$29,580,087","$80,480,566"
"1,178","Dec 12, 2008","Che, Part 1: The Argentine","$58,000,000","$1,802,521","$31,627,370"
"1,179","May 30, 2008",Sex and the City,"$57,500,000","$152,647,258","$415,247,258"
"1,180","Sep 10, 2010",Resident Evil: Afterlife,"$57,500,000","$60,128,566","$295,874,190"
"1,181","Jun 13, 2012",That’s My Boy,"$57,500,000","$36,931,089","$58,879,681"
"1,182","Oct 17, 1997",Devil’s Advocate,"$57,000,000","$61,007,424","$153,007,424"
"1,183","Feb 17, 2012",Ghost Rider: Spirit of Vengeance,"$57,000,000","$51,774,002","$149,217,355"
"1,184","May 31, 1996",Dragonheart,"$57,000,000","$51,364,680","$104,364,680"
"1,185","Nov 12, 2004",After the Sunset,"$57,000,000","$28,328,132","$38,329,114"
"1,186","Aug 17, 2001",Captain Corelli's Mandolin,"$57,000,000","$25,528,495","$62,097,495"
"1,187","Dec 25, 2014",Into the Woods,"$56,200,000","$128,002,372","$212,416,317"
"1,188","Apr 11, 2003",Anger Management,"$56,000,000","$135,560,942","$195,484,552"
"1,189","Mar 4, 2005",The Pacifier,"$56,000,000","$113,006,880","$198,006,880"
"1,190","Apr 2, 2004",Walking Tall,"$56,000,000","$46,213,824","$47,856,383"
"1,191","Jul 12, 2015",Zhuo yao ji,"$56,000,000","$32,766","$340,969,819"
"1,192","Oct 2, 2019",Joker,"$55,000,000","$335,451,311","$1,063,574,394"
"1,193","Jul 6, 1994",Forrest Gump,"$55,000,000","$330,151,138","$679,835,137"
"1,194","Dec 14, 2007",Alvin and the Chipmunks,"$55,000,000","$217,326,974","$362,605,033"
"1,195","Oct 24, 2018",Bohemian Rhapsody,"$55,000,000","$216,303,339","$879,088,897"
"1,196","Feb 11, 2005",Hitch,"$55,000,000","$177,784,257","$366,784,257"
"1,197","Oct 6, 2000",Meet the Parents,"$55,000,000","$166,225,040","$330,425,040"
"1,198","Dec 15, 2006",The Pursuit of Happyness,"$55,000,000","$162,586,036","$307,311,093"
"1,199","Jun 10, 1995",Pocahontas,"$55,000,000","$141,579,773","$347,100,000"
"1,200","Dec 15, 1978",Superman,"$55,000,000","$134,218,018","$300,200,000"
"1,201","Jun 28, 1996",The Nutty Professor,"$55,000,000","$128,814,019","$273,814,019"
"1,202","Feb 8, 2017",Fifty Shades Darker,"$55,000,000","$114,434,010","$381,367,046"
"1,203","Oct 11, 2013",Captain Phillips,"$55,000,000","$107,136,417","$220,648,184"
"1,204","Jul 16, 1997",George Of The Jungle,"$55,000,000","$105,263,257","$174,463,257"
"1,205","Aug 1, 2003",American Wedding,"$55,000,000","$104,354,205","$232,354,205"
"1,206","Nov 3, 2017",Murder on the Orient Express,"$55,000,000","$102,826,543","$351,767,147"
"1,207","Sep 26, 2014",The Equalizer,"$55,000,000","$101,530,738","$192,903,624"
"1,208","May 26, 1995",Casper,"$55,000,000","$100,836,847","$282,808,653"
"1,209","Feb 7, 2018",Fifty Shades Freed,"$55,000,000","$100,407,760","$371,985,018"
"1,210","Apr 9, 2010",Date Night,"$55,000,000","$98,711,404","$152,269,033"
"1,211","Dec 13, 2002",Maid in Manhattan,"$55,000,000","$93,932,896","$163,838,217"
"1,212","May 12, 1995",Crimson Tide,"$55,000,000","$91,387,195","$159,387,195"
"1,213","Sep 23, 2005",Flightplan,"$55,000,000","$89,706,988","$214,392,904"
"1,214","Dec 9, 1994",Disclosure,"$55,000,000","$83,015,089","$212,200,000"
"1,215","Apr 10, 1998",City of Angels,"$55,000,000","$78,750,909","$198,750,909"
"1,216","Nov 28, 2014",Paddington,"$55,000,000","$76,223,578","$267,463,854"
"1,217","Apr 28, 2006",R.V.,"$55,000,000","$71,724,497","$87,473,024"
"1,218","Oct 28, 1994",Stargate,"$55,000,000","$71,565,669","$196,565,669"
"1,219","Oct 10, 2003",Kill Bill: Volume 1,"$55,000,000","$70,098,138","$176,469,428"
"1,220","Jun 17, 2011",Mr. Poppers's Penguins,"$55,000,000","$68,224,452","$189,624,452"
"1,221","Aug 13, 1999",Bowfinger,"$55,000,000","$66,458,769","$98,699,769"
"1,222","Apr 16, 2004",Kill Bill: Volume 2,"$55,000,000","$66,207,920","$153,535,982"
"1,223","Dec 22, 1989",Tango & Cash,"$55,000,000","$63,408,614","$63,408,614"
"1,224","Jul 31, 1992",Death Becomes Her,"$55,000,000","$58,422,650","$149,022,650"
"1,225","May 26, 2000",Shanghai Noon,"$55,000,000","$56,932,305","$71,189,835"
"1,226","Mar 15, 1996",Executive Decision,"$55,000,000","$56,679,192","$122,079,192"
"1,227","Oct 31, 2013",Free Birds,"$55,000,000","$55,750,480","$110,387,072"
"1,228","May 22, 1992",Alien 3,"$55,000,000","$54,927,174","$158,500,000"
"1,229","Apr 18, 2008",The Forbidden Kingdom,"$55,000,000","$52,075,270","$129,059,885"
"1,230","Dec 8, 2004",The Phantom of the Opera,"$55,000,000","$51,363,743","$153,907,999"
"1,231","Mar 21, 2014",Muppets Most Wanted,"$55,000,000","$51,178,893","$79,312,301"
"1,232","Apr 18, 2024",Challengers,"$55,000,000","$50,119,408","$96,119,408"
"1,233","Dec 20, 1996",Evita,"$55,000,000","$50,047,179","$151,947,179"
"1,234","Aug 18, 2016",Kubo and the Two Strings,"$55,000,000","$48,023,088","$77,548,122"
"1,235","Apr 8, 2021",Mortal Kombat,"$55,000,000","$42,326,031","$84,426,031"
"1,236","Sep 25, 1998",Ronin,"$55,000,000","$41,610,884","$70,692,101"
"1,237","Nov 24, 2010",Burlesque,"$55,000,000","$39,440,655","$90,552,675"
"1,238","Oct 11, 1996",The Ghost and the Darkness,"$55,000,000","$38,564,422","$38,564,422"
"1,239","Oct 24, 2008",Changeling,"$55,000,000","$35,739,802","$113,805,580"
"1,240","Jul 27, 2012",The Watch,"$55,000,000","$34,353,000","$67,130,045"
"1,241","Mar 14, 2003",The Hunted,"$55,000,000","$34,234,008","$47,213,095"
"1,242","Jun 4, 1999",Instinct,"$55,000,000","$34,105,207","$34,105,207"
"1,243","Dec 12, 2003",Stuck On You,"$55,000,000","$33,832,741","$63,537,164"
"1,244","Feb 29, 2008",Semi-Pro,"$55,000,000","$33,479,698","$43,980,363"
"1,245","Feb 23, 2018",Annihilation,"$55,000,000","$32,732,301","$43,070,915"
"1,246","Oct 14, 2015",Crimson Peak,"$55,000,000","$31,090,320","$74,966,854"
"1,247","Mar 28, 2012",The Pirates! Band of Misfits,"$55,000,000","$31,051,126","$136,143,605"
"1,248","Jun 10, 2021",In the Heights,"$55,000,000","$29,975,167","$45,175,167"
"1,249","Dec 2, 2005",Aeon Flux,"$55,000,000","$25,857,987","$53,913,573"
"1,250","Aug 2, 1996",Chain Reaction,"$55,000,000","$21,226,204","$60,209,334"
"1,251","Aug 16, 1996",The Fan,"$55,000,000","$18,582,965","$18,582,965"
"1,252","Oct 12, 2007",Elizabeth: The Golden Age,"$55,000,000","$16,285,240","$74,870,866"
"1,253","Jun 12, 2009",Imagine That,"$55,000,000","$16,222,392","$22,438,144"
"1,254","Feb 21, 2003",Gods and Generals,"$55,000,000","$12,882,934","$12,923,936"
"1,255","Jan 10, 1997",Turbulence,"$55,000,000","$11,532,774","$11,532,774"
"1,256","Jan 31, 2013",Bullet to the Head,"$55,000,000","$9,489,829","$22,597,969"
"1,257","Sep 22, 2006",All the King’s Men,"$55,000,000","$7,221,458","$9,521,458"
"1,258","Jul 30, 2004",Thunderbirds,"$55,000,000","$6,768,055","$28,231,444"
"1,259","Nov 26, 2004",Un long dimanche de fiançailles,"$55,000,000","$6,167,817","$69,722,444"
"1,260","May 4, 2007",Lucky You,"$55,000,000","$5,755,286","$6,521,829"
"1,261","Jul 22, 1998",Lolita,"$55,000,000","$1,147,784","$1,147,784"
"1,262","Sep 20, 2002",Eye See You,"$55,000,000","$79,161","$1,807,990"
"1,263","Jun 19, 1981",Superman II,"$54,000,000","$108,185,706","$190,400,000"
"1,264","Mar 22, 2002",Blade 2,"$54,000,000","$81,676,888","$154,338,601"
"1,265","Jul 14, 2006","You, Me and Dupree","$54,000,000","$75,802,010","$130,402,010"
"1,266","Dec 19, 2008",Seven Pounds,"$54,000,000","$69,951,824","$166,617,328"
"1,267","Dec 25, 1990",The Godfather: Part III,"$54,000,000","$66,666,062","$66,785,536"
"1,268","Oct 14, 2005",Elizabethtown,"$54,000,000","$26,850,426","$50,719,373"
"1,269","Aug 1, 2003",Gigli,"$54,000,000","$6,087,542","$7,126,002"
"1,270","Jun 16, 2000",Shaft,"$53,012,938","$70,327,868","$107,190,108"
"1,271","Aug 5, 2005",The Dukes of Hazzard,"$53,000,000","$80,270,227","$109,848,461"
"1,272","Oct 16, 2009",Law Abiding Citizen,"$53,000,000","$73,357,727","$131,159,781"
"1,273","Sep 17, 2015",Black Mass,"$53,000,000","$62,575,678","$99,975,678"
"1,274","Nov 14, 1997",Anastasia,"$53,000,000","$58,403,409","$139,801,096"
"1,275","May 18, 2001",Moulin Rouge,"$53,000,000","$57,386,369","$179,199,536"
"1,276","Nov 2, 2001",Domestic Disturbance,"$53,000,000","$45,207,112","$54,207,112"
"1,277","Oct 20, 2006",Flags of Our Fathers,"$53,000,000","$33,602,376","$63,657,941"
"1,278","Apr 6, 2007",Grindhouse,"$53,000,000","$25,031,037","$50,187,789"
"1,279","Oct 16, 1998",Beloved,"$53,000,000","$22,852,487","$22,852,487"
"1,280","Dec 19, 2012",Zero Dark Thirty,"$52,500,000","$95,720,716","$134,612,435"
"1,281","Dec 25, 2002",Catch Me if You Can,"$52,000,000","$164,606,800","$355,612,291"
"1,282","Jul 2, 2008",Mamma Mia!,"$52,000,000","$144,540,088","$583,178,277"
"1,283","Jun 2, 2006",The Break-Up,"$52,000,000","$118,703,275","$205,727,307"
"1,284","Feb 12, 2010",Valentine's Day,"$52,000,000","$110,485,654","$217,569,328"
"1,285","Nov 22, 1995",Casino,"$52,000,000","$42,438,300","$110,400,000"
"1,286","Aug 5, 2011",The Change-Up,"$52,000,000","$37,243,418","$75,997,067"
"1,287","Dec 23, 1998",The Thin Red Line,"$52,000,000","$36,400,491","$97,709,034"
"1,288","Dec 22, 1999",Man on the Moon,"$52,000,000","$34,580,635","$47,407,635"
"1,289","Feb 5, 2010",From Paris With Love,"$52,000,000","$24,077,427","$53,139,168"
"1,290","Apr 16, 2003",Bulletproof Monk,"$52,000,000","$23,010,607","$26,922,492"
"1,291","Jun 23, 2000","Me, Myself & Irene","$51,000,000","$90,570,999","$149,270,999"
"1,292","Aug 4, 2006",Barnyard: The Original Party Animals,"$51,000,000","$72,779,000","$118,583,844"
"1,293","Aug 15, 2018",Alpha,"$51,000,000","$35,851,379","$99,624,873"
"1,294","Nov 22, 2006",Deck the Halls,"$51,000,000","$35,093,569","$46,815,807"
"1,295","Jul 10, 2020",Greyhound,"$50,300,000",$0,$0
"1,296","Mar 4, 2011",The Adjustment Bureau,"$50,200,000","$62,495,645","$126,931,325"
"1,297","Nov 19, 2009",The Twilight Saga: New Moon,"$50,000,000","$296,623,634","$687,556,547"
"1,298","May 18, 2001",Shrek,"$50,000,000","$268,377,061","$492,534,844"
"1,299","Jun 29, 2012",Ted,"$50,000,000","$218,665,740","$556,016,627"
"1,300","Jun 5, 2014",22 Jump Street,"$50,000,000","$191,719,337","$331,333,876"
"1,301","Jun 14, 1991",Robin Hood: Prince of Thieves,"$50,000,000","$165,493,908","$390,500,000"
"1,302","Dec 13, 1996",Jerry Maguire,"$50,000,000","$153,952,592","$273,552,592"
"1,303","Dec 25, 2015",Daddy’s Home,"$50,000,000","$150,357,137","$241,504,989"
"1,304","Dec 24, 1997",As Good as it Gets,"$50,000,000","$148,478,011","$314,111,923"
"1,305","Dec 25, 1998",Patch Adams,"$50,000,000","$135,014,968","$202,173,000"
"1,306","Jun 16, 2016",Central Intelligence,"$50,000,000","$127,440,871","$217,194,805"
"1,307","Dec 18, 2013",Anchorman 2: The Legend Continues,"$50,000,000","$127,413,176","$172,246,223"
"1,308","Jun 10, 2011",Super 8,"$50,000,000","$127,004,179","$257,972,745"
"1,309","Jun 28, 2002",Mr. Deeds,"$50,000,000","$126,293,452","$171,269,535"
"1,310","Mar 17, 2000",Erin Brockovich,"$50,000,000","$125,548,685","$257,805,243"
"1,311","Nov 21, 2018",Creed II,"$50,000,000","$115,715,889","$213,591,522"
"1,312","Feb 8, 2018",Peter Rabbit,"$50,000,000","$115,234,093","$358,117,307"
"1,313","Feb 7, 2003",How to Lose a Guy in 10 Days,"$50,000,000","$105,807,520","$178,503,788"
"1,314","Nov 11, 1994",Interview with the Vampire,"$50,000,000","$105,341,412","$223,641,412"
"1,315","Dec 14, 2018",The Mule,"$50,000,000","$103,804,407","$173,453,994"
"1,316","Dec 19, 2008",Yes Man,"$50,000,000","$97,690,976","$225,990,976"
"1,317","Dec 25, 2024",Nosferatu,"$50,000,000","$95,608,235","$181,341,092"
"1,318","Feb 28, 2014",Non-Stop,"$50,000,000","$91,742,160","$222,383,055"
"1,319","Dec 25, 1998",Stepmom,"$50,000,000","$91,137,662","$159,745,279"
"1,320","Aug 9, 2013",Disney Planes,"$50,000,000","$90,282,580","$238,059,569"
"1,321","Mar 10, 2006",Failure to Launch,"$50,000,000","$88,715,192","$128,402,901"
"1,322","Mar 24, 2006",Inside Man,"$50,000,000","$88,634,237","$185,798,265"
"1,323","Jul 26, 2017",The Emoji Movie,"$50,000,000","$86,089,513","$216,564,839"
"1,324","Jul 29, 2011","Crazy, Stupid, Love","$50,000,000","$84,351,197","$146,493,974"
"1,325","Dec 22, 2017",The Post,"$50,000,000","$81,903,458","$179,769,457"
"1,326","Feb 5, 1999",Payback,"$50,000,000","$81,526,121","$161,626,121"
"1,327","Jun 9, 1995",Congo,"$50,000,000","$81,022,333","$152,022,333"
"1,328","Mar 20, 2009",Knowing,"$50,000,000","$79,957,634","$186,450,317"
"1,329","Mar 18, 2005",The Ring Two,"$50,000,000","$75,941,727","$161,941,727"
"1,330","Dec 23, 2011",We Bought a Zoo,"$50,000,000","$75,624,550","$118,729,073"
"1,331","Sep 23, 2011",Moneyball,"$50,000,000","$75,605,492","$111,300,835"
"1,332","Jun 11, 2004",Garfield: The Movie,"$50,000,000","$75,367,693","$208,094,550"
"1,333","Nov 24, 2004",Christmas with the Kranks,"$50,000,000","$73,701,902","$96,469,187"
"1,334","Mar 17, 2006",V for Vendetta,"$50,000,000","$70,511,035","$130,214,162"
"1,335","Apr 11, 2024",Civil War,"$50,000,000","$68,757,539","$127,339,353"
"1,336","Mar 10, 1995",Outbreak,"$50,000,000","$67,823,573","$190,023,573"
"1,337","Sep 15, 2022",The Woman King,"$50,000,000","$67,328,130","$94,272,634"
"1,338","Mar 13, 2009",Race to Witch Mountain,"$50,000,000","$67,172,595","$105,103,784"
"1,339","Sep 24, 2004",The Forgotten,"$50,000,000","$66,711,892","$117,211,892"
"1,340","Jun 22, 2005",Herbie: Fully Loaded,"$50,000,000","$66,010,682","$144,110,682"
"1,341","Dec 25, 2022",A Man Called Otto,"$50,000,000","$64,267,657","$108,641,148"
"1,342","Feb 7, 2003",Shanghai Knights,"$50,000,000","$60,470,220","$88,316,835"
"1,343","Jul 17, 2014",Planes: Fire and Rescue,"$50,000,000","$59,157,732","$156,399,644"
"1,344","Feb 10, 2006",Curious George,"$50,000,000","$58,640,119","$71,052,604"
"1,345","Apr 4, 2012",American Reunion,"$50,000,000","$56,758,835","$236,799,211"
"1,346","Jan 25, 2013",Hansel & Gretel: Witch Hunters,"$50,000,000","$55,703,475","$214,949,716"
"1,347","Feb 18, 2011",I am Number Four,"$50,000,000","$55,100,437","$146,195,159"
"1,348","Sep 28, 2001",Don’t Say a Word,"$50,000,000","$54,997,476","$104,488,383"
"1,349","Jan 15, 2016",13 Hours: The Secret Soldiers of Benghazi,"$50,000,000","$52,853,219","$69,411,370"
"1,350","May 8, 2002",Unfaithful,"$50,000,000","$52,752,475","$119,114,494"
"1,351","Aug 23, 2017",American Made,"$50,000,000","$51,342,000","$135,569,212"
"1,352","Nov 23, 2005",Syriana,"$50,000,000","$50,824,620","$92,690,959"
"1,353","Sep 10, 2004",Resident Evil: Apocalypse,"$50,000,000","$50,740,078","$125,168,734"
"1,354","Oct 17, 2014",The Book of Life,"$50,000,000","$50,151,543","$97,651,543"
"1,355","Feb 14, 1997",Absolute Power,"$50,000,000","$50,068,310","$50,068,310"
"1,356","Feb 10, 2006",Firewall,"$50,000,000","$48,751,189","$82,751,189"
"1,357","Sep 12, 1997",The Game,"$50,000,000","$48,265,581","$80,369,970"
"1,358","Aug 22, 1997",G.I. Jane,"$50,000,000","$48,169,156","$48,169,156"
"1,359","Aug 8, 2014",Into the Storm,"$50,000,000","$47,602,194","$150,429,371"
"1,360","Oct 10, 2014",The Judge,"$50,000,000","$47,119,388","$76,073,556"
"1,361","Apr 21, 2006",Silent Hill,"$50,000,000","$46,982,632","$94,704,227"
"1,362","Oct 6, 2022","Lyle, Lyle, Crocodile","$50,000,000","$46,888,441","$107,192,068"
"1,363","Feb 12, 2021",Tom and Jerry,"$50,000,000","$46,536,687","$136,536,687"
"1,364","Sep 19, 2019",Rambo: Last Blood,"$50,000,000","$44,819,352","$91,378,886"
"1,365","Aug 11, 2000",The Replacements,"$50,000,000","$44,737,059","$50,054,511"
"1,366","Jul 29, 1998",The Negotiator,"$50,000,000","$44,705,766","$49,105,766"
"1,367","Aug 19, 2016",War Dogs,"$50,000,000","$43,034,523","$86,234,503"
"1,368","May 25, 1994",Beverly Hills Cop III,"$50,000,000","$42,586,861","$119,180,938"
"1,369","Jun 15, 1990",Gremlins 2: The New Batch,"$50,000,000","$41,476,097","$41,476,097"
"1,370","Sep 26, 1997",The Peacemaker,"$50,000,000","$41,263,140","$62,967,368"
"1,371","Oct 3, 2003",Out of Time,"$50,000,000","$41,083,108","$55,489,826"
"1,372","Nov 12, 2004",Bridget Jones: The Edge Of Reason,"$50,000,000","$40,203,020","$263,894,551"
"1,373","Feb 11, 2000",The Beach,"$50,000,000","$39,778,599","$39,778,599"
"1,374","Jun 10, 2005",The Adventures of Sharkboy and Lavagirl in 3-D,"$50,000,000","$39,177,684","$69,425,966"
"1,375","Feb 18, 1994",On Deadly Ground,"$50,000,000","$38,590,458","$38,590,458"
"1,376","Nov 25, 2009",Ninja Assassin,"$50,000,000","$38,122,883","$62,209,892"
"1,377","May 28, 2004",Raising Helen,"$50,000,000","$37,485,528","$49,842,431"
"1,378","May 19, 2016",The Nice Guys,"$50,000,000","$36,261,763","$59,596,747"
"1,379","Sep 17, 1999",For Love of the Game,"$50,000,000","$35,188,640","$46,112,640"
"1,380","Dec 11, 1998",Jack Frost,"$50,000,000","$34,645,374","$34,645,374"
"1,381","Jun 4, 2010",Marmaduke,"$50,000,000","$33,644,788","$89,895,930"
"1,382","Jun 28, 1996",Striptease,"$50,000,000","$33,109,743","$113,309,743"
"1,383","Oct 15, 2010",Hereafter,"$50,000,000","$32,746,941","$108,660,270"
"1,384","Apr 19, 2002",Murder by Numbers,"$50,000,000","$31,874,869","$56,643,267"
"1,385","Oct 6, 1995",Assassins,"$50,000,000","$30,306,268","$83,306,268"
"1,386","Dec 22, 2017",Hostiles,"$50,000,000","$29,819,114","$36,976,336"
"1,387","Jun 27, 2024",Horizon: An American Saga Chapter 1,"$50,000,000","$29,035,702","$38,735,702"
"1,388","Feb 5, 2016",Zoolander 2,"$50,000,000","$28,848,693","$55,348,693"
"1,389","Jan 16, 2009",Defiance,"$50,000,000","$28,644,813","$52,987,754"
"1,390","Feb 9, 2007",Hannibal Rising,"$50,000,000","$27,669,725","$80,583,311"
"1,391","Oct 15, 1999",The Story of Us,"$50,000,000","$27,100,030","$27,100,030"
"1,392","Mar 22, 2013",The Host,"$50,000,000","$26,623,701","$64,477,051"
"1,393","Mar 28, 2003",Basic,"$50,000,000","$26,599,248","$42,598,498"
"1,394","Mar 11, 2015",Run All Night,"$50,000,000","$26,461,644","$71,661,644"
"1,395","Aug 9, 2002",Blood Work,"$50,000,000","$26,199,517","$26,199,517"
"1,396","Feb 13, 2009",The International,"$50,000,000","$25,450,527","$53,850,527"
"1,397","Aug 9, 1996",Escape from L.A.,"$50,000,000","$25,426,861","$25,426,861"
"1,398","Feb 27, 2004",Twisted,"$50,000,000","$25,195,050","$40,119,848"
"1,399","Dec 25, 2017",All the Money in the World,"$50,000,000","$25,106,325","$56,890,649"
"1,400","Dec 10, 2004",The Life Aquatic with Steve Zissou,"$50,000,000","$24,006,726","$34,806,726"
"1,401","Aug 4, 1999",The Iron Giant,"$50,000,000","$23,534,992","$31,709,604"
"1,402","Apr 10, 2019",Hellboy,"$50,000,000","$21,903,748","$53,956,480"
"1,403","Apr 8, 2011",Your Highness,"$50,000,000","$21,596,445","$26,121,638"
"1,404","Dec 30, 2015",Snowden,"$50,000,000","$21,587,519","$35,380,918"
"1,405","Sep 30, 2011",Dream House,"$50,000,000","$21,302,340","$41,642,166"
"1,406","Jun 24, 2016",Free State of Jones,"$50,000,000","$20,810,036","$23,237,252"
"1,407","Sep 4, 2009",Gamer,"$50,000,000","$20,534,907","$42,002,029"
"1,408","Feb 25, 2005",Man of the House,"$50,000,000","$19,699,706","$22,099,706"
"1,409","Feb 21, 2003",The Life of David Gale,"$50,000,000","$19,694,635","$28,920,188"
"1,410","Mar 7, 2024",Cabrini,"$50,000,000","$19,512,135","$20,591,600"
"1,411","Feb 14, 2013",Beautiful Creatures,"$50,000,000","$19,452,138","$60,282,876"
"1,412","Sep 30, 2005",Into the Blue,"$50,000,000","$18,782,227","$41,982,227"
"1,413","Sep 14, 2007",Eastern Promises,"$50,000,000","$17,181,265","$56,077,088"
"1,414","Jul 1, 1994",Baby’s Day Out,"$50,000,000","$16,581,575","$16,581,575"
"1,415","Nov 18, 2021",King Richard,"$50,000,000","$15,138,334","$39,538,334"
"1,416","Nov 12, 1999",The Messenger: The Story of Joan of Arc,"$50,000,000","$14,271,297","$14,271,297"
"1,417","Oct 31, 2024",Here,"$50,000,000","$12,237,270","$15,832,429"
"1,418","Nov 3, 1995",Fair Game,"$50,000,000","$11,497,497","$26,097,497"
"1,419","Feb 25, 2011",Drive Angry,"$50,000,000","$10,721,033","$41,042,583"
"1,420","Nov 7, 1997",Mad City,"$50,000,000","$10,561,038","$10,561,038"
"1,421","Oct 13, 1995",The Scarlet Letter,"$50,000,000","$10,359,006","$10,359,006"
"1,422","Oct 14, 2005",Domino,"$50,000,000","$10,169,202","$23,574,057"
"1,423","Oct 13, 1995",Jade,"$50,000,000","$9,812,870","$9,812,870"
"1,424","Aug 21, 2024",The Crow,"$50,000,000","$9,275,659","$15,952,484"
"1,425","Feb 27, 2009",Street Fighter: The Legend of Chun-Li,"$50,000,000","$8,742,261","$12,660,287"
"1,426","Mar 29, 2002",Death to Smoochy,"$50,000,000","$8,355,815","$8,374,062"
"1,427","Jan 26, 2018",Early Man,"$50,000,000","$8,267,544","$45,285,890"
"1,428","Sep 24, 2021",The Many Saints of Newark,"$50,000,000","$8,237,403","$13,037,403"
"1,429","Nov 13, 2009",The Boat That Rocked,"$50,000,000","$8,017,467","$37,472,651"
"1,430","Jan 5, 2023",Operation Fortune: Ruse de guerre,"$50,000,000","$6,496,125","$27,835,815"
"1,431","Jan 30, 2004",The Big Bounce,"$50,000,000","$6,471,394","$6,626,115"
"1,432","Mar 3, 2000",What Planet Are You From?,"$50,000,000","$6,291,602","$6,291,602"
"1,433","Feb 1, 2019",The Wandering Earth (流浪地球),"$50,000,000","$5,875,487","$610,759,412"
"1,434","Nov 1, 2019",Arctic Dogs,"$50,000,000","$5,801,249","$11,285,154"
"1,435","Jan 31, 2020",The Rhythm Section,"$50,000,000","$5,437,971","$5,983,043"
"1,436","Apr 17, 2015",Child 44,"$50,000,000","$1,224,330","$8,004,221"
"1,437","Jan 23, 2009",Outlander,"$50,000,000","$166,003","$1,250,617"
"1,438","Aug 23, 2012",Upside Down,"$50,000,000","$102,118","$26,387,039"
"1,439","Sep 7, 2012",Shanghai,"$50,000,000","$46,425","$15,505,922"
"1,440","Feb 12, 2025",Bridget Jones: Mad About The Boy,"$50,000,000",$0,"$128,064,927"
"1,441",Unknown,Hannibal the Conqueror,"$50,000,000",$0,$0
"1,442",2025,Horizon: An American Saga Chapter 2,"$50,000,000",$0,$0
"1,443","Aug 8, 2019",Dora and the Lost City of Gold,"$49,000,000","$60,477,943","$120,592,276"
"1,444","Nov 2, 2001",The One,"$49,000,000","$43,905,746","$72,689,126"
"1,445","Mar 4, 2015",Chappie,"$49,000,000","$31,569,268","$105,002,056"
"1,446","Jul 11, 1990",The Adventures of Ford Fairlane,"$49,000,000","$20,423,389","$20,423,389"
"1,447","Sep 7, 2012",Anna Karenina,"$49,000,000","$12,816,367","$71,004,627"
"1,448","May 24, 1989",Indiana Jones and the Last Crusade,"$48,000,000","$197,171,806","$474,171,806"
"1,449","Oct 18, 2002",The Ring,"$48,000,000","$129,094,024","$248,218,486"
"1,450","Dec 27, 2000",Traffic,"$48,000,000","$124,107,476","$208,300,000"
"1,451","Mar 29, 2002",Panic Room,"$48,000,000","$95,308,367","$196,308,367"
"1,452","Jan 2, 2015",Taken 3,"$48,000,000","$89,256,424","$327,656,424"
"1,453","Oct 9, 2019",Zombieland: Double Tap,"$48,000,000","$73,118,130","$125,213,018"
"1,454","Aug 6, 1999",The Thomas Crown Affair,"$48,000,000","$69,304,264","$124,304,264"
"1,455","Nov 16, 2018",Instant Family,"$48,000,000","$67,363,237","$119,736,188"
"1,456","Nov 5, 1999",The Bone Collector,"$48,000,000","$66,488,090","$151,463,090"
"1,457","Oct 1, 1999",Three Kings,"$48,000,000","$60,652,036","$107,752,036"
"1,458","Jan 22, 2010",Tooth Fairy,"$48,000,000","$60,022,256","$112,610,386"
"1,459","Aug 17, 2001",Rat Race,"$48,000,000","$56,607,223","$86,607,223"
"1,460","Sep 7, 2007",3:10 to Yuma,"$48,000,000","$53,606,916","$71,171,825"
"1,461","Aug 13, 2001",K-PAX,"$48,000,000","$50,315,140","$64,978,140"
"1,462","Dec 25, 2001",Kate and Leopold,"$48,000,000","$47,095,453","$70,937,778"
"1,463","Oct 20, 2000",Bedazzled,"$48,000,000","$37,879,996","$90,376,224"
"1,464","Jun 26, 1998",Out of Sight,"$48,000,000","$37,562,568","$77,562,568"
"1,465","Dec 14, 1984",The Cotton Club,"$48,000,000","$25,928,721","$25,928,721"
"1,466","Nov 13, 2019",Charlie’s Angels,"$48,000,000","$17,801,306","$73,235,048"
"1,467","Jan 25, 2008",Rambo,"$47,500,000","$42,754,105","$113,244,290"
"1,468","Jul 13, 2016",The Infiltrator,"$47,500,000","$15,436,808","$22,152,137"
"1,469","Jun 15, 1990",Dick Tracy,"$47,000,000","$103,738,726","$162,738,726"
"1,470","Nov 9, 2016",Arrival,"$47,000,000","$100,546,139","$202,241,353"
"1,471","Jun 14, 1996",The Cable Guy,"$47,000,000","$60,240,295","$102,825,796"
"1,472","Nov 19, 1993",Addams Family Values,"$47,000,000","$46,293,855","$46,293,855"
"1,473","Apr 22, 2009",Earth,"$47,000,000","$32,011,576","$116,773,317"
"1,474","Oct 19, 2001",Riding in Cars with Boys,"$47,000,000","$29,781,453","$29,781,453"
"1,475","Jan 5, 2007",Happily N'Ever After,"$47,000,000","$15,849,032","$37,923,818"
"1,476","Nov 27, 2002",Solaris,"$47,000,000","$14,970,038","$14,970,038"
"1,477","Jun 18, 2010",Jonah Hex,"$47,000,000","$10,547,117","$11,022,696"
"1,478","Feb 23, 1996",Mary Reilly,"$47,000,000","$5,707,094","$12,900,000"
"1,479","Dec 23, 2016",Silence,"$46,500,000","$7,100,177","$23,709,894"
"1,480","Oct 4, 2012",Mr. Nobody,"$46,500,000","$3,622","$22,254"
"1,481","Jun 20, 1997",My Best Friend's Wedding,"$46,000,000","$126,813,153","$298,923,419"
"1,482","Jul 20, 2001",America’s Sweethearts,"$46,000,000","$93,607,673","$160,648,493"
"1,483","Nov 22, 1996",Star Trek: First Contact,"$46,000,000","$92,027,888","$150,000,000"
"1,484","Oct 24, 2003",Brother Bear,"$46,000,000","$85,336,277","$250,397,798"
"1,485","May 24, 2002",Insomnia,"$46,000,000","$67,263,182","$113,622,499"
"1,486","Sep 19, 2013",Prisoners,"$46,000,000","$61,002,302","$113,310,547"
"1,487","Jul 12, 1996",Courage Under Fire,"$46,000,000","$59,003,384","$100,833,145"
"1,488","Aug 4, 2023",Strays,"$46,000,000","$23,988,885","$35,983,009"
"1,489","Sep 17, 1982",Inchon,"$46,000,000","$4,408,636","$4,408,636"
"1,490","Nov 5, 2015",Arthur and the War of Two Worlds,"$45,500,000","$347,136","$36,180,824"
"1,491","Mar 21, 1997",Liar Liar,"$45,000,000","$181,410,615","$302,710,615"
"1,492","Nov 20, 1998",A Bug’s Life,"$45,000,000","$162,798,565","$363,095,319"
"1,493","Sep 27, 2012",Taken 2,"$45,000,000","$139,854,287","$377,807,404"
"1,494","May 27, 1994",The Flintstones,"$45,000,000","$130,531,208","$358,500,000"
"1,495","Oct 24, 2003",Scary Movie 3,"$45,000,000","$110,000,082","$155,200,000"
"1,496","Dec 22, 2000",Miss Congeniality,"$45,000,000","$106,807,667","$213,420,951"
"1,497","Dec 21, 2017",Pitch Perfect 3,"$45,000,000","$104,897,530","$185,736,412"
"1,498","Jul 11, 2008",Journey to the Center of the Earth,"$45,000,000","$101,704,370","$243,180,937"
"1,499","Dec 17, 1993",The Pelican Brief,"$45,000,000","$100,768,056","$187,995,859"
"1,500","Aug 11, 2004",The Princess Diaries 2: Royal Engagement,"$45,000,000","$95,149,435","$134,713,435"
"1,501","Dec 25, 2007",The Bucket List,"$45,000,000","$93,466,502","$174,807,445"
"1,502","Jul 20, 1994",The Client,"$45,000,000","$92,115,211","$117,615,211"
"1,503","Nov 23, 2011",The Muppets,"$45,000,000","$88,625,922","$160,461,952"
"1,504","Jun 5, 1992",Patriot Games,"$45,000,000","$83,287,363","$178,100,000"
"1,505","May 13, 2005",Monster-in-Law,"$45,000,000","$82,931,301","$155,931,301"
"1,506","Oct 5, 2001",Training Day,"$45,000,000","$76,261,036","$104,505,352"
"1,507","Oct 5, 2016",The Girl on the Train,"$45,000,000","$75,395,035","$174,278,214"
"1,508","Dec 24, 1999",Galaxy Quest,"$45,000,000","$71,423,726","$90,523,726"
"1,509","Jul 4, 2001",Scary Movie 2,"$45,000,000","$71,277,420","$141,189,101"
"1,510","Aug 21, 1998",Blade,"$45,000,000","$70,141,876","$131,237,688"
"1,511","Jan 14, 2005",Coach Carter,"$45,000,000","$67,264,877","$76,665,507"
"1,512","Mar 19, 2010",The Bounty Hunter,"$45,000,000","$67,061,228","$135,808,837"
"1,513","Apr 12, 2002",Changing Lanes,"$45,000,000","$66,790,248","$66,790,248"
"1,514","Apr 11, 1997",Anaconda,"$45,000,000","$65,598,907","$136,998,907"
"1,515","Jan 20, 2006",Underworld: Evolution,"$45,000,000","$62,318,875","$113,417,762"
"1,516","Nov 22, 2019",A Beautiful Day in the Neighborhood,"$45,000,000","$61,696,436","$68,590,003"
"1,517","Aug 4, 2000",Coyote Ugly,"$45,000,000","$60,786,269","$113,916,474"
"1,518","Nov 7, 2003",Love Actually,"$45,000,000","$60,235,426","$246,479,647"
"1,519","Aug 9, 1996",Jack,"$45,000,000","$58,617,334","$58,617,334"
"1,520","Oct 7, 1994",The Specialist,"$45,000,000","$57,362,581","$170,362,581"
"1,521","Dec 8, 2016",Office Christmas Party,"$45,000,000","$54,767,494","$115,097,874"
"1,522","Aug 16, 1996",Tin Cup,"$45,000,000","$53,854,588","$75,854,588"
"1,523","Nov 23, 2005","Yours, Mine and Ours","$45,000,000","$53,359,917","$72,359,917"
"1,524","May 13, 2005",Kicking and Screaming,"$45,000,000","$52,842,724","$55,842,724"
"1,525","Apr 29, 2005",The Hitchhiker's Guide to the Galaxy,"$45,000,000","$51,019,112","$102,746,214"
"1,526","Sep 21, 2007",Resident Evil: Extinction,"$45,000,000","$50,648,679","$149,871,103"
"1,527","Jun 15, 2023",No Hard Feelings,"$45,000,000","$50,452,282","$83,453,541"
"1,528","Dec 25, 2004",Fat Albert,"$45,000,000","$48,114,556","$48,563,556"
"1,529","Jul 6, 2012",Savages,"$45,000,000","$47,323,100","$82,513,490"
"1,530","Sep 30, 1994",The River Wild,"$45,000,000","$46,815,000","$94,215,000"
"1,531","May 22, 2014",Blended,"$45,000,000","$46,290,741","$127,990,741"
"1,532","Jun 15, 2016",All Eyez on Me,"$45,000,000","$44,922,302","$57,697,426"
"1,533","Mar 26, 2021",Peter Rabbit 2: The Runaway,"$45,000,000","$40,501,717","$157,214,984"
"1,534","Jan 13, 2006",Last Holiday,"$45,000,000","$38,399,961","$43,343,247"
"1,535","Mar 3, 2006",16 Blocks,"$45,000,000","$36,895,141","$65,595,141"
"1,536","Jul 14, 1995",The Indian in the Cupboard,"$45,000,000","$35,627,222","$35,627,222"
"1,537","Mar 9, 2023",65,"$45,000,000","$32,062,904","$56,241,027"
"1,538","Sep 10, 2004",Cellular,"$45,000,000","$32,003,620","$61,453,420"
"1,539","Oct 31, 2019",Doctor Sleep,"$45,000,000","$31,581,712","$72,381,712"
"1,540","Jul 28, 2006",The Ant Bully,"$45,000,000","$28,142,535","$49,610,898"
"1,541","Apr 11, 2003",Johnny English,"$45,000,000","$28,013,509","$161,735,791"
"1,542","Dec 14, 1984",Dune,"$45,000,000","$27,961,341","$28,018,540"
"1,543","Jul 31, 2009",Aliens in the Attic,"$45,000,000","$25,200,412","$59,551,283"
"1,544","Sep 14, 2007",Across the Universe,"$45,000,000","$24,343,673","$29,367,143"
"1,545","Dec 26, 2008",Revolutionary Road,"$45,000,000","$22,951,340","$79,604,820"
"1,546","Aug 29, 2008",Babylon A.D.,"$45,000,000","$22,532,572","$70,216,497"
"1,547","Dec 13, 2019",Richard Jewell,"$45,000,000","$22,345,542","$44,645,542"
"1,548","Nov 4, 1994",Frankenstein,"$45,000,000","$22,006,296","$112,006,296"
"1,549","Oct 4, 1996",The Glimmer Man,"$45,000,000","$20,404,841","$36,404,841"
"1,550","May 1, 2019",UglyDolls,"$45,000,000","$20,150,241","$32,630,599"
"1,551","Jul 17, 1996",Multiplicity,"$45,000,000","$20,133,326","$20,133,326"
"1,552","Jan 19, 2001",The Pledge,"$45,000,000","$19,719,930","$29,406,132"
"1,553","Dec 16, 2005",The Producers: The Movie Musical,"$45,000,000","$19,398,532","$32,952,995"
"1,554","Jul 15, 2022",Paws of Fury: The Legend of Hank,"$45,000,000","$17,811,382","$40,166,138"
"1,555","Jun 7, 1996",The Phantom,"$45,000,000","$17,220,599","$17,220,599"
"1,556","Jul 1, 2005",Rebound,"$45,000,000","$16,809,014","$17,492,014"
"1,557","Feb 19, 2010",The Ghost Writer,"$45,000,000","$15,541,549","$65,532,491"
"1,558","Dec 22, 2000",All the Pretty Horses,"$45,000,000","$15,527,125","$18,120,267"
"1,559","Sep 5, 2008",Bangkok Dangerous,"$45,000,000","$15,298,133","$46,598,133"
"1,560","Dec 20, 1995",Nixon,"$45,000,000","$13,668,249","$34,668,249"
"1,561","Aug 9, 2023",The Last Voyage of the Demeter,"$45,000,000","$13,637,180","$20,397,648"
"1,562","Sep 7, 2012",Dredd,"$45,000,000","$13,414,714","$41,467,606"
"1,563","Oct 28, 2011",The Rum Diary,"$45,000,000","$13,109,815","$21,544,732"
"1,564","Jan 30, 1998",Deep Rising,"$45,000,000","$11,203,026","$11,203,026"
"1,565","Dec 21, 2018",Welcome to Marwen,"$45,000,000","$10,763,520","$13,086,137"
"1,566","Nov 29, 2019",Bloodshot,"$45,000,000","$10,021,787","$37,163,054"
"1,567","Oct 5, 2007",The Seeker: The Dark is Rising,"$45,000,000","$8,794,452","$31,852,619"
"1,568","Oct 21, 2011",Johnny English Reborn,"$45,000,000","$8,406,711","$164,640,401"
"1,569","Sep 26, 2008",Miracle at St. Anna,"$45,000,000","$7,916,887","$9,676,497"
"1,570","Apr 5, 2002",Big Trouble,"$45,000,000","$7,262,288","$8,488,871"
"1,571","Dec 21, 2006",Man cheng jin dai huang jin jia,"$45,000,000","$6,566,773","$76,904,429"
"1,572","Mar 19, 2025",The Alto Knights,"$45,000,000","$6,103,664","$9,577,070"
"1,573","Nov 16, 2007",Love in the Time of Cholera,"$45,000,000","$4,617,608","$31,077,418"
"1,574","Dec 25, 2002",Pinocchio,"$45,000,000","$3,681,811","$31,681,811"
"1,575","Jan 31, 1997",Shadow Conspiracy,"$45,000,000","$2,154,540","$2,154,540"
"1,576","Jun 16, 2012",Foodfight!,"$45,000,000",$0,"$120,323"
"1,577","Nov 11, 2020",Hillbilly Elegy,"$45,000,000",$0,"$38,852"
"1,578","Oct 11, 2012",Argo,"$44,500,000","$136,025,503","$227,140,757"
"1,579","Aug 6, 1993",The Fugitive,"$44,000,000","$183,968,665","$353,808,222"
"1,580","May 22, 1985",Rambo: First Blood Part II,"$44,000,000","$150,415,432","$300,400,000"
"1,581","Oct 18, 1996",Sleepers,"$44,000,000","$53,300,852","$165,600,852"
"1,582","Jul 30, 2010",Charlie St. Cloud,"$44,000,000","$31,206,263","$48,478,084"
"1,583","Feb 2, 1996",The Juror,"$44,000,000","$22,730,924","$22,730,924"
"1,584","Feb 6, 2014",The Interview,"$44,000,000","$6,105,175","$12,342,632"
"1,585","Nov 19, 1980",Heaven's Gate,"$44,000,000","$3,484,331","$3,484,523"
"1,586","Jun 28, 2013",The Heat,"$43,000,000","$159,581,587","$229,727,774"
"1,587","Dec 19, 2000",Finding Forrester,"$43,000,000","$51,768,623","$80,013,623"
"1,588","Apr 14, 2000",28 Days,"$43,000,000","$37,035,515","$62,063,972"
"1,589","May 13, 2005",Danny the Dog,"$43,000,000","$24,537,621","$49,037,621"
"1,590","Jan 1, 2002",The Sweetest Thing,"$43,000,000","$24,430,272","$63,078,756"
"1,591","Oct 25, 2018",The Girl in the Spider’s Web,"$43,000,000","$14,828,555","$34,983,342"
"1,592","Oct 27, 2021",Last Night in Soho,"$43,000,000","$10,127,625","$22,567,607"
"1,593","Oct 7, 2016",A Monster Calls,"$43,000,000","$3,740,823","$46,414,530"
"1,594","Jan 28, 2011",The Mechanic,"$42,500,000","$29,121,498","$76,347,393"
"1,595","Jun 30, 1993",The Firm,"$42,000,000","$158,340,892","$270,340,892"
"1,596","Mar 14, 2012",21 Jump Street,"$42,000,000","$138,447,667","$202,812,429"
"1,597","May 28, 1999",Notting Hill,"$42,000,000","$116,089,678","$363,713,167"
"1,598","Dec 25, 2019",Little Women,"$42,000,000","$108,095,955","$218,838,386"
"1,599","Jun 21, 2000",Chicken Run,"$42,000,000","$106,793,915","$227,793,915"
"1,600","Jan 16, 2004",Along Came Polly,"$42,000,000","$88,073,507","$173,044,410"
"1,601","Jul 1, 1992",Boomerang,"$42,000,000","$70,052,444","$131,052,444"
"1,602","Jul 10, 2009",Brüno,"$42,000,000","$60,054,530","$138,708,527"
"1,603","Jun 12, 1963",Cleopatra,"$42,000,000","$57,000,000","$71,000,000"
"1,604","May 12, 2017",Snatched,"$42,000,000","$45,852,178","$60,129,558"
"1,605","Oct 10, 2012",Here Comes the Boom,"$42,000,000","$45,290,318","$73,239,258"
"1,606","Apr 5, 2002",High Crimes,"$42,000,000","$41,543,207","$63,781,100"
"1,607","Nov 15, 1996",The Mirror Has Two Faces,"$42,000,000","$41,267,469","$41,267,469"
"1,608","Mar 11, 2011",Red Riding Hood,"$42,000,000","$37,662,162","$91,678,442"
"1,609","Jan 25, 2002",The Mothman Prophecies,"$42,000,000","$35,228,696","$56,438,555"
"1,610","Jul 14, 1989",Licence to Kill,"$42,000,000","$34,667,015","$156,167,015"
"1,611","Dec 20, 2018",Holmes & Watson,"$42,000,000","$30,568,743","$41,926,605"
"1,612","Jan 27, 2012",One for the Money,"$42,000,000","$26,414,527","$39,377,700"
"1,613","Mar 9, 2001",15 Minutes,"$42,000,000","$24,375,436","$56,331,864"
"1,614","Sep 16, 2005",Lord of War,"$42,000,000","$24,149,632","$60,437,727"
"1,615","May 28, 1993",Super Mario Bros.,"$42,000,000","$20,844,907","$20,844,907"
"1,616","Oct 2, 1992",Hero,"$42,000,000","$19,487,173","$66,787,173"
"1,617","Jan 27, 2012",Man on a Ledge,"$42,000,000","$18,620,000","$49,621,440"
"1,618","Dec 3, 2010",The Warrior's Way,"$42,000,000","$5,666,340","$8,514,325"
"1,619","Apr 18, 1997",McHale's Navy,"$42,000,000","$4,408,420","$4,408,420"
"1,620","May 28, 2010",Micmacs,"$42,000,000","$1,259,693","$18,821,576"
"1,621",Unknown,Les Bronzés 3: amis pour la vie,"$42,000,000",$0,"$83,833,602"
"1,622","Apr 10, 2015",Pourquoi j'ai pas mangé mon père,"$42,000,000",$0,"$15,451,663"
"1,623","Nov 8, 2002",8 Mile,"$41,000,000","$116,724,075","$245,768,384"
"1,624","May 22, 2019",Rocketman,"$41,000,000","$96,368,160","$190,995,193"
"1,625","May 11, 2001",A Knight’s Tale,"$41,000,000","$56,083,966","$100,622,586"
"1,626","Aug 22, 2003",The Medallion,"$41,000,000","$22,108,977","$22,108,977"
"1,627","Oct 14, 2011",The Big Year,"$41,000,000","$7,204,138","$7,684,524"
"1,628","Apr 13, 2023",Mafia Mamma,"$41,000,000","$3,496,761","$7,777,708"
"1,629","Jan 21, 2022",The King’s Daughter,"$40,500,000","$1,747,263","$2,157,750"
"1,630","Jan 15, 1999",The Sixth Sense,"$40,000,000","$293,506,292","$672,806,292"
"1,631","Jul 15, 2005",Wedding Crashers,"$40,000,000","$209,218,368","$283,218,368"
"1,632","Jun 11, 2010",The Karate Kid,"$40,000,000","$176,591,618","$351,774,938"
"1,633","Feb 11, 2015",Fifty Shades of Grey,"$40,000,000","$166,167,230","$570,794,950"
"1,634","Nov 27, 2019",Knives Out,"$40,000,000","$165,364,060","$312,898,746"
"1,635","Jun 19, 2009",The Proposal,"$40,000,000","$163,958,031","$314,709,717"
"1,636","Dec 12, 2013",American Hustle,"$40,000,000","$150,098,456","$257,858,943"
"1,637","Dec 25, 2003",Cheaper by the Dozen,"$40,000,000","$138,614,544","$190,212,113"
"1,638","Jul 25, 2014",Lucy,"$40,000,000","$126,573,960","$457,507,776"
"1,639","Dec 25, 2013",Lone Survivor,"$40,000,000","$125,095,601","$149,804,632"
"1,640","Nov 22, 1989",Back to the Future Part II,"$40,000,000","$118,450,002","$331,971,868"
"1,641","Sep 24, 1999",Double Jeopardy,"$40,000,000","$116,735,231","$177,835,231"
"1,642","Jul 25, 2003",Spy Kids 3-D: Game Over,"$40,000,000","$111,760,631","$167,851,995"
"1,643","Jul 24, 1996",A Time to Kill,"$40,000,000","$108,766,007","$152,266,007"
"1,644","Jul 1, 1992",A League of Their Own,"$40,000,000","$107,533,925","$132,440,066"
"1,645","Jun 9, 2016",The Conjuring 2: The Enfield Poltergeist,"$40,000,000","$102,470,008","$310,196,332"
"1,646","Jan 23, 2025",Dog Man,"$40,000,000","$97,970,355","$143,277,355"
"1,647","Oct 1, 2010",The Social Network,"$40,000,000","$96,962,694","$224,922,135"
"1,648","Aug 7, 2009",Julie & Julia,"$40,000,000","$94,125,426","$131,516,178"
"1,649","Feb 6, 2009",He's Just Not That Into You,"$40,000,000","$93,953,653","$181,053,657"
"1,650","Feb 9, 2017",John Wick: Chapter Two,"$40,000,000","$92,029,184","$171,539,887"
"1,651","Jan 14, 2016",Ride Along 2,"$40,000,000","$90,862,685","$124,827,316"
"1,652","Apr 14, 2006",Scary Movie 4,"$40,000,000","$90,710,620","$178,710,620"
"1,653","Mar 26, 2015",Get Hard,"$40,000,000","$90,411,453","$111,811,453"
"1,654","Feb 4, 2000",Scream 3,"$40,000,000","$89,138,076","$161,838,076"
"1,655","May 24, 1990",Back to the Future Part III,"$40,000,000","$88,055,283","$244,087,259"
"1,656","Oct 11, 2016",The Accountant,"$40,000,000","$86,260,045","$152,962,083"
"1,657","Nov 13, 2014",Dumb and Dumber To,"$40,000,000","$86,208,010","$156,553,592"
"1,658","Apr 23, 2014",The Other Woman,"$40,000,000","$83,911,193","$194,270,103"
"1,659","Nov 13, 1992",Bram Stoker's Dracula,"$40,000,000","$82,522,790","$215,862,666"
"1,660","Feb 17, 2006",Eight Below,"$40,000,000","$81,612,565","$120,455,994"
"1,661","Dec 24, 1999",The Talented Mr. Ripley,"$40,000,000","$81,292,135","$128,792,130"
"1,662","Sep 24, 2015",The Intern,"$40,000,000","$75,764,672","$197,115,710"
"1,663","Sep 25, 1992",The Last of the Mohicans,"$40,000,000","$75,505,856","$75,505,856"
"1,664","Oct 29, 2004",Ray,"$40,000,000","$75,305,995","$124,823,094"
"1,665","Apr 1, 2005",Sin City,"$40,000,000","$74,103,820","$158,527,918"
"1,666","Oct 14, 2015",Bridge of Spies,"$40,000,000","$72,313,754","$162,498,338"
"1,667","Feb 22, 2008",Vantage Point,"$40,000,000","$72,266,306","$150,886,329"
"1,668","Mar 20, 2009","I Love You, Man","$40,000,000","$72,013,010","$92,302,502"
"1,669","Nov 9, 2001",Shallow Hal,"$40,000,000","$70,836,296","$70,836,296"
"1,670","Dec 20, 1991",JFK,"$40,000,000","$70,405,498","$205,400,000"
"1,671","Jan 27, 2006",Big Momma's House 2,"$40,000,000","$70,165,972","$137,047,376"
"1,672","Aug 22, 2019",Angel Has Fallen,"$40,000,000","$69,030,436","$133,345,583"
"1,673","Sep 19, 2018",The House with a Clock in its Walls,"$40,000,000","$68,549,695","$131,457,147"
"1,674","Nov 3, 2016",Hacksaw Ridge,"$40,000,000","$67,209,615","$168,423,249"
"1,675","Mar 2, 2001",The Mexican,"$40,000,000","$66,808,615","$145,238,250"
"1,676","Aug 28, 2009",The Final Destination,"$40,000,000","$66,477,700","$187,384,627"
"1,677","Jan 10, 2024",The Beekeeper,"$40,000,000","$66,220,535","$152,409,233"
"1,678","Mar 7, 2021",The Conjuring: The Devil Made Me Do It,"$40,000,000","$65,631,050","$206,431,050"
"1,679","Apr 17, 2009",17 Again,"$40,000,000","$64,167,069","$139,474,906"
"1,680","Feb 18, 2011",Unknown,"$40,000,000","$63,686,397","$136,123,083"
"1,681","Jun 4, 2010",Get Him to the Greek,"$40,000,000","$61,153,526","$92,994,927"
"1,682","Nov 21, 2003",Gothika,"$40,000,000","$59,588,068","$141,484,812"
"1,683","Nov 30, 2001",Behind Enemy Lines,"$40,000,000","$58,855,732","$58,855,732"
"1,684","Mar 18, 2011",The Lincoln Lawyer,"$40,000,000","$58,009,200","$87,145,086"
"1,685","Oct 15, 2004",Shall We Dance?,"$40,000,000","$57,887,882","$170,125,882"
"1,686","Aug 25, 2006",Invincible,"$40,000,000","$57,806,952","$58,501,127"
"1,687","Feb 15, 2013",Escape From Planet Earth,"$40,000,000","$57,012,977","$74,156,610"
"1,688","Jul 10, 1998",Small Soldiers,"$40,000,000","$55,143,823","$71,743,823"
"1,689","Jul 31, 1997",Spawn,"$40,000,000","$54,979,992","$87,949,859"
"1,690","Nov 26, 2014",Horrible Bosses 2,"$40,000,000","$54,445,357","$105,945,357"
"1,691","Jan 25, 2002",The Count of Monte Cristo,"$40,000,000","$54,228,104","$75,389,090"
"1,692","Sep 23, 2005",Corpse Bride,"$40,000,000","$53,359,111","$114,686,476"
"1,693","Oct 20, 2006",The Prestige,"$40,000,000","$53,089,891","$104,407,366"
"1,694","Jun 16, 2006",The Lake House,"$40,000,000","$52,330,111","$114,830,111"
"1,695","Jul 9, 2010",Predators,"$40,000,000","$52,000,688","$127,234,389"
"1,696","Aug 15, 2012",The Odd Life of Timothy Green,"$40,000,000","$51,853,450","$55,249,159"
"1,697","Dec 12, 1997",Amistad,"$40,000,000","$51,504,653","$65,542,212"
"1,698","Jul 31, 1987",The Living Daylights,"$40,000,000","$51,185,000","$191,199,996"
"1,699","Dec 8, 2006",Apocalypto,"$40,000,000","$50,866,635","$121,032,272"
"1,700","Feb 14, 2007",Music and Lyrics,"$40,000,000","$50,572,589","$146,196,885"
"1,701","Jun 18, 1986",Legal Eagles,"$40,000,000","$49,851,591","$49,851,591"
"1,702","Mar 12, 2004",Secret Window,"$40,000,000","$47,958,031","$92,110,539"
"1,703","Aug 12, 2005",The Skeleton Key,"$40,000,000","$47,907,715","$92,256,918"
"1,704","Nov 21, 1997",The Rainmaker,"$40,000,000","$47,159,786","$47,159,786"
"1,705","Jun 18, 2014",Jersey Boys,"$40,000,000","$47,047,013","$65,282,732"
"1,706","May 2, 2008",Made of Honor,"$40,000,000","$46,012,734","$106,548,738"
"1,707","Feb 7, 1992",Medicine Man,"$40,000,000","$44,948,240","$44,948,240"
"1,708","May 28, 2014",A Million Ways to Die in The West,"$40,000,000","$42,720,965","$86,778,557"
"1,709","Aug 12, 2011",Final Destination 5,"$40,000,000","$42,587,643","$155,011,165"
"1,710","Nov 6, 2018",Widows,"$40,000,000","$42,402,632","$75,984,700"
"1,711","Apr 8, 2005",Fever Pitch,"$40,000,000","$42,071,069","$50,071,069"
"1,712","Dec 25, 2007",Aliens vs. Predator - Requiem,"$40,000,000","$41,797,066","$128,884,494"
"1,713","Dec 25, 2007",The Water Horse: Legend of the Deep,"$40,000,000","$40,412,817","$103,429,755"
"1,714","Jul 16, 2014",Sex Tape,"$40,000,000","$38,543,473","$126,069,509"
"1,715","Apr 15, 2011",Scream 4,"$40,000,000","$38,180,928","$95,989,590"
"1,716","Dec 21, 1994",Ri¢hie Ri¢h,"$40,000,000","$38,087,756","$38,087,756"
"1,717","Aug 11, 2000",Autumn in New York,"$40,000,000","$37,752,931","$90,717,684"
"1,718","Mar 18, 2011",Paul,"$40,000,000","$37,412,945","$101,162,106"
"1,719","Dec 19, 2012",The Guilt Trip,"$40,000,000","$37,134,215","$41,742,317"
"1,720","Mar 26, 2025",A Working Man,"$40,000,000","$36,740,571","$89,641,528"
"1,721","Aug 26, 2011",Colombiana,"$40,000,000","$36,665,854","$72,295,262"
"1,722","Feb 26, 1999",8MM,"$40,000,000","$36,443,442","$96,398,826"
"1,723","Jan 11, 2018",The Commuter,"$40,000,000","$36,343,858","$118,509,836"
"1,724","Feb 18, 2000",Hanging Up,"$40,000,000","$36,037,909","$51,867,723"
"1,725","Jan 8, 2025",Den of Thieves 2: Pantera,"$40,000,000","$36,015,016","$57,296,829"
"1,726","Mar 1, 1991",The Doors,"$40,000,000","$34,416,893","$34,484,565"
"1,727","Aug 20, 1999",Mickey Blue Eyes,"$40,000,000","$33,864,342","$53,864,342"
"1,728","Aug 1, 2018",The Spy Who Dumped Me,"$40,000,000","$33,562,069","$78,998,245"
"1,729","Oct 20, 2000",Pay it Forward,"$40,000,000","$33,508,922","$55,696,705"
"1,730","Apr 8, 2011",Arthur,"$40,000,000","$33,035,397","$47,787,943"
"1,731","Mar 21, 2008",Drillbit Taylor,"$40,000,000","$32,862,104","$49,686,263"
"1,732","Dec 21, 2016",Patriots Day,"$40,000,000","$31,886,361","$52,837,989"
"1,733","Dec 25, 2011",Extremely Loud and Incredibly Close,"$40,000,000","$31,847,881","$55,247,881"
"1,734","Jul 1, 1994",The Shadow,"$40,000,000","$31,835,600","$31,835,600"
"1,735","Nov 26, 2008",Transporter 3,"$40,000,000","$31,715,062","$112,930,957"
"1,736","Nov 10, 2010",Morning Glory,"$40,000,000","$31,011,732","$59,795,070"
"1,737","Nov 9, 2005",Get Rich or Die Tryin',"$40,000,000","$30,981,850","$46,666,955"
"1,738","May 1, 2019",Long Shot,"$40,000,000","$30,316,271","$53,624,424"
"1,739","Aug 25, 2000",The Art of War,"$40,000,000","$30,199,105","$40,390,931"
"1,740","Dec 25, 2013",Grudge Match,"$40,000,000","$29,817,991","$69,817,991"
"1,741","Aug 11, 2000",Bless the Child,"$40,000,000","$29,374,178","$40,435,694"
"1,742","Nov 23, 2005",Rent,"$40,000,000","$29,077,547","$31,670,620"
"1,743","Apr 2, 1999",The Out-of-Towners,"$40,000,000","$28,544,120","$28,544,120"
"1,744","Aug 11, 2017",The Nut Job 2: Nutty by Nature,"$40,000,000","$28,370,522","$72,029,658"
"1,745","Aug 23, 1996",The Island of Dr. Moreau,"$40,000,000","$27,682,712","$27,682,712"
"1,746","Apr 22, 2021",Wrath of Man,"$40,000,000","$27,466,489","$103,913,405"
"1,747","Sep 7, 2001",The Musketeer,"$40,000,000","$27,053,815","$27,053,815"
"1,748","Dec 23, 2016",Resident Evil: The Final Chapter,"$40,000,000","$26,844,692","$314,101,190"
"1,749","Feb 29, 2008",The Other Boleyn Girl,"$40,000,000","$26,814,957","$78,269,970"
"1,750","Jun 30, 2017",The House,"$40,000,000","$25,584,504","$31,192,425"
"1,751","Feb 16, 2001",Sweet November,"$40,000,000","$25,288,103","$65,754,228"
"1,752","Apr 5, 2007",The Reaping,"$40,000,000","$25,126,214","$62,226,214"
"1,753","Jan 7, 2011",Season of the Witch,"$40,000,000","$24,827,228","$91,126,600"
"1,754","Jun 3, 1994",Renaissance Man,"$40,000,000","$24,172,899","$24,172,899"
"1,755","Mar 16, 2022",Ambulance,"$40,000,000","$22,781,115","$52,181,095"
"1,756","May 15, 1998",Quest for Camelot,"$40,000,000","$22,772,500","$38,172,500"
"1,757","Sep 6, 2002",City by the Sea,"$40,000,000","$22,433,915","$22,505,932"
"1,758","Jan 15, 1999",At First Sight,"$40,000,000","$22,365,133","$22,365,133"
"1,759","Aug 25, 2016",Mechanic: Resurrection,"$40,000,000","$21,218,403","$125,729,635"
"1,760","Jan 16, 2004",Torque,"$40,000,000","$21,176,322","$46,176,322"
"1,761","Oct 23, 2009",Fantastic Mr. Fox,"$40,000,000","$21,002,919","$46,187,511"
"1,762","Aug 24, 2018",The Happytime Murders,"$40,000,000","$20,706,452","$27,506,412"
"1,763","Jan 6, 1995",Showgirls,"$40,000,000","$20,350,754","$37,750,754"
"1,764","Feb 16, 1996",City Hall,"$40,000,000","$20,278,055","$20,278,055"
"1,765","Feb 3, 2012",Big Miracle,"$40,000,000","$20,157,300","$25,268,680"
"1,766","Oct 11, 2012",The Impossible,"$40,000,000","$19,019,882","$169,590,606"
"1,767","Mar 9, 2012",A Thousand Words,"$40,000,000","$18,450,127","$20,790,486"
"1,768","Jul 31, 2024",Harold and the Purple Crayon,"$40,000,000","$17,640,924","$26,488,003"
"1,769","Nov 26, 2021",Licorice Pizza,"$40,000,000","$17,318,007","$32,903,549"
"1,770","Jul 28, 2017",Detroit,"$40,000,000","$16,790,139","$26,033,563"
"1,771","Oct 20, 2006",Marie Antoinette,"$40,000,000","$15,962,471","$60,862,471"
"1,772","Oct 19, 2018",Hunter Killer,"$40,000,000","$15,767,460","$29,312,121"
"1,773","Oct 6, 2000",Get Carter,"$40,000,000","$14,967,182","$19,417,182"
"1,774","Apr 21, 1995",Kiss of Death,"$40,000,000","$14,942,422","$14,942,422"
"1,775","Oct 20, 2016",Keeping Up with the Joneses,"$40,000,000","$14,904,426","$28,804,426"
"1,776","Apr 26, 2002","Life, or Something Like It","$40,000,000","$14,448,589","$14,448,589"
"1,777","May 15, 1987",Ishtar,"$40,000,000","$14,375,181","$14,375,181"
"1,778","Feb 28, 1992",Memoirs of an Invisible Man,"$40,000,000","$14,358,033","$14,358,033"
"1,779","Oct 23, 2009",Amelia,"$40,000,000","$14,279,575","$19,756,077"
"1,780","Oct 23, 2009",Cirque du Freak: The Vampire's Assistant,"$40,000,000","$14,046,595","$39,753,957"
"1,781","May 7, 2004",New York Minute,"$40,000,000","$14,018,364","$21,156,715"
"1,782","Mar 12, 1999",The Deep End of the Ocean,"$40,000,000","$13,508,635","$13,508,635"
"1,783","Nov 5, 2004",Alfie,"$40,000,000","$13,395,939","$35,195,939"
"1,784","Sep 2, 2021",Malignant,"$40,000,000","$13,391,791","$34,891,791"
"1,785","Aug 30, 2002",FearDotCom,"$40,000,000","$13,208,023","$13,289,290"
"1,786","Nov 7, 2008",Soul Men,"$40,000,000","$12,082,391","$12,345,883"
"1,787","Feb 19, 2015",The Gunman,"$40,000,000","$10,664,749","$24,478,613"
"1,788","Aug 20, 1999",Universal Soldier II: The Return,"$40,000,000","$10,447,421","$10,717,421"
"1,789","Sep 25, 2009",Pandorum,"$40,000,000","$10,330,853","$17,033,431"
"1,790","Sep 26, 2003",Duplex,"$40,000,000","$9,652,000","$10,070,651"
"1,791","Aug 16, 2013",Paranoia,"$40,000,000","$7,388,654","$16,340,767"
"1,792","Aug 1, 1980",Raise the Titanic,"$40,000,000","$7,000,000","$7,000,000"
"1,793","Jul 9, 2015",Baahubali: The Beginning,"$40,000,000","$6,738,000","$86,233,251"
"1,794","Mar 2, 2018",The Hurricane Heist,"$40,000,000","$6,115,824","$33,222,314"
"1,795","Jan 4, 2002",Impostor,"$40,000,000","$6,114,237","$7,974,607"
"1,796","Nov 25, 2015",Victor Frankenstein,"$40,000,000","$5,775,076","$31,124,367"
"1,797","Sep 12, 2019",The Goldfinch,"$40,000,000","$5,332,621","$10,032,621"
"1,798","Nov 27, 2002",Extreme Ops,"$40,000,000","$4,835,968","$12,624,471"
"1,799","Apr 6, 2001",Just Visiting,"$40,000,000","$4,777,007","$16,172,200"
"1,800","Aug 1, 2013",Snowpiercer,"$40,000,000","$4,563,029","$82,825,956"
"1,801","Apr 6, 2007",Sunshine,"$40,000,000","$3,688,560","$32,030,610"
"1,802","Mar 11, 1994",The Hudsucker Proxy,"$40,000,000","$2,816,518","$14,938,149"
"1,803","Nov 9, 2016",Billy Lynn’s Long Halftime Walk,"$40,000,000","$1,738,477","$30,230,402"
"1,804","Jul 1, 1986",Pirates,"$40,000,000","$1,641,825","$6,341,825"
"1,805","Dec 12, 2008",Delgo,"$40,000,000","$915,840","$915,840"
"1,806","Sep 7, 2007",The Hunting Party,"$40,000,000","$876,671","$7,729,552"
"1,807","Oct 13, 2006",Alex Rider: Operation Stormbreaker,"$40,000,000","$659,210","$20,722,450"
"1,808","Nov 20, 2009",Red Cliff,"$40,000,000","$627,047","$119,627,047"
"1,809","Sep 24, 2004",The Last Shot,"$40,000,000","$463,730","$463,730"
"1,810","Nov 11, 2005",Nomad: The Warrior,"$40,000,000","$79,123","$79,123"
"1,811","Apr 16, 2013",Un monstre à Paris,"$40,000,000",$0,"$27,000,219"
"1,812","Sep 28, 2012",Solomon Kane,"$40,000,000",$0,"$22,024,849"
"1,813","Nov 9, 2018",Kursk,"$40,000,000",$0,"$5,578,259"
"1,814","Sep 23, 2016",USS Indianapolis: Men of Courage,"$40,000,000",$0,"$1,663,785"
"1,815","Apr 10, 2015",Dragon Nest Warriors' Dawn,"$40,000,000",$0,"$734,423"
"1,816","Nov 8, 2019",Klaus,"$40,000,000",$0,$0
"1,817","Aug 25, 2017",Death Note,"$40,000,000",$0,$0
"1,818","May 14, 2021",The Woman in the Window,"$40,000,000",$0,$0
"1,819","Feb 26, 2021",Cherry,"$40,000,000",$0,$0
"1,820",Unknown,Down Under Cover,"$40,000,000",$0,$0
"1,821","Feb 7, 2020",Timmy Failure: Mistakes Were Made,"$40,000,000",$0,$0
"1,822",Unknown,Heaven and Hell,"$40,000,000",$0,$0
"1,823","Sep 30, 2022",Hocus Pocus 2,"$40,000,000",$0,$0
"1,824","Aug 14, 2009",The Time Traveler’s Wife,"$39,000,000","$63,414,846","$102,332,135"
"1,825","Jun 17, 1983",Superman III,"$39,000,000","$59,950,623","$80,200,000"
"1,826","Feb 2, 2007",Because I Said So,"$39,000,000","$42,674,040","$69,538,833"
"1,827","Oct 4, 2012",Frankenweenie,"$39,000,000","$35,287,788","$81,150,788"
"1,828","Mar 29, 1996",Sgt. Bilko,"$39,000,000","$30,356,589","$37,956,589"
"1,829","Sep 30, 2005",Serenity,"$39,000,000","$25,514,517","$40,319,440"
"1,830","Sep 7, 2007",Shoot 'Em Up,"$39,000,000","$12,796,824","$26,796,824"
"1,831","Feb 20, 2004",Against the Ropes,"$39,000,000","$5,881,504","$6,429,865"
"1,832","Jan 8, 2013",Yi dai zong shi,"$38,600,000","$6,594,959","$57,986,660"
"1,833","Jun 22, 2001",The Fast and the Furious,"$38,000,000","$144,512,310","$206,458,372"
"1,834","Sep 27, 2002",Sweet Home Alabama,"$38,000,000","$127,214,072","$182,365,114"
"1,835","Jul 24, 2009",The Ugly Truth,"$38,000,000","$88,915,214","$205,298,907"
"1,836","Sep 6, 2023",The Nun II,"$38,000,000","$86,270,590","$269,670,590"
"1,837","Aug 7, 2002",Spy Kids 2: The Island of Lost Dreams,"$38,000,000","$85,846,296","$119,721,296"
"1,838","Nov 18, 1994",Star Trek: Generations,"$38,000,000","$75,671,262","$120,000,000"
"1,839","Jun 2, 2017",Captain Underpants: The First Epic Movie,"$38,000,000","$73,921,000","$126,422,949"
"1,840","Apr 10, 2015",Paul Blart: Mall Cop 2,"$38,000,000","$71,091,594","$107,453,907"
"1,841","Dec 19, 1997",Mouse Hunt,"$38,000,000","$61,894,591","$61,894,591"
"1,842","Dec 21, 2016",Why Him?,"$38,000,000","$60,323,786","$117,425,156"
"1,843","Apr 22, 2011",Water for Elephants,"$38,000,000","$58,709,717","$116,809,717"
"1,844","Oct 8, 2010",Life as We Know It,"$38,000,000","$53,374,681","$105,887,837"
"1,845","Dec 29, 1999",The Hurricane,"$38,000,000","$50,699,241","$73,956,241"
"1,846","Sep 5, 2013",Riddick,"$38,000,000","$42,025,135","$94,763,758"
"1,847","Mar 23, 2001",Heartbreakers,"$38,000,000","$40,334,024","$57,753,825"
"1,848","May 24, 2002",Enough,"$38,000,000","$39,177,215","$50,970,660"
"1,849","Jan 14, 2016",The 5th Wave,"$38,000,000","$34,912,982","$111,336,398"
"1,850","Feb 6, 2009",Push,"$38,000,000","$31,811,527","$49,678,401"
"1,851","Sep 13, 2013",Rush,"$38,000,000","$26,947,624","$98,159,204"
"1,852","May 18, 2001",Angel Eyes,"$38,000,000","$24,044,532","$29,544,532"
"1,853","Dec 21, 2001",Joe Somebody,"$38,000,000","$22,770,864","$24,515,990"
"1,854","Nov 3, 2018",Overlord,"$38,000,000","$21,704,844","$39,178,189"
"1,855","Aug 28, 2020",The War with Grandpa,"$38,000,000","$21,277,892","$46,819,069"
"1,856","Mar 10, 2000",The Ninth Gate,"$38,000,000","$18,653,746","$58,394,308"
"1,857","Oct 20, 2017",Only the Brave,"$38,000,000","$18,340,051","$24,555,177"
"1,858","Sep 27, 1996",Extreme Measures,"$38,000,000","$17,378,193","$17,378,193"
"1,859","Oct 14, 2011",The Thing,"$38,000,000","$16,999,934","$27,573,078"
"1,860","Sep 7, 2001",Rock Star,"$38,000,000","$16,991,902","$19,317,765"
"1,861","Dec 25, 2020",News of the World,"$38,000,000","$12,668,325","$12,668,325"
"1,862","Aug 9, 2019",The Kitchen,"$38,000,000","$12,180,032","$15,980,032"
"1,863","Feb 2, 1996",White Squall,"$38,000,000","$10,229,300","$10,229,300"
"1,864","Oct 10, 2008",City of Ember,"$38,000,000","$7,873,007","$17,831,558"
"1,865","Oct 31, 1997",Switchback,"$38,000,000","$6,504,442","$6,504,442"
"1,866","Sep 21, 2018",The Sisters Brothers,"$38,000,000","$3,143,056","$14,636,067"
"1,867","Nov 30, 2001",Texas Rangers,"$38,000,000","$623,374","$623,374"
"1,868","Aug 26, 2008",Virgin Territory,"$38,000,000",$0,"$5,473,041"
"1,869","Jan 10, 2019",The Upside,"$37,500,000","$108,235,497","$125,818,440"
"1,870","May 17, 2012",What to Expect When You're Expecting,"$37,500,000","$41,152,203","$88,473,016"
"1,871","Sep 14, 2012",The Master,"$37,500,000","$16,247,159","$29,044,338"
"1,872","Oct 10, 2008",The Express,"$37,500,000","$9,793,406","$9,813,309"
"1,873","Nov 21, 2008",Twilight,"$37,000,000","$192,769,854","$402,278,564"
"1,874","Aug 7, 2013",We’re the Millers,"$37,000,000","$150,394,119","$267,816,276"
"1,875","Nov 25, 2015",Creed,"$37,000,000","$109,767,581","$174,167,581"
"1,876","Sep 17, 2010",The Town,"$37,000,000","$92,186,262","$152,566,881"
"1,877","Sep 23, 2011",Dolphin Tale,"$37,000,000","$72,286,779","$96,068,724"
"1,878","Feb 23, 2018",Game Night,"$37,000,000","$69,179,066","$117,378,084"
"1,879","Sep 12, 2008",Burn After Reading,"$37,000,000","$60,355,347","$168,167,798"
"1,880","Apr 23, 2004",13 Going On 30,"$37,000,000","$57,139,723","$97,658,712"
"1,881","Mar 29, 2013",Tyler Perry’s Temptation,"$37,000,000","$51,975,354","$53,143,144"
"1,882","Apr 4, 2008",Nim's Island,"$37,000,000","$48,006,762","$101,857,425"
"1,883","Feb 8, 2016",How to be Single,"$37,000,000","$46,843,513","$100,003,780"
"1,884","Feb 26, 2010",Cop Out,"$37,000,000","$44,875,481","$55,909,910"
"1,885","Jan 28, 2011",The Rite,"$37,000,000","$33,047,633","$97,143,987"
"1,886","Jul 18, 2008",Space Chimps,"$37,000,000","$30,105,968","$67,029,956"
"1,887","Dec 17, 1999",Magnolia,"$37,000,000","$22,450,975","$48,446,802"
"1,888","May 27, 2015",Aloha,"$37,000,000","$21,052,030","$25,387,091"
"1,889","Dec 17, 2015",The Ghouls,"$37,000,000","$1,243,810","$259,425,249"
"1,890",Unknown,Obitaemyy ostrov,"$36,500,000",$0,"$15,000,000"
"1,891","Oct 5, 2018",A Star is Born,"$36,000,000","$215,288,866","$431,674,156"
"1,892","Feb 11, 2011",Gnomeo and Juliet,"$36,000,000","$99,967,670","$193,737,977"
"1,893","Jan 10, 2024",Mean Girls,"$36,000,000","$72,581,770","$104,581,770"
"1,894","Feb 15, 2002",John Q.,"$36,000,000","$71,026,631","$102,226,631"
"1,895","Sep 17, 1999",Blue Streak,"$36,000,000","$68,208,190","$117,448,157"
"1,896","Oct 7, 1983",Never Say Never Again,"$36,000,000","$55,500,000","$160,000,000"
"1,897","Mar 26, 2010",Hot Tub Time Machine,"$36,000,000","$50,269,859","$65,967,750"
"1,898","May 2, 1997",Breakdown,"$36,000,000","$50,159,144","$50,159,144"
"1,899","Sep 12, 2014",Dolphin Tale 2,"$36,000,000","$42,024,533","$57,824,533"
"1,900","Aug 10, 2022",Beast,"$36,000,000","$31,846,530","$59,168,339"
"1,901","Dec 16, 2016",Collateral Beauty,"$36,000,000","$31,016,021","$85,309,093"
"1,902","Apr 4, 2003",A Man Apart,"$36,000,000","$26,500,000","$43,797,731"
"1,903","Feb 25, 2000",Reindeer Games,"$36,000,000","$23,360,779","$23,360,779"
"1,904","Dec 24, 1999",Snow Falling on Cedars,"$36,000,000","$14,378,353","$14,378,353"
"1,905","Dec 20, 1996",Ghosts of Mississippi,"$36,000,000","$13,052,741","$13,052,741"
"1,906","Oct 24, 1997",Gattaca,"$36,000,000","$12,532,777","$12,532,777"
"1,907","Jan 28, 2000",Isn't She Great,"$36,000,000","$2,954,405","$2,954,405"
"1,908","Dec 24, 2015",Yip Man 3,"$36,000,000","$2,679,437","$157,300,954"
"1,909","May 6, 2011",There Be Dragons,"$36,000,000","$1,069,334","$4,020,990"
"1,910","Sep 3, 2015",Queen of the Desert,"$36,000,000",$0,"$1,578,543"
"1,911","Mar 28, 2003",Head of State,"$35,200,000","$37,788,228","$38,283,765"
"1,912","Aug 31, 2017",It,"$35,000,000","$328,828,874","$701,012,746"
"1,913","Jun 5, 2009",The Hangover,"$35,000,000","$277,322,503","$465,487,583"
"1,914","Nov 20, 2009",The Blind Side,"$35,000,000","$255,959,475","$305,705,794"
"1,915","Jun 23, 1989",Batman,"$35,000,000","$252,651,617","$412,811,617"
"1,916","Jun 10, 1999",Austin Powers: The Spy Who Shagged Me,"$35,000,000","$206,040,085","$312,383,487"
"1,917","Dec 22, 2010",True Grit,"$35,000,000","$171,243,005","$252,276,928"
"1,918","May 15, 1992",Lethal Weapon 3,"$35,000,000","$144,731,527","$319,700,000"
"1,919","Sep 18, 1998",Rush Hour,"$35,000,000","$141,186,864","$245,300,000"
"1,920","Feb 7, 2013",Identity Thief,"$35,000,000","$134,506,920","$175,361,578"
"1,921","Jun 30, 2006",The Devil Wears Prada,"$35,000,000","$124,740,460","$326,073,155"
"1,922","Jul 8, 2011",Horrible Bosses,"$35,000,000","$117,538,559","$212,417,601"
"1,923","Mar 30, 2001",Spy Kids,"$35,000,000","$112,692,062","$197,692,062"
"1,924","Jul 17, 2015",Trainwreck,"$35,000,000","$110,212,700","$141,123,897"
"1,925","Nov 29, 2013",Saving Mr. Banks,"$35,000,000","$83,299,761","$114,962,525"
"1,926","Dec 7, 1979",Star Trek: The Motion Picture,"$35,000,000","$82,258,456","$139,000,000"
"1,927","Mar 28, 2008",21,"$35,000,000","$81,159,365","$159,846,429"
"1,928","May 9, 2008",What Happens in Vegas...,"$35,000,000","$80,277,646","$218,535,708"
"1,929","Nov 15, 1991",Cape Fear,"$35,000,000","$79,091,969","$182,291,969"
"1,930","Nov 15, 1996",The English Patient,"$35,000,000","$78,716,374","$231,710,008"
"1,931","Jan 16, 2009",Hotel for Dogs,"$35,000,000","$73,178,547","$122,357,172"
"1,932","Mar 25, 2005",Guess Who,"$35,000,000","$68,915,888","$102,115,888"
"1,933","Dec 20, 2012",This is 40,"$35,000,000","$67,544,505","$90,221,182"
"1,934","Sep 19, 1997",L.A. Confidential,"$35,000,000","$64,604,977","$126,204,977"
"1,935","Jul 29, 2005",Sky High,"$35,000,000","$63,939,454","$83,109,359"
"1,936","Sep 19, 1997",In & Out,"$35,000,000","$63,826,569","$83,226,569"
"1,937","Apr 30, 2010",A Nightmare on Elm Street,"$35,000,000","$63,075,011","$117,729,618"
"1,938","Aug 18, 2000",The Cell,"$35,000,000","$61,280,963","$104,102,747"
"1,939","Jul 7, 1995",Species,"$35,000,000","$60,054,449","$113,354,449"
"1,940","Apr 7, 2006",The Benchwarmers,"$35,000,000","$59,843,754","$65,063,726"
"1,941","Oct 8, 2010",Secretariat,"$35,000,000","$59,699,513","$60,376,247"
"1,942","Mar 13, 1998",The Man in the Iron Mask,"$35,000,000","$56,968,169","$56,968,169"
"1,943","Jul 22, 2011",Friends with Benefits,"$35,000,000","$55,802,754","$146,595,891"
"1,944","May 5, 2016",Neighbors 2: Sorority Rising,"$35,000,000","$55,340,730","$108,757,621"
"1,945","Mar 23, 2007",TMNT,"$35,000,000","$54,149,098","$96,096,018"
"1,946","Oct 24, 2003",Radio,"$35,000,000","$52,333,738","$53,293,628"
"1,947","Jun 25, 2018",Sicario: Day of the Soldado,"$35,000,000","$50,065,850","$76,346,094"
"1,948","Nov 25, 2009",Old Dogs,"$35,000,000","$49,492,060","$95,104,304"
"1,949","Nov 18, 1992",Malcolm X,"$35,000,000","$48,169,910","$48,169,910"
"1,950","May 20, 2015",Poltergeist,"$35,000,000","$47,425,125","$95,682,614"
"1,951","Oct 10, 2018",Goosebumps 2: Haunted Halloween,"$35,000,000","$46,697,321","$93,006,429"
"1,952","Jan 16, 2018",12 Strong,"$35,000,000","$45,819,713","$71,118,378"
"1,953","Jan 23, 2009",Underworld 3: Rise of the Lycans,"$35,000,000","$45,802,315","$92,141,886"
"1,954","Sep 20, 2022","Don’t Worry, Darling","$35,000,000","$45,309,403","$87,609,403"
"1,955","Jul 29, 2005",Must Love Dogs,"$35,000,000","$43,894,863","$58,405,313"
"1,956","Jul 3, 2007",License to Wed,"$35,000,000","$43,799,818","$70,187,088"
"1,957","Feb 28, 1997",Donnie Brasco,"$35,000,000","$41,954,997","$65,303,052"
"1,958","Oct 17, 2008",Max Payne,"$35,000,000","$40,689,393","$87,775,050"
"1,959","Mar 15, 2002",Resident Evil,"$35,000,000","$40,119,709","$103,787,401"
"1,960","Mar 26, 2004",The Ladykillers,"$35,000,000","$39,692,139","$77,392,139"
"1,961","May 6, 2011",Something Borrowed,"$35,000,000","$39,046,489","$65,084,116"
"1,962","Dec 1, 2006",The Nativity Story,"$35,000,000","$37,629,831","$46,309,644"
"1,963","Oct 28, 2011",In Time,"$35,000,000","$37,553,932","$165,103,952"
"1,964","Apr 23, 2010",The Back-up Plan,"$35,000,000","$37,490,007","$75,281,179"
"1,965","Nov 9, 2011",J. Edgar,"$35,000,000","$37,306,030","$84,606,030"
"1,966","Nov 17, 2000",Bounce,"$35,000,000","$36,805,288","$53,425,292"
"1,967","Aug 17, 2018",Mile 22,"$35,000,000","$36,108,758","$66,295,121"
"1,968","May 8, 2015",Hot Pursuit,"$35,000,000","$34,580,201","$51,680,201"
"1,969","Dec 24, 2015",Concussion,"$35,000,000","$34,531,832","$50,363,790"
"1,970","Sep 29, 2017",The Foreigner,"$35,000,000","$34,393,507","$145,374,099"
"1,971","Dec 3, 2004",Closer,"$35,000,000","$33,987,757","$116,148,537"
"1,972","Dec 23, 1994",Street Fighter,"$35,000,000","$33,423,000","$99,423,000"
"1,973","Nov 21, 2001",Black Knight,"$35,000,000","$33,422,806","$33,422,806"
"1,974","Jul 22, 2005",The Bad News Bears,"$35,000,000","$32,868,349","$33,500,620"
"1,975","Dec 27, 2002",The Pianist,"$35,000,000","$32,539,222","$111,874,038"
"1,976","May 6, 2005",House of Wax,"$35,000,000","$32,064,800","$70,064,800"
"1,977","Oct 19, 2001",From Hell,"$35,000,000","$31,598,308","$68,712,365"
"1,978","Jun 1, 2018",Adrift,"$35,000,000","$31,445,011","$57,897,191"
"1,979","Aug 15, 2008",Mirrors,"$35,000,000","$30,691,439","$77,220,596"
"1,980","Nov 25, 2016",Underworld: Blood Wars,"$35,000,000","$30,353,973","$81,209,222"
"1,981","Feb 22, 2002",Queen of the Damned,"$35,000,000","$30,307,804","$30,307,804"
"1,982","Aug 20, 2010",Nanny McPhee and the Big Bang,"$35,000,000","$29,197,642","$97,799,865"
"1,983","Jan 25, 2008",Untraceable,"$35,000,000","$28,687,835","$52,649,951"
"1,984","Nov 21, 1990",Predator 2,"$35,000,000","$28,317,513","$54,768,418"
"1,985","Sep 23, 2011",Abduction,"$35,000,000","$28,087,155","$86,648,359"
"1,986","Dec 5, 1980",Flash Gordon,"$35,000,000","$27,107,960","$27,176,825"
"1,987","Mar 28, 2008",Superhero Movie,"$35,000,000","$26,638,520","$73,026,302"
"1,988","Feb 12, 1999",Blast from the Past,"$35,000,000","$26,613,620","$26,613,620"
"1,989","Oct 17, 2012",Alex Cross,"$35,000,000","$25,888,412","$35,426,759"
"1,990","Mar 26, 2004",Jersey Girl,"$35,000,000","$25,266,129","$37,066,129"
"1,991","Nov 21, 1997",Midnight in the Garden of Good and Evil,"$35,000,000","$25,078,937","$25,078,937"
"1,992","Sep 6, 2016",Bridget Jones’s Baby,"$35,000,000","$24,139,805","$207,298,383"
"1,993","Nov 9, 2001",Heist,"$35,000,000","$23,483,357","$28,906,817"
"1,994","Dec 25, 1992",Hoffa,"$35,000,000","$23,365,858","$28,391,473"
"1,995","Mar 4, 2016",Whiskey Tango Foxtrot,"$35,000,000","$23,083,334","$25,350,747"
"1,996","Apr 9, 2004",Ella Enchanted,"$35,000,000","$22,913,677","$24,200,318"
"1,997","Aug 19, 2015",Hitman: Agent 47,"$35,000,000","$22,467,450","$82,182,803"
"1,998","Dec 25, 2017",Phantom Thread,"$35,000,000","$21,198,205","$47,454,408"
"1,999","Jul 25, 2008",The X-Files: I Want to Believe,"$35,000,000","$20,982,478","$68,170,792"
"2,000","Aug 23, 2012",Premium Rush,"$35,000,000","$20,275,446","$31,393,201"
"2,001","Jan 18, 2013",Broken City,"$35,000,000","$19,701,164","$37,114,977"
"2,002","Aug 19, 2005",Valiant,"$35,000,000","$19,478,106","$64,188,387"
"2,003","Feb 23, 2000",Wonder Boys,"$35,000,000","$19,389,454","$33,422,485"
"2,004","Feb 25, 2005",Cursed,"$35,000,000","$19,294,901","$25,114,901"
"2,005","Dec 21, 2007",Walk Hard: The Dewey Cox Story,"$35,000,000","$18,317,151","$20,606,053"
"2,006","Sep 20, 2002",The Four Feathers,"$35,000,000","$18,306,166","$29,882,645"
"2,007","Apr 30, 2010",Furry Vengeance,"$35,000,000","$17,630,465","$39,340,177"
"2,008","Jan 24, 2013",Parker,"$35,000,000","$17,616,641","$48,543,388"
"2,009","Sep 17, 2004",Wimbledon,"$35,000,000","$16,862,585","$41,666,476"
"2,010","Sep 15, 2000",Bait,"$35,000,000","$15,325,127","$15,471,969"
"2,011","Dec 8, 2000",Dungeons and Dragons,"$35,000,000","$15,185,241","$33,771,965"
"2,012","Nov 9, 2007",Lions for Lambs,"$35,000,000","$14,998,070","$63,211,088"
"2,013","Jan 18, 1991",Flight of the Intruder,"$35,000,000","$14,471,440","$14,471,440"
"2,014","May 27, 2011",The Tree of Life,"$35,000,000","$13,305,665","$61,721,826"
"2,015","Aug 17, 2001",American Outlaws,"$35,000,000","$13,264,986","$13,601,109"
"2,016","Dec 7, 2012",Playing for Keeps,"$35,000,000","$13,103,272","$27,805,632"
"2,017","Aug 11, 2006",Zoom,"$35,000,000","$11,989,328","$12,506,188"
"2,018","Dec 25, 2001",The Shipping News,"$35,000,000","$11,405,825","$24,405,825"
"2,019","Dec 18, 2009",The Young Victoria,"$35,000,000","$11,001,272","$31,878,891"
"2,020","Mar 28, 2014",Sabotage,"$35,000,000","$10,508,518","$18,376,443"
"2,021","Sep 4, 1998",Knock Off,"$35,000,000","$10,319,915","$10,319,915"
"2,022","Sep 11, 2009",Whiteout,"$35,000,000","$10,275,638","$12,254,746"
"2,023","Mar 5, 2015",Unfinished Business,"$35,000,000","$10,219,501","$13,214,051"
"2,024","Sep 30, 2015",The Walk,"$35,000,000","$10,161,183","$61,492,104"
"2,025","Nov 22, 2006",The Fountain,"$35,000,000","$10,144,010","$15,461,638"
"2,026","Nov 28, 2013",Mandela: Long Walk to Freedom,"$35,000,000","$8,323,085","$29,890,402"
"2,027","Apr 14, 2023",Beau is Afraid,"$35,000,000","$8,176,562","$11,174,650"
"2,028","Dec 5, 2008",Punisher: War Zone,"$35,000,000","$8,050,977","$10,157,534"
"2,029","Sep 5, 2003",The Order,"$35,000,000","$7,659,747","$11,559,747"
"2,030","Nov 10, 2006",A Good Year,"$35,000,000","$7,459,300","$42,064,105"
"2,031","Feb 24, 2016",The Brothers Grimsby,"$35,000,000","$6,864,016","$28,720,470"
"2,032","Oct 11, 2017",The Snowman,"$35,000,000","$6,670,765","$43,033,661"
"2,033","Nov 6, 2002",Femme Fatale,"$35,000,000","$6,630,252","$16,830,252"
"2,034","May 2, 1997",Warriors of Virtue,"$35,000,000","$6,448,817","$6,448,817"
"2,035","Sep 26, 2003",Luther,"$35,000,000","$5,781,086","$32,717,063"
"2,036","Jan 28, 2011",Biutiful,"$35,000,000","$5,101,237","$24,687,524"
"2,037","Feb 21, 1992",Radio Flyer,"$35,000,000","$4,651,977","$4,651,977"
"2,038","Apr 16, 1993",Bound by Honor,"$35,000,000","$4,496,583","$4,496,583"
"2,039","Apr 22, 2016",A Hologram for the King,"$35,000,000","$4,212,494","$11,846,010"
"2,040","Feb 28, 1997",Smilla's Sense of Snow,"$35,000,000","$2,221,994","$2,221,994"
"2,041","Oct 3, 1986",Playing for Keeps,"$35,000,000","$2,000,000","$2,000,000"
"2,042",1980,Lion of the Desert,"$35,000,000","$1,500,000","$1,502,136"
"2,043","Apr 19, 1996",Le hussard sur le toit,"$35,000,000","$1,320,043","$1,320,043"
"2,044","Nov 24, 1999",Ride With the Devil,"$35,000,000","$630,779","$630,779"
"2,045","Sep 14, 2012",Stolen,"$35,000,000","$289,773","$17,967,746"
"2,046","Oct 14, 2011",Trespass,"$35,000,000","$16,816","$786,532"
"2,047","Sep 22, 2006",Bandidas,"$35,000,000",$0,"$19,282,590"
"2,048","Jun 12, 2020",The King of Staten Island,"$35,000,000",$0,"$1,709,573"
"2,049","Nov 17, 2021",The Power of the Dog,"$35,000,000",$0,"$732,269"
"2,050","Oct 2, 2020",The Trial of the Chicago 7,"$35,000,000",$0,"$116,473"
"2,051","Nov 9, 2022",Guillermo Del Toro’s Pinocchio,"$35,000,000",$0,"$86,906"
"2,052","Mar 13, 2015",The Lovers,"$35,000,000",$0,"$53,899"
"2,053",Unknown,Black Water Transit,"$35,000,000",$0,$0
"2,054","Dec 25, 2011",The Darkest Hour,"$34,800,000","$21,443,494","$64,626,786"
"2,055","Jun 28, 2017",Baby Driver,"$34,000,000","$107,825,862","$226,977,991"
"2,056","Sep 11, 2014",The Maze Runner,"$34,000,000","$102,427,862","$348,319,861"
"2,057","Apr 9, 2015",The Longest Ride,"$34,000,000","$37,446,117","$63,802,928"
"2,058","Sep 17, 1993",The Age of Innocence,"$34,000,000","$32,014,993","$32,021,688"
"2,059","Jul 19, 2008",Ponyo (崖の上のポニョ),"$34,000,000","$15,090,399","$205,162,666"
"2,060","Aug 3, 2018",The Darkest Minds,"$34,000,000","$12,695,691","$38,361,428"
"2,061","Sep 1, 1999",Chill Factor,"$34,000,000","$11,263,966","$11,263,966"
"2,062","Aug 27, 1999",The Astronaut's Wife,"$34,000,000","$10,672,566","$10,672,566"
"2,063","May 5, 2000",I Dreamed of Africa,"$34,000,000","$6,543,194","$14,291,999"
"2,064","May 22, 2014",Thunder and the House of Magic,"$34,000,000","$4,091","$62,582,520"
"2,065","Jul 31, 2020",Greenland,"$34,000,000",$0,"$40,629,075"
"2,066","Dec 4, 1981",Reds,"$33,500,000","$50,000,000","$50,000,130"
"2,067","Dec 11, 1992",A Few Good Men,"$33,000,000","$141,340,178","$236,500,000"
"2,068","Jun 2, 2000",Big Momma's House,"$33,000,000","$117,559,438","$173,559,438"
"2,069","Mar 8, 2023",Scream VI,"$33,000,000","$108,391,107","$169,063,850"
"2,070","Mar 16, 2001",Exit Wounds,"$33,000,000","$51,758,599","$79,958,599"
"2,071","Jul 7, 2016",Mike and Dave Need Wedding Dates,"$33,000,000","$46,009,673","$75,898,100"
"2,072","Jul 26, 2012",Step Up Revolution,"$33,000,000","$35,074,677","$165,552,290"
"2,073","Aug 18, 2006",Snakes on a Plane,"$33,000,000","$34,020,814","$62,020,814"
"2,074","Apr 16, 2004",The Punisher,"$33,000,000","$33,664,370","$54,533,774"
"2,075","Sep 8, 2000",The Watcher,"$33,000,000","$28,946,615","$47,267,829"
"2,076","Nov 22, 2019",21 Bridges,"$33,000,000","$28,539,757","$42,657,631"
"2,077","Jul 16, 2020",Unhinged,"$33,000,000","$20,831,465","$37,339,104"
"2,078","Apr 27, 2012",Safe,"$33,000,000","$17,142,080","$41,495,213"
"2,079","Mar 14, 2008",Doomsday,"$33,000,000","$11,008,770","$21,621,188"
"2,080","Apr 23, 1999",Pushing Tin,"$33,000,000","$8,408,835","$8,408,835"
"2,081","May 12, 2006",Goal! The Dream Begins,"$33,000,000","$4,283,255","$27,610,873"
"2,082","Jul 9, 2015",The Young and Prodigious T.S. Spivet,"$33,000,000","$176,847","$357,687"
"2,083","Oct 30, 2015",Freaks of Nature,"$33,000,000","$70,958","$70,958"
"2,084","May 25, 1983",Star Wars Ep. VI: Return of the Jedi,"$32,500,000","$316,465,003","$482,365,284"
"2,085","May 13, 2011",Bridesmaids,"$32,500,000","$169,211,718","$289,632,023"
"2,086","Dec 10, 2008",The Reader,"$32,500,000","$34,194,407","$112,964,875"
"2,087","Apr 25, 2013",The Big Wedding,"$32,500,000","$21,819,348","$48,425,971"
"2,088","Feb 24, 2012",Wanderlust,"$32,500,000","$17,288,155","$24,159,934"
"2,089","Nov 7, 2003",Elf,"$32,000,000","$184,129,376","$230,942,224"
"2,090","Jul 5, 1996",Phenomenon,"$32,000,000","$104,636,382","$152,036,382"
"2,091","Jun 12, 2013",This is the End,"$32,000,000","$101,470,202","$126,539,117"
"2,092","Jan 18, 2002",Snow Dogs,"$32,000,000","$81,150,692","$116,898,028"
"2,093","Jun 16, 2006",Nacho Libre,"$32,000,000","$80,197,993","$99,296,462"
"2,094","Nov 23, 1988",Scrooged,"$32,000,000","$59,450,353","$59,450,796"
"2,095","Aug 27, 2010",Takers,"$32,000,000","$57,744,720","$70,587,268"
"2,096","Apr 1, 2011",Source Code,"$32,000,000","$54,712,227","$140,428,499"
"2,097","Sep 10, 1999",Stigmata,"$32,000,000","$50,041,732","$89,441,732"
"2,098","Nov 10, 2000",Men of Honor,"$32,000,000","$48,814,909","$82,339,483"
"2,099","Apr 20, 2018",I Feel Pretty,"$32,000,000","$48,795,601","$91,444,095"
"2,100","Sep 2, 2005",The Transporter 2,"$32,000,000","$43,095,856","$88,978,458"
"2,101","Feb 18, 2011","Big Mommas: Like Father, Like Son","$32,000,000","$37,915,414","$82,332,450"
"2,102","Jan 15, 1993",Alive,"$32,000,000","$36,299,670","$36,299,670"
"2,103","Feb 23, 2007",The Number 23,"$32,000,000","$35,193,167","$77,593,167"
"2,104","Dec 14, 1979",1941,"$32,000,000","$34,175,000","$94,875,000"
"2,105","Oct 21, 2005",Dreamer: Inspired by a True Story,"$32,000,000","$33,022,286","$39,498,360"
"2,106","Dec 13, 2019",Bombshell,"$32,000,000","$31,762,808","$61,404,394"
"2,107","Sep 23, 2005",A History of Violence,"$32,000,000","$31,493,782","$61,477,797"
"2,108","Mar 14, 2013",The Incredible Burt Wonderstone,"$32,000,000","$22,537,881","$27,392,609"
"2,109","Feb 10, 1995",The Quick and the Dead,"$32,000,000","$18,552,460","$18,552,460"
"2,110","Apr 30, 2004",Laws of Attraction,"$32,000,000","$17,848,322","$29,939,591"
"2,111","Sep 27, 2018",Bad Times at the El Royale,"$32,000,000","$17,839,115","$31,178,942"
"2,112","Sep 3, 2010",Going the Distance,"$32,000,000","$17,804,299","$43,603,990"
"2,113","Oct 22, 1999",Bringing Out The Dead,"$32,000,000","$16,640,210","$16,640,210"
"2,114","Mar 19, 2010",Repo Men,"$32,000,000","$13,942,007","$18,195,238"
"2,115","Sep 14, 2007",Dragon Wars: D-War,"$32,000,000","$10,977,721","$79,915,361"
"2,116","Apr 21, 2023",Big George Foreman: The Miraculous Story of the…,"$32,000,000","$5,426,772","$5,966,398"
"2,117","Sep 6, 1996",Bogus,"$32,000,000","$4,357,406","$4,357,406"
"2,118","Mar 26, 1997",Cats Don't Dance,"$32,000,000","$3,588,602","$3,588,602"
"2,119","Dec 8, 1999",Cradle Will Rock,"$32,000,000","$2,899,970","$2,899,970"
"2,120","Dec 15, 2006",The Good German,"$32,000,000","$1,308,696","$6,678,033"
"2,121",Unknown,George and the Dragon,"$32,000,000",$0,$0
"2,122","Aug 15, 1979",Apocalypse Now,"$31,500,000","$83,535,860","$85,955,386"
"2,123","Aug 21, 2015",Criminal,"$31,500,000","$14,708,696","$38,771,262"
"2,124","Mar 2, 2018",La ch\'tite famille,"$31,400,000",$0,"$55,613,061"
"2,125","Apr 12, 2013",42,"$31,000,000","$95,020,213","$97,470,701"
"2,126","Nov 2, 2012",Flight,"$31,000,000","$93,772,375","$160,558,438"
"2,127","Dec 29, 1995",Mr. Holland’s Opus,"$31,000,000","$82,582,604","$106,282,604"
"2,128","Jun 29, 1979",Moonraker,"$31,000,000","$70,300,000","$210,300,000"
"2,129","Mar 5, 2014",The Grand Budapest Hotel,"$31,000,000","$59,076,019","$163,037,661"
"2,130","Jul 29, 2015",Vacation,"$31,000,000","$58,884,188","$104,884,188"
"2,131","Jul 18, 1990",Arachnophobia,"$31,000,000","$53,208,180","$53,208,180"
"2,132","Feb 13, 2019",Isn’t it Romantic,"$31,000,000","$48,791,187","$48,791,187"
"2,133","Apr 28, 2000",Frequency,"$31,000,000","$44,983,704","$68,079,671"
"2,134","Sep 28, 2001",Hearts in Atlantis,"$31,000,000","$24,185,781","$30,885,781"
"2,135","Jan 22, 2010",Extraordinary Measures,"$31,000,000","$12,482,741","$15,826,984"
"2,136","Aug 25, 2017",Birth of the Dragon,"$31,000,000","$6,901,965","$7,220,490"
"2,137","Oct 20, 1995",Get Shorty,"$30,250,000","$72,021,008","$115,021,008"
"2,138","Jun 8, 1984",Ghostbusters,"$30,000,000","$242,604,185","$295,582,480"
"2,139","Nov 22, 1995",Toy Story,"$30,000,000","$192,523,233","$365,270,951"
"2,140","Aug 15, 2018",Crazy Rich Asians,"$30,000,000","$174,532,921","$237,814,149"
"2,141","Dec 27, 2002",Chicago,"$30,000,000","$170,687,518","$306,770,545"
"2,142","Jun 25, 1999",Big Daddy,"$30,000,000","$163,479,795","$228,641,283"
"2,143","Nov 30, 2016",La La Land,"$30,000,000","$151,101,803","$504,662,906"
"2,144","Aug 10, 2001",American Pie 2,"$30,000,000","$145,096,820","$286,500,000"
"2,145","Feb 9, 2012",The Vow,"$30,000,000","$125,014,030","$197,618,160"
"2,146","Jun 10, 1994",Speed,"$30,000,000","$121,248,145","$283,200,000"
"2,147","Mar 2, 1990",The Hunt for Red October,"$30,000,000","$120,709,866","$200,500,000"
"2,148","Aug 16, 2013",Lee Daniels' The Butler,"$30,000,000","$116,632,095","$177,025,498"
"2,149","Sep 29, 2000",Remember the Titans,"$30,000,000","$115,719,751","$136,771,683"
"2,150","Aug 14, 2009",District 9,"$30,000,000","$115,646,235","$212,453,431"
"2,151","Jun 18, 2004",Dodgeball: A True Underdog Story,"$30,000,000","$114,326,736","$167,791,704"
"2,152","Nov 22, 1991",The Addams Family,"$30,000,000","$113,502,246","$191,502,243"
"2,153","Nov 10, 1995",Ace Ventura: When Nature Calls,"$30,000,000","$108,360,063","$212,400,000"
"2,154","Aug 3, 2001",The Princess Diaries,"$30,000,000","$108,244,774","$165,334,774"
"2,155","Mar 5, 1999",Analyze This,"$30,000,000","$106,885,658","$176,885,658"
"2,156","Sep 20, 1996",The First Wives Club,"$30,000,000","$105,489,203","$181,489,203"
"2,157","Sep 15, 1995",Se7en,"$30,000,000","$100,908,157","$328,908,157"
"2,158","Dec 15, 2004",Million Dollar Baby,"$30,000,000","$100,492,203","$231,928,227"
"2,159","Oct 8, 2003",Mystic River,"$30,000,000","$90,135,191","$156,822,020"
"2,160","Dec 18, 2015",Sisters,"$30,000,000","$87,044,645","$106,030,660"
"2,161","Nov 10, 1999",Pokemon: The First Movie,"$30,000,000","$85,744,662","$163,644,662"
"2,162","Nov 19, 2004",SpongeBob SquarePants: The Movie,"$30,000,000","$85,416,609","$142,051,255"
"2,163","Jun 25, 2004",The Notebook,"$30,000,000","$81,582,653","$116,223,302"
"2,164","Apr 10, 2009",Hannah Montana: The Movie,"$30,000,000","$79,576,189","$169,173,206"
"2,165","Jan 18, 2008",27 Dresses,"$30,000,000","$76,808,654","$160,247,805"
"2,166","Nov 17, 2000",Rugrats in Paris,"$30,000,000","$76,501,438","$103,284,813"
"2,167","Aug 18, 2017",The Hitman’s Bodyguard,"$30,000,000","$75,468,583","$183,415,183"
"2,168","Dec 25, 1991",The Prince of Tides,"$30,000,000","$74,787,599","$74,787,599"
"2,169","Aug 12, 2005",Four Brothers,"$30,000,000","$74,494,381","$92,494,381"
"2,170","Dec 23, 1994",Legends of the Fall,"$30,000,000","$66,502,573","$160,502,573"
"2,171","Sep 27, 2012",Looper,"$30,000,000","$66,486,205","$170,466,405"
"2,172","Jan 31, 2013",Warm Bodies,"$30,000,000","$66,380,662","$114,834,312"
"2,173","Oct 4, 2023",The Exorcist: Believer,"$30,000,000","$65,537,395","$136,998,069"
"2,174","Sep 21, 2023",PAW Patrol: The Mighty Movie,"$30,000,000","$65,343,309","$201,739,292"
"2,175","Dec 13, 2002",About Schmidt,"$30,000,000","$65,005,217","$107,054,484"
"2,176","Jan 17, 2014",The Nut Job,"$30,000,000","$64,251,538","$122,529,966"
"2,177","Feb 16, 2001",Down to Earth,"$30,000,000","$64,172,251","$71,172,251"
"2,178","Aug 4, 1995",Babe,"$30,000,000","$63,658,910","$246,100,000"
"2,179","Aug 8, 2012",Hope Springs,"$30,000,000","$63,536,011","$133,085,295"
"2,180","Apr 18, 2008",Forgetting Sarah Marshall,"$30,000,000","$63,172,463","$105,475,310"
"2,181","Oct 8, 2004",Friday Night Lights,"$30,000,000","$61,255,921","$61,950,770"
"2,182","Nov 17, 1989",Harlem Nights,"$30,000,000","$60,857,262","$95,857,262"
"2,183","Apr 25, 2008",Baby Mama,"$30,000,000","$60,494,212","$64,170,447"
"2,184","May 29, 1998",Hope Floats,"$30,000,000","$60,110,313","$81,529,000"
"2,185","Jan 9, 2009",Bride Wars,"$30,000,000","$58,715,510","$115,150,424"
"2,186","Aug 20, 2004",Without a Paddle,"$30,000,000","$58,156,435","$65,121,280"
"2,187","May 20, 2011",Midnight in Paris,"$30,000,000","$56,816,662","$162,051,975"
"2,188","Nov 22, 2017",Darkest Hour,"$30,000,000","$56,443,120","$150,807,630"
"2,189","Sep 15, 2005",Wallace & Gromit: The Curse of the Were-Rabbit,"$30,000,000","$56,068,547","$197,593,152"
"2,190","Dec 21, 2007","P.S., I Love You","$30,000,000","$53,695,808","$155,769,678"
"2,191","May 10, 2018",Life of the Party,"$30,000,000","$53,059,911","$65,859,911"
"2,192","May 14, 2010",Letters to Juliet,"$30,000,000","$53,032,453","$82,148,538"
"2,193","Apr 6, 2001",Blow,"$30,000,000","$52,990,775","$83,282,296"
"2,194","Feb 12, 1999",Message in a Bottle,"$30,000,000","$52,880,016","$52,880,016"
"2,195","Jul 22, 2015",Southpaw,"$30,000,000","$52,421,953","$94,156,456"
"2,196","Jun 9, 1989",Star Trek V: The Final Frontier,"$30,000,000","$52,210,049","$70,200,000"
"2,197","Jul 27, 2017",Atomic Blonde,"$30,000,000","$51,573,925","$98,345,423"
"2,198","Jul 3, 2002",Like Mike,"$30,000,000","$51,432,423","$62,432,423"
"2,199","Mar 18, 1994",Naked Gun 33 1/3: The Final Insult,"$30,000,000","$51,041,856","$51,041,856"
"2,200","Dec 7, 2007",Atonement,"$30,000,000","$50,980,159","$129,779,728"
"2,201","May 24, 1985",A View to a Kill,"$30,000,000","$50,327,960","$152,627,960"
"2,202","Feb 5, 1993",Sommersby,"$30,000,000","$50,081,992","$140,081,992"
"2,203","Jan 7, 2005",Racing Stripes,"$30,000,000","$49,772,522","$89,809,433"
"2,204","Sep 17, 2015",Sicario,"$30,000,000","$46,889,293","$84,264,182"
"2,205","Sep 22, 1989",Black Rain,"$30,000,000","$45,892,212","$133,892,212"
"2,206","Jun 26, 1987",Full Metal Jacket,"$30,000,000","$45,015,999","$48,845,082"
"2,207","Jan 19, 2018",Den of Thieves,"$30,000,000","$44,947,622","$80,147,166"
"2,208","Apr 13, 2012",The Three Stooges,"$30,000,000","$44,338,224","$54,052,249"
"2,209","Jul 21, 2000",Pokemon 2000,"$30,000,000","$43,746,923","$133,946,923"
"2,210","Oct 24, 2014",John Wick,"$30,000,000","$43,037,835","$87,739,603"
"2,211","Jan 13, 2006",Glory Road,"$30,000,000","$42,647,449","$42,799,060"
"2,212","Apr 16, 2015",The Age of Adaline,"$30,000,000","$42,629,776","$68,984,536"
"2,213","Aug 6, 2010",Step Up 3D,"$30,000,000","$42,400,223","$165,889,117"
"2,214","May 29, 2009",Drag Me To Hell,"$30,000,000","$42,100,625","$91,388,487"
"2,215","Apr 13, 2012",The Cabin in the Woods,"$30,000,000","$42,073,277","$70,683,134"
"2,216","Sep 19, 2003",Secondhand Lions,"$30,000,000","$42,070,939","$47,902,566"
"2,217","Nov 10, 2006",Stranger Than Fiction,"$30,000,000","$40,435,190","$53,572,822"
"2,218","Apr 8, 2011",Hanna,"$30,000,000","$40,259,119","$65,343,694"
"2,219","Aug 16, 2002",Blue Crush,"$30,000,000","$40,118,420","$51,618,420"
"2,220","Oct 19, 2007",30 Days of Night,"$30,000,000","$39,568,996","$80,276,156"
"2,221","Dec 19, 1986",Little Shop of Horrors,"$30,000,000","$38,946,965","$38,947,189"
"2,222","Nov 16, 2022",The Menu,"$30,000,000","$38,501,125","$79,628,200"
"2,223","Sep 15, 2006",Gridiron Gang,"$30,000,000","$38,432,823","$41,457,834"
"2,224","Jul 20, 1988",Midnight Run,"$30,000,000","$38,413,606","$81,613,606"
"2,225","Jan 25, 2008",Meet the Spartans,"$30,000,000","$38,233,676","$84,646,831"
"2,226","Nov 13, 1987",The Running Man,"$30,000,000","$38,122,000","$38,122,000"
"2,227","Sep 13, 2013",The Family,"$30,000,000","$36,918,811","$80,588,942"
"2,228","Feb 9, 2018",The 15:17 to Paris,"$30,000,000","$36,276,286","$56,096,200"
"2,229","Nov 21, 1997",Mortal Kombat: Annihilation,"$30,000,000","$35,927,406","$51,327,406"
"2,230","Jul 1, 2011",Larry Crowne,"$30,000,000","$35,608,245","$61,449,135"
"2,231","Oct 18, 2013",Carrie,"$30,000,000","$35,266,619","$82,409,520"
"2,232","Nov 7, 2019",Last Christmas,"$30,000,000","$35,150,750","$123,429,381"
"2,233","Apr 7, 2006",Take the Lead,"$30,000,000","$34,742,066","$65,390,493"
"2,234","Mar 2, 2018",Death Wish,"$30,000,000","$34,017,028","$48,575,965"
"2,235","Nov 24, 2010",Love and Other Drugs,"$30,000,000","$32,367,005","$102,716,321"
"2,236","Jun 3, 2015",Entourage,"$30,000,000","$32,363,404","$49,263,404"
"2,237","Jun 1, 2001",What's the Worst That Could Happen?,"$30,000,000","$32,267,774","$38,462,071"
"2,238","Feb 8, 2013",Side Effects,"$30,000,000","$32,172,757","$66,742,138"
"2,239","Sep 9, 2009",9,"$30,000,000","$31,749,894","$48,559,999"
"2,240","Jul 2, 2014",Deliver Us from Evil,"$30,000,000","$30,577,122","$87,956,618"
"2,241","Aug 1, 2014",Get on Up,"$30,000,000","$30,569,935","$33,339,868"
"2,242","Dec 22, 2017",Molly’s Game,"$30,000,000","$28,780,744","$53,296,424"
"2,243","Apr 27, 2012",The Five-Year Engagement,"$30,000,000","$28,700,285","$61,623,819"
"2,244","Apr 2, 2004",The Prince & Me,"$30,000,000","$28,165,882","$30,089,110"
"2,245","Apr 15, 2011",Winnie the Pooh,"$30,000,000","$26,692,846","$50,145,607"
"2,246","May 15, 1998",Bulworth,"$30,000,000","$26,528,684","$29,203,383"
"2,247","Jun 13, 2003",Dumb and Dumberer: When Harry Met Lloyd,"$30,000,000","$26,214,846","$28,986,358"
"2,248","Sep 14, 2018",White Boy Rick,"$30,000,000","$24,004,833","$25,947,983"
"2,249","Aug 4, 1995",Virtuosity,"$30,000,000","$23,998,226","$23,998,226"
"2,250","Sep 18, 1998",One True Thing,"$30,000,000","$23,337,196","$26,708,196"
"2,251","Feb 4, 2011",Sanctum,"$30,000,000","$23,209,310","$108,957,098"
"2,252","Jul 21, 2006",My Super Ex-Girlfriend,"$30,000,000","$22,530,295","$60,772,856"
"2,253","Dec 16, 2016",Ballerina,"$30,000,000","$21,858,070","$96,451,584"
"2,254","Sep 17, 2004",Mr. 3000,"$30,000,000","$21,800,302","$21,827,296"
"2,255","Jun 14, 2019",Shaft,"$30,000,000","$21,360,215","$21,360,215"
"2,256","Nov 19, 2010",The Next Three Days,"$30,000,000","$21,148,651","$67,255,916"
"2,257","Jan 10, 2018",Proud Mary,"$30,000,000","$20,868,638","$21,709,539"
"2,258","Jan 11, 2017",Sleepless,"$30,000,000","$20,783,704","$33,296,659"
"2,259","Aug 6, 2004",Little Black Book,"$30,000,000","$20,422,207","$21,758,371"
"2,260","Apr 28, 2023","Are You There God? It’s Me, Margaret","$30,000,000","$20,372,406","$21,581,824"
"2,261","Apr 1, 2022",The Unbearable Weight of Massive Talent,"$30,000,000","$20,300,157","$29,116,320"
"2,262","Jan 19, 2005",Assault On Precinct 13,"$30,000,000","$20,040,895","$36,040,895"
"2,263","Aug 5, 2016",Nine Lives,"$30,000,000","$19,700,032","$57,814,445"
"2,264","Sep 26, 2013",Runner Runner,"$30,000,000","$19,316,646","$60,512,680"
"2,265","Jun 5, 2024",The Watchers,"$30,000,000","$19,164,028","$33,464,028"
"2,266","Feb 6, 1998",The Replacement Killers,"$30,000,000","$19,035,741","$19,035,741"
"2,267","Apr 28, 2017",Baahubali 2: The Conclusion,"$30,000,000","$18,985,794","$263,502,914"
"2,268","Mar 3, 2006",Ultraviolet,"$30,000,000","$18,522,064","$30,962,112"
"2,269","Oct 21, 2005",North Country,"$30,000,000","$18,324,242","$23,676,771"
"2,270","Aug 19, 2011",Fright Night,"$30,000,000","$18,298,649","$40,520,649"
"2,271","Sep 15, 2017",mother!,"$30,000,000","$17,800,004","$44,516,999"
"2,272","Oct 9, 2015",Steve Jobs,"$30,000,000","$17,766,658","$35,579,007"
"2,273","Mar 7, 2021",Spirit Untamed,"$30,000,000","$17,716,215","$42,235,744"
"2,274","Jul 17, 2002",Eight Legged Freaks,"$30,000,000","$17,266,505","$36,722,311"
"2,275","Jul 19, 1996",Fled,"$30,000,000","$17,192,205","$19,892,205"
"2,276","Jun 4, 2010",Splice,"$30,000,000","$17,010,170","$28,542,494"
"2,277","Apr 18, 2008",88 Minutes,"$30,000,000","$16,930,884","$32,955,399"
"2,278","Apr 9, 2004",The Whole Ten Yards,"$30,000,000","$16,323,969","$26,323,969"
"2,279","Aug 1, 1986",Howard the Duck,"$30,000,000","$16,295,774","$16,295,774"
"2,280","Oct 24, 2008",Pride and Glory,"$30,000,000","$15,740,721","$32,262,866"
"2,281","Jan 28, 2021",The Little Things,"$30,000,000","$15,342,746","$30,842,746"
"2,282","Aug 26, 2005",The Cave,"$30,000,000","$15,007,991","$27,147,991"
"2,283","Apr 30, 2004",Godsend,"$30,000,000","$14,334,645","$16,873,925"
"2,284","Jun 20, 2003",Alex & Emma,"$30,000,000","$14,208,384","$15,358,583"
"2,285","Oct 8, 2020",Honest Thief,"$30,000,000","$14,163,574","$32,609,631"
"2,286","Sep 15, 2023",Dumb Money,"$30,000,000","$13,919,484","$17,956,910"
"2,287","Sep 3, 2004",Wicker Park,"$30,000,000","$13,001,257","$21,577,076"
"2,288","Dec 25, 2005",The New World,"$30,000,000","$12,712,093","$26,184,400"
"2,289","Jun 29, 2007",Evening,"$30,000,000","$12,406,646","$12,885,574"
"2,290","Jan 17, 2013",The Last Stand,"$30,000,000","$12,050,299","$48,330,757"
"2,291","Jan 15, 1999",In Dreams,"$30,000,000","$12,017,369","$12,017,369"
"2,292","Mar 12, 1999",Wing Commander,"$30,000,000","$11,578,022","$11,578,022"
"2,293","May 20, 2016",Café Society,"$30,000,000","$11,103,205","$44,348,292"
"2,294","Jan 12, 2001",Antitrust,"$30,000,000","$10,965,209","$17,865,209"
"2,295","Mar 7, 2013",Dead Man Down,"$30,000,000","$10,895,295","$19,599,974"
"2,296","Apr 29, 2011",Hoodwinked Too: Hood vs. Evil,"$30,000,000","$10,143,779","$23,353,111"
"2,297","Apr 10, 2009",Dragonball Evolution,"$30,000,000","$9,362,785","$56,511,457"
"2,298","Dec 5, 2024",The Lord of the Rings: The War of the Rohirrim,"$30,000,000","$9,158,572","$20,658,572"
"2,299","Sep 24, 2004",First Daughter,"$30,000,000","$9,055,010","$10,419,084"
"2,300","Mar 15, 2017",The Lost City of Z,"$30,000,000","$8,574,339","$19,358,084"
"2,301","Sep 9, 2005",An Unfinished Life,"$30,000,000","$8,535,575","$18,535,575"
"2,302","Jan 4, 2017",The Space Between Us,"$30,000,000","$7,885,294","$16,481,405"
"2,303","Jun 19, 2019",Anna,"$30,000,000","$7,743,794","$32,825,217"
"2,304","Dec 25, 2009",The Imaginarium of Doctor Parnassus,"$30,000,000","$7,689,607","$64,352,607"
"2,305","Jan 14, 2011",Barney's Version,"$30,000,000","$7,502,560","$8,845,575"
"2,306","Sep 20, 2002",Trapped,"$30,000,000","$6,916,869","$7,005,468"
"2,307","Jul 17, 2019",The Current War: Director’s Cut,"$30,000,000","$5,978,673","$12,869,755"
"2,308","Aug 29, 2018",Kin,"$30,000,000","$5,718,096","$10,383,524"
"2,309","Jun 1, 1984",Once Upon a Time in America,"$30,000,000","$5,321,508","$5,577,556"
"2,310","Sep 13, 2018",Johnny English Strikes Again,"$30,000,000","$4,412,170","$159,369,278"
"2,311","Sep 22, 2017",Stronger,"$30,000,000","$4,211,129","$8,786,287"
"2,312","Jan 22, 1999",Gloria,"$30,000,000","$4,167,493","$4,967,493"
"2,313","Oct 25, 2018",Replicas,"$30,000,000","$4,046,429","$9,037,427"
"2,314","Sep 21, 2007",The Assassination of Jesse James by the Coward …,"$30,000,000","$3,909,149","$15,313,631"
"2,315","Dec 29, 2004",The Merchant of Venice,"$30,000,000","$3,765,585","$18,765,585"
"2,316","Apr 2, 2003",The Good Thief,"$30,000,000","$3,517,797","$6,460,758"
"2,317","Aug 17, 2005",Supercross,"$30,000,000","$3,102,550","$3,252,550"
"2,318","Dec 29, 2006",Miss Potter,"$30,000,000","$3,005,605","$35,891,257"
"2,319","Oct 16, 2020",Love and Monsters,"$30,000,000","$1,070,714","$1,131,683"
"2,320","Aug 7, 2020",The Tax Collector,"$30,000,000","$1,044,212","$1,309,971"
"2,321","May 5, 2006",Wu ji,"$30,000,000","$669,625","$35,869,934"
"2,322","Sep 23, 2011",Machine Gun Preacher,"$30,000,000","$538,690","$3,721,988"
"2,323","May 26, 2017",Bilal: A New Breed of Hero,"$30,000,000","$490,973","$648,599"
"2,324","Sep 7, 2006",DOA: Dead or Alive,"$30,000,000","$480,314","$7,755,686"
"2,325","Feb 19, 2010",Le Petit Nicolas,"$30,000,000","$201,857","$52,339,566"
"2,326","Oct 7, 2011",Xinhai geming,"$30,000,000","$135,739","$8,593,154"
"2,327","Feb 21, 2008",Genghis Khan: To the Ends of the Earth and Sea,"$30,000,000","$3,892","$4,874,498"
"2,328","Jan 16, 2015",Wild Card,"$30,000,000","$3,200","$4,315,789"
"2,329","Jul 3, 2014",United Passions,"$30,000,000",$918,"$168,832"
"2,330",Unknown,Konferenz der Tiere,"$30,000,000",$0,"$53,048,539"
"2,331","Aug 18, 2017",Happy Family,"$30,000,000",$0,"$30,809,023"
"2,332","May 15, 2014",Grace of Monaco,"$30,000,000",$0,"$25,199,891"
"2,333","Jun 16, 2017",Overdrive,"$30,000,000",$0,"$11,247,280"
"2,334","Nov 13, 2015",Savva. Serdtse voyna,"$30,000,000",$0,"$5,015,080"
"2,335","Apr 13, 2007",Goodbye Bafana,"$30,000,000",$0,"$2,717,302"
"2,336","Apr 17, 2003",Ripley's Game,"$30,000,000",$0,"$1,692,644"
"2,337","Nov 28, 2013",Space Pirate Captain Harlock,"$30,000,000",$0,"$310,985"
"2,338","Jan 26, 2024",The Underdoggs,"$30,000,000",$0,$0
"2,339","Aug 26, 2016",Collide,"$29,200,000","$2,280,004","$5,466,698"
"2,340","May 7, 2015",Pitch Perfect 2,"$29,000,000","$184,296,230","$287,215,196"
"2,341","Nov 18, 2005",Walk the Line,"$29,000,000","$119,519,402","$187,707,495"
"2,342","Sep 26, 2018",Night School,"$29,000,000","$77,339,130","$104,145,633"
"2,343","Apr 7, 2016",The Boss,"$29,000,000","$63,077,560","$78,652,207"
"2,344","Dec 27, 1995",12 Monkeys,"$29,000,000","$57,141,459","$168,841,459"
"2,345","Sep 12, 2003",Once Upon a Time in Mexico,"$29,000,000","$56,330,657","$97,413,527"
"2,346","Dec 19, 1990",Awakenings,"$29,000,000","$51,636,504","$51,636,504"
"2,347","Apr 14, 2000",Keeping the Faith,"$29,000,000","$37,036,404","$45,336,404"
"2,348","Aug 18, 2017",Logan Lucky,"$29,000,000","$27,778,642","$49,046,121"
"2,349","Apr 29, 2016",Florence Foster Jenkins,"$29,000,000","$27,383,770","$56,000,339"
"2,350","Feb 13, 1998",The Borrowers,"$29,000,000","$22,619,589","$54,045,832"
"2,351","Jan 10, 2020",Like a Boss,"$29,000,000","$22,169,514","$26,563,888"
"2,352","Dec 5, 2008",Frost/Nixon,"$29,000,000","$18,622,031","$28,452,945"
"2,353","Nov 12, 2004",Seed of Chucky,"$29,000,000","$17,016,190","$24,716,190"
"2,354","Aug 23, 2002",Serving Sara,"$29,000,000","$16,930,185","$20,146,150"
"2,355","Dec 31, 2002",Confessions of a Dangerous Mind,"$29,000,000","$16,007,718","$33,013,805"
"2,356","Feb 10, 2022",Blacklight,"$29,000,000","$9,591,094","$16,017,096"
"2,357","Aug 26, 2009",Taking Woodstock,"$29,000,000","$7,460,204","$10,066,366"
"2,358","Nov 6, 1987",Cry Freedom,"$29,000,000","$5,899,797","$25,899,797"
"2,359","Apr 8, 2021",Voyagers,"$29,000,000","$3,149,935","$4,131,781"
"2,360","Sep 24, 1999",Mumford,"$28,700,000","$4,559,569","$4,559,569"
"2,361","Mar 4, 2005",The Jacket,"$28,500,000","$6,301,131","$15,452,978"
"2,362","Nov 11, 1992",Aladdin,"$28,000,000","$217,350,219","$504,050,219"
"2,363","May 23, 1984",Indiana Jones and the Temple of Doom,"$28,000,000","$179,880,271","$333,080,271"
"2,364","Aug 14, 2015",Straight Outta Compton,"$28,000,000","$161,197,785","$202,182,981"
"2,365","Jul 20, 2017",Girls Trip,"$28,000,000","$115,108,515","$140,886,353"
"2,366","Nov 20, 1998",The Rugrats Movie,"$28,000,000","$100,494,685","$140,894,685"
"2,367","Jul 15, 1988",Die Hard,"$28,000,000","$85,892,546","$143,651,650"
"2,368","Dec 18, 1985",Out of Africa,"$28,000,000","$79,096,868","$258,210,860"
"2,369","Apr 6, 2001",Along Came a Spider,"$28,000,000","$74,058,698","$105,159,085"
"2,370","Nov 1, 2017",A Bad Moms Christmas,"$28,000,000","$72,110,659","$127,710,550"
"2,371","Feb 13, 2013",Safe Haven,"$28,000,000","$71,399,120","$94,050,951"
"2,372","Dec 11, 2015",The Big Short,"$28,000,000","$70,259,870","$132,624,681"
"2,373","Aug 8, 2019",Scary Stories to Tell in the Dark,"$28,000,000","$68,947,075","$104,793,708"
"2,374","Nov 7, 2008",Role Models,"$28,000,000","$67,300,955","$94,500,826"
"2,375","Oct 10, 2014","Alexander and the Terrible, Horrible, No Good, …","$28,000,000","$66,954,149","$101,379,287"
"2,376","Feb 6, 2004",Miracle,"$28,000,000","$64,378,093","$64,474,705"
"2,377","Jan 28, 2013",Last Vegas,"$28,000,000","$63,914,167","$112,914,167"
"2,378","Jan 26, 2001",The Wedding Planner,"$28,000,000","$60,400,856","$94,728,529"
"2,379","Mar 19, 2004",Dawn of the Dead,"$28,000,000","$58,990,765","$103,452,875"
"2,380","Jun 26, 1981",For Your Eyes Only,"$28,000,000","$54,800,000","$195,300,000"
"2,381","Jun 15, 2018",Tag,"$28,000,000","$54,730,625","$77,024,944"
"2,382","Dec 14, 2001",The Royal Tenenbaums,"$28,000,000","$52,353,636","$71,430,876"
"2,383","Apr 25, 2003",Identity,"$28,000,000","$52,131,264","$82,119,036"
"2,384","Jul 16, 1993",Hocus Pocus,"$28,000,000","$50,737,050","$51,742,971"
"2,385","Oct 5, 2001",Serendipity,"$28,000,000","$50,255,310","$77,477,297"
"2,386","Apr 16, 2010",Kick-Ass,"$28,000,000","$48,071,303","$97,531,134"
"2,387","Sep 28, 2001",Zoolander,"$28,000,000","$45,172,250","$60,780,981"
"2,388","Sep 16, 1994",Timecop,"$28,000,000","$44,853,581","$102,053,581"
"2,389","Nov 11, 2005",Pride & Prejudice,"$28,000,000","$44,223,225","$132,400,170"
"2,390","Jul 27, 2007",No Reservations,"$28,000,000","$43,107,979","$91,943,956"
"2,391","Feb 3, 2023",80 for Brady,"$28,000,000","$39,448,525","$40,384,027"
"2,392","Aug 12, 2011",30 Minutes or Less,"$28,000,000","$37,053,924","$41,146,935"
"2,393","Dec 22, 2000",Dracula 2000,"$28,000,000","$33,000,377","$33,000,377"
"2,394","Jun 25, 1982",Blade Runner,"$28,000,000","$32,724,136","$39,649,582"
"2,395","Apr 7, 1995",Rob Roy,"$28,000,000","$31,390,587","$31,390,587"
"2,396","Feb 21, 2014",3 Days to Kill,"$28,000,000","$30,697,999","$38,959,900"
"2,397","Aug 16, 2013",Kick-Ass 2,"$28,000,000","$28,795,985","$63,129,909"
"2,398","Oct 12, 2007",We Own the Night,"$28,000,000","$28,563,179","$55,307,857"
"2,399","Sep 19, 2014",A Walk Among the Tombstones,"$28,000,000","$26,017,685","$62,108,587"
"2,400","Apr 17, 2024",Abigail,"$28,000,000","$25,867,515","$43,021,064"
"2,401","Jan 15, 2010",The Spy Next Door,"$28,000,000","$24,307,106","$46,752,858"
"2,402","Apr 23, 2014",Brick Mansions,"$28,000,000","$20,396,829","$73,421,224"
"2,403","May 12, 2006",Just My Luck,"$28,000,000","$17,326,650","$38,159,905"
"2,404","Oct 13, 2000",Lost Souls,"$28,000,000","$16,779,636","$31,320,293"
"2,405","Aug 19, 2015",American Ultra,"$28,000,000","$14,439,985","$30,295,028"
"2,406","Apr 18, 2003",Winged Migration,"$28,000,000","$11,689,053","$39,134,983"
"2,407","Feb 4, 2016",Pride and Prejudice and Zombies,"$28,000,000","$10,907,291","$16,638,300"
"2,408","Oct 1, 1999","Mystery, Alaska","$28,000,000","$8,891,623","$8,891,623"
"2,409","Aug 24, 2001",John Carpenter’s Ghosts of Mars,"$28,000,000","$8,434,601","$8,434,601"
"2,410","Jul 11, 1997",A Simple Wish,"$28,000,000","$8,165,213","$8,165,213"
"2,411","Oct 30, 2015",Our Brand is Crisis,"$28,000,000","$7,002,261","$9,002,261"
"2,412","Dec 25, 1997",Kundun,"$28,000,000","$5,686,694","$5,686,694"
"2,413","Oct 3, 2008",How to Lose Friends & Alienate People,"$28,000,000","$2,775,593","$12,031,443"
"2,414",Unknown,Alatriste,"$28,000,000",$0,"$22,860,477"
"2,415","Jun 1, 2007",Knocked Up,"$27,500,000","$148,761,765","$219,265,952"
"2,416","Jun 10, 1983",Octopussy,"$27,500,000","$67,900,000","$187,500,000"
"2,417","Jun 26, 2009",My Sister’s Keeper,"$27,500,000","$49,200,230","$96,673,002"
"2,418","Feb 8, 2008",Welcome Home Roscoe Jenkins,"$27,500,000","$42,436,517","$43,607,627"
"2,419","Jan 13, 2012",Joyful Noise,"$27,500,000","$30,932,113","$31,157,914"
"2,420","Dec 14, 1984",A Passage to India,"$27,500,000","$27,187,653","$27,187,896"
"2,421","Dec 25, 2006",Notes on a Scandal,"$27,500,000","$17,510,118","$50,578,411"
"2,422","Oct 19, 2007",Rendition,"$27,500,000","$9,736,045","$26,939,925"
"2,423","Oct 28, 2011",Anonymous,"$27,500,000","$4,463,292","$15,815,509"
"2,424","Mar 18, 2011",Limitless,"$27,000,000","$79,249,455","$155,564,919"
"2,425","Dec 6, 1991",Star Trek VI: The Undiscovered Country,"$27,000,000","$74,888,996","$96,900,000"
"2,426","Jun 26, 2019",Annabelle Comes Home,"$27,000,000","$74,152,591","$231,252,591"
"2,427","Jun 7, 2002",The Divine Secrets of the Ya-Ya Sisterhood,"$27,000,000","$69,586,544","$73,826,768"
"2,428","Oct 3, 1997",Kiss the Girls,"$27,000,000","$60,527,873","$60,527,873"
"2,429","Jun 20, 1980",The Blues Brothers,"$27,000,000","$57,229,890","$57,246,460"
"2,430","Dec 25, 1994",The Jungle Book,"$27,000,000","$44,342,956","$53,508,356"
"2,431","Aug 6, 2008",The Sisterhood of the Traveling Pants 2,"$27,000,000","$44,089,964","$44,270,131"
"2,432","May 12, 2016",Money Monster,"$27,000,000","$41,012,075","$93,466,095"
"2,433","May 17, 2002",About a Boy,"$27,000,000","$40,803,000","$130,759,651"
"2,434","Aug 19, 2011",Spy Kids: All the Time in the World,"$27,000,000","$38,536,376","$80,681,183"
"2,435","Jul 16, 1999",Lake Placid,"$27,000,000","$31,770,413","$31,770,413"
"2,436","Apr 7, 2006",Lucky Number Slevin,"$27,000,000","$22,495,466","$55,495,466"
"2,437","Oct 21, 1983",The Right Stuff,"$27,000,000","$21,500,000","$21,500,213"
"2,438","Jul 20, 1984",The Neverending Story,"$27,000,000","$21,300,000","$21,454,405"
"2,439","Feb 27, 1998",Dark City,"$27,000,000","$14,435,076","$27,257,061"
"2,440","Sep 19, 2008",The Duchess,"$27,000,000","$13,848,978","$45,160,110"
"2,441","Oct 1, 2010",Case 39,"$27,000,000","$13,261,851","$28,773,827"
"2,442","Jun 10, 2005",The Honeymooners,"$27,000,000","$12,834,849","$13,174,426"
"2,443","Jun 21, 1985",Return to Oz,"$27,000,000","$10,618,813","$10,618,813"
"2,444","Mar 27, 1998",The Newton Boys,"$27,000,000","$10,341,093","$10,341,093"
"2,445","Aug 27, 2004",Suspect Zero,"$27,000,000","$8,712,564","$8,723,600"
"2,446","Nov 2, 2007",Martian Child,"$27,000,000","$7,500,310","$9,352,089"
"2,447","Oct 18, 2002",Formula 51,"$27,000,000","$5,204,007","$5,204,007"
"2,448","Nov 24, 1999",Flawless,"$27,000,000","$4,485,485","$4,485,485"
"2,449","May 13, 2005",Mindhunters,"$27,000,000","$4,476,235","$16,566,235"
"2,450","Oct 17, 2008",What Just Happened,"$27,000,000","$1,090,947","$2,412,123"
"2,451","Dec 12, 2003",The Statement,"$27,000,000","$765,637","$1,545,064"
"2,452","Oct 4, 2019",Lucy in the Sky,"$27,000,000","$319,976","$325,943"
"2,453","Jun 10, 2021",The Magic Flute,"$27,000,000",$0,$0
"2,454","Nov 23, 2016",Rules Don’t Apply,"$26,700,000","$3,652,206","$3,871,448"
"2,455","Jan 16, 2009",Paul Blart: Mall Cop,"$26,000,000","$146,336,178","$185,904,750"
"2,456","Aug 6, 2003",Freaky Friday,"$26,000,000","$110,222,438","$160,822,438"
"2,457","Aug 19, 2005",The 40 Year-old Virgin,"$26,000,000","$109,449,237","$176,276,839"
"2,458","Dec 11, 1998",Shakespeare in Love,"$26,000,000","$100,317,794","$279,500,000"
"2,459","Dec 21, 1990",Kindergarten Cop,"$26,000,000","$91,457,688","$202,000,000"
"2,460","Aug 6, 2008",Pineapple Express,"$26,000,000","$87,341,380","$102,404,019"
"2,461","Dec 22, 1993",Philadelphia,"$26,000,000","$77,324,422","$201,324,422"
"2,462","Jul 31, 1998",Ever After: A Cinderella Story,"$26,000,000","$65,705,772","$65,705,772"
"2,463","Aug 10, 1990",Flatliners,"$26,000,000","$61,308,153","$61,308,153"
"2,464","Aug 15, 2003",Open Range,"$26,000,000","$58,331,254","$68,613,992"
"2,465","Aug 19, 2005",Red Eye,"$26,000,000","$57,891,803","$96,666,486"
"2,466","Dec 9, 2011",New Year’s Eve,"$26,000,000","$54,544,638","$146,850,273"
"2,467","Jun 15, 1977",A Bridge Too Far,"$26,000,000","$50,800,000","$50,800,000"
"2,468","Apr 24, 2013",Pain & Gain,"$26,000,000","$49,875,291","$81,275,291"
"2,469","Jan 31, 2003",Final Destination 2,"$26,000,000","$46,896,664","$90,396,664"
"2,470","Sep 15, 2000","O Brother, Where Art Thou?","$26,000,000","$45,506,619","$75,763,814"
"2,471","Dec 29, 2004",In Good Company,"$26,000,000","$45,489,752","$63,463,195"
"2,472","Jan 22, 2010",Legion,"$26,000,000","$40,168,080","$67,647,574"
"2,473","Aug 11, 2021",PAW Patrol: The Movie,"$26,000,000","$40,127,371","$151,403,419"
"2,474","Aug 29, 2012",Lawless,"$26,000,000","$37,397,291","$54,393,687"
"2,475","Mar 29, 2002",Clockstoppers,"$26,000,000","$36,985,501","$38,788,828"
"2,476","Jul 10, 1985",Silverado,"$26,000,000","$33,200,000","$33,200,000"
"2,477","Dec 4, 2009",Brothers,"$26,000,000","$28,544,157","$45,043,870"
"2,478","Oct 17, 2014",The Best of Me,"$26,000,000","$26,766,213","$41,059,418"
"2,479","Mar 12, 2004",Agent Cody Banks 2: Destination London,"$26,000,000","$23,514,247","$28,703,083"
"2,480","Nov 23, 2016",Bad Santa 2,"$26,000,000","$17,782,176","$23,345,113"
"2,481","Aug 3, 2001",Original Sin,"$26,000,000","$16,521,410","$16,521,410"
"2,482","Apr 12, 2012",The Raven,"$26,000,000","$16,008,272","$30,601,801"
"2,483","Feb 20, 2004",Welcome to Mooseport,"$26,000,000","$14,469,428","$14,494,770"
"2,484","Jan 27, 1995",Highlander: The Final Dimension,"$26,000,000","$13,738,574","$13,738,574"
"2,485","Jun 8, 2015",Self/Less,"$26,000,000","$12,279,691","$33,667,319"
"2,486","Nov 1, 2019",Motherless Brooklyn,"$26,000,000","$9,277,736","$18,577,736"
"2,487","Aug 24, 2001",The Curse of the Jade Scorpion,"$26,000,000","$7,496,522","$18,496,522"
"2,488","Feb 12, 2021",Judas and the Black Messiah,"$26,000,000","$5,478,009","$7,478,009"
"2,489","Oct 18, 2013",The Fifth Estate,"$26,000,000","$3,254,172","$6,154,172"
"2,490","Feb 21, 1997",Blood and Wine,"$26,000,000","$1,083,350","$1,083,350"
"2,491","Oct 30, 2013",Blood Ties,"$26,000,000","$42,472","$2,923,959"
"2,492","Aug 24, 1997",The Grimm Brothers' Snow White,"$26,000,000","$5,000","$5,000"
"2,493","Jun 30, 2015",Viy,"$26,000,000",$0,"$34,246,770"
"2,494","Mar 17, 2015",Accidental Love,"$26,000,000",$0,"$135,436"
"2,495","Apr 24, 2015",The Face of an Angel,"$26,000,000",$0,$0
"2,496","May 17, 1996",Flipper,"$25,530,000","$20,080,020","$30,593,313"
"2,497","Aug 31, 2005",The Constant Gardener,"$25,500,000","$33,579,798","$86,301,599"
"2,498","Oct 17, 2008",W.,"$25,100,000","$25,534,493","$28,575,778"
"2,499","Feb 19, 2004",The Passion of the Christ,"$25,000,000","$370,782,930","$622,313,635"
"2,500","Nov 24, 1993",Mrs. Doubtfire,"$25,000,000","$219,195,051","$441,286,003"
"2,501","Dec 16, 1988",Rain Man,"$25,000,000","$172,825,435","$412,800,000"
"2,502","Aug 10, 2011",The Help,"$25,000,000","$169,705,587","$213,120,004"
"2,503","Dec 25, 2016",Hidden Figures,"$25,000,000","$169,607,287","$228,446,841"
"2,504","Aug 7, 2024",It Ends With Us,"$25,000,000","$148,518,266","$349,722,357"
"2,505","Dec 12, 2008",Gran Torino,"$25,000,000","$148,095,302","$274,543,085"
"2,506","Apr 9, 2008",Taken,"$25,000,000","$145,000,989","$226,941,585"
"2,507","Jan 17, 2014",Ride Along,"$25,000,000","$134,202,565","$153,733,800"
"2,508","Nov 25, 1992",The Bodyguard,"$25,000,000","$122,006,740","$411,006,740"
"2,509","Dec 15, 1993",Schindler’s List,"$25,000,000","$96,898,818","$322,197,130"
"2,510","Jul 2, 2003","Legally Blonde 2: Red, White & Blonde","$25,000,000","$90,639,088","$125,339,088"
"2,511","Dec 22, 2023",Anyone But You,"$25,000,000","$88,319,668","$218,905,781"
"2,512","Mar 26, 2004",Scooby-Doo 2: Monsters Unleashed,"$25,000,000","$84,185,387","$180,856,996"
"2,513","Jul 9, 2004",Anchorman: The Legend of Ron Burgundy,"$25,000,000","$84,136,909","$89,476,265"
"2,514","Dec 4, 2009",Up in the Air,"$25,000,000","$83,823,381","$166,842,739"
"2,515","Aug 15, 2003",Freddy vs. Jason,"$25,000,000","$82,622,655","$114,576,403"
"2,516","Feb 16, 2007",Bridge to Terabithia,"$25,000,000","$82,234,139","$137,984,788"
"2,517","Dec 21, 2001",Jimmy Neutron: Boy Genius,"$25,000,000","$80,936,232","$102,992,536"
"2,518","Jan 18, 2008",Cloverfield,"$25,000,000","$80,048,433","$171,302,226"
"2,519","Feb 5, 2010",Dear John,"$25,000,000","$80,014,842","$142,033,509"
"2,520","Mar 22, 1991",Teenage Mutant Ninja Turtles II: The Secret of …,"$25,000,000","$78,656,813","$78,656,813"
"2,521","Dec 25, 2012",Parental Guidance,"$25,000,000","$77,267,296","$120,832,383"
"2,522","Mar 25, 2022",Everything Everywhere All At Once,"$25,000,000","$77,169,474","$111,478,881"
"2,523","Jun 3, 1987",The Untouchables,"$25,000,000","$76,270,454","$76,271,995"
"2,524","Nov 9, 2007",No Country for Old Men,"$25,000,000","$74,273,505","$164,035,753"
"2,525","Apr 13, 2001",Bridget Jones's Diary,"$25,000,000","$71,500,556","$272,595,053"
"2,526","Dec 15, 2000",Chocolat,"$25,000,000","$71,309,760","$152,500,343"
"2,527","Jan 21, 2011",No Strings Attached,"$25,000,000","$70,662,220","$149,228,078"
"2,528","Jan 13, 2012",Contraband,"$25,000,000","$66,528,000","$98,406,855"
"2,529","Jan 20, 2017",A Dog’s Purpose,"$25,000,000","$64,321,890","$203,055,427"
"2,530","Apr 19, 2012",The Lucky One,"$25,000,000","$60,457,138","$96,633,833"
"2,531","Dec 25, 1993",Tombstone,"$25,000,000","$56,505,065","$56,505,065"
"2,532","Mar 22, 2000",Romeo Must Die,"$25,000,000","$55,973,336","$91,036,760"
"2,533","Jun 6, 2006",The Omen,"$25,000,000","$54,607,383","$119,295,584"
"2,534","Feb 10, 2006",Final Destination 3,"$25,000,000","$54,098,051","$112,798,051"
"2,535","Apr 22, 2011",Madea’s Big Happy Family,"$25,000,000","$53,345,287","$54,160,818"
"2,536","Dec 13, 2013",Tyler Perry's A Madea Christmas,"$25,000,000","$52,543,354","$52,543,354"
"2,537","Nov 12, 2004",Finding Neverland,"$25,000,000","$51,676,606","$115,036,108"
"2,538","Jan 27, 2012",The Grey,"$25,000,000","$51,580,136","$81,249,176"
"2,539","Jan 28, 2005",Hide and Seek,"$25,000,000","$51,100,486","$123,696,741"
"2,540","May 23, 1986",Cobra,"$25,000,000","$49,042,224","$49,042,224"
"2,541","Aug 22, 2008",The House Bunny,"$25,000,000","$48,237,389","$71,390,601"
"2,542","Mar 14, 2003",Agent Cody Banks,"$25,000,000","$47,545,060","$58,240,458"
"2,543","Jan 27, 2006",Nanny McPhee,"$25,000,000","$47,279,279","$128,745,578"
"2,544","Sep 19, 1990",Goodfellas,"$25,000,000","$46,743,809","$47,103,483"
"2,545","Dec 9, 1983",Scarface,"$25,000,000","$45,227,398","$45,233,082"
"2,546","Aug 15, 2014",The Giver,"$25,000,000","$45,090,374","$66,540,205"
"2,547","Jul 18, 1997",Nothing To Lose,"$25,000,000","$44,480,039","$64,594,061"
"2,548","Nov 20, 1987",The Last Emperor,"$25,000,000","$43,984,987","$44,005,435"
"2,549","Nov 12, 2015",The Night Before,"$25,000,000","$43,035,725","$52,568,099"
"2,550","Oct 15, 1993",The Beverly Hillbillies,"$25,000,000","$42,222,647","$55,598,481"
"2,551","Dec 27, 2002",The Hours,"$25,000,000","$41,675,994","$97,030,468"
"2,552","Aug 22, 1997",Money Talks,"$25,000,000","$41,076,865","$41,076,865"
"2,553","Dec 26, 2007",There Will Be Blood,"$25,000,000","$40,222,514","$77,186,081"
"2,554","Dec 20, 2002",The Wild Thornberrys Movie,"$25,000,000","$40,108,697","$60,694,737"
"2,555","Jun 13, 2003",Rugrats Go Wild,"$25,000,000","$39,402,572","$55,443,032"
"2,556","Jun 1, 2005",The Sisterhood of the Traveling Pants,"$25,000,000","$39,053,061","$41,560,117"
"2,557","May 31, 2002",Undercover Brother,"$25,000,000","$38,230,435","$40,796,145"
"2,558","Dec 25, 2013",August: Osage County,"$25,000,000","$37,738,810","$50,738,810"
"2,559","Jul 6, 2001",Kiss of the Dragon,"$25,000,000","$36,833,473","$36,833,473"
"2,560","May 16, 2014",Million Dollar Arm,"$25,000,000","$36,447,959","$39,217,912"
"2,561","Mar 30, 2005",Beauty Shop,"$25,000,000","$36,351,350","$38,351,350"
"2,562","Dec 25, 2019",Just Mercy,"$25,000,000","$36,001,502","$50,901,502"
"2,563","Apr 4, 2003",What a Girl Wants,"$25,000,000","$35,990,505","$37,216,643"
"2,564","Aug 29, 2003",Jeepers Creepers 2,"$25,000,000","$35,623,801","$119,923,801"
"2,565","Sep 7, 2018",Peppermint,"$25,000,000","$35,418,723","$51,800,758"
"2,566","Sep 21, 2007",Good Luck Chuck,"$25,000,000","$35,017,297","$60,709,968"
"2,567","Feb 28, 2003",Cradle 2 the Grave,"$25,000,000","$34,657,731","$56,434,942"
"2,568","Mar 17, 2006",She’s the Man,"$25,000,000","$33,889,159","$55,279,608"
"2,569","Dec 10, 2014",The Gambler,"$25,000,000","$33,680,992","$38,718,031"
"2,570","Aug 24, 2007",Mr. Bean’s Holiday,"$25,000,000","$33,302,167","$234,981,342"
"2,571","Apr 22, 2016",Mother’s Day,"$25,000,000","$32,492,859","$52,367,022"
"2,572","Oct 16, 1998",Bride of Chucky,"$25,000,000","$32,404,188","$50,692,188"
"2,573","Feb 17, 2017",Fist Fight,"$25,000,000","$32,187,017","$40,286,416"
"2,574","Nov 21, 2007",August Rush,"$25,000,000","$31,664,162","$64,605,762"
"2,575","Aug 27, 2004",Anacondas: The Hunt for the Blood Orchid,"$25,000,000","$31,526,393","$70,326,393"
"2,576","Dec 9, 2011",The Sitter,"$25,000,000","$30,542,576","$38,749,404"
"2,577","Nov 6, 1998",Elizabeth,"$25,000,000","$30,082,699","$82,150,642"
"2,578","Jan 22, 2025",Flight Risk,"$25,000,000","$29,783,527","$44,383,005"
"2,579","Sep 23, 1970",Tora! Tora! Tora!,"$25,000,000","$29,548,291","$29,548,291"
"2,580","Aug 30, 2024",Reagan,"$25,000,000","$29,397,140","$29,442,089"
"2,581","Jan 23, 1998",Spice World,"$25,000,000","$29,342,592","$56,042,592"
"2,582","Apr 11, 2014",Draft Day,"$25,000,000","$28,842,237","$29,847,480"
"2,583","Sep 23, 1994",The Shawshank Redemption,"$25,000,000","$28,313,053","$28,784,937"
"2,584","Feb 3, 2017",Rings,"$25,000,000","$27,793,018","$82,917,283"
"2,585","May 22, 2009",Dance Flick,"$25,000,000","$25,794,018","$32,224,624"
"2,586","Apr 20, 2001",Crocodile Dundee in Los Angeles,"$25,000,000","$25,590,119","$39,393,111"
"2,587","Jul 26, 1996",Kingpin,"$25,000,000","$25,023,424","$32,223,424"
"2,588","Mar 18, 2005",Ice Princess,"$25,000,000","$24,381,334","$25,732,334"
"2,589","Aug 26, 2011",Don't Be Afraid of the Dark,"$25,000,000","$24,046,682","$39,126,427"
"2,590","Apr 23, 2010",The Losers,"$25,000,000","$23,591,432","$29,863,840"
"2,591","Apr 24, 2009",Fighting,"$25,000,000","$23,091,010","$32,831,707"
"2,592","Aug 24, 2007",War,"$25,000,000","$22,486,409","$40,686,409"
"2,593","Apr 7, 1995",Don Juan DeMarco,"$25,000,000","$22,032,635","$22,032,635"
"2,594","Apr 22, 2005",A Lot Like Love,"$25,000,000","$21,835,784","$41,921,590"
"2,595","May 1, 1998",He Got Game,"$25,000,000","$21,567,853","$22,411,948"
"2,596","Feb 11, 2011",The Eagle,"$25,000,000","$19,490,041","$38,993,548"
"2,597","Feb 6, 2015",Shaun the Sheep,"$25,000,000","$19,375,982","$101,850,986"
"2,598","Sep 2, 2011",Shark Night 3D,"$25,000,000","$18,877,153","$18,877,153"
"2,599","Mar 23, 2017",CHiPS,"$25,000,000","$18,600,152","$23,190,292"
"2,600","Oct 11, 2002",Punch-Drunk Love,"$25,000,000","$17,791,031","$24,591,031"
"2,601","Feb 20, 2004",Eurotrip,"$25,000,000","$17,718,223","$20,718,223"
"2,602","Dec 22, 2017",Father Figures,"$25,000,000","$17,501,244","$21,038,441"
"2,603","Apr 4, 2008",The Ruins,"$25,000,000","$17,432,844","$22,910,563"
"2,604","Sep 23, 2016",Masterminds,"$25,000,000","$17,356,894","$30,850,666"
"2,605","Nov 24, 2021",Resident Evil: Welcome to Raccoon City,"$25,000,000","$17,000,612","$41,909,091"
"2,606","Oct 25, 2013",The Counselor,"$25,000,000","$16,973,715","$71,009,334"
"2,607","Dec 8, 2006",Unaccompanied Minors,"$25,000,000","$16,655,224","$21,970,831"
"2,608","Dec 7, 2018",Mary Queen of Scots,"$25,000,000","$16,648,499","$48,481,754"
"2,609","Apr 1, 1988","Bright Lights, Big City","$25,000,000","$16,118,077","$16,118,077"
"2,610","Nov 15, 2002",Half Past Dead,"$25,000,000","$15,567,860","$19,233,280"
"2,611","Apr 18, 1986",Legend,"$25,000,000","$15,502,112","$23,506,237"
"2,612","Jul 26, 1996",The Adventures of Pinocchio,"$25,000,000","$15,382,170","$36,682,170"
"2,613","Sep 30, 2005",The Greatest Game Ever Played,"$25,000,000","$15,331,289","$15,468,266"
"2,614","Nov 6, 2009",The Box,"$25,000,000","$15,051,977","$34,356,760"
"2,615","Mar 3, 2000",The Next Best Thing,"$25,000,000","$14,983,572","$24,355,762"
"2,616","Oct 8, 2010",My Soul to Take,"$25,000,000","$14,744,435","$16,727,470"
"2,617","Apr 9, 2004",The Girl Next Door,"$25,000,000","$14,589,444","$31,635,150"
"2,618","Aug 15, 2008",Fly Me To the Moon,"$25,000,000","$14,543,943","$43,530,281"
"2,619","Sep 13, 1996",Maximum Risk,"$25,000,000","$14,102,929","$51,702,929"
"2,620","Sep 13, 2002",Stealing Harvard,"$25,000,000","$13,973,532","$13,973,532"
"2,621","Aug 3, 2007",Hot Rod,"$25,000,000","$13,938,332","$14,371,564"
"2,622","Sep 9, 2011",Warrior,"$25,000,000","$13,657,115","$24,215,385"
"2,623","Dec 24, 1999",Angela's Ashes,"$25,000,000","$13,038,660","$13,038,660"
"2,624","Sep 22, 2017",Battle of the Sexes,"$25,000,000","$12,638,526","$18,445,379"
"2,625","Dec 21, 2012",Cirque du Soleil: Worlds Away,"$25,000,000","$12,512,862","$34,153,101"
"2,626","Aug 6, 2015",The 33,"$25,000,000","$12,227,722","$28,287,489"
"2,627","Jun 21, 1985",Lifeforce,"$25,000,000","$11,603,545","$11,603,545"
"2,628","Apr 15, 2011",The Conspirator,"$25,000,000","$11,538,204","$15,907,411"
"2,629","Jul 3, 2002",The Powerpuff Girls,"$25,000,000","$11,411,644","$16,425,701"
"2,630","Oct 11, 1996",Michael Collins,"$25,000,000","$11,317,898","$27,798,183"
"2,631","Jun 3, 2005",Lords of Dogtown,"$25,000,000","$11,273,517","$13,424,365"
"2,632","Jul 1, 1986",Big Trouble in Little China,"$25,000,000","$11,100,000","$11,208,967"
"2,633","Mar 28, 2008",Stop-Loss,"$25,000,000","$10,915,744","$11,229,035"
"2,634","Oct 8, 1993",Gettysburg,"$25,000,000","$10,731,997","$10,731,997"
"2,635","Oct 18, 2002",Abandon,"$25,000,000","$10,719,367","$12,219,367"
"2,636","Sep 16, 2011",Straw Dogs,"$25,000,000","$10,324,441","$11,253,821"
"2,637","Aug 13, 1999",Brokedown Palace,"$25,000,000","$10,115,014","$11,115,766"
"2,638","Aug 16, 2002",Possession,"$25,000,000","$10,103,647","$14,805,812"
"2,639","Apr 19, 1996",Mrs. Winterbourne,"$25,000,000","$10,039,566","$10,039,566"
"2,640","May 17, 1991",Stone Cold,"$25,000,000","$9,286,314","$9,286,314"
"2,641","Jan 24, 2019",Serenity,"$25,000,000","$8,547,045","$13,008,804"
"2,642","Nov 25, 2009",The Road,"$25,000,000","$8,114,270","$29,206,732"
"2,643","Oct 12, 2018",Beautiful Boy,"$25,000,000","$7,634,767","$17,326,032"
"2,644","Apr 6, 2007",The Hoax,"$25,000,000","$7,164,995","$7,164,995"
"2,645","Dec 25, 2021",A Journal for Jordan,"$25,000,000","$6,545,174","$6,682,685"
"2,646","Mar 14, 2019",Captive State,"$25,000,000","$5,958,315","$9,363,210"
"2,647","Aug 17, 1984",Sheena,"$25,000,000","$5,778,353","$5,778,353"
"2,648","Oct 27, 2017",Suburbicon,"$25,000,000","$5,775,178","$15,521,619"
"2,649","Sep 2, 2005",Underclassman,"$25,000,000","$5,654,777","$5,654,777"
"2,650","Mar 23, 2001",Say It Isn't So,"$25,000,000","$5,516,708","$5,516,708"
"2,651","Oct 13, 2005",The World's Fastest Indian,"$25,000,000","$5,128,124","$18,991,288"
"2,652","Apr 25, 2008",Deception,"$25,000,000","$4,598,506","$12,850,033"
"2,653","Mar 1, 1995",Tank Girl,"$25,000,000","$4,064,333","$4,064,333"
"2,654","Apr 22, 2005",King's Ransom,"$25,000,000","$4,008,527","$4,049,527"
"2,655","Aug 23, 2020",Bill & Ted Face the Music,"$25,000,000","$3,439,660","$6,255,630"
"2,656","Oct 3, 2008",Blindness,"$25,000,000","$3,073,392","$20,052,958"
"2,657","Apr 13, 2018",Sgt. Stubby: An American Hero,"$25,000,000","$3,054,285","$3,823,620"
"2,658","Dec 16, 2011",Carnage,"$25,000,000","$2,546,747","$38,112,154"
"2,659","Aug 25, 2017",Tulip Fever,"$25,000,000","$2,455,635","$6,792,768"
"2,660","Jan 6, 2006",BloodRayne,"$25,000,000","$2,405,420","$3,711,633"
"2,661","Sep 11, 2015",Legend,"$25,000,000","$1,872,994","$42,280,444"
"2,662","Nov 20, 2009",Bad Lieutenant: Port of Call New Orleans,"$25,000,000","$1,702,112","$12,413,949"
"2,663","Dec 31, 2015",Jane Got a Gun,"$25,000,000","$1,513,793","$3,771,345"
"2,664","Nov 25, 2009",Me and Orson Welles,"$25,000,000","$1,190,003","$1,190,003"
"2,665","Oct 23, 2020",All My Life,"$25,000,000","$913,935","$2,024,063"
"2,666","Sep 16, 2005",Venom,"$25,000,000","$881,745","$881,745"
"2,667","Oct 14, 2005",Where the Truth Lies,"$25,000,000","$872,142","$1,415,656"
"2,668","Sep 11, 1998",Without Limits,"$25,000,000","$780,326","$780,326"
"2,669","May 23, 2012",On the Road,"$25,000,000","$720,828","$9,313,302"
"2,670","Aug 24, 2012",Les petits mouchoirs,"$25,000,000","$205,505","$48,530,887"
"2,671","Jun 30, 2010",Love Ranch,"$25,000,000","$137,885","$146,149"
"2,672","Apr 24, 2015",Yi ge ren de wu lin,"$25,000,000","$129,115","$129,115"
"2,673","Apr 24, 2009",Mutant Chronicles,"$25,000,000","$6,820","$6,820"
"2,674",Unknown,Sammy\'s avonturen: De geheime doorgang,"$25,000,000",$0,"$71,594,792"
"2,675",Unknown,Matilda,"$25,000,000",$0,"$9,755,282"
"2,676","Mar 18, 2010",Belka i Strelka. Zvezdnye sobaki,"$25,000,000",$0,"$9,445,081"
"2,677","Oct 4, 2011",La véritable histoire du Chat Botté,"$25,000,000",$0,"$8,208,594"
"2,678","Mar 15, 2019",The Professor and the Madman,"$25,000,000",$0,"$6,353,847"
"2,679","Jul 8, 2011",Ironclad,"$25,000,000",$0,"$5,297,411"
"2,680","Jun 20, 2014",Red Sky,"$25,000,000",$0,"$91,116"
"2,681","Jan 1, 1970",Waterloo,"$25,000,000",$0,$0
"2,682","Jan 10, 2014",The Adventurer: The Curse of the Midas Box,"$25,000,000",$0,$0
"2,683",Unknown,Mandate,"$25,000,000",$0,$0
"2,684","Nov 9, 2012",Dangerous Liaisons,"$24,200,000","$17,000","$10,447,579"
"2,685","Nov 26, 1986",Star Trek IV: The Voyage Home,"$24,000,000","$109,713,132","$133,000,000"
"2,686","Dec 12, 1997",Scream 2,"$24,000,000","$101,363,301","$172,363,301"
"2,687","Oct 11, 2019",The Addams Family,"$24,000,000","$97,864,733","$200,588,546"
"2,688","Jul 15, 2022",Where the Crawdads Sing,"$24,000,000","$90,230,760","$144,353,965"
"2,689","Jan 12, 2022",Scream,"$24,000,000","$81,641,405","$138,874,789"
"2,690","Feb 21, 2003",Old School,"$24,000,000","$75,155,000","$86,737,464"
"2,691","Dec 20, 2006",Rocky Balboa,"$24,000,000","$70,269,899","$156,229,050"
"2,692","Jun 18, 2014",Think Like a Man Too,"$24,000,000","$65,028,687","$70,027,933"
"2,693","Dec 16, 2016",Fences,"$24,000,000","$57,682,904","$64,282,881"
"2,694","Feb 18, 2000",The Whole Nine Yards,"$24,000,000","$57,262,492","$85,527,867"
"2,695","Oct 14, 2011",Footloose,"$24,000,000","$51,802,742","$62,989,834"
"2,696","Apr 5, 2017",Going in Style,"$24,000,000","$45,018,541","$80,812,424"
"2,697","Jul 12, 1991",Point Break,"$24,000,000","$43,218,387","$83,531,958"
"2,698","Sep 20, 1991",The Fisher King,"$24,000,000","$41,798,224","$41,798,224"
"2,699","Nov 13, 1998",I Still Know What You Did Last Summer,"$24,000,000","$40,020,622","$40,020,622"
"2,700","Nov 21, 2007",Hitman,"$24,000,000","$39,687,694","$99,135,571"
"2,701","Dec 16, 1969","Hello, Dolly","$24,000,000","$33,208,099","$33,208,213"
"2,702","Apr 7, 2000",Return to Me,"$24,000,000","$32,662,299","$32,662,299"
"2,703","Nov 6, 2009",The Men Who Stare at Goats,"$24,000,000","$32,428,195","$67,348,218"
"2,704","Oct 31, 2008",Zack and Miri Make a Porno,"$24,000,000","$31,457,946","$36,856,306"
"2,705","Jan 12, 2001",Double Take,"$24,000,000","$29,823,162","$29,823,162"
"2,706","Dec 21, 1999","Girl, Interrupted","$24,000,000","$28,871,190","$48,308,749"
"2,707","Sep 8, 2000",Nurse Betty,"$24,000,000","$25,170,054","$27,732,366"
"2,708","Aug 20, 2010",Piranha 3D,"$24,000,000","$25,003,155","$83,660,160"
"2,709","Nov 24, 2010",Faster,"$24,000,000","$23,240,020","$35,792,945"
"2,710","Aug 4, 1989",Lock Up,"$24,000,000","$22,099,847","$22,099,847"
"2,711","Oct 24, 1978",The Wiz,"$24,000,000","$22,000,000","$22,000,000"
"2,712","Jan 23, 2004",Win a Date with Tad Hamilton!,"$24,000,000","$16,980,098","$17,589,829"
"2,713","Jul 14, 1999",Muppets From Space,"$24,000,000","$16,304,786","$16,304,786"
"2,714","Apr 7, 2000",Ready to Rumble,"$24,000,000","$12,372,410","$12,372,410"
"2,715","Nov 14, 2014",Foxcatcher,"$24,000,000","$12,096,300","$19,303,058"
"2,716","Sep 16, 2011",I Don't Know How She Does It,"$24,000,000","$9,659,074","$24,474,463"
"2,717","Dec 24, 1999",Play it to the Bone,"$24,000,000","$8,427,204","$8,427,204"
"2,718","Dec 19, 2013",Dhoom 3,"$24,000,000","$8,031,955","$70,224,912"
"2,719","Nov 20, 2004",Howl’s Moving Castle (ハウルの動く城),"$24,000,000","$7,095,145","$239,862,616"
"2,720","Dec 17, 2004",Beyond the Sea,"$24,000,000","$6,144,806","$8,292,914"
"2,721","Mar 27, 1998",Meet the Deedles,"$24,000,000","$4,356,126","$4,356,126"
"2,722","Aug 25, 1995",The Thief and the Cobbler,"$24,000,000","$669,276","$669,276"
"2,723","Jun 10, 2005",The Bridge of San Luis Rey,"$24,000,000","$49,981","$1,696,765"
"2,724",Unknown,Flood,"$24,000,000",$0,"$4,084,232"
"2,725","Nov 4, 2021",Annaatthe,"$24,000,000",$0,"$447,432"
"2,726","Oct 2, 2009",Zombieland,"$23,600,000","$75,590,286","$102,236,596"
"2,727","May 20, 1980",Star Wars Ep. V: The Empire Strikes Back,"$23,000,000","$291,738,960","$549,001,086"
"2,728","Nov 6, 1998",The Waterboy,"$23,000,000","$161,491,646","$190,191,646"
"2,729","Jun 28, 1991",The Naked Gun 2½: The Smell of Fear,"$23,000,000","$86,930,411","$86,930,411"
"2,730","Nov 16, 2018",Green Book,"$23,000,000","$85,080,171","$319,995,019"
"2,731","Aug 11, 1995",Dangerous Minds,"$23,000,000","$84,919,401","$178,919,401"
"2,732","Apr 7, 1995",Bad Boys,"$23,000,000","$65,647,413","$141,247,413"
"2,733","Jan 16, 2015",The Wedding Ringer,"$23,000,000","$64,460,211","$80,171,596"
"2,734","Mar 17, 2000",Final Destination,"$23,000,000","$53,302,314","$112,036,870"
"2,735","Dec 17, 1976",King Kong,"$23,000,000","$52,614,445","$90,614,445"
"2,736","May 11, 1994",The Crow,"$23,000,000","$50,638,075","$52,297,695"
"2,737","Oct 7, 2011",The Ides of March,"$23,000,000","$40,962,534","$77,735,925"
"2,738","Feb 18, 2000",Pitch Black,"$23,000,000","$39,235,088","$53,182,088"
"2,739","Oct 5, 2018",The Hate U Give,"$23,000,000","$29,719,483","$35,067,665"
"2,740","Mar 30, 2001",Someone Like You,"$23,000,000","$27,338,033","$38,684,906"
"2,741","Jan 10, 2014",Her,"$23,000,000","$25,568,251","$48,038,809"
"2,742","Feb 9, 2022",Marry Me,"$23,000,000","$22,438,180","$48,774,993"
"2,743","Oct 5, 2001",Joy Ride,"$23,000,000","$21,973,182","$22,204,890"
"2,744","Jul 17, 1987",Jaws 4: The Revenge,"$23,000,000","$20,763,013","$51,881,013"
"2,745","Jan 12, 2012",Arrietty (借りぐらしのアリエッティ),"$23,000,000","$19,192,510","$151,496,097"
"2,746","Jan 20, 2012",Haywire,"$23,000,000","$18,942,396","$36,374,700"
"2,747","Nov 12, 1999",Anywhere But Here,"$23,000,000","$18,653,615","$18,653,615"
"2,748","Sep 1, 2004",Vanity Fair,"$23,000,000","$16,123,851","$19,123,851"
"2,749","Feb 26, 2016",Eddie the Eagle,"$23,000,000","$15,789,389","$45,032,437"
"2,750","Jan 15, 2021",The Marksman,"$23,000,000","$15,566,093","$23,855,847"
"2,751","Mar 5, 2020",The Way Back,"$23,000,000","$13,590,514","$15,490,514"
"2,752","Aug 25, 2000",The Crew,"$23,000,000","$13,019,253","$13,019,253"
"2,753","Dec 20, 1996",Marvin's Room,"$23,000,000","$12,803,305","$12,803,305"
"2,754","Jan 9, 2004",Chasing Liberty,"$23,000,000","$12,189,514","$12,291,975"
"2,755","Aug 22, 2008",The Longshots,"$23,000,000","$11,511,323","$11,778,396"
"2,756","Dec 3, 1999",The End of the Affair,"$23,000,000","$10,660,147","$10,660,147"
"2,757","Aug 23, 1991",Harley Davidson and the Marlboro Man,"$23,000,000","$7,018,525","$7,018,525"
"2,758","Sep 14, 2007",In the Valley of Elah,"$23,000,000","$6,777,741","$24,489,150"
"2,759","Sep 25, 2009",Coco avant Chanel,"$23,000,000","$6,113,834","$50,813,834"
"2,760","Jun 26, 2009",Chéri,"$23,000,000","$2,715,657","$2,715,657"
"2,761","Jun 28, 2013",Redemption,"$23,000,000","$36,686","$13,593,473"
"2,762","Apr 25, 2008",Rogue,"$23,000,000","$10,452","$4,673,377"
"2,763","Apr 27, 2017",Chāi dàn zhuānjiā,"$23,000,000",$0,"$58,807,172"
"2,764","Jan 21, 2010",Shi Yue Wei Cheng,"$23,000,000",$0,"$44,195,779"
"2,765","Jun 24, 1987",Spaceballs,"$22,700,000","$38,119,483","$38,119,483"
"2,766","Sep 12, 2025",Spinal Tap II: The End Continues,"$22,656,800",$0,$0
"2,767","Jun 22, 2007",1408,"$22,500,000","$71,985,628","$131,263,370"
"2,768","Nov 4, 2016",Nocturnal Animals,"$22,500,000","$10,663,357","$32,398,681"
"2,769","Dec 26, 2014",The Water Diviner,"$22,500,000","$4,200,117","$35,400,117"
"2,770","May 16, 2023",Jeanne du Barry,"$22,400,000",$0,"$7,267,208"
"2,771","Jul 13, 1990",Ghost,"$22,000,000","$217,631,306","$517,599,988"
"2,772","Jul 15, 1998",There's Something About Mary,"$22,000,000","$176,484,651","$369,884,651"
"2,773","Nov 11, 1994",The Santa Clause,"$22,000,000","$145,539,357","$190,506,000"
"2,774","Jul 27, 2018",The Nun,"$22,000,000","$117,450,119","$362,900,037"
"2,775","Sep 28, 2007",The Game Plan,"$22,000,000","$90,648,202","$146,590,987"
"2,776","Mar 29, 2002",The Rookie,"$22,000,000","$75,600,072","$80,491,516"
"2,777","Jun 2, 1995",The Bridges of Madison County,"$22,000,000","$71,516,617","$175,516,617"
"2,778","Jul 15, 1983",Staying Alive,"$22,000,000","$63,841,474","$126,041,474"
"2,779","Feb 28, 2014",Son of God,"$22,000,000","$59,700,064","$70,949,793"
"2,780","Jun 1, 2001",The Animal,"$22,000,000","$55,762,229","$55,762,229"
"2,781","Aug 8, 2014",The Hundred-Foot Journey,"$22,000,000","$54,235,441","$94,270,488"
"2,782","Dec 8, 1982",Gandhi,"$22,000,000","$52,767,889","$127,767,889"
"2,783","Sep 19, 2003",Underworld,"$22,000,000","$51,970,690","$95,708,457"
"2,784","Jul 28, 1995",The Net,"$22,000,000","$50,621,733","$110,521,733"
"2,785","Aug 3, 2012",Diary of a Wimpy Kid: Dog Days,"$22,000,000","$49,008,662","$77,229,695"
"2,786","Dec 28, 2001",I Am Sam,"$22,000,000","$40,270,895","$92,542,418"
"2,787","Dec 27, 2019",The Gentlemen,"$22,000,000","$36,471,796","$113,152,222"
"2,788","Nov 11, 2005",Derailed,"$22,000,000","$36,020,063","$57,520,063"
"2,789","Sep 18, 2009",The Informant!,"$22,000,000","$33,316,821","$41,771,168"
"2,790","Nov 21, 2013",Delivery Man,"$22,000,000","$30,659,817","$55,616,322"
"2,791","Feb 5, 2016","Hail, Caesar!","$22,000,000","$30,080,225","$64,220,196"
"2,792","Aug 24, 2001",Jay and Silent Bob Strike Back,"$22,000,000","$30,059,386","$33,762,400"
"2,793","Dec 29, 1993",Shadowlands,"$22,000,000","$25,842,377","$25,842,377"
"2,794","Aug 27, 2008",Traitor,"$22,000,000","$23,530,831","$27,882,226"
"2,795","Aug 12, 2005",Deuce Bigalow: European Gigolo,"$22,000,000","$22,400,154","$45,273,464"
"2,796","May 19, 2017",Diary of a Wimpy Kid: The Long Haul,"$22,000,000","$20,738,724","$35,609,577"
"2,797","Jan 18, 2008",Mad Money,"$22,000,000","$20,668,843","$25,044,057"
"2,798","Nov 27, 2013",Homefront,"$22,000,000","$20,158,492","$51,695,362"
"2,799","Sep 19, 2008",Igor,"$22,000,000","$19,528,602","$31,013,349"
"2,800","Feb 9, 2001",Saving Silverman,"$22,000,000","$19,351,569","$25,873,142"
"2,801","Jul 2, 1999",Summer of Sam,"$22,000,000","$19,288,130","$19,288,130"
"2,802","Sep 14, 2001",The Glass House,"$22,000,000","$17,951,431","$22,861,785"
"2,803","Sep 2, 2015",The Transporter Refueled,"$22,000,000","$16,029,670","$69,698,495"
"2,804","Jun 13, 1980",The Island,"$22,000,000","$15,716,828","$15,716,828"
"2,805","Apr 11, 2001",Josie and the Pussycats,"$22,000,000","$14,252,830","$14,307,223"
"2,806","Aug 22, 2012",Hit & Run,"$22,000,000","$13,749,300","$17,216,955"
"2,807","Oct 13, 2000",The Little Vampire,"$22,000,000","$13,555,988","$13,560,782"
"2,808","Oct 1, 2004",I Heart Huckabees,"$22,000,000","$12,784,713","$20,034,713"
"2,809","Nov 17, 2017","Roman J. Israel, Esq.","$22,000,000","$11,962,712","$12,967,012"
"2,810","Dec 4, 2013",Out of the Furnace,"$22,000,000","$11,330,849","$15,434,375"
"2,811","Nov 5, 1993",RoboCop 3,"$22,000,000","$10,696,210","$10,696,210"
"2,812","Aug 27, 1999",Dudley Do-Right,"$22,000,000","$9,818,792","$9,818,792"
"2,813","Dec 8, 2017",Just Getting Started,"$22,000,000","$6,069,605","$6,756,412"
"2,814","Sep 21, 2001",Megiddo: Omega Code 2,"$22,000,000","$6,047,691","$6,047,691"
"2,815","Jun 24, 1970",Darling Lili,"$22,000,000","$5,000,000","$5,000,000"
"2,816","Nov 23, 2005",The Libertine,"$22,000,000","$4,835,065","$9,448,623"
"2,817","Apr 6, 2007",Zwartboek,"$22,000,000","$4,398,532","$27,238,354"
"2,818","Oct 31, 2014",Before I Go to Sleep,"$22,000,000","$3,242,457","$19,563,579"
"2,819","Oct 8, 2010",Stone,"$22,000,000","$1,810,078","$4,065,020"
"2,820","Mar 3, 2006",Joyeux Noël,"$22,000,000","$1,054,361","$23,134,075"
"2,821","Jul 18, 2013",Metegol,"$22,000,000",$0,"$34,061,097"
"2,822","Jun 24, 1977",Sorcerer,"$21,600,000","$12,000,000","$12,007,773"
"2,823","Jul 27, 2007",Molière,"$21,600,000","$635,733","$791,154"
"2,824","Oct 5, 2007",Michael Clayton,"$21,500,000","$49,033,882","$92,987,651"
"2,825","Jul 9, 1999",Arlington Road,"$21,500,000","$24,419,219","$24,419,219"
"2,826","Dec 20, 1996",My Fellow Americans,"$21,500,000","$22,331,846","$22,331,846"
"2,827","Apr 20, 2012",To Rome with Love,"$21,500,000","$16,684,352","$74,290,305"
"2,828","Nov 16, 2012",Silver Linings Playbook,"$21,000,000","$132,092,958","$236,412,453"
"2,829","Mar 29, 2018",Blockers,"$21,000,000","$60,311,495","$94,523,781"
"2,830","Apr 5, 2019",Pet Sematary,"$21,000,000","$54,724,696","$111,809,732"
"2,831","Jun 30, 1999","South Park: Bigger, Longer & Uncut","$21,000,000","$52,037,603","$52,037,603"
"2,832","Jun 18, 1982",Firefox,"$21,000,000","$45,785,720","$45,785,720"
"2,833","Apr 16, 2010",Death at a Funeral,"$21,000,000","$42,739,347","$48,977,233"
"2,834","Mar 19, 1993",Teenage Mutant Ninja Turtles III,"$21,000,000","$42,273,609","$42,273,609"
"2,835","Sep 14, 2001",Hardball,"$21,000,000","$40,222,729","$43,728,560"
"2,836","Nov 5, 2010",For Colored Girls,"$21,000,000","$37,729,698","$38,017,873"
"2,837","Jan 5, 2007",Freedom Writers,"$21,000,000","$36,605,602","$43,632,609"
"2,838","May 8, 2019",The Hustle,"$21,000,000","$35,417,038","$97,389,568"
"2,839","Aug 4, 2017",Kidnap,"$21,000,000","$30,718,107","$34,836,080"
"2,840","Oct 11, 2002",The Transporter,"$21,000,000","$25,296,447","$43,928,932"
"2,841","Mar 14, 2008",Never Back Down,"$21,000,000","$24,850,922","$39,319,801"
"2,842","Dec 9, 2011",Tinker Tailor Soldier Spy,"$21,000,000","$24,149,393","$81,428,388"
"2,843","Sep 13, 2017",Victoria and Abdul,"$21,000,000","$22,245,070","$68,271,146"
"2,844","Nov 5, 1999",The Bachelor,"$21,000,000","$21,731,001","$36,882,378"
"2,845","Mar 12, 1999",The Rage: Carrie 2,"$21,000,000","$17,760,244","$17,760,244"
"2,846","Aug 1, 2008",Swing Vote,"$21,000,000","$16,289,867","$17,589,867"
"2,847","Jun 5, 2009",Away We Go,"$21,000,000","$9,451,946","$10,108,016"
"2,848","Sep 27, 2002",Moonlight Mile,"$21,000,000","$6,830,957","$6,830,957"
"2,849","May 6, 2011",The Beaver,"$21,000,000","$970,816","$5,046,038"
"2,850","Feb 24, 2017",Bitter Harvest,"$21,000,000","$557,241","$606,162"
"2,851","Oct 22, 1999",Molly,"$21,000,000","$17,396","$17,396"
"2,852","Mar 15, 2015",Robot Overlords,"$21,000,000",$0,"$991,329"
"2,853","Feb 1, 2019",Velvet Buzzsaw,"$21,000,000",$0,$0
"2,854","Mar 27, 2025",Sikandar,"$20,811,654",$0,"$1,020,756"
"2,855","Sep 12, 2019",Hustlers,"$20,700,000","$104,963,598","$150,467,919"
"2,856","Apr 23, 1999",eXistenZ,"$20,700,000","$2,840,417","$2,840,417"
"2,857","Jul 23, 1982",The Best Little Whorehouse in Texas,"$20,500,000","$69,701,637","$69,701,637"
"2,858","Aug 11, 2006",Pulse,"$20,500,000","$20,264,436","$30,241,435"
"2,859","Jun 12, 1981",Raiders of the Lost Ark,"$20,000,000","$225,686,079","$367,451,914"
"2,860","Nov 13, 1991",Beauty and the Beast,"$20,000,000","$206,333,165","$438,656,843"
"2,861","Nov 20, 1992",Home Alone 2: Lost in New York,"$20,000,000","$173,585,516","$358,994,850"
"2,862","Nov 16, 1977",Close Encounters of the Third Kind,"$20,000,000","$169,100,479","$340,800,479"
"2,863","May 20, 1987",Beverly Hills Cop II,"$20,000,000","$153,665,036","$276,665,036"
"2,864","Jul 18, 2013",The Conjuring,"$20,000,000","$137,400,141","$316,143,649"
"2,865","Oct 25, 2023",Five Nights at Freddy’s,"$20,000,000","$137,275,620","$297,144,130"
"2,866","Mar 7, 2003",Bringing Down the House,"$20,000,000","$132,675,402","$164,675,402"
"2,867","Oct 17, 2017",Wonder,"$20,000,000","$132,422,809","$310,179,620"
"2,868","Feb 14, 1991",The Silence of the Lambs,"$20,000,000","$130,726,716","$275,726,375"
"2,869","Feb 14, 1992",Wayne's World,"$20,000,000","$121,697,323","$183,097,323"
"2,870","Oct 15, 2010",Jackass 3D,"$20,000,000","$117,229,692","$171,471,521"
"2,871","Jul 29, 2016",Bad Moms,"$20,000,000","$113,257,297","$180,485,601"
"2,872","Jan 17, 2019",Glass,"$20,000,000","$111,048,468","$246,999,039"
"2,873","Jun 16, 1978",Jaws 2,"$20,000,000","$102,922,376","$208,900,376"
"2,874","Oct 3, 2008",Beverly Hills Chihuahua,"$20,000,000","$94,514,402","$154,218,168"
"2,875","Oct 14, 2021",Halloween Kills,"$20,000,000","$92,002,155","$130,851,162"
"2,876","Jul 2, 2014",Tammy,"$20,000,000","$84,525,432","$96,407,655"
"2,877","Aug 14, 2019",Good Boys,"$20,000,000","$83,140,306","$111,174,248"
"2,878","Jan 21, 2005",Are We There Yet?,"$20,000,000","$82,674,398","$98,114,471"
"2,879","Nov 16, 2011",The Descendants,"$20,000,000","$82,624,961","$175,507,800"
"2,880","Oct 3, 2003",School of Rock,"$20,000,000","$81,261,177","$131,944,672"
"2,881","Apr 13, 2007",Disturbia,"$20,000,000","$80,818,974","$118,537,627"
"2,882","Jul 29, 1988",Cocktail,"$20,000,000","$78,222,753","$78,222,753"
"2,883","Jul 16, 1993",Free Willy,"$20,000,000","$77,698,625","$153,698,625"
"2,884","Feb 27, 2019",Tyler Perry’s A Madea Family Funeral,"$20,000,000","$73,257,045","$74,781,999"
"2,885","Oct 21, 2016",Tyler Perry’s Boo! A Madea Halloween,"$20,000,000","$73,206,343","$73,206,343"
"2,886","Aug 18, 1995",Mortal Kombat,"$20,000,000","$70,433,227","$122,133,227"
"2,887","Jun 23, 2004",White Chicks,"$20,000,000","$69,148,997","$111,448,997"
"2,888","Apr 24, 2009",Obsessed,"$20,000,000","$68,261,644","$73,964,713"
"2,889","Apr 18, 2003",Holes,"$20,000,000","$67,383,924","$71,232,214"
"2,890","Jun 29, 2012",Tyler Perry's Madea's Witness Protection,"$20,000,000","$65,653,242","$66,950,887"
"2,891","Oct 12, 2022",Halloween Ends,"$20,000,000","$64,079,860","$105,400,796"
"2,892","Mar 31, 2010",The Last Song,"$20,000,000","$62,950,384","$92,678,948"
"2,893","Apr 2, 2010",Why Did I Get Married Too?,"$20,000,000","$60,095,852","$60,831,067"
"2,894","Oct 23, 1998",La vita è bella,"$20,000,000","$57,598,247","$229,375,361"
"2,895","Mar 3, 2017",The Shack,"$20,000,000","$57,386,418","$96,860,808"
"2,896","Oct 18, 2013",12 Years a Slave,"$20,000,000","$56,671,993","$180,765,061"
"2,897","Dec 13, 2002",Drumline,"$20,000,000","$56,398,162","$56,398,875"
"2,898","Jun 1, 2016",Me Before You,"$20,000,000","$56,245,075","$208,064,908"
"2,899","Feb 8, 2019",What Men Want,"$20,000,000","$54,611,903","$69,911,903"
"2,900","Apr 15, 2016",Barbershop: The Next Cut,"$20,000,000","$54,030,051","$54,404,202"
"2,901","Dec 7, 1990",Edward Scissorhands,"$20,000,000","$53,976,987","$53,980,220"
"2,902","Sep 12, 2018",A Simple Favor,"$20,000,000","$53,548,586","$97,628,717"
"2,903","Jan 9, 2015",Selma,"$20,000,000","$52,076,908","$66,670,998"
"2,904","Nov 30, 2022",Violent Night,"$20,000,000","$50,057,405","$76,599,977"
"2,905","Aug 11, 1995",A Walk in the Clouds,"$20,000,000","$50,008,143","$50,008,143"
"2,906","Dec 12, 1980",Popeye,"$20,000,000","$49,823,037","$49,823,037"
"2,907","Feb 17, 2006",Date Movie,"$20,000,000","$48,548,426","$85,146,165"
"2,908","Feb 15, 2002",Peter Pan: Return to Neverland,"$20,000,000","$48,430,258","$109,862,682"
"2,909","Feb 14, 2003",The Jungle Book 2,"$20,000,000","$47,901,582","$139,924,202"
"2,910","Mar 16, 2007",Premonition,"$20,000,000","$47,852,604","$84,146,832"
"2,911","Oct 20, 2017",Tyler Perry’s Boo 2! A Madea Halloween,"$20,000,000","$47,319,572","$47,879,572"
"2,912","Feb 4, 2005",Boogeyman,"$20,000,000","$46,752,382","$67,192,859"
"2,913","Feb 11, 2000",The Tigger Movie,"$20,000,000","$45,542,421","$96,147,688"
"2,914","Nov 6, 2015",Spotlight,"$20,000,000","$45,055,776","$91,902,438"
"2,915","Nov 27, 2019",Queen & Slim,"$20,000,000","$43,808,310","$48,266,163"
"2,916","Mar 29, 2018",Acrimony,"$20,000,000","$43,549,096","$46,627,836"
"2,917","Jun 25, 2015",Max,"$20,000,000","$42,656,255","$43,956,255"
"2,918","Mar 21, 2008",Meet the Browns,"$20,000,000","$41,975,388","$41,975,388"
"2,919","Jul 24, 2009",Orphan,"$20,000,000","$41,596,251","$78,769,428"
"2,920","Nov 15, 2017",The Star,"$20,000,000","$40,847,995","$62,592,138"
"2,921","Jan 26, 2007",Epic Movie,"$20,000,000","$39,739,367","$86,858,578"
"2,922","Sep 19, 2008",Lakeview Terrace,"$20,000,000","$39,263,506","$44,821,299"
"2,923","Oct 13, 2006",The Grudge 2,"$20,000,000","$39,143,839","$70,743,839"
"2,924","Jul 27, 2016",Nerve,"$20,000,000","$38,583,626","$85,583,945"
"2,925","May 14, 1982",Conan the Barbarian,"$20,000,000","$38,264,085","$79,114,085"
"2,926","Aug 14, 1998",How Stella Got Her Groove Back,"$20,000,000","$37,672,944","$37,672,944"
"2,927","Jul 19, 1991",Bill & Ted's Bogus Journey,"$20,000,000","$37,537,675","$37,540,012"
"2,928","Oct 13, 2006",Man of the Year,"$20,000,000","$37,442,180","$41,342,180"
"2,929","Feb 18, 2016",Risen,"$20,000,000","$36,880,033","$46,244,066"
"2,930","Aug 18, 2010",Vampires Suck,"$20,000,000","$36,661,504","$81,424,988"
"2,931","Mar 21, 1997",Selena,"$20,000,000","$35,868,790","$35,868,790"
"2,932","Dec 21, 1979",The Black Hole,"$20,000,000","$35,841,901","$35,841,901"
"2,933","Sep 1, 2010",The American,"$20,000,000","$35,606,376","$67,950,723"
"2,934","Feb 1, 2023",Knock at the Cabin,"$20,000,000","$35,397,980","$54,712,735"
"2,935","Nov 4, 2011",A Very Harold & Kumar 3D Christmas,"$20,000,000","$35,061,031","$36,265,745"
"2,936","Mar 19, 2004",Eternal Sunshine of the Spotless Mind,"$20,000,000","$34,366,518","$72,401,378"
"2,937","Jan 4, 2013",Texas Chainsaw 3D,"$20,000,000","$34,341,945","$47,666,013"
"2,938","Oct 27, 2006",Babel,"$20,000,000","$34,302,837","$132,121,212"
"2,939","Sep 19, 2014",This is Where I Leave You,"$20,000,000","$34,296,320","$41,296,320"
"2,940","Dec 12, 2008",Doubt,"$20,000,000","$33,446,470","$53,191,101"
"2,941","Oct 15, 2004",Team America: World Police,"$20,000,000","$32,774,834","$50,948,811"
"2,942","Oct 27, 1995",Copycat,"$20,000,000","$32,051,917","$32,051,917"
"2,943","Apr 11, 2013",Scary Movie V,"$20,000,000","$32,015,787","$78,613,981"
"2,944","Mar 12, 2010",She\'s Out of My League,"$20,000,000","$32,010,860","$48,680,977"
"2,945","Nov 26, 2008",Milk,"$20,000,000","$31,841,299","$57,293,371"
"2,946","Oct 15, 1969",Paint Your Wagon,"$20,000,000","$31,678,778","$31,678,778"
"2,947","Aug 31, 2011",The Debt,"$20,000,000","$31,177,548","$46,604,054"
"2,948","Oct 25, 2002",Ghost Ship,"$20,000,000","$30,113,491","$68,349,884"
"2,949","Jan 8, 2010",Daybreakers,"$20,000,000","$30,101,577","$51,445,503"
"2,950","Mar 7, 2008",The Bank Job,"$20,000,000","$30,060,660","$66,143,005"
"2,951","Mar 20, 1998",Wild Things,"$20,000,000","$29,795,299","$55,576,210"
"2,952","Oct 16, 2009",The Stepfather,"$20,000,000","$29,062,561","$29,227,561"
"2,953","Mar 31, 2000",High Fidelity,"$20,000,000","$27,277,055","$47,881,663"
"2,954","Apr 28, 2006",Stick It,"$20,000,000","$26,910,736","$30,399,714"
"2,955","Jan 4, 2008",One Missed Call,"$20,000,000","$26,890,041","$44,513,466"
"2,956","Jan 12, 1996",Eye for an Eye,"$20,000,000","$26,792,700","$26,792,700"
"2,957","Apr 11, 2008",Street Kings,"$20,000,000","$26,418,667","$65,457,811"
"2,958","Jul 18, 2013",The World’s End,"$20,000,000","$26,004,851","$47,124,638"
"2,959","Jan 19, 1996",From Dusk Till Dawn,"$20,000,000","$25,728,961","$25,736,162"
"2,960","Sep 24, 2010",You Again,"$20,000,000","$25,702,053","$32,838,945"
"2,961","Jun 15, 2007",Nancy Drew,"$20,000,000","$25,584,685","$30,703,845"
"2,962","Sep 17, 2010",Alpha and Omega,"$20,000,000","$25,107,267","$48,958,353"
"2,963","Nov 23, 2018",On the Basis of Sex,"$20,000,000","$24,704,837","$38,780,888"
"2,964","Feb 14, 2014",Endless Love,"$20,000,000","$23,438,250","$34,718,173"
"2,965","Sep 8, 2006",The Covenant,"$20,000,000","$23,364,784","$38,164,784"
"2,966","May 12, 2021",Spiral,"$20,000,000","$23,216,862","$39,519,588"
"2,967","Jul 1, 2011",Monte Carlo,"$20,000,000","$23,186,769","$39,686,769"
"2,968","Mar 24, 2006",Stay Alive,"$20,000,000","$23,086,480","$27,565,514"
"2,969","Oct 7, 2005",2 For the Money,"$20,000,000","$22,991,379","$30,491,379"
"2,970","Jun 14, 2017",Rough Night,"$20,000,000","$22,105,643","$46,844,357"
"2,971","Apr 10, 2025",Warfare,"$20,000,000","$21,800,596","$24,891,255"
"2,972","Dec 4, 1998",Psycho,"$20,000,000","$21,541,218","$37,226,218"
"2,973","Oct 19, 1990",Quigley Down Under,"$20,000,000","$21,413,105","$21,413,105"
"2,974","Sep 27, 1995",To Die For,"$20,000,000","$21,284,514","$27,688,744"
"2,975","Aug 21, 2009",Shorts,"$20,000,000","$20,919,166","$29,870,801"
"2,976","Oct 27, 2023",Priscilla,"$20,000,000","$20,864,910","$30,977,065"
"2,977","Oct 30, 1998",Vampires,"$20,000,000","$20,268,825","$20,268,825"
"2,978","Sep 19, 2008",Appaloosa,"$20,000,000","$20,211,394","$27,911,453"
"2,979","Nov 12, 2015",Secret in Their Eyes,"$20,000,000","$20,180,155","$32,608,019"
"2,980","Aug 13, 2004",Yu-Gi-Oh,"$20,000,000","$19,762,690","$28,715,003"
"2,981","Mar 23, 2007",Reign Over Me,"$20,000,000","$19,661,987","$20,081,987"
"2,982","Sep 19, 2008",My Best Friend's Girl,"$20,000,000","$19,219,250","$34,787,111"
"2,983","May 11, 2007",Georgia Rule,"$20,000,000","$18,882,880","$20,819,601"
"2,984","Jul 31, 1981",Under the Rainbow,"$20,000,000","$18,826,490","$18,826,490"
"2,985","Apr 12, 1985",Ladyhawke,"$20,000,000","$18,400,000","$18,400,000"
"2,986","Sep 21, 2007",Into the Wild,"$20,000,000","$18,354,356","$56,822,960"
"2,987","Sep 11, 1998",Simon Birch,"$20,000,000","$18,253,415","$18,310,591"
"2,988","Feb 11, 2005",Pooh's Heffalump Movie,"$20,000,000","$18,098,433","$55,686,944"
"2,989","Sep 29, 2006",School for Scoundrels,"$20,000,000","$17,807,569","$17,807,569"
"2,990","Oct 29, 1999",Princess Mononoke (もののけ姫),"$20,000,000","$17,675,514","$212,958,887"
"2,991","Aug 29, 2018",Operation Finale,"$20,000,000","$17,612,099","$17,612,099"
"2,992","Oct 26, 2012",Silent Hill: Revelation 3D,"$20,000,000","$17,530,219","$55,975,672"
"2,993","Nov 3, 1995",Home for the Holidays,"$20,000,000","$17,468,887","$22,119,269"
"2,994","Mar 24, 2017",The Zookeeper’s Wife,"$20,000,000","$17,445,186","$26,308,749"
"2,995","Feb 20, 2009",Fired Up,"$20,000,000","$17,231,291","$18,608,570"
"2,996","Sep 14, 2004",Kung Fu Hustle,"$20,000,000","$17,104,669","$102,034,104"
"2,997","Jul 26, 2002",The Country Bears,"$20,000,000","$16,988,996","$16,988,996"
"2,998","Sep 27, 2017",Flatliners,"$20,000,000","$16,883,115","$45,173,738"
"2,999","Mar 16, 2007",Dead Silence,"$20,000,000","$16,574,590","$20,614,661"
"3,000","Nov 21, 2003",21 Grams,"$20,000,000","$16,248,701","$59,667,625"
"3,001","Dec 4, 2009",Armored,"$20,000,000","$15,988,876","$23,661,038"
"3,002","Dec 14, 2007",The Kite Runner,"$20,000,000","$15,800,078","$74,180,745"
"3,003","Sep 3, 2004",Paparazzi,"$20,000,000","$15,712,072","$16,612,072"
"3,004","Jan 17, 2003",A Guy Thing,"$20,000,000","$15,543,862","$17,430,594"
"3,005","Feb 15, 1965",The Greatest Story Ever Told,"$20,000,000","$15,473,333","$15,473,333"
"3,006","Jul 21, 2000",Loser,"$20,000,000","$15,464,026","$18,250,106"
"3,007","Mar 6, 1998",Twilight,"$20,000,000","$15,055,091","$15,055,091"
"3,008","Sep 23, 2009",Capitalism: A Love Story,"$20,000,000","$14,363,397","$19,121,531"
"3,009","Apr 13, 2012",Lockout,"$20,000,000","$14,326,865","$33,943,049"
"3,010","Aug 29, 2008",Disaster Movie,"$20,000,000","$14,190,901","$36,720,752"
"3,011","Sep 30, 2011",What's Your Number?,"$20,000,000","$14,011,084","$30,163,785"
"3,012","Nov 14, 1997",The Man Who Knew Too Little,"$20,000,000","$13,801,755","$13,801,755"
"3,013","Apr 17, 2009",Crank 2: High Voltage,"$20,000,000","$13,684,249","$35,472,739"
"3,014","Oct 22, 2015",Burnt,"$20,000,000","$13,651,946","$36,766,293"
"3,015","Apr 30, 2004",Envy,"$20,000,000","$13,548,322","$14,566,246"
"3,016","Oct 13, 2006",One Night with the King,"$20,000,000","$13,395,961","$13,725,032"
"3,017","Oct 21, 1994",Bullets Over Broadway,"$20,000,000","$13,383,747","$13,383,747"
"3,018","Sep 19, 2008",Ghost Town,"$20,000,000","$13,367,624","$29,958,228"
"3,019","Nov 22, 2002",The Quiet American,"$20,000,000","$12,987,647","$26,348,203"
"3,020","Feb 19, 2016",Triple 9,"$20,000,000","$12,639,297","$25,943,792"
"3,021","Sep 2, 2016",The Light Between Oceans,"$20,000,000","$12,545,979","$22,281,732"
"3,022","Oct 28, 2005",The Weather Man,"$20,000,000","$12,482,775","$15,466,961"
"3,023","Aug 23, 2002",Undisputed,"$20,000,000","$12,398,628","$12,398,628"
"3,024","Mar 27, 2009",12 Rounds,"$20,000,000","$12,234,694","$17,306,648"
"3,025","Oct 1, 2010",Let Me In,"$20,000,000","$12,134,935","$28,270,399"
"3,026","May 6, 1994",3 Ninjas Kick Back,"$20,000,000","$11,744,960","$11,744,960"
"3,027","Feb 22, 2008",Be Kind Rewind,"$20,000,000","$11,175,164","$30,894,247"
"3,028","Dec 9, 2005",Mrs. Henderson Presents,"$20,000,000","$11,036,366","$27,836,366"
"3,029","Dec 12, 1997",Deconstructing Harry,"$20,000,000","$10,686,841","$10,686,841"
"3,030","Oct 21, 2022",The Banshees of Inisherin,"$20,000,000","$10,582,266","$52,344,724"
"3,031","Oct 22, 1999",Three to Tango,"$20,000,000","$10,570,375","$10,570,375"
"3,032","Dec 15, 1989",We're No Angels,"$20,000,000","$10,555,348","$10,555,348"
"3,033","May 25, 2023",The Machine,"$20,000,000","$10,458,331","$10,656,936"
"3,034","Sep 18, 2024",Never Let Go,"$20,000,000","$10,306,106","$21,761,751"
"3,035","Dec 6, 1996",Everyone Says I Love You,"$20,000,000","$9,725,847","$34,600,000"
"3,036","Aug 31, 2007",Death Sentence,"$20,000,000","$9,534,258","$16,907,831"
"3,037","Jun 3, 2016",Popstar: Never Stop Never Stopping,"$20,000,000","$9,496,130","$9,537,120"
"3,038","Oct 27, 2017",Thank You for Your Service,"$20,000,000","$9,479,390","$9,985,316"
"3,039","Dec 4, 2009",Everybody's Fine,"$20,000,000","$9,208,876","$9,208,876"
"3,040","Aug 16, 2019",Where’d You Go Bernadette,"$20,000,000","$9,198,356","$10,844,598"
"3,041","Aug 27, 2004",Superbabies: Baby Geniuses 2,"$20,000,000","$9,109,322","$9,355,369"
"3,042","Sep 20, 2013",Battle of the Year,"$20,000,000","$8,888,355","$16,723,377"
"3,043","Apr 15, 2016",Ratchet and Clank,"$20,000,000","$8,813,410","$14,365,639"
"3,044","Aug 17, 2007",Death at a Funeral,"$20,000,000","$8,580,428","$47,289,148"
"3,045","Sep 9, 2005",The Man,"$20,000,000","$8,330,720","$10,393,696"
"3,046","Jan 5, 2007",Code Name: The Cleaner,"$20,000,000","$8,135,024","$8,135,024"
"3,047","Dec 12, 2014",Inherent Vice,"$20,000,000","$8,110,975","$14,810,975"
"3,048","Apr 16, 2004",Connie and Carla,"$20,000,000","$8,047,525","$9,649,039"
"3,049","Oct 11, 2013",Machete Kills,"$20,000,000","$8,008,161","$18,273,009"
"3,050","Apr 1, 1969",Sweet Charity,"$20,000,000","$8,000,000","$8,000,000"
"3,051","Feb 24, 2006",Doogal,"$20,000,000","$7,578,946","$28,058,652"
"3,052","Sep 16, 2005",Proof,"$20,000,000","$7,535,331","$8,284,331"
"3,053","Oct 3, 2008",An American Carol,"$20,000,000","$7,013,191","$7,022,183"
"3,054","Mar 14, 2003",Willard,"$20,000,000","$6,882,696","$6,882,696"
"3,055","Feb 1, 2008",Strange Wilderness,"$20,000,000","$6,575,282","$6,947,084"
"3,056","Apr 24, 2015",Little Boy,"$20,000,000","$6,485,961","$17,769,299"
"3,057","Dec 17, 1999",Topsy Turvy,"$20,000,000","$6,201,757","$7,797,434"
"3,058","Oct 25, 2012",Chasing Mavericks,"$20,000,000","$6,002,756","$8,300,821"
"3,059","Dec 31, 2014",A Most Violent Year,"$20,000,000","$5,749,134","$8,869,722"
"3,060","Nov 23, 2011",A Dangerous Method,"$20,000,000","$5,702,083","$14,807,531"
"3,061","Jul 7, 2006",A Scanner Darkly,"$20,000,000","$5,501,616","$7,405,084"
"3,062","Aug 14, 2009",Bandslam,"$20,000,000","$5,210,988","$12,967,829"
"3,063","Jan 28, 2005",Alone in the Dark,"$20,000,000","$5,178,569","$10,588,079"
"3,064","Oct 29, 2004",Birth,"$20,000,000","$5,005,899","$14,603,001"
"3,065","Aug 26, 2016",Hands of Stone,"$20,000,000","$4,712,792","$5,031,975"
"3,066","May 3, 2019",Tolkien,"$20,000,000","$4,535,154","$8,969,227"
"3,067","Oct 24, 2008",Passchendaele,"$20,000,000","$4,452,423","$4,453,327"
"3,068","Oct 3, 2008",Flash of Genius,"$20,000,000","$4,442,377","$4,504,111"
"3,069","Nov 21, 2007",I’m Not There,"$20,000,000","$4,017,609","$12,397,613"
"3,070","Apr 4, 2012",The Cold Light of Day,"$20,000,000","$3,763,583","$25,361,206"
"3,071","May 15, 2009",The Brothers Bloom,"$20,000,000","$3,531,756","$5,531,756"
"3,072","Oct 24, 2008","Synecdoche, New York","$20,000,000","$3,083,538","$4,383,538"
"3,073","Jan 24, 2020",The Last Full Measure,"$20,000,000","$2,949,212","$3,321,111"
"3,074","Oct 12, 2018",Suspiria,"$20,000,000","$2,483,472","$8,075,343"
"3,075","Nov 3, 2017",LBJ,"$20,000,000","$2,468,683","$2,507,181"
"3,076","Mar 19, 2004",Bon Voyage,"$20,000,000","$2,353,728","$8,359,720"
"3,077","Nov 13, 2015",My All-American,"$20,000,000","$2,246,000","$2,246,000"
"3,078","Jun 20, 1980",Can't Stop the Music,"$20,000,000","$2,000,000","$2,000,000"
"3,079","May 5, 2006",The Proposition,"$20,000,000","$1,903,434","$5,313,608"
"3,080","Aug 22, 2003",Marci X,"$20,000,000","$1,646,664","$1,646,664"
"3,081","Dec 6, 2002",Equilibrium,"$20,000,000","$1,190,018","$5,345,869"
"3,082","Apr 29, 2011",Dylan Dog: Dead of Night,"$20,000,000","$1,186,538","$6,093,725"
"3,083","Aug 29, 2012",The Oogieloves in the BIG Balloon Adventure,"$20,000,000","$1,065,907","$1,065,907"
"3,084","May 23, 2008",The Children of Huang Shi,"$20,000,000","$1,031,872","$8,221,700"
"3,085","Oct 20, 2000",The Yards,"$20,000,000","$882,710","$2,282,710"
"3,086","Aug 6, 2010",Middle Men,"$20,000,000","$754,301","$754,301"
"3,087","Apr 24, 2017",Jìyì dàshī,"$20,000,000","$587,470","$43,888,531"
"3,088","Dec 3, 2010",All Good Things,"$20,000,000","$582,024","$873,617"
"3,089","Nov 12, 2015",By the Sea,"$20,000,000","$538,460","$3,727,746"
"3,090","Oct 22, 2004",Steamboy,"$20,000,000","$468,867","$10,468,867"
"3,091","Jan 20, 2017",Un sac de billes,"$20,000,000","$409,862","$14,362,043"
"3,092","Apr 22, 2005",The Game of Their Lives,"$20,000,000","$375,474","$375,474"
"3,093","Sep 11, 1994",Rapa Nui,"$20,000,000","$305,070","$305,070"
"3,094","Dec 10, 2010",The Tempest,"$20,000,000","$277,943","$277,943"
"3,095","Mar 7, 2008",長江七號 (CJ7),"$20,000,000","$206,678","$47,300,771"
"3,096","Sep 18, 2009",The Burning Plain,"$20,000,000","$200,730","$1,167,092"
"3,097","Mar 27, 1998",Les Couloirs du temps: Les visiteurs 2,"$20,000,000","$146,072","$26,146,072"
"3,098","Apr 25, 2003",People I Know,"$20,000,000","$121,972","$5,694,213"
"3,099","Oct 1, 2015",Regression,"$20,000,000","$55,039","$15,824,374"
"3,100",Unknown,Admiral,"$20,000,000",$0,"$38,585,047"
"3,101","Aug 23, 2012",Zambezia,"$20,000,000",$0,"$34,454,336"
"3,102","Apr 13, 2010",Three Kingdoms: Resurrection of the Dragon,"$20,000,000",$0,"$22,139,590"
"3,103","Mar 31, 2004",The Touch,"$20,000,000",$0,"$5,918,742"
"3,104","Jul 20, 2018",Extinction,"$20,000,000",$0,"$2,360,000"
"3,105","May 29, 2015",Survivor,"$20,000,000",$0,"$1,703,281"
"3,106","Oct 27, 2017",Beyond Skyline,"$20,000,000",$0,"$1,012,368"
"3,107","Nov 11, 2016",The History of Love,"$20,000,000",$0,"$476,624"
"3,108","Dec 25, 2007",Butterfly on a Wheel,"$20,000,000",$0,$0
"3,109","Aug 29, 2014",Dwegons and Leprechauns,"$20,000,000",$0,$0
"3,110","Jul 22, 2016",Fight Valley,"$20,000,000",$0,$0
"3,111",Unknown,The Thousand Miles,"$20,000,000",$0,$0
"3,112","Jul 13, 2018",How It Ends,"$20,000,000",$0,$0
"3,113","Feb 25, 2022",Tyler Perry’s A Madea Homecoming,"$20,000,000",$0,$0
"3,114","Dec 13, 2018",Bird Box,"$19,800,000",$0,$0
"3,115","Sep 25, 2008",Der Baader Meinhof Komplex,"$19,700,000","$476,270","$16,498,827"
"3,116","Dec 1, 2017",The Shape of Water,"$19,500,000","$63,859,435","$195,790,794"
"3,117","Nov 23, 2012",De rouille et d’os,"$19,500,000","$2,061,449","$29,393,634"
"3,118","Dec 20, 2006",The Painted Veil,"$19,400,000","$8,060,487","$15,118,795"
"3,119","Aug 23, 2013",The Frozen Ground,"$19,200,000",$0,"$5,617,460"
"3,120","Jul 29, 2011",The Devil's Double,"$19,100,000","$1,361,512","$5,965,646"
"3,121","Jul 3, 1985",Back to the Future,"$19,000,000","$215,612,287","$388,862,657"
"3,122","Nov 9, 1990",Dances with Wolves,"$19,000,000","$184,208,842","$424,208,805"
"3,123","Jul 7, 2000",Scary Movie,"$19,000,000","$157,019,771","$277,200,000"
"3,124","Jun 24, 2011",Bad Teacher,"$19,000,000","$100,292,856","$215,448,997"
"3,125","Aug 10, 2016",Sausage Party,"$19,000,000","$97,670,358","$141,344,255"
"3,126","Jun 7, 1985",The Goonies,"$19,000,000","$68,790,604","$69,649,283"
"3,127","Sep 15, 1989",Sea of Love,"$19,000,000","$58,571,513","$110,879,513"
"3,128","Jan 10, 2003",Just Married,"$19,000,000","$56,127,162","$101,564,935"
"3,129","Sep 11, 2009",I Can Do Bad All By Myself,"$19,000,000","$51,733,921","$51,733,921"
"3,130","Jul 16, 2004",A Cinderella Story,"$19,000,000","$51,438,175","$70,112,484"
"3,131","May 23, 1980",The Shining,"$19,000,000","$45,634,750","$46,805,191"
"3,132","Oct 26, 2001",Thirteen Ghosts,"$19,000,000","$41,867,960","$68,467,960"
"3,133","Oct 29, 1999",House on Haunted Hill,"$19,000,000","$40,846,082","$65,090,541"
"3,134","Feb 26, 2010",The Crazies,"$19,000,000","$39,123,589","$56,445,534"
"3,135","Jan 16, 2009",Notorious,"$19,000,000","$36,843,682","$44,972,183"
"3,136","Nov 2, 2018",Nobody’s Fool,"$19,000,000","$31,713,110","$32,589,493"
"3,137","Aug 20, 2010",The Switch,"$19,000,000","$27,758,465","$49,858,465"
"3,138","Jan 8, 2010",Leap Year,"$19,000,000","$25,918,920","$32,618,920"
"3,139","Mar 15, 2024",Arthur the King,"$19,000,000","$25,049,006","$32,213,584"
"3,140","Nov 8, 2013",The Book Thief,"$19,000,000","$21,488,481","$76,086,711"
"3,141","Oct 19, 2007",Gone Baby Gone,"$19,000,000","$20,300,218","$34,359,030"
"3,142","Jul 26, 2000",Thomas and the Magic Railroad,"$19,000,000","$15,911,332","$15,911,332"
"3,143","Nov 8, 1962",Mutiny on The Bounty,"$19,000,000","$13,680,000","$13,680,000"
"3,144","Feb 24, 2012",Gone,"$19,000,000","$11,682,205","$18,100,189"
"3,145","Jul 27, 2001",Spirited Away (千と千尋の神隠し),"$19,000,000","$10,049,886","$395,802,070"
"3,146","Oct 17, 2008",Sex Drive,"$19,000,000","$8,402,485","$10,412,485"
"3,147","Jan 9, 1998",Firestorm,"$19,000,000","$8,123,860","$8,123,860"
"3,148","Mar 4, 2011",Take Me Home Tonight,"$19,000,000","$6,928,068","$7,576,604"
"3,149","Sep 28, 2012",Won't Back Down,"$19,000,000","$5,310,554","$5,745,503"
"3,150","Jun 1, 2018",Action Point,"$19,000,000","$5,059,608","$5,103,675"
"3,151","Jan 1, 1964",The Fall of the Roman Empire,"$19,000,000","$4,750,000","$4,750,000"
"3,152",1993,The Nutcracker,"$19,000,000","$2,119,994","$2,119,994"
"3,153","Dec 13, 2011",George Balanchine\'s The Nutcracker,"$19,000,000","$2,119,994","$2,119,994"
"3,154","Aug 16, 1996",Kansas City,"$19,000,000","$1,353,824","$1,353,824"
"3,155","Mar 8, 2016",Out of the Inferno,"$19,000,000",$0,$0
"3,156","Jun 24, 2005",George A. Romero's Land of the Dead,"$18,975,000","$20,700,082","$47,751,015"
"3,157","Dec 15, 2006",Indigènes,"$18,900,000","$320,700","$26,063,572"
"3,158","Apr 15, 2005",The Amityville Horror,"$18,500,000","$65,233,369","$109,175,673"
"3,159","Dec 6, 2002",Adaptation,"$18,500,000","$22,498,520","$32,531,756"
"3,160","Oct 2, 2009",The Invention of Lying,"$18,500,000","$18,451,251","$32,714,818"
"3,161","May 22, 1998",Fear and Loathing in Las Vegas,"$18,500,000","$10,680,275","$13,711,903"
"3,162","Jul 4, 2008",Ne le dis à personne,"$18,500,000","$6,198,883","$33,954,018"
"3,163","Feb 2, 2001",Left Behind,"$18,500,000","$4,224,065","$4,224,065"
"3,164","Mar 12, 2020",The Hunt,"$18,200,000","$5,812,500","$12,400,979"
"3,165","May 9, 2014",Neighbors,"$18,000,000","$150,086,800","$270,944,428"
"3,166","Nov 3, 2006",Borat,"$18,000,000","$128,505,958","$261,443,242"
"3,167","Jul 29, 1994",The Mask,"$18,000,000","$120,114,301","$351,814,301"
"3,168","Jun 3, 1988",Big,"$18,000,000","$114,968,774","$151,665,347"
"3,169","Jul 13, 2001",Legally Blonde,"$18,000,000","$96,493,426","$141,809,235"
"3,170","Jun 22, 2022",The Black Phone,"$18,000,000","$90,123,230","$161,441,914"
"3,171","Apr 30, 2004",Mean Girls,"$18,000,000","$86,047,227","$130,125,378"
"3,172","Jun 1, 1984",Star Trek III: The Search for Spock,"$18,000,000","$76,471,046","$87,000,000"
"3,173","Sep 9, 2005",The Exorcism of Emily Rose,"$18,000,000","$75,072,454","$144,529,078"
"3,174","Dec 10, 1999",Deuce Bigalow: Male Gigolo,"$18,000,000","$65,535,067","$92,935,067"
"3,175","Feb 6, 2004",Barbershop 2: Back in Business,"$18,000,000","$65,070,412","$65,842,412"
"3,176","Dec 16, 2005",The Family Stone,"$18,000,000","$60,062,868","$92,357,499"
"3,177","Nov 26, 2003",Bad Santa,"$18,000,000","$60,060,328","$77,147,031"
"3,178","Jun 12, 1987",Predator,"$18,000,000","$59,735,548","$98,267,558"
"3,179","Mar 23, 2016",My Big Fat Greek Wedding 2,"$18,000,000","$59,689,605","$92,096,558"
"3,180","Sep 9, 2015",The Perfect Guy,"$18,000,000","$57,027,435","$60,278,166"
"3,181","May 2, 1997",Austin Powers: International Man of Mystery,"$18,000,000","$53,883,989","$67,683,989"
"3,182","Mar 25, 2011",Diary of a Wimpy Kid: Rodrick Rules,"$18,000,000","$52,698,535","$73,695,194"
"3,183","Sep 19, 1984",Amadeus,"$18,000,000","$51,973,029","$52,025,100"
"3,184","Jul 21, 2021",Old,"$18,000,000","$48,276,510","$89,836,797"
"3,185","Jul 1, 2021",The Forever Purge,"$18,000,000","$44,539,245","$76,950,525"
"3,186","Apr 11, 2008",Prom Night,"$18,000,000","$43,869,350","$57,193,655"
"3,187","Apr 8, 2011",Soul Surfer,"$18,000,000","$43,853,424","$47,135,489"
"3,188","Sep 26, 2003",Under the Tuscan Sun,"$18,000,000","$43,601,508","$57,490,024"
"3,189","Jun 27, 2018",Uncle Drew,"$18,000,000","$42,469,946","$46,594,261"
"3,190","Oct 17, 2014",Birdman or (The Unexpected Virtue of Ignorance),"$18,000,000","$42,340,598","$102,544,383"
"3,191","Oct 10, 1986",Peggy Sue Got Married,"$18,000,000","$41,382,841","$41,382,841"
"3,192","Dec 26, 2001",Gosford Park,"$18,000,000","$41,300,105","$58,271,886"
"3,193","Jan 11, 2002",Orange County,"$18,000,000","$41,059,716","$43,308,707"
"3,194","Mar 14, 1986",Gung Ho,"$18,000,000","$36,611,610","$36,611,610"
"3,195","Jul 26, 2013",Blue Jasmine,"$18,000,000","$33,404,871","$102,912,961"
"3,196","Apr 28, 2006",United 93,"$18,000,000","$31,567,134","$77,635,035"
"3,197","Feb 7, 2025",Heart Eyes,"$18,000,000","$30,415,738","$32,815,532"
"3,198","Dec 5, 2003",Honey,"$18,000,000","$30,272,254","$62,646,763"
"3,199","Oct 14, 2005",The Fog,"$18,000,000","$29,511,112","$37,048,526"
"3,200","May 24, 1996",Spy Hard,"$18,000,000","$26,936,265","$26,936,265"
"3,201","Aug 7, 2015",Ricki and the Flash,"$18,000,000","$26,839,498","$41,166,033"
"3,202","Dec 13, 1989",Glory,"$18,000,000","$26,828,365","$26,828,365"
"3,203","Aug 9, 2019",The Art of Racing in the Rain,"$18,000,000","$26,402,818","$33,773,963"
"3,204","Jun 29, 1984",Conan the Destroyer,"$18,000,000","$26,400,000","$26,400,000"
"3,205","Nov 12, 2015",Love the Coopers,"$18,000,000","$26,302,731","$44,263,413"
"3,206","Jun 24, 1970",Catch-22,"$18,000,000","$24,911,670","$24,911,670"
"3,207","Apr 10, 2009",Observe and Report,"$18,000,000","$24,007,324","$27,148,898"
"3,208","Nov 14, 1980",Raging Bull,"$18,000,000","$23,380,203","$23,417,649"
"3,209","Sep 18, 2009",Love Happens,"$18,000,000","$22,965,110","$36,133,014"
"3,210","Sep 25, 2009",Fame,"$18,000,000","$22,455,510","$80,227,619"
"3,211","Apr 28, 2017",The Circle,"$18,000,000","$20,497,844","$45,497,689"
"3,212","Apr 5, 2023",The Pope’s Exorcist,"$18,000,000","$20,009,380","$72,913,467"
"3,213","Dec 4, 1985",Young Sherlock Holmes,"$18,000,000","$19,739,000","$19,739,000"
"3,214","Nov 5, 2010",127 Hours,"$18,000,000","$18,335,230","$60,217,171"
"3,215","May 19, 2000",Small Time Crooks,"$18,000,000","$17,266,359","$29,934,477"
"3,216","May 12, 2000",Center Stage,"$18,000,000","$17,200,925","$21,361,109"
"3,217","Jan 14, 2016",Norm of the North,"$18,000,000","$17,062,499","$30,535,660"
"3,218","Feb 6, 2004",Catch That Kid,"$18,000,000","$16,703,799","$16,959,614"
"3,219","Aug 16, 2013",Jobs,"$18,000,000","$16,131,410","$43,402,515"
"3,220","Feb 6, 2025",Love Hurts,"$18,000,000","$15,683,090","$17,576,604"
"3,221","Oct 26, 2001",Life as a House,"$18,000,000","$15,652,637","$23,889,158"
"3,222","Jan 8, 2010",Youth in Revolt,"$18,000,000","$15,285,588","$19,685,588"
"3,223","Jul 10, 2014",And So It Goes,"$18,000,000","$15,160,801","$17,920,013"
"3,224","Jul 10, 2009","I Love You, Beth Cooper","$18,000,000","$14,800,725","$16,382,538"
"3,225","Jul 24, 1981",Blow Out,"$18,000,000","$13,747,234","$13,748,714"
"3,226","Mar 30, 2001",The Tailor of Panama,"$18,000,000","$13,491,653","$27,491,653"
"3,227","May 22, 1981",The Legend of the Lone Ranger,"$18,000,000","$13,400,000","$13,400,000"
"3,228","Jan 31, 2014",Labor Day,"$18,000,000","$13,371,528","$14,189,810"
"3,229","Aug 30, 2013",Getaway,"$18,000,000","$10,501,938","$11,813,989"
"3,230","Sep 26, 1997",The Ice Storm,"$18,000,000","$8,038,061","$16,011,975"
"3,231","Oct 15, 2004",Being Julia,"$18,000,000","$7,739,049","$14,451,322"
"3,232","Mar 22, 1989",Troop Beverly Hills,"$18,000,000","$7,190,505","$7,190,505"
"3,233","Feb 21, 1986",Nine 1/2 Weeks,"$18,000,000","$6,734,844","$6,734,844"
"3,234","Jan 15, 2010",The Last Station,"$18,000,000","$6,617,867","$15,696,146"
"3,235","Jun 26, 1981",Dragonslayer,"$18,000,000","$6,000,000","$6,000,000"
"3,236","Sep 30, 1994",Ed Wood,"$18,000,000","$5,828,466","$5,828,734"
"3,237","Jun 6, 2008",Mongol,"$18,000,000","$5,705,761","$27,147,349"
"3,238","Oct 8, 2008",RocknRolla,"$18,000,000","$5,700,626","$27,794,339"
"3,239","Jun 25, 1982",Megaforce,"$18,000,000","$5,675,599","$5,675,599"
"3,240","Aug 20, 2010",Mao's Last Dancer,"$18,000,000","$4,806,750","$25,941,437"
"3,241","Dec 25, 1996",Hamlet,"$18,000,000","$4,501,094","$7,129,670"
"3,242","Apr 11, 2014",The Railway Man,"$18,000,000","$4,438,438","$23,910,210"
"3,243","Dec 29, 1995",Restoration,"$18,000,000","$4,100,000","$4,100,000"
"3,244","Feb 18, 2016",Midnight Special,"$18,000,000","$3,712,282","$7,680,250"
"3,245","Nov 25, 2016",Miss Sloane,"$18,000,000","$3,500,605","$7,768,259"
"3,246","Sep 27, 2013",Metallica Through the Never,"$18,000,000","$3,419,967","$9,082,906"
"3,247","Sep 19, 2003",Anything Else,"$18,000,000","$3,203,044","$13,203,044"
"3,248","Feb 23, 1996",Unforgettable,"$18,000,000","$2,483,790","$2,483,790"
"3,249","Jan 27, 2017",T2: Trainspotting,"$18,000,000","$2,402,004","$42,130,116"
"3,250","Dec 30, 2009",Das Weisse Band: Eine deutsche Kindergeschichte,"$18,000,000","$2,222,862","$25,727,044"
"3,251","Apr 25, 1986",8 Million Ways to Die,"$18,000,000","$1,305,114","$1,305,114"
"3,252","Mar 1, 2013",Phantom,"$18,000,000","$1,034,589","$1,199,510"
"3,253","Apr 26, 2002",The Salton Sea,"$18,000,000","$676,698","$676,698"
"3,254","Apr 24, 2009",The Informers,"$18,000,000","$315,000","$315,000"
"3,255","Sep 24, 1999",One Man's Hero,"$18,000,000","$229,311","$229,311"
"3,256","Oct 15, 2010",Carlos,"$18,000,000","$145,526","$1,619,153"
"3,257","Sep 22, 2006",Renaissance,"$18,000,000","$70,644","$2,401,413"
"3,258","Jan 10, 2020",My Spy,"$18,000,000",$0,"$7,074,124"
"3,259",Unknown,I Come with the Rain,"$18,000,000",$0,"$627,422"
"3,260","Nov 27, 2019",Marriage Story,"$18,000,000",$0,"$321,463"
"3,261","Apr 14, 2016",I Am Wrath,"$18,000,000",$0,"$309,608"
"3,262","Nov 14, 2014",Wolves,"$18,000,000",$0,"$94,953"
"3,263","Apr 8, 2008",Day of the Dead,"$18,000,000",$0,$0
"3,264","Aug 22, 2014",The Prince,"$18,000,000",$0,$0
"3,265","Feb 19, 2016",Forsaken,"$18,000,000",$0,$0
"3,266","Apr 6, 2023",On a Wing and a Prayer,"$18,000,000",$0,$0
"3,267","Jun 28, 1985",Red Sonja,"$17,900,000","$6,905,861","$6,908,640"
"3,268","Dec 19, 2019",Baekdusan,"$17,700,000","$372,562","$59,505,509"
"3,269","Jul 13, 2012",Red Lights,"$17,700,000","$49,521","$14,518,884"
"3,270","Aug 17, 2007",Superbad,"$17,500,000","$121,463,226","$169,955,142"
"3,271","Feb 20, 2009",Madea Goes To Jail,"$17,500,000","$90,508,336","$90,508,336"
"3,272","Feb 14, 2008",Step Up 2 the Streets,"$17,500,000","$58,017,783","$148,586,910"
"3,273","Jan 13, 2006",Hoodwinked,"$17,500,000","$51,386,611","$109,843,390"
"3,274","Dec 22, 2004",Hotel Rwanda,"$17,500,000","$23,519,128","$36,520,451"
"3,275","Aug 25, 2006",Beerfest,"$17,500,000","$19,185,184","$20,159,316"
"3,276","Nov 27, 2013",Black Nativity,"$17,500,000","$7,018,188","$7,454,184"
"3,277","Apr 25, 2003",City of Ghosts,"$17,500,000","$325,491","$325,491"
"3,278",Unknown,Taxi 4,"$17,500,000",$0,"$60,865,364"
"3,279","Feb 22, 2019",Hotel Mumbai,"$17,300,000","$9,619,500","$21,132,855"
"3,280","Apr 4, 2018",A Quiet Place,"$17,000,000","$188,024,361","$334,876,670"
"3,281","Sep 28, 2022",Smile,"$17,000,000","$105,935,048","$217,038,821"
"3,282","Aug 10, 2001",The Others,"$17,000,000","$96,545,842","$207,788,211"
"3,283","Jul 18, 1986",Aliens,"$17,000,000","$85,160,248","$183,291,893"
"3,284","Aug 13, 2014",Let’s Be Cops,"$17,000,000","$82,390,774","$136,890,774"
"3,285","Oct 17, 1997",I Know What You Did Last Summer,"$17,000,000","$72,250,091","$125,250,091"
"3,286","Oct 22, 1964",My Fair Lady,"$17,000,000","$72,000,000","$72,073,063"
"3,287","Oct 22, 2004",Sideways,"$17,000,000","$71,502,303","$109,726,800"
"3,288","Nov 15, 2013",The Best Man Holiday,"$17,000,000","$70,525,195","$72,835,710"
"3,289","Feb 13, 2009",Friday the 13th,"$17,000,000","$65,002,019","$92,670,237"
"3,290","Sep 28, 2012",Pitch Perfect,"$17,000,000","$65,001,093","$116,044,347"
"3,291","Aug 5, 1998",Halloween: H2O,"$17,000,000","$55,041,738","$55,041,738"
"3,292","Apr 3, 2013",Evil Dead,"$17,000,000","$54,239,856","$99,010,045"
"3,293","Oct 24, 2002",Jet Li's Hero,"$17,000,000","$53,652,140","$176,373,358"
"3,294","Oct 29, 2010",Saw 3D,"$17,000,000","$45,710,178","$133,735,284"
"3,295","Feb 20, 2015","McFarland, USA","$17,000,000","$44,480,275","$45,707,924"
"3,296","Nov 1, 2019",Harriet,"$17,000,000","$43,082,155","$44,035,587"
"3,297","Nov 11, 2016",Almost Christmas,"$17,000,000","$42,065,185","$42,493,506"
"3,298","Mar 10, 2006",The Hills Have Eyes,"$17,000,000","$41,778,863","$70,355,813"
"3,299","Jul 11, 2019",Crawl,"$17,000,000","$39,014,193","$91,720,490"
"3,300","Mar 1, 2002",40 Days and 40 Nights,"$17,000,000","$37,939,782","$95,092,667"
"3,301","Oct 10, 2003",Good Boy!,"$17,000,000","$37,667,746","$45,312,217"
"3,302","Jan 26, 2007",Smokin' Aces,"$17,000,000","$35,662,731","$57,263,440"
"3,303","Oct 2, 1998",A Night at the Roxbury,"$17,000,000","$30,331,165","$30,331,165"
"3,304","Mar 4, 2011",Beastly,"$17,000,000","$27,865,571","$38,028,230"
"3,305","Mar 5, 2010",Brooklyn's Finest,"$17,000,000","$27,163,593","$39,233,233"
"3,306","Jul 9, 1982",Tron,"$17,000,000","$26,918,576","$26,919,100"
"3,307","Aug 20, 2010",Lottery Ticket,"$17,000,000","$24,719,879","$24,719,879"
"3,308","Sep 5, 2003",Dickie Roberts: Former Child Star,"$17,000,000","$22,734,486","$23,734,486"
"3,309","Mar 31, 2006",ATL,"$17,000,000","$21,170,563","$21,170,563"
"3,310","Aug 24, 2001",Summer Catch,"$17,000,000","$19,693,891","$19,693,891"
"3,311","Dec 11, 1998",A Simple Plan,"$17,000,000","$16,316,273","$16,316,273"
"3,312","Mar 24, 2006",Larry the Cable Guy: Health Inspector,"$17,000,000","$15,680,099","$15,680,099"
"3,313","Jul 24, 1987",Superman IV: The Quest for Peace,"$17,000,000","$14,522,355","$36,700,000"
"3,314","Nov 27, 2002",They,"$17,000,000","$12,840,842","$16,140,842"
"3,315","Oct 1, 1999",The Adventures of Elmo in Grouchland,"$17,000,000","$11,634,458","$11,634,458"
"3,316","May 29, 1963",55 Days at Peking,"$17,000,000","$10,000,000","$10,000,000"
"3,317","Jun 5, 2009",My Life in Ruins,"$17,000,000","$8,677,425","$20,477,425"
"3,318","Apr 21, 2006",American Dreamz,"$17,000,000","$7,314,027","$16,510,971"
"3,319","Jan 25, 2008",How She Move,"$17,000,000","$7,070,641","$8,607,815"
"3,320","Feb 24, 2006",Running Scared,"$17,000,000","$6,855,137","$9,729,088"
"3,321","Aug 23, 2012",The Apparition,"$17,000,000","$4,936,819","$10,637,281"
"3,322","Apr 30, 2004",Bobby Jones: Stroke of Genius,"$17,000,000","$2,694,071","$2,694,071"
"3,323","Aug 29, 1986",Shanghai Surprise,"$17,000,000","$2,315,000","$2,315,000"
"3,324","Dec 25, 2010",L'illusionniste,"$17,000,000","$2,231,474","$8,609,949"
"3,325",1981,Roar,"$17,000,000","$2,110,050","$2,110,453"
"3,326","Jul 11, 2003",Veronica Guerin,"$17,000,000","$1,569,918","$9,438,074"
"3,327","Jun 10, 2016",Genius,"$17,000,000","$1,361,045","$7,265,283"
"3,328","Mar 15, 2019",Nancy Drew and the Hidden Staircase,"$17,000,000","$623,088","$624,549"
"3,329","Nov 14, 2007",Southland Tales,"$17,000,000","$275,380","$364,607"
"3,330","Jan 16, 2015",Escobar: Paradise Lost,"$17,000,000","$195,792","$3,917,679"
"3,331","Feb 6, 2015","Mune, le gardien de la lune","$17,000,000",$0,"$14,534,046"
"3,332","Jun 23, 2009",Chasseurs de dragons,"$17,000,000",$0,"$13,446,115"
"3,333","Jul 15, 2018",Animal Crackers,"$17,000,000",$0,"$13,336,675"
"3,334","Jan 28, 2021",Occupation: Rainfall,"$17,000,000",$0,"$354,670"
"3,335","Oct 21, 1977",Damnation Alley,"$17,000,000",$0,$0
"3,336","Dec 26, 2020",One Night in Miami,"$16,937,665",$0,$0
"3,337","Mar 10, 2016",The Young Messiah,"$16,800,000","$6,469,813","$7,313,697"
"3,338","Nov 10, 2006",FUR: An Imaginary Portrait of Diane Arbus,"$16,800,000","$223,202","$2,281,089"
"3,339","Nov 27, 1991",My Girl,"$16,500,000","$58,011,485","$58,011,485"
"3,340","Dec 11, 1987",Wall Street,"$16,500,000","$43,848,100","$43,848,100"
"3,341","Dec 11, 1995",Sense and Sensibility,"$16,500,000","$42,993,774","$134,993,774"
"3,342","Aug 18, 2006",The Illusionist,"$16,500,000","$39,868,642","$83,792,062"
"3,343","Aug 3, 2007",Becoming Jane,"$16,500,000","$18,663,911","$39,380,831"
"3,344","Dec 19, 2003",House of Sand and Fog,"$16,500,000","$13,005,485","$16,154,786"
"3,345","Sep 21, 2007",Sydney White,"$16,500,000","$11,892,415","$13,636,339"
"3,346",Unknown,Arn - Tempelriddaren,"$16,500,000",$0,"$21,404,122"
"3,347","Oct 17, 2018",Le Flic de Belleville,"$16,500,000",$0,"$8,126,380"
"3,348","Jun 2, 1989",Dead Poets Society,"$16,400,000","$95,860,116","$239,500,000"
"3,349","Nov 6, 2017",Gatwick Gangsters,"$16,066,830",$0,$0
"3,350","Dec 16, 1994",Dumb & Dumber,"$16,000,000","$127,266,176","$246,490,802"
"3,351","Jul 14, 1989",When Harry Met Sally…,"$16,000,000","$92,823,546","$93,000,145"
"3,352","Jul 5, 2023",Insidious: The Red Door,"$16,000,000","$82,156,962","$186,258,928"
"3,353","May 19, 2000",Road Trip,"$16,000,000","$68,525,609","$119,739,110"
"3,354","Dec 8, 1982",The Verdict,"$16,000,000","$53,977,250","$53,977,250"
"3,355","Jan 15, 1999",Varsity Blues,"$16,000,000","$52,894,169","$54,294,169"
"3,356","May 16, 2012",Moonrise Kingdom,"$16,000,000","$45,512,466","$68,848,446"
"3,357","Oct 12, 2011",The Artist,"$16,000,000","$44,667,095","$128,100,584"
"3,358","Jan 9, 2009",The Unborn,"$16,000,000","$42,670,410","$78,208,812"
"3,359","Aug 2, 2002",The Master of Disguise,"$16,000,000","$40,363,530","$40,363,530"
"3,360","Oct 6, 2006",The Texas Chainsaw Massacre: The Beginning,"$16,000,000","$39,517,763","$50,517,763"
"3,361","Nov 30, 2006",El Laberinto del Fauno,"$16,000,000","$37,634,615","$87,041,569"
"3,362","Feb 4, 2011",The Roommate,"$16,000,000","$37,300,107","$52,545,707"
"3,363","Feb 2, 2007",The Messengers,"$16,000,000","$35,374,833","$53,774,833"
"3,364","Nov 2, 1984",The Killing Fields,"$16,000,000","$34,609,720","$34,609,720"
"3,365","Mar 2, 2001",See Spot Run,"$16,000,000","$33,357,476","$43,057,552"
"3,366","Aug 9, 1991",Double Impact,"$16,000,000","$29,090,445","$29,090,445"
"3,367","Jun 27, 2001",Baby Boy,"$16,000,000","$28,734,552","$28,734,552"
"3,368","Mar 19, 2021",Nobody,"$16,000,000","$27,568,035","$57,512,470"
"3,369","Apr 11, 2001",Joe Dirt,"$16,000,000","$27,087,695","$30,987,695"
"3,370","Sep 12, 2008",The Women,"$16,000,000","$26,902,075","$50,103,808"
"3,371","Feb 16, 2007",Hot Fuzz,"$16,000,000","$23,618,786","$80,695,830"
"3,372","Aug 15, 2008",Vicky Cristina Barcelona,"$16,000,000","$23,216,709","$104,504,817"
"3,373","May 3, 2019",A Dog’s Journey,"$16,000,000","$22,782,371","$78,867,205"
"3,374","Jul 11, 2019",Stuber,"$16,000,000","$22,370,452","$29,634,023"
"3,375","Jun 16, 2000",Boys and Girls,"$16,000,000","$21,799,652","$21,799,652"
"3,376","Jun 13, 2018",Superfly,"$16,000,000","$20,537,137","$20,739,323"
"3,377","Nov 18, 1994",Léon,"$16,000,000","$19,284,974","$45,258,012"
"3,378","Mar 12, 2010",Remember Me,"$16,000,000","$19,068,240","$56,506,120"
"3,379","Oct 11, 2002",White Oleander,"$16,000,000","$16,357,770","$21,657,770"
"3,380","Sep 18, 2009",Jennifer's Body,"$16,000,000","$16,204,793","$31,943,401"
"3,381","Mar 3, 2000",Drowning Mona,"$16,000,000","$15,427,192","$15,980,376"
"3,382","Jan 30, 1987",Radio Days,"$16,000,000","$14,792,779","$14,792,779"
"3,383","Jul 18, 2003",How to Deal,"$16,000,000","$14,108,518","$14,125,516"
"3,384","Oct 3, 2014",Left Behind,"$16,000,000","$14,019,924","$20,769,209"
"3,385","May 28, 2004",Soul Plane,"$16,000,000","$13,922,211","$14,553,807"
"3,386","Dec 9, 1988",My Stepmother Is an Alien,"$16,000,000","$13,854,000","$13,854,000"
"3,387","Jun 29, 2012",People Like Us,"$16,000,000","$12,431,792","$12,617,472"
"3,388","May 28, 1999",The Thirteenth Floor,"$16,000,000","$11,810,854","$11,810,854"
"3,389","Sep 3, 2004",The Cookout,"$16,000,000","$11,540,112","$11,540,112"
"3,390","Oct 19, 1979",Meteor,"$16,000,000","$8,400,000","$8,400,000"
"3,391","Mar 7, 1986",Highlander,"$16,000,000","$5,900,000","$12,900,000"
"3,392","Nov 18, 2016",Bleed for This,"$16,000,000","$5,083,906","$7,171,320"
"3,393","May 3, 2002",Hollywood Ending,"$16,000,000","$4,839,383","$14,839,383"
"3,394","Sep 15, 2000",Duets,"$16,000,000","$4,734,235","$6,615,452"
"3,395","Aug 13, 1999",Detroit Rock City,"$16,000,000","$4,217,115","$5,825,314"
"3,396","Oct 9, 2024",The Apprentice,"$16,000,000","$4,001,910","$9,148,235"
"3,397","Oct 19, 2007",Things We Lost in the Fire,"$16,000,000","$3,287,315","$8,120,148"
"3,398","Jun 4, 2014",The Homesman,"$16,000,000","$2,429,989","$8,217,571"
"3,399","Mar 27, 2013",Trance,"$16,000,000","$2,322,593","$22,594,052"
"3,400","May 16, 2014",The Immigrant,"$16,000,000","$2,013,456","$7,585,011"
"3,401","Aug 15, 1997",Steel,"$16,000,000","$1,686,429","$1,686,429"
"3,402","Dec 21, 2005",The White Countess,"$16,000,000","$1,669,971","$2,814,566"
"3,403","Jul 25, 2008",Bienvenue chez les Ch'tis,"$16,000,000","$1,477,650","$247,474,497"
"3,404","Jul 15, 2020",Ban-do,"$16,000,000","$1,224,525","$35,091,523"
"3,405","Oct 1, 2014","Men, Women and Children","$16,000,000","$705,908","$1,685,403"
"3,406","Apr 12, 2019",Teen Spirit,"$16,000,000","$441,366","$1,573,603"
"3,407","Sep 24, 2010",Enter the Void,"$16,000,000","$337,997","$1,467,278"
"3,408","Dec 31, 2008",Good,"$16,000,000","$31,631","$31,631"
"3,409","Nov 2, 2012",Vamps,"$16,000,000","$3,361","$94,812"
"3,410","May 11, 2010",Haeundae,"$16,000,000",$0,"$64,733,391"
"3,411","Mar 9, 2010",Hachiko: A Dog’s Story,"$16,000,000",$0,"$47,707,417"
"3,412","Dec 4, 2013",Zulu,"$16,000,000",$0,"$1,844,228"
"3,413","May 22, 2020",The Lovebirds,"$16,000,000",$0,$0
"3,414","Dec 21, 2023",The Iron Claw,"$15,900,000","$35,611,828","$46,140,822"
"3,415","Sep 28, 2018",The Old Man and the Gun,"$15,800,000","$11,277,120","$16,955,673"
"3,416","Oct 16, 2020",Demon Slayer: Kimetsu no Yaiba—The Movie: Mugen…,"$15,750,000","$49,888,502","$507,119,058"
"3,417","Dec 7, 2018",Second Act,"$15,700,000","$39,282,227","$63,288,854"
"3,418","Jun 21, 2002",Juwanna Mann,"$15,600,000","$13,571,817","$13,771,817"
"3,419","Jul 28, 2022",Triangle of Sadness,"$15,600,000","$4,608,096","$32,890,983"
"3,420","Jan 24, 2020",The Personal History of David Copperfield,"$15,600,000","$1,876,298","$14,630,654"
"3,421","Jun 8, 2007",La Môme,"$15,500,000","$10,299,782","$88,611,837"
"3,422","Nov 15, 2002",Ararat,"$15,500,000","$1,693,000","$1,757,694"
"3,423","Apr 13, 2007",Slow Burn,"$15,500,000","$1,237,615","$1,237,615"
"3,424","Apr 22, 2005",Madison,"$15,500,000","$517,262","$517,262"
"3,425","Feb 26, 2010",The Yellow Handkerchief,"$15,500,000","$318,623","$318,623"
"3,426","Jul 7, 2021",Annette,"$15,500,000",$0,"$3,349,127"
"3,427","May 1, 2015",Far from the Madding Crowd,"$15,495,600","$12,236,500","$29,721,410"
"3,428","Sep 27, 2002",Wasabi,"$15,300,000","$81,525","$7,000,000"
"3,429","Mar 31, 2006",Slither,"$15,250,000","$7,802,450","$12,930,343"
"3,430","Nov 16, 1990",Home Alone,"$15,000,000","$285,761,243","$476,678,838"
"3,431","Dec 5, 1984",Beverly Hills Cop,"$15,000,000","$234,760,478","$316,300,000"
"3,432","Oct 13, 2023",TAYLOR SWIFT | THE ERAS TOUR,"$15,000,000","$180,760,722","$261,413,059"
"3,433","May 16, 1986",Top Gun,"$15,000,000","$180,470,489","$357,463,748"
"3,434","Dec 17, 1982",Tootsie,"$15,000,000","$177,200,000","$177,200,289"
"3,435","Nov 25, 1987",3 Men and a Baby,"$15,000,000","$167,780,960","$167,780,960"
"3,436","Nov 26, 2010",The King’s Speech,"$15,000,000","$138,797,449","$430,061,213"
"3,437","Sep 15, 1999",American Beauty,"$15,000,000","$130,058,047","$356,258,047"
"3,438","Dec 8, 2000","Crouching Tiger, Hidden Dragon","$15,000,000","$128,519,357","$213,966,221"
"3,439","Dec 9, 1988",Twins,"$15,000,000","$111,936,388","$216,600,000"
"3,440","Dec 20, 1996",Scream,"$15,000,000","$103,046,663","$173,046,640"
"3,441","Aug 2, 2017",Annabelle: Creation,"$15,000,000","$102,092,201","$305,384,865"
"3,442","Oct 23, 2013",Jackass Presents: Bad Grandpa,"$15,000,000","$102,003,019","$160,903,019"
"3,443","Jun 28, 1978",Heaven Can Wait,"$15,000,000","$98,800,000","$98,800,000"
"3,444","Dec 18, 1985",The Color Purple,"$15,000,000","$94,029,472","$94,029,472"
"3,445","Nov 14, 2014",The Imitation Game,"$15,000,000","$91,125,143","$227,328,585"
"3,446","Mar 30, 1988",Beetlejuice,"$15,000,000","$77,475,359","$78,103,190"
"3,447","Nov 18, 1959",Ben-Hur,"$15,000,000","$73,000,000","$73,226,628"
"3,448","Jan 4, 2016",10 Cloverfield Lane,"$15,000,000","$72,082,999","$108,286,422"
"3,449","Jan 17, 2013",Mama,"$15,000,000","$71,628,180","$148,095,566"
"3,450","Oct 10, 1980",Private Benjamin,"$15,000,000","$69,847,348","$69,847,348"
"3,451","Apr 19, 2023",Evil Dead Rise,"$15,000,000","$67,356,372","$147,156,372"
"3,452","Mar 7, 1980",Coal Miner’s Daughter,"$15,000,000","$67,182,787","$67,182,787"
"3,453","Mar 6, 1987",Lethal Weapon,"$15,000,000","$65,192,350","$120,192,350"
"3,454","Mar 19, 2010",Diary of a Wimpy Kid,"$15,000,000","$64,003,625","$76,954,311"
"3,455","Feb 18, 2022",Dog,"$15,000,000","$61,778,069","$84,543,632"
"3,456","Jul 29, 1983",National Lampoon’s Vacation,"$15,000,000","$61,400,000","$61,400,000"
"3,457","Aug 31, 2007",Halloween,"$15,000,000","$58,269,151","$77,514,401"
"3,458","Nov 3, 2023",Godzilla Minus One (ゴジラ最新作),"$15,000,000","$57,144,669","$105,094,084"
"3,459","Sep 15, 2006",The Queen,"$15,000,000","$56,441,711","$128,885,873"
"3,460","Oct 12, 2007",Why Did I Get Married?,"$15,000,000","$55,204,525","$55,934,178"
"3,461","Feb 3, 2012",The Woman in Black,"$15,000,000","$54,333,290","$128,955,898"
"3,462","Feb 24, 2023",Jesus Revolution,"$15,000,000","$52,102,987","$53,380,981"
"3,463","Dec 21, 1994",Little Women,"$15,000,000","$50,003,303","$50,003,303"
"3,464","Dec 8, 1978",The Deer Hunter,"$15,000,000","$50,000,000","$50,065,119"
"3,465","Aug 9, 2018",BlacKkKlansman,"$15,000,000","$49,275,340","$93,411,426"
"3,466","Feb 3, 2006",When a Stranger Calls,"$15,000,000","$47,860,214","$67,215,435"
"3,467","Feb 8, 2002",Big Fat Liar,"$15,000,000","$47,811,275","$52,461,017"
"3,468","Aug 15, 1997",Cop Land,"$15,000,000","$44,906,632","$63,706,632"
"3,469","Dec 25, 1997",Wag the Dog,"$15,000,000","$43,057,470","$64,252,038"
"3,470","Feb 21, 2013",Snitch,"$15,000,000","$42,930,462","$57,907,734"
"3,471","May 2, 2003",The Lizzie McGuire Movie,"$15,000,000","$42,734,455","$55,534,455"
"3,472","Dec 2, 2015",Krampus,"$15,000,000","$42,725,475","$61,788,393"
"3,473","Sep 20, 2012",End of Watch,"$15,000,000","$41,003,371","$57,586,606"
"3,474","Dec 25, 1998",The Faculty,"$15,000,000","$40,283,321","$40,283,321"
"3,475","Jun 9, 1993",What's Love Got to Do With It,"$15,000,000","$39,100,956","$39,147,078"
"3,476","Dec 14, 2001",Not Another Teen Movie,"$15,000,000","$37,882,551","$62,401,343"
"3,477","Dec 3, 2014",Wild,"$15,000,000","$37,880,356","$52,460,543"
"3,478","Dec 16, 1962",Lawrence of Arabia,"$15,000,000","$37,495,385","$69,995,047"
"3,479","Aug 7, 2024",Speak No Evil,"$15,000,000","$36,931,420","$77,232,527"
"3,480","Nov 7, 2014",The Theory of Everything,"$15,000,000","$35,893,537","$123,327,692"
"3,481","Sep 16, 2011",Drive,"$15,000,000","$35,060,689","$81,357,930"
"3,482","Mar 31, 2000",The Skulls,"$15,000,000","$35,007,180","$35,007,180"
"3,483","Oct 10, 1966",Hawaii,"$15,000,000","$34,562,222","$34,562,222"
"3,484","Nov 23, 2018",The Favourite,"$15,000,000","$34,366,783","$95,829,459"
"3,485","Apr 18, 2003",Malibu’s Most Wanted,"$15,000,000","$34,308,901","$34,499,204"
"3,486","Sep 4, 2009",All About Steve,"$15,000,000","$33,862,903","$40,127,259"
"3,487","Apr 28, 2000",Where the Heart Is,"$15,000,000","$33,771,174","$40,862,054"
"3,488","Aug 28, 2009",Halloween 2,"$15,000,000","$33,392,973","$38,512,850"
"3,489","Mar 13, 2009",The Last House on the Left,"$15,000,000","$32,752,215","$46,526,243"
"3,490","Feb 18, 2005",Because of Winn-Dixie,"$15,000,000","$32,647,042","$33,508,485"
"3,491","Aug 12, 2021",Don’t Breathe 2,"$15,000,000","$32,638,038","$47,201,347"
"3,492","Nov 16, 2023",Thanksgiving,"$15,000,000","$31,945,385","$46,044,880"
"3,493","Feb 4, 2005",The Wedding Date,"$15,000,000","$31,726,995","$47,175,038"
"3,494","Sep 25, 1987",The Princess Bride,"$15,000,000","$30,857,000","$31,046,220"
"3,495","Jul 12, 2002",Halloween: Resurrection,"$15,000,000","$30,259,652","$37,659,652"
"3,496","Dec 25, 2007",The Great Debaters,"$15,000,000","$30,226,144","$30,261,293"
"3,497","Aug 22, 2014",When the Game Stands Tall,"$15,000,000","$30,127,963","$30,138,912"
"3,498","Jun 12, 1981",Clash of the Titans,"$15,000,000","$30,000,000","$44,400,000"
"3,499","Feb 20, 2004",Confessions of a Teenage Drama Queen,"$15,000,000","$29,331,068","$33,118,854"
"3,500","Apr 17, 1998",The Object of my Affection,"$15,000,000","$29,145,924","$29,145,924"
"3,501","May 11, 2007",28 Weeks Later,"$15,000,000","$28,638,916","$64,232,714"
"3,502","Apr 11, 1997",Grosse Pointe Blank,"$15,000,000","$28,084,357","$31,070,412"
"3,503","Apr 21, 2000",Love & Basketball,"$15,000,000","$27,441,122","$27,709,625"
"3,504","Sep 8, 2017",Home Again,"$15,000,000","$27,020,284","$37,336,874"
"3,505","Oct 27, 2000",Book of Shadows: Blair Witch 2,"$15,000,000","$26,421,314","$47,721,314"
"3,506","Oct 10, 1997",Boogie Nights,"$15,000,000","$26,410,771","$43,111,725"
"3,507","Jul 23, 2010",Ramona and Beezus,"$15,000,000","$26,167,002","$27,469,621"
"3,508","Jul 1, 2021",Escape Room: Tournament of Champions,"$15,000,000","$25,314,753","$53,493,064"
"3,509","Aug 27, 2014",The November Man,"$15,000,000","$25,018,119","$34,820,335"
"3,510","May 3, 1996",The Craft,"$15,000,000","$24,769,466","$55,669,466"
"3,511","Dec 28, 2005",Match Point,"$15,000,000","$23,089,926","$87,950,928"
"3,512","Nov 5, 1993",The Remains of the Day,"$15,000,000","$22,954,968","$63,954,968"
"3,513","Jan 15, 1993",Nowhere to Run,"$15,000,000","$22,189,039","$52,189,039"
"3,514","Sep 22, 2000",Urban Legends: Final Cut,"$15,000,000","$21,468,807","$38,574,362"
"3,515","Mar 20, 2013",The Place Beyond the Pines,"$15,000,000","$21,403,519","$47,011,449"
"3,516","Oct 20, 2006",Flicka,"$15,000,000","$21,000,147","$21,896,367"
"3,517","Mar 23, 2007",The Hills Have Eyes II,"$15,000,000","$20,804,166","$37,466,538"
"3,518","Apr 29, 2016",Keanu,"$15,000,000","$20,591,853","$20,688,141"
"3,519","Feb 14, 2020",The Photograph,"$15,000,000","$20,578,185","$20,704,381"
"3,520","Dec 22, 2010",Country Strong,"$15,000,000","$20,218,921","$20,601,987"
"3,521","Oct 11, 2002",Tuck Everlasting,"$15,000,000","$19,161,999","$19,344,615"
"3,522","Mar 6, 1998",The Big Lebowski,"$15,000,000","$18,906,338","$47,597,102"
"3,523","Oct 13, 2006",The Marine,"$15,000,000","$18,844,784","$22,165,608"
"3,524","Jul 24, 1998",Disturbing Behavior,"$15,000,000","$17,507,368","$19,014,238"
"3,525","Jul 25, 2014",A Most Wanted Man,"$15,000,000","$17,237,855","$36,068,890"
"3,526","Jul 30, 2021",The Green Knight,"$15,000,000","$17,173,321","$20,022,491"
"3,527","Jun 26, 2009",The Hurt Locker,"$15,000,000","$17,017,811","$49,876,984"
"3,528","Jan 28, 2000",Eye of the Beholder,"$15,000,000","$16,500,786","$18,260,865"
"3,529","Nov 2, 2012",The Man with the Iron Fists,"$15,000,000","$15,634,090","$22,018,988"
"3,530","May 11, 1984",Firestarter,"$15,000,000","$15,136,870","$15,136,870"
"3,531","Jan 30, 2019",Miss Bala,"$15,000,000","$14,998,027","$15,364,632"
"3,532","Sep 21, 2012",Killing Them Softly,"$15,000,000","$14,945,541","$39,238,443"
"3,533","Apr 20, 2001",Freddy Got Fingered,"$15,000,000","$14,249,005","$14,249,005"
"3,534","Jun 23, 2011",One Day,"$15,000,000","$13,843,771","$59,168,692"
"3,535","Jun 25, 2004",De-Lovely,"$15,000,000","$13,337,299","$18,524,496"
"3,536","Oct 2, 2009",Whip It,"$15,000,000","$13,077,184","$18,889,972"
"3,537","Jan 11, 2008",The Pirates Who Don't Do Anything: A VeggieTale…,"$15,000,000","$12,981,269","$13,248,444"
"3,538","Jan 23, 2008",U2 3D,"$15,000,000","$12,898,847","$26,170,402"
"3,539","Sep 1, 2000",Highlander: Endgame,"$15,000,000","$12,801,190","$12,801,190"
"3,540","Nov 25, 2016",The Founder,"$15,000,000","$12,786,053","$24,235,774"
"3,541","Aug 25, 2006",Idlewild,"$15,000,000","$12,669,914","$12,669,914"
"3,542","Mar 28, 2025",Death of a Unicorn,"$15,000,000","$12,519,487","$15,707,944"
"3,543","Apr 25, 2003",Confidence,"$15,000,000","$12,212,417","$12,970,401"
"3,544","Aug 9, 2019",Blinded by the Light,"$15,000,000","$11,901,145","$19,529,914"
"3,545","Oct 11, 2002",Knockaround Guys,"$15,000,000","$11,660,180","$12,419,700"
"3,546","Aug 27, 1999",The Muse,"$15,000,000","$11,614,954","$11,614,954"
"3,547","Apr 3, 1998",Barney's Great Adventure,"$15,000,000","$11,156,471","$11,156,471"
"3,548","Nov 27, 2015",The Danish Girl,"$15,000,000","$11,114,018","$67,514,963"
"3,549","Mar 1, 1989",New York Stories,"$15,000,000","$10,763,469","$10,763,469"
"3,550","Nov 25, 1998",Home Fries,"$15,000,000","$10,513,979","$10,513,979"
"3,551","Mar 24, 2000",Here on Earth,"$15,000,000","$10,494,147","$10,845,127"
"3,552","Oct 8, 2004",Raise Your Voice,"$15,000,000","$10,411,980","$14,811,980"
"3,553","May 31, 1985",Brazil,"$15,000,000","$9,929,135","$9,934,484"
"3,554","Apr 23, 1993",The Dark Half,"$15,000,000","$9,579,068","$9,579,068"
"3,555","Mar 2, 2007",Black Snake Moan,"$15,000,000","$9,396,870","$10,951,153"
"3,556","Feb 21, 2003",Dark Blue,"$15,000,000","$9,237,470","$12,262,065"
"3,557","Jun 22, 2007",A Mighty Heart,"$15,000,000","$9,176,787","$19,153,568"
"3,558","Sep 30, 1983",Brainstorm,"$15,000,000","$8,921,050","$8,921,050"
"3,559","Sep 23, 2016",Queen of Katwe,"$15,000,000","$8,874,389","$10,055,481"
"3,560","Aug 1, 2024",The Day the Earth Blew Up: A Looney Tunes Movie,"$15,000,000","$8,848,338","$11,408,075"
"3,561","Mar 24, 2000",Whatever it Takes,"$15,000,000","$8,735,529","$8,735,529"
"3,562","Apr 23, 2025",Until Dawn,"$15,000,000","$8,588,850","$18,688,850"
"3,563","Mar 21, 2003",Boat Trip,"$15,000,000","$8,586,376","$14,933,713"
"3,564","May 22, 2002",The Importance of Being Earnest,"$15,000,000","$8,378,141","$8,667,209"
"3,565","May 21, 1999",The Love Letter,"$15,000,000","$8,322,608","$9,898,341"
"3,566","May 5, 2006",Hoot,"$15,000,000","$8,117,637","$8,224,998"
"3,567","Nov 6, 2015",Trumbo,"$15,000,000","$7,857,741","$13,300,181"
"3,568","Feb 8, 2008",In Bruges,"$15,000,000","$7,800,825","$34,509,748"
"3,569","Jan 4, 2013",Promised Land,"$15,000,000","$7,597,898","$12,394,562"
"3,570","Oct 8, 2001",Mulholland Drive,"$15,000,000","$7,219,578","$20,779,717"
"3,571","Jun 7, 2018",Hotel Artemis,"$15,000,000","$6,708,137","$13,316,627"
"3,572","Aug 20, 2008",The Rocker,"$15,000,000","$6,409,528","$8,767,338"
"3,573","Aug 21, 2009",Post Grad,"$15,000,000","$6,382,178","$6,563,402"
"3,574","Jun 19, 2009",Whatever Works,"$15,000,000","$5,306,706","$35,106,706"
"3,575","Jul 19, 2000",The In Crowd,"$15,000,000","$5,217,498","$5,217,498"
"3,576","Dec 14, 2005",Los tres entierros de Melquiades Estrada,"$15,000,000","$5,027,684","$13,454,474"
"3,577","Sep 24, 1999",Jakob the Liar,"$15,000,000","$4,956,401","$4,956,401"
"3,578","Sep 28, 2007","Lust, Caution","$15,000,000","$4,604,982","$65,167,430"
"3,579","Jan 21, 2011",The Company Men,"$15,000,000","$4,444,612","$4,569,967"
"3,580","Oct 21, 2005","Kiss Kiss, Bang Bang","$15,000,000","$4,235,837","$16,829,464"
"3,581","Apr 30, 1999",Idle Hands,"$15,000,000","$4,023,741","$4,024,147"
"3,582","Oct 29, 2015",Scouts Guide to the Zombie Apocalypse,"$15,000,000","$3,703,046","$15,554,855"
"3,583","Jan 26, 2007",Blood and Chocolate,"$15,000,000","$3,526,588","$6,551,310"
"3,584","Sep 22, 2010",You Will Meet a Tall Dark Stranger,"$15,000,000","$3,247,816","$38,535,748"
"3,585","Oct 23, 2015",Rock the Kasbah,"$15,000,000","$3,020,665","$3,386,153"
"3,586","Dec 4, 2015",Chi-raq,"$15,000,000","$2,653,031","$2,733,397"
"3,587","Sep 15, 2010",Never Let Me Go,"$15,000,000","$2,434,652","$11,173,718"
"3,588","Sep 9, 2016",The Disappointments Room,"$15,000,000","$2,423,467","$3,503,761"
"3,589","Dec 25, 2003",The Company,"$15,000,000","$2,281,585","$3,393,606"
"3,590","Jul 18, 2008",Transsiberian,"$15,000,000","$2,203,641","$6,379,575"
"3,591","Oct 22, 1999",Crazy in Alabama,"$15,000,000","$1,954,202","$1,954,202"
"3,592","Jan 17, 1986",The Clan of the Cave Bear,"$15,000,000","$1,953,732","$1,953,732"
"3,593","Sep 14, 2022",Armageddon Time,"$15,000,000","$1,872,625","$99,478,272"
"3,594","Feb 3, 2017",The Comedian,"$15,000,000","$1,658,706","$1,658,706"
"3,595","Mar 14, 2008",Funny Games,"$15,000,000","$1,294,640","$8,200,127"
"3,596","Jun 2, 2006",Banlieue 13,"$15,000,000","$1,200,216","$11,599,903"
"3,597","Nov 12, 1999",Felicia's Journey,"$15,000,000","$824,295","$1,970,268"
"3,598","Jan 1, 2002",Metropolis,"$15,000,000","$673,414","$1,405,032"
"3,599","Aug 27, 2015",Cìkè Niè Yinniáng,"$15,000,000","$632,542","$11,279,884"
"3,600","Dec 1, 1995",Things to Do in Denver when You're Dead,"$15,000,000","$529,766","$529,766"
"3,601","Apr 26, 2013",The Reluctant Fundamentalist,"$15,000,000","$528,731","$528,731"
"3,602","Feb 6, 2004",The Return,"$15,000,000","$501,752","$5,953,886"
"3,603","Jul 18, 2003",Buffalo Soldiers,"$15,000,000","$353,743","$1,768,976"
"3,604","Apr 25, 2003",Steal,"$15,000,000","$220,944","$240,025"
"3,605","Aug 27, 2010",Centurion,"$15,000,000","$123,570","$7,885,048"
"3,606","Oct 23, 2009",Ong-Bak 2,"$15,000,000","$102,458","$7,583,050"
"3,607","Oct 12, 1996",Silent Trigger,"$15,000,000","$76,382","$76,382"
"3,608","Aug 1, 2008",Midnight Meat Train,"$15,000,000","$73,548","$1,590,246"
"3,609","Sep 6, 2013",Winnie Mandela,"$15,000,000","$61,847","$61,847"
"3,610","Nov 4, 2011",The Son of No One,"$15,000,000","$30,680","$1,148,578"
"3,611","Oct 25, 2002",All the Queen's Men,"$15,000,000","$22,723","$22,723"
"3,612","Oct 5, 2007",The Good Night,"$15,000,000","$22,441","$22,441"
"3,613","May 8, 2015",Barely Lethal,"$15,000,000","$4,912","$513,303"
"3,614","Oct 11, 2013",Khumba,"$15,000,000",$0,"$20,898,221"
"3,615","May 4, 2012",A Few Best Men,"$15,000,000",$0,"$17,224,539"
"3,616","Oct 10, 2014",Autómata,"$15,000,000",$0,"$6,775,458"
"3,617","Dec 3, 2015",Chiamatemi Francesco - Il papa della gente,"$15,000,000",$0,"$3,925,769"
"3,618",Unknown,Bathory,"$15,000,000",$0,"$3,436,763"
"3,619","Feb 5, 2010",San suk si gin,"$15,000,000",$0,"$2,013,340"
"3,620","Nov 30, 2018",Roma,"$15,000,000",$0,"$1,903,062"
"3,621","Oct 6, 2005",Dungeons & Dragons 2: The Elemental Might,"$15,000,000",$0,"$909,822"
"3,622","Feb 17, 2017",In Dubious Battle,"$15,000,000",$0,"$214,182"
"3,623","Jul 23, 2021",Midnight in the Switchgrass,"$15,000,000",$0,"$97,518"
"3,624","Apr 10, 2015",Broken Horses,"$15,000,000",$0,"$3,471"
"3,625","Jun 29, 2001",Pandaemonium,"$15,000,000",$0,"$1,438"
"3,626","Feb 12, 1993",Groundhog Day,"$14,600,000","$71,097,843","$71,112,677"
"3,627","Jul 4, 2023",Sound of Freedom,"$14,500,000","$184,178,046","$250,729,678"
"3,628","Jul 1, 2015",Magic Mike XXL,"$14,500,000","$66,013,057","$123,580,421"
"3,629","Nov 1, 1996",Romeo+Juliet,"$14,500,000","$46,338,728","$147,542,381"
"3,630","Jul 22, 2011",Elle s'appelait Sarah,"$14,500,000","$7,691,700","$25,480,031"
"3,631","Aug 16, 2017",Sha Po Lang: Tan Lang,"$14,500,000",$0,"$79,226,860"
"3,632","Aug 22, 2014",Freedom,"$14,500,000",$0,"$872,757"
"3,633","Aug 7, 1992",Unforgiven,"$14,400,000","$101,157,447","$159,157,447"
"3,634","Jan 27, 2006",Manderlay,"$14,200,000","$74,205","$543,306"
"3,635","Mar 23, 1990",Pretty Woman,"$14,000,000","$178,406,268","$432,566,361"
"3,636","Sep 18, 1987",Fatal Attraction,"$14,000,000","$156,645,693","$320,099,997"
"3,637","Nov 12, 2008",Slumdog Millionaire,"$14,000,000","$141,330,703","$383,825,427"
"3,638","Dec 17, 1974",Towering Inferno,"$14,000,000","$116,000,000","$139,700,000"
"3,639","May 25, 1988",Crocodile Dundee 2,"$14,000,000","$109,306,210","$239,606,210"
"3,640","Dec 20, 1989",Born on the Fourth of July,"$14,000,000","$70,001,698","$70,001,698"
"3,641","Oct 1, 1993",Cool Runnings,"$14,000,000","$68,856,263","$155,008,909"
"3,642","Jan 12, 2007",Stomp the Yard,"$14,000,000","$61,356,221","$75,525,718"
"3,643","Jan 16, 2009",My Bloody Valentine,"$14,000,000","$51,545,952","$102,836,002"
"3,644","Jan 17, 2025",One of Them Days,"$14,000,000","$50,054,690","$51,347,454"
"3,645","Aug 31, 2012",The Possession,"$14,000,000","$49,130,588","$82,925,064"
"3,646","Oct 22, 1982",First Blood,"$14,000,000","$47,212,904","$125,212,904"
"3,647","Jul 13, 1977",The Spy Who Loved Me,"$14,000,000","$46,800,000","$185,400,000"
"3,648","Apr 12, 2019",Breakthrough,"$14,000,000","$40,713,082","$49,231,674"
"3,649","Sep 25, 1998",Urban Legend,"$14,000,000","$38,116,707","$72,571,864"
"3,650","Dec 9, 1981",Taps,"$14,000,000","$35,856,053","$35,856,053"
"3,651","Feb 24, 2012",Tyler Perry's Good Deeds,"$14,000,000","$35,025,791","$35,579,177"
"3,652","Jan 18, 1991",White Fang,"$14,000,000","$34,729,091","$34,729,091"
"3,653","Dec 21, 1988",Dangerous Liaisons,"$14,000,000","$34,700,000","$34,700,000"
"3,654","Oct 18, 2019",Jojo Rabbit,"$14,000,000","$33,370,906","$86,878,073"
"3,655","Jan 1, 1999",Superstar,"$14,000,000","$30,628,981","$30,628,981"
"3,656","Jan 13, 2012",The Iron Lady,"$14,000,000","$29,959,436","$115,592,104"
"3,657","Jul 23, 1993",Poetic Justice,"$14,000,000","$27,450,453","$27,450,453"
"3,658","Oct 4, 2002",Jonah: A VeggieTales Movie,"$14,000,000","$25,571,351","$25,608,779"
"3,659","Mar 8, 2002",All About the Benjamins,"$14,000,000","$25,482,931","$25,873,145"
"3,660","Jun 17, 1977",Exorcist II: The Heretic,"$14,000,000","$25,011,000","$25,011,000"
"3,661","Mar 12, 2010",Our Family Wedding,"$14,000,000","$20,255,281","$21,410,546"
"3,662","Oct 27, 1995",Vampire in Brooklyn,"$14,000,000","$19,637,147","$19,637,147"
"3,663","May 5, 2006",An American Haunting,"$14,000,000","$16,298,046","$30,443,277"
"3,664","Aug 22, 2003",My Boss's Daughter,"$14,000,000","$15,549,702","$15,565,357"
"3,665","Aug 7, 2009",A Perfect Getaway,"$14,000,000","$15,515,460","$22,815,460"
"3,666","Oct 25, 1996",Thinner,"$14,000,000","$15,171,475","$15,171,475"
"3,667","Aug 21, 1998",Dead Man on Campus,"$14,000,000","$15,064,948","$15,064,948"
"3,668","May 14, 1999",Tea with Mussolini,"$14,000,000","$14,395,874","$14,395,874"
"3,669","Jun 22, 1977","New York, New York","$14,000,000","$13,800,000","$13,800,302"
"3,670","Apr 26, 2002",Jason X,"$14,000,000","$13,121,555","$16,951,798"
"3,671","May 13, 1994",Crooklyn,"$14,000,000","$13,024,170","$13,024,170"
"3,672","Mar 16, 2007",I Think I Love My Wife,"$14,000,000","$12,559,771","$13,205,411"
"3,673","Feb 20, 2015",Hot Tub Time Machine 2,"$14,000,000","$12,314,651","$12,826,644"
"3,674","Apr 12, 2019",After,"$14,000,000","$12,138,565","$57,926,850"
"3,675","Nov 17, 2006",Bobby,"$14,000,000","$11,242,801","$20,597,806"
"3,676","Feb 2, 2001",Head Over Heels,"$14,000,000","$10,397,365","$10,397,365"
"3,677","Oct 26, 2012",Fun Size,"$14,000,000","$9,409,538","$11,166,615"
"3,678","Apr 23, 1999",Lost and Found,"$14,000,000","$6,552,255","$6,552,255"
"3,679","Nov 30, 2007",Le Scaphandre et le Papillon,"$14,000,000","$5,990,075","$22,754,472"
"3,680","Oct 6, 2006",Little Children,"$14,000,000","$5,463,019","$14,121,177"
"3,681","Apr 21, 2000",Gossip,"$14,000,000","$5,108,820","$12,591,270"
"3,682","Mar 26, 1999",A Walk on the Moon,"$14,000,000","$4,741,987","$4,741,987"
"3,683","Dec 26, 2014",Suffragette,"$14,000,000","$4,702,420","$37,888,043"
"3,684","Oct 27, 2006",Catch a Fire,"$14,000,000","$4,299,773","$5,782,198"
"3,685","Oct 31, 2014",Mr. Turner,"$14,000,000","$3,958,546","$25,187,026"
"3,686","Sep 7, 2001",Soul Survivors,"$14,000,000","$3,100,650","$4,288,246"
"3,687","May 22, 2009",Easy Virtue,"$14,000,000","$2,656,784","$20,537,741"
"3,688","Mar 31, 1995",Jefferson in Paris,"$14,000,000","$2,461,628","$2,461,628"
"3,689","Aug 6, 2010",Flipped,"$14,000,000","$1,755,212","$4,294,635"
"3,690",1978,Caravans,"$14,000,000","$1,000,000","$1,000,000"
"3,691","Jun 25, 2010",Les herbes folles,"$14,000,000","$403,952","$1,903,952"
"3,692","Jan 24, 2003",Amen,"$14,000,000","$274,299","$274,299"
"3,693","Sep 26, 2008",The Lucky Ones,"$14,000,000","$266,967","$266,967"
"3,694","Sep 30, 2011",Margaret,"$14,000,000","$47,185","$610,152"
"3,695","Jul 25, 2014",The Salvation,"$14,000,000","$43,318","$2,947,737"
"3,696","Aug 3, 2012",Reign of Assassins,"$14,000,000",$0,"$11,354,230"
"3,697","Jan 9, 2025",Putin,"$14,000,000",$0,$150
"3,698","Dec 9, 2005",Brokeback Mountain,"$13,900,000","$83,043,761","$176,980,863"
"3,699","Jun 15, 2018",Set it Up,"$13,800,000",$0,$0
"3,700","Jul 1, 1995",Clueless,"$13,700,000","$56,598,476","$57,956,789"
"3,701",Unknown,Ca$h,"$13,700,000",$0,"$11,738,256"
"3,702","Mar 30, 1990",Teenage Mutant Ninja Turtles,"$13,500,000","$135,265,915","$202,000,000"
"3,703","Oct 5, 1956",The Ten Commandments,"$13,500,000","$85,400,591","$85,431,454"
"3,704","Dec 16, 1973",Papillon,"$13,500,000","$53,267,000","$53,292,989"
"3,705","Apr 20, 2018",Super Troopers 2,"$13,500,000","$30,617,396","$31,966,740"
"3,706","Nov 8, 2002",Far From Heaven,"$13,500,000","$15,901,849","$29,027,914"
"3,707","Oct 12, 2012",Seven Psychopaths,"$13,500,000","$15,024,049","$33,035,736"
"3,708","Nov 22, 2000",Quills,"$13,500,000","$7,060,876","$11,732,088"
"3,709","Jan 29, 1982",The Border,"$13,500,000","$6,118,683","$6,118,683"
"3,710","Feb 18, 2005",Der Untergang,"$13,500,000","$5,501,940","$93,631,744"
"3,711","Mar 2, 2001",The Caveman's Valentine,"$13,500,000","$687,081","$892,506"
"3,712","Apr 1, 2011",The Last Godfather,"$13,400,000","$164,247","$164,247"
"3,713","Mar 14, 2014",Under the Skin,"$13,300,000","$2,614,251","$7,229,933"
"3,714","Dec 17, 2004",Mar adentro,"$13,300,000","$2,086,345","$39,686,345"
"3,715","Sep 12, 2014",No Good Deed,"$13,200,000","$52,543,632","$54,323,210"
"3,716","Dec 19, 2019",Pinocchio,"$13,200,000","$1,831,718","$30,360,375"
"3,717","Dec 23, 1987",Good Morning Vietnam,"$13,000,000","$123,922,370","$123,922,582"
"3,718","Dec 3, 2010",Black Swan,"$13,000,000","$106,954,678","$331,266,710"
"3,719","Jan 12, 2001",Save the Last Dance,"$13,000,000","$91,038,276","$122,244,329"
"3,720","Feb 11, 2011",Justin Bieber: Never Say Never,"$13,000,000","$73,013,910","$99,034,125"
"3,721","Jul 4, 2018",The First Purge,"$13,000,000","$69,488,745","$137,054,597"
"3,722","Mar 16, 2016",Miracles from Heaven,"$13,000,000","$61,705,123","$73,773,317"
"3,723","Feb 11, 2000",Snow Day,"$13,000,000","$60,008,303","$62,452,927"
"3,724","Jan 23, 2004",The Butterfly Effect,"$13,000,000","$57,924,679","$95,638,592"
"3,725","Dec 11, 1974",The Godfather: Part II,"$13,000,000","$57,300,000","$57,386,697"
"3,726","Jun 23, 2016",The Shallows,"$13,000,000","$55,121,623","$118,763,442"
"3,727","Sep 27, 2023",Saw X,"$13,000,000","$53,607,898","$125,319,714"
"3,728","Jul 17, 1987",RoboCop,"$13,000,000","$53,424,681","$54,125,172"
"3,729","Aug 19, 1988",A Nightmare on Elm Street 4: The Dream Master,"$13,000,000","$49,369,899","$49,369,899"
"3,730","Nov 21, 2007",This Christmas,"$13,000,000","$49,121,934","$49,733,545"
"3,731","Feb 14, 2014",About Last Night,"$13,000,000","$48,637,684","$50,445,860"
"3,732","Dec 15, 2000","Dude, Where's My Car?","$13,000,000","$46,729,374","$73,180,297"
"3,733","Aug 12, 1988",Young Guns,"$13,000,000","$44,726,644","$44,726,644"
"3,734","Oct 10, 2014",St. Vincent,"$13,000,000","$44,137,712","$54,837,234"
"3,735","Jul 2, 2014",Earth to Echo,"$13,000,000","$38,934,842","$42,174,545"
"3,736","Mar 31, 1999",10 Things I Hate About You,"$13,000,000","$38,177,966","$60,413,950"
"3,737","May 10, 2002",The New Guy,"$13,000,000","$28,972,187","$28,972,187"
"3,738","Mar 6, 2024",Imaginary,"$13,000,000","$28,009,161","$43,673,616"
"3,739","Feb 5, 1993",Loaded Weapon 1,"$13,000,000","$27,979,399","$27,979,399"
"3,740","Mar 12, 1999",Baby Geniuses,"$13,000,000","$27,151,490","$27,151,490"
"3,741","Apr 24, 1998",The Big Hit,"$13,000,000","$27,066,941","$27,073,371"
"3,742","Nov 9, 1990",Child's Play 2,"$13,000,000","$26,904,572","$34,166,572"
"3,743","Jul 10, 1996",Harriet the Spy,"$13,000,000","$26,570,048","$26,570,048"
"3,744","Mar 1, 2013",21 and Over,"$13,000,000","$25,682,380","$42,195,766"
"3,745","Nov 21, 2007",The Mist,"$13,000,000","$25,593,755","$57,189,408"
"3,746","Jan 21, 2015",Ex Machina,"$13,000,000","$25,440,971","$38,261,299"
"3,747","Oct 29, 1999",Being John Malkovich,"$13,000,000","$22,858,926","$32,382,381"
"3,748","Sep 7, 2001",Two Can Play That Game,"$13,000,000","$22,235,901","$22,391,450"
"3,749","Mar 11, 2016",Eye in the Sky,"$13,000,000","$18,704,596","$35,402,802"
"3,750","Mar 22, 2013",Admission,"$13,000,000","$18,007,317","$18,733,666"
"3,751","Sep 20, 2012",The Perks of Being a Wallflower,"$13,000,000","$17,742,948","$33,069,303"
"3,752","Jun 29, 2001",crazy/beautiful,"$13,000,000","$16,929,123","$19,929,123"
"3,753","Aug 28, 1998",54,"$13,000,000","$16,757,163","$16,757,163"
"3,754","Oct 16, 2015",Room,"$13,000,000","$14,677,674","$36,316,727"
"3,755","Oct 16, 2015",Woodlawn,"$13,000,000","$14,394,097","$14,403,891"
"3,756","Dec 20, 2006",Letters from Iwo Jima,"$13,000,000","$13,756,082","$67,867,998"
"3,757","May 29, 2009",Män som hatar kvinnor,"$13,000,000","$12,749,992","$109,421,911"
"3,758","Feb 23, 2007",The Astronaut Farmer,"$13,000,000","$11,003,643","$11,141,213"
"3,759","Jul 15, 2022",Mrs. Harris Goes to Paris,"$13,000,000","$10,433,915","$31,259,184"
"3,760","Jun 12, 1998",Dirty Work,"$13,000,000","$10,020,081","$10,020,081"
"3,761","Jul 16, 2015",Bajrangi Bhaijaan,"$13,000,000","$8,178,001","$122,825,618"
"3,762","May 8, 1998",Woo,"$13,000,000","$8,064,972","$8,064,972"
"3,763","Feb 4, 2016",Robinson Crusoe,"$13,000,000","$8,005,586","$42,446,455"
"3,764","Apr 13, 1994",Serial Mom,"$13,000,000","$7,881,335","$7,884,087"
"3,765","Aug 4, 1999",Dick,"$13,000,000","$6,276,869","$6,276,869"
"3,766","Nov 10, 1999",Light It Up,"$13,000,000","$5,871,603","$5,871,603"
"3,767","Aug 24, 2001",Bubble Boy,"$13,000,000","$5,002,310","$5,002,310"
"3,768","Feb 1, 2002",Birthday Girl,"$13,000,000","$4,919,896","$8,130,727"
"3,769","Feb 1, 2007","Paris, je t'aime","$13,000,000","$4,857,374","$5,175,088"
"3,770","Dec 7, 2018",Ben is Back,"$13,000,000","$3,703,182","$12,616,995"
"3,771","Aug 24, 2007",Resurrecting the Champ,"$13,000,000","$3,172,382","$3,260,555"
"3,772","Mar 26, 2010",Chloe,"$13,000,000","$3,075,255","$13,176,612"
"3,773","Mar 2, 2001",The Widow of St. Pierre,"$13,000,000","$3,058,380","$3,058,380"
"3,774","May 22, 2015",Youth,"$13,000,000","$2,703,296","$24,001,573"
"3,775","Apr 5, 1996",Faithful,"$13,000,000","$2,104,439","$2,104,439"
"3,776","Feb 26, 2010",Un Prophète,"$13,000,000","$2,087,720","$19,910,624"
"3,777","Dec 3, 2010","I Love You, Phillip Morris","$13,000,000","$2,037,459","$23,014,027"
"3,778","Jul 23, 2015",The Vatican Tapes,"$13,000,000","$1,784,763","$14,929,184"
"3,779","Mar 17, 2006",Find Me Guilty,"$13,000,000","$1,173,673","$2,898,225"
"3,780","May 14, 1993",Excessive Force,"$13,000,000","$1,152,117","$1,152,117"
"3,781","Oct 13, 2006",Infamous,"$13,000,000","$1,151,330","$2,613,717"
"3,782","Jul 29, 2011",Attack the Block,"$13,000,000","$1,024,175","$6,459,183"
"3,783","Aug 13, 2015",Brothers,"$13,000,000","$656,688","$17,856,688"
"3,784","Dec 29, 2000",The Claim,"$13,000,000","$622,023","$1,375,635"
"3,785","Apr 12, 2018",The Happy Prince,"$13,000,000","$464,495","$2,394,619"
"3,786","Dec 23, 2011",In The Land of Blood and Honey,"$13,000,000","$303,877","$509,193"
"3,787","Jun 18, 2010",The Killer Inside Me,"$13,000,000","$217,277","$5,453,369"
"3,788","Feb 10, 2012",Chico & Rita,"$13,000,000","$197,785","$3,347,219"
"3,789","Dec 7, 2018",Dumplin’,"$13,000,000",$0,"$399,198"
"3,790","Oct 30, 2020",Rogue City,"$13,000,000",$0,"$8,573"
"3,791","Mar 30, 2012",Womb,"$13,000,000",$0,$0
"3,792","Mar 14, 2013",The Call,"$12,800,000","$51,872,378","$69,821,476"
"3,793","Jul 20, 2016",Operation Chromite,"$12,700,000","$1,022,720","$49,196,532"
"3,794","Sep 12, 2014",The Drop,"$12,600,000","$10,724,389","$19,054,534"
"3,795","Jul 12, 2002",The Crocodile Hunter: Collision Course,"$12,500,000","$28,436,931","$33,436,931"
"3,796","Sep 3, 2010",Machete,"$12,500,000","$26,593,646","$46,370,970"
"3,797","Dec 19, 2002",Antwone Fisher,"$12,500,000","$21,078,145","$23,367,586"
"3,798","Feb 12, 1982",La Guerre du feu,"$12,500,000","$20,959,585","$20,959,585"
"3,799","Nov 22, 2002",The Emperor's Club,"$12,500,000","$14,060,950","$16,193,713"
"3,800","Sep 10, 1993",True Romance,"$12,500,000","$12,281,000","$12,643,293"
"3,801","Sep 11, 2009",Sorority Row,"$12,500,000","$11,965,282","$26,735,797"
"3,802","Sep 30, 1992",Glengarry Glen Ross,"$12,500,000","$10,725,228","$10,725,650"
"3,803","Nov 7, 2008",The Boy in the Striped Pyjamas,"$12,500,000","$9,046,156","$44,083,403"
"3,804","Apr 2, 1982",Cat People,"$12,500,000","$7,000,000","$21,000,000"
"3,805","May 25, 1979",The Prisoner of Zenda,"$12,500,000","$7,000,000","$7,000,000"
"3,806","Oct 15, 2010",Conviction,"$12,500,000","$6,797,696","$11,826,980"
"3,807","Oct 12, 2007",Lars and the Real Girl,"$12,500,000","$5,956,480","$11,277,119"
"3,808","May 21, 2010",Solitary Man,"$12,500,000","$4,360,548","$4,360,548"
"3,809","Sep 22, 2000",Dancer in the Dark,"$12,500,000","$4,157,491","$45,556,774"
"3,810","Dec 17, 2010",Casino Jack,"$12,500,000","$2,039,869","$2,272,186"
"3,811","Jan 2, 1998",Oscar and Lucinda,"$12,500,000","$1,612,957","$1,612,957"
"3,812","Nov 1, 1996",The Funeral,"$12,500,000","$1,212,799","$1,412,799"
"3,813","Feb 5, 2004",Tae Guik Gi: The Brotherhood of War,"$12,500,000","$1,110,186","$69,720,496"
"3,814","Apr 16, 2010",The Perfect Game,"$12,500,000","$1,089,445","$3,931,367"
"3,815","Oct 5, 2012",The Paperboy,"$12,500,000","$677,200","$4,027,663"
"3,816","Dec 12, 2012",Ernest et Celestine,"$12,500,000","$292,562","$9,376,444"
"3,817","Feb 9, 2012",A Little Bit of Heaven,"$12,500,000","$10,011","$1,100,287"
"3,818","Nov 1, 2016",La Folle Histoire De Max Et Léon,"$12,500,000",$0,"$8,912,003"
"3,819","Nov 28, 2014",Mortadelo y Filemón contra Jimmy el Cachondo,"$12,500,000",$0,"$3,350,943"
"3,820","Nov 18, 1988",The Land Before Time,"$12,300,000","$48,578,636","$82,458,636"
"3,821","Jun 20, 1975",Jaws,"$12,000,000","$273,661,595","$484,351,938"
"3,822","Dec 26, 1973",The Exorcist,"$12,000,000","$231,020,723","$428,887,784"
"3,823","Jun 4, 2014",The Fault in Our Stars,"$12,000,000","$124,872,350","$307,166,834"
"3,824","Jul 9, 1999",American Pie,"$12,000,000","$101,800,948","$234,723,148"
"3,825","Dec 28, 2022",M3GAN,"$12,000,000","$95,159,005","$181,796,517"
"3,826","Apr 20, 2012",Think Like a Man,"$12,000,000","$91,547,205","$113,373,764"
"3,827","Apr 16, 2014",Heaven is for Real,"$12,000,000","$91,386,097","$100,913,556"
"3,828","Dec 12, 1986",The Golden Child,"$12,000,000","$79,817,937","$79,817,937"
"3,829","Jun 4, 1982",Star Trek II: The Wrath of Khan,"$12,000,000","$78,912,963","$95,800,000"
"3,830","Sep 13, 2002",Barbershop,"$12,000,000","$75,781,642","$77,063,461"
"3,831","Jun 3, 1983",WarGames,"$12,000,000","$74,433,837","$74,433,837"
"3,832","Feb 4, 1994",Ace Ventura: Pet Detective,"$12,000,000","$72,217,396","$107,217,396"
"3,833","Feb 24, 2012",Act of Valor,"$12,000,000","$70,012,847","$82,497,035"
"3,834","Feb 8, 1985",Witness,"$12,000,000","$65,532,576","$65,532,576"
"3,835","Aug 11, 2006",Step Up,"$12,000,000","$65,328,121","$110,989,157"
"3,836","Feb 2, 2012",Chronicle,"$12,000,000","$64,575,175","$123,681,790"
"3,837","Dec 20, 1996",Beavis and Butt-Head Do America,"$12,000,000","$63,118,386","$63,118,386"
"3,838","Jan 1, 1970",Patton,"$12,000,000","$62,500,000","$62,500,000"
"3,839","Mar 1, 2012",Project X,"$12,000,000","$54,731,865","$103,028,188"
"3,840","Nov 10, 2017","Three Billboards Outside Ebbing, Missouri","$12,000,000","$54,513,740","$161,158,351"
"3,841","Nov 25, 2016",Lion,"$12,000,000","$51,739,495","$149,117,900"
"3,842","May 4, 2018",Overboard,"$12,000,000","$50,316,123","$91,244,913"
"3,843","Dec 25, 1997",Jackie Brown,"$12,000,000","$39,673,162","$74,727,492"
"3,844","Nov 18, 1983",Yentl,"$12,000,000","$39,012,241","$39,012,241"
"3,845","Apr 25, 2008",Harold & Kumar Escape from Guantanamo Bay,"$12,000,000","$38,108,728","$43,353,117"
"3,846","Nov 1, 2013",Philomena,"$12,000,000","$37,709,979","$98,963,392"
"3,847","Nov 6, 1981",Time Bandits,"$12,000,000","$37,400,000","$37,400,000"
"3,848","Feb 15, 2002",Crossroads,"$12,000,000","$37,188,667","$57,000,000"
"3,849","Jul 9, 2015",Paper Towns,"$12,000,000","$32,000,304","$85,450,484"
"3,850","Oct 10, 2008",Quarantine,"$12,000,000","$31,691,811","$41,924,774"
"3,851","Aug 21, 2002",One Hour Photo,"$12,000,000","$31,597,131","$52,223,306"
"3,852","Feb 1, 2008",The Eye,"$12,000,000","$31,418,697","$57,577,765"
"3,853","Apr 7, 2004",Johnson Family Vacation,"$12,000,000","$31,203,964","$31,286,759"
"3,854","Dec 21, 2001",How High,"$12,000,000","$31,155,435","$31,222,395"
"3,855","Oct 7, 1960",Spartacus,"$12,000,000","$30,000,000","$59,999,883"
"3,856","Sep 1, 2006",Crank,"$12,000,000","$27,838,408","$43,924,923"
"3,857","Dec 11, 1992",The Muppet Christmas Carol,"$12,000,000","$27,379,507","$31,724,550"
"3,858","Aug 12, 2016",Hell or High Water,"$12,000,000","$27,007,844","$37,566,117"
"3,859","Oct 25, 2002",Frida,"$12,000,000","$25,885,000","$56,131,239"
"3,860","Jul 5, 2012",Katy Perry: Part of Me,"$12,000,000","$25,326,071","$32,700,439"
"3,861","Dec 12, 2014",Top Five,"$12,000,000","$25,317,379","$26,001,741"
"3,862","Sep 11, 1998",Rounders,"$12,000,000","$22,921,898","$22,921,898"
"3,863","Oct 13, 1993",Rudy,"$12,000,000","$22,750,363","$22,750,363"
"3,864","Apr 28, 1967",Casino Royale,"$12,000,000","$22,744,718","$41,744,718"
"3,865","Jun 15, 1979",Prophecy,"$12,000,000","$22,673,340","$22,673,340"
"3,866","Jan 30, 2015",Project Almanac,"$12,000,000","$22,348,241","$32,909,437"
"3,867","Aug 15, 2019",47 Meters Down: Uncaged,"$12,000,000","$22,260,900","$47,582,563"
"3,868","Oct 23, 2019",Black and Blue,"$12,000,000","$22,012,729","$22,730,144"
"3,869","May 14, 2010",Just Wright,"$12,000,000","$21,540,363","$21,867,665"
"3,870","Sep 10, 1999",Stir of Echoes,"$12,000,000","$21,133,087","$23,059,379"
"3,871","Jan 13, 1995",Tales from the Crypt: Demon Knight,"$12,000,000","$21,089,146","$21,089,146"
"3,872",1978,The Boys from Brazil,"$12,000,000","$19,000,000","$19,000,000"
"3,873","Mar 11, 2005",The Upside of Anger,"$12,000,000","$18,761,993","$28,915,761"
"3,874","Mar 3, 2006",Aquamarine,"$12,000,000","$18,597,342","$22,978,953"
"3,875","Nov 15, 2013",Nebraska,"$12,000,000","$17,654,912","$24,761,360"
"3,876","Jan 9, 2004",My Baby's Daddy,"$12,000,000","$17,321,573","$17,322,212"
"3,877","Oct 5, 2001",Max Keeble's Big Move,"$12,000,000","$17,292,381","$17,292,381"
"3,878","Dec 9, 2011",Young Adult,"$12,000,000","$16,311,571","$22,750,356"
"3,879","Jan 23, 2020",The Turning,"$12,000,000","$15,472,775","$18,460,739"
"3,880","Sep 4, 2013",About Time,"$12,000,000","$15,323,921","$84,429,086"
"3,881","Dec 14, 2018",If Beale Street Could Talk,"$12,000,000","$14,915,773","$21,398,371"
"3,882","Jul 14, 2017",Wish Upon,"$12,000,000","$14,301,505","$23,477,345"
"3,883","Aug 6, 1997",Def Jam's How To Be a Player,"$12,000,000","$14,010,363","$14,010,363"
"3,884","Oct 30, 1998",Living Out Loud,"$12,000,000","$12,905,901","$12,905,901"
"3,885","Oct 3, 2008",Rachel Getting Married,"$12,000,000","$12,796,861","$17,475,475"
"3,886","Mar 20, 1981",The Postman Always Rings Twice,"$12,000,000","$12,200,000","$44,200,000"
"3,887","Dec 12, 2003",Girl with a Pearl Earring,"$12,000,000","$11,634,362","$43,153,588"
"3,888","Feb 10, 1982",Das Boot,"$12,000,000","$11,487,676","$84,970,337"
"3,889","Feb 26, 2016",Unforgettable,"$12,000,000","$11,368,012","$16,221,211"
"3,890","Dec 3, 2004",House of Flying Daggers,"$12,000,000","$11,050,094","$92,863,945"
"3,891","Jun 2, 2023",Past Lives,"$12,000,000","$10,950,663","$42,913,181"
"3,892","Mar 11, 2020",I Still Believe,"$12,000,000","$10,410,004","$16,703,751"
"3,893","Mar 22, 2002",Sorority Boys,"$12,000,000","$10,198,766","$12,516,222"
"3,894","Oct 13, 2017",Marshall,"$12,000,000","$10,051,659","$10,116,816"
"3,895","May 19, 2020",Firestarter,"$12,000,000","$9,739,250","$15,030,244"
"3,896","Dec 5, 2008",Cadillac Records,"$12,000,000","$8,195,551","$8,942,516"
"3,897","Sep 14, 2012",Arbitrage,"$12,000,000","$7,919,574","$35,830,713"
"3,898","Oct 24, 1960",The Alamo,"$12,000,000","$7,900,000","$7,900,000"
"3,899","May 12, 2000",Screwed,"$12,000,000","$6,982,680","$6,982,680"
"3,900","Oct 20, 2006",Running With Scissors,"$12,000,000","$6,860,000","$8,706,701"
"3,901","Sep 3, 1993",Fortress,"$12,000,000","$6,730,578","$46,730,578"
"3,902","Aug 28, 2024",Afraid,"$12,000,000","$6,726,179","$9,026,137"
"3,903","Apr 20, 2012",For Greater Glory: The True Story of Cristiada,"$12,000,000","$5,669,081","$10,026,255"
"3,904","Nov 17, 2006",For Your Consideration,"$12,000,000","$5,549,923","$5,549,923"
"3,905","Nov 20, 1998",Celebrity,"$12,000,000","$5,078,660","$6,200,000"
"3,906","Jun 20, 2003",From Justin to Kelly,"$12,000,000","$4,922,166","$4,922,166"
"3,907","Jun 6, 1986",Invaders from Mars,"$12,000,000","$4,884,663","$4,984,663"
"3,908","Mar 22, 1996",Girl 6,"$12,000,000","$4,880,941","$4,880,941"
"3,909","Oct 22, 2003",In the Cut,"$12,000,000","$4,717,455","$23,693,646"
"3,910","Feb 22, 2008",Charlie Bartlett,"$12,000,000","$3,950,294","$5,295,909"
"3,911","Feb 13, 2009",Two Lovers,"$12,000,000","$3,149,034","$16,349,034"
"3,912","Oct 10, 2013",La grande bellezza,"$12,000,000","$2,883,879","$29,484,256"
"3,913","Feb 15, 2002",Last Orders,"$12,000,000","$2,326,407","$2,326,407"
"3,914","Mar 9, 2007",Gwoemul,"$12,000,000","$2,201,923","$92,618,117"
"3,915","Nov 13, 1981",The Pursuit of D.B. Cooper,"$12,000,000","$2,104,164","$2,104,164"
"3,916","Mar 19, 1999",Ravenous,"$12,000,000","$2,062,406","$2,062,406"
"3,917","Jun 14, 2002",The Dangerous Lives of Altar Boys,"$12,000,000","$1,779,284","$1,779,284"
"3,918","Feb 28, 2013",Stoker,"$12,000,000","$1,703,125","$12,034,913"
"3,919","Mar 7, 2008",Married Life,"$12,000,000","$1,506,998","$2,975,188"
"3,920","Oct 15, 2004",2046,"$12,000,000","$1,442,338","$19,278,598"
"3,921","Mar 11, 2011",Kill the Irishman,"$12,000,000","$1,188,194","$1,188,194"
"3,922","Sep 30, 2005",Duma,"$12,000,000","$870,067","$994,790"
"3,923","Apr 20, 2012",Darling Companion,"$12,000,000","$793,352","$1,200,346"
"3,924","Jun 4, 2010",Ondine,"$12,000,000","$550,472","$557,545"
"3,925","Jul 20, 2001",Brother,"$12,000,000","$450,594","$477,693"
"3,926","Oct 4, 2002",Welcome to Collinwood,"$12,000,000","$378,650","$4,606,284"
"3,927","Aug 7, 2015",Kahlil Gibran's The Prophet,"$12,000,000","$340,536","$1,080,362"
"3,928","Apr 18, 2008",Life Before Her Eyes,"$12,000,000","$303,439","$7,203,439"
"3,929","Oct 31, 1997",Critical Care,"$12,000,000","$220,175","$220,175"
"3,930","Sep 28, 2007",Trade,"$12,000,000","$214,202","$1,513,388"
"3,931","Jan 6, 2006",Fateless,"$12,000,000","$196,857","$196,857"
"3,932","Sep 3, 2010","A Woman, a Gun and a Noodle Shop","$12,000,000","$190,946","$310,946"
"3,933","Sep 17, 1999",Breakfast of Champions,"$12,000,000","$178,287","$178,287"
"3,934","Mar 9, 2001",Company Man,"$12,000,000","$146,028","$622,273"
"3,935","Nov 7, 2009",Nanjing! Nanjing!,"$12,000,000","$122,558","$20,122,558"
"3,936","Jun 29, 2018",Woman Walks Ahead,"$12,000,000","$57,528","$627,538"
"3,937","Feb 21, 2015",Trash,"$12,000,000","$17,484","$6,553,186"
"3,938","Aug 19, 2011",5 Days of War,"$12,000,000","$17,479","$87,793"
"3,939","Nov 11, 2015",10 Days in a Madhouse,"$12,000,000","$14,616","$14,616"
"3,940","Oct 10, 2014",Son of a Gun,"$12,000,000","$1,411","$256,003"
"3,941","Apr 7, 2009",1612,"$12,000,000",$0,"$5,400,624"
"3,942","Sep 4, 2015",San cheng ji,"$12,000,000",$0,"$1,950,194"
"3,943","Apr 19, 2012",Tu Xia Chuan Qi,"$12,000,000",$0,"$1,828,400"
"3,944","Feb 10, 2010",Triangle,"$12,000,000",$0,"$1,594,955"
"3,945","Oct 1, 2002",Stephen King's It,"$12,000,000",$0,$0
"3,946","Oct 19, 2013",Supesu Batorushippu Yamato,"$12,000,000",$0,$0
"3,947","Oct 3, 2014",Drive Hard,"$12,000,000",$0,$0
"3,948","Oct 30, 2015",Dancin' It's On,"$12,000,000",$0,$0
"3,949","Jun 5, 2009",Home,"$12,000,000",$0,$0
"3,950","Oct 30, 2015",The Dressmaker,"$11,900,000","$2,022,115","$24,374,909"
"3,951","Apr 10, 2015",Dark Places,"$11,900,000","$208,588","$5,685,597"
"3,952","Dec 10, 1999",Diamonds,"$11,900,000","$81,897","$81,897"
"3,953","Jun 7, 1997",Madadayo,"$11,900,000","$48,856","$49,452"
"3,954","May 30, 2019",Parasite (기생충),"$11,800,000","$53,867,897","$253,766,010"
"3,955","Nov 20, 2015",Carol,"$11,800,000","$12,711,491","$41,925,420"
"3,956","Apr 21, 1989",Pet Sematary,"$11,500,000","$57,469,179","$57,469,850"
"3,957","Jan 21, 2016",Dirty Grandpa,"$11,500,000","$35,593,113","$105,078,449"
"3,958","Nov 27, 2009",The Cry of the Owl,"$11,500,000",$0,$0
"3,959","Oct 9, 2009",St. Trinian’s,"$11,400,000","$15,000","$29,830,239"
"3,960","Dec 18, 2013",Belle et Sébastien,"$11,400,000",$0,"$27,042,499"
"3,961","Aug 25, 2023",Bottoms,"$11,300,000","$12,036,071","$12,973,482"
"3,962","Oct 30, 2020",Wolfwalkers,"$11,250,000",$0,"$3,241,142"
"3,963","May 25, 1977",Star Wars Ep. IV: A New Hope,"$11,000,000","$460,998,007","$775,398,007"
"3,964","Jun 8, 1984",Gremlins,"$11,000,000","$151,937,605","$164,029,770"
"3,965","Dec 22, 1965",Doctor Zhivago,"$11,000,000","$111,897,830","$112,052,801"
"3,966","Dec 10, 2010",The Fighter,"$11,000,000","$93,617,009","$129,262,388"
"3,967","Oct 24, 2008",High School Musical 3: Senior Year,"$11,000,000","$90,559,416","$274,392,880"
"3,968","Dec 27, 1991",Fried Green Tomatoes,"$11,000,000","$81,204,830","$81,204,830"
"3,969","Sep 22, 2006",Jackass: Number Two,"$11,000,000","$72,778,712","$85,278,712"
"3,970","Mar 13, 1992",My Cousin Vinny,"$11,000,000","$52,929,168","$52,929,168"
"3,971","Aug 22, 2014",If I Stay,"$11,000,000","$50,474,843","$78,356,170"
"3,972","Apr 7, 1989",Major League,"$11,000,000","$49,793,054","$49,793,054"
"3,973","Apr 4, 2003",Phone Booth,"$11,000,000","$46,566,212","$97,837,138"
"3,974","Jan 25, 2002",A Walk to Remember,"$11,000,000","$41,227,069","$46,060,861"
"3,975","Feb 19, 2025",The Monkey,"$11,000,000","$39,724,912","$63,714,422"
"3,976","Dec 29, 1995",Dead Man Walking,"$11,000,000","$39,387,284","$83,088,295"
"3,977","Mar 5, 1999",Cruel Intentions,"$11,000,000","$38,665,260","$76,238,901"
"3,978","Nov 4, 2015",Brooklyn,"$11,000,000","$38,322,743","$62,076,141"
"3,979","Oct 17, 2008",The Secret Life of Bees,"$11,000,000","$37,780,486","$39,994,347"
"3,980","Jun 16, 2017",Wind River,"$11,000,000","$33,800,859","$44,984,979"
"3,981","Apr 1, 2015",Woman in Gold,"$11,000,000","$33,307,793","$58,586,407"
"3,982","Jun 12, 1981",History of the World: Part I,"$11,000,000","$31,672,000","$31,672,000"
"3,983","Dec 8, 2017","I, Tonya","$11,000,000","$30,014,534","$53,797,409"
"3,984","Oct 23, 2009",Saw VI,"$11,000,000","$27,693,292","$69,752,402"
"3,985","Oct 12, 2001",Corky Romano,"$11,000,000","$23,978,402","$25,116,103"
"3,986","Feb 14, 2019",Fighting With My Family,"$11,000,000","$22,958,583","$41,503,088"
"3,987","Aug 7, 1992",Raising Cain,"$11,000,000","$21,171,695","$21,171,695"
"3,988","Apr 13, 1978",F.I.S.T,"$11,000,000","$20,388,920","$20,388,920"
"3,989",1975,Barry Lyndon,"$11,000,000","$20,000,000","$20,221,274"
"3,990","Dec 26, 2012",Quartet,"$11,000,000","$18,388,357","$56,178,935"
"3,991","Apr 9, 2025",Drop,"$11,000,000","$15,927,755","$26,170,000"
"3,992","Nov 21, 2001",Out Cold,"$11,000,000","$13,906,394","$14,786,394"
"3,993","Oct 13, 2000",The Ladies Man,"$11,000,000","$13,592,872","$13,719,474"
"3,994","Mar 30, 2001",Tomcats,"$11,000,000","$13,558,739","$13,558,739"
"3,995","Nov 6, 2013",Inside Llewyn Davis,"$11,000,000","$13,248,209","$32,943,247"
"3,996","Apr 12, 2002",Frailty,"$11,000,000","$13,110,448","$19,947,280"
"3,997","Feb 19, 1993",Army of Darkness,"$11,000,000","$11,502,976","$21,502,976"
"3,998","Nov 12, 2004",Kinsey,"$11,000,000","$10,214,647","$17,443,529"
"3,999","May 10, 2013",Peeples,"$11,000,000","$9,177,065","$9,307,166"
"4,000","Dec 25, 1993",What's Eating Gilbert Grape,"$11,000,000","$9,170,214","$9,170,214"
"4,001","Nov 2, 2018",Boy Erased,"$11,000,000","$6,788,692","$11,862,650"
"4,002","Jul 1, 2016",Sultan,"$11,000,000","$5,599,781","$75,379,113"
"4,003","Feb 1, 2002",Slackers,"$11,000,000","$4,814,244","$5,942,218"
"4,004","Sep 26, 2003",The Gospel of John,"$11,000,000","$4,068,087","$4,234,355"
"4,005","Oct 10, 2004",Vera Drake,"$11,000,000","$3,753,806","$13,353,855"
"4,006","Aug 8, 2014",What If,"$11,000,000","$3,493,000","$9,814,566"
"4,007","Oct 14, 2011",La piel que habito,"$11,000,000","$3,185,193","$38,156,027"
"4,008","Jan 31, 2003",The Guru,"$11,000,000","$3,051,221","$24,150,550"
"4,009","Dec 14, 1995",Othello,"$11,000,000","$2,844,379","$2,844,379"
"4,010","May 12, 1995",The Perez Family,"$11,000,000","$2,794,056","$2,794,056"
"4,011",1970,The Molly Maguires,"$11,000,000","$2,200,000","$2,200,000"
"4,012",1991,Return to the Blue Lagoon,"$11,000,000","$2,000,000","$2,000,000"
"4,013","Jul 1, 2016",La Tortue Rouge,"$11,000,000","$920,057","$6,712,903"
"4,014","Dec 7, 2018",Vox Lux,"$11,000,000","$727,119","$1,444,119"
"4,015","Sep 7, 2007",Romance and Cigarettes,"$11,000,000","$551,002","$3,231,251"
"4,016","Nov 10, 2006",Copying Beethoven,"$11,000,000","$355,968","$6,586,324"
"4,017","Aug 26, 2011",Brighton Rock,"$11,000,000","$229,653","$229,653"
"4,018","Nov 16, 2012",Le prénom,"$11,000,000","$61,611","$25,307,405"
"4,019","May 4, 2012",LOL,"$11,000,000","$46,000","$10,477,506"
"4,020","Dec 17, 2014",La famille Bélier,"$11,000,000",$0,"$82,438,670"
"4,021","Mar 6, 2020",The Banker,"$11,000,000",$0,"$2,990,000"
"4,022","Feb 5, 2016",Misconduct,"$11,000,000",$0,"$2,352,511"
"4,023","Oct 18, 2019",Eli,"$11,000,000",$0,$0
"4,024","Oct 24, 2008",Saw V,"$10,800,000","$56,746,769","$118,209,778"
"4,025","Mar 30, 2012",Les Intouchables,"$10,800,000","$13,182,281","$484,630,908"
"4,026","Mar 22, 2019",Dolor y gloria,"$10,800,000","$4,567,338","$39,837,366"
"4,027","Apr 27, 2007",Jindabyne,"$10,800,000","$399,879","$2,862,544"
"4,028","Aug 10, 2016",Line Walker (使徒行者),"$10,800,000",$0,"$89,569,657"
"4,029","Aug 11, 2006",Kabhi Alvida Naa Kehna,"$10,750,000","$3,275,443","$32,575,443"
"4,030","Jun 4, 1982",Poltergeist,"$10,700,000","$74,788,932","$121,788,932"
"4,031","May 25, 1979",Alien,"$10,700,000","$65,403,354","$188,034,787"
"4,032","Jun 18, 1999",An Ideal Husband,"$10,700,000","$18,542,974","$31,341,183"
"4,033","Dec 25, 2004",Darkness,"$10,600,000","$22,163,442","$34,409,206"
"4,034","Dec 6, 2013",The Last Days on Mars,"$10,600,000","$24,084","$261,364"
"4,035","Jun 11, 1982",E.T. the Extra-Terrestrial,"$10,500,000","$439,454,989","$797,307,407"
"4,036","Apr 2, 1968",2001: A Space Odyssey,"$10,500,000","$59,936,321","$71,777,922"
"4,037","Apr 20, 2007",In the Land of Women,"$10,500,000","$11,052,958","$14,140,402"
"4,038","Dec 8, 2017",Les gardiennes,"$10,500,000","$177,331","$4,942,337"
"4,039","Sep 2, 1994",There Goes My Baby,"$10,500,000","$125,169","$125,169"
"4,040","Feb 20, 2004",The Blue Butterfly,"$10,400,000","$1,610,194","$1,610,194"
"4,041","Sep 1, 2001",Le Fabuleux destin d\'Amélie Poulain,"$10,350,000","$33,381,742","$174,375,841"
"4,042","Dec 26, 2018",PMC: deo beong-keo,"$10,300,000",$0,"$12,478,635"
"4,043","Feb 18, 1983",Lovesick,"$10,100,000","$10,143,618","$10,143,618"
"4,044","Apr 30, 2010",Housefull,"$10,100,000","$1,183,658","$18,726,300"
"4,045","Aug 24, 2007",September Dawn,"$10,100,000","$1,066,555","$1,066,555"
"4,046","Oct 17, 2018",Halloween,"$10,000,000","$159,366,015","$255,416,089"
"4,047","Dec 5, 1997",Good Will Hunting,"$10,000,000","$138,433,435","$225,925,989"
"4,048","Oct 22, 2004",The Grudge,"$10,000,000","$110,359,362","$187,281,115"
"4,049","Aug 25, 2016",Don’t Breathe,"$10,000,000","$89,217,875","$158,906,350"
"4,050","Jun 26, 1981",Stripes,"$10,000,000","$85,300,000","$85,300,000"
"4,051","Oct 27, 2006",Saw III,"$10,000,000","$80,238,724","$163,876,815"
"4,052","Jul 1, 2016",The Purge: Election Year,"$10,000,000","$79,042,440","$118,514,727"
"4,053","May 18, 2018",Book Club,"$10,000,000","$68,566,296","$105,953,632"
"4,054","Aug 25, 2000",Bring it On,"$10,000,000","$68,353,550","$90,453,550"
"4,055","Jan 3, 2018",Insidious: The Last Key,"$10,000,000","$67,745,330","$172,811,971"
"4,056","Jan 29, 1999",She\'s All That,"$10,000,000","$63,465,522","$63,465,522"
"4,057","Oct 26, 2007",Saw IV,"$10,000,000","$63,300,095","$135,759,694"
"4,058","Feb 24, 2006",Madea's Family Reunion,"$10,000,000","$63,257,940","$63,320,521"
"4,059","Feb 3, 2022",jackass forever,"$10,000,000","$57,743,451","$74,789,292"
"4,060","Jan 7, 2005",White Noise,"$10,000,000","$56,094,360","$92,094,360"
"4,061","Oct 17, 1986",The Color of Money,"$10,000,000","$52,293,000","$52,293,000"
"4,062","Jun 4, 2015",Insidious Chapter 3,"$10,000,000","$52,218,558","$120,453,155"
"4,063","Oct 2, 1992",The Mighty Ducks,"$10,000,000","$50,752,337","$50,752,337"
"4,064","Nov 3, 2017",Lady Bird,"$10,000,000","$48,958,273","$80,120,944"
"4,065","Nov 6, 2009",Precious (Based on the Novel Push by Sapphire),"$10,000,000","$47,566,524","$68,722,848"
"4,066","Feb 24, 2012",The Best Exotic Marigold Hotel,"$10,000,000","$46,383,639","$134,639,780"
"4,067","Jun 1, 2018",Hereditary,"$10,000,000","$44,069,456","$80,942,650"
"4,068","Mar 16, 2018","Love, Simon","$10,000,000","$40,826,341","$65,520,633"
"4,069","Feb 17, 1989",Bill & Ted’s Excellent Adventure,"$10,000,000","$40,485,039","$40,510,111"
"4,070","Nov 8, 2024",The Best Christmas Pageant Ever,"$10,000,000","$40,048,808","$40,265,899"
"4,071","Oct 4, 1962",The Longest Day,"$10,000,000","$39,100,000","$50,100,000"
"4,072","Feb 16, 1996",Happy Gilmore,"$10,000,000","$39,008,205","$41,389,157"
"4,073","Oct 27, 2017",Jigsaw,"$10,000,000","$38,052,832","$104,223,315"
"4,074","Aug 31, 2001",Jeepers Creepers,"$10,000,000","$37,904,175","$58,939,035"
"4,075","Jun 28, 1985",St. Elmo’s Fire,"$10,000,000","$37,800,000","$37,800,489"
"4,076","Dec 11, 1968",Oliver!,"$10,000,000","$37,402,877","$37,402,877"
"4,077","Feb 16, 2001",Recess: School's Out,"$10,000,000","$36,696,761","$44,451,470"
"4,078","Jul 10, 1985",Mad Max Beyond Thunderdome,"$10,000,000","$36,230,219","$36,230,294"
"4,079","Nov 3, 1977",Pete’s Dragon,"$10,000,000","$36,000,000","$36,000,000"
"4,080","Jan 21, 2016",The Boy,"$10,000,000","$35,819,556","$68,220,952"
"4,081","Oct 4, 1985",Commando,"$10,000,000","$35,073,978","$35,078,913"
"4,082","May 19, 2017","Everything, Everything","$10,000,000","$34,121,140","$61,603,136"
"4,083","Sep 17, 2010",Devil,"$10,000,000","$33,679,655","$63,354,114"
"4,084","Nov 22, 2002",Friday After Next,"$10,000,000","$33,253,609","$33,526,835"
"4,085","Feb 26, 2015",The Second Best Exotic Marigold Hotel,"$10,000,000","$33,078,266","$89,400,862"
"4,086","Mar 22, 1985",The Last Dragon,"$10,000,000","$33,000,000","$33,000,750"
"4,087","Apr 28, 2017",How to Be a Latin Lover,"$10,000,000","$32,149,404","$62,556,228"
"4,088","Mar 6, 1992",The Lawnmower Man,"$10,000,000","$32,100,816","$32,100,816"
"4,089","Oct 3, 2008",Nick and Norah's Infinite Playlist,"$10,000,000","$31,487,293","$33,886,017"
"4,090","Oct 9, 2003",Calendar Girls,"$10,000,000","$31,011,616","$93,074,616"
"4,091","Nov 12, 1999",Dogma,"$10,000,000","$30,651,422","$43,948,865"
"4,092","May 18, 2018",Slender Man,"$10,000,000","$30,564,825","$51,945,949"
"4,093","Sep 20, 2002",The Banger Sisters,"$10,000,000","$30,306,281","$38,067,218"
"4,094","Sep 1, 2000",Snatch,"$10,000,000","$30,093,107","$83,593,107"
"4,095","May 19, 1989",Road House,"$10,000,000","$30,050,028","$30,050,028"
"4,096","Jul 27, 2018",Teen Titans Go! To The Movies,"$10,000,000","$29,790,236","$51,620,593"
"4,097","Sep 8, 2016",When the Bough Breaks,"$10,000,000","$29,747,603","$30,768,449"
"4,098","Jun 24, 1983",Twilight Zone: The Movie,"$10,000,000","$29,500,000","$29,500,000"
"4,099","Nov 23, 1994",A Low Down Dirty Shame,"$10,000,000","$29,317,886","$29,317,886"
"4,100","Aug 30, 2013",One Direction: This is Us,"$10,000,000","$28,873,374","$68,154,468"
"4,101","Sep 6, 2002",Swimfan,"$10,000,000","$28,564,995","$34,084,228"
"4,102","Oct 6, 2006",Employee of the Month,"$10,000,000","$28,444,855","$38,364,855"
"4,103","Aug 19, 2015",Sinister 2,"$10,000,000","$27,740,955","$54,104,225"
"4,104","Jan 7, 2016",The Forest,"$10,000,000","$26,594,261","$40,749,230"
"4,105","Nov 6, 2009",The Fourth Kind,"$10,000,000","$26,218,170","$49,486,874"
"4,106","Mar 25, 1983",The Outsiders,"$10,000,000","$25,750,528","$25,776,548"
"4,107","Jun 12, 1998",Can’t Hardly Wait,"$10,000,000","$25,358,996","$25,358,996"
"4,108","Aug 17, 2012",Sparkle,"$10,000,000","$24,397,469","$24,660,323"
"4,109","Oct 14, 2016",Kevin Hart: What Now?,"$10,000,000","$23,591,043","$23,591,043"
"4,110","Apr 26, 2013",Mud,"$10,000,000","$21,590,086","$31,556,959"
"4,111","Nov 12, 2010",Skyline,"$10,000,000","$21,416,355","$68,264,973"
"4,112","Dec 31, 2019",The Grudge,"$10,000,000","$21,216,148","$49,503,117"
"4,113","Dec 1, 2017",The Disaster Artist,"$10,000,000","$21,120,616","$28,717,667"
"4,114","Dec 15, 2023",American Fiction,"$10,000,000","$21,098,470","$23,026,243"
"4,115","Jan 9, 2025",Companion,"$10,000,000","$20,809,101","$36,709,101"
"4,116","Sep 15, 2016",Blair Witch,"$10,000,000","$20,777,061","$38,985,577"
"4,117","Oct 21, 1983",The Dead Zone,"$10,000,000","$20,766,000","$20,766,000"
"4,118","Feb 7, 1986",F/X,"$10,000,000","$20,603,715","$20,603,715"
"4,119","Feb 2, 2001",Valentine,"$10,000,000","$20,384,136","$20,384,136"
"4,120","Jun 9, 2006",A Prairie Home Companion,"$10,000,000","$20,342,852","$26,716,191"
"4,121","Feb 23, 2007",Reno 911!: Miami,"$10,000,000","$20,342,161","$21,851,362"
"4,122","Jul 24, 1998",Jane Austen's Mafia,"$10,000,000","$19,843,795","$30,143,795"
"4,123","Oct 21, 2015",Paranormal Activity: The Ghost Dimension,"$10,000,000","$18,297,124","$77,959,374"
"4,124","Feb 25, 1994",Sugar Hill,"$10,000,000","$18,272,447","$18,423,914"
"4,125","Jun 20, 2008",Kit Kittredge: An American Girl,"$10,000,000","$17,657,973","$17,657,973"
"4,126","Sep 27, 1985",Invasion U.S.A.,"$10,000,000","$17,536,256","$17,536,256"
"4,127","Sep 23, 2005",Roll Bounce,"$10,000,000","$17,380,866","$17,433,072"
"4,128","Nov 8, 2019",The Good Liar,"$10,000,000","$17,156,058","$33,856,058"
"4,129","Dec 11, 1998",Rushmore,"$10,000,000","$17,105,219","$19,080,435"
"4,130","Jan 19, 1990",Tremors,"$10,000,000","$16,667,084","$16,668,089"
"4,131","Jun 17, 2005",The Perfect Man,"$10,000,000","$16,535,005","$19,535,005"
"4,132","Aug 3, 1990",Mo' Better Blues,"$10,000,000","$16,153,000","$16,153,000"
"4,133","Jan 25, 2002",Kung Pow: Enter the Fist,"$10,000,000","$16,033,556","$17,033,556"
"4,134","Oct 7, 2016",The Birth of a Nation,"$10,000,000","$15,861,566","$16,891,011"
"4,135","Apr 2, 2021",The Unholy,"$10,000,000","$15,532,137","$30,792,024"
"4,136","May 30, 2003",Wrong Turn,"$10,000,000","$15,417,771","$28,649,556"
"4,137","May 16, 1980",The Long Riders,"$10,000,000","$15,198,912","$15,198,912"
"4,138","Mar 12, 1999",The Corruptor,"$10,000,000","$15,164,492","$15,164,492"
"4,139","Aug 14, 2009","The Goods: Live Hard, Sell Hard","$10,000,000","$15,122,676","$15,297,318"
"4,140","Nov 23, 2011",My Week with Marilyn,"$10,000,000","$14,597,405","$34,240,572"
"4,141","Dec 25, 2014",Big Eyes,"$10,000,000","$14,482,031","$27,317,872"
"4,142","Aug 5, 2005",Broken Flowers,"$10,000,000","$13,744,960","$40,744,960"
"4,143","Jun 28, 2002",Hey Arnold! The Movie,"$10,000,000","$13,684,949","$13,684,949"
"4,144","May 10, 2019",Poms,"$10,000,000","$13,631,124","$17,901,314"
"4,145","Feb 20, 2020",Brahms: The Boy II,"$10,000,000","$12,611,536","$18,968,326"
"4,146","Dec 30, 2005",The Matador,"$10,000,000","$12,589,255","$17,300,838"
"4,147","Mar 14, 1997",Love Jones,"$10,000,000","$12,554,569","$12,554,569"
"4,148","Dec 19, 2000",The Gift,"$10,000,000","$12,008,642","$44,567,606"
"4,149","Jan 20, 2006",End of the Spear,"$10,000,000","$11,748,661","$11,924,041"
"4,150","Mar 9, 2001",Get Over It,"$10,000,000","$11,560,259","$19,860,259"
"4,151","Oct 20, 2000",The Legend of Drunken Master,"$10,000,000","$11,546,543","$11,546,543"
"4,152","Feb 19, 1999",Office Space,"$10,000,000","$10,827,813","$12,179,708"
"4,153","Jun 23, 2017",The Beguiled,"$10,000,000","$10,576,669","$28,039,038"
"4,154","Jul 23, 1999",Drop Dead Gorgeous,"$10,000,000","$10,571,408","$10,571,408"
"4,155","Apr 5, 2019",The Best of Enemies,"$10,000,000","$10,205,616","$10,268,749"
"4,156","Apr 3, 1998",The Spanish Prisoner,"$10,000,000","$10,162,034","$13,835,130"
"4,157","Feb 13, 2020",Emma.,"$10,000,000","$10,055,355","$27,365,788"
"4,158","Jun 11, 1999",Le Violon rouge,"$10,000,000","$10,019,109","$10,019,109"
"4,159","Nov 25, 1998",Very Bad Things,"$10,000,000","$9,949,470","$21,094,974"
"4,160","Jul 9, 2004",Sleepover,"$10,000,000","$9,408,183","$9,424,052"
"4,161","Feb 8, 2012",Movie 43,"$10,000,000","$8,840,453","$31,164,747"
"4,162","Oct 19, 2018",Can You Ever Forgive Me?,"$10,000,000","$8,803,865","$12,517,379"
"4,163","Oct 26, 1984",Body Double,"$10,000,000","$8,801,940","$8,802,428"
"4,164","May 21, 2010",MacGruber,"$10,000,000","$8,525,600","$8,629,895"
"4,165","Jul 18, 2003",Dirty Pretty Things,"$10,000,000","$8,112,414","$14,156,753"
"4,166","Mar 14, 2014",Bad Words,"$10,000,000","$7,779,614","$7,843,145"
"4,167","Mar 27, 2015",While We're Young,"$10,000,000","$7,582,065","$17,503,828"
"4,168","Feb 1, 2008",Over Her Dead Body,"$10,000,000","$7,570,127","$21,596,074"
"4,169","Oct 24, 2001",Bones,"$10,000,000","$7,316,658","$8,378,853"
"4,170","Jun 22, 2012",Seeking a Friend for the End of the World,"$10,000,000","$7,078,738","$11,766,959"
"4,171","Dec 1, 2006",Turistas,"$10,000,000","$7,027,762","$14,321,070"
"4,172","Mar 17, 2016",Shut In,"$10,000,000","$6,900,335","$11,360,665"
"4,173","Feb 11, 2011",Cedar Rapids,"$10,000,000","$6,861,102","$7,862,131"
"4,174","Nov 29, 2012",The Collection,"$10,000,000","$6,810,754","$8,890,094"
"4,175","Aug 8, 2018",Dog Days,"$10,000,000","$6,809,080","$10,290,831"
"4,176","Oct 30, 1998",American History X,"$10,000,000","$6,719,864","$6,719,864"
"4,177","Nov 16, 2023",Next Goal Wins,"$10,000,000","$6,713,826","$17,968,934"
"4,178","Aug 16, 2018",A.X.L.,"$10,000,000","$6,501,381","$8,259,753"
"4,179","Jan 16, 2004",Teacher's Pet: The Movie,"$10,000,000","$6,491,969","$6,491,969"
"4,180","Oct 15, 1999",The Straight Story,"$10,000,000","$6,197,866","$6,230,266"
"4,181","May 3, 2002",Deuces Wild,"$10,000,000","$6,044,618","$6,244,618"
"4,182","Mar 28, 2008","Run, Fatboy, Run","$10,000,000","$6,003,262","$33,512,260"
"4,183","Dec 18, 1981",Heartbeeps,"$10,000,000","$6,000,000","$6,000,000"
"4,184","Mar 20, 2015",Danny Collins,"$10,000,000","$5,637,066","$9,271,825"
"4,185","Jul 4, 2007",Rescue Dawn,"$10,000,000","$5,490,423","$7,037,886"
"4,186","Dec 28, 2018",Stan & Ollie,"$10,000,000","$5,470,235","$29,062,674"
"4,187","Apr 5, 2000",Black and White,"$10,000,000","$5,241,315","$5,241,315"
"4,188","Jun 18, 2010",Io sono l’amore,"$10,000,000","$5,005,465","$15,121,528"
"4,189","Dec 19, 1986",King Kong Lives,"$10,000,000","$4,711,220","$4,711,220"
"4,190","Oct 18, 2019",Jay and Silent Bob Reboot,"$10,000,000","$4,589,490","$4,730,228"
"4,191","Aug 9, 2019",Brian Banks,"$10,000,000","$4,376,820","$4,376,820"
"4,192","Oct 26, 2001",On the Line,"$10,000,000","$4,365,455","$16,222,303"
"4,193","Jun 16, 2017",The Book of Henry,"$10,000,000","$4,288,104","$4,797,845"
"4,194","Jun 15, 2018",Gotti,"$10,000,000","$4,286,367","$6,601,992"
"4,195","Mar 16, 2012","Jeff, Who Lives at Home","$10,000,000","$4,269,426","$4,708,127"
"4,196","Sep 21, 2018",Life Itself,"$10,000,000","$4,095,431","$7,960,474"
"4,197","Sep 30, 2016",Denial,"$10,000,000","$4,073,448","$9,263,940"
"4,198","Mar 11, 2016",The Man Who Knew Infinity,"$10,000,000","$3,877,922","$12,382,122"
"4,199","Oct 14, 2016",Max Steel,"$10,000,000","$3,818,664","$4,563,080"
"4,200","Mar 30, 2016",Everybody Wants Some,"$10,000,000","$3,400,278","$5,437,126"
"4,201","Oct 4, 1996",Crash,"$10,000,000","$3,357,324","$3,436,114"
"4,202","Oct 12, 2012",Atlas Shrugged: Part II,"$10,000,000","$3,336,053","$3,336,053"
"4,203","Feb 4, 1994",Romeo Is Bleeding,"$10,000,000","$3,275,585","$3,275,585"
"4,204","Oct 8, 1999",The Limey,"$10,000,000","$3,193,102","$6,030,047"
"4,205","Nov 14, 2014",Rosewater,"$10,000,000","$3,128,941","$3,185,717"
"4,206","Dec 22, 2000",The House of Mirth,"$10,000,000","$3,041,803","$5,149,131"
"4,207","May 1, 1987",Malone,"$10,000,000","$3,000,000","$3,000,000"
"4,208","Jun 2, 2006",Peaceful Warrior,"$10,000,000","$2,893,666","$3,260,179"
"4,209","Sep 9, 2011",Bucky Larson: Born to Be a Star,"$10,000,000","$2,529,395","$2,529,395"
"4,210","Sep 16, 2016",Hillsong: Let Hope Rise,"$10,000,000","$2,394,725","$2,678,525"
"4,211","Oct 6, 2000",Bamboozled,"$10,000,000","$2,185,266","$2,373,937"
"4,212","Feb 11, 1981",Sphinx,"$10,000,000","$2,000,000","$11,400,000"
"4,213","May 3, 2013",The Iceman,"$10,000,000","$1,930,282","$3,623,609"
"4,214","Mar 13, 2025",Opus,"$10,000,000","$1,830,654","$2,084,215"
"4,215","Jan 16, 2015",Testament of Youth,"$10,000,000","$1,822,250","$6,646,669"
"4,216","Mar 31, 2017",Free Fire,"$10,000,000","$1,799,322","$3,793,739"
"4,217","Jun 24, 2011",A Better Life,"$10,000,000","$1,759,252","$1,884,251"
"4,218","Feb 28, 2003",Spider,"$10,000,000","$1,641,788","$1,641,788"
"4,219","Feb 4, 2000",Gun Shy,"$10,000,000","$1,638,202","$1,638,202"
"4,220","Dec 27, 2002",Nicholas Nickleby,"$10,000,000","$1,562,800","$3,311,924"
"4,221","Apr 16, 2010",The Joneses,"$10,000,000","$1,475,746","$3,541,565"
"4,222","Jun 23, 2006",Krrish,"$10,000,000","$1,430,721","$32,430,721"
"4,223","Jun 29, 2012",Killer Joe,"$10,000,000","$1,291,645","$4,659,110"
"4,224","Mar 30, 2017",Churchill,"$10,000,000","$1,279,681","$7,582,196"
"4,225","Aug 11, 2000",Cecil B. Demented,"$10,000,000","$1,276,984","$1,953,882"
"4,226","Mar 21, 2014",50 to 1,"$10,000,000","$1,069,454","$1,069,454"
"4,227","May 2, 2003",Owning Mahowny,"$10,000,000","$1,011,054","$1,147,871"
"4,228","Oct 19, 2007",The Ten Commandments,"$10,000,000","$952,820","$1,051,907"
"4,229","Sep 7, 2007",The Brothers Solomon,"$10,000,000","$900,926","$900,926"
"4,230","Apr 4, 2008",My Blueberry Nights,"$10,000,000","$866,778","$22,198,996"
"4,231","Aug 6, 1999",Illuminata,"$10,000,000","$836,641","$836,641"
"4,232","Jan 20, 2012",Coriolanus,"$10,000,000","$749,641","$2,536,707"
"4,233","Jan 22, 2021",Our Friend,"$10,000,000","$657,511","$714,255"
"4,234","Oct 4, 2013",Parkland,"$10,000,000","$641,439","$1,616,353"
"4,235","Oct 11, 2002",Swept Away,"$10,000,000","$630,033","$642,420"
"4,236","May 23, 2008","War, Inc.","$10,000,000","$580,862","$1,299,855"
"4,237","Apr 2, 2004",Shaolin Soccer,"$10,000,000","$488,872","$42,776,032"
"4,238","Aug 27, 2004",The Brown Bunny,"$10,000,000","$366,301","$630,427"
"4,239","Sep 14, 2007",King of California,"$10,000,000","$268,461","$1,165,102"
"4,240","Oct 24, 1997",Rien ne va plus,"$10,000,000","$245,359","$5,045,359"
"4,241","Aug 14, 1998",La femme de chambre du Titanic,"$10,000,000","$244,465","$244,465"
"4,242","Dec 17, 2004",Imaginary Heroes,"$10,000,000","$228,524","$290,875"
"4,243","Jul 20, 2001",High Heels and Low Lifes,"$10,000,000","$226,792","$2,151,098"
"4,244","Aug 21, 2009",World's Greatest Dad,"$10,000,000","$221,805","$295,750"
"4,245","May 3, 2013","Cinco de Mayo, La Batalla","$10,000,000","$173,472","$173,472"
"4,246","Oct 29, 2010",Welcome to the Rileys,"$10,000,000","$152,857","$355,919"
"4,247","Sep 9, 2016",Kicks,"$10,000,000","$150,191","$150,191"
"4,248","Oct 9, 2009",Free Style,"$10,000,000","$141,108","$721,108"
"4,249","Jun 1, 2012",High School,"$10,000,000","$139,034","$248,133"
"4,250","May 18, 2007",Severance,"$10,000,000","$137,221","$5,950,002"
"4,251","Jul 14, 2006",Edmond,"$10,000,000","$131,719","$241,719"
"4,252","Apr 23, 2010",Joheunnom nabbeunnom isanghannom,"$10,000,000","$128,486","$42,226,657"
"4,253","Aug 26, 1994",Police Academy 7: Mission to Moscow,"$10,000,000","$126,247","$126,247"
"4,254","Feb 19, 2010",Blood Done Sign My Name,"$10,000,000","$109,383","$109,383"
"4,255","Feb 19, 2010",The Good Guy,"$10,000,000","$100,688","$106,460"
"4,256","Oct 23, 2009",Motherhood,"$10,000,000","$93,388","$723,388"
"4,257","Mar 19, 2019",Triple Threat,"$10,000,000","$76,289","$385,651"
"4,258","Oct 15, 2004",Eulogy,"$10,000,000","$70,527","$91,201"
"4,259","Nov 7, 2014",Elsa & Fred,"$10,000,000","$67,657","$197,901"
"4,260","Mar 18, 2011",Alabama Moon,"$10,000,000","$47,305","$47,305"
"4,261","Feb 27, 1998",An Alan Smithee Film: Burn Hollywood Burn,"$10,000,000","$45,779","$45,779"
"4,262","Aug 28, 2009",The Open Road,"$10,000,000","$19,716","$19,716"
"4,263","Jun 11, 2015",Strangerland,"$10,000,000","$17,472","$161,097"
"4,264","Mar 13, 2015",Hross i oss,"$10,000,000","$11,894","$11,894"
"4,265","Oct 16, 2009",Janky Promoters,"$10,000,000","$9,069","$9,069"
"4,266","Dec 21, 2007",Blonde Ambition,"$10,000,000","$6,422","$1,537,479"
"4,267","Aug 6, 2010",The Oxford Murders,"$10,000,000","$4,803","$17,704,131"
"4,268","Jul 25, 2014",Barbecue,"$10,000,000",$388,"$247,565"
"4,269","Dec 27, 2018",T-34,"$10,000,000",$0,"$39,526,616"
"4,270",Unknown,The Reef,"$10,000,000",$0,"$15,037,867"
"4,271","Jan 8, 2008",White Noise 2: The Light,"$10,000,000",$0,"$8,243,567"
"4,272","Nov 7, 2014",Jessabelle,"$10,000,000",$0,"$6,998,359"
"4,273","Jan 23, 2015",American Heist,"$10,000,000",$0,"$2,341,218"
"4,274","Aug 13, 2021",CODA,"$10,000,000",$0,"$2,237,618"
"4,275","Oct 8, 2010",It's a Wonderful Afterlife,"$10,000,000",$0,"$1,642,939"
"4,276","Jun 21, 2011",You Got Served: Beat The World,"$10,000,000",$0,"$1,230,542"
"4,277","Aug 21, 2009",Fifty Dead Men Walking,"$10,000,000",$0,"$997,921"
"4,278","Jun 19, 2014",Plastic,"$10,000,000",$0,"$575,371"
"4,279","May 12, 2017",Message from the King,"$10,000,000",$0,"$391,845"
"4,280","Feb 7, 2014",Nurse 3D,"$10,000,000",$0,"$379,584"
"4,281","Mar 10, 2015",Jungle Shuffle,"$10,000,000",$0,"$360,898"
"4,282","Oct 28, 2016",Ethel & Ernest,"$10,000,000",$0,"$200,447"
"4,283","Sep 22, 2009",Adam Resurrected,"$10,000,000",$0,"$90,909"
"4,284","Nov 17, 2017",Mudbound,"$10,000,000",$0,"$53,559"
"4,285","May 26, 2009",The Devil's Tomb,"$10,000,000",$0,$0
"4,286",Unknown,Good Intentions,"$10,000,000",$0,$0
"4,287","Feb 2, 2007",Partition,"$10,000,000",$0,$0
"4,288","Apr 13, 2012",Detention,"$10,000,000",$0,$0
"4,289","May 19, 2015",Grizzly,"$10,000,000",$0,$0
"4,290","Jan 19, 2018",Step Sisters,"$10,000,000",$0,$0
"4,291","Feb 16, 2018",Irreplaceable You,"$10,000,000",$0,$0
"4,292","Oct 27, 2021",Passing,"$10,000,000",$0,$0
"4,293","Jan 7, 2016",Friend Request,"$9,900,000","$3,759,078","$11,310,835"
"4,294","Apr 30, 2010",Gunless,"$9,900,000","$458,054","$458,054"
"4,295","Apr 3, 2009",Adventureland,"$9,800,000","$16,044,025","$17,553,055"
"4,296","Sep 20, 2012",Amour,"$9,700,000","$6,738,954","$36,787,044"
"4,297","Oct 16, 2015",Truth,"$9,600,000","$2,541,854","$6,842,580"
"4,298","Apr 28, 2006",The Lost City,"$9,600,000","$2,484,186","$5,256,839"
"4,299","Jan 12, 2000",Next Friday,"$9,500,000","$57,176,582","$59,675,307"
"4,300","Jun 13, 1967",You Only Live Twice,"$9,500,000","$43,100,000","$111,600,000"
"4,301","Jun 10, 1988",Poltergeist III,"$9,500,000","$14,114,000","$14,114,000"
"4,302","Dec 21, 2016",Dangal,"$9,500,000","$12,391,761","$305,149,461"
"4,303","Mar 19, 2010",The Runaways,"$9,500,000","$3,573,673","$5,278,632"
"4,304","Oct 30, 2009",Gentlemen Broncos,"$9,500,000","$115,155","$119,955"
"4,305","Feb 15, 2013",Bereurlin,"$9,500,000",$0,"$48,314,840"
"4,306",Unknown,Re-Kill,"$9,500,000",$0,$0
"4,307",Unknown,When We First Met,"$9,500,000",$0,$0
"4,308","Nov 7, 1963",It's a Mad Mad Mad Mad World,"$9,400,000","$46,300,000","$60,000,000"
"4,309","Jul 6, 2006",Volver,"$9,400,000","$12,899,867","$87,226,613"
"4,310","Nov 11, 2011",Melancholia,"$9,400,000","$3,030,848","$21,788,107"
"4,311","Jul 30, 2020",The Secret: Dare to Dream,"$9,400,000",$0,"$4,920,099"
"4,312","Aug 7, 1981",Heavy Metal,"$9,300,000","$19,571,091","$19,571,091"
"4,313","Aug 21, 2020",Words on Bathroom Walls,"$9,300,000","$2,542,518","$3,184,180"
"4,314","Nov 13, 2012",Jab Tak Hai Jaan,"$9,200,000","$3,047,539","$5,806,666"
"4,315","Dec 29, 1995",Richard III,"$9,200,000","$2,684,904","$4,199,334"
"4,316","May 21, 2010",Kites,"$9,200,000","$1,685,269","$17,155,193"
"4,317","May 27, 2016",Elle,"$9,100,000","$2,339,735","$16,517,708"
"4,318",Unknown,Red Dog,"$9,100,000",$0,"$20,927,794"
"4,319","Jun 1, 2012",Mine Vaganti,"$9,100,000",$0,"$18,872,126"
"4,320","Oct 11, 2012",Zarafa,"$9,100,000",$0,"$14,709,816"
"4,321","Jan 18, 2017",Split,"$9,000,000","$138,141,585","$278,754,594"
"4,322","Oct 17, 2003",The Texas Chainsaw Massacre,"$9,000,000","$80,571,655","$107,967,319"
"4,323","Jan 1, 1971",Fiddler on the Roof,"$9,000,000","$80,500,000","$80,501,127"
"4,324","Jul 16, 2014",The Purge: Anarchy,"$9,000,000","$71,562,550","$111,534,881"
"4,325","Dec 11, 1965",Thunderball,"$9,000,000","$63,600,000","$141,200,000"
"4,326","Jan 2, 2019",Escape Room,"$9,000,000","$57,000,756","$155,615,727"
"4,327","Apr 17, 2019",The Curse of La Llorona,"$9,000,000","$54,733,739","$123,233,739"
"4,328","May 30, 2008",The Strangers,"$9,000,000","$52,597,610","$83,051,676"
"4,329","Nov 6, 1996",Set It Off,"$9,000,000","$36,049,108","$36,049,108"
"4,330","Oct 20, 2016",Ouija: Origin of Evil,"$9,000,000","$35,144,505","$81,831,866"
"4,331","Oct 22, 1999",The Best Man,"$9,000,000","$34,102,780","$34,572,780"
"4,332","Nov 9, 1988",Child’s Play,"$9,000,000","$33,244,684","$44,196,684"
"4,333","Feb 13, 2019",Happy Death Day 2U,"$9,000,000","$28,148,130","$64,686,515"
"4,334","Jul 3, 2019",Midsommar,"$9,000,000","$27,426,363","$46,713,431"
"4,335","Jun 22, 2007",Sicko,"$9,000,000","$24,538,513","$36,535,837"
"4,336","Jan 30, 2015",Black or White,"$9,000,000","$21,571,189","$21,971,021"
"4,337","Jan 21, 2000",Down to You,"$9,000,000","$20,035,310","$20,035,310"
"4,338","Jul 30, 2004",Harold & Kumar Go to White Castle,"$9,000,000","$18,225,165","$19,474,552"
"4,339","Oct 13, 2000",The Contender,"$9,000,000","$17,804,273","$17,804,273"
"4,340","Feb 18, 2000",Boiler Room,"$9,000,000","$16,963,963","$28,773,637"
"4,341","Dec 5, 2006",Black Christmas,"$9,000,000","$16,235,738","$16,235,738"
"4,342","Nov 18, 2016",The Edge of Seventeen,"$9,000,000","$14,431,633","$19,096,003"
"4,343","Dec 2, 2016",Jackie,"$9,000,000","$13,960,394","$36,588,512"
"4,344","Mar 16, 1984",The Ice Pirates,"$9,000,000","$13,075,390","$13,075,390"
"4,345","May 14, 2004",Breakin' All the Rules,"$9,000,000","$12,232,382","$12,512,317"
"4,346","Aug 12, 2011",Glee: The 3D Concert Movie,"$9,000,000","$11,862,398","$17,462,398"
"4,347","Oct 29, 2020",Come Play,"$9,000,000","$10,475,990","$12,624,174"
"4,348","Nov 8, 1989",Henry V,"$9,000,000","$10,161,099","$10,176,701"
"4,349","Nov 4, 2016",Loving,"$9,000,000","$7,710,234","$12,898,064"
"4,350","Nov 28, 2007",The Savages,"$9,000,000","$6,623,082","$10,642,023"
"4,351","Apr 16, 2003",Chasing Papi,"$9,000,000","$6,126,237","$12,657,377"
"4,352","Sep 8, 2000",The Way of the Gun,"$9,000,000","$6,047,856","$13,061,935"
"4,353","May 17, 2019",The Sun is Also a Star,"$9,000,000","$4,950,029","$6,750,029"
"4,354","Aug 22, 2008",Hamlet 2,"$9,000,000","$4,886,216","$4,934,104"
"4,355","Sep 13, 2002",Igby Goes Down,"$9,000,000","$4,777,465","$5,512,151"
"4,356","Apr 29, 1994",PCU,"$9,000,000","$4,333,569","$4,333,569"
"4,357","Oct 14, 1988",Madame Sousatzka,"$9,000,000","$3,548,238","$3,548,238"
"4,358","Mar 9, 2007",The Ultimate Gift,"$9,000,000","$3,438,735","$3,438,735"
"4,359","Sep 29, 2000",Beautiful,"$9,000,000","$3,134,509","$3,134,509"
"4,360","Jun 1, 2007",Gracie,"$9,000,000","$2,956,339","$3,922,043"
"4,361","Aug 9, 2012",The Sapphires,"$9,000,000","$2,450,867","$20,395,040"
"4,362","Aug 26, 2016",Greater,"$9,000,000","$2,000,093","$2,000,093"
"4,363","Dec 25, 2018",Destroyer,"$9,000,000","$1,533,324","$5,865,489"
"4,364","Aug 18, 2006",Trust the Man,"$9,000,000","$1,530,535","$2,548,378"
"4,365","Aug 26, 2005",Undiscovered,"$9,000,000","$1,069,318","$1,069,318"
"4,366","Nov 6, 1998",Velvet Goldmine,"$9,000,000","$1,053,788","$4,313,644"
"4,367","May 14, 2010",Princess Kaiulani,"$9,000,000","$883,887","$883,887"
"4,368","Dec 10, 2021",National Champions,"$9,000,000","$475,488","$475,488"
"4,369","Jun 20, 2003",The Legend of Suriyothai,"$9,000,000","$454,255","$461,581"
"4,370","Oct 25, 1991",Due occhi diabolici,"$9,000,000","$349,618","$349,618"
"4,371","Aug 26, 2015",Dheepan,"$9,000,000","$248,795","$7,704,357"
"4,372","Jan 22, 2010",La fille du RER,"$9,000,000","$208,163","$208,163"
"4,373","Oct 25, 2002",All or Nothing,"$9,000,000","$184,255","$186,240"
"4,374","Feb 5, 2010",Red Riding: The Year of Our Lord 1974,"$9,000,000","$148,826","$148,826"
"4,375","Jul 31, 2009",Flammen og Citronen,"$9,000,000","$148,089","$1,635,241"
"4,376","Apr 2, 2010",Leaves of Grass,"$9,000,000","$70,066","$85,527"
"4,377","Nov 22, 2006",Opal Dream,"$9,000,000","$14,443","$14,443"
"4,378","Oct 26, 2018",Another Day of Life,"$9,000,000","$3,190","$580,897"
"4,379","May 8, 2015",Skin Trade,"$9,000,000","$1,242","$1,242"
"4,380","Apr 17, 2013",Les gamins,"$9,000,000",$0,"$15,660,664"
"4,381","Jun 17, 2014",Beneath Hill 60,"$9,000,000",$0,"$3,440,939"
"4,382","Sep 13, 2012",Veronika Decides to Die,"$9,000,000",$0,"$2,243"
"4,383","Oct 10, 1968",Barbarella,"$9,000,000",$0,$336
"4,384","Feb 1, 2013",A Haunting in Connecticut 2: The Ghosts of Georgia,"$9,000,000",$0,$0
"4,385","May 18, 2012",Polisse,"$8,900,000","$176,988","$22,744,132"
"4,386","Nov 12, 2015",Heist,"$8,900,000","$50,136","$3,324,131"
"4,387","Feb 26, 2011",Ultramarines,"$8,900,000",$0,$0
"4,388","Apr 24, 1986",Crocodile Dundee,"$8,800,000","$174,803,506","$328,203,506"
"4,389","Sep 2, 2016",Dofus - Livre 1: Julith,"$8,800,000",$0,"$624,747"
"4,390",Unknown,The I Inside,"$8,800,000",$0,$0
"4,391","Sep 2, 2015",Le tout nouveau testament,"$8,700,000","$127,910","$19,499,856"
"4,392","Nov 30, 2007",Awake,"$8,600,000","$14,373,825","$32,968,648"
"4,393","Aug 25, 2016",The Age of Shadows (밀정),"$8,600,000","$540,268","$54,500,169"
"4,394","Apr 2, 1976",All the President’s Men,"$8,500,000","$51,048,435","$51,048,857"
"4,395","Nov 17, 2016",Manchester by the Sea,"$8,500,000","$47,695,371","$77,733,867"
"4,396","Dec 16, 2009",Crazy Heart,"$8,500,000","$39,471,742","$47,417,251"
"4,397","May 15, 2024",The Strangers: Chapter 1,"$8,500,000","$35,202,562","$47,445,905"
"4,398","Aug 15, 2008",Star Wars: The Clone Wars,"$8,500,000","$35,161,554","$68,695,443"
"4,399","Feb 20, 2015",The DUFF,"$8,500,000","$34,030,343","$43,528,634"
"4,400","Jul 31, 1987",The Lost Boys,"$8,500,000","$33,112,052","$33,283,628"
"4,401","Oct 31, 2014",Nightcrawler,"$8,500,000","$32,381,218","$50,334,418"
"4,402","Dec 14, 2018",Dragon Ball Super: Broly,"$8,500,000","$30,376,755","$122,740,616"
"4,403","Nov 7, 1979",The Rose,"$8,500,000","$29,200,000","$29,200,000"
"4,404","Sep 27, 2013",Baggage Claim,"$8,500,000","$21,569,509","$22,885,836"
"4,405","Oct 7, 2016",Middle School: The Worst Years of My Life,"$8,500,000","$20,007,149","$23,311,293"
"4,406","Mar 1, 1991",Haakon Haakonsen,"$8,500,000","$15,024,232","$15,024,232"
"4,407","Apr 23, 1999",Election,"$8,500,000","$14,943,582","$17,202,854"
"4,408","Mar 9, 2007",The Namesake,"$8,500,000","$13,610,521","$20,288,774"
"4,409","Jul 4, 2024",Sound of Hope: The Story of Possum Trot,"$8,500,000","$11,647,099","$11,665,791"
"4,410","Oct 18, 2013",All is Lost,"$8,500,000","$6,263,670","$10,386,814"
"4,411","Feb 27, 2004",Club Dread,"$8,500,000","$5,001,655","$7,573,551"
"4,412","Sep 17, 2009",Bright Star,"$8,500,000","$4,444,637","$17,220,091"
"4,413","Sep 21, 2001",Glitter,"$8,500,000","$4,273,372","$4,273,372"
"4,414","Jun 30, 2016",Train to Busan (부산행),"$8,500,000","$2,129,768","$95,619,965"
"4,415","Jun 4, 2014",The Rover,"$8,500,000","$1,109,199","$3,180,252"
"4,416","Apr 23, 2004",Silmido,"$8,500,000","$298,347","$30,298,347"
"4,417","Nov 7, 2008",Repo! The Genetic Opera,"$8,500,000","$140,244","$198,883"
"4,418","Oct 20, 2017",Posledniy bogatyr,"$8,500,000",$0,"$30,723,013"
"4,419","Feb 19, 2016",A.C.O.R.N.S.: Operation Crackdown,"$8,500,000",$0,"$1,353,287"
"4,420","Feb 12, 2010",My Name is Khan,"$8,470,000","$4,046,336","$42,355,526"
"4,421","Mar 23, 2007",Namastey London,"$8,400,000","$1,207,007","$6,831,069"
"4,422","May 31, 2013",Yeh Jawaani Hai Deewani,"$8,300,000","$3,827,466","$50,827,466"
"4,423","Jun 4, 1999",Limbo,"$8,300,000","$2,160,710","$2,598,224"
"4,424","Nov 19, 2021",C’mon C’mon,"$8,300,000","$2,005,481","$3,299,430"
"4,425","Jun 23, 2006",The Wind That Shakes the Barley,"$8,300,000","$1,829,142","$25,170,688"
"4,426","Apr 16, 2010",The City of Your Final Destination,"$8,300,000","$493,296","$1,353,296"
"4,427","Nov 24, 2006",Kurtlar vadisi - Irak,"$8,300,000",$0,"$24,906,717"
"4,428","Feb 23, 1951",Quo Vadis?,"$8,250,000","$30,000,000","$30,029,100"
"4,429","Jan 1, 1965",The Sound of Music,"$8,200,000","$163,214,286","$286,213,233"
"4,430","Feb 17, 1984",Footloose,"$8,200,000","$80,000,000","$80,009,427"
"4,431",Unknown,Neuilly Sa Mère,"$8,200,000",$0,"$19,637,575"
"4,432","Sep 10, 1994",Pulp Fiction,"$8,000,000","$107,928,762","$212,891,598"
"4,433","Jun 22, 1984",The Karate Kid,"$8,000,000","$90,815,558","$90,858,381"
"4,434","Jun 22, 1979",The Muppet Movie,"$8,000,000","$76,657,000","$76,657,000"
"4,435","Mar 9, 1984",Splash,"$8,000,000","$62,599,495","$62,599,495"
"4,436","Jul 26, 2006",Little Miss Sunshine,"$8,000,000","$59,891,098","$100,642,353"
"4,437","Sep 17, 2010",Easy A,"$8,000,000","$58,401,464","$76,200,721"
"4,438","Aug 8, 1986",Stand by Me,"$8,000,000","$52,287,414","$52,289,686"
"4,439","Jun 27, 2003",28 Days Later…,"$8,000,000","$45,064,915","$82,784,517"
"4,440","Jun 22, 1979",Escape from Alcatraz,"$8,000,000","$43,000,000","$43,000,459"
"4,441","Jan 30, 2004",You Got Served,"$8,000,000","$40,066,497","$50,811,858"
"4,442","May 1, 2019",The Intruder,"$8,000,000","$35,388,976","$40,597,401"
"4,443","Sep 30, 2011",50/50,"$8,000,000","$35,016,118","$41,334,735"
"4,444","Apr 3, 1996",A Thin Line Between Love & Hate,"$8,000,000","$34,873,513","$34,873,513"
"4,445","Aug 13, 2015",A Walk in the Woods,"$8,000,000","$29,499,394","$37,119,358"
"4,446","Oct 11, 2002",Brown Sugar,"$8,000,000","$27,362,712","$28,315,272"
"4,447","Mar 13, 1992",Howards End,"$8,000,000","$26,124,872","$26,354,917"
"4,448","Jan 31, 2014",That Awkward Moment,"$8,000,000","$26,068,955","$53,068,955"
"4,449","Mar 21, 2008",Shutter,"$8,000,000","$25,928,550","$47,782,426"
"4,450","Dec 25, 1981",Modern Problems,"$8,000,000","$24,474,312","$24,474,312"
"4,451","Nov 28, 1969",On Her Majesty's Secret Service,"$8,000,000","$22,800,000","$82,000,000"
"4,452","May 7, 1993",Much Ado About Nothing,"$8,000,000","$22,549,338","$22,549,338"
"4,453","Apr 10, 1992",The Player,"$8,000,000","$21,706,101","$28,876,702"
"4,454","Nov 10, 1982",Creepshow,"$8,000,000","$20,036,244","$20,036,244"
"4,455","Apr 28, 2006",Akeelah and the Bee,"$8,000,000","$18,848,430","$18,959,424"
"4,456","May 1, 2024",Tarot,"$8,000,000","$18,771,004","$49,104,745"
"4,457","Oct 14, 1994",Wes Craven's New Nightmare,"$8,000,000","$18,090,181","$18,090,181"
"4,458","Oct 1, 1999",Drive Me Crazy,"$8,000,000","$17,843,379","$22,591,451"
"4,459","Sep 18, 2013",Enough Said,"$8,000,000","$17,550,872","$25,621,449"
"4,460","Jan 16, 1998",Half Baked,"$8,000,000","$17,394,881","$17,394,881"
"4,461","Jan 30, 2009",New in Town,"$8,000,000","$16,734,283","$29,937,909"
"4,462","Jun 27, 2014",Begin Again,"$8,000,000","$16,170,632","$67,731,796"
"4,463","Apr 14, 2000",American Psycho,"$8,000,000","$15,070,285","$34,270,285"
"4,464","May 19, 2006",See No Evil,"$8,000,000","$15,032,800","$18,828,036"
"4,465","Aug 7, 2002",The Good Girl,"$8,000,000","$14,018,296","$16,585,503"
"4,466","Aug 4, 2006","Bon Cop, Bad Cop","$8,000,000","$12,671,300","$12,740,705"
"4,467","Oct 30, 2009",The Boondock Saints 2: All Saints Day,"$8,000,000","$10,273,187","$10,629,320"
"4,468","Apr 29, 2011",Prom,"$8,000,000","$10,130,219","$10,763,183"
"4,469","Apr 22, 1994",The Inkwell,"$8,000,000","$8,864,699","$8,864,699"
"4,470","Dec 29, 2000",Shadow of the Vampire,"$8,000,000","$8,279,017","$8,279,017"
"4,471","Jun 12, 2015",Me and Earl and the Dying Girl,"$8,000,000","$6,758,416","$9,266,180"
"4,472","Oct 8, 2010",It's Kind of a Funny Story,"$8,000,000","$6,363,628","$6,632,950"
"4,473","Oct 21, 1983",Under Fire,"$8,000,000","$5,696,391","$5,696,391"
"4,474","May 3, 1996",The Pallbearer,"$8,000,000","$5,656,388","$5,656,388"
"4,475","Sep 22, 2000",Woman on Top,"$8,000,000","$5,018,450","$10,192,613"
"4,476","May 12, 2000",Held Up,"$8,000,000","$4,714,090","$4,714,090"
"4,477","Sep 2, 2016",Morgan,"$8,000,000","$3,915,251","$7,298,786"
"4,478","Jan 21, 2016",Anomalisa,"$8,000,000","$3,759,286","$5,706,168"
"4,479","Dec 23, 2005",Caché,"$8,000,000","$3,647,381","$19,891,331"
"4,480","Nov 5, 2010",Another Year,"$8,000,000","$3,205,706","$20,005,613"
"4,481","Sep 20, 2002",8 femmes,"$8,000,000","$3,076,425","$42,376,425"
"4,482",1991,Showdown in Little Tokyo,"$8,000,000","$2,275,557","$2,275,557"
"4,483","Sep 25, 1998",Clay Pigeons,"$8,000,000","$1,793,359","$2,256,606"
"4,484","Oct 6, 2023",Dicks: The Musical,"$8,000,000","$1,453,012","$1,472,028"
"4,485","May 3, 2019",El Chicano,"$8,000,000","$1,400,603","$1,400,603"
"4,486","Nov 21, 2013",Le passé,"$8,000,000","$1,335,672","$15,752,575"
"4,487","Apr 5, 2018",Lean on Pete,"$8,000,000","$1,163,056","$2,985,001"
"4,488","Nov 19, 2010",Made in Dagenham,"$8,000,000","$1,095,369","$15,644,196"
"4,489","Jun 6, 2008",And When Did You Last See Your Father?,"$8,000,000","$1,071,240","$2,476,491"
"4,490","Jul 31, 2020",Cut Throat City,"$8,000,000","$855,894","$864,907"
"4,491","Mar 5, 2010",The Secret of Kells,"$8,000,000","$690,290","$3,582,797"
"4,492","Sep 16, 2016",Mr. Church,"$8,000,000","$685,780","$685,780"
"4,493","Jan 24, 1997",Prefontaine,"$8,000,000","$590,817","$590,817"
"4,494","Oct 28, 1983",The Wicked Lady,"$8,000,000","$589,308","$589,308"
"4,495","May 5, 2006",Down in the Valley,"$8,000,000","$568,932","$973,443"
"4,496","May 11, 2007",Brooklyn Rules,"$8,000,000","$458,232","$458,232"
"4,497","Jan 10, 2020",Seberg,"$8,000,000","$448,009","$1,265,119"
"4,498","Oct 24, 2003",The Singing Detective,"$8,000,000","$336,456","$524,747"
"4,499","Jun 2, 2016",Ma vie de Courgette,"$8,000,000","$309,768","$10,245,743"
"4,500","Jun 15, 2007",Fido,"$8,000,000","$298,110","$456,814"
"4,501","Sep 20, 2018",London Fields,"$8,000,000","$252,676","$433,732"
"4,502","Sep 16, 2011",Restless,"$8,000,000","$163,753","$2,772,511"
"4,503","Jun 12, 1998",The Land Girls,"$8,000,000","$146,083","$146,083"
"4,504","May 18, 2007",The Wendell Baker Story,"$8,000,000","$127,188","$127,188"
"4,505","Oct 29, 2010",Wild Target,"$8,000,000","$109,338","$5,314,194"
"4,506","Apr 18, 2008",Pathology,"$8,000,000","$109,045","$3,270,974"
"4,507","Oct 5, 2012",Wuthering Heights,"$8,000,000","$100,915","$2,721,534"
"4,508","Nov 4, 2016",A Street Cat Named Bob,"$8,000,000","$82,703","$17,025,444"
"4,509","Aug 18, 2006",10th & Wolf,"$8,000,000","$54,702","$143,782"
"4,510","Jan 23, 2015",Aloft,"$8,000,000","$53,086","$531,139"
"4,511","Oct 14, 2011",Fireflies in the Garden,"$8,000,000","$36,884","$3,587,191"
"4,512","Sep 23, 2005",Dear Wendy,"$8,000,000","$23,106","$446,438"
"4,513","Jun 27, 1991",Akira,"$8,000,000","$19,585","$2,211,073"
"4,514",Unknown,Welcome to Dongmakgol,"$8,000,000",$0,"$48,000,000"
"4,515","Sep 20, 2013",Feichang Xingyun,"$8,000,000",$0,"$21,970,000"
"4,516","Oct 30, 2015","Don Gato, el inicio de la pandilla","$8,000,000",$0,"$4,604,656"
"4,517","Sep 4, 2007",The Death and Life of Bobby Z,"$8,000,000",$0,"$414,617"
"4,518","Jan 18, 2018",Backstabbing For Beginners,"$8,000,000",$0,"$343,773"
"4,519","Nov 8, 2019",The Report,"$8,000,000",$0,"$242,788"
"4,520","Aug 12, 2014",Swelter,"$8,000,000",$0,"$44,197"
"4,521","Nov 30, 2007",Maurice Richard,"$8,000,000",$0,$0
"4,522","Jul 16, 2013",Teen Beach Movie,"$8,000,000",$0,$0
"4,523","Feb 24, 2015",Green Street Hooligans: Underground,"$8,000,000",$0,$0
"4,524","Dec 18, 2009",Christmas in Beverly Hills,"$8,000,000",$0,$0
"4,525","May 6, 2016",Code of Honor,"$8,000,000",$0,$0
"4,526","Jun 21, 2019",Burn Your Maps,"$8,000,000",$0,$0
"4,527","Sep 26, 2011",The Bling Ring,"$8,000,000",$0,$0
"4,528","Jan 27, 2006",Imagine Me & You,"$7,900,000","$672,243","$3,129,471"
"4,529","Jul 4, 2003",Swimming Pool,"$7,800,000","$10,130,108","$24,021,282"
"4,530","Dec 28, 2017",Dvizhenie Vverkh,"$7,800,000",$0,"$61,925,449"
"4,531","Dec 11, 2015","Loulou, l’incroyable secret","$7,793,000",$0,"$12,196"
"4,532","Feb 23, 1990",The Blood of Heroes,"$7,700,000","$882,290","$882,290"
"4,533","Jan 16, 2015",Loin des hommes,"$7,700,000","$5,336","$1,136,918"
"4,534","Jan 26, 2018",La douleur,"$7,600,000","$103,770","$3,396,089"
"4,535","Dec 13, 1989",Driving Miss Daisy,"$7,500,000","$106,593,296","$106,593,296"
"4,536","Sep 26, 1997",Soul Food,"$7,500,000","$43,492,389","$43,492,389"
"4,537","Jul 17, 2009",(500) Days of Summer,"$7,500,000","$32,425,665","$34,515,303"
"4,538","Feb 23, 1996",Rumble in the Bronx,"$7,500,000","$32,281,907","$36,238,752"
"4,539","Mar 17, 2006",Thank You For Smoking,"$7,500,000","$24,793,509","$40,016,662"
"4,540","Jun 8, 2007",Hostel: Part II,"$7,500,000","$17,544,812","$33,606,409"
"4,541","Oct 9, 2009",An Education,"$7,500,000","$12,574,914","$29,652,736"
"4,542","Sep 4, 2009",Extract,"$7,500,000","$10,823,158","$10,849,158"
"4,543","Dec 20, 2002",Narc,"$7,500,000","$10,465,659","$11,843,260"
"4,544","Oct 21, 2005",Shopgirl,"$7,500,000","$10,284,523","$11,758,418"
"4,545","Mar 9, 1984",The Hotel New Hampshire,"$7,500,000","$5,142,858","$5,142,858"
"4,546","Mar 8, 2002",Men with Brooms,"$7,500,000","$4,239,767","$4,239,767"
"4,547","Feb 22, 2008",Witless Protection,"$7,500,000","$4,151,836","$4,151,836"
"4,548","Nov 24, 2004",The Work and the Glory,"$7,500,000","$3,347,647","$3,347,647"
"4,549","Dec 21, 2011",Albert Nobbs,"$7,500,000","$3,014,696","$8,539,003"
"4,550","Jun 9, 2016",The Neon Demon,"$7,500,000","$1,333,124","$3,559,803"
"4,551","Jul 24, 2003",Masked and Anonymous,"$7,500,000","$533,344","$555,335"
"4,552","Sep 22, 2017",Borg vs McEnroe,"$7,500,000","$231,346","$8,824,873"
"4,553","Sep 13, 2002",Betty Fisher et autres histoires,"$7,500,000","$206,400","$206,400"
"4,554","Aug 6, 2004",Code 46,"$7,500,000","$197,148","$1,788,324"
"4,555","Jan 9, 2015",Black November,"$7,500,000","$5,782","$38,354"
"4,556",Unknown,The Hole,"$7,500,000",$0,"$10,834,406"
"4,557","Apr 27, 2012",Outside Bet,"$7,500,000",$0,"$13,524"
"4,558","Jul 3, 2015",Kirikou Et Les Hommes Et Les Femmes,"$7,500,000",$0,$17
"4,559","May 15, 2015",Pound of Flesh,"$7,500,000",$0,$0
"4,560","Sep 1, 2017",Little Evil,"$7,500,000",$0,$0
"4,561","Jan 13, 2017",The Bye Bye Man,"$7,400,000","$22,395,806","$31,187,727"
"4,562","Apr 27, 2007",Ta Ra Rum Pum,"$7,400,000","$872,643","$9,443,864"
"4,563","Apr 29, 2005",Crash,"$7,303,082","$55,334,418","$101,173,038"
"4,564","Dec 25, 2007",Persepolis,"$7,300,000","$4,443,403","$25,397,187"
"4,565","Apr 30, 2010",Harry Brown,"$7,300,000","$1,818,681","$12,023,606"
"4,566","Dec 18, 2015",Skammerens datter,"$7,300,000",$0,"$3,364,513"
"4,567","May 27, 2011",Die Welle,"$7,250,000",$0,"$35,122,948"
"4,568","Nov 26, 1971",Diamonds Are Forever,"$7,200,000","$43,800,000","$115,999,985"
"4,569","Oct 15, 1999",The Omega Code,"$7,200,000","$12,610,552","$12,678,312"
"4,570","Sep 16, 2011",3,"$7,200,000","$59,774","$295,492"
"4,571","Sep 25, 2015",Mississippi Grind,"$7,100,000","$130,541","$448,641"
"4,572","Dec 5, 2007",Juno,"$7,000,000","$143,495,265","$231,450,102"
"4,573","Mar 15, 1972",The Godfather,"$7,000,000","$136,479,994","$270,007,394"
"4,574","Jun 28, 2012",Magic Mike,"$7,000,000","$113,721,571","$170,549,753"
"4,575","Apr 15, 1983",Flashdance,"$7,000,000","$90,463,574","$201,463,574"
"4,576","Mar 16, 2018",I Can Only Imagine,"$7,000,000","$83,482,352","$85,783,567"
"4,577","Nov 15, 1974",Earthquake,"$7,000,000","$79,700,000","$79,700,000"
"4,578","Feb 26, 2020",The Invisible Man,"$7,000,000","$64,914,050","$139,011,965"
"4,579","Mar 13, 2019",Five Feet Apart,"$7,000,000","$45,729,221","$92,554,209"
"4,580","Jul 26, 1985",Pee Wee\'s Big Adventure,"$7,000,000","$40,940,662","$40,940,662"
"4,581","Jul 22, 1993",The Piano,"$7,000,000","$40,157,856","$40,212,480"
"4,582","May 6, 2011",Jumping the Broom,"$7,000,000","$37,295,394","$38,158,601"
"4,583","Jun 27, 1973",Live and Let Die,"$7,000,000","$35,400,000","$161,800,000"
"4,584","Jan 12, 2000",My Dog Skip,"$7,000,000","$34,099,640","$35,795,319"
"4,585","Jan 24, 2003",Darkness Falls,"$7,000,000","$32,539,681","$47,289,758"
"4,586","Feb 14, 2008","Definitely, Maybe","$7,000,000","$32,241,649","$55,617,866"
"4,587","Oct 7, 2005","Good Night, and Good Luck","$7,000,000","$31,501,218","$56,586,901"
"4,588","Sep 30, 2005",Capote,"$7,000,000","$28,750,530","$49,924,079"
"4,589","Mar 29, 1974",The Great Gatsby,"$7,000,000","$26,533,200","$26,533,200"
"4,590","Feb 12, 2020",Fantasy Island,"$7,000,000","$26,441,782","$49,066,276"
"4,591","Aug 4, 2006",The Descent,"$7,000,000","$26,024,456","$57,051,053"
"4,592","Aug 25, 1995",Desperado,"$7,000,000","$25,532,388","$25,532,388"
"4,593",1976,Logan’s Run,"$7,000,000","$25,000,000","$25,000,076"
"4,594","Apr 7, 2017",Gifted,"$7,000,000","$24,801,212","$36,964,656"
"4,595","Mar 8, 1996",Fargo,"$7,000,000","$24,567,751","$51,203,507"
"4,596","Apr 11, 2001",Kingdom Come,"$7,000,000","$23,247,539","$23,393,939"
"4,597","Dec 20, 1974",The Man with the Golden Gun,"$7,000,000","$21,000,000","$97,600,000"
"4,598","Feb 12, 1988",Action Jackson,"$7,000,000","$20,257,000","$20,274,718"
"4,599","May 13, 1983",Breathless,"$7,000,000","$19,910,002","$19,910,002"
"4,600","May 5, 2000",Michael Jordan to the MAX,"$7,000,000","$18,642,318","$19,276,267"
"4,601","Jun 19, 2015",Dope,"$7,000,000","$17,506,470","$18,190,831"
"4,602","May 9, 2019",BrightBurn,"$7,000,000","$17,259,427","$33,183,640"
"4,603","Jul 22, 2005",The Devil’s Rejects,"$7,000,000","$17,044,981","$20,940,428"
"4,604","Jan 17, 2014",Devil's Due,"$7,000,000","$15,821,461","$36,146,087"
"4,605","Mar 22, 1996",Flirting with Disaster,"$7,000,000","$14,853,474","$16,149,180"
"4,606","Nov 14, 2014",Beyond the Lights,"$7,000,000","$14,618,727","$14,618,727"
"4,607","Jul 31, 1992",Buffy the Vampire Slayer,"$7,000,000","$14,231,669","$14,231,669"
"4,608","Aug 25, 1999",In Too Deep,"$7,000,000","$14,026,509","$15,471,229"
"4,609","Apr 11, 2003","House of 1,000 Corpses","$7,000,000","$12,634,962","$17,005,466"
"4,610","Oct 11, 1985",Silver Bullet,"$7,000,000","$10,803,211","$10,803,211"
"4,611","Oct 10, 2003",House of the Dead,"$7,000,000","$10,199,354","$13,860,078"
"4,612","Oct 2, 2009",A Serious Man,"$7,000,000","$9,228,788","$30,360,570"
"4,613","Jul 30, 2010",Get Low,"$7,000,000","$9,176,933","$10,828,305"
"4,614","Dec 11, 2009",A Single Man,"$7,000,000","$9,176,000","$28,142,379"
"4,615","Jan 10, 1991",Warlock,"$7,000,000","$8,824,553","$8,824,553"
"4,616","Aug 12, 1988",The Last Temptation of Christ,"$7,000,000","$8,373,585","$8,373,585"
"4,617","Jun 18, 2010",Cyrus,"$7,000,000","$7,468,936","$10,062,896"
"4,618","Sep 1, 1999",Outside Providence,"$7,000,000","$7,309,628","$7,824,358"
"4,619","Feb 11, 2005",Bride & Prejudice,"$7,000,000","$6,601,079","$25,269,040"
"4,620","Nov 29, 2002",Rabbit-Proof Fence,"$7,000,000","$6,199,600","$16,866,928"
"4,621","Jul 27, 2007",Who's Your Caddy?,"$7,000,000","$5,694,308","$5,694,308"
"4,622","Dec 25, 2016",20th Century Women,"$7,000,000","$5,664,763","$9,353,729"
"4,623","May 1, 1992",Split Second,"$7,000,000","$5,430,822","$5,430,822"
"4,624","Mar 8, 1991",Nikita,"$7,000,000","$5,017,971","$5,017,971"
"4,625","Dec 14, 2001",The Other Side of Heaven,"$7,000,000","$4,720,371","$4,720,371"
"4,626","Sep 28, 1990",Dark Angel,"$7,000,000","$4,372,561","$4,372,561"
"4,627","Jun 27, 1986",American Anthem,"$7,000,000","$3,571,624","$3,571,624"
"4,628","Nov 12, 2004",Veer-Zaara,"$7,000,000","$2,938,532","$7,017,859"
"4,629","May 2, 2008",Redbelt,"$7,000,000","$2,344,847","$2,667,084"
"4,630","Aug 27, 1999",A Dog of Flanders,"$7,000,000","$2,165,637","$2,165,637"
"4,631","Oct 18, 2002",Auto Focus,"$7,000,000","$2,062,066","$2,703,821"
"4,632","Sep 21, 2018",Assassination Nation,"$7,000,000","$2,005,142","$2,852,759"
"4,633","Oct 21, 2011",The Mighty Macs,"$7,000,000","$1,891,936","$1,891,936"
"4,634","Dec 16, 2010",Somewhere,"$7,000,000","$1,785,645","$17,023,121"
"4,635","Jan 13, 2012",We Need to Talk About Kevin,"$7,000,000","$1,738,692","$10,765,283"
"4,636","Feb 2, 2007",Factory Girl,"$7,000,000","$1,661,464","$1,661,464"
"4,637","Nov 15, 2013",The Christmas Candle,"$7,000,000","$1,632,000","$1,933,829"
"4,638","Mar 8, 2019",The Kid,"$7,000,000","$1,508,593","$1,593,173"
"4,639","Sep 25, 2009",I Hope They Serve Beer in Hell,"$7,000,000","$1,429,299","$1,429,453"
"4,640","Feb 23, 2018",Finding Your Feet,"$7,000,000","$1,418,682","$17,570,654"
"4,641","Apr 8, 1983",Losin' It,"$7,000,000","$1,246,141","$1,246,141"
"4,642","May 7, 2010",Mother and Child,"$7,000,000","$1,110,509","$6,537,179"
"4,643","Aug 5, 1977",March or Die,"$7,000,000","$1,000,000","$1,000,000"
"4,644","Jul 12, 1996",Les Visiteurs,"$7,000,000","$659,000","$98,754,000"
"4,645","Oct 2, 2015",Freeheld,"$7,000,000","$546,201","$1,732,228"
"4,646","Nov 15, 2013",Dom Hemingway,"$7,000,000","$523,511","$1,857,458"
"4,647","Jul 30, 2010",The Extra Man,"$7,000,000","$453,377","$492,108"
"4,648","May 13, 2011",Hesher,"$7,000,000","$382,946","$382,946"
"4,649","Mar 13, 1998",Chairman of the Board,"$7,000,000","$306,715","$306,715"
"4,650","Feb 14, 2003",Gerry,"$7,000,000","$254,683","$719,699"
"4,651","May 12, 2006",Wah-Wah,"$7,000,000","$234,750","$463,039"
"4,652","May 2, 2003",The Heart of Me,"$7,000,000","$196,067","$531,222"
"4,653","Mar 26, 2010",Ca$h,"$7,000,000","$46,488","$46,488"
"4,654","Jan 21, 2000",The Boondock Saints,"$7,000,000","$38,835","$420,238"
"4,655","Jan 30, 2015",Trudno byt bogom,"$7,000,000","$31,443","$41,038"
"4,656","Jun 21, 2012",Twixt,"$7,000,000","$1,996","$1,270,342"
"4,657","Jul 15, 2016",Des nouvelles de la planète Mars,"$7,000,000",$310,"$582,849"
"4,658","Dec 27, 2012",Snezhnaya koroleva,"$7,000,000",$0,"$15,193,977"
"4,659","Sep 17, 2015",Oddball,"$7,000,000",$0,"$10,338,919"
"4,660","Dec 30, 2021",Chempion mira,"$7,000,000",$0,"$6,739,989"
"4,661","Jun 19, 2014",Z Storm,"$7,000,000",$0,"$2,053,330"
"4,662","Mar 31, 2016",Geroy,"$7,000,000",$0,"$1,545,121"
"4,663","Nov 20, 2015",Criminal Activities,"$7,000,000",$0,"$386,744"
"4,664","Dec 11, 2007",High School Musical 2,"$7,000,000",$0,$0
"4,665","Dec 12, 2008",The Kings of Appletown,"$7,000,000",$0,$0
"4,666","Mar 11, 2008",Stargate - The Ark of Truth,"$7,000,000",$0,$0
"4,667","Oct 7, 2014",Alpha & Omega: The Legend of the Saw Tooth Cave,"$7,000,000",$0,$0
"4,668","Jun 28, 1985",Pale Rider,"$6,900,000","$41,410,568","$41,410,568"
"4,669","Sep 21, 2012",House at the End of the Street,"$6,900,000","$31,611,916","$44,103,982"
"4,670","Sep 24, 1993",Dazed and Confused,"$6,900,000","$8,264,399","$8,272,370"
"4,671","Jan 31, 2017",Two Lovers and a Bear,"$6,840,000",$0,"$22,273"
"4,672","Sep 17, 2010",Incendies,"$6,800,000","$6,857,096","$16,017,448"
"4,673","Aug 11, 2000",Aimée & Jaguar,"$6,800,000","$927,107","$927,107"
"4,674","Aug 5, 2005",The Chumscrubber,"$6,800,000","$49,526","$49,526"
"4,675","Apr 9, 2004",Shade,"$6,800,000","$25,032","$9,533,964"
"4,676","Sep 10, 2010",Bran Nue Dae,"$6,750,000","$113,568","$6,812,530"
"4,677","Jan 29, 2021",Palmer,"$6,713,933",$0,$0
"4,678","Sep 3, 2004","Remember Me, My Love","$6,700,000","$223,878","$223,878"
"4,679","May 21, 2010",Perrier’s Bounty,"$6,600,000",$828,$828
"4,680","Sep 19, 2008",Tropa de Elite,"$6,537,890","$8,744","$14,319,195"
"4,681","Oct 2, 2014",Annabelle,"$6,500,000","$84,273,813","$256,857,527"
"4,682","Feb 1, 2008",Hannah Montana and Miley Cyrus: Best of Both Wo…,"$6,500,000","$65,281,781","$70,712,099"
"4,683","Jul 12, 1991",Boyz n the Hood,"$6,500,000","$56,190,094","$56,215,095"
"4,684","Jul 24, 1987",La Bamba,"$6,500,000","$54,215,416","$54,215,416"
"4,685","May 22, 1981",The Four Seasons,"$6,500,000","$42,488,161","$42,488,161"
"4,686","Jan 1, 1980",Dressed to Kill,"$6,500,000","$31,899,000","$31,899,000"
"4,687","Oct 25, 2019",Countdown,"$6,500,000","$25,621,766","$42,176,201"
"4,688","Apr 2, 1993",The Adventures of Huck Finn,"$6,500,000","$24,103,594","$24,103,594"
"4,689","Oct 5, 2017",My Little Pony: The Movie,"$6,500,000","$21,885,107","$61,294,644"
"4,690","Apr 9, 1999",Go!,"$6,500,000","$16,875,273","$28,383,441"
"4,691","Apr 7, 2006",Friends with Money,"$6,500,000","$13,368,437","$18,110,152"
"4,692","Jan 1, 1971",The Andromeda Strain,"$6,500,000","$12,376,563","$12,376,647"
"4,693","Oct 22, 1999",Bats,"$6,500,000","$10,155,691","$10,155,691"
"4,694","May 20, 2022",Men,"$6,500,000","$7,587,853","$11,958,347"
"4,695","Oct 20, 2017",Same Kind of Different as Me,"$6,500,000","$6,423,605","$6,468,664"
"4,696","Mar 7, 2003",Nowhere in Africa,"$6,500,000","$6,173,485","$6,568,446"
"4,697","Dec 2, 2011",Shame,"$6,500,000","$4,002,293","$20,412,841"
"4,698","May 13, 2005",Layer Cake,"$6,500,000","$2,339,957","$11,745,931"
"4,699","May 31, 2013",The East,"$6,500,000","$2,274,649","$3,027,956"
"4,700","Oct 21, 2005",The Work and the Glory: American Zion,"$6,500,000","$2,025,032","$2,025,032"
"4,701","Nov 13, 2009",The Messenger,"$6,500,000","$1,109,660","$1,744,952"
"4,702","Jul 23, 2004",A Home at the End of the World,"$6,500,000","$1,029,017","$1,038,228"
"4,703","Aug 17, 2001",Aberdeen,"$6,500,000","$64,148","$64,148"
"4,704",Unknown,Tracker,"$6,500,000",$0,"$3,149"
"4,705","Oct 26, 1984",The Terminator,"$6,400,000","$38,019,031","$78,019,031"
"4,706","Jul 25, 2003","Good Bye, Lenin!","$6,400,000","$4,063,859","$79,384,533"
"4,707","Nov 19, 2016",Personal Shopper,"$6,400,000","$1,305,195","$3,804,977"
"4,708","Oct 10, 2007",Control,"$6,400,000","$871,577","$8,902,141"
"4,709","Oct 9, 2009",The Damned United,"$6,400,000","$449,865","$4,199,874"
"4,710","Feb 19, 2021",Retfærdighedens Ryttere,"$6,400,000","$77,115","$1,280,591"
"4,711","Apr 22, 2016",Adopte un veuf,"$6,400,000",$0,"$9,394,401"
"4,712","Apr 15, 2022",Operation Mincemeat,"$6,300,000",$0,"$15,607,881"
"4,713","Feb 22, 2008",Die Fälscher,"$6,250,000","$5,488,570","$20,199,663"
"4,714","Apr 19, 2018",Trener,"$6,250,000",$0,"$13,201,162"
"4,715","Sep 19, 1980",Ordinary People,"$6,200,000","$52,302,978","$52,302,978"
"4,716","Aug 9, 2019",The Peanut Butter Falcon,"$6,200,000","$20,457,158","$23,191,551"
"4,717","Jan 15, 1988",Return of the Living Dead Part II,"$6,200,000","$9,205,924","$9,205,924"
"4,718","Feb 13, 2009",Gomorra,"$6,200,000","$1,579,146","$37,339,594"
"4,719","Feb 12, 2016",Les Innocentes,"$6,200,000","$1,065,665","$9,249,142"
"4,720","Oct 20, 1995",Mallrats,"$6,100,000","$2,108,367","$2,108,367"
"4,721",Unknown,Brice de Nice,"$6,100,000",$0,"$34,631,405"
"4,722","Jun 16, 1978",Grease,"$6,000,000","$188,620,000","$394,278,547"
"4,723","Dec 19, 1986",Platoon,"$6,000,000","$137,963,328","$137,979,020"
"4,724","Jul 28, 1982",An Officer and a Gentleman,"$6,000,000","$129,795,554","$129,795,554"
"4,725","Jun 23, 2004",Fahrenheit 9/11,"$6,000,000","$119,114,517","$221,148,959"
"4,726","Oct 24, 1969",Butch Cassidy and the Sundance Kid,"$6,000,000","$102,308,900","$102,311,313"
"4,727","Aug 26, 1964",Mary Poppins,"$6,000,000","$102,272,145","$102,299,101"
"4,728","May 9, 2018",Breaking In,"$6,000,000","$46,840,590","$51,485,382"
"4,729","Oct 18, 1961",West Side Story,"$6,000,000","$43,700,000","$47,596,274"
"4,730","Oct 17, 1956",Around the World in 80 Days,"$6,000,000","$42,000,000","$42,000,000"
"4,731","Jul 25, 1980",Caddyshack,"$6,000,000","$39,846,344","$39,849,764"
"4,732","Aug 21, 2019",Ready or Not,"$6,000,000","$28,714,231","$56,702,995"
"4,733","Mar 23, 2001",The Brothers,"$6,000,000","$27,457,409","$27,958,191"
"4,734","Dec 17, 2008",The Wrestler,"$6,000,000","$26,238,243","$46,634,275"
"4,735","Jun 30, 1989",Do the Right Thing,"$6,000,000","$26,004,026","$26,051,502"
"4,736","Jul 10, 1981",Escape from New York,"$6,000,000","$25,244,700","$25,276,350"
"4,737","Jul 16, 1999",The Wood,"$6,000,000","$25,059,640","$25,059,640"
"4,738","Aug 16, 1995",The Usual Suspects,"$6,000,000","$23,341,568","$34,449,356"
"4,739","Jun 21, 1974",Chinatown,"$6,000,000","$23,169,837","$23,170,994"
"4,740","May 24, 2019",Booksmart,"$6,000,000","$22,680,962","$24,948,141"
"4,741","Aug 11, 1989",A Nightmare On Elm Street: The Dream Child,"$6,000,000","$22,168,359","$22,168,359"
"4,742","Apr 5, 2002",National Lampoon’s Van Wilder,"$6,000,000","$21,305,259","$39,241,323"
"4,743","Oct 17, 2024",Anora,"$6,000,000","$20,474,298","$56,493,777"
"4,744","Dec 31, 1946",Duel in the Sun,"$6,000,000","$20,400,000","$20,400,000"
"4,745","Apr 26, 2024",Unsung Hero,"$6,000,000","$20,335,239","$21,173,975"
"4,746","Mar 29, 2019",Unplanned,"$6,000,000","$19,005,109","$21,413,603"
"4,747","Sep 27, 2000",Best in Show,"$6,000,000","$18,621,249","$20,695,413"
"4,748","Sep 27, 2006",The Last King of Scotland,"$6,000,000","$17,606,684","$49,155,371"
"4,749","Apr 16, 2003",A Mighty Wind,"$6,000,000","$17,583,468","$18,504,539"
"4,750","Feb 8, 2019",The Prodigy,"$6,000,000","$14,856,291","$22,413,145"
"4,751","Nov 28, 2018",The Possession of Hannah Grace,"$6,000,000","$14,836,174","$42,873,730"
"4,752","Feb 12, 1988",School Daze,"$6,000,000","$14,545,844","$14,545,844"
"4,753","Aug 8, 2007",Daddy Day Camp,"$6,000,000","$13,235,267","$18,209,872"
"4,754","Oct 21, 1988",Mystic Pizza,"$6,000,000","$12,793,213","$12,793,213"
"4,755","Mar 20, 1998",Mr. Nice Guy,"$6,000,000","$12,716,953","$31,716,953"
"4,756","Aug 21, 1956",War and Peace,"$6,000,000","$12,500,000","$12,526,254"
"4,757","Apr 24, 1998",Sliding Doors,"$6,000,000","$11,911,200","$58,809,149"
"4,758","May 24, 1995",Tales from the Hood,"$6,000,000","$11,784,569","$11,784,569"
"4,759","Oct 13, 1989",Halloween 5: The Revenge of Michael Myers,"$6,000,000","$11,642,254","$11,642,254"
"4,760","Sep 7, 2012",The Words,"$6,000,000","$11,494,838","$16,369,708"
"4,761","Jan 21, 1983",The Year of Living Dangerously,"$6,000,000","$10,278,575","$10,278,575"
"4,762","Nov 13, 2015",The Lady in the Van,"$6,000,000","$10,021,175","$42,320,503"
"4,763","Apr 27, 2012",Bernie,"$6,000,000","$9,204,489","$10,106,975"
"4,764","Nov 12, 2020",Freaky,"$6,000,000","$9,030,855","$18,073,433"
"4,765","Dec 15, 2000",Pollock,"$6,000,000","$8,596,914","$10,557,291"
"4,766","Feb 15, 2008",Dolphins and Whales Tribes of the Ocean 3D,"$6,000,000","$7,714,996","$17,252,287"
"4,767","Feb 26, 1999",200 Cigarettes,"$6,000,000","$6,852,450","$6,852,450"
"4,768","Nov 10, 2023",Journey to Bethlehem,"$6,000,000","$6,820,796","$7,905,395"
"4,769","Mar 19, 2010",City Island,"$6,000,000","$6,671,283","$8,173,486"
"4,770","Jun 24, 2022",Marcel the Shell with Shoes On,"$6,000,000","$6,333,703","$7,111,769"
"4,771","Sep 14, 2018",Unbroken: Path to Redemption,"$6,000,000","$6,216,897","$6,216,897"
"4,772","Mar 16, 2012",Casa de mi Padre,"$6,000,000","$5,909,483","$8,446,952"
"4,773","Jul 29, 2011",The Guard,"$6,000,000","$5,359,774","$21,197,454"
"4,774","Apr 21, 2000",The Virgin Suicides,"$6,000,000","$4,859,475","$10,619,770"
"4,775","Aug 29, 2008",College,"$6,000,000","$4,694,491","$6,176,114"
"4,776","Sep 22, 2006",La science des rêves,"$6,000,000","$4,670,644","$15,137,932"
"4,777","Dec 4, 1998",Little Voice,"$6,000,000","$4,595,000","$21,787,233"
"4,778","Mar 13, 2009",Miss March,"$6,000,000","$4,543,320","$4,713,059"
"4,779","Feb 5, 1999",Simply Irresistible,"$6,000,000","$4,398,989","$4,398,989"
"4,780","Jul 18, 2014",Wish I Was Here,"$6,000,000","$3,591,299","$6,591,365"
"4,781","Aug 17, 2018","Juliet, Naked","$6,000,000","$3,444,895","$5,767,158"
"4,782","Dec 21, 2006",Venus,"$6,000,000","$3,347,411","$7,818,479"
"4,783","Mar 14, 2014",Veronica Mars,"$6,000,000","$3,322,127","$3,485,383"
"4,784",1993,Only the Strong,"$6,000,000","$3,273,588","$3,273,588"
"4,785","Jul 20, 2001",Hedwig and the Angry Inch,"$6,000,000","$3,067,312","$3,735,131"
"4,786","Oct 31, 2003",Shattered Glass,"$6,000,000","$2,207,975","$3,456,602"
"4,787","Dec 25, 2020",The Father,"$6,000,000","$2,120,992","$36,427,155"
"4,788","Jul 3, 2008",The Wackness,"$6,000,000","$2,077,046","$3,330,012"
"4,789","Nov 16, 2001",Novocaine,"$6,000,000","$2,025,238","$2,522,928"
"4,790","Feb 6, 2009",Polytechnique,"$6,000,000","$1,418,304","$1,418,304"
"4,791","Jul 15, 2011",Snow Flower and the Secret Fan,"$6,000,000","$1,348,205","$11,348,205"
"4,792","Sep 14, 2018",Mandy,"$6,000,000","$1,233,694","$1,480,281"
"4,793","Dec 7, 2001",The Business of Strangers,"$6,000,000","$1,030,920","$1,290,920"
"4,794","Apr 29, 2011",Jûsan-nin no shikaku,"$6,000,000","$802,778","$18,727,440"
"4,795","Aug 30, 1991",Beastmaster 2: Through the Portal of Time,"$6,000,000","$773,490","$773,490"
"4,796","Jun 18, 1969",The Wild Bunch,"$6,000,000","$509,424","$509,424"
"4,797","Dec 3, 2015",Under sandet,"$6,000,000","$434,640","$4,959,039"
"4,798","Mar 25, 2011",The 5th Quarter,"$6,000,000","$408,159","$408,159"
"4,799","Feb 2, 1979",The First Great Train Robbery,"$6,000,000","$391,942","$391,942"
"4,800","Nov 1, 2002",Morvern Callar,"$6,000,000","$267,194","$755,861"
"4,801","Oct 10, 2003",The Flower of Evil,"$6,000,000","$181,798","$181,798"
"4,802","Mar 4, 2011",Akmareul Boatda (악마를 보았다),"$6,000,000","$129,210","$13,168,809"
"4,803","Nov 10, 2006",Come Early Morning,"$6,000,000","$119,452","$119,452"
"4,804","Apr 2, 2010",The Greatest,"$6,000,000","$115,862","$117,796"
"4,805","Oct 16, 2015",Beasts of No Nation,"$6,000,000","$90,777","$90,777"
"4,806","Nov 9, 2012",Deadfall,"$6,000,000","$66,351","$1,673,635"
"4,807","May 8, 2009",Julia,"$6,000,000","$65,108","$1,365,108"
"4,808","Aug 24, 2001",Lucky Break,"$6,000,000","$54,606","$4,316,497"
"4,809","Sep 5, 2008","Surfer, Dude","$6,000,000","$36,497","$36,497"
"4,810","Jan 23, 2015",Song One,"$6,000,000","$32,251","$437,089"
"4,811","Oct 3, 2007",Lake of Fire,"$6,000,000","$25,317","$26,007"
"4,812","Apr 2, 2010",Don McKay,"$6,000,000","$13,722","$13,722"
"4,813","Oct 27, 2017",Épouse-moi mon pote,"$6,000,000",$0,"$22,367,263"
"4,814","Jan 26, 2017",Prityazhenie,"$6,000,000",$0,"$19,594,567"
"4,815","Dec 28, 2018",Benji,"$6,000,000",$0,"$585,333"
"4,816","Aug 12, 2005",11:14,"$6,000,000",$0,$0
"4,817","Feb 9, 2010",Icarus,"$6,000,000",$0,$0
"4,818","Sep 3, 1994",Men of War,"$6,000,000",$0,$0
"4,819","Mar 15, 2011",A Shine of Rainbows,"$6,000,000",$0,$0
"4,820",Unknown,Freaky Deaky,"$6,000,000",$0,$0
"4,821","May 10, 2011",The Hit List,"$6,000,000",$0,$0
"4,822","Jul 29, 2016",Tallulah,"$6,000,000",$0,$0
"4,823","Feb 4, 1983",Videodrome,"$5,952,000","$2,120,439","$2,121,939"
"4,824","Aug 2, 1996",Emma,"$5,900,000","$22,231,658","$37,831,658"
"4,825","Mar 21, 2003",L'auberge espagnole,"$5,900,000","$3,895,664","$3,910,861"
"4,826","Aug 28, 2025",Doktor Dinozavrov (Доктор Динозавров)…,"$5,900,000",$0,$0
"4,827","Feb 8, 1968",Planet of the Apes,"$5,800,000","$32,589,624","$32,593,134"
"4,828","Mar 7, 1965",The Train,"$5,800,000","$6,800,000","$6,800,000"
"4,829","Nov 27, 2008",Winter in Wartime,"$5,800,000","$542,860","$9,662,214"
"4,830","Oct 3, 2003",Foolproof,"$5,800,000","$230,312","$421,021"
"4,831","Oct 5, 2012",Trade of Innocents,"$5,800,000","$15,091","$15,091"
"4,832","Oct 28, 2022",The Lair,"$5,800,000",$0,"$66,980"
"4,833","Sep 8, 2006",Tom yum goong,"$5,700,000","$12,044,087","$43,044,087"
"4,834","Jun 12, 1998",Stiff Upper Lips,"$5,700,000","$69,582","$69,582"
"4,835","Oct 9, 2020",Druk,"$5,700,000","$44,205","$21,698,895"
"4,836","Sep 7, 2012",The Inbetweeners,"$5,700,000","$35,955","$86,051,320"
"4,837","Jul 16, 2010",Valhalla Rising,"$5,700,000","$30,638","$731,613"
"4,838","Apr 12, 2002",Bend it Like Beckham,"$5,600,000","$32,543,449","$74,566,042"
"4,839","Sep 1, 2006",Crossover,"$5,600,000","$7,009,668","$7,009,668"
"4,840","Jun 21, 2002",Sunshine State,"$5,600,000","$3,064,356","$3,281,898"
"4,841","Jul 16, 2010",Standing Ovation,"$5,600,000","$531,806","$531,806"
"4,842","Dec 7, 2012",Khiladi 786,"$5,600,000","$385,422","$14,683,763"
"4,843","Jul 9, 2010",[Rec] 2,"$5,600,000","$27,766","$18,527,766"
"4,844","Dec 25, 1973",The Sting,"$5,500,000","$159,616,327","$159,616,327"
"4,845","Sep 25, 1981",Chariots of Fire,"$5,500,000","$61,558,162","$61,924,076"
"4,846","Feb 25, 2005",Diary of a Mad Black Woman,"$5,500,000","$50,406,346","$50,458,356"
"4,847","Aug 15, 1996",Shine,"$5,500,000","$35,811,509","$36,675,932"
"4,848","Sep 27, 2013",Don Jon,"$5,500,000","$24,477,704","$41,268,579"
"4,849","May 11, 2018",Show Dogs,"$5,500,000","$17,744,685","$40,014,998"
"4,850","Aug 22, 1973",High Plains Drifter,"$5,500,000","$15,700,000","$15,700,000"
"4,851","Sep 27, 2018",Hell Fest,"$5,500,000","$11,107,431","$18,294,883"
"4,852","Jun 6, 2003",Mambo Italiano,"$5,500,000","$9,282,750","$12,399,772"
"4,853","Jul 12, 2017",Loving Vincent,"$5,500,000","$6,735,118","$44,058,550"
"4,854","Jul 20, 2001",Ghost World,"$5,500,000","$6,217,849","$8,761,608"
"4,855","Dec 14, 2001",Iris,"$5,500,000","$5,580,479","$5,692,941"
"4,856","Jun 6, 1980",Galaxina,"$5,500,000","$4,865,000","$4,865,000"
"4,857","Nov 26, 2004",Les Choristes,"$5,500,000","$3,629,758","$83,525,626"
"4,858","Oct 3, 2003",Wonderland,"$5,500,000","$1,060,512","$1,128,468"
"4,859","Jun 24, 2005",De battre mon coeur s'est arrêté,"$5,500,000","$1,023,424","$8,589,831"
"4,860","Apr 1, 2011",Haevnen,"$5,500,000","$1,008,098","$15,867,314"
"4,861","Oct 21, 2011",Le Havre,"$5,500,000","$611,709","$13,480,196"
"4,862","Aug 13, 2015",El Clan,"$5,500,000","$201,227","$22,125,102"
"4,863","May 17, 2002",Harvard Man,"$5,500,000","$56,653","$56,653"
"4,864","Apr 21, 2017",Berlin Syndrome,"$5,500,000","$28,660","$788,191"
"4,865","Jul 15, 2011",Salvation Boulevard,"$5,500,000","$28,468","$28,468"
"4,866","Jan 23, 2015",R100,"$5,500,000","$24,956","$24,956"
"4,867","Dec 12, 2014",Miss Julie,"$5,500,000",$0,"$863,895"
"4,868",Unknown,Animals,"$5,500,000",$0,$0
"4,869","Aug 16, 2019",Portrait de la jeune fille en feu,"$5,400,000","$3,759,854","$11,757,412"
"4,870","Jan 31, 2003",Irreversible,"$5,400,000","$792,200","$8,133,256"
"4,871","Mar 13, 2015",Não Pare na Pista: A Melhor História de Paulo C…,"$5,400,000","$8,808","$735,324"
"4,872","Feb 26, 2013",Tao Jie,"$5,400,000",$0,"$4,728,896"
"4,873","Jan 31, 2020",Sound of Metal,"$5,400,000",$0,"$516,819"
"4,874","May 26, 2017",47 Meters Down,"$5,300,000","$44,307,193","$62,633,705"
"4,875","Jan 27, 2006",Rang De Basanti,"$5,300,000","$2,197,694","$29,197,694"
"4,876","Aug 10, 2012",Grabbers,"$5,300,000",$0,"$440,821"
"4,877","Oct 11, 2013",La Vie d'Adèle – Chapitres 1 & 2,"$5,250,000","$2,450,504","$22,887,231"
"4,878","Mar 8, 2012",Hodejegerne,"$5,250,000","$1,200,010","$20,184,208"
"4,879","Aug 3, 2007",The Ten,"$5,250,000","$769,726","$786,677"
"4,880","Feb 4, 2000",A Room for Romeo Brass,"$5,250,000","$20,097","$148,544"
"4,881","Sep 23, 2016",The Girl with all the Gifts,"$5,250,000",$0,"$4,801,837"
"4,882","Aug 1, 1944",Wilson,"$5,200,000","$2,000,000","$2,000,000"
"4,883","Aug 5, 2005",Saint Ralph,"$5,200,000","$795,126","$1,695,126"
"4,884","Apr 22, 2011",Dum Maaro Dum,"$5,200,000","$564,489","$11,633,427"
"4,885","Mar 15, 2019",Rebelles,"$5,200,000",$0,"$7,260,661"
"4,886","Oct 3, 1980",Somewhere in Time,"$5,100,000","$9,709,597","$9,709,597"
"4,887","Apr 19, 2002",My Big Fat Greek Wedding,"$5,000,000","$241,438,208","$374,890,034"
"4,888","Feb 24, 2017",Get Out,"$5,000,000","$175,837,935","$252,297,405"
"4,889","Oct 21, 2011",Paranormal Activity 3,"$5,000,000","$104,028,807","$207,039,844"
"4,890","Oct 28, 2005",Saw II,"$5,000,000","$87,025,093","$152,925,093"
"4,891","Sep 13, 2013",Insidious Chapter 2,"$5,000,000","$83,586,447","$161,921,515"
"4,892","Jul 21, 2016",Lights Out,"$5,000,000","$67,268,835","$148,806,510"
"4,893","Sep 10, 2015",The Visit,"$5,000,000","$65,206,105","$98,677,816"
"4,894","Oct 11, 2017",Happy Death Day,"$5,000,000","$55,683,845","$125,010,260"
"4,895","Oct 17, 2012",Paranormal Activity 4,"$5,000,000","$53,900,335","$142,817,992"
"4,896","Oct 24, 2014",Ouija,"$5,000,000","$50,856,010","$103,300,632"
"4,897","May 29, 2019",MA,"$5,000,000","$45,896,028","$61,220,784"
"4,898","Feb 27, 1987",A Nightmare On Elm Street 3: Dream Warriors,"$5,000,000","$44,793,222","$44,793,222"
"4,899","Aug 30, 2013",No se Aceptan Devoluciones,"$5,000,000","$44,467,206","$100,486,616"
"4,900","Aug 6, 2015",The Gift,"$5,000,000","$43,787,265","$58,978,477"
"4,901","Jun 23, 2017",The Big Sick,"$5,000,000","$42,872,467","$56,868,677"
"4,902","May 16, 1975",The Return of the Pink Panther,"$5,000,000","$41,833,347","$41,833,424"
"4,903","Sep 16, 1953",The Robe,"$5,000,000","$36,000,000","$36,010,887"
"4,904","Sep 13, 1991",Freddy’s Dead: The Final Nightmare,"$5,000,000","$34,872,033","$34,872,033"
"4,905","Aug 22, 2019",Overcomer,"$5,000,000","$34,700,142","$38,093,564"
"4,906","Dec 24, 2003",Monster,"$5,000,000","$34,469,210","$64,200,321"
"4,907","Jan 3, 2014",Paranormal Activity: The Marked Ones,"$5,000,000","$32,462,372","$90,904,854"
"4,908","Aug 23, 2024",The Forge,"$5,000,000","$29,123,632","$29,694,872"
"4,909","Dec 23, 1954","20,000 Leagues Under the Sea","$5,000,000","$28,200,000","$28,200,000"
"4,910","Apr 11, 2014",Oculus,"$5,000,000","$27,695,246","$44,115,496"
"4,911","Nov 1, 2013",Dallas Buyers Club,"$5,000,000","$27,298,285","$60,611,845"
"4,912","Aug 26, 2015",No Escape,"$5,000,000","$27,288,872","$42,844,516"
"4,913","Oct 3, 1980",The Elephant Man,"$5,000,000","$26,010,864","$26,026,416"
"4,914","Feb 26, 2015",The Lazarus Effect,"$5,000,000","$25,801,570","$38,359,310"
"4,915","Mar 16, 2001",Memento,"$5,000,000","$25,544,867","$39,719,431"
"4,916","Aug 26, 2011",Our Idiot Brother,"$5,000,000","$24,814,830","$25,861,249"
"4,917","Mar 9, 2018",The Strangers: Prey at Night,"$5,000,000","$24,431,472","$32,144,262"
"4,918","Jul 21, 2006",Clerks II,"$5,000,000","$24,148,068","$27,342,246"
"4,919","Apr 8, 1998",The Players Club,"$5,000,000","$23,047,939","$23,047,939"
"4,920","Oct 13, 2000",Billy Elliot,"$5,000,000","$21,995,263","$109,252,972"
"4,921","Jul 5, 2013",The Way Way Back,"$5,000,000","$21,502,690","$26,853,810"
"4,922","Aug 29, 2014","As Above, So Below","$5,000,000","$21,222,315","$41,824,066"
"4,923","Apr 1, 2016",God’s Not Dead 2,"$5,000,000","$20,773,069","$23,551,286"
"4,924","Dec 17, 1997",The Apostle,"$5,000,000","$20,733,485","$21,277,770"
"4,925","Nov 3, 1982",The Man From Snowy River,"$5,000,000","$20,659,423","$20,659,721"
"4,926","Oct 23, 1991",House Party 2,"$5,000,000","$19,438,638","$19,438,638"
"4,927","Mar 26, 1999",Doug's 1st Movie,"$5,000,000","$19,421,271","$19,421,271"
"4,928","Feb 19, 2016",Race,"$5,000,000","$19,115,191","$23,745,772"
"4,929","Sep 18, 1981",Mommie Dearest,"$5,000,000","$19,032,000","$25,032,000"
"4,930","Jan 16, 2015",Still Alice,"$5,000,000","$18,656,400","$41,598,366"
"4,931","Oct 1, 1988",Halloween 4: The Return of Michael Myers,"$5,000,000","$17,768,757","$17,768,757"
"4,932","Sep 2, 2011",Apollo 18,"$5,000,000","$17,686,929","$26,517,819"
"4,933","Mar 22, 2018","Paul, Apostle of Christ","$5,000,000","$17,547,999","$26,078,500"
"4,934","Oct 10, 2014",Addicted,"$5,000,000","$17,390,770","$17,499,242"
"4,935","Aug 31, 2001",O (Othello),"$5,000,000","$16,017,403","$16,017,403"
"4,936","Jan 30, 2020",Gretel & Hansel,"$5,000,000","$15,347,654","$22,052,456"
"4,937","Sep 29, 1995",Halloween: The Curse of Michael Myers,"$5,000,000","$15,126,948","$15,126,948"
"4,938","Aug 24, 1954",The Egyptian,"$5,000,000","$15,000,000","$15,000,000"
"4,939","Nov 7, 1997",Eve's Bayou,"$5,000,000","$14,843,425","$14,843,425"
"4,940","Apr 10, 1981",Nighthawks,"$5,000,000","$14,600,000","$19,600,000"
"4,941","Sep 24, 2004",Shaun of the Dead,"$5,000,000","$14,461,485","$29,911,269"
"4,942","Jul 28, 1989",Friday the 13th Part VIII: Jason Takes Manhattan,"$5,000,000","$14,343,976","$14,343,976"
"4,943","Mar 6, 2013",Spring Breakers,"$5,000,000","$14,124,286","$31,149,251"
"4,944","Jun 9, 2017",It Comes at Night,"$5,000,000","$13,985,117","$19,720,203"
"4,945","Mar 15, 2002",Y Tu Mamá También,"$5,000,000","$13,649,881","$33,649,881"
"4,946","Oct 31, 2008",The Haunting of Molly Hartley,"$5,000,000","$13,442,412","$15,318,257"
"4,947","Jul 15, 2016",Hillary’s America: The Secret History of the De…,"$5,000,000","$13,099,931","$13,099,931"
"4,948","Jun 21, 1996",Lone Star,"$5,000,000","$12,961,389","$12,973,948"
"4,949","Mar 27, 1986",April Fool's Day,"$5,000,000","$12,947,763","$12,947,763"
"4,950","Apr 2, 1982",Diner,"$5,000,000","$12,592,907","$12,592,907"
"4,951","Mar 3, 2017",Before I Fall,"$5,000,000","$12,241,072","$18,945,682"
"4,952","Apr 15, 1983",Lone Wolf McQuade,"$5,000,000","$12,232,628","$12,232,628"
"4,953","Mar 13, 2009",Sunshine Cleaning,"$5,000,000","$12,062,558","$17,329,337"
"4,954","Jan 28, 2016",Fifty Shades of Black,"$5,000,000","$11,686,940","$22,113,075"
"4,955","Dec 14, 1957",A Farewell To Arms,"$5,000,000","$11,000,000","$11,018,289"
"4,956","Jan 1, 1959",Solomon and Sheba,"$5,000,000","$11,000,000","$11,016,094"
"4,957","Aug 20, 1982",The Beastmaster,"$5,000,000","$10,751,126","$10,751,126"
"4,958","Jan 9, 2009",Not Easily Broken,"$5,000,000","$10,572,742","$10,732,909"
"4,959","Dec 13, 2019",Black Christmas,"$5,000,000","$10,429,730","$18,526,087"
"4,960","May 9, 2014",Moms’ Night Out,"$5,000,000","$10,429,707","$10,537,341"
"4,961","Mar 18, 2011",Win Win,"$5,000,000","$10,179,275","$11,869,063"
"4,962","Mar 17, 2017",The Belko Experiment,"$5,000,000","$10,166,820","$11,792,942"
"4,963","Mar 11, 2016",The Perfect Match,"$5,000,000","$9,669,521","$10,182,050"
"4,964","Oct 6, 2000",Digimon: The Movie,"$5,000,000","$9,628,751","$16,628,751"
"4,965","May 28, 2004",Saved!,"$5,000,000","$8,886,160","$10,206,551"
"4,966","May 9, 2003",Les invasions barbares,"$5,000,000","$8,460,000","$25,913,869"
"4,967","Mar 11, 1976",Robin and Marian,"$5,000,000","$8,000,000","$8,000,000"
"4,968","Dec 22, 1978",Force 10 from Navarone,"$5,000,000","$7,100,000","$7,100,000"
"4,969","Apr 27, 2001",The Forsaken,"$5,000,000","$6,755,271","$6,755,271"
"4,970","Oct 11, 2019",Jexi,"$5,000,000","$6,546,159","$10,601,127"
"4,971","Sep 21, 2018",Fahrenheit 11/9,"$5,000,000","$6,352,306","$6,653,715"
"4,972","Jul 21, 1989",UHF,"$5,000,000","$6,157,157","$6,157,157"
"4,973","May 28, 2010",Sea Rex 3D: Journey to a Prehistoric World,"$5,000,000","$6,096,582","$16,515,203"
"4,974","Jan 6, 2006",Grandma’s Boy,"$5,000,000","$6,090,172","$6,590,172"
"4,975","Jul 8, 2016",Captain Fantastic,"$5,000,000","$5,879,835","$21,340,234"
"4,976","Aug 14, 1998",Slums of Beverly Hills,"$5,000,000","$5,502,773","$5,502,773"
"4,977","May 28, 1969",Once Upon a Time in the West,"$5,000,000","$5,321,508","$5,380,604"
"4,978","Jul 13, 2001",Made,"$5,000,000","$5,308,707","$5,476,060"
"4,979","Aug 30, 2019",Don’t Let Go,"$5,000,000","$5,215,062","$5,288,136"
"4,980","Nov 19, 2004",La mala educación,"$5,000,000","$5,211,842","$40,311,842"
"4,981","Jun 12, 2009",Moon,"$5,000,000","$5,010,163","$10,676,073"
"4,982","Jun 30, 2021",Zola,"$5,000,000","$4,844,399","$5,170,200"
"4,983","Sep 11, 2015",90 Minutes in Heaven,"$5,000,000","$4,816,142","$4,816,142"
"4,984","Dec 2, 2016",Incarnate,"$5,000,000","$4,799,774","$9,371,036"
"4,985","Sep 23, 1983",Eddie and the Cruisers,"$5,000,000","$4,685,097","$4,685,097"
"4,986","May 12, 2006",Keeping Up with the Steins,"$5,000,000","$4,339,241","$4,414,753"
"4,987","Oct 10, 1997",The Sweet Hereafter,"$5,000,000","$4,306,697","$7,951,247"
"4,988","Aug 6, 2008",Bottle Shock,"$5,000,000","$4,078,607","$4,815,890"
"4,989","Sep 10, 2014",My Old Lady,"$5,000,000","$4,011,530","$15,220,308"
"4,990","Feb 25, 2011",Des Hommes et Des Dieux,"$5,000,000","$3,954,651","$46,263,525"
"4,991","Aug 27, 1982",Jekyll and Hyde... Together Again,"$5,000,000","$3,707,583","$3,707,583"
"4,992","Jan 29, 2021",Nomadland,"$5,000,000","$3,700,000","$38,728,987"
"4,993","Mar 3, 2017",Table 19,"$5,000,000","$3,614,896","$4,620,399"
"4,994","Mar 21, 2019",The Beach Bum,"$5,000,000","$3,502,600","$4,267,808"
"4,995","Mar 18, 2022",The Outfit,"$5,000,000","$3,344,040","$4,389,636"
"4,996","Apr 15, 2016",Green Room,"$5,000,000","$3,220,371","$3,807,503"
"4,997","Mar 9, 2018",Thoroughbreds,"$5,000,000","$3,072,605","$3,474,221"
"4,998","Oct 14, 1994",Heavenly Creatures,"$5,000,000","$3,046,086","$5,438,120"
"4,999","Feb 24, 2016",The Other Side of the Door,"$5,000,000","$3,000,342","$12,905,107"
"5,000","May 13, 2011",Everything Must Go,"$5,000,000","$2,712,131","$2,821,010"
"5,001","Oct 10, 2014",Kill the Messenger,"$5,000,000","$2,450,846","$6,656,705"
"5,002","Dec 17, 2010",Rabbit Hole,"$5,000,000","$2,229,058","$6,205,034"
"5,003","Oct 22, 2015",Jem and the Holograms,"$5,000,000","$2,184,640","$2,368,937"
"5,004","Nov 25, 2016",Paterson,"$5,000,000","$2,141,423","$10,727,536"
"5,005","Jan 30, 1998",Zero Effect,"$5,000,000","$2,080,693","$2,080,693"
"5,006","Apr 24, 1992",A Midnight Clear,"$5,000,000","$1,526,697","$1,526,697"
"5,007","Oct 22, 2004",The Machinist,"$5,000,000","$1,082,044","$8,655,397"
"5,008","Sep 21, 1992",Light Sleeper,"$5,000,000","$1,050,861","$1,050,861"
"5,009","Jul 25, 2008",American Teen,"$5,000,000","$942,441","$989,319"
"5,010","Sep 12, 2014",Atlas Shrugged: Who Is John Galt?,"$5,000,000","$851,690","$851,690"
"5,011","Aug 29, 2003",Party Monster,"$5,000,000","$742,898","$894,030"
"5,012","Aug 18, 1989",Eddie and the Cruisers II,"$5,000,000","$540,000","$540,000"
"5,013","Jul 14, 2006",The Oh in Ohio,"$5,000,000","$418,689","$648,183"
"5,014","Feb 21, 1996",Bottle Rocket,"$5,000,000","$407,488","$407,576"
"5,015","Aug 16, 2013",Ain't Them Bodies Saints,"$5,000,000","$391,611","$1,075,009"
"5,016","Jan 17, 1997",Albino Alligator,"$5,000,000","$353,480","$353,480"
"5,017","Sep 26, 2014",Jimi: All is By My Side,"$5,000,000","$340,911","$927,074"
"5,018","Sep 27, 2002",Skins,"$5,000,000","$249,204","$249,204"
"5,019","Aug 3, 2007","Gandhi, My Father","$5,000,000","$240,425","$2,015,004"
"5,020","Apr 25, 2008",Standard Operating Procedure,"$5,000,000","$228,830","$332,120"
"5,021","Jul 28, 2011",Tucker & Dale vs. Evil,"$5,000,000","$223,838","$5,476,378"
"5,022","Apr 13, 2012",Touchback,"$5,000,000","$204,157","$204,157"
"5,023","Mar 27, 1998",No Looking Back,"$5,000,000","$143,273","$143,273"
"5,024","Aug 7, 2015",Cop Car,"$5,000,000","$134,552","$143,658"
"5,025","Sep 10, 2010","Lovely, Still","$5,000,000","$127,564","$282,687"
"5,026","Jun 13, 2003",Tycoon,"$5,000,000","$121,016","$121,016"
"5,027","Jun 4, 1999",Desert Blue,"$5,000,000","$99,147","$99,147"
"5,028","Feb 27, 2004",Decoys,"$5,000,000","$84,733","$96,760"
"5,029","May 30, 2008",Stuck,"$5,000,000","$67,505","$67,505"
"5,030","Nov 16, 2007",Redacted,"$5,000,000","$65,388","$861,325"
"5,031","Jun 22, 2021",Lansky,"$5,000,000","$61,030","$144,894"
"5,032","Oct 17, 2014",Rudderless,"$5,000,000","$56,001","$584,499"
"5,033","Jan 28, 2005",Fascination,"$5,000,000","$16,670","$83,356"
"5,034","Aug 14, 2009",Grace,"$5,000,000","$8,297","$8,297"
"5,035","May 15, 2015",Area 51,"$5,000,000","$7,556","$7,556"
"5,036","Oct 24, 2014",Revenge of the Green Dragons,"$5,000,000","$2,500","$213,164"
"5,037","May 17, 2012",Mientras duermes,"$5,000,000",$0,"$9,109,597"
"5,038","Jul 7, 2009",Flying By,"$5,000,000",$0,"$4,568,257"
"5,039","Jul 10, 2020",Palm Springs,"$5,000,000",$0,"$1,818,417"
"5,040",Unknown,The Cottage,"$5,000,000",$0,"$1,504,960"
"5,041","Dec 16, 2021",The Lost Daughter,"$5,000,000",$0,"$765,747"
"5,042","Nov 30, 2023",Occupied City,"$5,000,000",$0,"$152,934"
"5,043","Mar 4, 2022",A Day to Die,"$5,000,000",$0,"$98,616"
"5,044","Dec 5, 2014",Dying of the Light,"$5,000,000",$0,"$74,639"
"5,045","Jul 29, 2016",Yoga Hosers,"$5,000,000",$0,"$38,767"
"5,046","Dec 6, 2019",Grand Isle,"$5,000,000",$0,"$5,444"
"5,047","Jan 27, 2015",Born of War,"$5,000,000",$0,$671
"5,048","Dec 10, 1977",Capricorn One,"$5,000,000",$0,$401
"5,049","Feb 17, 2009",Dead Like Me: Life After Death,"$5,000,000",$0,$0
"5,050","Jan 30, 2007",Farce of the Penguins,"$5,000,000",$0,$0
"5,051",Unknown,Psych 9,"$5,000,000",$0,$0
"5,052","Oct 20, 2017",Wheelman,"$5,000,000",$0,$0
"5,053","Nov 21, 2014",Reach Me,"$5,000,000",$0,$0
"5,054","Aug 18, 2014",Henry & Me,"$5,000,000",$0,$0
"5,055","Jan 9, 2015",Let's Kill Ward's Wife,"$5,000,000",$0,$0
"5,056",Unknown,We Have Your Husband,"$5,000,000",$0,$0
"5,057",Unknown,Should've Been Romeo,"$5,000,000",$0,$0
"5,058",Unknown,Aztec Warrior,"$5,000,000",$0,$0
"5,059","Sep 25, 2015",Navy SEAL vs. Zombies,"$5,000,000",$0,$0
"5,060","Mar 15, 2016",The Hatching,"$5,000,000",$0,$0
"5,061","Oct 27, 2015",Running Forever,"$5,000,000",$0,$0
"5,062","Jul 18, 2019",7500,"$5,000,000",$0,$0
"5,063","Oct 15, 2026",Time,"$5,000,000",$0,$0
"5,064","Feb 23, 2018",Every Day,"$4,900,000","$6,112,914","$12,826,031"
"5,065","Nov 13, 2014",Mommy,"$4,900,000","$3,498,695","$17,536,004"
"5,066","Aug 29, 2008",Obsluhoval jsem anglického krále,"$4,900,000","$617,228","$7,174,984"
"5,067","Apr 2, 2010",Soul Kitchen,"$4,900,000","$276,901","$23,347,461"
"5,068","Aug 17, 2012",The Awakening,"$4,900,000","$95,933","$6,924,321"
"5,069","Jan 18, 2008",All Hat,"$4,900,000","$15,198","$15,198"
"5,070","Nov 20, 1996",Sling Blade,"$4,833,610","$24,475,416","$34,175,000"
"5,071","Jan 6, 2006",Hostel,"$4,800,000","$47,326,473","$82,241,110"
"5,072","Jun 8, 2018",Zimna wojna,"$4,800,000","$4,580,048","$25,030,444"
"5,073","Jul 19, 2013",Only God Forgives,"$4,800,000","$775,849","$4,494,560"
"5,074","Sep 30, 2011",Take Shelter,"$4,750,000","$1,728,953","$4,972,016"
"5,075","Jan 27, 2006",Tristram Shandy: A Cock and Bull Story,"$4,750,000","$1,253,413","$3,061,763"
"5,076","Aug 22, 1986",The Texas Chainsaw Massacre 2,"$4,700,000","$8,025,872","$8,025,872"
"5,077","Apr 22, 1988",Lady in White,"$4,700,000","$1,705,139","$1,705,139"
"5,078","Oct 13, 2006",Driving Lessons,"$4,700,000","$239,962","$239,962"
"5,079",Unknown,Without Men,"$4,700,000",$0,$0
"5,080","Mar 10, 2015",Treading Water,"$4,700,000",$0,$0
"5,081","May 23, 1973",Pat Garrett and Billy the Kid,"$4,638,783","$8,000,000","$11,000,000"
"5,082","Jul 16, 2004",Camping Sauvage,"$4,600,000","$3,479,302","$3,479,302"
"5,083","Sep 14, 2012",Barfi,"$4,600,000","$2,804,874","$36,751,984"
"5,084","Mar 4, 2005",Dear Frankie,"$4,600,000","$1,340,891","$3,099,369"
"5,085","Dec 29, 2004",The Assassination of Richard Nixon,"$4,600,000","$708,776","$4,880,143"
"5,086","Jun 24, 2011",Le nom des gens,"$4,600,000","$514,237","$9,261,711"
"5,087","May 28, 2008",Savage Grace,"$4,600,000","$434,417","$968,805"
"5,088","Oct 19, 2007",Out of the Blue,"$4,600,000",$728,"$731,767"
"5,089","Jul 13, 2018",Occupation,"$4,600,000",$0,"$35,111"
"5,090","Mar 20, 2019",Us,"$4,500,000","$175,084,580","$255,620,999"
"5,091","Mar 23, 1984",Police Academy,"$4,500,000","$81,198,894","$81,198,894"
"5,092","Mar 9, 1994",Four Weddings and a Funeral,"$4,500,000","$52,700,832","$242,895,809"
"5,093","Jun 20, 1980",The Blue Lagoon,"$4,500,000","$47,923,795","$47,923,795"
"5,094","Sep 8, 2022",Barbarian,"$4,500,000","$40,842,944","$45,352,337"
"5,095","Aug 13, 1982",Fast Times at Ridgemont High,"$4,500,000","$27,092,880","$27,093,116"
"5,096","May 24, 1996",Secrets & Lies,"$4,500,000","$13,417,292","$16,090,874"
"5,097","Dec 19, 2002",25th Hour,"$4,500,000","$13,084,595","$25,344,490"
"5,098","Jun 27, 1956",Moby Dick,"$4,500,000","$10,400,000","$10,411,891"
"5,099","Sep 13, 1985",After Hours,"$4,500,000","$10,272,890","$10,287,988"
"5,100","Oct 15, 2015",The Lobster,"$4,500,000","$9,196,278","$17,985,061"
"5,101","Oct 4, 1996",Bound,"$4,500,000","$3,802,260","$7,011,317"
"5,102","Oct 6, 2000",Requiem for a Dream,"$4,500,000","$3,635,482","$7,389,233"
"5,103","Mar 9, 1962",State Fair,"$4,500,000","$3,500,000","$3,500,000"
"5,104","Oct 24, 2008",Låt den rätte komma in,"$4,500,000","$2,122,085","$12,196,922"
"5,105","Feb 12, 1999",Tango,"$4,500,000","$1,687,311","$5,428,387"
"5,106","Apr 23, 1986",Salvador,"$4,500,000","$1,500,000","$1,500,000"
"5,107","Oct 26, 2001",Donnie Darko,"$4,500,000","$1,480,006","$7,510,154"
"5,108","Sep 2, 2011",Salvando al Soldado Perez,"$4,500,000","$1,400,726","$9,330,465"
"5,109","Mar 27, 1998",Karakter,"$4,500,000","$713,413","$713,413"
"5,110","Jul 8, 2011",Nannerl la soeur de Mozart,"$4,500,000","$707,885","$2,404,639"
"5,111","Mar 14, 2003",Spun,"$4,500,000","$410,241","$1,022,649"
"5,112","Jul 23, 2010",Life During Wartime,"$4,500,000","$281,447","$281,447"
"5,113","May 4, 2006",Chinjeolhan geumjassi,"$4,500,000","$211,667","$23,471,871"
"5,114","Oct 7, 2011",Blackthorn,"$4,500,000","$200,558","$1,217,307"
"5,115","May 8, 2015",Maggie,"$4,500,000","$187,112","$1,027,760"
"5,116","Apr 18, 2003",Lilja 4-ever,"$4,500,000","$181,655","$4,548,505"
"5,117","Apr 9, 2010",After.Life,"$4,500,000","$108,596","$2,481,925"
"5,118","Feb 22, 2002",Mean Machine,"$4,500,000","$92,723","$92,723"
"5,119","Aug 31, 2007",Fong juk,"$4,500,000","$51,957","$51,957"
"5,120","Jul 23, 2010",Spoken Word,"$4,500,000","$32,961","$32,961"
"5,121","Sep 12, 2012",The Sweeney,"$4,500,000","$26,345","$8,000,366"
"5,122","Sep 4, 2014",Falcon Rising,"$4,500,000","$11,774","$11,774"
"5,123","Nov 8, 2019",J’ai perdu mon corps,"$4,500,000",$0,"$1,639,538"
"5,124","Sep 1, 2020",Blood Quantum,"$4,500,000",$0,"$10,926"
"5,125","Jun 25, 2013",Hansel & Gretel Get Baked,"$4,500,000",$0,$0
"5,126","Jan 3, 2017",Fugly!,"$4,500,000",$0,$0
"5,127","Aug 28, 2015",Zipper,"$4,500,000",$0,$0
"5,128","Nov 3, 2015",The Final Girls,"$4,500,000",$0,$0
"5,129","Dec 1, 2017",Daisy Winters,"$4,500,000",$0,$0
"5,130","Nov 19, 1975",One Flew Over the Cuckoo\'s Nest,"$4,400,000","$108,981,275","$163,274,115"
"5,131","Jun 25, 1976",Silent Movie,"$4,400,000","$36,145,695","$36,145,695"
"5,132","Jan 21, 2016",Airlift (2016),"$4,400,000",$0,"$25,600,132"
"5,133","Sep 29, 2015",R.L. Stine’s Monsterville: The Cabinet of Souls,"$4,400,000",$0,$0
"5,134","Jun 6, 2014",Anna,"$4,357,373",$0,"$1,200,000"
"5,135","Jan 30, 2003",Whale Rider,"$4,300,000","$20,779,666","$39,374,600"
"5,136","Jun 13, 2001",Sexy Beast,"$4,300,000","$6,946,056","$10,158,354"
"5,137","Dec 4, 2009",Paa,"$4,300,000","$199,228","$9,791,282"
"5,138","Jul 11, 2012",Snabba Cash,"$4,300,000","$188,870","$10,212,403"
"5,139","Jul 26, 2023",Talk To Me,"$4,250,000","$48,299,436","$91,944,611"
"5,140","Oct 19, 1990",Night of the Living Dead,"$4,200,000","$5,835,247","$5,835,247"
"5,141","Feb 17, 2006",Nochnoy dozor,"$4,200,000","$1,502,188","$33,913,542"
"5,142","Aug 13, 2010",Animal Kingdom,"$4,200,000","$1,044,039","$8,078,683"
"5,143","May 28, 2010",George A. Romero's Survival of the Dead,"$4,200,000","$101,740","$101,740"
"5,144","Oct 21, 2011",Cargo,"$4,200,000",$0,"$313,230"
"5,145","May 23, 2006",High School Musical,"$4,200,000",$0,"$5,940"
"5,146","Mar 6, 1998",Love and Death on Long Island,"$4,030,000","$2,542,264","$2,542,264"
"5,147","Mar 19, 1982",Porky's,"$4,000,000","$109,492,484","$109,492,484"
"5,148","Feb 5, 1953",Peter Pan,"$4,000,000","$87,400,000","$87,400,000"
"5,149","Nov 25, 1992",The Crying Game,"$4,000,000","$62,546,695","$62,546,832"
"5,150","Sep 12, 2003",Lost in Translation,"$4,000,000","$44,585,453","$117,085,297"
"5,151","Apr 20, 1977",Annie Hall,"$4,000,000","$38,251,425","$38,252,270"
"5,152","Jan 22, 2015",The Boy Next Door,"$4,000,000","$36,006,065","$53,401,938"
"5,153","Jan 10, 1952",The Greatest Show on Earth,"$4,000,000","$36,000,000","$36,000,000"
"5,154","Oct 27, 1995",Leaving Las Vegas,"$4,000,000","$31,983,777","$49,800,000"
"5,155","Dec 26, 2001",Monster's Ball,"$4,000,000","$31,273,922","$43,766,463"
"5,156","Jun 5, 2014",Boyhood,"$4,000,000","$25,379,975","$57,273,049"
"5,157","Dec 15, 1960",Exodus,"$4,000,000","$21,750,000","$21,750,000"
"5,158","Apr 13, 2022",Father Stu,"$4,000,000","$21,096,678","$21,989,422"
"5,159","Jul 9, 2010",The Kids Are All Right,"$4,000,000","$20,811,365","$36,275,469"
"5,160","Aug 17, 1979",Life of Brian,"$4,000,000","$20,182,359","$20,548,593"
"5,161","Apr 18, 2014",A Haunted House 2,"$4,000,000","$17,329,487","$21,206,861"
"5,162","Jun 7, 2019",Late Night,"$4,000,000","$15,500,045","$22,373,378"
"5,163","Mar 1, 2013",The Last Exorcism Part II,"$4,000,000","$15,179,303","$25,448,707"
"5,164","Dec 17, 1974",The Front Page,"$4,000,000","$15,000,000","$15,000,000"
"5,165","May 30, 1956",Trapeze,"$4,000,000","$14,400,000","$14,400,000"
"5,166","Aug 16, 1985",The Return of the Living Dead,"$4,000,000","$14,237,880","$14,238,828"
"5,167","Nov 4, 1988",They Live,"$4,000,000","$13,447,978","$13,449,643"
"5,168","Aug 4, 2000",Saving Grace,"$4,000,000","$12,178,602","$27,786,849"
"5,169","Aug 8, 1963",The Great Escape,"$4,000,000","$11,744,471","$11,973,397"
"5,170","Feb 6, 2004",What the #$'! Do We Know,"$4,000,000","$10,941,801","$11,704,768"
"5,171","Oct 18, 2019",The Lighthouse,"$4,000,000","$10,867,104","$18,237,527"
"5,172","Mar 18, 2005",The Darkness,"$4,000,000","$10,753,574","$10,904,495"
"5,173","Jul 28, 2006",Scoop,"$4,000,000","$10,525,717","$40,103,262"
"5,174","Nov 14, 2001",The Wash,"$4,000,000","$10,097,096","$10,097,096"
"5,175","Mar 1, 2000",3 Strikes,"$4,000,000","$9,821,335","$9,821,335"
"5,176","Apr 11, 2008",The Visitor,"$4,000,000","$9,427,026","$19,174,817"
"5,177","Apr 20, 2018",Traffik,"$4,000,000","$9,186,156","$9,561,231"
"5,178","Nov 26, 2003",The Cooler,"$4,000,000","$8,291,572","$11,131,455"
"5,179","Feb 1, 1961",The Misfits,"$4,000,000","$8,200,000","$8,200,000"
"5,180","Aug 4, 2006",The Night Listener,"$4,000,000","$7,836,393","$10,770,993"
"5,181","Feb 3, 1995",The Jerky Boys,"$4,000,000","$7,555,256","$7,555,256"
"5,182","Dec 28, 2007",El orfanato,"$4,000,000","$7,159,147","$79,250,193"
"5,183","May 25, 2007",Bug,"$4,000,000","$7,006,708","$8,302,995"
"5,184","Oct 11, 2002",The Rules of Attraction,"$4,000,000","$6,525,762","$11,799,060"
"5,185","Dec 19, 1969",Topaz,"$4,000,000","$6,000,000","$6,000,000"
"5,186","Nov 17, 2006",Let's Go to Prison,"$4,000,000","$4,630,045","$4,630,045"
"5,187","Dec 25, 1995",Four Rooms,"$4,000,000","$4,301,000","$4,301,000"
"5,188","Sep 20, 2002",Secretary,"$4,000,000","$4,046,737","$9,412,015"
"5,189","Apr 25, 2003",The Real Cancun,"$4,000,000","$3,816,594","$4,188,034"
"5,190","Dec 1, 1988",Talk Radio,"$4,000,000","$3,468,572","$3,468,572"
"5,191","Mar 18, 2016",Sing Street,"$4,000,000","$3,237,118","$12,657,072"
"5,192","Jan 31, 1997",Waiting for Guffman,"$4,000,000","$2,922,988","$2,922,988"
"5,193","Sep 10, 1999",Love Stinks,"$4,000,000","$2,793,776","$2,793,776"
"5,194","Aug 23, 2012",Samsara,"$4,000,000","$2,672,413","$5,966,671"
"5,195","Jun 22, 2007",You Kill Me,"$4,000,000","$2,426,851","$3,858,964"
"5,196","Oct 19, 2018",Cafarnaúm,"$4,000,000","$1,660,708","$65,233,793"
"5,197","Jun 17, 2011",The Art of Getting By,"$4,000,000","$1,430,241","$1,989,035"
"5,198","Sep 16, 2005",Thumbsucker,"$4,000,000","$1,328,679","$1,919,197"
"5,199","Apr 6, 2015",Beyond the Mask,"$4,000,000","$1,236,094","$1,236,094"
"5,200","Sep 23, 2011",Red State,"$4,000,000","$1,065,429","$1,983,596"
"5,201","Sep 30, 2005",MirrorMask,"$4,000,000","$864,959","$973,613"
"5,202","Mar, 1987",The Barbarians,"$4,000,000","$800,000","$800,000"
"5,203","Jul 11, 2012",Holy Motors,"$4,000,000","$641,054","$4,230,426"
"5,204","Jun 13, 2014",The Signal,"$4,000,000","$600,896","$2,665,322"
"5,205","Feb 28, 2003",Poolhall Junkies,"$4,000,000","$563,711","$563,711"
"5,206","May 28, 1999",The Loss of Sexual Innocence,"$4,000,000","$399,793","$399,793"
"5,207","Oct 25, 2013",The Face of Love,"$4,000,000","$385,069","$1,158,877"
"5,208","Apr 11, 2014",Joe,"$4,000,000","$373,375","$373,375"
"5,209","Mar 4, 1988",Prison,"$4,000,000","$354,704","$354,704"
"5,210","May 1, 1998",Shooting Fish,"$4,000,000","$302,204","$302,204"
"5,211","May 8, 2009",Adoration,"$4,000,000","$294,244","$384,244"
"5,212","Aug 4, 2000",Psycho Beach Party,"$4,000,000","$267,972","$267,972"
"5,213","Jan 28, 2000",The Big Tease,"$4,000,000","$185,577","$185,577"
"5,214","Nov 18, 2016",Polina danser sa vie,"$4,000,000","$165,203","$953,314"
"5,215","Jul 3, 2014",Desert Dancer,"$4,000,000","$155,271","$596,335"
"5,216","Aug 21, 2014","Guten Tag, Ramon","$4,000,000","$154,356","$4,854,356"
"5,217","Jul 25, 2003",Mondays in the Sun,"$4,000,000","$146,402","$146,402"
"5,218","Jun 5, 2015",Manglehorn,"$4,000,000","$132,270","$797,439"
"5,219","Apr 2, 2010",Tau ming chong,"$4,000,000","$129,078","$38,899,792"
"5,220","Apr 1, 2011",Trust,"$4,000,000","$120,016","$120,016"
"5,221","Oct 13, 2017",Sweet Country,"$4,000,000","$85,556","$2,291,545"
"5,222","Dec 22, 2000",An Everlasting Piece,"$4,000,000","$75,078","$75,078"
"5,223","Mar 26, 1999",Among Giants,"$4,000,000","$64,359","$64,359"
"5,224","Jul 16, 1999",The Velocity of Gary,"$4,000,000","$34,145","$34,145"
"5,225","Apr 22, 2011",Stake Land,"$4,000,000","$33,245","$679,482"
"5,226","May 15, 2014",Praia do Futuro,"$4,000,000","$20,620","$760,678"
"5,227","Dec 27, 2002",Sonny,"$4,000,000","$17,639","$17,639"
"5,228","Jun 20, 1997",The Last Time I Committed Suicide,"$4,000,000","$12,836","$12,836"
"5,229","Apr 18, 2014",13 Sins,"$4,000,000","$9,134","$47,552"
"5,230","Nov 18, 2011",Another Happy Day,"$4,000,000","$9,120","$978,527"
"5,231","Feb 22, 2013",Inescapable,"$4,000,000","$4,327","$4,327"
"5,232","Dec 1, 2017",Perfectos Desconocidos,"$4,000,000",$0,"$31,166,312"
"5,233","Jun 17, 2022","Good Luck to You, Leo Grande","$4,000,000",$0,"$13,141,633"
"5,234","Nov 7, 2013",Geograf globus propil,"$4,000,000",$0,"$4,454,853"
"5,235","Aug 1, 2018",Down a Dark Hall,"$4,000,000",$0,"$2,842,176"
"5,236","Jan 3, 2020",Patients of a Saint,"$4,000,000",$0,"$593,148"
"5,237","Nov 11, 2011",A Lonely Place to Die,"$4,000,000",$0,"$442,550"
"5,238","Oct 6, 2017",Brawl in Cell Block 99,"$4,000,000",$0,"$79,208"
"5,239",Unknown,Nothing,"$4,000,000",$0,"$63,180"
"5,240","Jun 1, 2012",The Loved Ones,"$4,000,000",$0,"$12,302"
"5,241","Nov 9, 1972",1776,"$4,000,000",$0,$0
"5,242","Nov 15, 1930",Hell's Angels,"$4,000,000",$0,$0
"5,243","Aug 26, 2008",Purple Violets,"$4,000,000",$0,$0
"5,244","Nov 9, 2012",Replicas,"$4,000,000",$0,$0
"5,245",Unknown,The Helpers,"$4,000,000",$0,$0
"5,246","Jan 19, 2016",The Veil,"$4,000,000",$0,$0
"5,247","Jul 11, 2014",The Perfect Wave,"$4,000,000",$0,$0
"5,248",Unknown,How to Fall in Love,"$4,000,000",$0,$0
"5,249","Sep 8, 2015",Chain of Command,"$4,000,000",$0,$0
"5,250","Feb 29, 1980",The Ninth Configuration,"$4,000,000",$0,$0
"5,251","Dec 15, 1939",Gone with the Wind,"$3,900,000","$198,680,470","$390,516,513"
"5,252","Dec 12, 1966",A Man for All Seasons,"$3,900,000","$28,350,000","$28,350,000"
"5,253","Dec 30, 1925",Ben-Hur: A Tale of the Christ,"$3,900,000","$9,000,000","$9,000,000"
"5,254",Unknown,Mugge & vejfesten,"$3,851,257",$0,$0
"5,255",1976,Network,"$3,800,000","$23,689,877","$23,698,846"
"5,256","Jan 14, 2011",Down for Life,"$3,800,000","$41,914","$41,914"
"5,257","Apr 30, 2010",The Good Heart,"$3,800,000","$20,930","$749,686"
"5,258","Apr 7, 1965",Major Dundee,"$3,800,000","$14,873","$14,873"
"5,259","Oct 5, 2018",Hevi reissu,"$3,800,000","$10,153","$21,976"
"5,260","Oct 2, 1974",The Taking of Pelham One Two Three,"$3,800,000",$0,$353
"5,261","May 17, 1950",Annie Get Your Gun,"$3,768,785","$8,000,000","$8,000,000"
"5,262","Jun 21, 2013",L’attentat,"$3,750,000","$1,625,707","$3,237,975"
"5,263","Aug 11, 2006",Casa de Areia,"$3,750,000","$539,285","$1,178,175"
"5,264","Nov 5, 2010",Four Lions,"$3,750,000","$310,007","$8,607,693"
"5,265","May 15, 2015",Slow West,"$3,750,000","$229,094","$2,089,072"
"5,266","Feb 19, 2010",Defendor,"$3,750,000","$44,462","$44,462"
"5,267","Nov 11, 2016",Kono sekai no katasumi ni,"$3,750,000",$0,"$19,794,935"
"5,268","May 13, 1970",The Ballad of Cable Hogue,"$3,716,946","$3,500,000","$5,000,000"
"5,269","May 20, 1948",The Pirate,"$3,700,000","$2,956,000","$2,956,000"
"5,270","Nov 21, 2006",The History Boys,"$3,700,000","$2,730,296","$13,447,998"
"5,271","Nov 3, 2006",Unknown,"$3,700,000","$26,403","$3,355,048"
"5,272","May 25, 1969",Midnight Cowboy,"$3,600,000","$44,785,053","$44,796,719"
"5,273","Oct 10, 2008",Billy: The Early Years of Billy Graham,"$3,600,000","$320,896","$320,896"
"5,274","Nov 8, 2019",Crown Vic,"$3,600,000","$3,868","$3,868"
"5,275","Jun 15, 2018",Utøya 22. juli,"$3,600,000",$0,"$222,540"
"5,276","Jul 4, 1980",Airplane!,"$3,500,000","$83,453,539","$83,454,307"
"5,277","Jan 1, 1970",M*A*S*H,"$3,500,000","$81,600,000","$81,600,193"
"5,278","Aug 13, 1997",The Full Monty,"$3,500,000","$45,950,122","$261,249,383"
"5,279","Apr 12, 2018",Truth or Dare,"$3,500,000","$41,411,015","$95,292,744"
"5,280","May 26, 1993",Menace II Society,"$3,500,000","$27,731,527","$27,731,527"
"5,281","Apr 26, 1995",Friday,"$3,500,000","$27,467,564","$27,936,778"
"5,282","Feb 19, 2016",The Witch,"$3,500,000","$25,138,705","$40,364,725"
"5,283","Feb 2, 2018",Winchester,"$3,500,000","$25,091,816","$45,960,255"
"5,284","Oct 27, 2017",Call Me by Your Name,"$3,500,000","$18,065,180","$41,512,383"
"5,285","Dec 6, 2002",Empire,"$3,500,000","$17,504,595","$18,495,444"
"5,286","Feb 21, 2013",Dark Skies,"$3,500,000","$17,418,667","$27,704,111"
"5,287","Jan 19, 2018",Forever My Girl,"$3,500,000","$16,376,066","$16,376,066"
"5,288","May 1, 1987",Creepshow 2,"$3,500,000","$14,000,000","$14,000,000"
"5,289","Dec 14, 1967",In Cold Blood,"$3,500,000","$13,000,000","$13,007,551"
"5,290","Jul 18, 1959",The Nun's Story,"$3,500,000","$12,800,000","$12,800,000"
"5,291","Jun 21, 1972",Frenzy,"$3,500,000","$12,600,000","$12,600,000"
"5,292","Feb 23, 1966",Harper,"$3,500,000","$12,000,000","$12,000,000"
"5,293","May 27, 1998",I Got the Hook-Up!,"$3,500,000","$10,317,779","$10,317,779"
"5,294","Aug 23, 1996",She's the One,"$3,500,000","$9,482,579","$13,795,053"
"5,295",1980,Terror Train,"$3,500,000","$8,000,000","$8,000,000"
"5,296","Nov 6, 1998",Gods and Monsters,"$3,500,000","$6,451,628","$6,451,628"
"5,297","Apr 16, 2010",El secreto de sus ojos,"$3,500,000","$6,391,436","$40,527,719"
"5,298","Mar 13, 1987",Evil Dead II,"$3,500,000","$5,923,044","$5,927,557"
"5,299","Jun 30, 1985",Day of the Dead,"$3,500,000","$5,804,262","$34,004,262"
"5,300","May 18, 2018",First Reformed,"$3,500,000","$3,448,256","$3,988,612"
"5,301","Jun 29, 2001",Pootie Tang,"$3,500,000","$3,293,258","$3,293,258"
"5,302","Nov 7, 2019",Honey Boy,"$3,500,000","$3,012,615","$3,415,721"
"5,303","Jun 11, 2021",The House Next Door: Meet the Blacks 2,"$3,500,000","$2,893,660","$2,893,660"
"5,304","Apr 6, 2018","Don’t Worry, He Won’t Get Far on Foot","$3,500,000","$1,441,705","$4,522,504"
"5,305","Dec 2, 2016",Believe,"$3,500,000","$890,303","$890,303"
"5,306","Apr 19, 2000",La otra conquista,"$3,500,000","$886,410","$886,410"
"5,307","Sep 30, 2016",American Honey,"$3,500,000","$663,247","$2,611,750"
"5,308","Mar 18, 2016",The Bronze,"$3,500,000","$615,816","$615,816"
"5,309","Jun 10, 2011",Trolljegeren,"$3,500,000","$253,444","$5,706,638"
"5,310","Sep 14, 2007",Ira and Abby,"$3,500,000","$221,096","$221,096"
"5,311","Jan 8, 2016",The Masked Saint,"$3,500,000","$182,695","$182,695"
"5,312","Feb 5, 2021",The Reckoning,"$3,500,000","$143,532","$465,177"
"5,313","Feb 17, 2006",Winter Passing,"$3,500,000","$107,492","$113,783"
"5,314","Mar 25, 2005",D.E.B.S.,"$3,500,000","$96,793","$96,793"
"5,315","Jun 3, 2016",Time to Choose,"$3,500,000","$29,233","$29,233"
"5,316","Jun 26, 2009",Surveillance,"$3,500,000","$27,349","$1,396,395"
"5,317","Sep 17, 1999",Taxman,"$3,500,000","$9,871","$9,871"
"5,318","May 17, 2012",The Kick,"$3,500,000",$0,"$40,622"
"5,319","Jun 30, 2009",The Betrayed,"$3,500,000",$0,$0
"5,320","Oct 1, 2006",The Secret,"$3,500,000",$0,$0
"5,321","Jun 28, 2011",2:13,"$3,500,000",$0,$0
"5,322","Jan 29, 2013","Batman: The Dark Knight Returns, Part 2","$3,500,000",$0,$0
"5,323","Mar 11, 2014",In the Name of the King III,"$3,500,000",$0,$0
"5,324","Mar 4, 2014",Wicked Blood,"$3,500,000",$0,$0
"5,325","Jun 5, 2015",Dawn Patrol,"$3,500,000",$0,$0
"5,326","Oct 25, 2012",Jagten,"$3,450,000","$687,185","$18,309,793"
"5,327","Sep 1, 2015",Lords of London,"$3,440,000",$0,$0
"5,328","Jun 24, 2005",La marche de l'empereur,"$3,400,000","$77,437,223","$133,276,359"
"5,329","Dec 23, 1977",High Anxiety,"$3,400,000","$31,063,038","$31,063,038"
"5,330","Oct 5, 2011",Margin Call,"$3,400,000","$5,353,586","$20,433,227"
"5,331","Sep 26, 2008",Choke,"$3,400,000","$2,926,565","$4,124,277"
"5,332","Apr 23, 2004",L'incomparable mademoiselle C.,"$3,400,000","$493,905","$493,905"
"5,333","Dec 3, 2021",Flee,"$3,400,000","$339,754","$2,062,173"
"5,334","Mar 23, 2007",La Tourneuse de Pages,"$3,400,000","$208,691","$11,182,908"
"5,335","Jul 11, 2008",August,"$3,400,000","$12,636","$12,636"
"5,336","Jan 2, 2015",Babysitting,"$3,400,000",$0,"$24,564,100"
"5,337","Mar 3, 2015",To Write Love On Her Arms,"$3,400,000",$0,$0
"5,338",Unknown,Vilaine,"$3,400,000",$0,$0
"5,339","Feb 16, 1956",Carousel,"$3,380,000",$0,"$3,604"
"5,340","Oct 10, 2014",Whiplash,"$3,300,000","$13,892,940","$40,501,686"
"5,341","Oct 26, 2007",Bella,"$3,300,000","$8,093,373","$12,405,473"
"5,342","Jan 3, 2003",Cidade de Deus,"$3,300,000","$7,563,397","$32,059,295"
"5,343","May 5, 2000",Human Traffic,"$3,300,000","$104,257","$5,422,740"
"5,344","Dec 29, 2006",The Dead Girl,"$3,300,000","$19,875","$19,875"
"5,345","Jan 20, 2015",The Opposite Sex,"$3,300,000",$0,"$84,369"
"5,346","Nov 18, 1983",A Christmas Story,"$3,250,000","$20,825,395","$20,825,467"
"5,347","Aug 20, 1982",Class of 1984,"$3,250,000","$6,965,361","$6,965,361"
"5,348","Jan 30, 2009",Entre les murs,"$3,250,000","$3,766,810","$34,114,067"
"5,349","Oct 29, 1999",Dreaming of Joseph Lees,"$3,250,000","$7,680","$7,680"
"5,350","Jun 12, 1968",Rosemary's Baby,"$3,200,000","$33,395,426","$33,397,492"
"5,351","Jul 6, 2018",Sorry to Bother You,"$3,200,000","$17,493,096","$18,285,560"
"5,352","Apr 22, 1962",The Man Who Shot Liberty Valance,"$3,200,000","$8,000,000","$8,000,498"
"5,353","Jul 16, 2004",Maria Full of Grace,"$3,200,000","$6,529,624","$14,441,158"
"5,354","Jun 3, 2011",Beginners,"$3,200,000","$5,790,894","$14,314,407"
"5,355","Apr 22, 2016",The Meddler,"$3,200,000","$4,267,219","$5,526,942"
"5,356","Jul 29, 2009",Adam,"$3,200,000","$2,283,291","$2,834,485"
"5,357","Sep 22, 2006",Feast,"$3,200,000","$56,131","$690,872"
"5,358","Dec 20, 1946",It’s a Wonderful Life,"$3,180,000","$12,241,691","$16,420,592"
"5,359","May 16, 1996",Trainspotting,"$3,100,000","$16,501,785","$71,548,935"
"5,360","Feb 1, 2013",Antiviral,"$3,100,000",$0,"$123,407"
"5,361","Jul 28, 1978",National Lampoon’s Animal House,"$3,000,000","$141,600,000","$141,607,202"
"5,362","Oct 20, 2010",Paranormal Activity 2,"$3,000,000","$84,752,907","$177,512,032"
"5,363","Aug 27, 2015",War Room,"$3,000,000","$67,790,117","$73,989,734"
"5,364","Jun 7, 2013",The Purge,"$3,000,000","$64,473,115","$91,266,581"
"5,365","Dec 22, 1964",Goldfinger,"$3,000,000","$51,100,000","$124,900,000"
"5,366","Oct 5, 2012",Sinister,"$3,000,000","$48,086,903","$87,727,807"
"5,367","Aug 18, 2000",The Original Kings of Comedy,"$3,000,000","$38,168,022","$38,236,338"
"5,368","Dec 18, 1957",The Bridge on the River Kwai,"$3,000,000","$33,300,000","$33,321,917"
"5,369",1978,Coming Home,"$3,000,000","$32,653,000","$32,653,142"
"5,370","Dec 5, 1973",Serpico,"$3,000,000","$27,274,150","$27,301,609"
"5,371","Aug 1, 1997",Air Bud,"$3,000,000","$26,033,546","$29,175,259"
"5,372","Nov 20, 1998",Waking Ned Devine,"$3,000,000","$24,793,251","$55,193,251"
"5,373","Oct 11, 2002",Bowling for Columbine,"$3,000,000","$21,576,018","$58,240,487"
"5,374","Nov 1, 1985",A Nightmare on Elm Street Part 2: Freddy’s Reve…,"$3,000,000","$21,163,999","$21,163,999"
"5,375","Mar 7, 1986",A Room with a View,"$3,000,000","$20,966,644","$21,042,007"
"5,376","Jun 10, 1975",Love and Death,"$3,000,000","$20,123,742","$20,123,742"
"5,377","Aug 1, 1986",Friday the 13th Part VI: Jason Lives,"$3,000,000","$19,472,057","$19,472,809"
"5,378","Aug 2, 2002",Martin Lawrence Live: RunTelDat,"$3,000,000","$19,184,820","$19,184,820"
"5,379","Jun 15, 1960",The Apartment,"$3,000,000","$18,600,000","$24,599,998"
"5,380","Jul 12, 2019",The Farewell,"$3,000,000","$17,700,478","$25,466,013"
"5,381","Sep 20, 1958",Cat on a Hot Tin Roof,"$3,000,000","$17,570,324","$17,570,642"
"5,382","May 26, 1970",Beneath the Planet of the Apes,"$3,000,000","$17,489,009","$17,489,009"
"5,383","Dec 21, 2022",The Whale,"$3,000,000","$17,453,440","$54,044,481"
"5,384","Apr 6, 2001",Pokemon 3: The Movie,"$3,000,000","$17,052,128","$68,452,128"
"5,385","Aug 13, 1993",Jason Goes to Hell: The Final Friday,"$3,000,000","$15,935,068","$15,935,068"
"5,386","Apr 27, 1990",Spaced Invaders,"$3,000,000","$15,000,000","$15,000,000"
"5,387","Apr 7, 2017",The Case for Christ,"$3,000,000","$14,678,714","$17,966,760"
"5,388","May 13, 2016",Love & Friendship,"$3,000,000","$14,016,568","$23,934,375"
"5,389","Apr 9, 1976",Family Plot,"$3,000,000","$13,200,000","$13,200,000"
"5,390","Jul 16, 1966",Torn Curtain,"$3,000,000","$13,000,000","$13,000,615"
"5,391","Sep 13, 2024",Am I Racist?,"$3,000,000","$12,311,598","$12,311,598"
"5,392","Jun 1, 2018",Upgrade,"$3,000,000","$11,977,130","$16,976,561"
"5,393","Mar 3, 2006",Dave Chappelle's Block Party,"$3,000,000","$11,718,595","$12,051,924"
"5,394","Oct 25, 1985",Krush Groove,"$3,000,000","$11,052,713","$11,052,713"
"5,395","Feb 21, 2020",Impractical Jokers: The Movie,"$3,000,000","$10,466,091","$10,466,091"
"5,396","Jul 7, 1960",Elmer Gantry,"$3,000,000","$10,400,000","$10,400,064"
"5,397","May 8, 2009",Next Day Air,"$3,000,000","$10,027,047","$10,172,519"
"5,398","Dec 19, 1961",Judgment at Nuremberg,"$3,000,000","$10,000,000","$10,000,000"
"5,399","Nov 4, 1998",Belly,"$3,000,000","$9,639,390","$9,639,390"
"5,400","May 12, 1999",Trippin’,"$3,000,000","$9,017,070","$9,017,070"
"5,401","Aug 26, 1948",Red River,"$3,000,000","$9,012,000","$9,012,000"
"5,402","Aug 8, 2001",The Deep End,"$3,000,000","$8,823,109","$9,981,635"
"5,403","May 22, 2013",Before Midnight,"$3,000,000","$8,110,621","$23,225,160"
"5,404","Nov 20, 1987",Teen Wolf Too,"$3,000,000","$7,888,000","$7,888,000"
"5,405","Jul 31, 2009",The Collector,"$3,000,000","$7,712,114","$10,473,836"
"5,406","Jul 8, 1988",Phantasm II,"$3,000,000","$7,282,851","$7,282,851"
"5,407","Oct 27, 2017",Let There Be Light,"$3,000,000","$7,233,471","$7,241,309"
"5,408","Apr 7, 2006",Phat Girlz,"$3,000,000","$7,061,128","$7,301,115"
"5,409","Oct 1, 2004",Woman Thou Art Loosed,"$3,000,000","$6,879,730","$6,879,730"
"5,410","Oct 18, 2002",Real Women Have Curves,"$3,000,000","$5,853,194","$7,777,790"
"5,411","Aug 13, 1981",Gallipoli,"$3,000,000","$5,732,587","$5,732,587"
"5,412","Dec 1, 2022",I Heard the Bells,"$3,000,000","$5,644,104","$5,679,324"
"5,413","Apr 28, 2006",Water,"$3,000,000","$5,529,144","$11,322,573"
"5,414","Jun 7, 2019",The Last Black Man in San Francisco,"$3,000,000","$4,515,719","$4,637,842"
"5,415","Jul 22, 2016",Don’t Think Twice,"$3,000,000","$4,417,983","$4,417,983"
"5,416","Jun 24, 2016",Swiss Army Man,"$3,000,000","$4,210,454","$5,837,111"
"5,417","Apr 14, 2000",East is East,"$3,000,000","$4,170,647","$30,438,635"
"5,418","Sep 1, 2000",Whipped,"$3,000,000","$4,142,507","$4,142,507"
"5,419","Feb 28, 1997",Kama Sutra,"$3,000,000","$4,109,095","$4,109,095"
"5,420","Jun 30, 1971",Willy Wonka & the Chocolate Factory,"$3,000,000","$4,077,971","$4,143,750"
"5,421","May 17, 2013",Frances Ha,"$3,000,000","$4,067,398","$11,194,304"
"5,422","Apr 30, 2010",Please Give,"$3,000,000","$4,033,574","$4,566,662"
"5,423","Sep 24, 1993",Warlock: The Armageddon,"$3,000,000","$3,902,679","$3,902,679"
"5,424","Apr 18, 1997",8 Heads in a Duffel Bag,"$3,000,000","$3,602,884","$4,002,884"
"5,425","Sep 13, 1978",Days of Heaven,"$3,000,000","$3,446,749","$3,660,880"
"5,426","May 24, 2002",Thirteen Conversations About One Thing,"$3,000,000","$3,287,435","$3,705,923"
"5,427","Apr 4, 2025",Hell of a Summer,"$3,000,000","$3,182,680","$3,182,680"
"5,428","Mar 31, 2016",Compadres,"$3,000,000","$3,127,773","$7,445,044"
"5,429","Feb 19, 1999",Jawbreaker,"$3,000,000","$3,076,820","$3,076,820"
"5,430","Aug 9, 1996",Basquiat,"$3,000,000","$2,962,051","$2,962,422"
"5,431","Feb 24, 2006",Tsotsi,"$3,000,000","$2,912,606","$11,537,539"
"5,432","Apr 9, 2010",Letters to God,"$3,000,000","$2,848,587","$3,237,452"
"5,433","Oct 16, 1998",Happiness,"$3,000,000","$2,746,453","$5,746,453"
"5,434","Nov 21, 2003",Oldboy,"$3,000,000","$2,458,110","$7,968,998"
"5,435","Oct 18, 2013",I'm in Love with a Church Girl,"$3,000,000","$2,387,730","$2,503,392"
"5,436","Apr 4, 2003",DysFunkTional Family,"$3,000,000","$2,255,000","$2,255,000"
"5,437","Sep 19, 2014",Tusk,"$3,000,000","$1,821,983","$1,887,554"
"5,438","May 12, 2017",The Wall,"$3,000,000","$1,803,064","$4,495,262"
"5,439","Oct 24, 2003",Elephant,"$3,000,000","$1,266,955","$10,051,516"
"5,440","Apr 6, 2012",Damsels in Distress,"$3,000,000","$1,007,535","$1,324,299"
"5,441","May 6, 2011",Hobo with a Shotgun,"$3,000,000","$703,372","$834,953"
"5,442","May 8, 2015",The D Train,"$3,000,000","$669,688","$816,494"
"5,443","Sep 9, 2011",Creature,"$3,000,000","$508,714","$533,235"
"5,444","Sep 6, 2012",Bachelorette,"$3,000,000","$446,770","$12,577,401"
"5,445","Nov 18, 2022",The Inspection,"$3,000,000","$385,627","$430,608"
"5,446","Jan 15, 2010",Fish Tank,"$3,000,000","$374,675","$5,922,292"
"5,447","Sep 5, 2008",Everybody Wants to Be Italian,"$3,000,000","$351,416","$351,416"
"5,448","Dec 9, 2016",The Bounce Back,"$3,000,000","$321,910","$421,404"
"5,449","Aug 23, 1996",Freeway,"$3,000,000","$295,493","$295,493"
"5,450","Oct 6, 2006",Love's Abiding Joy,"$3,000,000","$252,726","$252,726"
"5,451","Feb 12, 1993",Dead Alive,"$3,000,000","$242,623","$242,623"
"5,452","Jul 29, 2020",The Climb,"$3,000,000","$234,429","$1,027,043"
"5,453","Oct 1, 2010",Chain Letter,"$3,000,000","$205,842","$1,022,453"
"5,454","Mar 2, 2012",Tim and Eric's Billion Dollar Movie,"$3,000,000","$201,436","$223,652"
"5,455","Nov 9, 2007",Holly,"$3,000,000","$163,069","$163,069"
"5,456","Feb 28, 1997",Hard Eight,"$3,000,000","$142,356","$142,715"
"5,457","Mar 26, 2010",The Eclipse,"$3,000,000","$133,411","$133,411"
"5,458","Mar 21, 2008",The Grand,"$3,000,000","$115,879","$115,879"
"5,459","Mar 17, 2006",Sommersturm,"$3,000,000","$95,204","$95,204"
"5,460","Aug 15, 2014",Fort McCoy,"$3,000,000","$78,948","$78,948"
"5,461","Aug 4, 1999",The Gambler,"$3,000,000","$51,773","$101,773"
"5,462","Oct 13, 2000",Just Looking,"$3,000,000","$39,852","$39,852"
"5,463","Sep 4, 2015",Before We Go,"$3,000,000","$37,151","$483,938"
"5,464","Jan 13, 2012",The Divide,"$3,000,000","$18,000","$156,362"
"5,465","Sep 9, 2011",Tanner Hall,"$3,000,000","$5,073","$5,073"
"5,466","Sep 30, 2005",My Big Fat Independent Movie,"$3,000,000","$4,655","$4,655"
"5,467","Mar 19, 2015",Demonic,"$3,000,000",$0,"$4,668,109"
"5,468","Apr 15, 2008",à l\'intérieur,"$3,000,000",$0,"$895,932"
"5,469","Jul 22, 2016",The Childhood of a Leader,"$3,000,000",$0,"$240,099"
"5,470","Sep 27, 2019",3 From Hell,"$3,000,000",$0,"$119,009"
"5,471","Jun 27, 2014",They Came Together,"$3,000,000",$0,"$82,780"
"5,472","Apr 12, 2013",Open Road,"$3,000,000",$0,"$47,469"
"5,473","Jul 28, 1951",Alice in Wonderland,"$3,000,000",$0,$0
"5,474","Oct 1, 2010",Barry Munday,"$3,000,000",$0,$0
"5,475",Unknown,The Deported,"$3,000,000",$0,$0
"5,476",Unknown,Chicago Overcoat,"$3,000,000",$0,$0
"5,477","Sep 13, 2011",Never Back Down 2: The Beatdown,"$3,000,000",$0,$0
"5,478","Feb 17, 2015",AWOL-72,"$3,000,000",$0,$0
"5,479","Jan 15, 2013",30 Nights Of Paranormal Activity With The Devil…,"$3,000,000",$0,$0
"5,480","Feb 6, 2015",Enter the Dangerous Mind,"$3,000,000",$0,$0
"5,481","Mar 17, 2015",Something Wicked,"$3,000,000",$0,$0
"5,482","Sep 18, 1967",Point Blank,"$3,000,000",$0,$0
"5,483","Apr 1, 1988",Iguana,"$3,000,000",$0,$0
"5,484",Unknown,Four Single Fathers,"$3,000,000",$0,$0
"5,485","Aug 14, 2015",Amnesiac,"$3,000,000",$0,$0
"5,486","Oct 16, 2015",Unnatural,"$3,000,000",$0,$0
"5,487","Dec 11, 2015",Close Range,"$3,000,000",$0,$0
"5,488","Jul 9, 1999",Candyman 3: Day of the Dead,"$3,000,000",$0,$0
"5,489",2025,Desert Road,"$3,000,000",$0,$0
"5,490","Jan 18, 1946",The Harvey Girls,"$2,931,000","$4,100,000","$4,100,000"
"5,491","Feb 15, 1950",Cinderella,"$2,900,000","$85,000,000","$263,591,415"
"5,492","Nov 20, 1998",Central do Brasil,"$2,900,000","$5,969,553","$17,006,158"
"5,493","Dec 19, 1961",Pocketful of Miracles,"$2,900,000","$5,000,000","$5,000,000"
"5,494","Mar 24, 2006",Boynton Beach Club,"$2,900,000","$3,127,472","$3,127,472"
"5,495","Oct 1, 2010",Freakonomics,"$2,900,000","$101,270","$172,867"
"5,496","Aug 19, 2011",Griff the Invisible,"$2,900,000","$20,778","$25,935"
"5,497","Mar 29, 1959",Some Like it Hot,"$2,883,848","$25,000,000","$25,038,874"
"5,498","Jun 10, 2005",High Tension,"$2,850,000","$3,681,066","$6,435,262"
"5,499","Dec 15, 1974",Young Frankenstein,"$2,800,000","$86,300,000","$86,328,827"
"5,500","Jun 25, 1976",The Omen,"$2,800,000","$48,570,885","$48,577,431"
"5,501","Jul 22, 2005",Hustle & Flow,"$2,800,000","$22,202,809","$23,591,783"
"5,502","May 13, 1988",Friday the 13th Part VII: The New Blood,"$2,800,000","$19,170,001","$19,170,001"
"5,503","Mar 22, 2018",Midnight Sun,"$2,800,000","$9,561,064","$26,952,508"
"5,504","Oct 19, 2018",Mid90s,"$2,800,000","$7,362,439","$9,186,903"
"5,505","Apr 21, 2017",Phoenix Forgotten,"$2,800,000","$3,600,146","$3,697,729"
"5,506","Sep 15, 2006",Artie Lange's Beer League,"$2,800,000","$475,000","$475,000"
"5,507","Jul 26, 2019","Hvítur, Hvítur Dagur","$2,800,000",$0,"$836,600"
"5,508","Aug 25, 1939",The Wizard of Oz,"$2,777,000","$35,572,006","$35,883,231"
"5,509","Feb 15, 2008",Diary of the Dead,"$2,750,000","$952,620","$5,394,447"
"5,510","Feb 14, 2020",Deux,"$2,750,000","$5,495","$1,327,823"
"5,511","Oct 17, 1979",The Black Stallion,"$2,700,000","$37,799,643","$37,799,643"
"5,512","Jun 13, 1997",Ulee's Gold,"$2,700,000","$9,054,736","$15,600,000"
"5,513","Oct 26, 2018",Indivisible,"$2,700,000","$3,511,417","$3,589,633"
"5,514","Sep 1, 2006",Lage Raho Munna Bhai,"$2,700,000","$2,217,561","$31,517,561"
"5,515","Apr 11, 2012",Le fils de l’autre,"$2,700,000","$1,220,807","$5,969,923"
"5,516","Nov 11, 2016",The Monster,"$2,700,000","$12,544","$86,288"
"5,517","Jun 25, 2015",Sardaar Ji,"$2,700,000",$0,"$8,200,000"
"5,518","Sep 26, 2008",Rejsen til Saturn,"$2,700,000",$0,"$5,377,665"
"5,519","Jun 12, 1963",Donovan's Reef,"$2,686,000","$6,600,000","$6,600,000"
"5,520","Jan 12, 1956",Diane,"$2,660,000",$0,$0
"5,521","Jan 16, 1998",The Dress,"$2,650,000","$16,556","$16,556"
"5,522","Dec 24, 1943",A Guy Named Joe,"$2,627,000","$5,363,000","$5,363,000"
"5,523","Feb 7, 1974",Blazing Saddles,"$2,600,000","$119,878,189","$119,879,266"
"5,524","Apr 13, 1984",Friday the 13th Part IV: The Final Chapter,"$2,600,000","$32,980,880","$32,981,717"
"5,525","Mar 28, 2014",Ida,"$2,600,000","$3,827,060","$15,277,215"
"5,526",1987,Maurice,"$2,600,000","$3,147,950","$3,305,831"
"5,527","Jul 9, 2004",Riding Giants,"$2,600,000","$2,276,368","$3,292,333"
"5,528","Dec 12, 2008",Los Cronocrímenes,"$2,600,000","$39,127","$564,474"
"5,529","Feb 28, 2012",La Cara Oculta,"$2,600,000",$0,"$7,033,931"
"5,530","Dec 7, 2007",Timber Falls,"$2,600,000",$0,"$71,248"
"5,531",Unknown,Silver Medalist,"$2,600,000",$0,$0
"5,532","Apr 1, 2011","Fat, Sick & Nearly Dead","$2,600,000",$0,$0
"5,533","Apr 10, 1952",Singin' in the Rain,"$2,540,000","$7,266,475","$7,307,484"
"5,534","Aug 13, 1967",Bonnie and Clyde,"$2,500,000","$50,700,000","$50,700,128"
"5,535","Jan 11, 2013",A Haunted House,"$2,500,000","$40,041,683","$59,922,558"
"5,536","Jul 13, 2012",2016: Obama’s America,"$2,500,000","$33,349,941","$33,349,941"
"5,537","Jul 3, 2013",Kevin Hart: Let Me Explain,"$2,500,000","$32,244,051","$32,327,255"
"5,538","Jul 28, 2004",Garden State,"$2,500,000","$26,782,316","$36,028,802"
"5,539","Oct 4, 1996",That Thing You Do!,"$2,500,000","$25,857,416","$34,557,416"
"5,540","Oct 30, 1981",Halloween II,"$2,500,000","$25,533,818","$25,533,818"
"5,541","Oct 22, 1982",Halloween 3: Season of the Witch,"$2,500,000","$14,400,000","$14,400,000"
"5,542","Oct 1, 2008",Religulous,"$2,500,000","$13,011,160","$13,881,317"
"5,543",1971,Escape from the Planet of the Apes,"$2,500,000","$12,300,000","$12,300,000"
"5,544","May 29, 1963",Hud,"$2,500,000","$10,000,000","$10,000,000"
"5,545","Aug 2, 2013",The Spectacular Now,"$2,500,000","$6,852,971","$6,916,951"
"5,546","Sep 29, 1991",My Own Private Idaho,"$2,500,000","$6,401,336","$6,402,915"
"5,547","Jan 27, 1995",Before Sunrise,"$2,500,000","$5,274,005","$5,855,845"
"5,548","Apr 1, 2016",Hunt for the Wilderpeople,"$2,500,000","$5,205,471","$23,900,842"
"5,549","Aug 17, 2012",Robot & Frank,"$2,500,000","$3,317,468","$4,934,356"
"5,550","Jan 11, 2024",Hanu Man,"$2,500,000","$2,300,000","$9,038,053"
"5,551","Oct 3, 2003",Sur Le Seuil,"$2,500,000","$2,013,052","$2,013,052"
"5,552","Jun 16, 2000",Jesus' Son,"$2,500,000","$1,282,084","$1,687,548"
"5,553","May 27, 2005",Saving Face,"$2,500,000","$1,187,266","$1,269,705"
"5,554","Jun 20, 2008",Brick Lane,"$2,500,000","$1,094,998","$3,838,486"
"5,555","Dec 11, 2014",Timbuktu,"$2,500,000","$1,076,075","$6,815,821"
"5,556","Mar 1, 2013",The Lost Medallion: The Adventures of Billy Stone,"$2,500,000","$549,632","$549,632"
"5,557","Sep 26, 2003",My Life Without Me,"$2,500,000","$432,360","$12,267,275"
"5,558","Mar 31, 2006",Marilyn Hotchkiss' Ballroom Dancing and Charm S…,"$2,500,000","$349,132","$497,195"
"5,559","Apr 1, 2011",Super,"$2,500,000","$327,716","$593,933"
"5,560","Apr 12, 2019",Her Smell,"$2,500,000","$255,599","$306,217"
"5,561","Nov 14, 2008",Fuel,"$2,500,000","$174,255","$174,255"
"5,562","Apr 9, 2010",Valley of the Hearts Delight,"$2,500,000","$118,666","$118,666"
"5,563","Oct 31, 2008",The Other End of the Line,"$2,500,000","$115,504","$507,446"
"5,564","Jun 18, 2010",8: The Mormon Proposition,"$2,500,000","$100,280","$100,280"
"5,565","Apr 17, 2009",Sleep Dealer,"$2,500,000","$80,136","$108,907"
"5,566","Aug 24, 2007",Eye of the Dolphin,"$2,500,000","$72,210","$72,260"
"5,567","Aug 16, 2013",Underdogs,"$2,500,000","$35,017","$1,392,649"
"5,568","Sep 8, 2000",Anatomie,"$2,500,000","$9,598","$9,598"
"5,569","Nov 13, 2020",Echo Boomers,"$2,500,000",$0,"$2,003,433"
"5,570","Oct 1, 2020",Saint Maud,"$2,500,000",$0,"$1,640,824"
"5,571",Unknown,The Calling,"$2,500,000",$0,$0
"5,572","Jun 21, 2013",Alien Uprising,"$2,500,000",$0,$0
"5,573",Unknown,Christmas Mail,"$2,500,000",$0,$0
"5,574","Jul 3, 2015",Stung,"$2,500,000",$0,$0
"5,575","Sep 1, 2017",Sky Sharks,"$2,500,000",$0,$0
"5,576","Oct 13, 2015",8 Days,"$2,500,000",$0,$0
"5,577","Sep 2, 2016",Antibirth,"$2,500,000",$0,$0
"5,578","Feb 2, 2016",The Rise of the Krays,"$2,500,000",$0,$0
"5,579","May 9, 2020",Not Safe For Work,"$2,500,000",$0,$0
"5,580","Feb 5, 2021",Malcolm & Marie,"$2,500,000",$0,$0
"5,581","May 13, 2011",Go For It!,"$2,450,000","$180,237","$182,358"
"5,582","Sep 8, 2023",My Animal,"$2,440,000",$0,$0
"5,583","Oct 16, 1996",Get on the Bus,"$2,400,000","$5,691,854","$5,691,854"
"5,584","Jan 5, 2007",Thr3e,"$2,400,000","$1,008,849","$1,420,418"
"5,585","Sep 1, 2006",Idiocracy,"$2,400,000","$444,093","$500,296"
"5,586","Aug 15, 2014",Life After Beth,"$2,400,000","$80,315","$334,491"
"5,587",Unknown,Nikté,"$2,400,000",$0,"$1,333,891"
"5,588","Oct 12, 2018",The Kindergarten Teacher,"$2,400,000",$0,"$552,188"
"5,589","Nov 14, 2014",Always Woodstock,"$2,400,000",$0,$0
"5,590","Jul 25, 2007",This is England,"$2,380,000","$327,919","$8,739,576"
"5,591","Jun 27, 1944",Bathing Beauty,"$2,361,000","$3,500,000","$3,500,000"
"5,592","Mar 20, 2015",Do You Believe?,"$2,300,000","$12,985,600","$14,628,921"
"5,593","Jul 17, 1951",Show Boat,"$2,300,000","$11,000,000","$11,000,000"
"5,594","May 14, 2021",Profile,"$2,300,000","$1,744,740","$1,883,256"
"5,595","May 1, 1998","Dancer, Texas Pop. 81","$2,300,000","$574,838","$574,838"
"5,596","Oct 29, 2021",A Mouthful of Air,"$2,300,000","$269,435","$269,435"
"5,597","Sep 5, 2014",Frontera,"$2,300,000","$59,696","$59,696"
"5,598","Aug 26, 2011",Redemption Road,"$2,300,000","$29,384","$29,384"
"5,599","Feb 24, 1989",The Toxic Avenger Part II,"$2,300,000","$28,950","$28,950"
"5,600","Jan 19, 2016",Eden,"$2,300,000",$0,$0
"5,601","Jun 19, 1987",The Brave Little Toaster,"$2,300,000",$0,$0
"5,602","Feb 9, 1940",Pinocchio,"$2,289,247","$84,300,000","$84,300,000"
"5,603","Nov 13, 1940",Fantasia,"$2,280,000","$83,320,000","$83,320,832"
"5,604","Aug 13, 1982",Friday the 13th Part 3,"$2,250,000","$36,690,067","$36,690,067"
"5,605","Oct 9, 1971",The French Connection,"$2,200,000","$41,158,757","$41,162,088"
"5,606","Mar 22, 1985",Friday the 13th Part V: A New Beginning,"$2,200,000","$21,930,418","$21,930,418"
"5,607","Feb 9, 2007",The Last Sin Eater,"$2,200,000","$388,390","$388,390"
"5,608",Unknown,Louise-Michel,"$2,200,000",$0,"$5,482,242"
"5,609","Nov 16, 2018",Dead in a Week: or Your Money Back,"$2,200,000",$0,"$789,088"
"5,610",Unknown,Impact Point,"$2,200,000",$0,$0
"5,611","May 3, 1945",The Valley of Decision,"$2,160,000","$9,132,000","$9,132,000"
"5,612",Unknown,Chicken Tikka Masala,"$2,160,000",$0,"$37,865"
"5,613","Oct 7, 2008",Jack Brooks: Monster Slayer,"$2,150,000",$0,$0
"5,614","Nov 21, 1946",The Best Years of Our Lives,"$2,100,000","$23,600,000","$23,600,000"
"5,615","Jul 13, 2001",Bully,"$2,100,000","$881,824","$1,381,824"
"5,616","May 29, 2002",Elling,"$2,100,000","$313,436","$399,037"
"5,617","Oct 16, 2016",Mi America,"$2,100,000","$3,330","$3,330"
"5,618","Nov 23, 2007",[Rec],"$2,100,000",$0,"$23,266,821"
"5,619",Unknown,Infected,"$2,100,000",$0,$0
"5,620",Unknown,Lies in Plain Sight,"$2,100,000",$0,$0
"5,621","Oct 6, 2015",The Timber,"$2,100,000",$0,$0
"5,622","Jan 19, 2016",Sharkskin,"$2,100,000",$0,$0
"5,623","Oct 25, 2002",Jackass: The Movie,"$2,000,000","$64,282,312","$79,282,312"
"5,624","Oct 9, 2024",Terrifier 3,"$2,000,000","$53,981,071","$76,336,492"
"5,625","Sep 30, 2011",Courageous,"$2,000,000","$35,017,223","$35,680,886"
"5,626","Apr 8, 1964",From Russia With Love,"$2,000,000","$24,800,000","$78,900,000"
"5,627","Aug 15, 1946",Notorious,"$2,000,000","$24,464,742","$24,495,681"
"5,628","Aug 2, 1967",In the Heat of the Night,"$2,000,000","$24,379,978","$24,407,647"
"5,629","Dec 24, 1981",Mad Max 2: The Road Warrior,"$2,000,000","$23,667,907","$23,668,859"
"5,630","Dec 17, 1973",Sleeper,"$2,000,000","$18,344,729","$18,344,866"
"5,631","Aug 11, 1972",Everything You Always Wanted to Know,"$2,000,000","$18,016,290","$18,016,290"
"5,632","Feb 6, 2015",It Follows,"$2,000,000","$14,674,077","$23,236,296"
"5,633","Jul 13, 2018",Eighth Grade,"$2,000,000","$13,539,710","$14,348,020"
"5,634","Dec 25, 1962",To Kill A Mockingbird,"$2,000,000","$13,129,846","$13,129,846"
"5,635","Mar 9, 2012",Silent House,"$2,000,000","$12,739,737","$16,610,760"
"5,636","Oct 8, 1999",Boys Don't Cry,"$2,000,000","$11,540,607","$20,741,000"
"5,637","Feb 9, 2007",Das Leben der Anderen,"$2,000,000","$11,284,657","$81,197,047"
"5,638","Apr 7, 2016",Hardcore Henry,"$2,000,000","$9,252,038","$17,187,434"
"5,639","Jun 13, 1962",Lolita,"$2,000,000","$9,250,000","$9,250,000"
"5,640","Aug 30, 1940",Boom Town,"$2,000,000","$9,172,000","$9,172,000"
"5,641","Nov 11, 1947",Gentleman’s Agreement,"$2,000,000","$7,800,000","$7,800,000"
"5,642","Sep 25, 1961",The Hustler,"$2,000,000","$7,600,000","$7,600,738"
"5,643","Dec 31, 1986",Witchboard,"$2,000,000","$7,369,373","$7,369,373"
"5,644","Nov 26, 2003",Les Triplettes de Belleville,"$2,000,000","$7,301,288","$17,400,005"
"5,645","Jan 23, 2025",Presence,"$2,000,000","$6,900,045","$10,093,509"
"5,646","Jun 26, 1998",Smoke Signals,"$2,000,000","$6,719,300","$7,756,617"
"5,647","Jun 11, 2010",Winter’s Bone,"$2,000,000","$6,531,503","$16,131,551"
"5,648","Oct 10, 2014",Meet the Mormons,"$2,000,000","$6,047,363","$6,049,171"
"5,649","Aug 15, 2003",American Splendor,"$2,000,000","$6,003,587","$8,685,632"
"5,650","Oct 6, 2017",The Florida Project,"$2,000,000","$5,904,366","$11,275,645"
"5,651","Aug 23, 2017",All Saints,"$2,000,000","$5,802,208","$5,946,780"
"5,652","Jul 2, 2004",Before Sunset,"$2,000,000","$5,792,822","$11,217,346"
"5,653","Mar 30, 2001",Amores Perros,"$2,000,000","$5,383,834","$20,883,834"
"5,654","Dec 20, 2012",The Company You Keep,"$2,000,000","$5,132,442","$21,087,760"
"5,655","Aug 20, 2003",Thirteen,"$2,000,000","$4,601,043","$9,505,996"
"5,656","Dec 12, 2003",Touching the Void,"$2,000,000","$4,593,598","$15,396,525"
"5,657","Oct 8, 2010",Inside Job,"$2,000,000","$4,311,834","$7,799,257"
"5,658","May 24, 1938",Alexander's Ragtime Band,"$2,000,000","$4,000,000","$4,000,000"
"5,659","Jun 17, 2005",Me and You and Everyone We Know,"$2,000,000","$3,885,134","$9,615,464"
"5,660","Aug 26, 2015",We Are Your Friends,"$2,000,000","$3,591,417","$10,153,415"
"5,661","Nov 10, 2006",Harsh Times,"$2,000,000","$3,337,931","$6,225,304"
"5,662","Mar 3, 2000",Ghost Dog: The Way of the Samurai,"$2,000,000","$3,330,230","$10,672,492"
"5,663","Dec 11, 2020",Minari,"$2,000,000","$2,964,816","$15,474,659"
"5,664","Sep 17, 2015",Captive,"$2,000,000","$2,583,301","$2,791,973"
"5,665","Aug 2, 2002",Full Frontal,"$2,000,000","$2,512,846","$3,438,804"
"5,666","Jun 8, 2018",Hearts Beat Loud,"$2,000,000","$2,386,254","$2,469,510"
"5,667","Jan 20, 2017",The Resurrection of Gavin Stone,"$2,000,000","$2,303,792","$2,303,792"
"5,668","Dec 25, 2008",Waltz with Bashir,"$2,000,000","$2,283,849","$13,912,289"
"5,669","Jun 28, 2006",Strangers with Candy,"$2,000,000","$2,072,645","$2,077,844"
"5,670","Mar 1, 1992",Night on Earth,"$2,000,000","$2,015,000","$2,063,656"
"5,671","Jan 29, 1993",Nemesis,"$2,000,000","$2,001,124","$2,001,124"
"5,672","Oct 4, 2006",Shortbus,"$2,000,000","$1,997,497","$1,997,497"
"5,673","May 2, 2008",Son of Rambow: A Home Movie,"$2,000,000","$1,785,505","$11,263,263"
"5,674","Sep 12, 2003","The Book of Mormon Movie, Volume 1: The Journey","$2,000,000","$1,660,865","$1,660,865"
"5,675","May 12, 2000",Hamlet,"$2,000,000","$1,577,287","$2,419,669"
"5,676","Aug 7, 2015",The Diary of a Teenage Girl,"$2,000,000","$1,477,002","$2,279,959"
"5,677","Jul 27, 2007",No End In Sight,"$2,000,000","$1,433,319","$1,433,319"
"5,678","Apr 25, 2014",Locke,"$2,000,000","$1,370,646","$2,189,800"
"5,679","Apr 30, 1999",Get Real,"$2,000,000","$1,152,411","$1,152,411"
"5,680","Sep 7, 2007",In the Shadow of the Moon,"$2,000,000","$1,134,358","$2,175,587"
"5,681","Apr 8, 2011",Meek's Cutoff,"$2,000,000","$977,772","$1,869,928"
"5,682","May 23, 2014",The Babadook,"$2,000,000","$950,792","$7,482,387"
"5,683","Mar 23, 2007",Sharkwater,"$2,000,000","$850,920","$1,720,833"
"5,684","Feb 11, 2005",Inside Deep Throat,"$2,000,000","$691,880","$691,880"
"5,685","Sep 28, 2001",Dinner Rush,"$2,000,000","$638,227","$1,075,504"
"5,686","Sep 24, 2010",The Virginity Hit,"$2,000,000","$636,706","$636,706"
"5,687","May 15, 1998",Clockwatchers,"$2,000,000","$537,948","$539,961"
"5,688","Aug 23, 2019",Monos,"$2,000,000","$406,473","$2,013,217"
"5,689","Nov 6, 1985",Subway,"$2,000,000","$390,659","$1,663,296"
"5,690","Apr 15, 2005",House of D,"$2,000,000","$388,532","$466,106"
"5,691","Jan 18, 2008",Teeth,"$2,000,000","$347,578","$2,350,641"
"5,692","Jul 26, 1996",Stonewall,"$2,000,000","$304,602","$304,602"
"5,693","Sep 8, 2006",Sherrybaby,"$2,000,000","$199,176","$759,504"
"5,694","Feb 13, 2015",The Last Five Years,"$2,000,000","$147,299","$205,298"
"5,695","Sep 18, 1998",Six-String Samurai,"$2,000,000","$134,624","$134,624"
"5,696","May 26, 2000",Hum to Mohabbt Karega,"$2,000,000","$121,807","$121,807"
"5,697","Apr 15, 2005",It's All Gone Pete Tong,"$2,000,000","$120,620","$2,226,603"
"5,698","Jan 29, 2010",Saint John of Las Vegas,"$2,000,000","$102,645","$102,645"
"5,699","Sep 19, 2014",Pump,"$2,000,000","$89,787","$89,787"
"5,700","Apr 15, 1998",24 7: Twenty Four Seven,"$2,000,000","$72,544","$72,544"
"5,701","Oct 24, 2008",Roadside Romeo,"$2,000,000","$55,202","$2,046,090"
"5,702","May 4, 2001",Eureka,"$2,000,000","$49,388","$76,654"
"5,703","Apr 7, 2015",Lost River,"$2,000,000","$45,431","$2,009,644"
"5,704","Jul 18, 2003",This Thing of Ours,"$2,000,000","$37,227","$37,227"
"5,705","Jun 26, 2015",Knock Knock,"$2,000,000","$36,336","$6,328,516"
"5,706","Feb 3, 2017",Growing up Smith,"$2,000,000","$35,312","$35,312"
"5,707","Mar 20, 2009",Super Capers,"$2,000,000","$30,955","$30,955"
"5,708","May 6, 2016",Being Charlie,"$2,000,000","$30,400","$32,964"
"5,709","Oct 19, 2012",The First Time,"$2,000,000","$22,836","$22,836"
"5,710",1993,Return of the Living Dead 3,"$2,000,000","$21,000","$21,000"
"5,711","Nov 20, 2009",The Missing Person,"$2,000,000","$17,896","$17,896"
"5,712","Feb 10, 2006",London,"$2,000,000","$12,667","$12,667"
"5,713","Aug 27, 2010",Circle,"$2,000,000","$10,024","$10,024"
"5,714","Oct 31, 2008",Eden Lake,"$2,000,000","$7,321","$4,294,373"
"5,715","Jun 11, 2010",Jerusalema,"$2,000,000","$7,294","$10,679"
"5,716","Jun 23, 2006",Say Uncle,"$2,000,000","$5,361","$5,361"
"5,717","Sep 13, 2013",Plush,"$2,000,000","$3,080","$28,864"
"5,718","Oct 26, 2012",The Ghastly Love of Johnny X,"$2,000,000","$2,436","$2,436"
"5,719","Dec 29, 2009",Lesbian Vampire Killers,"$2,000,000",$0,"$3,620,902"
"5,720","Oct 23, 2015",Bone Tomahawk,"$2,000,000",$0,"$475,846"
"5,721","Dec 10, 2004",Freeze Frame,"$2,000,000",$0,"$105,377"
"5,722","Oct 26, 2012",Stitches,"$2,000,000",$0,"$63,555"
"5,723","Dec 11, 2015","To Be Frank, Sinatra at 100","$2,000,000",$0,$926
"5,724","Mar 20, 2015",The Walking Deceased,"$2,000,000",$0,$43
"5,725","Apr 28, 1971",Bananas,"$2,000,000",$0,$0
"5,726",Unknown,Nine Dead,"$2,000,000",$0,$0
"5,727","Oct 14, 2008",No Man's Land: The Rise of Reeker,"$2,000,000",$0,$0
"5,728","Jul 7, 2007",Rockaway,"$2,000,000",$0,$0
"5,729","Aug 12, 1927",Wings,"$2,000,000",$0,$0
"5,730","Dec 24, 1947",The Lady from Shanghai,"$2,000,000",$0,$0
"5,731","Mar 19, 2013",Straight A's,"$2,000,000",$0,$0
"5,732","Mar 30, 2012",The Legend of Hell’s Gate: An American Conspira…,"$2,000,000",$0,$0
"5,733",Unknown,Highway,"$2,000,000",$0,$0
"5,734","Feb 8, 2013",Small Apartments,"$2,000,000",$0,$0
"5,735","Jul 9, 2013",Coffee Town,"$2,000,000",$0,$0
"5,736","Oct 13, 2015",Lucky Dog,"$2,000,000",$0,$0
"5,737",Unknown,Pendulum,"$2,000,000",$0,$0
"5,738","Oct 16, 1966",A Funny Thing Happened on the Way to the Forum,"$2,000,000",$0,$0
"5,739","Sep 23, 2008",Slacker Uprising,"$2,000,000",$0,$0
"5,740",Unknown,True Bromance,"$2,000,000",$0,$0
"5,741","Aug 21, 2015",The Curse of Downers Grove,"$2,000,000",$0,$0
"5,742","Oct 16, 2015",Wind Walkers,"$2,000,000",$0,$0
"5,743","Jul 5, 2016",The Dog Lover,"$2,000,000",$0,$0
"5,744","Dec 1, 2015",Shark Lake,"$2,000,000",$0,$0
"5,745","Nov 4, 2016",Stagecoach: The Texas Jack Story,"$2,000,000",$0,$0
"5,746","Feb 8, 2019",High Flying Bird,"$2,000,000",$0,$0
"5,747","May 30, 2006",Miracle at Sage Creek,"$2,000,000",$0,$0
"5,748","Jul 15, 2016",Rebirth,"$2,000,000",$0,$0
"5,749","Jan 21, 2022",Donkeyhead,"$2,000,000",$0,$0
"5,750","Nov 14, 1980",Alligator,"$2,000,000",$0,$0
"5,751","Sep 24, 2010",Buried,"$1,987,650","$1,044,143","$21,270,290"
"5,752","Apr 21, 2015",The Marine 4,"$1,950,000",$0,$0
"5,753","Feb 8, 1976",Taxi Driver,"$1,900,000","$28,262,574","$28,507,510"
"5,754","May 8, 1987",River's Edge,"$1,900,000","$4,600,000","$4,600,000"
"5,755","Jul 25, 2008",Man on Wire,"$1,900,000","$2,962,242","$5,617,067"
"5,756","Oct 8, 2010",Nowhere Boy,"$1,900,000","$1,445,366","$7,785,229"
"5,757","Jul 11, 2003",Northfork,"$1,900,000","$1,420,578","$1,445,140"
"5,758","Apr 24, 2015",Brotherly Love,"$1,900,000","$478,595","$478,595"
"5,759","Jun 3, 2011",Submarine,"$1,900,000","$467,602","$4,581,937"
"5,760","Apr 9, 2010",The Square,"$1,900,000","$406,216","$740,932"
"5,761","Feb 8, 2013",ABCD (Any Body Can Dance),"$1,900,000","$222,098","$10,137,234"
"5,762","Jun 29, 2007",Chacun sa nuit,"$1,900,000","$18,435","$139,317"
"5,763","Jul 26, 2013",Stranded,"$1,900,000",$0,"$285,593"
"5,764","Aug 14, 2015",Vaalu,"$1,900,000",$0,"$12,444"
"5,765","Jul 15, 2016",Closet Monster,"$1,850,000","$42,166","$99,748"
"5,766","Aug 27, 2010",The Last Exorcism,"$1,800,000","$41,034,350","$70,165,900"
"5,767","Nov 16, 1976",Carrie,"$1,800,000","$25,878,153","$25,944,555"
"5,768","Nov 9, 1984",A Nightmare on Elm Street,"$1,800,000","$25,804,893","$27,944,525"
"5,769","Jun 27, 2012",Beasts of the Southern Wild,"$1,800,000","$12,795,746","$23,265,132"
"5,770","Jan 29, 1964",Dr. Strangelove,"$1,800,000","$9,164,370","$9,261,253"
"5,771",1973,Battle for the Planet of the Apes,"$1,800,000","$8,800,000","$8,800,000"
"5,772","Sep 18, 1951",A Streetcar Named Desire,"$1,800,000","$8,000,000","$8,008,368"
"5,773","Aug 3, 1968",Hang 'em High,"$1,800,000","$6,800,000","$6,800,000"
"5,774","Nov 15, 2002",El crimen de padre Amaro,"$1,800,000","$5,719,000","$5,849,791"
"5,775","Jun 15, 2001",Songcatcher,"$1,800,000","$3,050,934","$3,050,934"
"5,776","Aug 23, 2011",Higher Ground,"$1,800,000","$841,056","$842,693"
"5,777","Apr 22, 2011",POM Wonderful Presents: The Greatest Movie Ever…,"$1,800,000","$638,476","$783,733"
"5,778","Jan 7, 2005",Travellers and Magicians,"$1,800,000","$506,793","$1,322,161"
"5,779",1993,Ed and his Dead Mother,"$1,800,000",$673,$673
"5,780",Unknown,Deadline,"$1,800,000",$0,$0
"5,781","Mar 13, 2007",Sublime,"$1,800,000",$0,$0
"5,782","Feb 3, 2012",Dysfunctional Friends,"$1,800,000",$0,$0
"5,783",Unknown,Independence Daysaster,"$1,800,000",$0,$0
"5,784","Mar 11, 2014",Against the Wild,"$1,800,000",$0,$0
"5,785","Oct 20, 2015",Beginner’s Guide to Sex,"$1,800,000",$0,$0
"5,786","Jan 4, 2023",Hamsterit,"$1,784,448",$0,"$699,804"
"5,787","Jan 31, 2020",The Assistant,"$1,780,000","$1,100,310","$1,700,529"
"5,788","Aug 20, 1998",Lola rennt,"$1,750,000","$8,077,539","$23,689,409"
"5,789","Feb 7, 2003",May,"$1,750,000","$145,540","$634,803"
"5,790","Oct 8, 2010",I Spit on Your Grave,"$1,750,000","$93,051","$1,278,471"
"5,791","Sep 27, 2018",Girl,"$1,750,000",$0,"$8,719,182"
"5,792","Apr 23, 2019",Living Dark: The Story of Ted the Caver,"$1,750,000",$0,$0
"5,793","Jan 13, 2023",Järjettömän paska idea,"$1,705,215",$0,"$213,089"
"5,794","Nov 23, 2001",In the Bedroom,"$1,700,000","$35,930,604","$42,137,871"
"5,795","Mar 19, 2008",La misma luna,"$1,700,000","$12,590,147","$23,271,741"
"5,796","Jun 30, 1972",Conquest of the Planet of the Apes,"$1,700,000","$9,700,000","$9,700,000"
"5,797","Feb 28, 2014",The Lunchbox,"$1,700,000","$4,231,500","$15,517,886"
"5,798","Oct 4, 2013",Grace Unplugged,"$1,700,000","$2,507,159","$2,507,159"
"5,799","Oct 1, 1999","Happy, Texas","$1,700,000","$2,039,192","$2,891,228"
"5,800","Jun 11, 2015",Saul fia,"$1,700,000","$1,777,043","$9,696,537"
"5,801","Jun 17, 2005",My Summer of Love,"$1,700,000","$1,000,915","$4,727,375"
"5,802","Jun 24, 2005",Yes,"$1,700,000","$396,035","$661,221"
"5,803","Jan 10, 2019",Braid,"$1,660,000",$0,"$80,745"
"5,804","Aug 5, 1953",From Here to Eternity,"$1,650,000","$30,500,000","$30,500,000"
"5,805","Sep 1, 1938",You Can't Take It With You,"$1,644,000","$4,000,000","$4,000,000"
"5,806","Dec 28, 2022",Kiljuset!,"$1,606,057",$0,"$1,029,483"
"5,807","Apr 9, 1999",Foolish,"$1,600,000","$6,026,908","$6,026,908"
"5,808","Jul 26, 1949",She Wore a Yellow Ribbon,"$1,600,000","$5,400,000","$5,400,000"
"5,809","Apr 7, 1974",The Conversation,"$1,600,000","$4,754,682","$4,806,693"
"5,810","Oct 15, 2010",N-Secure,"$1,600,000","$2,595,644","$2,595,644"
"5,811","Feb 1, 2008",Sukkar banat,"$1,600,000","$1,060,591","$14,253,760"
"5,812","May 5, 1989",Out of the Dark,"$1,600,000","$419,428","$419,428"
"5,813","Jan 27, 2006",Bubble,"$1,600,000","$145,382","$145,382"
"5,814","Sep 23, 2005",Dil Jo Bhi Kahey...,"$1,600,000","$129,319","$129,319"
"5,815","Jun 18, 1969",Mississippi Mermaid,"$1,600,000","$27,795","$2,627,795"
"5,816","Sep 26, 2014",Two Night Stand,"$1,600,000","$15,600","$868,081"
"5,817","May 11, 2012",You Instead,"$1,600,000","$4,321","$222,382"
"5,818","Nov 4, 2005",I Love Your Work,"$1,600,000","$3,264","$3,264"
"5,819","Jul 1, 2016",Intruders,"$1,587,000",$0,"$8,019"
"5,820","Aug 5, 1955",The King’s Thief,"$1,577,000",$0,$0
"5,821","Apr 1, 2011",Insidious,"$1,500,000","$54,009,150","$99,870,886"
"5,822","Oct 21, 2016",Moonlight,"$1,500,000","$27,854,931","$64,895,106"
"5,823","Sep 12, 2003",Cabin Fever,"$1,500,000","$21,158,188","$30,351,664"
"5,824","May 2, 2007",Waitress,"$1,500,000","$19,097,550","$22,217,183"
"5,825","Sep 8, 1989",Kickboxer,"$1,500,000","$14,533,681","$14,533,681"
"5,826","Feb 26, 1988",Bloodsport,"$1,500,000","$11,806,119","$11,806,119"
"5,827","Oct 17, 1939",Mr. Smith Goes To Washington,"$1,500,000","$9,000,000","$9,000,000"
"5,828","Mar 22, 2018",Unsane,"$1,500,000","$7,690,044","$14,296,709"
"5,829","Jul 21, 1995",Kids,"$1,500,000","$7,412,216","$20,412,216"
"5,830","Oct 5, 2005",The Squid and the Whale,"$1,500,000","$7,372,734","$11,191,423"
"5,831","Mar 13, 2002",Kissing Jessica Stein,"$1,500,000","$7,025,722","$9,345,061"
"5,832","Oct 31, 1945",Spellbound,"$1,500,000","$7,000,000","$7,000,000"
"5,833","Feb 22, 2019",Run the Race,"$1,500,000","$6,424,420","$6,424,420"
"5,834","Apr 20, 1979",Dawn of the Dead,"$1,500,000","$5,100,000","$55,000,000"
"5,835","Sep 23, 1994",Exotica,"$1,500,000","$5,046,118","$5,046,118"
"5,836","Jul 26, 2013",The To Do List,"$1,500,000","$3,491,669","$4,128,828"
"5,837","Feb 1, 2013",The Gatekeepers,"$1,500,000","$2,408,553","$2,592,308"
"5,838","Jun 26, 1998",Buffalo '66,"$1,500,000","$2,380,606","$2,381,227"
"5,839","Mar 2, 1984",Repo Man,"$1,500,000","$2,300,000","$2,301,017"
"5,840","Oct 21, 2016",I’m Not Ashamed,"$1,500,000","$2,082,980","$2,082,980"
"5,841","Jan 18, 1985",Blood Simple,"$1,500,000","$1,690,913","$2,730,877"
"5,842","Aug 31, 2000",Nueve Reinas,"$1,500,000","$1,222,889","$12,412,889"
"5,843","Apr 19, 2013",The Lords of Salem,"$1,500,000","$1,165,881","$1,541,131"
"5,844","Sep 16, 2016",31,"$1,500,000","$779,820","$922,727"
"5,845","Mar 25, 2005",The Ballad of Jack and Rose,"$1,500,000","$712,294","$1,126,258"
"5,846","Apr 22, 2016",Unsullied,"$1,500,000","$510,957","$510,957"
"5,847","Aug 31, 1994",Killing Zoe,"$1,500,000","$418,953","$418,953"
"5,848","May 17, 2002",The Believer,"$1,500,000","$406,035","$1,840,248"
"5,849","Mar 7, 2008",Snow Angels,"$1,500,000","$402,858","$414,404"
"5,850","Aug 10, 2001",Session 9,"$1,500,000","$378,176","$1,703,434"
"5,851","Feb 11, 2011",MOOZ-lum,"$1,500,000","$362,239","$372,239"
"5,852","Sep 5, 2007",I Want Someone To Eat Cheese With,"$1,500,000","$194,568","$194,568"
"5,853","Aug 19, 2011",Amigo,"$1,500,000","$184,705","$184,705"
"5,854","Sep 7, 2007",Hatchet,"$1,500,000","$175,281","$240,396"
"5,855","Oct 31, 2008",My Name is Bruce,"$1,500,000","$173,066","$173,066"
"5,856","Aug 6, 2010",The Disappearance of Alice Creed,"$1,500,000","$166,980","$1,605,139"
"5,857","Feb 5, 1936",Modern Times,"$1,500,000","$163,245","$225,837"
"5,858","May 11, 2007",The Salon,"$1,500,000","$139,084","$139,084"
"5,859","Oct 25, 2013",The Square,"$1,500,000","$124,244","$176,262"
"5,860","Mar 22, 2002",Stolen Summer,"$1,500,000","$119,841","$119,841"
"5,861","Mar 6, 2015",Road Hard,"$1,500,000","$113,169","$113,169"
"5,862","Sep 28, 2005",Forty Shades of Blue,"$1,500,000","$75,828","$172,569"
"5,863","Oct 9, 2009",Trucker,"$1,500,000","$52,429","$52,429"
"5,864","May 29, 2009",Pontypool,"$1,500,000","$3,865","$31,916"
"5,865","Sep 28, 2015","Me, You and Five Bucks","$1,500,000","$2,105","$2,105"
"5,866","Mar 16, 2012",Playback,"$1,500,000",$264,"$54,945"
"5,867","Oct 17, 2014",Housebound,"$1,500,000",$0,"$236,863"
"5,868","Jul 20, 2018",Teefa in Trouble,"$1,500,000",$0,"$98,806"
"5,869","Nov 4, 2005",Wal-Mart: The High Cost of Low Price,"$1,500,000",$0,"$58,692"
"5,870","Apr 17, 2014",Closer to the Moon,"$1,500,000",$0,"$5,396"
"5,871","Mar 17, 2006",Fetching Cody,"$1,500,000",$0,$0
"5,872","Jun 3, 2011",The Lion of Judah,"$1,500,000",$0,$0
"5,873","Nov 11, 2014",Once Upon a Time in Queens,"$1,500,000",$0,$0
"5,874","Feb 13, 2015",Girlhouse,"$1,500,000",$0,$0
"5,875","May 26, 2015",Mutant World,"$1,500,000",$0,$0
"5,876","Nov 20, 2015",#Horror,"$1,500,000",$0,$0
"5,877","Sep 8, 2015",Checkmate,"$1,500,000",$0,$0
"5,878","Feb 24, 2017",I Don’t Feel at Home in this World Anymore,"$1,500,000",$0,$0
"5,879","Dec 21, 1937",Snow White and the Seven Dwarfs,"$1,488,000","$184,925,486","$187,171,725"
"5,880",1968,Shalako,"$1,455,000","$2,620,000","$2,620,000"
"5,881","Oct 15, 2021",Vuosisadan häät,"$1,450,175",$0,"$144,664"
"5,882","Feb 12, 2016",El abrazo de la serpiente,"$1,400,000","$1,329,249","$4,787,818"
"5,883","Oct 4, 2018",Werk ohne Autor,"$1,400,000","$1,303,747","$9,046,944"
"5,884","Jun 19, 2015",Mustang,"$1,400,000","$845,464","$5,552,584"
"5,885","Apr 29, 2005",The Holy Girl,"$1,400,000","$304,124","$1,261,792"
"5,886","Jun 25, 2014",La chambre bleue,"$1,400,000","$260,441","$1,945,420"
"5,887","Sep 17, 2004",Incident at Loch Ness,"$1,400,000","$36,830","$56,073"
"5,888","Apr 5, 2013",Eddie: The Sleepwalking Cannibal,"$1,400,000","$1,632","$1,632"
"5,889","May 1, 2010",My Girlfriend's Boyfriend,"$1,400,000",$0,$0
"5,890",Unknown,Kurmanjan datka,"$1,400,000",$0,$0
"5,891",Unknown,House at the End of the Drive,"$1,400,000",$0,$0
"5,892","Jul 6, 1966",Batman: The Movie,"$1,377,800",$0,$0
"5,893","Mar 5, 1999","Lock, Stock and Two Smoking Barrels","$1,350,000","$3,897,569","$28,356,188"
"5,894","Aug 19, 1983",The Ballad of Gregorio Cortez,"$1,305,000","$909,000","$909,000"
"5,895","Jun 26, 1936",San Francisco,"$1,300,000","$2,868,000","$5,273,000"
"5,896","Oct 9, 1998",Festen,"$1,300,000","$1,647,780","$1,649,337"
"5,897","Oct 11, 1996",Trees Lounge,"$1,300,000","$749,741","$749,741"
"5,898","May 22, 2009",The Girlfriend Experience,"$1,300,000","$695,840","$1,005,840"
"5,899","Mar 23, 2007",Journey from the Fall,"$1,300,000","$635,305","$635,305"
"5,900","May 5, 2000",The Basket,"$1,300,000","$609,042","$609,042"
"5,901","Jan 30, 2015",Above and Beyond,"$1,300,000","$288,751","$288,751"
"5,902","Mar 15, 1985",Def-Con 4,"$1,300,000","$210,904","$210,904"
"5,903","Oct 11, 2019",Corpus Christi,"$1,300,000","$127,240","$10,951,283"
"5,904","Dec 9, 2005",Neal n' Nikki,"$1,300,000","$100,358","$329,621"
"5,905","Dec 19, 2003",The Hebrew Hammer,"$1,300,000","$77,755","$90,213"
"5,906","Jun 13, 2014",Los insolitos peces gato,"$1,300,000","$11,278","$54,665"
"5,907","Apr 7, 2006",Simon,"$1,300,000","$4,055","$1,738,663"
"5,908","Jan 27, 2017",Sztuka kochania. Historia Michaliny Wislockiej,"$1,300,000",$0,"$9,261,982"
"5,909","Aug 22, 2014",The Possession of Michael King,"$1,300,000",$0,"$2,736,371"
"5,910","May 24, 2011",Forget Me Not,"$1,300,000",$0,"$13,465"
"5,911","Jun 8, 2010",The 41-Year-Old Virgin Who Knocked Up Sarah Mar…,"$1,300,000",$0,$0
"5,912","Jun 26, 2015",The Algerian,"$1,300,000",$0,$0
"5,913","Mar 21, 1940",Rebecca,"$1,288,000","$6,000,000","$6,002,370"
"5,914","Aug 25, 2017",God’s Own Country,"$1,260,000","$338,027","$3,822,788"
"5,915","Apr 30, 1981",Friday the 13th Part 2,"$1,250,000","$21,722,776","$21,722,776"
"5,916","Nov 29, 1945",The Lost Weekend,"$1,250,000","$11,000,000","$11,000,132"
"5,917","Aug 31, 1984",C.H.U.D.,"$1,250,000","$4,700,000","$4,700,000"
"5,918","Oct 17, 2014",Dear White People,"$1,250,000","$4,404,154","$5,403,771"
"5,919","Apr 19, 2013",Filly Brown,"$1,250,000","$2,850,357","$2,940,411"
"5,920","Jan 21, 1953",Niagara,"$1,250,000","$2,500,000","$2,500,000"
"5,921","Aug 19, 2016",Bodom,"$1,250,000",$0,"$726,460"
"5,922","Oct 28, 1941",How Green Was My Valley,"$1,250,000",$0,$382
"5,923","Jan 13, 2015",Da Sweet Blood of Jesus,"$1,250,000",$0,$0
"5,924","Jan 13, 2023",Pertsa & Kilu 2,"$1,227,229",$0,"$752,464"
"5,925","Sep 26, 1975",The Rocky Horror Picture Show,"$1,200,000","$114,429,919","$115,619,948"
"5,926","Oct 29, 2004",Saw,"$1,200,000","$55,968,727","$103,880,027"
"5,927","Aug 4, 1989","Sex, Lies, and Videotape","$1,200,000","$24,741,667","$36,741,667"
"5,928","Feb 15, 2002",Super Troopers,"$1,200,000","$18,492,362","$23,182,223"
"5,929","Feb 22, 2002",Monsoon Wedding,"$1,200,000","$13,876,974","$27,025,600"
"5,930","Nov 10, 2000",You Can Count on Me,"$1,200,000","$9,180,275","$10,827,356"
"5,931","Jul 3, 1951",Strangers on a Train,"$1,200,000","$7,000,000","$7,022,657"
"5,932","Oct 3, 1955",The Trouble with Harry,"$1,200,000","$7,000,000","$7,000,000"
"5,933","Dec 29, 1967","Il buono, il brutto, il cattivo","$1,200,000","$6,100,000","$6,103,885"
"5,934","Sep 18, 1951",The Day the Earth Stood Still,"$1,200,000","$3,700,000","$3,700,000"
"5,935","Apr 19, 2013",Home Run,"$1,200,000","$2,859,955","$2,859,955"
"5,936","Oct 9, 1992",Reservoir Dogs,"$1,200,000","$2,832,029","$2,991,484"
"5,937","Jul 7, 2000",But I'm a Cheerleader,"$1,200,000","$2,205,627","$2,509,344"
"5,938","Dec 23, 1956",The Wrong Man,"$1,200,000","$2,000,000","$2,000,055"
"5,939",1976,The Blue Bird,"$1,200,000","$887,000","$887,000"
"5,940","Apr 13, 2012",Blue Like Jazz,"$1,200,000","$595,018","$595,018"
"5,941","Jun 4, 2015",Que Horas Ela Volta?,"$1,200,000","$376,976","$3,249,041"
"5,942","Nov 19, 1982",Q,"$1,200,000","$255,000","$255,000"
"5,943","Mar 21, 2003",Down & Out with the Dolls,"$1,200,000","$58,936","$58,936"
"5,944","Jun 1, 2012","Pink Ribbons, Inc.","$1,200,000","$26,608","$26,608"
"5,945","Feb 6, 2018",Blood Feast,"$1,200,000","$8,708","$8,708"
"5,946","Feb 11, 2011",Certifiably Jonathan,"$1,200,000","$7,826","$7,826"
"5,947","Sep 18, 2015",La navaja de Don Juan,"$1,200,000","$4,254","$4,254"
"5,948","Sep 30, 2016",Ostatnia Rodzina,"$1,200,000",$0,"$2,683,618"
"5,949","Feb 24, 2009",Extreme Movie,"$1,200,000",$0,"$81,338"
"5,950","Oct 20, 1936",The Charge of the Light Brigade,"$1,200,000",$0,$0
"5,951","Jun 18, 2004",Grand Theft Parsons,"$1,200,000",$0,$0
"5,952","Aug 28, 2012",Below Zero,"$1,200,000",$0,$0
"5,953","Sep 7, 2012",Crowsnest,"$1,200,000",$0,$0
"5,954","Sep 14, 2012",Airborne,"$1,200,000",$0,$0
"5,955","Mar 19, 2013",Strange Frame,"$1,200,000",$0,$0
"5,956","May 27, 1970",Cotton Comes to Harlem,"$1,200,000",$0,$0
"5,957","Feb 3, 2015",Bleeding Hearts,"$1,200,000",$0,$0
"5,958",Unknown,The Wicked Within,"$1,200,000",$0,$0
"5,959","Dec 6, 2019",The Islands,"$1,200,000",$0,$0
"5,960","Mar 21, 2014",God’s Not Dead,"$1,150,000","$60,755,732","$63,777,092"
"5,961","Oct 7, 2005",Waiting...,"$1,125,000","$16,124,543","$18,673,274"
"5,962","May 12, 2006",Dead Man's Shoes,"$1,125,000","$6,408","$414,736"
"5,963","Feb 1, 1980",The Fog,"$1,100,000","$21,445,318","$21,445,868"
"5,964","Nov 3, 2005",Wolf Creek,"$1,100,000","$16,186,348","$29,005,064"
"5,965","Feb 11, 2005",Ong-Bak,"$1,100,000","$4,563,167","$24,051,852"
"5,966","Mar 22, 2012",Serbuan maut,"$1,100,000","$4,105,123","$9,297,407"
"5,967","Sep 26, 1986",Down by Law,"$1,100,000","$1,436,000","$1,436,000"
"5,968","Sep 4, 1987",The Offspring,"$1,100,000","$1,355,728","$1,355,728"
"5,969","Feb 22, 2002",Sex with Strangers,"$1,100,000","$247,740","$247,740"
"5,970","Jun 23, 2017",Estiu 1993,"$1,100,000","$185,903","$2,751,844"
"5,971","Jun 24, 2020",Summerland,"$1,100,000","$58,434","$1,414,596"
"5,972","May 18, 2012",Beyond the Black Rainbow,"$1,100,000","$56,491","$56,491"
"5,973","May 14, 2003",Dracula: Pages from a Virgin's Diary,"$1,100,000","$39,659","$81,371"
"5,974","Nov 21, 2014",The Sleepwalker (2014),"$1,100,000","$2,636","$53,240"
"5,975","May 20, 2016",Departure,"$1,100,000",$0,"$27,561"
"5,976","Mar 10, 1972",Silent Running,"$1,100,000",$0,$331
"5,977","Apr 7, 2009",Faith Like Potatoes,"$1,100,000",$0,$0
"5,978","Mar 23, 2010",Lake Mungo,"$1,100,000",$0,$0
"5,979",Unknown,The Dead Undead,"$1,100,000",$0,$0
"5,980",Unknown,The Vatican Exorcisms,"$1,100,000",$0,$0
"5,981","Dec 11, 2009",Rocket Singh: Salesman of the Year,"$1,070,000","$164,649","$5,348,767"
"5,982","May 17, 1942",Casablanca,"$1,039,000","$10,805,992","$10,911,884"
"5,983","Nov 21, 1976",Rocky,"$1,000,000","$117,235,147","$225,000,000"
"5,984","Jan 6, 2012",The Devil Inside,"$1,000,000","$53,262,945","$101,759,490"
"5,985","Oct 7, 1963",Tom Jones,"$1,000,000","$37,600,000","$37,600,000"
"5,986","Apr 17, 2015",Unfriended,"$1,000,000","$32,789,645","$64,364,198"
"5,987","May 24, 2006",An Inconvenient Truth,"$1,000,000","$24,146,161","$53,365,925"
"5,988","Aug 23, 2013",You're Next,"$1,000,000","$18,494,006","$26,887,177"
"5,989","May 24, 2012",Chernobyl Diaries,"$1,000,000","$18,119,640","$42,411,721"
"5,990","Apr 10, 1981",The Howling,"$1,000,000","$17,985,000","$17,985,130"
"5,991","May 8, 1963",Dr. No,"$1,000,000","$16,067,035","$59,566,680"
"5,992","Sep 11, 1987",Hellraiser,"$1,000,000","$14,564,000","$14,575,148"
"5,993","Mar 11, 2016","Hello, My Name is Doris","$1,000,000","$14,444,999","$14,662,703"
"5,994","Mar 17, 2022",X,"$1,000,000","$11,769,469","$15,113,105"
"5,995","Sep 16, 2005",Cry Wolf,"$1,000,000","$10,047,674","$15,943,081"
"5,996","Aug 18, 2000",Godzilla 2000,"$1,000,000","$10,037,390","$10,037,390"
"5,997","Dec 29, 2010",Blue Valentine,"$1,000,000","$9,737,892","$16,566,240"
"5,998","Jan 20, 2006",Transamerica,"$1,000,000","$9,015,303","$16,553,163"
"5,999","Jun 17, 1970",Beyond the Valley of the Dolls,"$1,000,000","$9,000,000","$9,000,000"
"6,000","Nov 15, 1956",Love Me Tender,"$1,000,000","$9,000,000","$9,000,000"
