title,critic_score,audience_score
Love Story,63.0,75.0
Airport,75.0,54.0
M*A*S*H,84.0,83.0
Patton,91.0,93.0
The Aristocats,,
The Aristocats,64.0,70.0
Woodstock,100.0,92.0
Little Big Man,91.0,87.0
Ryan's Daughter,47.0,73.0
Tora! Tora! Tora!,55.0,81.0
Catch-22,81.0,76.0
Scream and Scream Again,63.0,28.0
Jenny,,
... Tick... Tick... Tick...,,57.0
Beyond the Dunwich Horror,,8.0
The Dunwich Horror,29.0,29.0
Days and Nights in the Forest,100.0,97.0
The Only Game in Town,,35.0
Rider on the Rain,80.0,63.0
M*A*S*H,84.0,83.0
The Molly Maguires,90.0,62.0
The Honeymoon Killers,95.0,69.0
Start the Revolution Without Me,83.0,77.0
Patton,91.0,93.0
Zabriskie Point,64.0,74.0
End of the Road,,
King of the Grizzlies,,27.0
The Bird With the Crystal Plumage,85.0,80.0
Hercules in New York,14.0,27.0
The Butcher,100.0,84.0
Loving,,
Airport,75.0,54.0
Skullduggery,,7.0
The Boys in the Band,84.0,74.0
The Boys in the Band,90.0,87.0
The Ballad of Cable Hogue,94.0,81.0
The Liberation of L.B. Jones,63.0,92.0
The Liberation of L.B. Jones,63.0,92.0
Carry On Up the Jungle,,48.0
Bloody Mama,14.0,42.0
The Adventurers,,41.0
Adventurers,,
Woodstock,100.0,92.0
Waterloo,30.0,83.0
Count Dracula,,70.0
Gods of the Plague,83.0,47.0
Colossus: The Forbin Project,89.0,76.0
The Cockeyed Cowboys of Calico County,,55.0
Halls of Anger,,30.0
Chariots of the Gods,,42.0
A Swedish Love Story,,90.0
"Hi, Mom",73.0,55.0
Zig Zag,,
The Confession,,92.0
The Grasshopper,,
The Grasshopper,,55.0
Equinox,,
Taste the Blood of Dracula,54.0,54.0
Leo the Last,,50.0
"Tell Me That You Love Me, Junie Moon",22.0,12.0
Connecting Rooms,,
Getting Straight,33.0,41.0
Let It Be,81.0,88.0
"My Lover, My Son",,
The Delta Factor,,
Borsalino,,69.0
The Landlord,,41.0
The Landlord,93.0,79.0
One More Time,,
Suppose They Gave a War and Nobody Came?,,27.0
Too Late the Hero,57.0,70.0
Norwood,,
Beneath the Planet of the Apes,37.0,38.0
Cotton Comes to Harlem,,67.0
The Magic Garden of Stanley Sweetheart,,
Watermelon Man,88.0,70.0
Two Mules for Sister Sara,71.0,73.0
The Executioner,,
The Executioner,,30.0
Julius Caesar,,
The Vampire Doll,,
Crimes of the Future,67.0,29.0
The Invincible Six,,
The Invincible Six,,
Sleeping Beauty,,
The Cheyenne Social Club,,68.0
The Strawberry Statement,,73.0
The Strawberry Statement,,73.0
Beyond the Valley of the Dolls,76.0,72.0
The Hawaiians,,52.0
On a Clear Day You Can See Forever,100.0,75.0
A Walk in the Spring Rain,,23.0
A Bullet for Pretty Boy,,
Catch-22,81.0,76.0
Kelly's Heroes,79.0,88.0
Myra Breckinridge,27.0,35.0
Darling Lili,40.0,69.0
The Boatniks,,53.0
Lost Flight,,
Goin' Down the Road,,83.0
The Moonshine War,,36.0
And Soon the Darkness,29.0,63.0
The Games,,
Games,57.0,48.0
Which Way to the Front?,,24.0
Hello.Goodbye,,
Quackser Fortune Has a Cousin in the Bronx,,64.0
Joe,75.0,64.0
The Revolutionary,,
The Revolutionary,,
Cromwell,43.0,69.0
The Man Who Haunted Himself,,55.0
Something for Everyone,83.0,70.0
Chisum,83.0,74.0
Move,,
Rebel Rousers,,22.0
Yog -- Monster From Space,,37.0
Ann and Eve,,
Case for a Rookie Hangman,,
Performance,82.0,78.0
Diary of a Mad Housewife,82.0,81.0
Lovers and Other Strangers,100.0,75.0
Soldier Blue,38.0,71.0
WUSA,,37.0
House of Dark Shadows,43.0,70.0
The Breach,82.0,26.0
Breach,84.0,67.0
The People Next Door,,47.0
The People Next Door,,40.0
The Deep End,82.0,59.0
Angel Unchained,,16.0
Fragment of Fear,,36.0
Bed and Board,76.0,84.0
Five Easy Pieces,89.0,84.0
The Brotherhood of the Bell,,44.0
Crime and Punishment,,
Adam at 6 A.M.,,38.0
Tora! Tora! Tora!,55.0,81.0
The Baby Maker,,50.0
The Baby Maker,,50.0
Cover Me Babe,,
How Do I Love Thee?,,
Trash,,46.0
The Vampire Lovers,76.0,60.0
The American Soldier,79.0,55.0
The American Soldier,79.0,55.0
The Great White Hope,43.0,67.0
The Mind of Mr. Soames,,40.0
Girls for Mercenaries,,
C.C. and Company,,22.0
I Never Sang for My Father,100.0,83.0
The Red Circle,96.0,92.0
Little Fauss and Big Halsy,33.0,47.0
The Conformist,98.0,90.0
The Conformist,98.0,90.0
No Blade of Grass,29.0,42.0
Trog,13.0,23.0
When Dinosaurs Ruled the Earth,17.0,27.0
House of Dark Shadows,43.0,70.0
The Private Life of Sherlock Holmes,89.0,73.0
The Sidelong Glances of a Pigeon Kicker,,
The Twelve Chairs,,60.0
Three Sisters,100.0,88.0
The Owl and the Pussycat,82.0,64.0
Scrooge,,
The Phantom Tollbooth,100.0,76.0
Scars of Dracula,50.0,44.0
The Horror of Frankenstein,55.0,40.0
Ryan's Daughter,47.0,73.0
Perfect Friday,,67.0
Where's Poppa?,82.0,69.0
The Over-the-Hill Gang Rides Again,,31.0
Dirty Dingus Magee,,56.0
I Walk the Line,,69.0
Act of the Heart,,
Yousuf Khan Sher Bano,,
The Garden of the Finzi-Continis,94.0,78.0
Brewster McCloud,86.0,81.0
Gimme Shelter,94.0,91.0
Husbands,66.0,79.0
The Aristocats,,
The Aristocats,64.0,70.0
Claire's Knee,96.0,85.0
There's a Girl in My Soup,,37.0
The Wild Country,,
Wild Country,,
Puzzle of a Downfall Child,,61.0
Love Story,63.0,75.0
Alex in Wonderland,,31.0
Rio Lobo,70.0,70.0
Peau D'ane,90.0,76.0
I Love My... Wife,,
Little Big Man,91.0,87.0
There Was a Crooked Man,82.0,72.0
Loot,,32.0
Billy Jack,63.0,63.0
Fiddler on the Roof,81.0,92.0
Diamonds Are Forever,64.0,57.0
The French Connection,96.0,87.0
The French Connection,96.0,87.0
Summer of '42,79.0,73.0
Dirty Harry,89.0,90.0
The Last Picture Show,98.0,89.0
Bedknobs and Broomsticks,67.0,74.0
Sweet Sweetback's Baadasssss Song,73.0,48.0
Punishment Park,92.0,86.0
The Ski Bum,,
Zachariah,50.0,39.0
The Music Lovers,61.0,74.0
10 Rillington Place,64.0,84.0
The Last Valley,,78.0
Doctors' Wives,20.0,
King Lear,,
How to Frame a Figg,,72.0
Little Murders,71.0,80.0
Raid on Rommel,,31.0
Countess Dracula,40.0,44.0
Gas-s-s-s,,19.0
Cold Turkey,60.0,65.0
The Pursuit of Happiness,,
The Pursuit of Happiness,,33.0
Wanda,92.0,70.0
Death in Venice,80.0,
The Emigrants,94.0,87.0
The Emigrants,94.0,87.0
Get Carter,87.0,84.0
Lawman,73.0,63.0
THX-1138,86.0,73.0
Up Pompeii,,41.0
The Andromeda Strain,68.0,72.0
Vanishing Point,79.0,81.0
The Barefoot Executive,,
The Barefoot Executive,83.0,48.0
Brother John,,54.0
Friends,,
The Deserter,,
The Deserter,,
The Battle of Love's Return,,67.0
Taking Off,100.0,84.0
B.S. I Love You,,
Just Before Nightfall,,81.0
Shinbone Alley,,68.0
Zodiac Killer,,17.0
The Mephisto Waltz,63.0,43.0
Summer of '42,79.0,73.0
Valdez Is Coming,,67.0
The Blood on Satan's Claw,73.0,58.0
The Blood on Satan's Claw,73.0,58.0
Melody,,93.0
Sweet Sweetback's Baadasssss Song,73.0,48.0
The Cat,,
The Cat,,
Bananas,83.0,74.0
Pretty Maids All in a Row,8.0,48.0
The Big Doll House,100.0,50.0
Billy Jack,63.0,63.0
Mrs. Pollifax: Spy,,38.0
Plaza Suite,67.0,56.0
Wake in Fright,97.0,83.0
Johnny Got His Gun,67.0,86.0
The Abominable Dr. Phibes,88.0,75.0
Escape From the Planet of the Apes,76.0,53.0
Pink Narcissus,,74.0
Big Jake,75.0,85.0
Support Your Local Gunfighter,62.0,61.0
The Villain,0.0,39.0
The Beguiled,78.0,48.0
The Beguiled,90.0,72.0
The Grissom Gang,46.0,70.0
The Young Graduates,,40.0
The Young Graduates,,40.0
Spenser: Ceremony,,
The Deadly Trap,,29.0
They Might Be Giants,61.0,74.0
"Drive, He Said",57.0,21.0
Wuthering Heights,31.0,66.0
Fortune and Men's Eyes,57.0,53.0
Who Is Harry Kellerman and Why Is He Saying Those Terrible Things About Me?,40.0,33.0
The Anderson Tapes,76.0,53.0
Willard,64.0,51.0
Scandalous John,20.0,
Le Mans,71.0,79.0
Man and Boy,,71.0
McCabe & Mrs. Miller,85.0,86.0
Klute,93.0,80.0
The Hellstrom Chronicle,75.0,87.0
Carnal Knowledge,88.0,72.0
"$1,000,000 Duck",17.0,41.0
My Old Man's Place,,
What's the Matter With Helen?,55.0,41.0
Willy Wonka and the Chocolate Factory,92.0,87.0
Murphy's War,,62.0
Walkabout,86.0,86.0
"Sunday, Bloody Sunday",87.0,70.0
Shaft,34.0,94.0
Two-Lane Blacktop,93.0,82.0
Vampyros Lesbos,56.0,47.0
The Devils,70.0,88.0
The Devils,70.0,88.0
The Hunting Party,20.0,54.0
Hunting Party,,
The Light at the Edge of the World,,62.0
At the Edge of the World,87.0,48.0
Gamera vs. Zigra,,14.0
The Seven Minutes,,41.0
Seven Minutes,,
Godzilla vs. Hedorah,64.0,49.0
Godzilla vs. Hedorah,64.0,49.0
The Horsemen,30.0,57.0
Horsemen,17.0,25.0
On Any Sunday,83.0,84.0
Von Richthofen and Brown,56.0,35.0
The Go-Between,100.0,78.0
Bless the Beasts and Children,,69.0
The Hunting Party,20.0,54.0
Hunting Party,,
The Omega Man,65.0,53.0
The Omega Man,65.0,53.0
The Love Machine,,
The Love Machine,,
The Mephisto Waltz,63.0,43.0
The Hired Hand,81.0,75.0
"Die Screaming, Marianne",,11.0
Cry Uncle,,64.0
The Marriage of a Young Stockbroker,,
Let's Scare Jessica to Death,36.0,50.0
Beware of a Holy Whore,84.0,62.0
See No Evil,10.0,50.0
The Return of Sabata,,45.0
Red Sun,,
Kotch,75.0,68.0
Dracula vs. Frankenstein,,18.0
Desperate Characters,,40.0
"Unman, Wittering and Zigo",40.0,82.0
The Last Rebel,,
The Trojan Women,,52.0
"Tiki, Tiki",,
And Now for Something Completely Different,88.0,87.0
The Last Movie,,
The Last Movie,50.0,52.0
The Skin Game,,
Zeppelin,,50.0
The French Connection,96.0,87.0
The French Connection,96.0,87.0
Shootout,20.0,44.0
A Safe Place,,23.0
Bunny O'Hare,,36.0
Catlow,,38.0
The Organization,25.0,29.0
Play Misty for Me,85.0,71.0
The Todd Killings,,
A Dangerous Friend,,
T.R. Baskin,0.0,
The Last Picture Show,98.0,89.0
Big Boss,,48.0
Joe Hill,50.0,89.0
Bleak Moments,,70.0
Captain Apache,,35.0
A Fistful of Dynamite,92.0,83.0
"I, Monster",,40.0
Fiddler on the Roof,81.0,92.0
Black Noon,,
Hannie Caulder,60.0,54.0
Jennifer on My Mind,,0.0
Mon Oncle Antoine,,77.0
Who Killed Mary What's 'er Name?,,
Duel,,
The Christian Licorice Store,,
Black Beauty,,
Man in the Wilderness,,71.0
Bleak Moments,,70.0
Brian's Song,,77.0
The Day of the Wolves,,75.0
Born to Win,29.0,35.0
Chandler,,5.0
Family Life,,60.0
Believe in Me,60.0,74.0
Gumshoe,88.0,54.0
"Happy Birthday, Wanda June",,75.0
The Decameron,79.0,75.0
Made for Each Other,,56.0
Bedknobs and Broomsticks,67.0,74.0
The Hospital,100.0,73.0
The Hospital,100.0,73.0
There's Always Vanilla,,26.0
The Boy Friend,,
The Boy Friend,88.0,68.0
Lady and the Tramp,93.0,80.0
Mary Queen of Scots,62.0,41.0
Sometimes a Great Notion,100.0,77.0
Harold and Maude,86.0,93.0
Macbeth,,
Such Good Friends,,33.0
The Gang That Couldn't Shoot Straight,20.0,26.0
Minnie and Moskowitz,82.0,85.0
Star Spangled Girl,,62.0
Bad Man's River,,21.0
Dirty Harry,89.0,90.0
Straw Dogs,82.0,82.0
Diamonds Are Forever,64.0,57.0
The Godfather,97.0,98.0
The Godfather,97.0,98.0
"What's Up, Doc?",89.0,88.0
Deliverance,89.0,82.0
Jeremiah Johnson,91.0,89.0
Cabaret,92.0,87.0
The Getaway,,
Getaway,3.0,36.0
Last Tango in Paris,82.0,75.0
Lady Sings the Blues,71.0,86.0
Glass Houses,,
The Cowboys,75.0,88.0
The Cowboys,75.0,88.0
Cisco Pike,100.0,62.0
To Find a Man,,
"X, Y & Zee",29.0,35.0
The Hot Rock,78.0,69.0
Cabaret,92.0,87.0
Pocket Money,50.0,31.0
The New Land,100.0,86.0
New Land,,
Frogs,28.0,24.0
Silent Running,71.0,66.0
"What's Up, Doc?",89.0,88.0
Godzilla vs. Gigan,67.0,48.0
The Godfather,97.0,98.0
The Godfather,97.0,98.0
Corky,,
Pink Flamingos,84.0,72.0
The Biscuit Eater,,100.0
The Biscuit Eater,,48.0
Fist of Fury 1991,,
The Concert for Bangladesh,,95.0
The Ten Commandments,,
Fritz the Cat,64.0,59.0
The Culpepper Cattle Company,,63.0
Buck and the Preacher,84.0,62.0
Vampire Circus,80.0,64.0
"Play It Again, Sam",97.0,89.0
The Great Northfield Minnesota Raid,73.0,44.0
Hammersmith Is Out,29.0,56.0
The Honkers,,
Carry on Matron,,64.0
The Possession of Joel Delaney,,36.0
Skyjacked,,26.0
Chato's Land,,57.0
Z.P.G.,,23.0
The Other,,
The Final Comedown,,36.0
The Final Comedown,,36.0
The War Between Men and Women,,31.0
A Day in the Death of Joe Egg,,70.0
Fillmore,,
Boxcar Bertha,56.0,33.0
The Strange Vengeance of Rosalie,,
One Is a Lonely Number,,38.0
The Assassination of Trotsky,,35.0
Shaft's Big Score!,58.0,46.0
Son of Blob,,21.0
Frenzy,91.0,78.0
The Groundstar Conspiracy,33.0,67.0
Ben,60.0,38.0
Prime Cut,71.0,72.0
The Candidate,,
The Candidate,89.0,74.0
"Come Back, Charleston Blue",,50.0
Conquest of the Planet of the Apes,52.0,46.0
Dr. Phibes Rises Again,59.0,57.0
Napoleon and Samantha,,44.0
Butterflies Are Free,69.0,80.0
"Now You See Him, Now You Don't",80.0,57.0
Fuzz,,17.0
Joe Kidd,80.0,54.0
The Wrath of God,,38.0
The Man,12.0,41.0
Man,,
The Thing With Two Heads,0.0,25.0
The Thing With Two Heads,0.0,25.0
The Big Bird Cage,100.0,63.0
The Big Bird Cage,100.0,63.0
Fat City,100.0,84.0
Night of the Lepus,0.0,27.0
Deliverance,89.0,82.0
The Magnificent Seven Ride!,,25.0
Junior Bonner,92.0,62.0
Kansas City Bomber,,37.0
The New Centurions,60.0,63.0
Superfly,93.0,70.0
Everything You Always Wanted to Know About Sex (But Were Afraid to Ask),88.0,69.0
"Snoopy, Come Home",93.0,84.0
And Now for Something Completely Different,88.0,87.0
To Kill a Clown,,20.0
Blacula,46.0,44.0
The Last House on the Left,43.0,52.0
Last House on the Left,65.0,50.0
Bluebeard,,70.0
Man of the East,,40.0
Slaughter,,
The Ruling Class,77.0,85.0
The Discreet Charm of the Bourgeoisie,98.0,88.0
The Discreet Charm of the Bourgeoisie,98.0,88.0
Cancel My Reservation,,22.0
Another Nice Mess,,
Sounder,91.0,77.0
Solaris,66.0,59.0
Dracula A.D. 1972,27.0,40.0
Hickey & Boggs,67.0,57.0
Bad Company,,
Dumbo,95.0,70.0
The King of Marvin Gardens,70.0,58.0
Last Tango in Paris,82.0,75.0
"Run, Cougar, Run",,
Play It as It Lays,50.0,53.0
When the Legends Die,,86.0
Lady Sings the Blues,71.0,86.0
Pancho Villa,,
Daughters of Satan,,21.0
Dirty Little Billy,,67.0
Trouble Man,14.0,65.0
Ulzana's Raid,90.0,67.0
1776,68.0,84.0
Asylum: Twisted Horror and Fantasy Tales,,56.0
The Mechanic,53.0,51.0
The Mechanic,53.0,51.0
Sisters,,
Black Gunn,,31.0
Rage,,
They Only Kill Their Masters,,29.0
"Brother Sun, Sister Moon",42.0,78.0
Horror Express,81.0,53.0
Sleuth,36.0,51.0
Child's Play,74.0,65.0
Man of La Mancha,53.0,71.0
The Getaway,,
Getaway,3.0,36.0
Avanti!,79.0,76.0
The Heartbreak Kid,29.0,37.0
The Heartbreak Kid,92.0,73.0
Pete 'n' Tillie,67.0,72.0
Travels With My Aunt,50.0,47.0
Daigoro vs. Goliath,,
Images,75.0,70.0
The Life and Times of Judge Roy Bean,80.0,74.0
Across 110th Street,83.0,78.0
The Effect of Gamma Rays on Man-in-the-Moon Marigolds,77.0,82.0
Hit Man,,45.0
Jeremiah Johnson,91.0,89.0
Snowball Express,,60.0
The Sword in the Stone,66.0,73.0
The Exorcist,78.0,87.0
The Exorcist,78.0,87.0
Sting,70.0,65.0
American Graffiti,95.0,84.0
Papillon,72.0,90.0
The Way We Were,64.0,81.0
The Way We Were,64.0,81.0
Magnum Force,67.0,78.0
Live and Let Die,67.0,64.0
Robin Hood,,
Paper Moon,90.0,94.0
Serpico,93.0,88.0
The Offence,71.0,72.0
"Black Mama, White Mama",,38.0
The Love Ban,,
Adolf Hitler: My Part in His Downfall,,18.0
Last Tango in Paris,82.0,75.0
Shamus,25.0,40.0
Steelyard Blues,50.0,31.0
The World's Greatest Athlete,,34.0
Wattstax,90.0,90.0
Black Caesar,64.0,63.0
The Train Robbers,33.0,58.0
The Train Robbers,33.0,58.0
The Harder They Come,91.0,82.0
The Creeping Flesh,83.0,52.0
Jory,,
Save the Tiger,86.0,74.0
Payday,56.0,78.0
Turkish Delight,86.0,80.0
Walking Tall,26.0,59.0
The Blood Brothers,,
Dynasty of Blood,,33.0
Charlotte's Web,79.0,62.0
The Thief Who Came to Dinner,,56.0
The Thief Who Came to Dinner,,56.0
Baxter,90.0,83.0
Slither,87.0,63.0
The Long Goodbye,,
Dolgie Provody,,100.0
Ludwig,33.0,89.0
Schlock,75.0,45.0
Vault of Horror,80.0,51.0
Tales From the Crypt Part II,,50.0
The Baby,,
Baby,,
Tom Sawyer,,
The Crazies,71.0,48.0
Forced Entry,,21.0
Lost Horizon,93.0,82.0
Two People,,
Godspell,63.0,71.0
Charley and the Angel,,33.0
Sisters,,
Black Snake (Sweet Suzy) (Dutchess of Doom),,31.0
Ace Eli and Rodger of the Skies,,
The Mack,60.0,85.0
The Mack,60.0,85.0
Theater of Blood,,81.0
Night Flight From Moscow,,62.0
Class of '44,,11.0
Book of Numbers,,
Khayal Maata,,
Rose of Iron,,47.0
Rose of Iron,,47.0
Tiffany Jones,,
The Candy Snatchers,83.0,60.0
The Candy Snatchers,83.0,60.0
Love and Pain (and the Whole Damn Thing),,65.0
Scorpio,59.0,40.0
Soylent Green,71.0,70.0
Ganja & Hess,93.0,53.0
Messiah of Evil,100.0,57.0
And Now the Screaming Starts,40.0,43.0
Guns of a Stranger,,
Billy Jack,63.0,63.0
Father Dear Father,,
Hitler: The Last Ten Days,38.0,55.0
Paper Moon,90.0,94.0
The Harrad Experiment,,12.0
Little Laura and Big John,,
Jeremy,,74.0
The Day of the Jackal,91.0,88.0
The Hireling,,56.0
Pat Garrett and Billy the Kid,57.0,82.0
Terror in the Wax Museum,,29.0
A Doll's House,,
Day for Night,98.0,91.0
The Blockhouse,,73.0
Little Cigars,,67.0
Cannibal Girls,,24.0
"Wicked, Wicked",,25.0
The Last of Sheila,90.0,84.0
The Last of Sheila,90.0,84.0
Battle for the Planet of the Apes,36.0,30.0
Idaho Transfer,,32.0
Interval,,
The Legend of Hell House,65.0,56.0
Coffy,79.0,75.0
Blume in Love,70.0,53.0
O Lucky Man!,81.0,87.0
One Little Indian,,38.0
Shaft in Africa,64.0,52.0
The Showdown,,
Live and Let Die,67.0,64.0
Forty Carats,,61.0
The Man Who Loved Cat Dancing,,47.0
The Man Who Loved Cat Dancing,,47.0
Belladonna of Sadness,90.0,75.0
Oklahoma Crude,,32.0
"Cahill, United States Marshal",,64.0
Blue Blood,,
Cleopatra Jones,80.0,44.0
Lady Ice,,18.0
Sssssss,30.0,26.0
Dillinger,,44.0
Badge 373,,33.0
The Mackintosh Man,58.0,44.0
The Mackintosh Man,58.0,44.0
The Last American Hero,75.0,52.0
The Last American Hero,75.0,52.0
The Boy Who Cried Werewolf,,65.0
The Boy Who Cried Werewolf,,22.0
The Naked Ape,,
The Naked Ape,,
Blackenstein,,10.0
The Neptune Factor,,15.0
Heavy Traffic,89.0,74.0
The Stone Killer,60.0,42.0
White Lightning,67.0,61.0
Gordon's War,60.0,47.0
Night Watch,44.0,67.0
American Graffiti,95.0,84.0
Cops and Robbers,,60.0
Romeo and Juliet,,
Westworld,84.0,70.0
Electra Glide in Blue,64.0,74.0
Enter the Dragon,88.0,91.0
High Plains Drifter,94.0,86.0
I Escaped From Devil's Island,,36.0
Chino,,36.0
The Pyx,,33.0
Santee,,22.0
Hit!,,59.0
The Spook Who Sat by the Door,75.0,83.0
The Spook Who Sat by the Door,75.0,83.0
Harry in Your Pocket,,47.0
The Slams,,29.0
From the Mixed-Up Files of Mrs. Basil E. Frankweiler,,41.0
Kid Blue,50.0,62.0
Mean Streets,94.0,84.0
The Last Days of Man on Earth,,39.0
Badlands,97.0,90.0
Don't Look Now,93.0,76.0
The Paper Chase,81.0,72.0
Charley Varrick,82.0,83.0
Night of the Laughing Dead,,64.0
The Outfit,80.0,73.0
The Outfit,,
The Way We Were,64.0,81.0
The Way We Were,64.0,81.0
"Summer Wishes, Winter Dreams",,19.0
Jonathan Livingston Seagull,8.0,61.0
The All-American Boy,,
Five on the Black Hand Side,,45.0
The Homecoming,,
Homecoming,0.0,33.0
The Iceman Cometh,,
That'll Be the Day,,56.0
Ash Wednesday,,
A Doll's House,,
Executive Action,60.0,57.0
Carry on Girls,,55.0
Robin Hood,,
The Don Is Dead,60.0,27.0
The Don Is Dead,60.0,27.0
Arnold,,65.0
Breezy,63.0,65.0
England Made Me,,
The Affair,,
Affair,,
Hex,,
Fly Me,,
The Holy Mountain,85.0,88.0
Andy Warhol's Frankenstein,88.0,56.0
Serpico,93.0,88.0
"Digby, the Biggest Dog in the World",,55.0
Fantastic Planet,91.0,87.0
Marco,,
The Wicker Man,15.0,17.0
The Wicker Man,15.0,17.0
Treasure Island,82.0,
The Three Musketeers,,
The Last Detail,87.0,87.0
My Name Is Nobody,100.0,84.0
Superdad,,36.0
The Seven-Ups,73.0,70.0
Hell up in Harlem,22.0,50.0
Papillon,72.0,90.0
Sleeper,100.0,81.0
Amarcord,87.0,90.0
Cinderella Liberty,56.0,62.0
The Day of the Dolphin,43.0,41.0
Willie Dynamite,,68.0
Alvin Purple,,43.0
The Laughing Policeman,,
The Laughing Policeman,56.0,48.0
The Deadly Trackers,,36.0
The Deadly Trackers,,36.0
Jimi Hendrix,,85.0
Sting,70.0,65.0
Magnum Force,67.0,78.0
The Exorcist,78.0,87.0
The Exorcist,78.0,87.0
Haeundae,,49.0
Blazing Saddles,89.0,91.0
The Towering Inferno,68.0,72.0
The Trial of Billy Jack,40.0,48.0
The Trial of Billy Jack,40.0,48.0
Young Frankenstein,95.0,92.0
Earthquake,44.0,36.0
"The Godfather, Part II",96.0,97.0
Airport 1975,30.0,38.0
The Life and Times of Grizzly Adams,,80.0
The Life and Times of Grizzly Adams,,80.0
The Longest Yard,31.0,62.0
The Longest Yard,31.0,62.0
Murder on the Orient Express,90.0,78.0
"Ladies and Gentlemen, the Rolling Stones",,96.0
McQ,40.0,56.0
The Satanic Rites of Dracula,33.0,30.0
The Satanic Rites of Dracula,33.0,30.0
Arena,,
Luther,,
Rhinoceros,,51.0
Black Belt Jones,,69.0
The Bat People,,6.0
The Bat People,,6.0
The Street Fighter,,81.0
Zardoz,49.0,53.0
Blazing Saddles,89.0,91.0
Thieves Like Us,84.0,72.0
Crazy Joe,,36.0
From Beyond the Grave,60.0,61.0
Busting,17.0,55.0
Man on a Swing,,11.0
Billy Two Hats,,44.0
Alice in Wonderland,,
Three Tough Guys,,
The Super Cops,100.0,65.0
Godzilla vs. Mechagodzilla,86.0,63.0
Catch My Soul,,
Conrack,69.0,79.0
Mame,36.0,48.0
Dark Star,72.0,65.0
The Great Gatsby,52.0,
The Night Porter,67.0,68.0
The Night Porter,67.0,68.0
The Golden Voyage of Sinbad,76.0,64.0
The Sugarland Express,87.0,66.0
The Sugarland Express,87.0,66.0
Foxy Brown,64.0,66.0
Captain Kronos: Vampire Hunter,,60.0
The Conversation,97.0,89.0
The Conversation,97.0,89.0
Our Time,,
Thomasine & Bushrod,,55.0
Lovin' Molly,40.0,14.0
Score,,
Caged Heat,76.0,39.0
Son of Dracula,60.0,33.0
The Beast Must Die,43.0,37.0
Claudine,67.0,91.0
Lone Wolf and Cub - Cold Road To Hell,,83.0
The Apprenticeship of Duddy Kravitz,93.0,73.0
The Spikes Gang,,47.0
The Lords of Flatbush,67.0,42.0
The Lords of Flatbush,67.0,42.0
Frankenstein and the Monster From Hell,63.0,48.0
Symptoms,100.0,57.0
Stavisky,85.0,60.0
Alice in the Cities,100.0,91.0
The Black Windmill,57.0,36.0
The Black Windmill,57.0,36.0
"Dirty Mary, Crazy Larry",47.0,68.0
That's Entertainment!,100.0,86.0
Zandy's Bride,,58.0
The Driver's Seat,60.0,54.0
The Driver's Seat,60.0,54.0
Chosen Survivors,,29.0
Daisy Miller,69.0,32.0
The Nickel Ride,,59.0
The Nickel Ride,,59.0
Thunderbolt and Lightfoot,89.0,73.0
Huckleberry Finn,,38.0
Welcome to Arrow Beach,,67.0
"Birds Do It, Bees Do It",,
Bootleggers,,
Herbie Rides Again,83.0,53.0
Little Malcolm,,43.0
The Midnight Man,,
Midnight Man,,
The Parallax View,87.0,78.0
Chinatown,98.0,93.0
The Terminal Man,50.0,40.0
Where the Red Fern Grows,,75.0
The Groove Tube,14.0,59.0
The Nine Lives of Fritz the Cat,30.0,41.0
Three the Hard Way,33.0,49.0
Truck Turner,60.0,73.0
The Gravy Train,,
S.P.Y.S,,16.0
W,,
Oliver Twist,,
Carry on Dick,,57.0
Mr. Majestyk,83.0,67.0
The Take,90.0,91.0
The Take,,
The Mad Adventures of Rabbi Jacob,,91.0
My Name Is Nobody,100.0,84.0
The Education of Sonny Carson,,80.0
Golden Needles,,88.0
The White Dawn,,83.0
Death Wish,66.0,69.0
The Internecine Project,,47.0
Born to Kill,,
Uptown Saturday Night,70.0,79.0
Bank Shot,,28.0
The Bears and I,,27.0
The Bears and I,,27.0
The Castaway Cowboy,,24.0
The Castaway Cowboy,,24.0
California Split,87.0,83.0
Together Brothers,,64.0
Macon County Line,56.0,56.0
Harry and Tonto,88.0,81.0
Bring Me the Head of Alfredo Garcia,78.0,85.0
11 Harrowhouse,,79.0
Act of Vengeance,,50.0
Buster and Billie,,91.0
The Longest Yard,31.0,62.0
The Longest Yard,31.0,62.0
Newman's Law,,
The Girl From Petrovka,,22.0
The Girl From Petrovka,,22.0
99 and 44/100 Percent Dead,,35.0
Amazing Grace,,
The Black Godfather,,16.0
The Black Godfather,,16.0
Phase IV,,10.0
Homebodies,,71.0
The Dove,67.0,
The Dove,,80.0
Big Bad Mama,75.0,41.0
Nightmare Honeymoon,,0.0
The Mutations,,37.0
Juggernaut,80.0,56.0
11 Harrowhouse,,79.0
The House on Skull Mountain,,22.0
The Gambler,,
Gambler,,
The Taking of Pelham One Two Three,98.0,88.0
The Taking of Pelham One Two Three,98.0,88.0
Female Trouble,90.0,85.0
Law and Disorder,40.0,40.0
Shanks,,33.0
The Cars That Ate Paris,65.0,35.0
Black Christmas,14.0,38.0
Benji,86.0,55.0
Airport 1975,30.0,38.0
It's Alive!,,20.0
The Crazy World of Julius Vrooder,,
Mixed Company,,60.0
Mahler,75.0,77.0
Stardust,77.0,86.0
The Klansman,22.0,25.0
Phantom of the Paradise,82.0,84.0
The Four Musketeers,77.0,74.0
The Savage Is Loose,,40.0
The Savage Is Loose,,40.0
Open Season,49.0,57.0
Blood for Dracula,67.0,61.0
The Little Prince,,88.0
Confessions of a Window Cleaner,,28.0
All the Kind Strangers,,23.0
The Life and Times of Grizzly Adams,,80.0
The Life and Times of Grizzly Adams,,80.0
The Trial of Billy Jack,40.0,48.0
The Trial of Billy Jack,40.0,48.0
The Abdication,,
Earthquake,44.0,36.0
Lenny,87.0,88.0
Seizure,,3.0
Animals Are Beautiful People,,89.0
Great Expectations,,
The Tamarind Seed,,75.0
The 6 Ultra Brothers vs. The Monster Army,,
The Phantom of Liberty,85.0,91.0
Murder on the Orient Express,90.0,78.0
The Land That Time Forgot,,8.0
Emmanuelle,38.0,43.0
"Soft Beds, Hard Battles",,55.0
The Photographer,,
Photographer,,
Alice Doesn't Live Here Anymore,92.0,81.0
F for Fake,88.0,88.0
The Towering Inferno,68.0,72.0
Young Frankenstein,95.0,92.0
The Front Page,,
Front Page,,
Black Christmas,14.0,38.0
"The Godfather, Part II",96.0,97.0
Hearts and Minds,91.0,90.0
The Island at the Top of the World,50.0,47.0
The Island at the Top of the World,50.0,47.0
The Man With the Golden Gun,42.0,55.0
Swept Away... by an Unusual Destiny in the Blue Sea of August,59.0,80.0
Abby,,41.0
Freebie and the Bean,23.0,67.0
Where the Lilies Bloom,,84.0
Espy,,
Jaws,97.0,90.0
One Flew Over the Cuckoo's Nest,93.0,96.0
Shampoo,68.0,56.0
Dog Day Afternoon,96.0,90.0
The Return of the Pink Panther,86.0,82.0
Three Days of the Condor,87.0,82.0
The Rocky Horror Picture Show,80.0,85.0
The Rocky Horror Picture Show,80.0,85.0
Funny Lady,30.0,55.0
The Other Side of the Mountain,,
The Other Side of the Mountain,,79.0
Tommy,,
Flame,,54.0
Mr. Ricco,,33.0
And Then There Were None,100.0,77.0
Rafferty and the Gold Dust Twins,71.0,44.0
Report to the Commissioner,43.0,60.0
The Strongest Man in the World,,38.0
Shampoo,68.0,56.0
The Stepford Wives,26.0,30.0
Jacques Brel Is Alive and Well and Living in Paris,,
Mahler,75.0,77.0
At Long Last Love,22.0,40.0
Man Friday,33.0,65.0
Deep Red,,29.0
Mirror,,40.0
Funny Lady,30.0,55.0
The Great Waldo Pepper,67.0,57.0
The Prisoner of Second Avenue,44.0,67.0
The Prisoner of Second Avenue,44.0,67.0
Rancho Deluxe,73.0,40.0
Terror of Mechagodzilla,43.0,60.0
In Celebration,,60.0
Tommy,,
The Yakuza,60.0,72.0
The Yakuza,60.0,72.0
Escape to Witch Mountain,73.0,59.0
Rosebud,44.0,20.0
Brannigan,25.0,40.0
"Brother, Can You Spare a Dime?",,57.0
The Manchu Eagle Murder Caper Mystery,,
"Sheba, Baby",29.0,30.0
Smoke in the Wind,,
Capone,40.0,24.0
The Passenger,,
The Passenger,88.0,84.0
The Maids,,69.0
"Aloha, Bobby and Rose",,61.0
Dolemite,57.0,66.0
Death Race 2000,82.0,63.0
Monty Python and the Holy Grail,96.0,95.0
The Switchblade Sisters,56.0,70.0
Seven Beauties,67.0,88.0
The Day of the Locust,63.0,76.0
The Specialist,,20.0
The Happy Hooker,,
The Happy Hooker,,
The Wild Party,,
End of the Game,43.0,29.0
Moonrunners,,57.0
Sheila Levine Is Dead and Living in New York,43.0,57.0
The Man in the Glass Booth,80.0,73.0
The Fortune,36.0,34.0
"Cornbread, Earl and Me",,86.0
The Eiger Sanction,67.0,54.0
The Eiger Sanction,67.0,54.0
French Connection II,82.0,62.0
The Return of the Pink Panther,86.0,82.0
W.W. and the Dixie Dancekings,,28.0
Breakout,,
The Wind and the Lion,63.0,69.0
The Wind and the Lion,63.0,69.0
Lepke,,43.0
The Hiding Place,,91.0
The Hiding Place,,87.0
Las Vegas Lady,,0.0
Black Vengeance,,
The Ultimate Warrior,33.0,34.0
Love and Death,100.0,90.0
Nashville,89.0,84.0
Night Moves,84.0,71.0
Blazing Stewardesses,,11.0
Sunday Too Far Away,,79.0
Bug,61.0,34.0
The Devil's Rain,17.0,34.0
Jaws,97.0,90.0
Once Is Not Enough,,11.0
Shining Star,,67.0
Bite the Bullet,73.0,54.0
Cooley High,89.0,89.0
Rollerball,67.0,62.0
Doc Savage: The Man of Bronze,,57.0
Race With the Devil,71.0,56.0
The Apple Dumpling Gang,56.0,60.0
Bucktown,40.0,51.0
Little Moon and Jud McGraw,,25.0
One of Our Dinosaurs Is Missing,,68.0
Smile,,
The Drowning Pool,,
The Drowning Pool,53.0,47.0
Cleopatra Jones and the Casino of Gold,,47.0
White Line Fever,29.0,55.0
Cover Girl Models,,20.0
Return to Macon County,,57.0
The Other Side of the Mountain,,
The Other Side of the Mountain,,79.0
Zorro,,58.0
Mandingo,29.0,64.0
The Wilby Conspiracy,67.0,45.0
The Candy Tangerine Man,,60.0
The Candy Tangerine Man,,60.0
Hennessy,,22.0
The Man From Hong Kong,100.0,63.0
Infra-Man,100.0,75.0
Dersu Uzala,73.0,94.0
Killing Moon,,
That Lucky Touch,,
Journey Into Fear,,
Picnic at Hanging Rock,92.0,83.0
Get Down and Boogie,60.0,39.0
The Land That Time Forgot,,8.0
The Rocky Horror Picture Show,80.0,85.0
The Rocky Horror Picture Show,80.0,85.0
Coonskin,,79.0
The Great McGonagall,,40.0
92 in the Shade,,53.0
It Seemed Like a Good Idea at the Time,,0.0
Mitchell,,29.0
Swept Away... by an Unusual Destiny in the Blue Sea of August,59.0,80.0
"Give 'Em Hell, Harry!",100.0,82.0
Dog Day Afternoon,96.0,90.0
Three Days of the Condor,87.0,82.0
The Master Gunfighter,,50.0
The Master Gunfighter,,50.0
Conduct Unbecoming,63.0,39.0
Hearts of the West,90.0,42.0
Mahogany,29.0,75.0
Lisztomania,46.0,60.0
Royal Flash,50.0,64.0
Let's Do It Again,60.0,86.0
The Divine Nymph,,
Whiffs,,
Rooster Cogburn,45.0,70.0
Hester Street,79.0,68.0
Diamonds,,
The Giant Spider Invasion,,14.0
Take a Hard Ride,,27.0
Challenge to Be Free,,72.0
Crazy Mama,92.0,39.0
Overlord,89.0,73.0
Winterhawk,,73.0
Out of Season,,8.0
The Sunshine Boys,71.0,72.0
The Sunshine Boys,71.0,72.0
Stardust,77.0,86.0
A Boy and His Dog,,
The Human Factor,33.0,28.0
The Human Factor,33.0,28.0
One Flew Over the Cuckoo's Nest,93.0,96.0
Permission to Kill,,
Inserts,69.0,56.0
The Wrong Move,71.0,62.0
The Romantic Englishwoman,80.0,38.0
The Romantic Englishwoman,80.0,38.0
Inside Out,,37.0
Operation Daybreak,,77.0
Peeper,22.0,47.0
Against a Crooked Sky,,37.0
Six Pack Annie,,
Psychic Killer,,29.0
The Adventure of Sherlock Holmes' Smarter Brother,56.0,57.0
Deadly Hero,,75.0
Barry Lyndon,87.0,92.0
The Man Who Would Be King,97.0,90.0
The Adventures of the Wilderness Family,,60.0
Carry on Behind,,51.0
Killer Elite,28.0,42.0
Snow White and the Seven Dwarfs,97.0,78.0
The Story of Adele H,93.0,80.0
The Story of Adele H,93.0,80.0
Aaron Loves Angela,,83.0
The Black Bird,27.0,50.0
Breakheart Pass,68.0,59.0
Friday Foster,,41.0
Hustle,,24.0
Ride a Wild Pony,,60.0
Rocky,,
A Star Is Born,90.0,80.0
King Kong,84.0,50.0
The Silver Streak,,
All the President's Men,94.0,92.0
The Omen,26.0,40.0
The Enforcer,69.0,59.0
Midway,41.0,71.0
Bad News Bears,48.0,46.0
"Jim, the World's Greatest",,
Killer Force,,9.0
Dr. Black and Mr. Hyde,,13.0
The Four Deuces,,17.0
"Next Stop, Greenwich Village",86.0,64.0
Echoes of a Summer,,57.0
Taxi Driver,89.0,93.0
Hot Potato,,5.0
Gable and Lombard,0.0,46.0
"No Deposit, No Return",,66.0
Jack and the Beanstalk,,72.0
Deadly Hero,,75.0
The Killing of a Chinese Bookie,79.0,83.0
Grey Gardens,94.0,85.0
Griffin and Phoenix: A Love Story,,75.0
The First Nudie Musical,86.0,51.0
The First Nudie Musical,86.0,51.0
Black Shampoo,,48.0
Creature From Black Lake,,33.0
Robin and Marian,73.0,53.0
"I Will, I Will... for Now",40.0,
Moving Violation,,
The Man Who Fell to Earth,,67.0
The Man Who Fell to Earth,79.0,69.0
Mustang Country,,
The Slipper and the Rose,,90.0
Bobbie Jo and the Outlaw,,41.0
Ride a Wild Pony,,60.0
Sky Riders,,38.0
Caddie,,44.0
The Duchess and the Dirtwater Fox,50.0,55.0
Lipstick,18.0,35.0
The Blue Bird,,
Blue Bird,,
Bad News Bears,48.0,46.0
Sparkle,78.0,
All the President's Men,94.0,92.0
Family Plot,93.0,62.0
Jackson County Jail,,36.0
The Sailor Who Fell from Grace with the Sea,75.0,50.0
The Sailor Who Fell from Grace with the Sea,75.0,50.0
The River Niger,,44.0
Eat My Dust!,,36.0
Stay Hungry,67.0,40.0
Hollywood Boulevard,,46.0
Baby Blue Marine,,
The Missouri Breaks,79.0,60.0
The Premonition,,25.0
Premonition,8.0,50.0
1900,50.0,84.0
Embryo,,16.0
Hawmps!,,85.0
Drive-In,,60.0
"Mother, Jugs & Speed",53.0,53.0
"Won Ton Ton, the Dog Who Saved Hollywood",14.0,60.0
Leadbelly,,
The Little Girl Who Lives Down the Lane,93.0,75.0
Shoot,,46.0
The Last Hard Men,,53.0
Breaking Point,,45.0
Ode to Billy Joe,44.0,79.0
The Cars That Ate Paris,65.0,35.0
The Tenant,,16.0
The Tenant,84.0,87.0
Harry and Walter Go to New York,50.0,32.0
Silent Movie,79.0,72.0
The Food of the Gods,18.0,26.0
The Food of the Gods,18.0,26.0
Midway,41.0,71.0
The Big Bus,64.0,56.0
The Great Scout & Cathouse Thursday,,45.0
Logan's Run,58.0,67.0
Murder by Death,68.0,82.0
Buffalo Bill and the Indians,65.0,48.0
The Omen,26.0,40.0
Sweet Revenge,,
The Outlaw Josey Wales,91.0,91.0
The Outlaw Josey Wales,91.0,91.0
Treasure of Matecumbe,,47.0
Cannonball,0.0,35.0
Gus,,57.0
Mad Dog Morgan,,40.0
Shadow of the Hawk,,39.0
At the Earth's Core,33.0,33.0
The Bingo Long Traveling All-Stars and Motor Kings,87.0,65.0
Lifeguard,47.0,72.0
Special Delivery,,23.0
The Ape,100.0,56.0
Futureworld,36.0,30.0
Swashbuckler,40.0,56.0
Drum,11.0,53.0
Squirm,27.0,27.0
St. Ives,33.0,41.0
Obsession,,
The Wackiest Wagon Train in the West,,17.0
The Wackiest Wagon Train in the West,,17.0
The Return of a Man Called Horse,55.0,42.0
From Noon Till Three,43.0,60.0
The Devil's Playground,100.0,66.0
The Devil's Playground,,
The Ritz,67.0,79.0
The Great Texas Dynamite Chase,,41.0
The Great Texas Dynamite Chase,,41.0
The Gumball Rally,29.0,65.0
The Gumball Rally,29.0,65.0
The Shootist,,
The Shootist,81.0,88.0
Gator,25.0,43.0
J.D.'s Revenge,50.0,61.0
High Velocity,,60.0
Vigilante Force,17.0,14.0
In the Realm of the Senses,85.0,64.0
Bugsy Malone,79.0,80.0
The Front,,
The Front,69.0,74.0
Mad Dog Morgan,,40.0
Norman... Is That You?,40.0,70.0
A Matter of Time,,
The Smurfs and the Magic Flute,,49.0
Fighting Mad,,
Marathon Man,81.0,81.0
Scorchy,,38.0
"Harlan County, U.S.A.",100.0,92.0
Burnt Offerings,50.0,43.0
The Killer Inside Me,56.0,40.0
The Killer Inside Me,40.0,25.0
Diary of the Dead,,45.0
The Song Remains the Same,75.0,87.0
Car Wash,86.0,60.0
God Told Me To,80.0,51.0
Up,98.0,90.0
The Seven-Per-Cent Solution,72.0,68.0
Carry on England,,27.0
Buffalo Rider,,
Carrie,50.0,44.0
Assault on Precinct 13,60.0,48.0
The Next Man,11.0,21.0
Arab Conspiracy,,
Welcome to L.A.,,46.0
"Alice, Sweet Alice",77.0,61.0
Sybil,,88.0
The Last Tycoon,,61.0
The Last Tycoon,33.0,40.0
Rocky,,
Shout at the Devil,50.0,33.0
Network,91.0,93.0
Bound for Glory,81.0,76.0
A Star Is Born,90.0,80.0
The Silver Streak,,
Alice in Wonderland,,
Queen Kong,,19.0
At the Earth's Core,33.0,33.0
The Pink Panther Strikes Again,72.0,84.0
Tracks,,43.0
The Shaggy D.A.,50.0,44.0
Freaky Friday,88.0,58.0
King Kong,84.0,50.0
The Cassandra Crossing,36.0,52.0
The Cassandra Crossing,36.0,52.0
Across the Great Divide,,50.0
Mikey and Nicky,88.0,78.0
The Enforcer,69.0,59.0
Voyage of the Damned,77.0,52.0
The Monkey Hustle,,20.0
The Town That Dreaded Sundown,66.0,40.0
The Town That Dreaded Sundown,42.0,40.0
In Search of Noah's Ark,,44.0
Star Wars: Episode IV - A New Hope,93.0,96.0
Smokey and the Bandit,72.0,85.0
Close Encounters of the Third Kind,90.0,85.0
Saturday Night Fever,82.0,71.0
The Goodbye Girl,80.0,85.0
The Deep,42.0,38.0
The Deep,42.0,38.0
The Spy Who Loved Me,82.0,77.0
"Oh, God!",75.0,59.0
Annie Hall,97.0,92.0
The Sentinel,35.0,41.0
Pumping Iron,92.0,84.0
Scalpel,,33.0
Providence,73.0,86.0
The Late Show,95.0,77.0
The Late Show,95.0,77.0
Raw Deal,,
Fun With Dick and Jane,29.0,49.0
Twilight's Last Gleaming,80.0,73.0
Wizards,62.0,69.0
Fire Sale,,
In Search of Noah's Ark,,44.0
Thieves,,
The Spell,,
Spell,0.0,
Slap Shot,85.0,88.0
Tentacles,0.0,11.0
Mr. Billion,,12.0
Death Weekend,,28.0
The Farmer,,
The Many Adventures of Winnie the Pooh,100.0,87.0
Black Sunday,86.0,78.0
Airport '77,40.0,32.0
Eraserhead,89.0,82.0
The American Friend,88.0,80.0
The Domino Principle,14.0,20.0
The Domino Principle,14.0,20.0
Breaker! Breaker!,,29.0
Raggedy Ann and Andy: A Musical Adventure,,57.0
Audrey Rose,57.0,43.0
Demon Seed,59.0,47.0
Rabid,78.0,46.0
Jabberwocky,45.0,47.0
Annie Hall,97.0,92.0
3 Women,85.0,86.0
Between the Lines,94.0,52.0
The Man Who Loved Women,82.0,85.0
Bad,67.0,66.0
The Picture Show Man,,40.0
The White Buffalo,17.0,51.0
The White Buffalo,17.0,51.0
The Car,30.0,52.0
The Car,30.0,52.0
Handle With Care,,
Joseph Andrews,,45.0
Cross of Iron,71.0,87.0
The Greatest,,
Star Wars: Episode IV - A New Hope,93.0,96.0
Cinderella,98.0,80.0
Desperate Living,70.0,80.0
Smokey and the Bandit,72.0,85.0
Crossed Swords,,53.0
The Other Side of Midnight,25.0,73.0
For the Love of Benji,,59.0
Grand Theft Auto,27.0,35.0
Rollercoaster,17.0,
Exorcist II: The Heretic,11.0,13.0
The Getting of Wisdom,80.0,50.0
"New York, New York",57.0,58.0
Herbie Goes to Monte Carlo,60.0,57.0
The Rescuers,,
The Rescuers,79.0,68.0
Greased Lightning,,52.0
The Bad News Bears in Breaking Training,50.0,40.0
Stroszek,96.0,92.0
The Spy Who Loved Me,82.0,77.0
I Never Promised You a Rose Garden,40.0,54.0
The Happy Hooker Goes to Washington,,10.0
The Happy Hooker Goes to Washington,,10.0
MacArthur,45.0,60.0
The Last Remake of Beau Geste,50.0,63.0
The Deep,42.0,38.0
The Deep,42.0,38.0
One on One,,
Orca,,
The Hills Have Eyes,52.0,58.0
The Hills Have Eyes,52.0,58.0
Empire of the Ants,5.0,25.0
House!,20.0,
Brothers,,
March or Die,,46.0
The Kentucky Fried Movie,83.0,66.0
The Little Girl Who Lives Down the Lane,93.0,75.0
Sinbad and the Eye of the Tiger,60.0,55.0
Outlaw Blues,,45.0
Suspiria,65.0,72.0
That Obscure Object of Desire,97.0,90.0
"Race for Your Life, Charlie Brown!",50.0,81.0
Thunder and Lightning,,40.0
Joyride,,
You Light Up My Life,17.0,20.0
The Haunting of Julia,,58.0
The Haunting of Julia,,58.0
Soldier of Orange,91.0,87.0
"Another Man, Another Chance",57.0,56.0
Short Eyes,92.0,84.0
Bobby Deerfield,29.0,45.0
A Little Night Music,17.0,29.0
The Yellow Handkerchief,,
The Yellow Handkerchief,65.0,60.0
Julia,,
Roseland,,25.0
"Oh, God!",75.0,59.0
Rolling Thunder,,
The Chicken Chronicles,,55.0
The Chicken Chronicles,,55.0
Starship Invasions,,36.0
Alambrista,100.0,78.0
Equus,70.0,78.0
Looking for Mr. Goodbar,61.0,74.0
Damnation Alley,45.0,34.0
Ruby,57.0,10.0
Madame Rosa,89.0,93.0
Pete's Dragon,56.0,60.0
Heroes,,58.0
First Love,,
Which Way Is Up?,20.0,82.0
Turning Point,,34.0
Close Encounters of the Third Kind,90.0,85.0
The Mouse and His Child,,60.0
The Pack,,19.0
Planet of Dinosaurs,,32.0
Semi-Tough,83.0,33.0
Kingdom of the Spiders,50.0,36.0
The Hobbit: An Unexpected Journey,64.0,83.0
The Hobbit,71.0,65.0
The Goodbye Girl,80.0,85.0
Scott Joplin,,75.0
The Disappearance,,
Disappearance,64.0,
The Last Wave,82.0,79.0
Candleshoe,,71.0
Saturday Night Fever,82.0,71.0
Telefon,44.0,48.0
The World's Greatest Lover,15.0,54.0
The Gauntlet,75.0,54.0
The Gauntlet,75.0,54.0
The Choirboys,40.0,39.0
The Choirboys,40.0,39.0
Summer City,,20.0
The Duellists,74.0,83.0
High Anxiety,75.0,67.0
Opening Night,96.0,90.0
ABBA: The Movie,,68.0
Grayeagle,,70.0
Grease,66.0,87.0
Superman,,
National Lampoon's Animal House,91.0,89.0
Every Which Way But Loose,41.0,56.0
Heaven Can Wait,86.0,69.0
Hooper,57.0,61.0
Jaws 2,62.0,39.0
Revenge of the Pink Panther,84.0,70.0
The Deer Hunter,86.0,91.0
The Deer Hunter,86.0,91.0
Coma,,55.0
"September 30, 1955",,53.0
Get Out Your Handkerchiefs,83.0,75.0
Renaldo and Clara,38.0,67.0
The Class of Miss MacMichael,,
Mean Dog Blues,,
A Night Full of Rain,,33.0
The Boys in Company C,,77.0
The Boys in Company C,,77.0
Jubilee,100.0,58.0
The One and Only,,
One and Only,,
Hans Christian Andersen's The Little Mermaid (Andasen dôwa ningyo-hime),,82.0
The Betsy,17.0,22.0
The Betsy,17.0,22.0
Blue Collar,96.0,88.0
The Other Side of the Mountain Part 2,,77.0
Coming Home,83.0,83.0
The Serpent's Egg,20.0,56.0
The Serpent's Egg,20.0,56.0
Toolbox Murders,50.0,33.0
Fingers,85.0,69.0
Laserblast,,15.0
Sextette,25.0,32.0
Tomorrow Never Comes,,0.0
The Evil,,33.0
The Evil,,33.0
Coach,,0.0
Gray Lady Down,63.0,37.0
Return From Witch Mountain,50.0,39.0
The Fury,,
Fury,,
Big Sleep,,
House Calls,33.0,48.0
American Hot Wax,67.0,85.0
Casey's Shadow,80.0,72.0
An Enemy of the People,,
Straight Time,83.0,83.0
Game of Death,,20.0
Pretty Baby,71.0,58.0
Rabbit Test,,17.0
Deathsport,,27.0
The Medusa Touch,,73.0
Scenic Route,65.0,50.0
Scenic Route,65.0,50.0
Dawn of the Dead,76.0,77.0
Five Days From Home,,
I Wanna Hold Your Hand,90.0,75.0
Jennifer,,40.0
Silver Bears,,33.0
F.I.S.T.,67.0,56.0
The Last Waltz,,
The Last Waltz,98.0,94.0
FM,20.0,63.0
The Manitou,45.0,35.0
The Stud,,
The Stud,,31.0
Warlords of Atlantis,,42.0
It Lives Again,47.0,27.0
The End,56.0,50.0
Martin,90.0,76.0
Nunzio,,
Our Winning Season,,
The Greek Tycoon,0.0,27.0
The Greek Tycoon,0.0,27.0
The Buddy Holly Story,100.0,77.0
Shipwreck,,83.0
Shipwreck,,83.0
Thank God It's Friday,36.0,35.0
In Search of Anna,,
Harper Valley P.T.A.,,54.0
If Ever I See You Again,,86.0
Youngblood,44.0,69.0
American Graffiti,95.0,84.0
Big Wednesday,67.0,87.0
Here Come the Tigers,,33.0
High-Ballin',,28.0
The Bad News Bears Go to Japan,6.0,28.0
Capricorn One,65.0,58.0
Corvette Summer,56.0,43.0
Damien: Omen II,48.0,48.0
The Cat From Outer Space,67.0,59.0
The Cat From Outer Space,67.0,59.0
The Jungle Book,,75.0
Jungle Book,,
The Driver,,8.0
The Driver,79.0,77.0
Go Tell the Spartans,67.0,58.0
The Comeback,,
Comeback,,
Grease,66.0,87.0
Jaws 2,62.0,39.0
The Shout,87.0,68.0
Shout,20.0,39.0
Good Guys Wear Black,17.0,36.0
The Great Smokey Roadblock,,15.0
The Cheap Detective,53.0,57.0
Matilda,,53.0
Zero to Sixty,,17.0
Convoy,,0.0
Heaven Can Wait,86.0,69.0
The Wild Geese,70.0,76.0
The Seniors,,0.0
Hot Lead and Cold Feet,,65.0
Stunt Rock,80.0,30.0
Foul Play,,
Hooper,57.0,61.0
Mouth to Mouth,33.0,49.0
The Swarm,9.0,19.0
The Swarm,9.0,19.0
Revenge of the Pink Panther,84.0,70.0
International Velvet,,72.0
The Hound of the Baskervilles,,
The Hound of the Baskervilles,,69.0
Sgt. Pepper's Lonely Hearts Club Band,11.0,44.0
Star Wars: Episode IV - A New Hope,93.0,96.0
Circle of Iron,38.0,60.0
National Lampoon's Animal House,91.0,89.0
Newsfront,80.0,57.0
Eyes of Laura Mars,61.0,43.0
Interiors,78.0,79.0
The Magic of Lassie,,62.0
The Magic of Lassie,,62.0
Piranha,,
Girlfriends,,
Who'll Stop the Rain?,79.0,63.0
Absolution,,
A Wedding,100.0,86.0
Avalanche,,
Days of Heaven,94.0,89.0
The Odd Job,,14.0
Stay As You Are,,62.0
Almost Summer,,
Born Again,,
Death on the Nile,80.0,79.0
The Legacy,,
Legacy,,
Somebody Killed Her Husband,,
Two Solitudes,,
Patrick,40.0,
Remember My Name,70.0,40.0
Boys From Brazil,,
Drunken Master - The Beginning,81.0,85.0
The Norseman,,9.0
Who Is Killing the Great Chefs of Europe?,77.0,70.0
The Big Fix,86.0,84.0
The Big Fix,88.0,49.0
Bloodbrothers,,50.0
Midnight Express,90.0,88.0
Goin' South,69.0,49.0
Rescue From Gilligan's Island,,44.0
Goin' Coconuts,,40.0
Autumn Sonata,85.0,92.0
Attack of the Killer Tomatoes,27.0,42.0
Despair,65.0,76.0
The Wiz,44.0,65.0
Comes a Horseman,67.0,54.0
Money Movers,,56.0
The Great Bank Hoax,,12.0
Power Play,,
Watership Down,79.0,86.0
Magic,87.0,64.0
Slow Dancing in the Big City,,
The Children of Sanchez,,59.0
Paradise Alley,40.0,44.0
The Wild Geese,70.0,76.0
Killer of Sheep,98.0,84.0
Blue Fin,,56.0
The Further Adventures of the Wilderness Family,,48.0
Just a Gigolo,33.0,38.0
The Lord of the Rings,49.0,64.0
The Lord of the Rings,49.0,64.0
The Long Weekend,,38.0
Movie Movie,,57.0
"Same Time, Next Year",40.0,85.0
I Spit on Your Grave,51.0,40.0
The Brink's Job,70.0,56.0
The Brink's Job,70.0,56.0
The Deer Hunter,86.0,91.0
The Deer Hunter,86.0,91.0
Force 10 From Navarone,67.0,56.0
Killer's Moon,,8.0
Oliver's Story,25.0,24.0
Superman,,
Pinocchio,0.0,33.0
Uncle Joe Shannon,,
Every Which Way But Loose,41.0,56.0
King of the Gypsies,67.0,62.0
Starcrash,33.0,36.0
Brass Target,,35.0
California Suite,48.0,45.0
Moment by Moment,22.0,24.0
They Went That-A-Way and That-A-Way,,0.0
Ice Castles,44.0,68.0
Kramer vs. Kramer,89.0,89.0
The Amityville Horror,31.0,52.0
The Amityville Horror,24.0,52.0
Rocky II,71.0,82.0
Star Trek: The Motion Picture,53.0,42.0
Alien,93.0,94.0
Apocalypse Now,97.0,94.0
10,68.0,56.0
The Jerk,82.0,84.0
The Moonraker,,38.0
The Muppet Movie,89.0,88.0
The Muppet Movie,89.0,88.0
Deliver Them From Evil: The Taking of Alta View,,
Richard Pryor: Live in Concert,92.0,93.0
Love on the Run,,
ABBA: The Movie,,68.0
Agatha,71.0,58.0
Hardcore,,
Murder by Decree,86.0,64.0
The North Avenue Irregulars,78.0,79.0
Quintet,27.0,37.0
The Warriors,,
Fast Break,,56.0
The Passage,,
Passage,,
Norma Rae,91.0,79.0
The Odd Angry Shot,,78.0
Real Life,82.0,83.0
Starcrash,33.0,36.0
Al Waad,,
Promise,,14.0
Hair,83.0,87.0
Tourist Trap,,
Voices,,29.0
Out of Omaha,,16.0
The China Syndrome,88.0,81.0
The Riddle of the Sands,,46.0
Boulevard Nights,,91.0
Phantasm,74.0,67.0
The Champ,96.0,76.0
CHAMP,,
The Fifth Musketeer,,42.0
Love at First Bite,70.0,55.0
The Exorcist,78.0,87.0
The Exorcist,78.0,87.0
Hurricane,,
Mad Max,90.0,70.0
Tilt,,57.0
Manhattan,94.0,92.0
An Almost Perfect Affair,,
Dreamer: Inspired by a True Story,64.0,78.0
A Little Romance,72.0,84.0
Saint Jack,72.0,75.0
Fast Charlie... The Moonbeam Rider,,
Metamorphoses,,
Last Embrace,58.0,31.0
Beneath the Valley of the Ultravixens,,55.0
The Ravagers,,50.0
The Kids Are Alright,100.0,88.0
Zulu Dawn,50.0,61.0
Winter Kills,92.0,54.0
Hanover Street,70.0,40.0
Over the Edge,85.0,84.0
Alien,93.0,94.0
Beyond the Poseidon Adventure,0.0,21.0
Jaws,97.0,90.0
The Prisoner of Zenda,,
Prisoner of Zenda,,
Wanda Nevada,,37.0
The Brood,81.0,68.0
Escape to Athena,,32.0
The Plumber,,
The Plumber,,61.0
Butch and Sundance: The Early Days,33.0,52.0
The Driller Killer,64.0,32.0
The Driller Killer,64.0,32.0
Goldengirl,,
The In-Laws,90.0,83.0
The In-Laws,33.0,40.0
"The Night, the Prowler",,
Prophecy,100.0,
Rocky II,71.0,82.0
Walk Proud,,93.0
The Water Babies,,70.0
Escape From Alcatraz,97.0,85.0
The Kirlian Witness,,
The Main Event,29.0,25.0
The Muppet Movie,89.0,88.0
The Muppet Movie,89.0,88.0
Nightwing,33.0,26.0
The Apple Dumpling Gang Rides Again,,53.0
Master Killer,83.0,89.0
Bloodline,,
Meatballs,73.0,57.0
The Moonraker,,38.0
Up From the Depths,,9.0
J Men Forever,,73.0
Arabian Adventure,,36.0
The Last of the Knucklemen,,
Breaking Away,95.0,88.0
Dracula,,39.0
The Frisco Kid,54.0,67.0
Frisco Kid,,29.0
The Wanderers,,
The Wanderers,89.0,87.0
The Europeans,80.0,38.0
The Europeans,80.0,38.0
A Spaceman in King Arthur's Court,,31.0
The Amityville Horror,31.0,52.0
The Amityville Horror,24.0,52.0
A Force of One,,28.0
The Villain,0.0,39.0
North Dallas Forty,85.0,71.0
The Concorde: Airport '79,25.0,14.0
The Concorde: Airport '79,25.0,14.0
More American Graffiti,20.0,33.0
Meetings With Remarkable Men,,74.0
Hot Stuff,,74.0
Sunburn,,53.0
Apocalypse Now,97.0,94.0
Caligula,21.0,38.0
Star Wars: Episode IV - A New Hope,93.0,96.0
Life of Brian,96.0,93.0
My Brilliant Career,86.0,66.0
The Prisoner of Zenda,,
Prisoner of Zenda,,
Rich Kids,67.0,43.0
The Seduction of Joe Tynan,75.0,38.0
Rock 'n' Roll High School,81.0,75.0
City on Fire,,23.0
Patrick,40.0,
The Tempest,,
The Tempest,31.0,27.0
The Onion Field,87.0,64.0
The Onion Field,87.0,64.0
Yanks,57.0,62.0
Heartland,100.0,86.0
Mr. Mike's Mondo Video,,33.0
La Luna,,
"A Man, a Woman and a Bank",,22.0
Sleeping Beauty,,
Time After Time,88.0,71.0
When a Stranger Calls,9.0,43.0
Wise Blood,88.0,74.0
Siberiade,,92.0
Skatetown U.S.A.,,33.0
10,68.0,56.0
Nosferatu the Vampyre,95.0,83.0
The Black Stallion,90.0,83.0
...And Justice for All,83.0,80.0
Avalanche Express,20.0,12.0
Head Over Heels,90.0,92.0
French Postcards,,67.0
Jesús,79.0,60.0
Meteor,,23.0
The Great Santini,95.0,75.0
The Great Santini,95.0,75.0
The Magician of Lublin,,
Tess,81.0,77.0
Bear Island,,30.0
Promises in the Dark,,50.0
Quadrophenia,100.0,83.0
Running,,
The Fish That Saved Pittsburgh,,71.0
The Rose,74.0,81.0
Rose,,
Eagle's Wing,,26.0
All Quiet on the Western Front,98.0,89.0
The Cat and the Canary,,72.0
The Silent Scream,,
Silent Scream,,
Salem's Lot,89.0,65.0
Mountain Family Robinson,,61.0
The Visitor,,
Visitor,,
Birth of the Beatles,,58.0
Yesterday's Hero,,0.0
Love and Bullets,,38.0
Star Trek: The Motion Picture,53.0,42.0
Wise Blood,88.0,74.0
1941,39.0,48.0
Chapter Two,50.0,35.0
The Jerk,82.0,84.0
The War At Home,,
Being There,95.0,92.0
The Human Factor,33.0,28.0
The Human Factor,33.0,28.0
Kramer vs. Kramer,89.0,89.0
Roller Boogie,0.0,54.0
All That Jazz,87.0,85.0
Baby Snakes,,92.0
Mind's Eye,,
The Black Hole,,8.0
Cuba,42.0,28.0
C.H.O.M.P.S.,,28.0
The Electric Horseman,64.0,57.0
Scavenger Hunt,,74.0
Going in Style,82.0,75.0
Star Wars: Episode V - The Empire Strikes Back,95.0,97.0
Star Wars: Episode V - The Empire Strikes Back,95.0,97.0
9 to 5,69.0,74.0
Stir Crazy,69.0,75.0
Airplane!,97.0,89.0
Any Which Way You Can,20.0,45.0
Private Benjamin,83.0,60.0
Coal Miner's Daughter,86.0,86.0
Smokey and the Bandit II,25.0,43.0
The Blue Lagoon,12.0,53.0
The Blue Lagoon,12.0,53.0
The Blues Brothers,72.0,92.0
The Blues Brothers,72.0,92.0
Cardiac Arrest,,
Just Tell Me What You Want,,47.0
Windows,0.0,10.0
In Search of Historic Jesus,,
To All a Good Night,,21.0
American Gigolo,75.0,50.0
Fatso,29.0,65.0
Simon,67.0,88.0
2001: A Space Odyssey,92.0,89.0
Hero at Large,,67.0
The Fog,,
The Fog,4.0,19.0
The Last Married Couple in America,,22.0
Midnight Madness,,70.0
The Young Master,,79.0
Caligula,21.0,38.0
Cruising,51.0,49.0
Mad Max,90.0,70.0
Saturn 3,33.0,30.0
Scruples,,80.0
Good Riddance,,
Don't Answer the Phone,,17.0
Foxes,70.0,56.0
The Ninth Configuration,81.0,76.0
She,,24.0
Coal Miner's Daughter,86.0,86.0
Lady and the Tramp,93.0,80.0
Permanent Vacation,,4.0
Breaker Morant,100.0,91.0
Forbidden Zone,,
Little Darlings,67.0,74.0
Little Miss Marker,89.0,73.0
Nijinsky,50.0,29.0
The Changeling,,60.0
The Changeling,85.0,79.0
Gilda Live,,82.0
Serial,60.0,78.0
Tom Horn,71.0,70.0
When Time Ran Out,0.0,20.0
Baltimore Bullet,,56.0
Baltimore Bullet,,56.0
H.E.A.L.T.H.,,31.0
The Gambler,,
Gambler,,
Bad Timing,,
Home Movies,,39.0
The Private Eyes,,83.0
The Private Eyes,,83.0
Stalker,,
The Watcher in the Woods,,51.0
The Watcher in the Woods,52.0,57.0
Death Watch,73.0,59.0
Heart Beat,20.0,40.0
Where the Buffalo Roam,19.0,73.0
Gorp,,23.0
Friday the Thirteenth,,47.0
The Nude Bomb,17.0,39.0
Out of the Blue,,40.0
Fame,81.0,69.0
The Great Rock 'n' Roll Swindle,100.0,72.0
Humanoids From the Deep,55.0,41.0
The Long Riders,81.0,73.0
Star Wars: Episode V - The Empire Strikes Back,95.0,97.0
Star Wars: Episode V - The Empire Strikes Back,95.0,97.0
Carny,,
Die Laughing,,
The Gong Show Movie,,37.0
The Shining,83.0,93.0
The Hollywood Knights,14.0,71.0
The Mountain Men,43.0,63.0
The Happy Hooker Goes Hollywood,,33.0
Galaxina,17.0,22.0
Up the Academy,0.0,43.0
Urban Cowboy,70.0,80.0
Bronco Billy,75.0,48.0
The Children,,
Children,,25.0
The Island,40.0,63.0
Island,,
Roadie,14.0,57.0
Wholly Moses!,13.0,39.0
Animalympics,,88.0
Rough Cut,,12.0
The Blues Brothers,72.0,92.0
The Blues Brothers,72.0,92.0
Brubaker,75.0,73.0
Can't Stop the Music,22.0,37.0
Herbie Goes Bananas,40.0,36.0
The Last Flight of Noah's Ark,,40.0
The Stunt Man,91.0,73.0
Airplane!,97.0,89.0
Alligator,86.0,49.0
Jane Austen in Manhattan,,0.0
The Sea Wolves,,40.0
Sea Wolves,,
The Blue Lagoon,12.0,53.0
The Blue Lagoon,12.0,53.0
How to Beat the High Cost of Living,,42.0
"Oh, Heavenly Dog!",,45.0
Used Cars,77.0,69.0
The Big Red One,90.0,78.0
The Big Red One,90.0,78.0
Cheech & Chong's Next Movie,,71.0
Honeysuckle Rose,60.0,75.0
The Little Dragons,,
Prom Night,9.0,38.0
The Earthling,,88.0
Caddyshack,72.0,87.0
Dressed to Kill,83.0,74.0
Middle Age Crazy,,25.0
The Final Countdown,52.0,60.0
The Hunter,79.0,44.0
Hunter,,
I Go Pogo,,
Loose Shoes,,16.0
Raise the Titanic,38.0,28.0
The Fiendish Plot of Dr. Fu Manchu,15.0,42.0
The Fiendish Plot of Dr. Fu Manchu,15.0,42.0
Xanadu,30.0,58.0
Why Would I Lie?,,
The Kidnapping of the President,,36.0
The Kidnapping of the President,,36.0
Smokey and the Bandit II,25.0,43.0
"Those Lips, Those Eyes",,40.0
Willie and Phil,,33.0
The Octagon,25.0,32.0
He Knows You're Alone,30.0,31.0
McVicar,,85.0
Battle Beyond the Stars,50.0,42.0
Phobia,,18.0
The Big Brawl,67.0,43.0
The Gods Must Be Crazy,85.0,84.0
The Gods Must Be Crazy,85.0,84.0
The Exterminator,38.0,39.0
Melvin and Howard,92.0,60.0
Mother's Day,46.0,38.0
Ordinary People,89.0,88.0
Super Fuzz,14.0,54.0
Divine Madness,100.0,90.0
Hopscotch,81.0,78.0
My Bodyguard,79.0,70.0
Resurrection,,
Stardust Memories,66.0,78.0
Without Warning,,
Coast to Coast,,
The First Deadly Sin,67.0,30.0
Glória,,
The Man With Bogart's Face,,64.0
The Man With Bogart's Face,,64.0
"Oh, God! Book II",43.0,37.0
One-Trick Pony,,45.0
Somewhere in Time,52.0,88.0
Terror Train,44.0,38.0
The Elephant Man,,88.0
It's My Turn,17.0,25.0
Kagemusha,89.0,92.0
Private Benjamin,83.0,60.0
Song of the South,50.0,72.0
Fade to Black,,
Foolin' Around,,75.0
Loving Couples,,80.0
Schizoid,,19.0
Times Square,50.0,73.0
Motel Hell,67.0,53.0
The Awakening,,43.0
Awakening,,
Borderline,,71.0
Sunday Lovers,,
Touched by Love,,87.0
Witches' Brew,,40.0
The Long Good Friday,97.0,89.0
The Long Good Friday,97.0,89.0
The Boogeyman,61.0,66.0
Boogeyman,13.0,21.0
Christmas Evil,67.0,36.0
Shogun Assassin,82.0,92.0
The Idolmaker,90.0,85.0
Raging Bull,92.0,93.0
Heaven's Gate,57.0,54.0
The Apple,85.0,84.0
Babylon,100.0,46.0
The Visitor,,
Visitor,,
The Competition,,
The Competition,67.0,63.0
Superman II,83.0,76.0
Popeye,,
Stir Crazy,69.0,75.0
Tess,81.0,77.0
Any Which Way You Can,20.0,45.0
The Dogs of War,70.0,53.0
The Dogs of War,70.0,53.0
Nightkill,,24.0
9 to 5,69.0,74.0
The Aristocats,,
The Aristocats,64.0,70.0
The Formula,,15.0
The Formula,30.0,22.0
Inside Moves,67.0,76.0
The Jazz Singer,78.0,56.0
The Jazz Singer,,0.0
The Mirror Crack'd,62.0,47.0
Seems Like Old Times,70.0,64.0
Altered States,86.0,71.0
First Family,20.0,11.0
Raiders of the Lost Ark,93.0,96.0
On Golden Pond,91.0,87.0
Superman II,83.0,76.0
Stripes,88.0,79.0
The Cannonball Run,29.0,61.0
Chariots of Fire,83.0,80.0
For Your Eyes Only,69.0,64.0
The Four Seasons,76.0,75.0
Four Seasons,,67.0
Time Bandits,91.0,77.0
Scream,76.0,82.0
Blood Beach,13.0,25.0
Zombi 2,43.0,69.0
Earthbound,,
The Incredible Shrinking Woman,27.0,51.0
The Incredible Shrinking Woman,27.0,51.0
"Fort Apache, the Bronx",80.0,66.0
My Bloody Valentine,58.0,52.0
American Pop,65.0,80.0
Charlie Chan and the Curse of the Dragon Queen,29.0,32.0
All Night Long,,
The Devil and Max Devlin,17.0,25.0
Maniac,,
On the Right Track,,31.0
Back Roads,40.0,36.0
The Funhouse,67.0,43.0
The Funhouse,67.0,43.0
Modern Romance,83.0,71.0
Amy,,74.0
Cutter's Way,92.0,70.0
Inseminoid,,13.0
Eyes of a Stranger,43.0,37.0
Thief,,
Alice in Wonderland,,
Atlantic City,100.0,78.0
Hardly Working,9.0,24.0
This Is Elvis,89.0,88.0
Nighthawks,71.0,55.0
Excalibur,72.0,81.0
Going Ape!,,24.0
The Howling,74.0,60.0
Knightriders,80.0,61.0
Star Wars: Episode IV - A New Hope,93.0,96.0
Caveman,33.0,54.0
Lion of the Desert,75.0,93.0
Cattle Annie and Little Britches,,71.0
The Hand,,93.0
Hand,,
Ms. 45,85.0,72.0
Night School,,27.0
Take This Job and Shove It,,50.0
"Friday the 13th, Part 2",33.0,48.0
Graduation Day,57.0,18.0
Image of the Beast,,50.0
The Burning,,
Burning,,
Lady Chatterley's Lover,,
Fan,81.0,78.0
Happy Birthday to Me,29.0,42.0
Death Hunt,17.0,70.0
Bustin' Loose,60.0,61.0
The Four Seasons,76.0,75.0
Four Seasons,,67.0
The Legend of the Lone Ranger,,57.0
The Legend of the Lone Ranger,,57.0
Outland,54.0,54.0
Dead and Buried,68.0,59.0
The Night the Lights Went Out in Georgia,,75.0
Polyester,94.0,81.0
Cheech & Chong's Nice Dreams,43.0,68.0
Final Exam,,
Tuck Everlasting,60.0,70.0
Clash of the Titans,64.0,70.0
Freaky Friday,88.0,58.0
Herbie Goes Bananas,40.0,36.0
Herbie Goes to Monte Carlo,60.0,57.0
History of the World: Part I,61.0,81.0
Raiders of the Lost Ark,93.0,96.0
The Cannonball Run,29.0,61.0
Herbie Rides Again,83.0,53.0
Superman II,83.0,76.0
Swiss Family Robinson,,
Dragonslayer,84.0,63.0
For Your Eyes Only,69.0,64.0
The Great Muppet Caper,78.0,78.0
Stripes,88.0,79.0
S.O.B.,81.0,64.0
The Fox and the Hound,,
The Fox and the Hound,75.0,78.0
Endless Love,26.0,51.0
"Zorro, the Gay Blade",50.0,72.0
Blow Out,89.0,81.0
Eye of the Needle,85.0,75.0
Wolfen,77.0,47.0
Under the Rainbow,0.0,48.0
Condorman,27.0,65.0
Heavy Metal,,
Student Bodies,33.0,52.0
"Tarzan, the Ape Man",,20.0
Deadly Blessing,38.0,28.0
An Eye for an Eye,,
They All Laughed,50.0,50.0
An American Werewolf in London,89.0,85.0
First Monday in October,,45.0
Honky Tonk Freeway,,54.0
Prince of the City,92.0,82.0
Chu Chu and the Philly Flash,,
Hell Night,57.0,44.0
Private Lessons,,
Continental Divide,73.0,54.0
Das Boot,98.0,96.0
The French Lieutenant's Woman,83.0,67.0
Mommie Dearest,48.0,72.0
Raggedy Man,83.0,57.0
Rich and Famous,,59.0
The Boogens,22.0,30.0
The Carbon Copy,,
So Fine,63.0,31.0
Southern Comfort,,
True Confessions,71.0,53.0
Enter the Ninja,43.0,37.0
Paternity,,25.0
Zoot Suit,55.0,74.0
Full Moon High,,38.0
Tattoo,,
The Watcher in the Woods,,51.0
The Watcher in the Woods,52.0,57.0
My Dinner With Andre,92.0,85.0
Just Before Dawn,60.0,52.0
The Evil Dead,86.0,84.0
The Evil Dead,86.0,84.0
...All the Marbles,,68.0
Nightmare,,50.0
The Pit,,38.0
Silence of the North,,60.0
Halloween II,33.0,63.0
Looker,32.0,40.0
Shock Treatment,43.0,62.0
Death of a Centerfold: The Dorothy Stratten Story,,
Prowler,,
Fantasies,,
Time Bandits,91.0,77.0
Porky's,,50.0
"The Looney, Looney, Looney Bugs Bunny Movie",,68.0
"The Looney, Looney, Looney Bugs Bunny Movie",,68.0
Ragtime,84.0,76.0
Whose Life Is It Anyway?,70.0,79.0
On Golden Pond,91.0,87.0
Reds,90.0,82.0
Buddy Buddy,65.0,43.0
Dawn of the Mummy,,23.0
Four Friends,78.0,72.0
Rollover,70.0,33.0
Absence of Malice,81.0,63.0
Cinderella,98.0,80.0
Ghost Story,29.0,45.0
Neighbors,,
Sharky's Machine,83.0,63.0
Chariots of Fire,83.0,80.0
Taps,68.0,67.0
Modern Problems,,31.0
E.T. the Extra-Terrestrial,99.0,72.0
Tootsie,91.0,81.0
Rocky III,66.0,74.0
Porky's,,50.0
Star Trek II: The Wrath of Khan,87.0,90.0
48 HRS.,92.0,69.0
Poltergeist,88.0,79.0
The Best Little Whorehouse in Texas,48.0,68.0
Annie,49.0,69.0
Death Valley,75.0,4.0
The Seduction,,44.0
Shoot the Moon,86.0,75.0
Vice Squad,60.0,65.0
The Border,65.0,52.0
Border,,
Butterfly,,
Night Crossing,80.0,66.0
Personal Best,74.0,52.0
One From the Heart,51.0,61.0
The Amateur,,
Amateur,,
The Beast Within,,
The Beast Within,17.0,33.0
Cannery Row,75.0,72.0
Making Love,56.0,58.0
Missing,,56.0
Quest for Fire,88.0,75.0
Barbarosa,100.0,72.0
Swamp Thing,60.0,40.0
Death Wish II,33.0,44.0
Evilspeak,47.0,36.0
Evil Under the Sun,92.0,73.0
Fitzcarraldo,75.0,92.0
I'm Dancing as Fast as I Can,33.0,53.0
Parasite,,
Deathtrap,74.0,70.0
Victor/Victoria,97.0,86.0
Eating Raoul,86.0,71.0
I Ought to Be in Pictures,80.0,43.0
Cat People,92.0,73.0
Fantasia,95.0,83.0
Pandemonium,,45.0
Penitentiary II,,
Silent Rage,67.0,39.0
Some Kind of Hero,50.0,33.0
Basket Case,77.0,54.0
Chan Is Missing,96.0,75.0
If You Could See What I Hear,,77.0
The Sword and the Sorcerer,67.0,45.0
"Kiss Me, Kill Me",,33.0
Next of Kin,50.0,46.0
Partners,,
Soup for One,,
Diner,92.0,77.0
Forbidden World,60.0,30.0
Paradise,,
Conan the Barbarian,67.0,74.0
The House Where Evil Dwells,,21.0
The Return of the Soldier,,43.0
Wrong Is Right,27.0,38.0
Annie,49.0,69.0
Dead Men Don't Wear Plaid,77.0,72.0
Fighting Back,20.0,47.0
Britannia Hospital,50.0,54.0
The Escape Artist,80.0,63.0
The Escape Artist,80.0,63.0
Rocky III,66.0,74.0
Visiting Hours,14.0,25.0
The Chosen,,
Chosen,,43.0
Hanky Panky,45.0,31.0
Poltergeist,88.0,79.0
Star Trek II: The Wrath of Khan,87.0,90.0
E.T. the Extra-Terrestrial,99.0,72.0
Grease 2,35.0,53.0
Author! Author!,50.0,48.0
Firefox,41.0,42.0
Blade Runner,89.0,91.0
Megaforce,6.0,44.0
The Thing,34.0,42.0
The Secret of NIMH,93.0,85.0
Tron,73.0,69.0
Six Pack,,71.0
Summer Lovers,25.0,56.0
Young Doctors in Love,35.0,34.0
The Best Little Whorehouse in Texas,48.0,68.0
The Challenge,,60.0
The Challenge,,35.0
The World According to Garp,71.0,78.0
The World According to Garp,71.0,78.0
Zapped!,6.0,39.0
Forced Vengeance,,41.0
The Last American Virgin,77.0,65.0
Night Shift,93.0,63.0
Tex,85.0,65.0
Things Are Tough All Over,,63.0
The Pirate Movie,9.0,77.0
Fast Times at Ridgemont High,78.0,80.0
The Tempest,31.0,27.0
The BeastMaster,50.0,54.0
Class of 1984,71.0,67.0
The Junkman,,60.0
The Junkman,,60.0
Querelle,63.0,70.0
The Concrete Jungle,,20.0
Endangered Species,19.0,18.0
Starstruck,,17.0
Hammett,77.0,62.0
Inchon!,0.0,7.0
Pink Floyd - The Wall,73.0,89.0
"Yes, Giorgio",33.0,37.0
The Facts of Life Goes to Paris,,
The Shadow Riders,,70.0
Hey Good Lookin',,52.0
My Favorite Year,97.0,84.0
The Draughtsman's Contract,97.0,85.0
Split Image,,72.0
Love Child,,40.0
The Plague Dogs,67.0,90.0
The Plague Dogs,67.0,90.0
First Blood,86.0,86.0
Halloween III: Season of the Witch,50.0,29.0
Jinxed!,,29.0
Monsignor,0.0,17.0
Sender,,
It Came From Hollywood,,55.0
Class Reunion,,
Q,73.0,43.0
Fast-Walking,,48.0
The Man From Snowy River,85.0,89.0
The Scarlet Pimpernel,,
Creepshow,66.0,69.0
Alone in the Dark,1.0,11.0
"Come Back to the 5 & Dime Jimmy Dean, Jimmy Dean",86.0,81.0
Five Days One Summer,25.0,33.0
Jimmy the Kid,,
The Slumber Party Massacre,48.0,46.0
The Slumber Party Massacre,48.0,46.0
They Call Me Bruce?,,46.0
White Dog,94.0,73.0
Bugs Bunny's 3rd Movie: 1001 Rabbit Tales,,63.0
Heidi's Song,,92.0
The Last Unicorn,77.0,86.0
The Last Unicorn,77.0,86.0
Still of the Night,63.0,47.0
The Executioner's Song,,75.0
Frances,67.0,78.0
48 HRS.,92.0,69.0
Gandhi,89.0,92.0
The Verdict,,
The Verdict,88.0,88.0
Mighty Mouse in the Great Space Chase,,
Sophie's Choice,74.0,85.0
The Toy,3.0,53.0
Honkytonk Man,93.0,64.0
The Grey Fox,100.0,78.0
The Grey Fox,100.0,78.0
The Year of Living Dangerously,88.0,77.0
The Year of Living Dangerously,88.0,77.0
Best Friends,62.0,30.0
Universal Pictures Presents: The Dark Crystal,,80.0
The Dark Crystal,78.0,81.0
Six Weeks,,68.0
Tootsie,91.0,81.0
Trail of the Pink Panther,23.0,32.0
Kiss Me Goodbye,,60.0
Star Wars: Episode VI - Return of the Jedi,82.0,94.0
Terms of Endearment,82.0,83.0
Flashdance,37.0,61.0
Trading Places,89.0,85.0
WarGames,94.0,76.0
Octopussy,42.0,47.0
Sudden Impact,51.0,54.0
Staying Alive,0.0,40.0
Mr. Mom,76.0,57.0
Risky Business,,
Xtro,44.0,37.0
The House on Sorority Row,50.0,62.0
Treasure of the Four Crowns,,32.0
Sacred Ground,,43.0
The Entity,,
The Entity,62.0,61.0
Videodrome,83.0,80.0
Without a Trace,86.0,76.0
Let's Spend the Night Together,,62.0
Local Hero,100.0,87.0
Lovesick,,
Sting II,,40.0
Table for Five,67.0,59.0
Betrayal,,
"Baby, It's You",94.0,71.0
Curtains,63.0,37.0
My Tutor,,38.0
Tender Mercies,82.0,81.0
Trenchcoat,,33.0
High Road to China,,64.0
Eddie Macon's Run,,20.0
Bad Boys,,
The Black Stallion Returns,20.0,72.0
The Black Stallion Returns,20.0,72.0
Max Dugan Returns,71.0,67.0
The Outsiders,,
The Outsiders,70.0,82.0
Tough Enough,,63.0
Monty Python's The Meaning of Life,86.0,83.0
Heart Like a Wheel,100.0,82.0
Screwballs,,35.0
Conquest,,
Flashdance,37.0,61.0
Liquid Sky,93.0,70.0
Lone Wolf McQuade,57.0,67.0
Exposed,,
Return of the Aliens' Deadly Spawn,,52.0
The Hunger,59.0,66.0
Hambre,,
Something Wicked This Way Comes,61.0,64.0
Valley Girl,84.0,71.0
The Final Terror,33.0,25.0
V,70.0,77.0
Cheech & Chong Still Smokin',10.0,65.0
Doctor Detroit,33.0,40.0
Blue Thunder,78.0,53.0
Deadly Eyes,33.0,28.0
Nostalghia,88.0,90.0
The Moon in the Gutter,20.0,52.0
Bill Cosby: Himself,67.0,93.0
Eureka,,
The Mack,60.0,85.0
The Mack,60.0,85.0
Spacehunter: Adventures in the Forbidden Zone,27.0,36.0
Star Wars: Episode VI - Return of the Jedi,82.0,94.0
Chained Heat,56.0,44.0
The Man With Two Brains,79.0,64.0
WarGames,94.0,76.0
Trading Places,89.0,85.0
Octopussy,42.0,47.0
Superman III,29.0,23.0
The Survivors,,
The Survivors,9.0,44.0
Porky's II: The Next Day,10.0,40.0
Twilight Zone: The Movie,60.0,55.0
Yellowbeard,22.0,63.0
Stroker Ace,19.0,50.0
Class,29.0,49.0
Staying Alive,0.0,40.0
Zelig,97.0,88.0
Mr. Mom,76.0,57.0
Krull,35.0,52.0
National Lampoon's Vacation,94.0,85.0
Get Crazy,,66.0
Risky Business,,
The Star Chamber,77.0,42.0
Twice Upon a Time,,91.0
Cujo,59.0,45.0
Curse of the Pink Panther,29.0,23.0
The Man Who Wasn't There,81.0,85.0
Smokey and the Bandit Part 3,17.0,17.0
Prisoners of the Lost Universe,,15.0
Easy Money,,
Metalstorm: The Destruction of Jared-Syn,,23.0
"Yor, the Hunter From the Future",14.0,47.0
Daniel,43.0,54.0
Fire and Ice,,
Hercules,82.0,76.0
Strange Brew,75.0,81.0
Young Warriors,,44.0
Escape 2000,,18.0
"Merry Christmas, Mr. Lawrence",86.0,79.0
Mortuary,,30.0
Streamers,55.0,44.0
Nightmares,29.0,31.0
Heat and Dust,79.0,59.0
Revenge of the Ninja,,58.0
Strange Invaders,67.0,34.0
Vigilante,20.0,69.0
Eddie and the Cruisers,38.0,73.0
Pieces,43.0,50.0
The Big Chill,69.0,77.0
Brainstorm,,
Going Berserk,,31.0
The Lonely Lady,0.0,25.0
Never Cry Wolf,100.0,84.0
Never Say Never Again,71.0,37.0
Romantic Comedy,94.0,43.0
Tiger Town,,82.0
All the Right Moves,61.0,39.0
The Dead Zone,89.0,77.0
The Right Stuff,96.0,90.0
The Right Stuff,96.0,90.0
Rumble Fish,76.0,80.0
Under Fire,91.0,70.0
Educating Rita,82.0,81.0
The Wicked Lady,,38.0
National Lampoon's Movie Madness,0.0,19.0
Deal of the Century,10.0,18.0
Experience Preferred... but Not Essential,88.0,
From Russia With Love,97.0,84.0
The Moonraker,,38.0
The Osterman Weekend,45.0,37.0
Running Brave,,83.0
Testament,89.0,74.0
Star 80,81.0,70.0
Amityville: The Demon,14.0,18.0
The Pottsville Horror,,19.0
Nate and Hayes,0.0,59.0
Sleepaway Camp,81.0,61.0
The Day After,86.0,69.0
Of Unknown Origin,63.0,40.0
The Smurfs and the Magic Flute,,49.0
The Dresser,100.0,60.0
The Dresser,100.0,86.0
Christine,72.0,64.0
Scarface,79.0,93.0
Sudden Impact,51.0,54.0
Terms of Endearment,82.0,83.0
Yentl,69.0,75.0
Silkwood,76.0,78.0
D.C. Cab,18.0,52.0
"Reuben, Reuben",100.0,78.0
The Keep,39.0,43.0
The Rescuers,,
The Rescuers,79.0,68.0
The Man Who Loved Women,82.0,85.0
To Be or Not to Be,96.0,93.0
Uncommon Valor,,
The Makioka Sisters,100.0,70.0
Ghostbusters,95.0,88.0
Beverly Hills Cop,82.0,82.0
Indiana Jones and the Temple of Doom,77.0,82.0
Gremlins,86.0,78.0
The Karate Kid,90.0,82.0
Police Academy,56.0,64.0
Footloose,55.0,71.0
Romancing the Stone,86.0,69.0
Star Trek III: The Search for Spock,79.0,68.0
Splash,91.0,62.0
Angel,,
The Buddy System,,50.0
Broadway Danny Rose,100.0,84.0
The Lonely Guy,50.0,47.0
El Norte,92.0,82.0
Reckless,,44.0
Unfaithfully Yours,94.0,85.0
Blame It on Rio,7.0,40.0
Crackers,0.0,34.0
Footloose,55.0,71.0
Lassiter,53.0,30.0
Preppies,,15.0
Against All Odds,64.0,46.0
Harry and Son,30.0,36.0
Repo Man,98.0,78.0
This Is Spinal Tap,96.0,92.0
Children of the Corn,12.0,38.0
The Hotel New Hampshire,71.0,50.0
Mike's Murder,80.0,45.0
Pete's Dragon,56.0,60.0
Splash,91.0,62.0
Tank,20.0,47.0
Police Academy,56.0,64.0
Racing With the Moon,60.0,61.0
Slapstick of Another Kind,,17.0
"Greystoke: The Legend of Tarzan, Lord of the Apes",73.0,60.0
Misunderstood,,
Purple Hearts,20.0,63.0
Romancing the Stone,86.0,69.0
Hard to Hold,,60.0
Moscow on the Hudson,73.0,59.0
The Stone Boy,67.0,46.0
The Stone Boy,67.0,46.0
Where the Boys Are '84,,29.0
Friday the 13th: The Final Chapter,21.0,51.0
Iceman,,49.0
Kidco,,81.0
Phar Lap,88.0,93.0
Swing Shift,87.0,42.0
Love Letters,,
Alphabet City,,32.0
Bounty,,
Breakin',33.0,73.0
Sixteen Candles,81.0,85.0
Firestarter,40.0,53.0
The Natural,83.0,88.0
Finders Keepers,,
Making the Grade,,54.0
Indiana Jones and the Temple of Doom,77.0,82.0
Once Upon a Time in America,86.0,93.0
Star Trek III: The Search for Spock,79.0,68.0
Streets of Fire,70.0,70.0
Beat Street,57.0,83.0
Ghostbusters,95.0,88.0
Gremlins,86.0,78.0
Top Secret,,
Under the Volcano,74.0,71.0
The Karate Kid,90.0,82.0
The Pope of Greenwich Village,77.0,74.0
The Pope of Greenwich Village,77.0,74.0
Rhinestone,19.0,36.0
Bachelor Party,,
Conan the Destroyer,26.0,38.0
The Last Starfighter,76.0,70.0
The Last Starfighter,76.0,70.0
The Muppets Take Manhattan,85.0,76.0
The Muppets Take Manhattan,85.0,76.0
The Neverending Story,83.0,81.0
The Neverending Story,83.0,81.0
Revenge of the Nerds,71.0,73.0
The Jungle Book,,75.0
Jungle Book,,
Meatballs Part II,,24.0
Purple Rain,72.0,78.0
The Bostonians,81.0,37.0
"Grandview, U.S.A.",,39.0
Joy of Sex,,47.0
The Philadelphia Experiment,,17.0
The Philadelphia Experiment,50.0,40.0
Cloak and Dagger,67.0,56.0
Metropolis,,78.0
Red Dawn,50.0,65.0
Nemo,,
The Adventures of Buckaroo Banzai Across the Eighth Dimension,66.0,69.0
Dreamscape,79.0,46.0
The Woman in Red,,33.0
The Woman in Red,32.0,39.0
Sheena,11.0,33.0
Tightrope,85.0,50.0
Love Streams,100.0,88.0
Old Enough,,33.0
Oxford Blues,,26.0
Choose Me,94.0,73.0
Boléro,,
C.H.U.D.,29.0,33.0
Flashpoint,57.0,44.0
The Brother From Another Planet,89.0,75.0
The Brother From Another Planet,89.0,75.0
Secret Honor,77.0,78.0
A Soldier's Story,90.0,82.0
Amadeus,89.0,95.0
Carmen,78.0,
All of Me,,
Places in the Heart,89.0,83.0
Windy City,14.0,80.0
Until September,0.0,70.0
Body Rock,,46.0
Country,,
Heartbreakers,80.0,53.0
Irreconcilable Differences,60.0,47.0
The River Rat,,55.0
The Wild Life,17.0,29.0
Wild Life,,50.0
Eureka,,
Teachers,61.0,46.0
The Burning Bed,,77.0
The Burning Bed,,77.0
Comfort and Joy,,45.0
Garbo Talks,57.0,50.0
Songwriter,89.0,45.0
Crimes of Passion,50.0,61.0
The Little Drummer Girl,56.0,60.0
The Little Drummer Girl,56.0,60.0
The Razor's Edge,56.0,71.0
Razor's Edge,,
Stop Making Sense,100.0,97.0
Thief of Hearts,0.0,50.0
American Dreamer,17.0,83.0
Body Double,78.0,65.0
Firstborn,36.0,53.0
Give My Regards to Broad Street,25.0,30.0
"Paris, Texas",94.0,93.0
Streetwise,,
The Terminator,100.0,89.0
The Terminator,100.0,89.0
Terror in the Aisles,63.0,52.0
The Times of Harvey Milk,96.0,94.0
The Times of Harvey Milk,96.0,94.0
The Killing Fields,93.0,91.0
The Killing Fields,93.0,91.0
A Nightmare on Elm Street,95.0,84.0
No Small Affair,57.0,35.0
Oh God! You Devil,36.0,39.0
Just the Way You Are,,62.0
Night of the Comet,79.0,58.0
Night Patrol,,
Fatal Vision,,95.0
Falling in Love,54.0,63.0
Supergirl,8.0,26.0
Caravan of Courage: An Ewok Adventure,23.0,43.0
Beverly Hills Cop,82.0,82.0
City Heat,22.0,24.0
The Cotton Club,74.0,57.0
Mass Appeal,100.0,80.0
1984,,75.0
A Passage to India,76.0,79.0
Runaway,,
Starman,86.0,70.0
The Ratings Game,,42.0
The Ratings Game,,42.0
A Christmas Carol,,
The River,,
River,,
Birdy,84.0,83.0
The Flamingo Kid,85.0,55.0
Johnny Dangerously,44.0,63.0
Micki & Maude,70.0,43.0
Pinocchio,0.0,33.0
Protocol,33.0,38.0
Back to the Future,93.0,95.0
Rambo: First Blood Part II,33.0,60.0
Rocky IV,40.0,80.0
The Color Purple,82.0,95.0
The Color Purple,73.0,94.0
Out of Africa,62.0,82.0
Cocoon,82.0,60.0
The Jewel of the Nile,48.0,37.0
Witness,,
The Goonies,77.0,91.0
The Goonies,77.0,91.0
Spies Like Us,35.0,56.0
Rockin' Road Trip,,
The Plague Dogs,67.0,90.0
The Plague Dogs,67.0,90.0
Too Scared to Scream,,21.0
Walking the Edge,,33.0
Water,91.0,90.0
Gulag,,58.0
Avenging Angel,,57.0
Tuff Turf,17.0,59.0
Blood Simple,94.0,88.0
The New Kids,40.0,48.0
The New Kids,40.0,48.0
That's Dancing!,,72.0
The Falcon and the Snowman,83.0,69.0
Fandango,,
Fantasia,95.0,83.0
Heaven Help Us,29.0,75.0
Mischief,,
Witness,,
The Breakfast Club,89.0,92.0
Fast Forward,,83.0
Into the Night,40.0,49.0
The Mean Season,64.0,33.0
Turk 182!,20.0,55.0
Vision Quest,,
Finnegan Begin Again,,80.0
Certain Fury,,40.0
Lust in the Dust,25.0,79.0
A Private Function,90.0,62.0
The Purple Rose of Cairo,93.0,88.0
The Sure Thing,86.0,79.0
Ghoulies,7.0,20.0
Missing in Action 2: The Beginning,,47.0
The Hit,,20.0
Hit!,,59.0
Mask,93.0,83.0
Lost in America,95.0,77.0
Sylvester,,90.0
Baby ... Secret of the Lost Legend,12.0,38.0
Friday the 13th -- A New Beginning,18.0,26.0
The Last Dragon,61.0,86.0
Porky's Revenge,25.0,33.0
The Secret of the Sword,60.0,79.0
The Care Bears Movie,,
The Care Bears Movie,43.0,58.0
Desperately Seeking Susan,85.0,62.0
King David,8.0,43.0
Police Academy 2: Their First Assignment,28.0,42.0
The Slugger's Wife,0.0,20.0
Forbidden,,
Alamo Bay,,36.0
Cat's Eye,69.0,53.0
Girls Just Want to Have Fun,40.0,77.0
Ladyhawke,67.0,74.0
The Company of Wolves,86.0,73.0
Just One of the Guys,57.0,65.0
Stick,38.0,37.0
Code of Silence,68.0,51.0
Gotcha!,31.0,53.0
Gymkata,17.0,40.0
Movers and Shakers,,26.0
Private Resort,14.0,40.0
Creature,90.0,80.0
Rustlers' Rhapsody,17.0,84.0
"Goodbye, New York",,
Ordeal by Innocence,,27.0
Rambo: First Blood Part II,33.0,60.0
Here Come the Littles,,59.0
Fletch,79.0,81.0
The Goonies,77.0,91.0
The Goonies,77.0,91.0
Perfect,18.0,28.0
Prizzi's Honor,85.0,62.0
D.A.R.Y.L.,53.0,55.0
Secret Admirer,33.0,64.0
The Stuff,,
The Stuff,73.0,48.0
Cocoon,82.0,60.0
Return to Oz,,
Pale Rider,93.0,83.0
St. Elmo's Fire,42.0,67.0
Back to the Future,93.0,95.0
The Lift,,
Lift,,
Mad Max Beyond Thunderdome,79.0,49.0
Silverado,78.0,80.0
Explorers,72.0,66.0
The Coca-Cola Kid,47.0,40.0
Day of the Dead,,
Dr. Otto and the Riddle of the Gloom Beam,,36.0
E.T. the Extra-Terrestrial,99.0,72.0
The Legend of Billie Jean,39.0,75.0
The Legend of Billie Jean,39.0,75.0
The Man With One Red Shoe,47.0,40.0
Wetherby,67.0,47.0
The Black Cauldron,54.0,48.0
The Heavenly Kid,30.0,64.0
Kiss of the Spider Woman,86.0,81.0
National Lampoon's European Vacation,37.0,49.0
Real Genius,77.0,83.0
My Science Project,11.0,56.0
Pee-wee's Big Adventure,88.0,79.0
Pray for Death,,53.0
Summer Rental,17.0,52.0
Key Exchange,43.0,17.0
American Flyers,70.0,89.0
The Bride,27.0,33.0
The Return of the Living Dead,91.0,79.0
Volunteers,58.0,33.0
Crossover Dreams,60.0,
Godzilla 1985,27.0,66.0
Teen Wolf,46.0,52.0
The Adventures of Mark Twain,,59.0
American Ninja,0.0,47.0
Compromising Positions,56.0,38.0
Gremlins,86.0,78.0
Plenty,59.0,52.0
Smooth Talk,94.0,47.0
After Hours,,
Death of a Salesman,100.0,77.0
Creator,38.0,75.0
Marie: A True Story,,33.0
Agnes of God,44.0,59.0
Invasion U.S.A.,,10.0
The Journey of Natty Gann,91.0,78.0
Maxie,0.0,27.0
Commando,,
Dreamchild,100.0,80.0
Jagged Edge,81.0,59.0
Mishima,79.0,90.0
Sweet Dreams,90.0,81.0
Remo Williams: The Adventure Begins,41.0,59.0
The Silver Bullet,,
The Holcroft Covenant,27.0,30.0
The Holcroft Covenant,27.0,30.0
The Quiet Earth,71.0,69.0
Re-Animator,94.0,82.0
Twice in a Lifetime,83.0,53.0
Krush Groove,43.0,81.0
Death Wish 3,16.0,53.0
Eleni,86.0,75.0
A Nightmare on Elm Street 2: Freddy's Revenge,43.0,33.0
To Live and Die in L.A.,88.0,79.0
Bring on the Night,,79.0
The Official Story,100.0,89.0
Target,,
Transylvania 6-5000,18.0,41.0
My Beautiful Laundrette,98.0,74.0
Once Bitten,10.0,39.0
Rainbow Brite and the Star Stealer,0.0,80.0
Bad Medicine,,28.0
Fever Pitch,66.0,60.0
One Magic Christmas,47.0,68.0
Starchaser: The Legend of Orin,,65.0
White Nights,46.0,74.0
Ewoks: The Battle for Endor,,51.0
Rocky IV,40.0,80.0
Santa Claus,22.0,67.0
Young Sherlock Holmes,68.0,63.0
Fool for Love,79.0,44.0
Runaway Train,83.0,76.0
Spies Like Us,35.0,56.0
The Jewel of the Nile,48.0,37.0
Clue,71.0,86.0
Legend,41.0,73.0
Trouble in Mind,80.0,63.0
Brazil,,
The Color Purple,82.0,95.0
The Color Purple,73.0,94.0
Out of Africa,62.0,82.0
Enemy Mine,59.0,68.0
Ran,96.0,95.0
Murphy's Romance,73.0,75.0
R(evolution),,
The Trip to Bountiful,100.0,86.0
The Trip to Bountiful,100.0,86.0
Deliver Us From Evil,,
Top Gun,57.0,83.0
Crocodile Dundee,89.0,59.0
Platoon,89.0,93.0
Star Trek IV: The Voyage Home,82.0,81.0
Back to School,87.0,68.0
The Golden Child,20.0,47.0
Ruthless People,93.0,72.0
Ferris Bueller's Day Off,82.0,92.0
Head Office,0.0,28.0
Black Moon Rising,47.0,25.0
The Clan of the Cave Bear,10.0,47.0
The Clan of the Cave Bear,10.0,47.0
"Hey There, It's Yogi Bear",,55.0
Iron Eagle,20.0,56.0
The Longshot,,53.0
Troll,30.0,28.0
My Chauffeur,,57.0
The Best of Times,,
Down and Out in Beverly Hills,80.0,52.0
The Power,,0.0
Youngblood,44.0,69.0
F/X,89.0,54.0
Hannah and Her Sisters,91.0,90.0
The Adventures of the American Rabbit,,56.0
The Delta Force,15.0,49.0
Knights of the City,,33.0
Quicksilver,13.0,38.0
TerrorVision,10.0,44.0
Turtle Diary,82.0,73.0
Wildcats,26.0,50.0
Parting Glances,90.0,75.0
The Hitcher,64.0,74.0
The Hitcher,19.0,52.0
House!,20.0,
Pretty in Pink,75.0,81.0
Salvador,90.0,85.0
Hollywood Vice Squad,,17.0
Desert Hearts,90.0,77.0
Highlander,70.0,79.0
Nomads,36.0,37.0
Sleeping Beauty,,
Crossroads,,
Gung Ho!,,51.0
GoBots: Battle of the Rock Lords,20.0,55.0
Just Between Friends,33.0,52.0
Police Academy 3: Back in Training,36.0,39.0
Rad,42.0,90.0
The Money Pit,50.0,58.0
The Money Pit,50.0,58.0
Lucas,73.0,70.0
Band of the Hand,0.0,59.0
Critters,50.0,45.0
Off Beat,,27.0
A Room with a View,60.0,20.0
Absolute Beginners,70.0,38.0
At Close Range,86.0,78.0
Desert Bloom,69.0,69.0
Murphy's Law,40.0,44.0
Wise Guys,31.0,42.0
8 Million Ways to Die,0.0,39.0
Crimewave,57.0,47.0
Violets Are Blue,63.0,25.0
Blue City,0.0,25.0
"Jo Jo Dancer, Your Life Is Calling",50.0,79.0
No Retreat No Surrender,80.0,53.0
Saving Grace,,76.0
Dangerously Close,10.0,45.0
Fire With Fire,,83.0
Last Resort,,
Short Circuit,,86.0
Sweet Liberty,76.0,37.0
Hard Choices,,
Top Gun,57.0,83.0
Crawlspace,,20.0
Cobra,18.0,43.0
Poltergeist II,20.0,35.0
Big Trouble,14.0,25.0
A Great Wall,56.0,53.0
Invaders From Mars,88.0,56.0
My Little Pony,,72.0
Raw Deal,,
Ferris Bueller's Day Off,82.0,92.0
Back to School,87.0,68.0
Belizaire the Cajun,64.0,69.0
The Manhattan Project,,80.0
Mona Lisa,98.0,81.0
Never Too Young to Die,,51.0
Legal Eagles,44.0,32.0
Labyrinth,77.0,86.0
Running Scared,,50.0
Ruthless People,93.0,72.0
About Last Night ...,63.0,60.0
Big Trouble in Little China,74.0,82.0
The Great Mouse Detective,77.0,79.0
Under the Cherry Moon,36.0,67.0
Club Paradise,11.0,36.0
Vamp,40.0,49.0
Echo Park,78.0,38.0
Haunted Honeymoon,18.0,53.0
Heartburn,45.0,46.0
Maximum Overdrive,14.0,50.0
Out of Bounds,,
The Patriot,100.0,58.0
The Patriot,,0.0
Robotech: The Movie,,40.0
Nothing in Common,54.0,40.0
Choke Canyon,,29.0
Flight of the Navigator,84.0,75.0
Good to Go,,
Howard the Duck,13.0,38.0
One Crazy Summer,45.0,63.0
She's Gotta Have It,94.0,72.0
Transformers,57.0,85.0
The Fly,,
Fly,,
Manhunter,,
Extremities,40.0,64.0
Night of the Creeps,73.0,70.0
Stand by Me,,
The Texas Chainsaw Massacre Part 2,50.0,46.0
Shanghai Surprise,20.0,16.0
"'Night, Mother",80.0,85.0
Avenging Force,,50.0
Blue Velvet,95.0,88.0
The Men's Club,,25.0
Where the River Runs Black,60.0,92.0
Down by Law,88.0,93.0
The Name of the Rose,76.0,85.0
The Name of the Rose,76.0,85.0
The Boy Who Could Fly,64.0,69.0
The Boy Who Could Fly,64.0,69.0
Crocodile Dundee,89.0,59.0
Half Moon Street,50.0,33.0
Children of a Lesser God,81.0,78.0
Round Midnight,100.0,89.0
Tough Guys,,
The Color of Money,,
The Color of Money,88.0,73.0
Deadly Friend,20.0,38.0
Jumpin' Jack Flash,30.0,58.0
Peggy Sue Got Married,87.0,55.0
That's Life!,53.0,52.0
True Stories,79.0,83.0
Soul Man,17.0,35.0
Trick or Treat,71.0,63.0
52 Pick-Up,53.0,47.0
Sid & Nancy,89.0,76.0
Something Wild,91.0,69.0
Tai-Pan,14.0,39.0
Quiet Cool,,53.0
Heat,,
Every Time We Say Goodbye,,44.0
Hoosiers,91.0,88.0
Streets of Gold,31.0,45.0
An American Tail,77.0,71.0
Defence of the Realm,100.0,69.0
Firewalker,8.0,32.0
Song of the South,50.0,72.0
The Wraith,33.0,61.0
The Mosquito Coast,77.0,61.0
The Mosquito Coast,77.0,61.0
Nutcracker: The Motion Picture,,70.0
Solarbabies,0.0,43.0
Star Trek IV: The Voyage Home,82.0,81.0
Eye of the Tiger,20.0,45.0
Heartbreak Ridge,68.0,74.0
Crimes of the Heart,82.0,64.0
The Golden Child,20.0,47.0
Native Son,44.0,
The Three Amigos - Outrageous,,48.0
King Kong Lives,8.0,17.0
Lady and the Tramp,93.0,80.0
Little Shop of Horrors,91.0,79.0
No Mercy,,
Platoon,89.0,93.0
Brighton Beach Memoirs,71.0,79.0
The Morning After,,
The Morning After,63.0,38.0
Wisdom,,49.0
Witchboard,50.0,41.0
Three Men and a Baby,67.0,48.0
Head On,,
"Good Morning, Vietnam",90.0,82.0
Moonstruck,89.0,80.0
The Untouchables,83.0,89.0
The Secret of My Success,,
The Secret of My Success,49.0,58.0
Stakeout,,
Lethal Weapon,80.0,86.0
The Witches of Eastwick,67.0,62.0
The Witches of Eastwick,67.0,62.0
Assassination,,21.0
The Kindred,67.0,36.0
The Kindred,44.0,47.0
J. Edgar Hoover,,
The Bedroom Window,72.0,50.0
Wanted: Dead or Alive,,
Jocks,,13.0
The Stepfather,89.0,65.0
Allan Quatermain and the Lost City of Gold,40.0,22.0
Outrageous Fortune,58.0,60.0
Radio Days,93.0,84.0
Black Widow,,
Dead of Winter,77.0,47.0
From the Hip,30.0,60.0
Light of Day,53.0,54.0
84 Charing Cross Road,86.0,81.0
Over the Top,32.0,49.0
Square Dance,31.0,48.0
A Nightmare on Elm Street 3: Dream Warriors,67.0,68.0
Number One With a Bullet,,
Some Kind of Wonderful,76.0,80.0
The Quick and the Dead,,
Lethal Weapon,80.0,86.0
Tin Men,78.0,64.0
Raising Arizona,91.0,85.0
Burglar,,
Hollywood Shuffle,88.0,80.0
Street Smart,67.0,45.0
Withnail and I,92.0,94.0
Police Academy 4: Citizens on Patrol,0.0,38.0
The Aristocats,,
The Aristocats,64.0,70.0
Making Mr. Right,56.0,35.0
The Secret of My Success,,
The Secret of My Success,49.0,58.0
Three for the Road,,42.0
Project X,,71.0
Rumpelstiltskin,,
Wild Thing,33.0,58.0
The Last Innocent Man,,46.0
The Last Innocent Man,,46.0
G.I. Joe: The Movie,43.0,65.0
Extreme Prejudice,73.0,59.0
My Demon Lover,0.0,46.0
The Allnighter,100.0,92.0
The Allnighter,0.0,37.0
American Ninja 2: The Confrontation,,40.0
Creepshow 2,29.0,41.0
Malone,29.0,36.0
Gardens of Stone,44.0,56.0
Hot Pursuit,,
River's Edge,88.0,75.0
Sweet Lorraine,,
The Gate,,44.0
The Gate,36.0,45.0
Ishtar,41.0,39.0
Personal Services,67.0,80.0
Conspiracy: The Trial of the Chicago 8,,
Amazing Grace and Chuck,43.0,69.0
The Chipmunk Adventure,75.0,87.0
Ernest Goes to Camp,62.0,51.0
Long Gone,,93.0
Cyclone,,
Harry and the Hendersons,45.0,54.0
The Untouchables,83.0,89.0
The Believers,35.0,45.0
Predator,80.0,87.0
The Witches of Eastwick,67.0,62.0
The Witches of Eastwick,67.0,62.0
Benji the Hunted,55.0,61.0
Roxanne,88.0,63.0
Dragnet,43.0,66.0
Spaceballs,52.0,83.0
Straight to Hell,30.0,58.0
The Lion of Africa,,
Adventures in Babysitting,72.0,70.0
Innerspace,82.0,65.0
The Brave Little Toaster,77.0,81.0
Full Metal Jacket,90.0,94.0
Revenge of the Nerds II: Nerds in Paradise,7.0,34.0
White Water Summer,25.0,54.0
Jaws the Revenge,2.0,15.0
Nowhere to Hide,,
"Rita, Sue and Bob Too!",80.0,82.0
RoboCop,49.0,49.0
Snow White and the Seven Dwarfs,97.0,78.0
La Bamba,83.0,78.0
Summer School,,
Superman IV: The Quest for Peace,10.0,16.0
Wish You Were Here,85.0,77.0
The Living Daylights,73.0,66.0
The Lost Boys,77.0,85.0
Maid to Order,42.0,55.0
A Man in Love,,
The Spirit,14.0,25.0
Spirit,,
Stakeout,,
Back to the Beach,78.0,63.0
The Care Bears Adventure in Wonderland,,33.0
Masters of the Universe,21.0,41.0
Nadine,46.0,28.0
Who's That Girl?,33.0,47.0
Can't Buy Me Love,50.0,74.0
Disorderlies,,53.0
The Monster Squad,56.0,78.0
No Way Out,,
North Shore,,83.0
Born in East L.A.,40.0,61.0
Dirty Dancing,72.0,90.0
The Garbage Pail Kids Movie,0.0,27.0
The Fourth Protocol,67.0,55.0
The Fourth Protocol,67.0,55.0
Hamburger Hill,100.0,72.0
Matewan,94.0,93.0
The Rosary Murders,,41.0
The Curse,,
In the Mood,67.0,68.0
Amazon Women on the Moon,65.0,58.0
Head On,,
Hellraiser,70.0,73.0
Maurice,82.0,87.0
Orphans,47.0,77.0
The Pickup Artist,,
The Pick-Up Artist,58.0,37.0
The Principal,44.0,51.0
The Principal,44.0,51.0
Mandela,,82.0
Best Seller,69.0,54.0
The Big Town,,
Big Town,,
Real Men,,60.0
Anna,,
Big Shots,60.0,59.0
Slamdance,17.0,52.0
Chuck Berry Hail! Hail! Rock 'n' Roll,89.0,95.0
The Princess Bride,96.0,94.0
The Princess Bride,96.0,94.0
Someone to Watch Over Me,65.0,41.0
Surrender,,
Three O'Clock High,60.0,73.0
House of Games,97.0,79.0
Barfly,76.0,82.0
Hope and Glory,96.0,82.0
Slumber Party Massacre II,,36.0
Weeds,71.0,54.0
The Whales of August,64.0,67.0
Scooby-Doo Meets the Boo Brothers,,72.0
The Glass Menagerie,,
No Man's Land,93.0,92.0
Prince of Darkness,63.0,61.0
The Sicilian,10.0,42.0
Suspect,,
Baby Boom,67.0,62.0
Fatal Beauty,20.0,55.0
The Hidden,,
The Hidden,76.0,72.0
"The Man Who Broke 1,000 Chains",,96.0
"The Man Who Broke 1,000 Chains",,96.0
Cry Freedom,74.0,87.0
Death Wish 4: The Crackdown,25.0,40.0
Hello Again,10.0,49.0
Hiding Out,43.0,70.0
Less Than Zero,50.0,63.0
Made in Heaven,,
Russkies,14.0,42.0
Steel Dawn,,34.0
Siesta,14.0,63.0
The Running Man,67.0,61.0
The Running Man,67.0,61.0
Jetsons Meet the Flintstones,,56.0
Laguna Heat,,
Cinderella,98.0,80.0
Date With an Angel,11.0,58.0
Flowers in the Attic,20.0,50.0
The Last Emperor,86.0,88.0
Nuts,41.0,71.0
Sign 'o' the Times,82.0,91.0
Teen Wolf Too,8.0,18.0
Housekeeping,93.0,84.0
"Planes, Trains and Automobiles",92.0,87.0
Three Men and a Baby,67.0,48.0
The Trouble With Spies,,17.0
Walker,44.0,66.0
Cold Steel,,11.0
Throw Momma From the Train,64.0,54.0
Wall Street,79.0,81.0
*batteries not Included,65.0,64.0
The Dead,94.0,77.0
The Dead,94.0,77.0
Eddie Murphy Raw,78.0,85.0
Ironweed,60.0,59.0
Leonard Part 6,7.0,20.0
Moonstruck,89.0,80.0
Overboard,46.0,74.0
September,,
The Lonely Passion of Judith Hearne,100.0,77.0
The Lonely Passion of Judith Hearne,100.0,77.0
Broadcast News,98.0,79.0
Empire of the Sun,77.0,90.0
"Good Morning, Vietnam",90.0,82.0
Pinocchio and the Emperor of the Night,43.0,61.0
Into the Homeland,,
Rain Man,88.0,90.0
Who Framed Roger Rabbit,96.0,85.0
Coming to America,73.0,85.0
Big,98.0,82.0
Twins,,
Die Hard,94.0,94.0
The Naked Gun,86.0,84.0
The Naked Gun,86.0,84.0
Cocktail,9.0,58.0
Beetlejuice,86.0,82.0
Cop,83.0,49.0
The Couch Trip,33.0,44.0
For Keeps,17.0,71.0
The Telephone,,44.0
The Telephone,,44.0
Biggles: Adventures in Time,,47.0
The Serpent and the Rainbow,62.0,57.0
She's Having a Baby,44.0,51.0
The Unbearable Lightness of Being,87.0,84.0
The Unbearable Lightness of Being,87.0,84.0
Action Jackson,19.0,35.0
Satisfaction,40.0,52.0
School Daze,58.0,79.0
Shoot to Kill,,
The In Crowd,2.0,38.0
Baja Oklahoma,,70.0
Alien From L.A.,22.0,3.0
Bloodsport,48.0,74.0
Elevator to the Gallows,93.0,91.0
Hairspray,92.0,84.0
Doom Asylum,,33.0
And God Created Woman,69.0,54.0
Babette's Feast,97.0,91.0
Moving,67.0,
Prison,40.0,34.0
Pulse,11.0,27.0
Switching Channels,60.0,32.0
Masquerade,13.0,29.0
Off Limits,45.0,31.0
Stand and Deliver,90.0,79.0
Vice Versa,,40.0
Little Nikita,53.0,45.0
The Milagro Beanfield War,61.0,74.0
Police Academy 5: Assignment Miami Beach,0.0,33.0
Stars and Bars,,42.0
Biloxi Blues,76.0,63.0
Johnny Be Good,0.0,30.0
A New Life,,
The Tracker,88.0,86.0
Tracker,85.0,53.0
Beetlejuice,86.0,82.0
The Seventh Sign,15.0,49.0
18 Again!,29.0,45.0
Above the Law,50.0,48.0
Bad Dreams,38.0,42.0
Appointment With Death,,43.0
Brain Damage,67.0,64.0
Colors,,
The Moderns,81.0,63.0
The Moderns,81.0,63.0
Plain Clothes,,61.0
Return to Snowy River,,83.0
The Blue Iguana,0.0,38.0
Casual Sex?,31.0,29.0
Lady in White,71.0,69.0
Permanent Record,47.0,69.0
A Time of Destiny,,
Two Moon Junction,0.0,49.0
The Unholy,25.0,45.0
Unholy,,29.0
White Mischief,80.0,54.0
Critters 2: The Main Course,38.0,37.0
Da,64.0,
Powaqqatsi,56.0,81.0
Sunset,21.0,29.0
The House on Carroll Street,71.0,27.0
Dead Heat,11.0,48.0
Jack's Back,71.0,38.0
Judgment in Berlin,20.0,41.0
Salsa,20.0,79.0
Shakedown,,
Wings of Desire,95.0,93.0
Maniac Cop,56.0,41.0
The Nest,,
Nest,,
Not of This Earth,,
Aria,57.0,47.0
Call Me,,20.0
Rikky and Pete,,50.0
Willow,53.0,80.0
Rambo III,41.0,45.0
Killer Klowns From Outer Space,78.0,60.0
Clinton and Nadine,,11.0
Big,98.0,82.0
Funny Farm,,
Big Business,52.0,69.0
Poltergeist III,16.0,22.0
The Presidio,41.0,33.0
Puss in Boots,,
Bull Durham,97.0,82.0
The Great Outdoors,40.0,71.0
Red Heat,,28.0
Waxwork,60.0,47.0
Who Framed Roger Rabbit,96.0,85.0
Coming to America,73.0,85.0
License to Drive,24.0,61.0
Short Circuit 2,38.0,54.0
Arthur 2: On the Rocks,13.0,30.0
Phantasm II,33.0,57.0
The Dead Pool,53.0,44.0
The Dead Pool,53.0,44.0
Bambi,91.0,73.0
Die Hard,94.0,94.0
A Fish Called Wanda,96.0,84.0
Midnight Run,95.0,87.0
Big Top Pee-wee,36.0,30.0
Caddyshack II,4.0,17.0
Mr. North,50.0,38.0
Cocktail,9.0,58.0
Monkey Shines,53.0,41.0
The New Adventures of Pippi Longstocking,17.0,68.0
The Blob,68.0,52.0
The Blob,68.0,52.0
The Rescue,,
The Rescue,,68.0
Vibes,13.0,62.0
Clean and Sober,53.0,62.0
The Last Temptation of Christ,82.0,84.0
Mac and Me,7.0,38.0
Tucker: The Man and His Dream,81.0,68.0
Young Guns,43.0,76.0
Married to the Mob,88.0,49.0
A Nightmare on Elm Street 4: The Dream Master,57.0,43.0
Crossing Delancey,80.0,77.0
The Thin Blue Line,100.0,90.0
The Betrayed,,33.0
Hero and the Terror,0.0,38.0
Hot to Trot,0.0,40.0
Stealing Home,20.0,78.0
The Deceivers,33.0,64.0
The Deceivers,33.0,64.0
Eight Men Out,87.0,79.0
Rocket Gibraltar,,58.0
Moon Over Parador,42.0,46.0
Running on Empty,81.0,69.0
Track 29,63.0,44.0
War Party,0.0,77.0
The Beast,,
Beast,92.0,73.0
Doin' Time on Planet Earth,,44.0
Messenger of Death,,24.0
Miles From Home,60.0,59.0
The Prince of Pennsylvania,14.0,49.0
Tougher Than Leather,,38.0
Dead Ringers,85.0,82.0
Gorillas in the Mist,84.0,75.0
Kansas,,
Patty Hearst,57.0,51.0
Spellbinder,,37.0
Sweet Hearts Dance,44.0,35.0
Tiger Warsaw,,27.0
Daffy Duck's Quackbusters,,71.0
Bird,77.0,79.0
"Elvira, Mistress of the Dark",56.0,66.0
Heartbreak Hotel,38.0,49.0
Alien Nation,53.0,44.0
Clara's Heart,47.0,59.0
Imagine: John Lennon,91.0,91.0
Memories of Me,,46.0
Punchline,60.0,43.0
The Accused,,
Accused,100.0,
The Kiss,,
Kiss,,
Another Woman,59.0,75.0
Madame Sousatzka,78.0,65.0
Night of the Demons,43.0,58.0
Pumpkinhead,65.0,49.0
Scooby-Doo and the Ghoul School,,69.0
Lip Service,,
Halloween 4: The Return of Michael Myers,39.0,53.0
Mystic Pizza,78.0,55.0
Tapeheads,60.0,46.0
Things Change,85.0,80.0
Without a Clue,62.0,72.0
F.E.D.S.,,
Everybody's All-American,44.0,47.0
The Good Mother,22.0,35.0
The Good Mother,54.0,28.0
U2 Rattle and Hum,62.0,86.0
They Live,86.0,80.0
Child's Play,74.0,65.0
Ernest Saves Christmas,36.0,43.0
Far North,86.0,46.0
Spike of Bensonhurst,50.0,62.0
Split Decisions,,24.0
Scooby and the Reluctant Werewolf,20.0,61.0
Cherry 2000,38.0,41.0
The Chocolate War,,
The Chocolate War,85.0,67.0
Fresh Horses,0.0,33.0
High Spirits,31.0,58.0
The Land Before Time,65.0,79.0
1969,55.0,44.0
Oliver & Company,53.0,62.0
Buster,,
Cocoon: The Return,31.0,34.0
Full Moon in Blue Water,27.0,25.0
Hanna's War,,55.0
Scrooged,71.0,71.0
Dakota,22.0,67.0
The Naked Gun,86.0,84.0
The Naked Gun,86.0,84.0
Tequila Sunrise,53.0,40.0
Watchers,0.0,31.0
Mississippi Burning,79.0,90.0
My Stepmother Is an Alien,20.0,30.0
Twins,,
The Christmas Wife,,33.0
The Christmas Wife,,33.0
Dirty Rotten Scoundrels,89.0,84.0
I'm Gonna Git You Sucka,62.0,70.0
Torch Song Trilogy,77.0,91.0
The Purple People Eater,,59.0
Rain Man,88.0,90.0
Dead Solid Perfect,,88.0
Beaches,42.0,88.0
Talk Radio,82.0,80.0
Working Girl,83.0,67.0
The Accidental Tourist,82.0,60.0
The Boost,40.0,49.0
Dominick and Eugene,78.0,73.0
Hellbound: Hellraiser II,53.0,58.0
Indiana Jones and the Last Crusade,84.0,94.0
Lethal Weapon 2,82.0,78.0
Look Who's Talking,58.0,47.0
"Honey, I Shrunk the Kids",76.0,54.0
Driving Miss Daisy,85.0,81.0
Parenthood,92.0,76.0
Dead Poets Society,84.0,92.0
Cameron's Closet,,18.0
DeepStar Six,15.0,27.0
The Experts,,30.0
Gleaming the Cube,29.0,68.0
The January Man,28.0,29.0
Cohen and Tate,,58.0
Parents,63.0,54.0
Physical Evidence,22.0,11.0
Three Fugitives,14.0,50.0
Her Alibi,17.0,44.0
Kinjite: Forbidden Subjects,0.0,35.0
Who's Harry Crumb?,27.0,46.0
Wicked Stepmother,,19.0
Cousins,56.0,68.0
The Fly II,33.0,24.0
Tap,56.0,70.0
Lawrence of Arabia,93.0,93.0
Bill & Ted's Excellent Adventure,83.0,75.0
The 'Burbs,56.0,71.0
The 'Burbs,56.0,71.0
The Mighty Quinn,89.0,48.0
True Believer,96.0,63.0
American Ninja 3: Blood Hunt,,19.0
"Bert Rigby, You're a Fool",40.0,58.0
Pepper's Pow Wow,100.0,85.0
Hit List,,11.0
Dream a Little Dream,9.0,67.0
Farewell to the King,55.0,54.0
Lean on Me,68.0,85.0
Skin Deep,,
The Adventures of Baron Munchausen,90.0,82.0
Chances Are,67.0,65.0
Jacknife,64.0,48.0
New York Stories,76.0,56.0
Police Academy 6: City Under Siege,0.0,28.0
Dead Man Out,,38.0
Fletch Lives,35.0,55.0
Leviathan,23.0,27.0
Rooftops,10.0,36.0
976-EVIL,15.0,28.0
Dead Bang,33.0,44.0
Troop Beverly Hills,14.0,62.0
Heathers,95.0,83.0
Cyborg,22.0,31.0
Dead Calm,84.0,63.0
The Dream Team,50.0,61.0
Dream Team,,
Major League,83.0,84.0
Disorganized Crime,43.0,58.0
Say Anything...,98.0,85.0
She's Out of Control,11.0,52.0
Winter People,20.0,52.0
Checking Out,43.0,58.0
Field of Dreams,88.0,86.0
Pet Sematary,56.0,60.0
Red Scorpion,17.0,35.0
See You in the Morning,55.0,35.0
Speed Zone!,0.0,37.0
Teen Witch,43.0,74.0
Murderers Among Us: The Simon Wiesenthal Story,,
Criminal Law,33.0,27.0
The Horror Show,,
The Horror Show,0.0,27.0
K-9,30.0,44.0
Loverboy,,
Miss Firecracker,75.0,52.0
Scandal,,
How to Get Ahead in Advertising,60.0,77.0
Listen to Me,20.0,69.0
Lost Angels,40.0,66.0
Earth Girls Are Easy,68.0,43.0
The Rachel Papers,45.0,53.0
"See No Evil, Hear No Evil",27.0,72.0
Cold Feet,,
For Queen and Country,29.0,28.0
How I Got Into College,50.0,42.0
Miracle Mile,91.0,73.0
Road House,59.0,53.0
Indiana Jones and the Last Crusade,84.0,94.0
Pink Cadillac,24.0,25.0
Third Degree Burn,,14.0
Dead Poets Society,84.0,92.0
No Holds Barred,10.0,34.0
The Renegade,,
Scenes From the Class Struggle in Beverly Hills,78.0,61.0
Vampire's Kiss,65.0,54.0
Star Trek V: The Final Frontier,23.0,25.0
"Honey, I Shrunk the Kids",76.0,54.0
Traveling Man,,80.0
Do the Right Thing,92.0,89.0
Great Balls of Fire!,63.0,53.0
The Karate Kid Part III,15.0,35.0
The Karate Kid Part III,15.0,35.0
Weekend at Bernie's,54.0,57.0
Lethal Weapon 2,82.0,78.0
Licence to Kill,80.0,61.0
Peter Pan,,50.0
UHF,63.0,77.0
When Harry Met Sally...,89.0,89.0
Babar: The Movie,,73.0
Turner & Hooch,52.0,51.0
Who Shot Pat?,,9.0
Parenthood,92.0,76.0
Lock Up,,
Young Einstein,36.0,50.0
The Abyss,80.0,25.0
The Abyss,89.0,83.0
A Nightmare on Elm Street 5: The Dream Child,31.0,31.0
Rude Awakening,,
Uncle Buck,62.0,77.0
Blood Red,,28.0
Casualties of War,84.0,75.0
Cheetah,43.0,54.0
Cookie,13.0,37.0
"Sex, Lies, and Videotape",96.0,79.0
Tailspin: Behind the Korean Airliner Tragedy,,
Heart of Dixie,,25.0
Little Monsters,44.0,62.0
The Package,,
The Package,68.0,44.0
Wired,4.0,15.0
Shirley Valentine,72.0,86.0
Relentless,50.0,33.0
Sea of Love,75.0,66.0
True Love,,
The Heist,,
Heist,,
Gandahar,,74.0
Black Rain,54.0,55.0
Erik the Viking,,
Penn & Teller Get Killed,25.0,58.0
In Country,68.0,35.0
Johnny Handsome,60.0,47.0
Welcome Home,,
Old Gringo,46.0,45.0
Puppet Master,43.0,40.0
Breaking In,80.0,43.0
Crimes and Misdemeanors,92.0,91.0
The Fabulous Baker Boys,97.0,70.0
Halloween 5: The Revenge of Michael Myers,12.0,36.0
"I, Madman",67.0,40.0
Look Who's Talking,58.0,47.0
Drugstore Cowboy,97.0,85.0
Fat Man and Little Boy,50.0,46.0
Gross Anatomy,36.0,53.0
Next of Kin,50.0,46.0
When the Whales Came,60.0,86.0
The Bear,,
Bear,,29.0
Immediate Family,54.0,55.0
Dad,58.0,61.0
Shocker,30.0,31.0
Worth Winning,0.0,42.0
The Ungodly,,39.0
Bloodhounds of Broadway,,
Dealers,,62.0
Limit Up,,
The Phantom of the Opera,33.0,84.0
Second Sight,,
Stepfather II,13.0,35.0
Best of the Best,,
Communion,43.0,46.0
My Left Foot,98.0,92.0
Staying Together,80.0,55.0
Steel Magnolias,73.0,89.0
All Dogs Go to Heaven,44.0,63.0
Harlem Nights,26.0,80.0
The Little Mermaid,,54.0
Little Mermaid,,44.0
Mystery Train,,
Prancer,67.0,58.0
Valmont,48.0,69.0
"Red King, White Knight",,
National Lampoon's Christmas Vacation,70.0,86.0
She-Devil,48.0,49.0
Triumph of the Spirit,63.0,52.0
The War of the Roses,83.0,71.0
"Enemies, a Love Story",89.0,54.0
New Year's Day,,56.0
Blaze,75.0,49.0
Driving Miss Daisy,85.0,81.0
Family Business,35.0,28.0
Glory,,
The Wizard,,
The Wizard,27.0,59.0
Born on the Fourth of July,84.0,76.0
Roger & Me,100.0,79.0
Camille Claudel,92.0,88.0
Always,68.0,58.0
Music Box,,
Tango & Cash,31.0,52.0
Home Alone,66.0,80.0
Ghost,,50.0
Dances With Wolves,87.0,87.0
Pretty Woman,65.0,68.0
TMNT,36.0,60.0
The Hunt for Red October,88.0,88.0
Total Recall,82.0,79.0
Die Hard 2,69.0,70.0
Kindergarten Cop,54.0,52.0
Henry: Portrait of a Serial Killer,89.0,71.0
Downtown,,32.0
Internal Affairs,79.0,59.0
Ski Patrol,,52.0
Brain Dead,17.0,68.0
Everybody Wins,13.0,35.0
Tremors,88.0,75.0
Flashback,,
Heart Condition,10.0,34.0
Men Don't Leave,83.0,62.0
Stella,29.0,76.0
Hard to Kill,33.0,47.0
Loose Cannons,0.0,27.0
Stanley & Iris,29.0,49.0
Courage Mountain,,66.0
Madhouse,,24.0
Revenge,0.0,12.0
Cinema Paradiso,91.0,96.0
Mountains of the Moon,65.0,77.0
Nightbreed,53.0,60.0
The Hunt for Red October,88.0,88.0
Bad Influence,65.0,51.0
Coupe de Ville,25.0,72.0
The Handmaid's Tale,32.0,43.0
House Party,94.0,81.0
Joe Versus the Volcano,67.0,54.0
The Last of the Finest,,26.0
Love at Large,78.0,44.0
Blind Fury,53.0,51.0
Blue Steel,,36.0
The Forbidden Dance,23.0,77.0
Lord of the Flies,55.0,52.0
Nuns on the Run,42.0,53.0
Pretty Woman,65.0,68.0
Opportunity Knocks,11.0,47.0
Side Out,,60.0
TMNT,36.0,60.0
Backtrack,40.0,24.0
"The Cook, the Thief, His Wife and Her Lover",86.0,88.0
"The Cook, the Thief, His Wife and Her Lover",86.0,88.0
Crybaby,,
Ernest Goes to Jail,11.0,49.0
The First Power,25.0,46.0
I Love You to Death,58.0,62.0
Impulse,,22.0
In the Spirit,,67.0
Crazy People,35.0,62.0
Vital Signs,43.0,31.0
Chattahoochee,11.0,51.0
Lisa,50.0,49.0
Miami Blues,85.0,62.0
The Guardian,,
The Guardian,37.0,80.0
Spaced Invaders,8.0,51.0
Wild Orchid,9.0,44.0
Last Exit to Brooklyn,67.0,74.0
Short Time,29.0,54.0
Tales From the Darkside: The Movie,46.0,45.0
Without You I'm Nothing,73.0,72.0
The Big Bang,19.0,25.0
The Big Bang,80.0,45.0
Class of 1999,63.0,50.0
Far Out Man,,50.0
Longtime Companion,91.0,83.0
Bird on a Wire,25.0,41.0
Cadillac Man,58.0,32.0
Strapless,36.0,20.0
The Swordsman,,
Swordsman,,
Fire Birds,9.0,35.0
Jesus of Montreal,69.0,87.0
Frankenhooker,60.0,58.0
Total Recall,82.0,79.0
Another 48 HRS.,19.0,35.0
Deceptions,,0.0
The Adventures of Milo and Otis,80.0,74.0
Gremlins 2: The New Batch,71.0,59.0
Betsy's Wedding,56.0,39.0
RoboCop 2,28.0,36.0
Days of Thunder,38.0,60.0
Ghost Dad,6.0,32.0
Die Hard 2,69.0,70.0
Jetsons: The Movie,27.0,45.0
The Adventures of Ford Fairlane,25.0,68.0
Ghost,,50.0
The Invisible Maniac,,33.0
Quick Change,84.0,71.0
Arachnophobia,93.0,55.0
The Freshman,95.0,78.0
The Freshman,94.0,61.0
Chicago Joe and the Showgirl,,35.0
Presumed Innocent,86.0,67.0
Problem Child,0.0,42.0
"DuckTales, the Movie: Treasure of the Lost Lamp",100.0,69.0
Metropolitan,93.0,84.0
Mo' Better Blues,71.0,75.0
Air America,13.0,34.0
Flatliners,50.0,59.0
The Two Jakes,63.0,39.0
The Two Jakes,63.0,39.0
My Blue Heaven,71.0,59.0
Taking Care of Business,33.0,52.0
Wild at Heart,65.0,81.0
Pump Up the Volume,79.0,85.0
"After Dark, My Sweet",80.0,62.0
Darkman,83.0,59.0
Dreams,,
Life Is Cheap ... but Toilet Paper Is Expensive,,50.0
The Witches,94.0,70.0
Witches,,
The Lemon Sisters,11.0,19.0
The Lemon Sisters,11.0,19.0
"Mirror, Mirror",80.0,31.0
The Shrimp on the Barbie,,41.0
Death Warrant,0.0,35.0
Hardware,46.0,52.0
Postcards From the Edge,83.0,66.0
Repossessed,0.0,63.0
State of Grace,85.0,83.0
"White Hunter, Black Heart",83.0,62.0
Goodfellas,95.0,97.0
Don't Tell Her It's Me,,59.0
Funny About Love,0.0,14.0
I Come in Peace,38.0,46.0
King of New York,70.0,77.0
Pacific Heights,52.0,48.0
Texasville,59.0,46.0
Avalon,83.0,73.0
Fantasia,95.0,83.0
Henry & June,60.0,68.0
Marked for Death,27.0,50.0
Miller's Crossing,93.0,90.0
Shakma,,42.0
The Memphis Belle: A Story of a Flying Fortress,,81.0
Mr. Destiny,35.0,55.0
Spirit of '76,80.0,54.0
Spirit of '76,80.0,54.0
To Sleep With Anger,89.0,79.0
Troll 2,5.0,45.0
"Welcome Home, Roxy Carmichael",55.0,47.0
The Ambulance,,
Ambulance,68.0,88.0
Night of the Living Dead,95.0,87.0
Quigley Down Under,52.0,74.0
Reversal of Fortune,92.0,78.0
White Palace,50.0,62.0
Graveyard Shift,0.0,23.0
The Hot Spot,,50.0
Hot Spot,,
Soultaker,0.0,29.0
Tune in Tomorrow...,50.0,53.0
China Cry,,85.0
Frankenstein Unbound,50.0,33.0
Graffiti Bridge,18.0,88.0
Jacob's Ladder,72.0,84.0
Vincent and Theo,90.0,72.0
Waiting for the Light,,92.0
Child's Play 2,44.0,52.0
Guns,,
The Krays,82.0,80.0
Psycho IV: The Beginning,20.0,32.0
Home Alone,66.0,80.0
The Rescuers Down Under,72.0,68.0
Rocky V,33.0,31.0
Dances With Wolves,87.0,87.0
Secret Agenda,,
The Nutcracker Prince,14.0,72.0
Predator 2,30.0,44.0
Robot Jox,40.0,42.0
Three Men and a Little Lady,40.0,43.0
Mr. & Mrs. Bridge,82.0,44.0
Misery,91.0,90.0
Cyrano de Bergerac,,
The Grifters,91.0,70.0
The Grifters,91.0,70.0
The Rookie,84.0,70.0
Havana,27.0,57.0
The Sheltering Sky,45.0,79.0
The Sheltering Sky,45.0,79.0
Edward Scissorhands,90.0,91.0
Look Who's Talking Too,13.0,32.0
Mermaids,72.0,70.0
Almost an Angel,33.0,49.0
Hamlet,100.0,91.0
The Russia House,70.0,49.0
The Bonfire of the Vanities,15.0,26.0
The Bonfire of the Vanities,15.0,26.0
Kindergarten Cop,54.0,52.0
The Long Walk Home,88.0,84.0
Come See the Paradise,64.0,73.0
A.LI.CE,,
"The Godfather, Part III",66.0,67.0
Green Card,59.0,50.0
Terminator 2: Judgment Day,91.0,95.0
Robin Hood: Prince of Thieves,51.0,72.0
Beauty and the Beast,,
The Silence of the Lambs,95.0,95.0
The Silence of the Lambs,95.0,95.0
City Slickers,89.0,64.0
Hook,29.0,76.0
The Addams Family,45.0,69.0
The Addams Family,67.0,66.0
Sleeping With the Enemy,24.0,60.0
Father of the Bride,,
The Naked Gun 2 1/2: The Smell of Fear,58.0,65.0
Not Without My Daughter,53.0,71.0
Ski School,,59.0
Warlock,56.0,48.0
Cadence,42.0,70.0
Flight of the Intruder,25.0,51.0
Men of Respect,,41.0
Once Around,67.0,73.0
White Fang,,14.0
Too Much Sun,14.0,32.0
Prison Stories: Women on the Inside,,
Queens Logic,30.0,35.0
Run,89.0,74.0
L.A. Story,91.0,75.0
The Neverending Story II: The Next Chapter,14.0,40.0
Rosencrantz and Guildenstern Are Dead,61.0,87.0
Sleeping With the Enemy,24.0,60.0
The Silence of the Lambs,95.0,95.0
The Silence of the Lambs,95.0,95.0
King Ralph,23.0,28.0
Nothing but Trouble,,43.0
Bride of Re-Animator,37.0,45.0
"He Said, She Said",33.0,34.0
Scenes From a Mall,32.0,26.0
The Doors,56.0,79.0
My Heroes Have Always Been Cowboys,33.0,79.0
Shipwrecked,,68.0
Closet Land,44.0,85.0
American Ninja 4: The Annihilation,,30.0
The Hard Way,,71.0
The Hard Way,75.0,53.0
La Femme Nikita,90.0,84.0
New Jack City,81.0,80.0
Guilty by Suspicion,68.0,55.0
If Looks Could Kill,,
The Perfect Weapon,36.0,63.0
The Perfect Weapon,36.0,63.0
True Colors,,
The Josephine Baker Story,,73.0
Defending Your Life,98.0,83.0
Mister Johnson,78.0,63.0
Career Opportunities,42.0,37.0
The Comfort of Strangers,54.0,58.0
The Comfort of Strangers,54.0,58.0
The Five Heartbeats,39.0,95.0
Hangin' With the Homeboys,93.0,67.0
The Marrying Man,10.0,45.0
Impromptu,74.0,71.0
Out for Justice,23.0,53.0
The Object of Beauty,77.0,36.0
Drop Dead Fred,11.0,77.0
Mortal Thoughts,56.0,36.0
One Man's War,,67.0
A Kiss Before Dying,36.0,31.0
Oscar,,
Talent for the Game,,35.0
Citizen Kane,99.0,90.0
One Good Cop,14.0,36.0
"Truly, Madly, Deeply",76.0,87.0
Madonna: Truth or Dare,86.0,70.0
Sweet Talker,,
The Switch,,
Fever,,
What About Bob?,82.0,79.0
Mannequin: On the Move,13.0,40.0
Stone Cold,,67.0
Backdraft,73.0,75.0
Hudson Hawk,31.0,56.0
Only the Lonely,65.0,50.0
Thelma & Louise,86.0,82.0
Wild Hearts Can't Be Broken,73.0,89.0
Ambition,,
Soapdish,74.0,63.0
City Slickers,89.0,64.0
Dark Obsession,63.0,96.0
Don't Tell Mom the Babysitter's Dead,35.0,57.0
Jungle Fever,80.0,67.0
Straight Out of Brooklyn,80.0,60.0
Bright Angel,80.0,27.0
Robin Hood: Prince of Thieves,51.0,72.0
Without Warning: The James Brady Story,,
Dying Young,25.0,65.0
The Rocketeer,,
The Rocketeer,67.0,65.0
Where Angels Fear to Tread,64.0,53.0
The Naked Gun 2 1/2: The Smell of Fear,58.0,65.0
Problem Child 2,7.0,42.0
Terminator 2: Judgment Day,91.0,95.0
Slacker,82.0,77.0
One Hundred and One Dalmatians,98.0,76.0
Boyz N the Hood,96.0,93.0
Point Break,69.0,79.0
Regarding Henry,49.0,63.0
Bill & Ted's Bogus Journey,56.0,56.0
Dutch,17.0,63.0
Doublecrossed,,
The Doctor,,
Doctor,,
Another You,5.0,34.0
Life Stinks,25.0,45.0
Mobsters,9.0,57.0
V.I. Warshawski,24.0,23.0
A Brighter Summer Day,100.0,94.0
Fast Getaway,,41.0
Hot Shots,,
Body Parts,42.0,32.0
Doc Hollywood,69.0,51.0
Rover Dangerfield,17.0,56.0
Return to the Blue Lagoon,0.0,41.0
Bingo,,
Delirious,29.0,39.0
Double Impact,33.0,42.0
Pure Luck,15.0,60.0
Commitments,,67.0
Mystery Date,25.0,40.0
Women & Men 2,,50.0
Barton Fink,90.0,89.0
Dead Again,81.0,76.0
Defenseless,,37.0
Harley Davidson and the Marlboro Man,29.0,65.0
High Heels,,
Naked Tango,,92.0
BeastMaster 2: Through the Portal of Time,20.0,33.0
Child's Play 3,19.0,40.0
The Pope Must Diet,29.0,51.0
Company Business,,32.0
Crooked Hearts,,38.0
Cast a Deadly Spell,,58.0
Dogfight,83.0,86.0
Freddy's Dead: The Final Nightmare,23.0,32.0
Liebestraum,45.0,48.0
Mississippi Masala,92.0,64.0
Paradise,,
The Fisher King,85.0,85.0
The Indian Runner,74.0,80.0
The Indian Runner,74.0,80.0
Late for Dinner,58.0,67.0
McBain,33.0,36.0
Rambling Rose,100.0,54.0
Eyes of an Angel,,55.0
Deceived,38.0,47.0
Necessary Roughness,35.0,47.0
Ricochet,,
Shout,20.0,39.0
Suburban Commando,15.0,33.0
The Super,40.0,60.0
The Super,0.0,42.0
Homicide,,
City of Hope,95.0,82.0
Ernest Scared Stupid,25.0,51.0
Frankie and Johnnie,,
Shattered,,61.0
Stepping Out,,
The Taking of Beverly Hills,40.0,36.0
The Taking of Beverly Hills,40.0,36.0
Cool as Ice,3.0,43.0
Little Man Tate,71.0,66.0
My Own Private Idaho,80.0,80.0
Other People's Money,31.0,46.0
House Party 2,27.0,65.0
The Butcher's Wife,24.0,30.0
Curly Sue,13.0,50.0
Hitman,16.0,57.0
Life Is Sweet,93.0,87.0
Two Evil Eyes,63.0,39.0
29th Street,75.0,86.0
Billy Bathgate,36.0,28.0
The People Under the Stairs,70.0,61.0
Year of the Gun,29.0,26.0
Prisoner of Honor,,88.0
All I Want for Christmas,,
Strictly Business,10.0,56.0
And You Thought Your Parents Were Weird!,,31.0
Kafka,52.0,72.0
Meeting Venus,100.0,76.0
Prospero's Books,62.0,83.0
The Addams Family,45.0,69.0
The Addams Family,67.0,66.0
An American Tail: Fievel Goes West,57.0,62.0
Beauty and the Beast,,
The Double Life of Veronique,85.0,92.0
For the Boys,44.0,75.0
Hearts of Darkness: A Filmmaker's Apocalypse,100.0,94.0
At Play in the Fields of the Lord,57.0,74.0
Star Trek VI: The Undiscovered Country,83.0,84.0
Hook,29.0,76.0
The Last Boy Scout,46.0,68.0
The Last Boy Scout,46.0,68.0
Bugsy,84.0,69.0
Father of the Bride,,
Rush,,
The Prince of Tides,69.0,70.0
Until the End of the World,89.0,89.0
Fried Green Tomatoes,76.0,87.0
Hear My Song,90.0,76.0
Naked Lunch,72.0,77.0
Aladdin,57.0,94.0
Home Alone 2: Lost in New York,35.0,62.0
Batman Returns,82.0,73.0
Lethal Weapon 3,58.0,61.0
Sister Act,76.0,65.0
The Bodyguard,,
Bodyguard,,64.0
Wayne's World,79.0,84.0
Basic Instinct,55.0,64.0
A League of Their Own,81.0,84.0
Kuffs,28.0,47.0
The Hand That Rocks the Cradle,66.0,61.0
The Hand That Rocks the Cradle,66.0,61.0
Freejack,25.0,25.0
Juice,81.0,90.0
Love Crimes,0.0,12.0
Hard Promises,40.0,59.0
Hurricane Smith,,
Into the Sun,,32.0
Shining Through,41.0,72.0
Voyager,,
Mississippi Masala,92.0,64.0
Final Analysis,56.0,44.0
The Great Mouse Detective,77.0,79.0
Wayne's World,79.0,84.0
Falling From Grace,78.0,43.0
Radio Flyer,35.0,72.0
Stop! Or My Mom Will Shoot,14.0,21.0
This Is My Life,36.0,49.0
Gate II,,27.0
The Mambo Kings,79.0,68.0
Memoirs of an Invisible Man,26.0,32.0
"For Richer, for Poorer",,20.0
Blame It on the Bellboy,19.0,39.0
Gladiator,80.0,87.0
The Lawnmower Man,37.0,31.0
The Lawnmower Man,37.0,31.0
Meatballs 4,,23.0
Once Upon a Crime,0.0,43.0
Tiny Toon Adventures: How I Spent My Vacation,,89.0
American Me,73.0,90.0
Article 99,43.0,54.0
Howards End,94.0,81.0
My Cousin Vinny,87.0,87.0
Shakes the Clown,43.0,49.0
Basic Instinct,55.0,64.0
Noises Off,61.0,84.0
Proof,62.0,59.0
Raise the Red Lantern,97.0,94.0
Shadows and Fog,54.0,55.0
Ladybugs,14.0,43.0
The Power of One,39.0,87.0
The Power of One,39.0,87.0
Ruby,57.0,10.0
White Men Can't Jump,75.0,69.0
The Last of His Tribe,,85.0
Delicatessen,90.0,91.0
Straight Talk,46.0,58.0
Thunderheart,90.0,75.0
Rock-A-Doodle,20.0,55.0
FernGully ... the Last Rainforest,67.0,64.0
Newsies,39.0,88.0
The Player,,
The Player,97.0,84.0
Sleepwalkers,29.0,32.0
The Babe!,,
Boris and Natasha,,33.0
Brain Donors,45.0,85.0
City of Joy,53.0,74.0
Deep Cover,,
The Playboys,92.0,53.0
Highway 61,100.0,84.0
Passed Away,10.0,45.0
White Sands,44.0,41.0
Year of the Comet,0.0,51.0
Folks!,0.0,53.0
K2,29.0,49.0
The Live Wire,,
Night on Earth,76.0,91.0
Split Second,,33.0
Big Girls Don't Cry... They Get Even,,61.0
CrissCross,,24.0
One False Move,93.0,75.0
Poison Ivy,,
The Waterdance,94.0,63.0
The Waterdance,94.0,63.0
Lethal Weapon 3,58.0,61.0
Monster in a Box,93.0,88.0
Alien 3,49.0,46.0
Encino Man,14.0,56.0
Far and Away,50.0,62.0
Europa,82.0,88.0
The Adjuster,,
The Adjuster,75.0,72.0
Cold Heaven,60.0,19.0
Cousin Bobby,,
Sister Act,76.0,65.0
Afterburn,,57.0
Stepfather III: Father's Day,20.0,24.0
Patriot Games,72.0,73.0
Housesitter,36.0,47.0
Batman Returns,82.0,73.0
The Hairdresser's Husband,92.0,86.0
Pinocchio,0.0,33.0
Unlawful Entry,76.0,49.0
Like a Boomerang,,
A League of Their Own,81.0,84.0
The Best Intentions,81.0,87.0
The Best Intentions,81.0,87.0
Prelude to a Kiss,63.0,39.0
Universal Soldier,34.0,46.0
The Comrades of Summer,,71.0
"Honey, I Blew Up the Kid",40.0,24.0
Man Trouble,7.0,14.0
Captain America,12.0,19.0
Mistress,,
Mo' Money,16.0,51.0
Mom and Dad Save the World,12.0,44.0
Bebe's Kids,36.0,74.0
Buffy the Vampire Slayer,36.0,43.0
Death Becomes Her,55.0,62.0
Enchanted April,85.0,84.0
3 Ninjas,35.0,53.0
London Kills Me,,62.0
Raising Cain,62.0,40.0
Unforgiven,,
Whispers in the Dark,33.0,72.0
Diggstown,60.0,78.0
Johnny Suede,27.0,47.0
Single White Female,53.0,44.0
Stay Tuned,44.0,55.0
Christopher Columbus: The Discovery,7.0,17.0
The Gun in Betty Lou's Handbag,14.0,25.0
Light Sleeper,87.0,65.0
Little Nemo: Adventures in Slumberland,55.0,84.0
Rapid Fire,,
Citizen Cohn,,61.0
Laws of Gravity,100.0,81.0
Storyville,67.0,22.0
Freddie as F.R.O.7,,47.0
Honeymoon in Vegas,64.0,36.0
Twin Peaks: Fire Walk With Me,63.0,78.0
Bob Roberts,93.0,78.0
Out on a Limb,,75.0
Blade Runner,89.0,91.0
Crossing the Bridge,,52.0
Hellraiser III: Hell on Earth,38.0,35.0
Sneakers,80.0,80.0
Swoon,73.0,65.0
Where the Day Takes You,80.0,73.0
Teamster Boss: The Jackie Presser Story,,33.0
Captain Ron,26.0,52.0
Peter's Friends,65.0,77.0
Sarafina!,60.0,86.0
School Ties,60.0,69.0
Singles,,
South Central,75.0,83.0
Innocent Blood,36.0,45.0
The Last of the Mohicans,,
Mr. Saturday Night,59.0,38.0
Roller Boogie,0.0,54.0
Glengarry Glen Ross,95.0,88.0
Hero,94.0,87.0
The Mighty Ducks,23.0,65.0
Mr. Baseball,11.0,41.0
National Theatre Live: Of Mice And Men,,85.0
Running Mates,,
1492: Conquest of Paradise,32.0,50.0
Under Siege,80.0,62.0
Candyman,79.0,63.0
Consenting Adult,,40.0
The Public Eye,,59.0
The Public Eye,61.0,51.0
Dr. Giggles,23.0,42.0
Frozen Assets,0.0,25.0
Pure Country,41.0,90.0
Reservoir Dogs,90.0,94.0
Zebrahead,75.0,69.0
My New Gun,44.0,40.0
Rampage,,
Paydirt,,47.0
The Efficiency Expert,67.0,50.0
The Efficiency Expert,67.0,50.0
Jennifer Eight,39.0,39.0
Passenger 57,30.0,38.0
Traces of Red,29.0,44.0
Bram Stoker's Dracula,74.0,79.0
Love Potion No. 9,25.0,43.0
Flirting,96.0,77.0
Bad Lieutenant,79.0,73.0
Home Alone 2: Lost in New York,35.0,62.0
Samantha,,40.0
Stalin,,72.0
Aladdin,57.0,94.0
The Bodyguard,,
Bodyguard,,64.0
The Crying Game,95.0,78.0
Damage,81.0,73.0
The Distinguished Gentleman,13.0,37.0
The Distinguished Gentleman,13.0,37.0
Forever Young,,
The Muppet Christmas Carol,77.0,86.0
Passion Fish,100.0,82.0
Used People,44.0,39.0
A Leap of Faith,,
Toys,29.0,39.0
Indochine,75.0,84.0
Chaplin,61.0,81.0
Hoffa,52.0,58.0
Trespass,70.0,47.0
Lorenzo's Oil,93.0,80.0
Jurassic Park,92.0,91.0
Mrs. Doubtfire,70.0,77.0
The Fugitive,,
Sleepless in Seattle,75.0,75.0
Indecent Proposal,34.0,47.0
In the Line of Fire,96.0,79.0
The Pelican Brief,55.0,61.0
The Pelican Brief,55.0,61.0
Schindler's List,98.0,97.0
Leprechaun,35.0,33.0
Alive,,
Body of Evidence,8.0,23.0
Nowhere to Run,,
Aspen Extreme,22.0,67.0
Hexed,9.0,36.0
Children of the Corn II: The Final Sacrifice,30.0,20.0
Matinee,93.0,63.0
Blind Side,,42.0
The Cemetery Club,,
The Cemetery Club,57.0,30.0
Homeward Bound: The Incredible Journey,87.0,71.0
National Lampoon's Loaded Weapon 1,21.0,50.0
Sommersby,63.0,59.0
The Vanishing,96.0,88.0
Vanishing - The Killing Room,,
Dead Alive,89.0,87.0
Groundhog Day,94.0,88.0
Love Field,40.0,55.0
The Temp,,
The Temp,32.0,19.0
Untamed Heart,58.0,76.0
Army of Darkness,68.0,87.0
The Crying Game,95.0,78.0
Mac,67.0,62.0
Hostages,,
El Mariachi,91.0,76.0
Falling Down,75.0,84.0
Amos & Andrew,17.0,31.0
Best of the Best II,10.0,47.0
Mad Dog and Glory,78.0,45.0
Rich in Love,69.0,38.0
Shadow of the Wolf,,46.0
Swing Kids,56.0,79.0
CB4,52.0,62.0
Fire in the Sky,52.0,57.0
Just Another Girl on the I.R.T.,68.0,83.0
Point of No Return,,
Teenage Mutant Ninja Turtles III,19.0,33.0
Barbarians at the Gate,71.0,74.0
Born Yesterday,,
Hear No Evil,20.0,35.0
Married to It,30.0,43.0
The Opposite Sex... and How to Live With Them,7.0,29.0
The Opposite Sex... and How to Live With Them,7.0,29.0
The Adventures of Huck Finn,75.0,50.0
Cop and a Half,13.0,34.0
Crush,36.0,57.0
Jack the Bear,28.0,58.0
When a Stranger Calls Back,63.0,62.0
Indecent Proposal,34.0,47.0
The Sandlot,65.0,89.0
"Bodies, Rest & Motion",53.0,50.0
Sidekicks,26.0,48.0
The Positively True Adventures of the Alleged Texas Cheerleader-Murdering Mom,91.0,49.0
Benny & Joon,76.0,85.0
The Boiling Point,,
The Dark Half,62.0,41.0
This Boy's Life,76.0,80.0
Who's the Man?,56.0,55.0
"Blood In, Blood Out",64.0,94.0
The Night We Never Met,56.0,35.0
The Night We Never Met,56.0,35.0
Splitting Heirs,7.0,37.0
Three of Hearts,53.0,35.0
American Heart,80.0,68.0
Dave,95.0,72.0
Dragon: The Bruce Lee Story,74.0,79.0
Much Ado About Nothing,,
My Neighbor Totoro,93.0,94.0
Daybreak,,
Carnosaur,18.0,23.0
Excessive Force,20.0,36.0
Lost in Yonkers,71.0,77.0
Hot Shots! Part Deux,59.0,63.0
Sliver,18.0,30.0
Menace II Society,84.0,93.0
Happily Ever After,,
Like Water for Chocolate,88.0,84.0
The Long Day Closes,82.0,77.0
Made In America,,
Super Mario Bros.,29.0,29.0
Guilty as Sin,38.0,43.0
Life With Mikey,25.0,39.0
The Music of Chance,100.0,87.0
The Music of Chance,100.0,87.0
Nothing But a Man,98.0,88.0
Orlando,84.0,82.0
Equinox,,
Jurassic Park,92.0,91.0
Last Action Hero,42.0,48.0
Once Upon a Forest,22.0,69.0
Dennis the Menace,27.0,38.0
House of Cards,,
Sleepless in Seattle,75.0,75.0
What's Love Got to Do With It,97.0,88.0
Extreme Justice,,31.0
Snow White and the Seven Dwarfs,97.0,78.0
Son-in-Law,32.0,59.0
In the Line of Fire,96.0,79.0
Rookie of the Year,41.0,52.0
Weekend at Bernie's II,13.0,41.0
Benefit of the Doubt,0.0,19.0
Free Willy,71.0,50.0
Hocus Pocus,40.0,72.0
Another Stakeout,16.0,28.0
Coneheads,35.0,37.0
Poetic Justice,34.0,83.0
Robin Hood: Men in Tights,42.0,81.0
Rising Sun,33.0,40.0
So I Married an Axe Murderer,53.0,68.0
Tom and Jerry: The Movie,14.0,41.0
The Fugitive,,
The Meteor Man,25.0,36.0
My Boyfriend's Back,13.0,45.0
That Night,67.0,79.0
The Wedding Banquet,97.0,87.0
Searching for Bobby Fischer,100.0,86.0
Heart and Souls,58.0,76.0
Jason Goes to Hell: The Final Friday,16.0,23.0
The Secret Garden,89.0,80.0
Manhattan Murder Mystery,94.0,83.0
The Ballad of Little Jo,77.0,62.0
Hard Target,60.0,49.0
King of the Hill,,
Surf Ninjas,23.0,68.0
Wilder Napalm,25.0,55.0
Strapped,,82.0
The Man Without a Face,67.0,64.0
Father Hood,10.0,34.0
Needful Things,32.0,44.0
Only the Strong,13.0,77.0
Son of the Pink Panther,6.0,18.0
The Thing Called Love,57.0,52.0
Calendar Girl,11.0,31.0
Fortress,,74.0
Kalifornia,58.0,64.0
The Joy Luck Club,86.0,89.0
Money for Nothing,20.0,31.0
The Real McCoy,,
True Romance,93.0,93.0
Undercover Blues,37.0,67.0
And the Band Played On,100.0,88.0
Household Saints,68.0,74.0
The Age of Innocence,,33.0
The Age of Innocence,88.0,75.0
Striking Distance,20.0,35.0
Bopha!,82.0,67.0
Dazed and Confused,93.0,90.0
The Good Son,25.0,54.0
The Program,62.0,44.0
The Program,43.0,80.0
Warlock: The Armageddon,0.0,41.0
Cool Runnings: The Reggae Movie,,43.0
For Love or Money,,
Freaked,50.0,66.0
Malice,57.0,46.0
M. Butterfly,39.0,67.0
Short Cuts,95.0,88.0
Deadfall,,37.0
Demolition Man,63.0,67.0
Mr. Jones,43.0,50.0
Mr. Nanny,6.0,33.0
Fearless,73.0,86.0
Judgment Night,38.0,54.0
Mr. Wonderful,52.0,41.0
Rudy,77.0,90.0
Twenty Bucks,75.0,61.0
Ruby Cairo,,27.0
The Nightmare Before Christmas,95.0,92.0
The Last Outlaw,,
The Last Outlaw,,
Flesh and Bone,70.0,42.0
Look Who's Talking Now,0.0,29.0
RoboCop 3,9.0,15.0
Ruby in Paradise,86.0,76.0
The Remains of the Day,96.0,90.0
Carlito's Way,84.0,91.0
Ernest Rides Again,14.0,42.0
My Life,44.0,74.0
The Piano,,
The Piano,90.0,86.0
The Three Musketeers,,
Ed and His Dead Mother,50.0,51.0
The Saint of Fort Washington,80.0,87.0
Addams Family Values,75.0,63.0
Man's Best Friend,,
Josh and S.A.M.,25.0,48.0
Mrs. Doubtfire,70.0,77.0
Nutcracker,,
A Perfect World,78.0,84.0
We're Back! A Dinosaur's Story,38.0,50.0
Full Eclipse,,46.0
A Dangerous Woman,,
The Snapper,97.0,86.0
The Snapper,97.0,86.0
Six Degrees of Separation,88.0,71.0
Geronimo: An American Legend,50.0,52.0
Sister Act 2: Back in the Habit,18.0,61.0
Wayne's World 2,60.0,63.0
Schindler's List,98.0,97.0
Beethoven's 2nd,23.0,31.0
The Pelican Brief,55.0,61.0
The Pelican Brief,55.0,61.0
What's Eating Gilbert Grape,90.0,89.0
Wrestling Ernest Hemingway,59.0,69.0
Philadelphia,81.0,89.0
Batman: Mask of the Phantasm,83.0,88.0
Grumpy Old Men,65.0,74.0
Heaven and Earth,,
Shadowlands,97.0,89.0
Tombstone,73.0,94.0
Ghost in the Machine,10.0,23.0
In the Name of the Father,94.0,95.0
Forrest Gump,76.0,95.0
The Lion King,92.0,93.0
The Lion King,92.0,93.0
True Lies,70.0,76.0
The Santa Clause,73.0,66.0
The Flintstones,23.0,25.0
Dumb & Dumber,68.0,84.0
Clear and Present Danger,81.0,74.0
Speed,,62.0
The Mask,67.0,
Mask,93.0,83.0
Pulp Fiction,92.0,96.0
The Air Up There,21.0,35.0
Cabin Boy,48.0,42.0
House Party 3,0.0,67.0
Iron Will,67.0,66.0
Intersection,9.0,40.0
Blink,67.0,51.0
Body Snatchers,71.0,45.0
"Car 54, Where Are You?",0.0,12.0
The Scent of Green Papaya,100.0,82.0
The Scent of Green Papaya,100.0,82.0
Ace Ventura: Pet Detective,47.0,57.0
I'll Do Anything,67.0,41.0
"My Father, the Hero",20.0,54.0
Naked,,60.0
Romeo Is Bleeding,27.0,61.0
Blank Check,9.0,34.0
The Getaway,,
Getaway,3.0,36.0
My Girl 2,27.0,46.0
State of Emergency,,43.0
Blue Chips,38.0,51.0
On Deadly Ground,14.0,35.0
Reality Bites,62.0,74.0
8 Seconds,31.0,94.0
Midnight Cowboy,89.0,88.0
Angie,53.0,33.0
The Chase,40.0,44.0
Chase,,
China Moon,40.0,41.0
Greedy,32.0,48.0
Sirens,,
Four Weddings and a Funeral,92.0,74.0
Guarding Tess,57.0,48.0
The Hudsucker Proxy,63.0,79.0
The Hudsucker Proxy,63.0,79.0
Lightning Jack,6.0,47.0
The Ref,74.0,73.0
The Silence of the Hams,0.0,44.0
The Silence of the Hams,0.0,44.0
Bitter Moon,63.0,80.0
Monkey Trouble,55.0,41.0
The Paper,,
The Paper,89.0,66.0
Above the Rim,50.0,82.0
D2: The Mighty Ducks,20.0,59.0
Quality of Life,67.0,86.0
Jimmy Hollywood,28.0,28.0
Thumbelina,40.0,66.0
Clifford,18.0,67.0
The House of the Spirits,31.0,72.0
The House of the Spirits,31.0,72.0
Holy Matrimony,0.0,24.0
Leprechaun 2,6.0,29.0
Red Rock West,98.0,75.0
Threesome,26.0,55.0
Naked in New York,42.0,39.0
Serial Mom,63.0,72.0
Backbeat,68.0,67.0
Cops and Robbersons,18.0,23.0
Surviving the Game,35.0,48.0
White Fang 2: Myth of the White Wolf,71.0,47.0
Bad Girls,,
Brainscan,13.0,60.0
Chasers,33.0,21.0
The Inkwell,22.0,82.0
The Favor,27.0,21.0
No Escape,59.0,41.0
P.C.U.,50.0,75.0
When a Man Loves a Woman,69.0,77.0
With Honors,19.0,74.0
3 Ninjas Kick Back,15.0,40.0
Being Human,54.0,42.0
Clean Slate,,
Crooklyn,79.0,90.0
The Crow,86.0,90.0
The Crow,86.0,90.0
Widows' Peak,94.0,52.0
Even Cowgirls Get the Blues,17.0,28.0
Maverick,68.0,71.0
The Return of Jafar,33.0,40.0
The Return of Jafar,33.0,40.0
White Mile,,23.0
The Flintstones,23.0,25.0
Little Buddha,65.0,53.0
When the Bough Breaks,,
The Cowboy,,
The Cowboy Way,20.0,59.0
The Endless Summer II,50.0,93.0
Fear of a Black Hat,83.0,87.0
Renaissance Man,12.0,53.0
The Princess and the Goblin,,77.0
City Slickers II: The Legend of Curly's Gold,15.0,31.0
Speed,,62.0
Getting Even With Dad,3.0,25.0
Wolf,,
The Lion King,92.0,93.0
The Lion King,92.0,93.0
Blind Justice,,
I Love Trouble,22.0,33.0
Little Big League,35.0,54.0
Baby's Day Out,24.0,52.0
Shadow,71.0,29.0
Shadow,,
Forrest Gump,76.0,95.0
That's Entertainment! III,100.0,83.0
Pentathlon,,24.0
Mi Vida Loca,74.0,87.0
True Lies,70.0,76.0
The Client,80.0,68.0
The Client,80.0,68.0
Dragonworld,,61.0
Lassie,93.0,64.0
North,14.0,27.0
Doomsday Gun,,53.0
Black Beauty,,
Foreign Student,,48.0
It Could Happen to You,,
The Mask,67.0,
Mask,93.0,83.0
Roswell,,56.0
Clear and Present Danger,81.0,74.0
Eat Drink Man Woman,88.0,92.0
Airheads,29.0,50.0
The Little Rascals,,
The Little Rascals,21.0,70.0
"The Adventures of Priscilla, Queen of the Desert",94.0,88.0
"Corrina, Corrina",37.0,69.0
In the Army Now,12.0,44.0
The Next Karate Kid,7.0,24.0
The Next Karate Kid,7.0,24.0
Andre,43.0,53.0
Blankman,12.0,41.0
Color of Night,22.0,30.0
Killing Zoe,36.0,64.0
Enemy Within,,50.0
The Advocate,,36.0
The Advocate,80.0,52.0
Fresh,88.0,91.0
Camp Nowhere,17.0,58.0
It's Pat,0.0,29.0
Natural Born Killers,51.0,81.0
"Shake, Rattle and Rock",,
Wagons East!,0.0,33.0
Scooby-Doo! Arabian Nights,,46.0
Rapa Nui,,63.0
Trial by Jury,8.0,29.0
What Happened Was...,92.0,76.0
Quiz Show,97.0,87.0
Blue Sky,80.0,58.0
Nostradamus,,
Princess Caraboo,65.0,50.0
Timecop,42.0,36.0
The Burning Season,,
It Runs in the Family,29.0,29.0
The Shawshank Redemption,89.0,98.0
The Shawshank Redemption,89.0,98.0
Sleep With Me,21.0,50.0
Terminal Velocity,16.0,22.0
Jason's Lyric,58.0,90.0
Ed Wood,92.0,88.0
The River Wild,63.0,52.0
The River Wild,63.0,52.0
The Scout,,
The Scout,31.0,22.0
Only You,53.0,68.0
The Specialist,,20.0
The Browning Version,78.0,79.0
Exit to Eden,5.0,26.0
Hoop Dreams,98.0,92.0
Imaginary Crimes,60.0,62.0
I Like It Like That,89.0,91.0
Little Giants,36.0,63.0
Pulp Fiction,92.0,96.0
Bullets Over Broadway,95.0,83.0
Clerks,90.0,89.0
Love Affair,,
The Puppet Masters,26.0,33.0
The Puppet Masters,26.0,33.0
Radioland Murders,32.0,60.0
The Last Seduction,94.0,76.0
The Last Seduction,94.0,76.0
Drop Squad,14.0,45.0
The Road to Wellville,39.0,44.0
The Road to Wellville,39.0,44.0
Silent Fall,26.0,38.0
Squanto: A Warrior's Tale,60.0,55.0
Stargate,53.0,73.0
Double Dragon,12.0,26.0
Mary Shelley's Frankenstein,42.0,49.0
Oleanna,53.0,61.0
Pontiac Moon,,45.0
War,13.0,51.0
The Santa Clause,73.0,66.0
Heavenly Creatures,95.0,83.0
Miracle on 34th Street,96.0,87.0
Star Trek Generations,48.0,57.0
The Swan Princess,50.0,66.0
The Swan Princess,50.0,66.0
Junior,,
Love and a .45,71.0,70.0
Mrs. Parker and the Vicious Circle,76.0,61.0
The Pagemaster,19.0,49.0
Fatherland,50.0,52.0
Cobb,65.0,58.0
Tom & Viv,36.0,60.0
Trapped in Paradise,10.0,42.0
Disclosure,59.0,41.0
Drop Zone,39.0,32.0
Witch Hunt,,
Dumb & Dumber,68.0,84.0
Immortal Beloved,57.0,86.0
Speechless,10.0,33.0
Little Women,,
Mixed Nuts,13.0,47.0
Richie Rich,26.0,32.0
Death and the Maiden,82.0,81.0
Legends of the Fall,59.0,87.0
Nell,57.0,64.0
Nobody's Fool,,
The Street Fighter,,81.0
I.Q.,45.0,47.0
The Jungle Book,,75.0
Jungle Book,,
The Madness of King George,94.0,80.0
Toy Story,100.0,92.0
Batman Forever,41.0,32.0
Apollo 13,96.0,87.0
Pocahontas,,
Ace Ventura: When Nature Calls,21.0,72.0
GoldenEye,80.0,83.0
Jumanji: Welcome to the Jungle,76.0,87.0
Casper,52.0,50.0
Seven,83.0,95.0
Die Hard With a Vengeance,59.0,83.0
Houseguest,17.0,55.0
Safe Passage,54.0,73.0
Higher Learning,46.0,73.0
Far From Home: The Adventures of Yellow Dog,63.0,54.0
"Ladybird, Ladybird",75.0,84.0
Tales From the Crypt Presents Demon Knight,42.0,65.0
Murder in the First,54.0,79.0
S.F.W.,12.0,49.0
Before Sunrise,100.0,93.0
Miami Rhapsody,45.0,26.0
"Gargoyles, the Movie: The Heroes Awaken",,86.0
Boys on the Side,73.0,68.0
In the Mouth of Madness,60.0,73.0
The Secret of Roan Inish,95.0,87.0
The Secret of Roan Inish,95.0,87.0
Billy Madison,40.0,79.0
The Quick and the Dead,,
The Brady Bunch Movie,64.0,47.0
The Brady Bunch Movie,64.0,47.0
Heavyweights,38.0,77.0
Just Cause,26.0,46.0
Mr. Payback: An Interactive Movie,,
Hunted,,62.0
Hunted,,
The Walking Dead,,57.0
Citizen X,86.0,86.0
Hideaway,,
Man of the House,9.0,46.0
The Mangler,27.0,18.0
Roommates,29.0,56.0
The Wild Bunch,91.0,90.0
3 Ninjas Knuckle Up,,40.0
Muriel's Wedding,81.0,84.0
Outbreak,59.0,56.0
"Bye Bye, Love",23.0,50.0
Candyman: Farewell to the Flesh,21.0,30.0
Losing Isaiah,45.0,73.0
In Pursuit of Honor,,85.0
Dolores Claiborne,85.0,82.0
Exotica,95.0,83.0
Major Payne,29.0,68.0
Tall Tale: The Unbelievable Adventures of Pecos Bill,48.0,52.0
Born to Be Wild,,
Killer,63.0,62.0
Funny Bones,63.0,81.0
Jefferson in Paris,31.0,35.0
Tank Girl,45.0,62.0
Tommy Boy,40.0,90.0
An Awfully Big Adventure,40.0,57.0
Bad Boys,,
Circle of Friends,78.0,73.0
Don Juan DeMarco,72.0,68.0
A Goofy Movie,59.0,71.0
Rob Roy,,
Jury Duty,0.0,26.0
The Pebble and the Penguin,31.0,45.0
Stuart Saves His Family,30.0,53.0
New Jersey Drive,64.0,84.0
The Basketball Diaries,47.0,76.0
The Cure,,79.0
Cure,,
Kiss of Death,,
Swimming With Sharks,76.0,79.0
While You Were Sleeping,81.0,79.0
Friday,76.0,91.0
Crumb,95.0,89.0
Destiny Turns On the Radio,16.0,21.0
Top Dog,,
The Underneath,,
The Underneath,62.0,39.0
Tyson,,33.0
My Family/Mi Familia,79.0,88.0
Panther,25.0,75.0
French Kiss,48.0,74.0
Crimson Tide,89.0,83.0
The Englishman Who Went Up a Hill but Came Down a Mountain,67.0,54.0
Gordy,21.0,25.0
The Perez Family,60.0,58.0
The City of Lost Children,80.0,90.0
Die Hard With a Vengeance,59.0,83.0
Forget Paris,50.0,56.0
Little Odessa,53.0,69.0
A Little Princess,,100.0
Indictment: The McMartin Trial,,77.0
Braveheart,,
Tales From the Hood,58.0,69.0
Casper,52.0,50.0
Johnny Mnemonic,20.0,31.0
Mad Love,,
The Bridges of Madison County,90.0,87.0
Fluke,31.0,68.0
The Glass Shield,68.0,40.0
The Glass Shield,68.0,40.0
Congo,20.0,29.0
Smoke,,
Wigstock: The Movie,80.0,71.0
Batman Forever,41.0,32.0
The Incredibly True Adventure of Two Girls in Love,79.0,69.0
Pocahontas,,
Safe,87.0,75.0
Sister My Sister,63.0,66.0
The Infiltrator,71.0,71.0
The Infiltrator,,58.0
Leprechaun 3,0.0,35.0
Belle de Jour,95.0,85.0
Apollo 13,96.0,87.0
Judge Dredd,22.0,30.0
Mighty Morphin Power Rangers: The Movie,32.0,57.0
First Knight,44.0,54.0
Species,42.0,31.0
Darkman II: The Return of Durant,33.0,20.0
Nine Months,27.0,37.0
The Indian in the Cupboard,70.0,41.0
Under Siege 2: Dark Territory,34.0,38.0
Clueless,81.0,76.0
Free Willy 2: The Adventure Home,50.0,42.0
Living in Oblivion,86.0,87.0
Country Life,71.0,53.0
Double Happiness,75.0,70.0
Kids,47.0,77.0
The Net,,
The Net,43.0,44.0
Operation Dumbo Drop,25.0,29.0
Waterworld,47.0,43.0
Bushwhacked,18.0,38.0
Something to Talk About,33.0,52.0
Virtuosity,32.0,32.0
The Brothers McMullen,88.0,60.0
Dangerous Minds,34.0,64.0
Unzipped,78.0,78.0
Mortal Kombat,47.0,57.0
The Amazing Panda Adventure,30.0,41.0
The Amazing Panda Adventure,30.0,41.0
Beyond Rangoon,35.0,71.0
Desperado,70.0,79.0
Dr. Jekyll and Ms. Hyde,14.0,21.0
Lord of Illusions,58.0,53.0
The Thief and the Cobbler,60.0,73.0
The Thief and the Cobbler,60.0,73.0
The Tuskegee Airmen,86.0,79.0
Magic in the Water,21.0,58.0
The Prophecy,46.0,64.0
Prophecy,100.0,
Last of the Dogmen,69.0,80.0
National Lampoon's Senior Trip,0.0,55.0
The Tie That Binds,8.0,32.0
"To Wong Foo, Thanks for Everything, Julie Newmar",48.0,72.0
Truman,89.0,74.0
Clockers,74.0,74.0
Angus,67.0,69.0
Hackers,33.0,68.0
Mute Witness,85.0,65.0
The Stars Fell on Henrietta,50.0,42.0
Unstrung Heroes,75.0,61.0
The Usual Suspects,87.0,96.0
Canadian Bacon,17.0,52.0
Empire Records,31.0,83.0
The Run of the Country,50.0,78.0
Seven,83.0,95.0
Showgirls,23.0,38.0
Persuasion,30.0,73.0
The Big Green,0.0,46.0
Devil in a Blue Dress,92.0,71.0
Halloween: The Curse of Michael Myers,8.0,36.0
Moonlight and Valentino,13.0,51.0
"Steal Big, Steal Little",15.0,47.0
Dead Presidents,49.0,78.0
Assassins,16.0,45.0
The Horseman on the Roof,63.0,81.0
The Horseman on the Roof,63.0,81.0
How to Make an American Quilt,63.0,63.0
Kicking & Screaming,41.0,43.0
To Die For,,
Blue in the Face,43.0,76.0
Feast of July,60.0,50.0
Jade,16.0,43.0
The Scarlet Letter,,
The Scarlet Letter,,36.0
Strange Days,68.0,73.0
The Affair,,
Affair,,
Get Shorty,89.0,70.0
Mallrats,58.0,82.0
Never Talk to Strangers,15.0,49.0
Now and Then,33.0,82.0
Copycat,,
The Doom Generation,55.0,62.0
Leaving Las Vegas,91.0,85.0
Mighty Aphrodite,78.0,73.0
Powder,50.0,69.0
Three Wishes,13.0,52.0
Vampire in Brooklyn,11.0,31.0
Fair Game,,38.0
Gold Diggers: The Secret of Bear Mountain,50.0,53.0
Home for the Holidays,,
Total Eclipse,22.0,60.0
Ace Ventura: When Nature Calls,21.0,72.0
Carrington,54.0,74.0
The Journey of August King,57.0,70.0
Reckless,,44.0
The Crossing Guard,75.0,53.0
The American President,91.0,77.0
The American President,91.0,77.0
GoldenEye,80.0,83.0
Casino,,
Frankie Starlight,71.0,69.0
Last Summer in the Hamptons,64.0,44.0
Money Train,22.0,29.0
Nick of Time,30.0,47.0
Toy Story,100.0,92.0
Two Bits,40.0,39.0
Sugartime,,41.0
Things to Do in Denver When You're Dead,37.0,72.0
Wild Bill,46.0,27.0
Father of the Bride Part II,52.0,60.0
Georgia,,
Sense and Sensibility,,
Heat,,
Jumanji: Welcome to the Jungle,76.0,87.0
Othello,,
Sabrina,,43.0
Magic Island,,73.0
Nixon,75.0,74.0
Balto,56.0,70.0
Cutthroat Island,40.0,40.0
Dracula: Dead and Loving It,11.0,49.0
Grumpier Old Men,21.0,63.0
Sudden Death,,
Tom and Huck,25.0,42.0
Waiting to Exhale,56.0,79.0
Four Rooms,13.0,69.0
12 Monkeys,88.0,88.0
Dead Man Walking,,56.0
Mr. Holland's Opus,75.0,84.0
Restoration,,
Independence Day,,
Mission: Impossible,65.0,71.0
Jerry Maguire,84.0,79.0
Ransom,,
One Hundred and One Dalmatians,98.0,76.0
The Rock,,
Rock and Roll Review,,100.0
The Nutty Professor,82.0,67.0
The Nutty Professor,,36.0
The Birdcage,84.0,81.0
A Time to Kill,,
Bio-Dome,4.0,51.0
Don't Be a Menace to South Central While Drinking Your Juice in the Hood,32.0,80.0
Dunston Checks In,17.0,41.0
Eye For An Eye,,
Two if by Sea,13.0,23.0
From Dusk Till Dawn,63.0,76.0
Angels and Insects,68.0,67.0
Bed of Roses,19.0,67.0
Big Bully,0.0,20.0
Once Upon A Time... When We Were Colored,71.0,85.0
#Screamers,40.0,26.0
Antonia's Line,69.0,91.0
Black Sheep,71.0,53.0
Dead Man Walking,,56.0
The Juror,22.0,31.0
White Squall,57.0,65.0
Beautiful Girls,78.0,80.0
Pie in the Sky,,42.0
City Hall,58.0,37.0
Happy Gilmore,62.0,85.0
Mr. Wrong,6.0,26.0
Muppet Treasure Island,71.0,77.0
America's Dream,,88.0
Bottle Rocket,86.0,79.0
Before and After,,
Mary Reilly,26.0,40.0
Unforgettable,24.0,49.0
The Young Poisoner's Handbook,87.0,84.0
The Late Shift,,57.0
Down Periscope,11.0,62.0
Up Close & Personal,32.0,66.0
The Birdcage,84.0,81.0
Fargo,95.0,92.0
Hellraiser: Bloodline,25.0,36.0
If Lucy Fell,18.0,52.0
The Star Maker,,
The Star Maker,75.0,81.0
The Celluloid Closet,97.0,89.0
Ed,6.0,22.0
Executive Decision,62.0,53.0
Two Much,14.0,35.0
Diabolique,23.0,40.0
Flirting With Disaster,88.0,69.0
Girl 6,39.0,36.0
It's My Party,50.0,79.0
Jack & Sarah,74.0,79.0
Land and Freedom,79.0,94.0
"Little Indian, Big City",13.0,38.0
Race the Sun,22.0,41.0
All Dogs Go to Heaven 2,20.0,39.0
Carried Away,,40.0
Denise Calls Up,72.0,56.0
A Family Thing,,
Sgt. Bilko,30.0,47.0
Sabrina the Teenage Witch,,52.0
Fear,,40.0
Getting Away With Murder,0.0,20.0
James and the Giant Peach,91.0,66.0
Kids in the Hall: Brain Candy,44.0,77.0
Celtic Pride,12.0,32.0
Faithful,6.0,49.0
Mrs. Winterbourne,15.0,63.0
My Favorite Season,93.0,80.0
Mystery Science Theater 3000: The Movie,80.0,88.0
The Substitute,,
The Substitute,,47.0
Soul of the Game,67.0,64.0
Butterfly Kiss,79.0,60.0
Cemetery Man,61.0,78.0
Mulholland Falls,31.0,39.0
The Quest,,
Quest,,
Sunset Park,13.0,83.0
The Truth About Cats & Dogs,85.0,57.0
I Shot Andy Warhol,77.0,70.0
Barb Wire,28.0,14.0
Captives,,
The Craft,57.0,65.0
The Craft,57.0,65.0
The Great White Hype,42.0,35.0
Last Dance,,12.0
The Pallbearer,48.0,18.0
Boys,100.0,84.0
Dead Man,70.0,88.0
Of Love and Shadows,20.0,32.0
Original Gangstas,53.0,48.0
Heaven's Prisoners,16.0,31.0
Norma Jean & Marilyn,60.0,42.0
Mission: Impossible,65.0,71.0
Spy Hard,7.0,31.0
Welcome to the Dollhouse,93.0,86.0
The Arrival,,
The Arrival,,
Dragonheart,50.0,60.0
Eddie,16.0,36.0
Heavy,87.0,66.0
Phantom,,
The Rock,,
Rock and Roll Review,,100.0
The Cable Guy,55.0,51.0
Stealing Beauty,50.0,75.0
Deadly Voyage,,82.0
The Switchblade Sisters,56.0,70.0
Eraser,43.0,40.0
Lone Star,,
The Nutty Professor,82.0,67.0
The Nutty Professor,,36.0
Striptease,13.0,24.0
Grand Avenue,,78.0
Theodore Rex,0.0,19.0
Independence Day,,
Phenomenon,49.0,59.0
Courage Under Fire,86.0,66.0
Don't Look Back,,22.0
Kazaam,5.0,20.0
Multiplicity,45.0,49.0
Walking and Talking,88.0,70.0
Fled,18.0,23.0
The Frighteners,67.0,71.0
The Frighteners,67.0,71.0
Trainspotting,90.0,93.0
Willy Wonka and the Chocolate Factory,92.0,87.0
A Time to Kill,,
The Adventures of Pinocchio,,
The Adventures of Pinocchio,,
Joe's Apartment,21.0,42.0
Kingpin,,67.0
Manny & Lo,61.0,63.0
The Pompatus of Love,17.0,23.0
The Pompatus of Love,17.0,23.0
Chain Reaction,,
Matilda,,53.0
Phat Beach,,45.0
Basquiat,67.0,77.0
John Carpenter's Escape From L.A.,54.0,39.0
Jack,,
Aladdin and the King of Thieves,33.0,50.0
Alaska,,
House Arrest,,
Tales From the Crypt Presents Bordello of Blood,14.0,31.0
Fan,81.0,78.0
Kansas City,60.0,43.0
Tin Cup,72.0,65.0
The Wife,,
The Wife,,93.0
Gotti,60.0,83.0
Darkman III: Die Darkman Die,33.0,21.0
Girls Town,,
Carpool,,
She's the One,62.0,41.0
Solo,8.0,26.0
The Spitfire Grill,38.0,76.0
The Spitfire Grill,38.0,76.0
First Kid,20.0,32.0
The Stupids,21.0,37.0
The Trigger Effect,73.0,43.0
The Trigger Effect,73.0,43.0
Stonewall,67.0,68.0
Bogus,41.0,45.0
Bulletproof,100.0,
Killer: A Journal of Murder,,47.0
Sweet Nothing,36.0,44.0
American Buffalo,74.0,46.0
Feeling Minnesota,14.0,27.0
Fly Away Home,88.0,70.0
Grace of My Heart,79.0,79.0
Maximum Risk,34.0,35.0
The Rich Man's Wife,13.0,39.0
Crime of the Century,,74.0
Big Night,97.0,84.0
The First Wives Club,50.0,68.0
Giant,88.0,87.0
Last Man Standing,42.0,51.0
Surviving Picasso,35.0,60.0
Caught,,
2 Days in the Valley,60.0,54.0
Ed's Next Move,80.0,25.0
Entertaining Angels: The Dorothy Day Story,50.0,69.0
Extreme Measures,56.0,41.0
Secrets & Lies,96.0,91.0
Bound,87.0,83.0
D3: The Mighty Ducks,20.0,45.0
The Glimmer Man,11.0,38.0
Infinity,,
That Thing You Do!,93.0,78.0
Vertigo,92.0,93.0
The Proprietor,,
The Chamber,12.0,39.0
The Chamber,12.0,39.0
Freeway,,
The Ghost and the Darkness,50.0,75.0
The Grass Harp,50.0,93.0
The Long Kiss Goodnight,68.0,70.0
Looking for Richard,83.0,79.0
Michael Collins,78.0,84.0
Trees Lounge,81.0,78.0
If These Walls Could Talk,88.0,74.0
Get on the Bus,89.0,71.0
Jude,81.0,73.0
Swingers,88.0,89.0
To Gillian on Her 37th Birthday,14.0,41.0
North Star,,24.0
The Associate,,
High School High,19.0,37.0
Palookaville,64.0,63.0
Stephen King's Thinner,19.0,31.0
When We Were Kings,98.0,94.0
Bad Moon,30.0,46.0
Dear God,12.0,28.0
The Funeral,80.0,68.0
Funeral,,
Larger Than Life,11.0,30.0
Mother Night,64.0,75.0
Romeo-Juliet,,
Unhook the Stars,81.0,47.0
Mistrial,,5.0
Set It Off,70.0,89.0
Hype!,93.0,87.0
Mad Dog Time,17.0,48.0
Ransom,,
Breaking the Waves,84.0,91.0
The English Patient,86.0,83.0
The Mirror Has Two Faces,,
The Mirror Has Two Faces,54.0,71.0
Space Jam,43.0,63.0
The War At Home,,
Jingle All the Way,20.0,41.0
Ridicule,80.0,84.0
Shine,91.0,90.0
Star Trek: First Contact,93.0,89.0
Rebound -- The Legend of Earl The Goat Manigault,,94.0
One Hundred and One Dalmatians,98.0,76.0
The Crucible,,
Sling Blade,97.0,92.0
Adrenalin: Fear the Rush,0.0,28.0
Daylight,26.0,37.0
Everyone Says I Love You,77.0,68.0
Citizen Ruth,81.0,74.0
Jerry Maguire,84.0,79.0
Mars Attacks!,56.0,53.0
The Preacher's Wife,62.0,43.0
The Cherokee Kid,,60.0
Bastard Out of Carolina,100.0,84.0
Marvin's Room,84.0,63.0
In Love and War,,33.0
Beavis and Butt-head Do America,71.0,70.0
Ghosts of Mississippi,43.0,62.0
My Fellow Americans,47.0,64.0
One Fine Day,,
Scream,76.0,82.0
The Whole Wide World,76.0,73.0
The Evening Star,20.0,61.0
Evita,64.0,68.0
Hamlet,100.0,91.0
I'm Not Rappaport,38.0,60.0
Michael,,
Okaasan,,95.0
The People vs. Larry Flynt,88.0,80.0
Some Mother's Son,71.0,86.0
Titanic,88.0,69.0
Men in Black,91.0,80.0
The Lost World: Jurassic Park,53.0,51.0
Liar Liar,83.0,75.0
Air Force One,79.0,66.0
As Good as It Gets,86.0,86.0
Good Will Hunting,97.0,94.0
My Best Friend's Wedding,74.0,73.0
Tomorrow Never Dies,57.0,53.0
Face/Off,93.0,82.0
The Relic,37.0,34.0
Relic,92.0,51.0
Turbulence,,
Dead Silence,21.0,51.0
Albino Alligator,50.0,42.0
Beverly Hills Ninja,13.0,53.0
Metro,,
Hurricane,88.0,78.0
Fierce Creatures,53.0,58.0
In Love and War,,33.0
Prefontaine,56.0,78.0
Zeus and Roxanne,40.0,42.0
Gridlock'd,88.0,79.0
Johns,54.0,57.0
Meet Wally Sparks,13.0,31.0
Shadow Conspiracy,7.0,18.0
Star Wars: Episode IV - A New Hope,93.0,96.0
Waiting for Guffman,91.0,91.0
The Beautician and the Beast,22.0,46.0
Dante's Peak,28.0,38.0
The Pest,4.0,67.0
Suburbia,68.0,68.0
Dangerous Ground,8.0,35.0
Absolute Power,56.0,52.0
Fools Rush In,31.0,64.0
That Darn Cat,13.0,23.0
Touch,,
Vegas Vacation,15.0,51.0
Blood and Wine,63.0,36.0
Star Wars: Episode V - The Empire Strikes Back,95.0,97.0
Star Wars: Episode V - The Empire Strikes Back,95.0,97.0
Lost Highway,69.0,87.0
Rosewood,87.0,83.0
Miss Evers' Boys,,70.0
Leprechaun 4 in Space,44.0,20.0
Booty Call,31.0,59.0
Donnie Brasco,88.0,89.0
Hard Eight,82.0,83.0
Kama Sutra,40.0,71.0
Smilla's Sense of Snow,53.0,57.0
The Daytrippers,74.0,74.0
Good Luck,,63.0
Jungle 2 Jungle,19.0,33.0
Private Parts,,57.0
City of Industry,43.0,39.0
Love Jones,76.0,97.0
Ponette,92.0,91.0
Star Wars: Episode VI - Return of the Jedi,82.0,94.0
The Second Civil War,67.0,61.0
"Honey, We Shrunk Ourselves",25.0,27.0
Crash,,
Liar Liar,83.0,75.0
Selena,66.0,78.0
Cats Don't Dance,71.0,80.0
The Devil's Own,37.0,41.0
B.A.P.S,15.0,67.0
Turbo: A Power Rangers Movie,16.0,40.0
Anna Karenina,,70.0
Chasing Amy,87.0,83.0
Double Team,11.0,25.0
Inventing the Abbotts,36.0,51.0
The Saint,,
The Saint,30.0,63.0
That Old Feeling,43.0,59.0
Anaconda,41.0,24.0
Grosse Pointe Blank,82.0,86.0
Keys to Tulsa,10.0,23.0
Paradise Road,43.0,78.0
Kissed,68.0,67.0
8 Heads in a Duffel Bag,10.0,35.0
Murder at 1600,32.0,43.0
A Brother's Kiss,100.0,68.0
Female Perversions,71.0,45.0
Romy and Michele's High School Reunion,75.0,65.0
Shiloh,73.0,63.0
Volcano,86.0,75.0
Children of the Revolution,79.0,72.0
Austin Powers: International Man of Mystery,73.0,77.0
Breakdown,,
Broken English,64.0,62.0
Commandments,24.0,37.0
"Truth or Consequences, N.M.",38.0,46.0
Warriors of Virtue,18.0,47.0
Fathers' Day,25.0,26.0
The Fifth Element,71.0,86.0
The Fifth Element,71.0,86.0
Nowhere,47.0,76.0
Twin Town,46.0,89.0
Underworld,31.0,79.0
Sprung,20.0,73.0
Love! Valour! Compassion!,71.0,77.0
Night Falls on Manhattan,71.0,64.0
Weapons of Mass Distraction,,50.0
Addicted to Love,55.0,50.0
The Lost World: Jurassic Park,53.0,51.0
Gone Fishin',4.0,37.0
'Til There Was You,5.0,35.0
Buddy,,80.0
Con Air,58.0,75.0
Speed 2: Cruise Control,4.0,16.0
Temptress Moon,62.0,73.0
Ulee's Gold,94.0,75.0
Wedding Bell Blues,40.0,47.0
For Roseanna,38.0,82.0
My Best Friend's Wedding,74.0,73.0
The Last Time I Committed Suicide,,43.0
The Last Time I Committed Suicide,,43.0
Dream With the Fishes,61.0,85.0
Head Above Water,40.0,44.0
Face/Off,93.0,82.0
Hercules,82.0,76.0
Men in Black,91.0,80.0
Out to Sea,36.0,52.0
Wild America,29.0,59.0
4 Little Girls,100.0,89.0
Contact,,
"This World, Then the Fireworks",38.0,43.0
"Kiss Me, Guido",38.0,40.0
"Her Majesty, Mrs. Brown",92.0,79.0
Nothing to Lose,,73.0
Star Maps,39.0,45.0
Air Force One,79.0,66.0
Box of Moonlight,61.0,81.0
Good Burger,33.0,63.0
Hostile Waters,,45.0
One Eight Seven,30.0,67.0
Air Bud,48.0,38.0
In the Company of Men,89.0,80.0
Spawn,17.0,36.0
Pooh's Grand Adventure: The Search for Christopher Robin,33.0,71.0
Career Girls,88.0,78.0
Conspiracy Theory,57.0,64.0
Free Willy 3: The Rescue,44.0,44.0
The Full Monty,96.0,79.0
Cop Land,75.0,67.0
Event Horizon,35.0,61.0
Lucky Break,33.0,54.0
Steel,,20.0
G.I. Jane,53.0,53.0
Leave It to Beaver,21.0,32.0
Mimic,65.0,37.0
Money Talks,15.0,71.0
A Smile Like Yours,6.0,19.0
Snow White: A Tale of Terror,55.0,56.0
Hoodlum,,20.0
Excess Baggage,32.0,40.0
Kull the Conqueror,25.0,24.0
She's So Lovely,66.0,62.0
Fire Down Below,,27.0
Julian Po,,67.0
First Time Felon,,88.0
Casper: A Spirited Beginning,0.0,42.0
Two Girls and a Guy,50.0,41.0
The Disappearance of Garcia Lorca,29.0,57.0
The End of Violence,29.0,43.0
The Game,77.0,84.0
Game,,
The Myth of Fingerprints,60.0,56.0
The Brave Little Toaster Goes to Mars,50.0,45.0
The Brave Little Toaster Goes to Mars,50.0,45.0
Going All the Way,65.0,25.0
L.A. Confidential,99.0,94.0
In & Out,73.0,52.0
Wishmaster,25.0,39.0
The Assignment,,
The Assignment,,
The Edge,,
The Edge,62.0,70.0
The Ice Storm,86.0,82.0
The Peacemaker,,
Peacemaker,,
Soul Food,82.0,86.0
"Fast, Cheap & Out of Control",91.0,84.0
Kiss the Girls,34.0,62.0
The Locusts,20.0,46.0
The Matchmaker,,29.0
Matchmaker,,
U-Turn,,
Gang Related,50.0,65.0
Boogie Nights,94.0,89.0
The House of Yes,62.0,76.0
Most Wanted,,
Rocketman,,
Washington Square,81.0,69.0
Telling Lies in America,61.0,45.0
Bean,43.0,53.0
Best Men,13.0,40.0
The Devil's Advocate,63.0,80.0
The Devil's Advocate,63.0,80.0
I Know What You Did Last Summer,46.0,41.0
Playing God,16.0,33.0
Fairy Tale: A True Story,56.0,66.0
Gattaca,82.0,87.0
Critical Care,59.0,30.0
Red Corner,27.0,48.0
Switchback,31.0,46.0
Eve's Bayou,83.0,89.0
Mad City,33.0,42.0
Starship Troopers,72.0,70.0
The Wings of the Dove,,
The Wings of the Dove,85.0,78.0
Beauty and the Beast: The Enchanted Christmas,13.0,55.0
The Jackal,24.0,51.0
Kiss or Kill,83.0,76.0
The Little Mermaid,,54.0
Little Mermaid,,44.0
The Man Who Knew Too Little,37.0,69.0
The Man Who Knew Too Little,37.0,69.0
The Tango Lesson,53.0,78.0
The Tango Lesson,53.0,78.0
One Night Stand,,
Don King: Only in America,,78.0
Anastasia,,90.0
Midnight in the Garden of Good and Evil,50.0,65.0
Mortal Kombat Annihilation,4.0,24.0
The Rainmaker,,
Rainmaker,,
The Sweet Hereafter,98.0,86.0
Alien Resurrection,55.0,39.0
Bent,,43.0
Flubber,23.0,33.0
Welcome to Sarajevo,78.0,74.0
Good Will Hunting,97.0,94.0
Amistad,78.0,79.0
Deconstructing Harry,73.0,82.0
For Richer or Poorer,13.0,46.0
Home Alone 3,32.0,27.0
Scream 2,82.0,58.0
Breast Men,50.0,33.0
The Apostle,88.0,79.0
The Apostle,88.0,79.0
Mouse Hunt,44.0,49.0
Titanic,88.0,69.0
Tomorrow Never Dies,57.0,53.0
As Good as It Gets,86.0,86.0
The Education of Little Tree,59.0,75.0
Jackie Brown,88.0,85.0
Kundun,74.0,78.0
Mr. Magoo,9.0,24.0
The Postman,14.0,51.0
The Postman,14.0,51.0
Wag the Dog,86.0,76.0
Afterglow,77.0,63.0
The Boxer,81.0,74.0
The Boxer,,14.0
Oscar and Lucinda,67.0,65.0
Saving Private Ryan,94.0,95.0
Armageddon,43.0,73.0
There's Something About Mary,84.0,61.0
A Bug's Life,92.0,73.0
The Waterboy,33.0,71.0
Dr. Dolittle,42.0,35.0
Rush Hour,62.0,78.0
Deep Impact,45.0,43.0
Godzilla,20.0,28.0
Patch Adams,21.0,73.0
Fallen,,98.0
Half Baked,28.0,81.0
Hard Rain,34.0,34.0
The Gingerbread Man,60.0,26.0
Phantoms,10.0,28.0
Spice World,35.0,45.0
Star Kid,43.0,36.0
Swept From the Sea,28.0,76.0
Deep Rising,36.0,43.0
Desperate Measures,19.0,38.0
Great Expectations,,
Zero Effect,66.0,76.0
Gia,88.0,82.0
Blues Brothers 2000,46.0,37.0
Nil by Mouth,77.0,87.0
The Replacement Killers,37.0,47.0
The Borrowers,,29.0
The Borrowers,,53.0
Sphere,13.0,38.0
The Wedding Singer,72.0,80.0
The Wedding Singer,72.0,80.0
Dangerous Beauty,70.0,85.0
Mrs. Dalloway,71.0,57.0
Palmetto,39.0,31.0
Senseless,,54.0
"An Alan Smithee Film: Burn, Hollywood, Burn",8.0,15.0
Caught Up,0.0,54.0
Dark City,76.0,85.0
Eight Days a Week,20.0,68.0
Kissing a Fool,29.0,45.0
Krippendorf's Tribe,17.0,24.0
The Real Blonde,34.0,37.0
The Real Blonde,34.0,37.0
The Pentagon Wars,,84.0
The Big Lebowski,80.0,93.0
The Big Lebowski,80.0,93.0
Hush,,
Twilight,49.0,72.0
U.S. Marshals,30.0,53.0
Chairman of the Board,11.0,20.0
The Man in the Iron Mask,,
Batman & Mr. Freeze: SubZero,92.0,67.0
Niagara Niagara,50.0,82.0
Primary Colors,80.0,64.0
Wild Things,64.0,54.0
Wide Awake,80.0,50.0
Always Outnumbered,,81.0
Grease,66.0,87.0
Meet the Deedles,10.0,38.0
The Newton Boys,65.0,44.0
The Proposition,85.0,85.0
The Ride,,80.0
Barney's Great Adventure,32.0,44.0
Lost in Space,27.0,24.0
Mercury Rising,21.0,40.0
The Spanish Prisoner,89.0,81.0
The Players Club,35.0,85.0
3 Ninjas: High Noon at Mega Mountain,0.0,29.0
The Big One,92.0,67.0
The Big One,92.0,67.0
City of Angels,58.0,82.0
My Giant,21.0,25.0
Neil Simon's The Odd Couple II,27.0,56.0
Species II,9.0,18.0
Chinese Box,64.0,54.0
Homegrown,44.0,50.0
Major League: Back to the Minors,21.0,25.0
The Object of My Affection,53.0,51.0
Paulie,62.0,55.0
Sour Grapes,27.0,37.0
Suicide Kings,35.0,74.0
Wild Man Blues,86.0,66.0
The Big Hit,41.0,57.0
Music From Another Room,43.0,67.0
Sliding Doors,65.0,77.0
Tarzan and the Lost City,6.0,23.0
The Truce,53.0,53.0
Truce,,71.0
Two Girls and a Guy,50.0,41.0
Black Dog,14.0,60.0
He Got Game,80.0,83.0
Deep Impact,45.0,43.0
Woo,10.0,62.0
Bulworth,76.0,68.0
Clockwatchers,86.0,61.0
The Horse Whisperer,73.0,72.0
Quest for Camelot,43.0,60.0
The Brave Little Toaster Goes to Mars,50.0,45.0
The Brave Little Toaster Goes to Mars,50.0,45.0
Godzilla,20.0,28.0
Fear and Loathing in Las Vegas,51.0,89.0
The Opposite of Sex,81.0,60.0
I Got the Hook-Up,17.0,64.0
Almost Heroes,5.0,64.0
Hope Floats,27.0,72.0
Insomnia,,
Beyond Silence,83.0,81.0
A Perfect Murder,55.0,51.0
The Truman Show,94.0,89.0
Can't Hardly Wait,40.0,63.0
Cousin Bette,,
Dirty Work,,
High Art,76.0,77.0
The Land Girls,61.0,52.0
The Land Girls,61.0,52.0
The Last Days of Disco,73.0,66.0
The Last Days of Disco,73.0,66.0
Passion in the Desert,70.0,65.0
"Six Days, Seven Nights",38.0,36.0
Dream for an Insomniac,50.0,75.0
Hav Plenty,36.0,83.0
Henry Fool,89.0,83.0
Mulan,86.0,85.0
I Went Down,84.0,86.0
Buffalo 66,77.0,88.0
Dr. Dolittle,42.0,35.0
Smoke Signals,90.0,82.0
When Trumpets Fade,,75.0
Armageddon,43.0,73.0
Lethal Weapon 4,52.0,64.0
When I Close My Eyes,,
Madeline,,
Pi,88.0,85.0
Small Soldiers,49.0,45.0
Dennis the Menace Strikes Again,,24.0
There's Something About Mary,84.0,61.0
The Mask of Zorro,84.0,73.0
Polish Wedding,42.0,52.0
The Thief,,
Thief,,
Lolita,,
The Saltmen of Tibet,,
Billy's Hollywood Screen Kiss,78.0,63.0
Disturbing Behavior,35.0,40.0
"East Palace, West Palace",80.0,58.0
Mafia,,
Saving Private Ryan,94.0,95.0
Western,80.0,83.0
Poodle Springs,,17.0
The Negotiator,74.0,79.0
The Parent Trap,87.0,70.0
BASEketball,41.0,74.0
Ever After: A Cinderella Story,91.0,84.0
Full Tilt Boogie,87.0,64.0
The Governess,65.0,50.0
The Governess,65.0,50.0
Snake Eyes,43.0,35.0
Air Bud: Golden Receiver,21.0,38.0
Marvel's the Avengers,91.0,91.0
How Stella Got Her Groove Back,50.0,66.0
Return to Paradise,,0.0
Slums of Beverly Hills,81.0,68.0
Magdalen,,
The Blade,,87.0
Dance With Me,51.0,67.0
Dead Man on Campus,15.0,55.0
Next Stop Wonderland,73.0,74.0
Wrongfully Accused,18.0,56.0
Your Friends & Neighbors,77.0,64.0
The Rat Pack,57.0,58.0
Pocahontas II: Journey to a New World,29.0,28.0
54,15.0,36.0
Why Do Fools Fall in Love,52.0,76.0
Knock Off,10.0,26.0
Cube,63.0,76.0
Simon Birch,44.0,77.0
Without Limits,79.0,91.0
Permanent Midnight,59.0,54.0
Chicago Cab,56.0,66.0
One True Thing,87.0,71.0
Rush Hour,62.0,78.0
Addams Family Reunion,,33.0
Casper Meets Wendy,17.0,46.0
Scooby-Doo on Zombie Island,89.0,80.0
Clay Pigeons,61.0,68.0
Snitch,90.0,67.0
Pecker,52.0,64.0
Ronin,70.0,80.0
Urban Legend,28.0,37.0
The Jungle Book: Mowgli's Story,,31.0
Antz,92.0,52.0
Impostors,,
Strangeland,6.0,64.0
What Dreams May Come,52.0,84.0
Shot Through the Heart,,83.0
Holy Man,12.0,25.0
The Mighty,75.0,79.0
One Tough Cop,24.0,21.0
Rushmore,90.0,91.0
Butter's Final Meal,43.0,
Beloved,,
Bride of Chucky,48.0,50.0
H.appiness,,
Practical Magic,24.0,73.0
Apt Pupil,54.0,56.0
Life is Beautiful,,
Pleasantville,86.0,79.0
Soldier,,
Orgazmo,48.0,66.0
The Lion King II: Simba's Pride,67.0,61.0
The Lion King II: Simba's Pride,67.0,61.0
American History X,84.0,96.0
Living Out Loud,60.0,62.0
Vampires,,
Richie Rich's Christmas Wish,,33.0
Belly,23.0,87.0
Gods and Monsters,96.0,82.0
The Siege,,
Siege,,
Velvet Goldmine,63.0,80.0
The Waterboy,33.0,71.0
Dancing at Lughnasa,60.0,58.0
I Still Know What You Did Last Summer,7.0,29.0
Meet Joe Black,46.0,81.0
Celebrity,,
Enemy of the State,71.0,78.0
The Rugrats Movie,59.0,50.0
Waking Ned Devine,84.0,88.0
Winchell,83.0,71.0
A Bug's Life,92.0,73.0
Babe: Pig in the City,65.0,41.0
Home Fries,31.0,34.0
Ringmaster,21.0,18.0
Very Bad Things,41.0,58.0
Little Voice,80.0,74.0
Psycho,97.0,95.0
Jack Frost,,
Shakespeare in Love,92.0,80.0
Star Trek: Insurrection,55.0,44.0
The General,,
Playing by Heart,60.0,79.0
The Prince of Egypt,,93.0
The Prince of Egypt,79.0,90.0
You've Got Mail,70.0,73.0
The Secret of NIMH 2: Timmy to the Rescue,,25.0
The Theory of Flight,50.0,57.0
Down in the Delta,76.0,71.0
The Faculty,58.0,57.0
Hurlyburly,58.0,65.0
Patch Adams,21.0,73.0
Stepmom,44.0,75.0
Affliction,88.0,72.0
Another Day in Paradise,,
Hilary and Jackie,88.0,83.0
The Hi-Lo Country,54.0,48.0
Star Wars: Episode I - The Phantom Menace,52.0,59.0
The Sixth Sense,86.0,90.0
Toy Story 2,100.0,87.0
Austin Powers: The Spy Who Shagged Me,53.0,71.0
The Matrix,83.0,85.0
The Matrix,83.0,85.0
Tarzan,89.0,75.0
Big Daddy,39.0,74.0
The Mummy,62.0,75.0
Runaway Bride,46.0,52.0
The Blair Witch Project,86.0,57.0
The Blair Witch Project,86.0,57.0
"Our Friend, Martin",,66.0
In Dreams,25.0,40.0
Varsity Blues,45.0,76.0
Virus,,16.0
Glória,,
The 24-Hour Woman,50.0,33.0
She's All That,41.0,55.0
Payback,,
Simply Irresistible,16.0,54.0
Blast From the Past,58.0,57.0
Message in a Bottle,32.0,66.0
My Favorite Martian,12.0,31.0
Tango,,
Jawbreaker,14.0,55.0
October Sky,91.0,88.0
Office Space,81.0,93.0
20 Dates,35.0,47.0
200 Cigarettes,30.0,59.0
8MM,23.0,52.0
The Breaks,,80.0
The Breaks,,80.0
Just the Ticket,23.0,38.0
The Other Sister,29.0,71.0
Lansky,40.0,24.0
Analyze This,69.0,62.0
Cruel Intentions,53.0,80.0
"Lock, Stock and Two Smoking Barrels",75.0,93.0
Baby Geniuses,2.0,25.0
The Corruptor,48.0,43.0
The Corruptor,48.0,43.0
The Deep End of the Ocean,42.0,58.0
The Rage: Carrie 2,23.0,33.0
Wing Commander,10.0,26.0
Forces of Nature,46.0,34.0
The King and I,13.0,41.0
Ravenous,52.0,78.0
True Crime,0.0,41.0
Earthly Possessions,,58.0
Doug's 1st Movie,28.0,28.0
EDtv,63.0,30.0
The Mod Squad,3.0,17.0
10 Things I Hate About You,71.0,69.0
The Matrix,83.0,85.0
The Matrix,83.0,85.0
Cookie's Fortune,86.0,66.0
A Walk on the Moon,,
Foolish,0.0,67.0
Never Been Kissed,55.0,69.0
All About My Mother,98.0,93.0
Goodbye Lover,29.0,38.0
Hideous Kinky,66.0,60.0
Life,52.0,77.0
The Winslow Boy,,67.0
The Jack Bull,80.0,73.0
Election,92.0,79.0
eXistenZ,75.0,69.0
Lost and Found,,40.0
Pushing Tin,48.0,42.0
Entrapment,40.0,50.0
Idle Hands,16.0,58.0
The Mummy,62.0,75.0
Trippin',18.0,79.0
A Midsummer Night's Dream,,
Tea With Mussolini,65.0,76.0
Rocky Marciano,33.0,65.0
Star Wars: Episode I - The Phantom Menace,52.0,59.0
The Love Letter,33.0,38.0
Love Letter,,
The Brave Little Toaster to the Rescue,,47.0
The Loss of Sexual Innocence,47.0,60.0
Notting Hill,84.0,79.0
Inherit the Wind,93.0,91.0
Instinct,26.0,67.0
Limbo,,72.0
Austin Powers: The Spy Who Shagged Me,53.0,71.0
The Red Violin,74.0,91.0
The Red Violin,74.0,91.0
The General's Daughter,21.0,46.0
An Ideal Husband,,
Run Lola Run,93.0,90.0
Tarzan,89.0,75.0
Big Daddy,39.0,74.0
My Son the Fanatic,79.0,75.0
"South Park: Bigger, Longer & Uncut",81.0,88.0
Wild Wild West,16.0,28.0
Summer of Sam,50.0,60.0
Vendetta,,
American Pie,62.0,61.0
Arlington Road,63.0,74.0
Genghis Blues,75.0,90.0
The Blair Witch Project,86.0,57.0
The Blair Witch Project,86.0,57.0
Muppets From Space,63.0,58.0
Eyes Wide Shut,76.0,74.0
Lake Placid,47.0,37.0
The Wood,61.0,92.0
Drop Dead Gorgeous,47.0,75.0
Inspector Gadget,20.0,18.0
Trick,79.0,83.0
Deep Blue Sea,,
Runaway Bride,46.0,52.0
Twin Falls Idaho,78.0,83.0
The Adventures of Sebastian Cole,46.0,70.0
Illuminata,46.0,67.0
The Iron Giant,96.0,90.0
The Iron Giant,96.0,90.0
Mystery Men,60.0,57.0
The Sixth Sense,86.0,90.0
The Thomas Crown Affair,70.0,74.0
Bowfinger,81.0,61.0
Brokedown Palace,31.0,66.0
Detroit Rock City,50.0,82.0
Mickey Blue Eyes,45.0,42.0
Teaching Mrs. Tingle,19.0,31.0
Universal Soldier: The Return,5.0,24.0
Introducing Dorothy Dandridge,83.0,81.0
In Too Deep,,
The 13th Warrior,33.0,66.0
The Astronaut's Wife,15.0,33.0
The Astronaut's Wife,15.0,33.0
A Dog of Flanders,,
Dudley Do-Right,16.0,24.0
The Muse,,
The Muse,53.0,34.0
The Very Thought of You,40.0,60.0
The Very Thought of You,40.0,60.0
Chill Factor,10.0,30.0
Outside Providence,52.0,65.0
Best Laid Plans,43.0,39.0
Love Stinks,19.0,63.0
Stigmata,22.0,63.0
Stir of Echoes,68.0,70.0
Blue Streak,35.0,64.0
Breakfast of Champions,25.0,31.0
For Love of the Game,46.0,75.0
Double Jeopardy,,27.0
Jakob the Liar,29.0,63.0
The Minus Man,59.0,46.0
Mumford,58.0,65.0
Alvin and the Chipmunks Meet Frankenstein,,61.0
The Adventures of Elmo in Grouchland,77.0,64.0
American Beauty,87.0,93.0
Drive Me Crazy,29.0,53.0
"Mystery, Alaska",37.0,66.0
Three Kings,94.0,77.0
Scooby-Doo and the Witch's Ghost,50.0,75.0
The Limey,92.0,78.0
Random Hearts,18.0,24.0
Superstar,,57.0
Fight Club,80.0,96.0
The Omega Code,8.0,31.0
The Story of Us,,29.0
The Story of Us,26.0,58.0
The Straight Story,95.0,91.0
The Nuttiest Nutcracker,,38.0
The Nuttiest Nutcracker,,38.0
Bats,17.0,14.0
The Best Man,72.0,86.0
Best Man,,
Body Shots,11.0,27.0
Boys Don't Cry,90.0,87.0
Bringing Out the Dead,73.0,70.0
Crazy in Alabama,30.0,64.0
Molly,14.0,52.0
Three to Tango,29.0,48.0
Being John Malkovich,94.0,87.0
House on Haunted Hill,79.0,73.0
The Legend of 1900,56.0,91.0
Music of the Heart,64.0,72.0
Princess Mononoke,93.0,94.0
The Suburbans,0.0,22.0
American Movie,94.0,90.0
The Bachelor,,
The Bachelor,,
The Bone Collector,29.0,63.0
The Insider,,
The Insider,96.0,90.0
Mickey's Once Upon a Christmas,40.0,66.0
Light It Up,39.0,75.0
Anywhere but Here,63.0,55.0
Dogma,68.0,85.0
Felicia's Journey,88.0,71.0
The Messenger: The Story of Joan of Arc,32.0,58.0
Liberty Heights,86.0,76.0
Sleepy Hollow,70.0,80.0
The World Is Not Enough,51.0,49.0
RKO 281,92.0,75.0
End of Days,11.0,33.0
Flawless,40.0,54.0
Mansfield Park,,53.0
Toy Story 2,100.0,87.0
Agnes Browne,41.0,71.0
Holy Smoke,46.0,47.0
Sweet and Lowdown,77.0,82.0
The Cider House Rules,71.0,77.0
Cradle Will Rock,65.0,71.0
Deuce Bigalow: Male Gigolo,22.0,42.0
The Green Mile,79.0,94.0
The Green Mile,79.0,94.0
Miss Julie,,
Witness Protection,,
Topsy-Turvy,90.0,79.0
Anna and the King,,
Bicentennial Man,37.0,59.0
Fantasia 2000,80.0,75.0
Magnolia,82.0,89.0
Stuart Little,67.0,41.0
"Girl, Interrupted",53.0,84.0
Wakko's Wish,,80.0
Any Given Sunday,52.0,73.0
Snow Falling on Cedars,39.0,67.0
The Big Tease,56.0,54.0
The Big Tease,56.0,54.0
Angela's Ashes,52.0,81.0
Galaxy Quest,90.0,79.0
The Talented Mr. Ripley,85.0,80.0
Titus,69.0,86.0
The Hurricane,,
Hurricane,,
How the Grinch Stole Christmas,49.0,58.0
Cast Away,89.0,84.0
Mission: Impossible II,56.0,42.0
Gladiator,80.0,87.0
What Women Want,54.0,54.0
The Perfect Storm,46.0,63.0
The Perfect Storm,46.0,63.0
Meet the Parents,85.0,79.0
X-Men,82.0,83.0
Scary Movie,51.0,43.0
What Lies Beneath,47.0,58.0
Next Friday,21.0,76.0
Play It to the Bone,11.0,25.0
2012: Supernova,,9.0
The Boondock Saints,26.0,91.0
Down to You,3.0,48.0
Isn't She Great,24.0,37.0
Simpatico,25.0,14.0
Gun Shy,26.0,36.0
Scream 3,41.0,38.0
The Beach,,
The Beach,21.0,57.0
Snow Day,29.0,27.0
The Tigger Movie,62.0,62.0
Beautiful People,80.0,85.0
Hanging Up,12.0,34.0
Pitch Black,60.0,77.0
The Whole Nine Yards,43.0,64.0
The Whole Nine Yards,43.0,64.0
Wonder Boys,81.0,83.0
Reindeer Games,25.0,27.0
An Extremely Goofy Movie,,
3 Strikes,0.0,67.0
Drowning Mona,29.0,47.0
My Dog Skip,73.0,68.0
The Next Best Thing,19.0,35.0
If These Walls Could Talk 2,60.0,83.0
Mission to Mars,24.0,30.0
The Ninth Gate,43.0,58.0
Erin Brockovich,85.0,81.0
Final Destination,36.0,68.0
Romeo Must Die,32.0,61.0
Ghost Dog: The Way of the Samurai,84.0,86.0
Here on Earth,17.0,60.0
Mr. Accident,17.0,31.0
Waking the Dead,50.0,77.0
Whatever It Takes,,
Leprechaun in the Hood,33.0,31.0
Price of Glory,33.0,76.0
The Road to El Dorado,49.0,66.0
The Skulls,9.0,43.0
Black and White,,
Joe Gould's Secret,65.0,63.0
Ready to Rumble,23.0,52.0
Return to Me,62.0,80.0
Rules of Engagement,37.0,55.0
28 Days,33.0,50.0
American Psycho,68.0,85.0
Keeping the Faith,69.0,59.0
Kevin & Perry Go Large,14.0,70.0
Where the Money Is,48.0,36.0
Gossip,28.0,47.0
Love & Basketball,85.0,95.0
U-571,68.0,62.0
The Virgin Suicides,80.0,81.0
The Big Kahuna,73.0,72.0
The Big Kahuna,73.0,72.0
Committed,,
The Flintstones in Viva Rock Vegas,25.0,20.0
The Flintstones in Viva Rock Vegas,25.0,20.0
Frequency,70.0,81.0
The Last September,42.0,33.0
The Last September,42.0,33.0
Timecode,68.0,48.0
Gladiator,80.0,87.0
I Dreamed of Africa,10.0,56.0
Michael Jordan: To the Max,67.0,81.0
Up at the Villa,45.0,35.0
Battlefield Earth,3.0,13.0
Center Stage,41.0,82.0
Hamlet,100.0,91.0
Held Up,17.0,42.0
Screwed,,
Dinosaur,,
Small Time Crooks,66.0,57.0
Mission: Impossible II,56.0,42.0
Passion of Mind,19.0,51.0
Shanghai Noon,80.0,65.0
Big Momma's House,30.0,57.0
Love's Labour's Lost,50.0,40.0
Sunshine,77.0,73.0
The Woman Chaser,71.0,73.0
The Woman Chaser,71.0,73.0
Boys and Girls,11.0,50.0
Jesus' Son,79.0,83.0
Shaft,34.0,94.0
Titan A.E.,50.0,61.0
Time Regained,72.0,72.0
Chicken Run,97.0,65.0
"Me, Myself & Irene",48.0,57.0
The Patriot,100.0,58.0
The Patriot,,0.0
Trixie,28.0,23.0
The Adventures of Rocky and Bullwinkle,42.0,21.0
The Adventures of Rocky and Bullwinkle,42.0,21.0
The Perfect Storm,46.0,63.0
The Perfect Storm,46.0,63.0
But I'm a Cheerleader,43.0,75.0
Disney's The Kid,49.0,49.0
Kid,,
Scary Movie,51.0,43.0
Heavy Metal 2000,8.0,36.0
X-Men,82.0,83.0
Chuck & Buck,84.0,66.0
The Five Senses,74.0,79.0
The In Crowd,2.0,38.0
Loser,,
What Lies Beneath,47.0,58.0
An American Tail: The Mystery of the Night Monster,,40.0
Beethoven's 3rd,0.0,25.0
Thomas and the Magic Railroad,21.0,42.0
Croupier,95.0,79.0
The Girl on the Bridge,88.0,91.0
Nutty Professor II: The Klumps,27.0,33.0
Wonderland,34.0,65.0
Coyote Ugly,23.0,71.0
Hollow Man,26.0,28.0
Saving Grace,,76.0
Space Cowboys,78.0,53.0
The Tao of Steve,80.0,69.0
Buzz Lightyear of Star Command: The Adventure Begins,,51.0
Autumn in New York,20.0,53.0
Bless the Child,4.0,43.0
Cecil B. Demented,52.0,67.0
The Opportunists,54.0,46.0
The Replacements,41.0,66.0
The Cell,,
Cell,,
The Original Kings of Comedy,83.0,79.0
Sunset Strip,,
The Scarecrow,,
Khayal Maata,,
Bring It On,65.0,66.0
The Crew,,
The Crew,,40.0
The Last of the Blonde Bombshells,,78.0
Alvin and the Chipmunks Meet the Wolfman,,71.0
Highlander: Endgame,11.0,38.0
Whipped,13.0,32.0
Turn It Up,10.0,25.0
Backstage,,
Nurse Betty,83.0,45.0
Urbania,73.0,71.0
Raven's Watch,,18.0
The Watcher,11.0,28.0
The Way of the Gun,46.0,70.0
The Taking,,
Crime and Punishment in Suburbia,21.0,58.0
Judy Garland - Judy Duets,,
Into the Arms of Strangers: Stories of the Kindertransport,92.0,88.0
Almost Famous,91.0,92.0
The Fantasticks,48.0,49.0
The Fantasticks,48.0,49.0
The Specials,82.0,86.0
The Specials,47.0,55.0
Urban Legends: Final Cut,10.0,20.0
Woman on Top,35.0,42.0
Beautiful,,
Best in Show,93.0,88.0
Girlfight,87.0,75.0
Remember the Titans,71.0,93.0
Scooby-Doo and the Alien Invaders,80.0,62.0
Bamboozled,53.0,74.0
Bootmen,39.0,69.0
Dancer in the Dark,70.0,91.0
Digimon: The Movie,24.0,66.0
Get Carter,87.0,84.0
Meet the Parents,85.0,79.0
Tigerland,77.0,71.0
Animal Factory,83.0,59.0
Billy Elliot,85.0,89.0
The Contender,,
The Contender,,
Dr. T & the Women,57.0,20.0
The Ladies' Man,100.0,67.0
Ladies' Man,,
Lost Souls,,
Whispers: An Elephant's Tale,,38.0
The Yards,64.0,51.0
Cherry Falls,63.0,41.0
Drunken Master II,84.0,88.0
MVP: Most Valuable Primate,40.0,41.0
Pay It Forward,39.0,77.0
Book of Shadows: Blair Witch 2,14.0,18.0
The Little Vampire,55.0,55.0
The Little Vampire,55.0,55.0
Loving Jezebel,33.0,47.0
Lucky Numbers,23.0,19.0
Requiem for a Dream,78.0,93.0
Batman Beyond: Return of the Joker,100.0,86.0
Mercy Streets,13.0,55.0
Charlie's Angels,68.0,45.0
The Legend of Bagger Vance,43.0,65.0
Little Nicky,22.0,55.0
Men of Honor,42.0,81.0
Red Planet,14.0,28.0
You Can Count on Me,95.0,88.0
The 6th Day,40.0,33.0
Bounce,53.0,33.0
How the Grinch Stole Christmas,49.0,58.0
For Love or Country: The Arturo Sandoval Story,,78.0
102 Dalmatians,30.0,32.0
Quills,75.0,83.0
Unbreakable,70.0,77.0
Panic,,
Snatch,74.0,93.0
Dungeons & Dragons,9.0,20.0
Proof of Life,39.0,43.0
Vertical Limit,49.0,41.0
Disappearing Acts,60.0,85.0
Holiday Heart,67.0,92.0
Chocolat,63.0,83.0
"Dude, Where's My Car?",16.0,47.0
The Emperor's New Groove,86.0,84.0
Pollock,79.0,74.0
What Women Want,54.0,54.0
Finding Forrester,74.0,79.0
Cast Away,89.0,84.0
Before Night Falls,74.0,83.0
Wes Craven Presents: Dracula 2000,17.0,39.0
The Family Man,,
The Family Man,53.0,67.0
The Gift,,
Gift,100.0,89.0
The House of Mirth,82.0,72.0
Miss Congeniality,41.0,69.0
"O Brother, Where Art Thou?",78.0,89.0
State and Main,85.0,70.0
Thirteen Days,83.0,80.0
All the Pretty Horses,32.0,42.0
Vatel,31.0,61.0
The Claim,62.0,48.0
Shadow of the Vampire,82.0,74.0
Harry Potter and the Sorcerer's Stone,81.0,82.0
The Lord of the Rings: The Fellowship of the Ring,92.0,95.0
The Lord of the Rings: The Fellowship of the Ring,92.0,95.0
Shrek,88.0,90.0
"Monsters, Inc.",96.0,90.0
Rush Hour 2,50.0,74.0
The Mummy Returns,46.0,63.0
Ocean's Eleven,83.0,80.0
Jurassic Park III,49.0,37.0
Antitrust,24.0,50.0
Double Take,,
Save the Last Dance,54.0,59.0
The Amati Girls,46.0,64.0
The Pledge,78.0,59.0
Love Intelligence Enmity,,
Sugar & Spice,29.0,42.0
The Wedding Planner,17.0,59.0
Head Over Heels,,
The Invisible Circus,22.0,44.0
Valentine,11.0,33.0
Bojangles,,62.0
Hannibal,,
Saving Silverman,18.0,51.0
Down to Earth,,
Recess: School's Out,60.0,56.0
Revolution OS,43.0,77.0
Road to Redemption,,62.0
Sweet November,,62.0
3000 Miles to Graceland,15.0,46.0
Monkeybone,20.0,27.0
Boycott,,75.0
The Caveman's Valentine,45.0,51.0
The Mexican,54.0,44.0
See Spot Run,23.0,44.0
The Gleaners and I,93.0,86.0
The Gleaners and I,93.0,86.0
15 Minutes,32.0,37.0
Get Over It,43.0,51.0
Things You Can Tell Just by Looking at Her,76.0,64.0
Elling,85.0,91.0
Enemy at the Gates,54.0,82.0
Exit Wounds,33.0,45.0
Memento,94.0,94.0
The Brothers,,
Brothers,,
Heartbreakers,80.0,53.0
Say It Isn't So,8.0,32.0
Wit,83.0,91.0
Someone Like You,,
Spy Kids,93.0,47.0
The Tailor of Panama,75.0,46.0
Tomcats,14.0,42.0
Yamakasi - Les samouraïs des temps modernes,,63.0
Along Came a Spider,32.0,53.0
Blow,56.0,87.0
Just Visiting,33.0,53.0
Joe Dirt,9.0,63.0
Josie and the Pussycats,53.0,52.0
Kingdom Come,27.0,72.0
The Center of the World,34.0,40.0
Crocodile Dundee in Los Angeles,11.0,25.0
Freddy Got Fingered,10.0,56.0
"Harry, He's Here to Help",96.0,79.0
Driven,64.0,62.0
The Forsaken,,
The Forsaken,7.0,41.0
One Night at McCool's,33.0,39.0
Town & Country,13.0,14.0
61*,86.0,90.0
Mockingbird Don't Sing,,72.0
The Mummy Returns,46.0,63.0
The King Is Alive,60.0,58.0
The King Is Alive,60.0,58.0
About Adam,68.0,47.0
Angel Eyes,,31.0
Shrek,88.0,90.0
Conspiracy,,19.0
The Man Who Cried,35.0,59.0
The Man Who Cried,35.0,59.0
The Animal,,
Animal,,
Moulin Rouge,,60.0
What's the Worst That Could Happen?,10.0,35.0
The Anniversary Party,61.0,57.0
The Anniversary Party,61.0,57.0
Bride of the Wind,11.0,38.0
Evolution,,
Swordfish,26.0,59.0
Stanley Kubrick: A Life in Pictures,86.0,89.0
Atlantis: The Lost Empire,49.0,55.0
Lara Croft: Tomb Raider,20.0,47.0
Sexy Beast,87.0,85.0
Dr. Dolittle 2,41.0,26.0
The Fast and the Furious,54.0,74.0
The Princess and the Warrior,64.0,88.0
The Trumpet of the Swan,14.0,37.0
Baby Boy,71.0,87.0
A.I.: Artificial Intelligence,76.0,64.0
Pootie Tang,27.0,63.0
Cats & Dogs,52.0,32.0
Scary Movie 2,13.0,52.0
Kiss of the Dragon,52.0,68.0
Lost and Delirious,51.0,78.0
Final Fantasy: The Spirits Within,44.0,48.0
Legally Blonde,71.0,72.0
Made,71.0,66.0
The Score,56.0,45.0
Score,,
Jurassic Park III,49.0,37.0
America's Sweethearts,33.0,40.0
Ghost World,93.0,84.0
Hedwig and the Angry Inch,92.0,93.0
Wet Hot American Summer,38.0,75.0
Karumadikkuttan,,
Original Sin,12.0,61.0
The Princess Diaries,49.0,68.0
Rush Hour 2,50.0,74.0
All Over the Guy,43.0,67.0
American Pie 2,51.0,68.0
Osmosis Jones,55.0,42.0
The Others,,
Others,,
Dinner With Friends,90.0,46.0
American Outlaws,13.0,67.0
Captain Corelli's Mandolin,28.0,50.0
Rat Race,45.0,64.0
Bubble Boy,31.0,48.0
The Curse of the Jade Scorpion,45.0,53.0
Happy Accidents,70.0,75.0
Jay and Silent Bob Strike Back,52.0,75.0
Summer Catch,8.0,41.0
Jeepers Creepers,45.0,49.0
O,65.0,58.0
Megiddo,10.0,45.0
The Musketeer,11.0,33.0
Rock Star,53.0,59.0
Soul Survivors,4.0,26.0
Two Can Play That Game,40.0,83.0
The Glass House,,100.0
The Glass House,22.0,39.0
Hardball,41.0,70.0
Glitter,6.0,48.0
Born Romantic,58.0,55.0
Dinner Rush,91.0,85.0
Don't Say a Word,24.0,49.0
Hearts in Atlantis,49.0,64.0
Zoolander,65.0,80.0
Joy Ride,74.0,66.0
Max Keeble's Big Move,29.0,38.0
Serendipity,59.0,79.0
Training Day,74.0,89.0
Scooby-Doo and the Cyber Chase,60.0,66.0
Bandits,64.0,58.0
Corky Romano,7.0,39.0
Iron Monkey,,33.0
My First Mister,53.0,75.0
From Hell,57.0,66.0
The Last Castle,52.0,74.0
Riding in Cars With Boys,49.0,66.0
Waking Life,81.0,87.0
Donnie Darko,87.0,80.0
K-PAX,42.0,74.0
On the Line,,
Thirteen Ghosts,19.0,49.0
Bones,26.0,40.0
Wasabi,43.0,69.0
Domestic Disturbance,23.0,37.0
The Man Who Wasn't There,81.0,85.0
"Monsters, Inc.",96.0,90.0
The One,13.0,51.0
One,,
Mickey's Magical Christmas: Snowed In at the House of Mouse,,62.0
Heist,,
Life as a House,47.0,88.0
Maze,39.0,44.0
Shallow Hal,49.0,45.0
Harry Potter and the Sorcerer's Stone,81.0,82.0
Novocaine,38.0,37.0
The Wash,,
Black Knight,15.0,34.0
Out Cold,8.0,84.0
Spy Game,64.0,75.0
In the Bedroom,93.0,81.0
The Affair of the Necklace,15.0,42.0
Behind Enemy Lines,,29.0
Texas Rangers,2.0,29.0
Beethoven's 4th,0.0,28.0
Pokémon: Mewtwo Returns,0.0,60.0
No Man's Land,93.0,92.0
Ocean's Eleven,83.0,80.0
The Day Reagan Was Shot,60.0,70.0
Iris,,
Not Another Teen Movie,31.0,55.0
The Royal Tenenbaums,81.0,89.0
The Royal Tenenbaums,81.0,89.0
The Other Side of Heaven,30.0,74.0
The Other Side of Heaven,30.0,74.0
Vanilla Sky,43.0,72.0
The Shipping News,54.0,61.0
The Lord of the Rings: The Fellowship of the Ring,92.0,95.0
The Lord of the Rings: The Fellowship of the Ring,92.0,95.0
A Beautiful Mind,74.0,93.0
The Business of Strangers,81.0,51.0
How High,25.0,79.0
Jimmy Neutron: Boy Genius,74.0,53.0
Joe Somebody,21.0,27.0
The Majestic,42.0,60.0
The Majestic,42.0,60.0
"Momo, the Conquest of Time",,77.0
Ali,68.0,65.0
Kate & Leopold,52.0,62.0
Gosford Park,87.0,78.0
Monster's Ball,85.0,67.0
I Am Sam,36.0,86.0
Black Hawk Down,77.0,88.0
Charlotte Gray,33.0,62.0
Spider-Man,90.0,67.0
The Lord of the Rings: The Two Towers,95.0,95.0
The Lord of the Rings: The Two Towers,95.0,95.0
Star Wars: Episode II - Attack of the Clones,65.0,56.0
Harry Potter and the Chamber of Secrets,82.0,80.0
My Big Fat Greek Wedding,76.0,73.0
Signs,75.0,67.0
Austin Powers in Goldmember,53.0,44.0
Men in Black II,38.0,45.0
Ice Age,77.0,82.0
Chicago,86.0,83.0
Impostor,25.0,41.0
Orange County,47.0,61.0
Snow Dogs,26.0,40.0
State Property,0.0,73.0
The Count of Monte-Cristo,,
The Mothman Prophecies,52.0,56.0
Storytelling,54.0,67.0
A Walk to Remember,29.0,78.0
Birthday Girl,59.0,39.0
Slackers,10.0,50.0
Big Fat Liar,46.0,44.0
Rollerball,67.0,62.0
Crossroads,,
Hart's War,60.0,48.0
John Q,26.0,78.0
Return to Never Land,45.0,39.0
Super Troopers,36.0,90.0
Big Bad Love,42.0,70.0
Dragonfly,7.0,62.0
Queen of the Damned,17.0,66.0
Cinderella II: Dreams Come True,11.0,32.0
40 Days and 40 Nights,39.0,43.0
We Were Soldiers,64.0,84.0
All About the Benjamins,31.0,77.0
The Time Machine,,43.0
The Laramie Project,92.0,80.0
The Laramie Project,92.0,80.0
Kissing Jessica Stein,83.0,65.0
Harrison's Flowers,49.0,76.0
Ice Age,77.0,82.0
Resident Evil,36.0,67.0
Showtime,,
The Hunchback of Notre Dame II,22.0,27.0
The Hunchback of Notre Dame II,22.0,27.0
Blade II,57.0,68.0
E.T. the Extra-Terrestrial,99.0,72.0
Sorority Boys,12.0,54.0
Stolen Summer,36.0,66.0
Clockstoppers,29.0,30.0
Death to Smoochy,42.0,66.0
No Such Thing,31.0,59.0
Panic Room,76.0,64.0
The Rookie,84.0,70.0
Big Trouble,14.0,25.0
High Crimes,31.0,50.0
National Lampoon's Van Wilder,18.0,73.0
The Cat's Meow,76.0,52.0
Changing Lanes,78.0,53.0
Frailty,75.0,79.0
New Best Friend,5.0,38.0
The Sweetest Thing,26.0,65.0
Murder by Numbers,,
My Big Fat Greek Wedding,76.0,73.0
The Scorpion King,41.0,37.0
Jason X,20.0,25.0
Life or Something Like It,28.0,44.0
The Salton Sea,63.0,82.0
Deuces Wild,3.0,51.0
Hollywood Ending,47.0,49.0
Spider-Man,90.0,67.0
The Lady and the Duke,72.0,68.0
New Guy,63.0,42.0
Ultimate X: The Movie,72.0,43.0
Unfaithful,50.0,68.0
Star Wars: Episode II - Attack of the Clones,65.0,56.0
About a Boy,93.0,55.0
The Believer,82.0,82.0
The Believer,82.0,82.0
The Importance of Being Earnest,57.0,72.0
Path to War,100.0,74.0
CQ,66.0,69.0
Enough,,
Insomnia,,
Spirit: Stallion of the Cimarron,69.0,77.0
Thirteen Conversations About One Thing,83.0,71.0
The Sum of All Fears,59.0,49.0
Undercover Brother,78.0,64.0
Bad Company,,
Divine Secrets of the Ya-Ya Sisterhood,44.0,65.0
Ivans Xtc,78.0,74.0
The Bourne Identity,84.0,93.0
The Dangerous Lives of Altar Boys,76.0,79.0
Windtalkers,33.0,50.0
Air Bud: Seventh Inning Fetch,,50.0
Juwanna Mann,10.0,39.0
Lilo & Stitch,87.0,78.0
Minority Report,89.0,80.0
Sunshine State,80.0,58.0
Point of Origin,,47.0
The First $20 Million Is Always the Hardest,11.0,49.0
Hey Arnold! The Movie,29.0,37.0
Mr. Deeds,22.0,59.0
Pumpkin,36.0,57.0
Like Mike,57.0,51.0
Men in Black II,38.0,45.0
The Powerpuff Girls Movie,64.0,60.0
The Crocodile Hunter: Collision Course,53.0,44.0
The Crocodile Hunter: Collision Course,53.0,44.0
Halloween: Resurrection,10.0,24.0
Reign of Fire,42.0,49.0
Road to Perdition,81.0,86.0
Eight Legged Freaks,48.0,33.0
K-19: The Widowmaker,60.0,52.0
Stuart Little 2,81.0,41.0
Tarzan & Jane,17.0,30.0
Austin Powers in Goldmember,53.0,44.0
The Country Bears,29.0,34.0
Who Is Cletis Tout?,23.0,51.0
Full Frontal,39.0,27.0
Martin Lawrence Live: Runteldat,39.0,68.0
The Master of Disguise,1.0,36.0
Signs,75.0,67.0
Tadpole,77.0,57.0
The Adventures of Tom Thumb & Thumbelina,,39.0
The Adventures of Tom Thumb & Thumbelina,,39.0
The Good Girl,82.0,59.0
24 Hour Party People,87.0,87.0
Blood Work,52.0,40.0
XXX,48.0,58.0
The Adventures of Pluto Nash,5.0,20.0
The Adventures of Pluto Nash,5.0,20.0
The Princess and the Pea,,
The Princess and the Pea,,60.0
Blue Crush,61.0,58.0
The Kid Stays in the Picture,91.0,80.0
Possession,63.0,58.0
Kermit's Swamp Years: The Real Story Behind Kermit the Frog's Early Years,,36.0
Hysterical Blindness,75.0,63.0
One Hour Photo,81.0,65.0
Serving Sara,4.0,27.0
Undisputed,49.0,46.0
Mickey's House of Villains,,52.0
City by the Sea,48.0,40.0
Swimfan,15.0,32.0
Barbershop,82.0,62.0
Igby Goes Down,75.0,80.0
Stealing Harvard,9.0,39.0
Ballistic: Ecks vs. Sever,0.0,20.0
The Banger Sisters,48.0,42.0
Four Feathers,,100.0
The Four Feathers,42.0,65.0
Secretary,78.0,82.0
Spirited Away,96.0,96.0
Trapped,,
Just a Kiss,18.0,28.0
Sweet Home Alabama,38.0,78.0
The Tuxedo,21.0,30.0
Jonah: A VeggieTales Movie,66.0,75.0
Moonlight Mile,63.0,66.0
Red Dragon,69.0,74.0
Bowling for Columbine,95.0,83.0
Brown Sugar,67.0,90.0
Knockaround Guys,21.0,51.0
Pinocchio,0.0,33.0
The Rules of Attraction,44.0,71.0
Swept Away... by an Unusual Destiny in the Blue Sea of August,59.0,80.0
The Transporter,54.0,73.0
Tuck Everlasting,60.0,70.0
White Oleander,69.0,81.0
Abandon,16.0,31.0
Auto Focus,72.0,61.0
The 51st State,25.0,59.0
Real Women Have Curves,85.0,75.0
The Ring,71.0,48.0
The Ring,71.0,48.0
Welcome to Collinwood,55.0,55.0
Frida,76.0,85.0
Ghost Ship,15.0,37.0
Jackass: The Movie,49.0,75.0
The Truth About Charlie,34.0,27.0
The Truth About Charlie,34.0,27.0
Punch-Drunk Love,79.0,77.0
The Santa Clause 2,56.0,43.0
The Santa Clause 2,56.0,43.0
I Spy,15.0,33.0
Femme Fatale,,38.0
8 Mile,75.0,54.0
Far From Heaven,87.0,79.0
Half Past Dead,3.0,37.0
Harry Potter and the Chamber of Secrets,82.0,80.0
Die Another Day,55.0,41.0
The Emperor's Club,50.0,67.0
Friday After Next,26.0,75.0
Extreme Ops,7.0,28.0
Personal Velocity: Three Portraits,69.0,61.0
Solaris,66.0,59.0
They,67.0,38.0
Treasure Planet,69.0,72.0
Adaptation,,
Analyze That,26.0,39.0
Equilibrium,40.0,81.0
Live From Baghdad,78.0,84.0
About Schmidt,85.0,74.0
Drumline,82.0,70.0
Evelyn,64.0,78.0
The Hot Chick,21.0,59.0
Maid in Manhattan,38.0,44.0
Star Trek: Nemesis,38.0,49.0
The Lord of the Rings: The Two Towers,95.0,95.0
The Lord of the Rings: The Two Towers,95.0,95.0
25th Hour,79.0,85.0
Antwone Fisher,78.0,86.0
Gangs of New York,73.0,81.0
Narc,84.0,79.0
Two Weeks Notice,42.0,59.0
The Wild Thornberrys Movie,80.0,51.0
Catch Me if You Can,96.0,89.0
The Pianist,,33.0
The Pianist,95.0,96.0
Talk to Her,91.0,93.0
Chicago,86.0,83.0
The Hours,80.0,84.0
Nicholas Nickleby,,
Sonny,21.0,41.0
Confessions of a Dangerous Mind,80.0,75.0
The Lord of the Rings: The Return of the King,94.0,86.0
The Lord of the Rings: The Return of the King,94.0,86.0
Finding Nemo,99.0,86.0
Pirates of the Caribbean: The Curse of the Black Pearl,80.0,86.0
The Matrix Reloaded,73.0,72.0
The Matrix Reloaded,73.0,72.0
Bruce Almighty,48.0,57.0
X2,85.0,85.0
Elf,86.0,79.0
Terminator 3: Rise of the Machines,70.0,46.0
The Matrix Revolutions,34.0,60.0
The Matrix Revolutions,34.0,60.0
Cheaper by the Dozen,24.0,56.0
Just Married,20.0,47.0
City of God,91.0,97.0
Divine Intervention,,
A Guy Thing,25.0,35.0
Kangaroo Jack,9.0,29.0
National Security,11.0,45.0
101 Dalmatians II: Patch's London Adventure,67.0,42.0
Amen,67.0,82.0
Blind Spot: Hitler's Secretary,86.0,72.0
Darkness Falls,10.0,34.0
Super Sucker,29.0,41.0
Biker Boyz,22.0,54.0
Final Destination 2,50.0,58.0
Guru,85.0,84.0
Lost in La Mancha,94.0,77.0
The Recruit,43.0,58.0
Deliver Us From Eva,43.0,76.0
How to Lose a Guy in 10 Days,42.0,77.0
Shanghai Knights,66.0,54.0
Daredevil,43.0,35.0
The Jungle Book,,
The Jungle Book 2,18.0,30.0
Dark Blue,58.0,52.0
Gods and Generals,8.0,64.0
The Life of David Gale,19.0,81.0
The Life of David Gale,19.0,81.0
Old School,60.0,86.0
Cradle 2 the Grave,26.0,52.0
Poolhall Junkies,33.0,87.0
Scooby-Doo! And the Legend of the Vampire,,61.0
Bringing Down the House,34.0,49.0
Tears of the Sun,34.0,69.0
Inspector Gadget 2,40.0,23.0
Agent Cody Banks,38.0,32.0
Bend It Like Beckham,85.0,73.0
Hunted,,62.0
Hunted,,
Willard,64.0,51.0
Normal,100.0,76.0
Charlotte's Web 2: Wilbur's Great Adventure,,46.0
Boat Trip,7.0,36.0
Dreamcatcher,28.0,35.0
Piglet's Big Movie,70.0,64.0
View From the Top,14.0,34.0
Assassination Tango,47.0,33.0
Basic,21.0,62.0
Blue Collar Comedy Tour: The Movie,92.0,79.0
The Core,39.0,34.0
Head of State,30.0,46.0
Phone Booth,72.0,64.0
What a Girl Wants,36.0,62.0
Eddie Griffin: Dysfunktional Family,43.0,77.0
Anger Management,,
House of 1000 Corpses,22.0,65.0
Bulletproof Monk,23.0,38.0
Chasing Papi,14.0,40.0
A Mighty Wind,87.0,75.0
Holes,78.0,76.0
Malibu's Most Wanted,31.0,54.0
Confidence,69.0,70.0
The Good Thief,77.0,62.0
Identity,63.0,75.0
It Runs in the Family,29.0,29.0
The Real Cancun,34.0,30.0
The Dancer Upstairs,64.0,76.0
The Lizzie McGuire Movie,40.0,49.0
Marooned in Iraq,93.0,82.0
Owning Mahowny,78.0,75.0
X2,85.0,85.0
Daddy Day Care,27.0,48.0
The Man on the Train,92.0,79.0
The Man on the Train,92.0,79.0
The Shape of Things,64.0,65.0
The Matrix Reloaded,73.0,72.0
The Matrix Reloaded,73.0,72.0
Down With Love,60.0,62.0
The Spanish Apartment,76.0,86.0
Sweet Sixteen,97.0,88.0
Bruce Almighty,48.0,57.0
The In-Laws,90.0,83.0
The In-Laws,33.0,40.0
My House in Umbria,50.0,66.0
Finding Nemo,99.0,86.0
The Italian Job,72.0,80.0
Wrong Turn,41.0,54.0
The Animatrix,89.0,78.0
The Animatrix,89.0,78.0
2 Fast 2 Furious,37.0,50.0
The Eye,64.0,72.0
Love the Hard Way,28.0,66.0
Whale Rider,91.0,88.0
Dumb and Dumberer: When Harry Met Lloyd,10.0,23.0
The Heart of Me,50.0,61.0
The Heart of Me,50.0,61.0
Hollywood Homicide,30.0,27.0
Rugrats Go Wild,40.0,39.0
Alex & Emma,11.0,41.0
From Justin to Kelly,8.0,39.0
Hulk,63.0,29.0
Suriyothai,51.0,62.0
Suriyothai,51.0,62.0
28 Days Later,87.0,85.0
Charlie's Angels: Full Throttle,41.0,40.0
On-Line,38.0,30.0
The Room,24.0,47.0
Gasoline,40.0,21.0
"Legally Blonde 2: Red, White & Blonde",36.0,39.0
Sinbad: Legend of the Seven Seas,45.0,57.0
Swimming Pool,83.0,67.0
Terminator 3: Rise of the Machines,70.0,46.0
Pirates of the Caribbean: The Curse of the Black Pearl,80.0,86.0
Simhadri,,
Cuckoo,10.0,8.0
The Cuckoo,87.0,89.0
The Holy Land,52.0,78.0
The Housekeeper,78.0,42.0
I Capture the Castle,78.0,76.0
The League of Extraordinary Gentlemen,17.0,44.0
Northfork,57.0,66.0
Bad Boys II,24.0,78.0
How to Deal,27.0,64.0
Johnny English,33.0,51.0
Dirty Pretty Things,94.0,82.0
Masked and Anonymous,25.0,45.0
Lara Croft Tomb Raider: The Cradle of Life,24.0,44.0
Seabiscuit,78.0,76.0
Spy Kids 3: Game Over,45.0,25.0
American Wedding,53.0,63.0
And Now... Ladies and Gentlemen,47.0,56.0
Gigli,6.0,14.0
The Magdalene Sisters,91.0,89.0
The Secret Lives of Dentists,85.0,58.0
The Secret Lives of Dentists,85.0,58.0
Freaky Friday,88.0,58.0
Seaside,75.0,12.0
The Princess Blade,57.0,54.0
Step Into Liquid,80.0,92.0
S.W.A.T.,48.0,52.0
American Splendor,94.0,86.0
Freddy vs. Jason,42.0,50.0
Grind,,72.0
Open Range,79.0,84.0
Passionada,57.0,54.0
Uptown Girls,13.0,61.0
Thirteen,81.0,77.0
The Battle of Shaker Heights,39.0,48.0
Marci X,8.0,29.0
My Boss's Daughter,8.0,23.0
Stoked: The Rise and Fall of Gator,81.0,75.0
Stitch! The Movie,20.0,50.0
Jeepers Creepers 2,24.0,37.0
Once Upon a Time in the Midlands,51.0,45.0
Avenging Angelo,13.0,33.0
Dickie Roberts: Former Child Star,22.0,46.0
The Order,13.0,28.0
The Order,10.0,38.0
Party Monster,29.0,75.0
And Starring Pancho Villa as Himself,,53.0
Cabin Fever,,
Matchstick Men,83.0,74.0
Lost in Translation,95.0,85.0
Once Upon a Time in Mexico,66.0,64.0
Anything Else,40.0,44.0
Cold Creek Manor,12.0,23.0
The Fighting Temptations,42.0,66.0
Secondhand Lions,60.0,84.0
Underworld,31.0,79.0
Duplex,35.0,40.0
The Rundown,70.0,66.0
The Rundown,70.0,66.0
Under the Tuscan Sun,62.0,78.0
Scooby Doo and the Monster of Mexico,,51.0
Out of Time,64.0,58.0
The School of Rock,92.0,64.0
Wonderland,34.0,65.0
Good Boy,,
Intolerable Cruelty,76.0,48.0
Mystic River,89.0,89.0
Pieces of April,84.0,73.0
Runaway Jury,73.0,75.0
The Texas Chainsaw Massacre,37.0,58.0
Veronica Guerin,53.0,69.0
In the Cut,34.0,34.0
Beyond Borders,14.0,72.0
Radio,35.0,79.0
Scary Movie 3,35.0,54.0
The Singing Detective,39.0,40.0
Alien,93.0,94.0
The Human Stain,42.0,48.0
Shattered Glass,92.0,79.0
Brother Bear,37.0,66.0
The Matrix Revolutions,34.0,60.0
The Matrix Revolutions,34.0,60.0
Elf,86.0,79.0
Love Actually,64.0,72.0
The Big Empty,,
Looney Tunes: Back in Action,57.0,50.0
Master and Commander: The Far Side of the World,85.0,80.0
Tupac: Resurrection,78.0,90.0
21 Grams,81.0,86.0
Dr. Seuss' The Cat in the Hat,10.0,57.0
Gothika,15.0,45.0
Bad Santa,78.0,75.0
The Cooler,77.0,69.0
The Haunted Mansion,13.0,31.0
In America,90.0,91.0
The Missing,,58.0
Missing,,56.0
Timeline,13.0,45.0
Kim Possible: A Sitch in Time,,69.0
Beethoven's 5th,,32.0
Honey,21.0,71.0
The Last Samurai,66.0,83.0
The Station Agent,94.0,89.0
Georges Bataille's Story of the Eye,43.0,29.0
Girl With a Pearl Earring,73.0,68.0
Love Don't Cost a Thing,13.0,65.0
Something's Gotta Give,72.0,69.0
Stuck on You,61.0,35.0
The Lord of the Rings: The Return of the King,94.0,86.0
The Lord of the Rings: The Return of the King,94.0,86.0
My Life Without Me,65.0,87.0
Calendar Girls,74.0,67.0
House of Sand and Fog,74.0,83.0
Mona Lisa Smile,34.0,60.0
Monster,82.0,81.0
Cheaper by the Dozen,24.0,56.0
Cold Mountain,70.0,77.0
Company,,
Paycheck,27.0,45.0
Peter Pan,,50.0
Leprechaun: Back 2 tha Hood,20.0,30.0
Shrek 2,89.0,69.0
Spider-Man 2,93.0,82.0
The Passion of the Christ,49.0,80.0
Meet the Fockers,39.0,58.0
The Incredibles,97.0,75.0
The Incredibles,97.0,75.0
Harry Potter and the Prisoner of Azkaban,90.0,86.0
The Day After Tomorrow,45.0,50.0
The Bourne Supremacy,82.0,90.0
National Treasure,46.0,76.0
The Polar Express,56.0,64.0
Chasing Liberty,18.0,60.0
My Baby's Daddy,6.0,50.0
Along Came Polly,27.0,47.0
Teacher's Pet,,
D.E.B.S.,42.0,56.0
The Butterfly Effect,34.0,81.0
Win a Date With Tad Hamilton!,55.0,46.0
The Big Bounce,,32.0
The Big Bounce,15.0,24.0
The Perfect Score,16.0,44.0
You Got Served,14.0,69.0
Barbershop 2: Back in Business,69.0,48.0
Catch That Kid,13.0,47.0
Miracle,81.0,90.0
50 First Dates,45.0,65.0
Iron Jawed Angels,56.0,89.0
Against the Ropes,12.0,29.0
Clifford's Really Big Movie,55.0,38.0
Confessions of a Teenage Drama Queen,14.0,35.0
Eurotrip,47.0,75.0
Welcome to Mooseport,13.0,19.0
The Passion of the Christ,49.0,80.0
Broken Lizard's Club Dread,30.0,44.0
Twisted,2.0,31.0
Hidalgo,46.0,64.0
Starsky & Hutch,63.0,49.0
Country of My Skull,23.0,56.0
Agent Cody Banks 2: Destination London,13.0,31.0
Secret Window,45.0,65.0
Spartan,65.0,62.0
Dawn of the Dead,76.0,77.0
Eternal Sunshine of the Spotless Mind,92.0,94.0
Taking Lives,22.0,54.0
Dogville,70.0,89.0
Jersey Girl,43.0,48.0
The Ladykillers,54.0,43.0
Never Die Alone,26.0,61.0
Girl Play,45.0,54.0
Hellboy,81.0,66.0
Home on the Range,52.0,29.0
The Prince & Me,29.0,59.0
The Prince & Me,29.0,59.0
Walking Tall,26.0,59.0
Johnson Family Vacation,6.0,44.0
The Alamo,29.0,46.0
Ella Enchanted,51.0,57.0
The Girl Next Door,,65.0
The Girl Next Door,,71.0
The Whole Ten Yards,4.0,40.0
Connie and Carla,44.0,70.0
Kill Bill: Vol. 2,84.0,89.0
13 Going on 30,65.0,71.0
Man on Fire,39.0,89.0
Bobby Jones: Stroke of Genius,27.0,62.0
Envy,,15.0
Godsend,4.0,20.0
Laws of Attraction,18.0,47.0
Mean Girls,84.0,66.0
The Saddest Music in the World,80.0,79.0
New York Minute,11.0,47.0
Off the Lip,25.0,
Super Size Me,92.0,72.0
Van Helsing,24.0,57.0
Breakin' All the Rules,31.0,57.0
Coffee and Cigarettes,64.0,75.0
Troy,53.0,73.0
Shrek 2,89.0,69.0
Stateside,24.0,60.0
Baadasssss!,91.0,84.0
The Day After Tomorrow,45.0,50.0
Raising Helen,25.0,61.0
Saved!,61.0,78.0
Soul Plane,18.0,51.0
Something the Lord Made,,93.0
Donnie Darko,87.0,80.0
Harry Potter and the Prisoner of Azkaban,90.0,86.0
The Chronicles of Riddick,29.0,65.0
Garfield: The Movie,14.0,38.0
Napoleon Dynamite,72.0,74.0
The Stepford Wives,26.0,30.0
Around the World in 80 Days,32.0,34.0
Dodgeball: A True Underdog Story,71.0,76.0
Terminal,,
Scooby-Doo and the Loch Ness Monster,,60.0
White Chicks,15.0,55.0
Fahrenheit 9/11,82.0,70.0
The Notebook,54.0,85.0
The Notebook,54.0,85.0
Two Brothers,78.0,75.0
Spider-Man 2,93.0,82.0
America's Heart and Soul,50.0,46.0
Before Sunset,94.0,92.0
The Clearing,43.0,32.0
The Clearing,43.0,32.0
De-Lovely,48.0,66.0
Anchorman: The Legend of Ron Burgundy,66.0,86.0
Sleepover,15.0,54.0
The Door in the Floor,68.0,64.0
A Cinderella Story,11.0,53.0
"I, Robot",57.0,70.0
The Bourne Supremacy,82.0,90.0
Catwoman,8.0,18.0
A Home at the End of the World,50.0,67.0
Garden State,86.0,88.0
Harold & Kumar Go to White Castle,75.0,80.0
She Hate Me,19.0,59.0
The Manchurian Candidate,80.0,63.0
Thunderbirds,19.0,37.0
The Town,,72.0
The Village,44.0,57.0
Collateral,86.0,84.0
Little Black Book,22.0,37.0
Open Water,71.0,33.0
The Princess Diaries 2: Royal Engagement,26.0,59.0
The Princess Diaries 2: Royal Engagement,26.0,59.0
Alien vs. Predator,22.0,39.0
Exorcist: The Beginning,11.0,27.0
Without a Paddle,14.0,68.0
Anacondas: The Hunt for the Blood Orchid,26.0,27.0
Suspect Zero,18.0,38.0
5x2,65.0,69.0
Vanity Fair,51.0,50.0
The Cookout,5.0,37.0
Paparazzi,18.0,38.0
Warriors of Heaven and Earth,68.0,56.0
Wicker Park,27.0,79.0
Cellular,56.0,58.0
Criminal,,
Resident Evil: Apocalypse,19.0,60.0
Saving Face,88.0,88.0
Mr. 3000,55.0,30.0
Wimbledon,61.0,57.0
Georges Bataille's Story of the Eye,43.0,29.0
First Daughter,8.0,42.0
The Forgotten,,
The Forgotten,31.0,36.0
The Last Shot,62.0,32.0
The Last Shot,62.0,32.0
The Motorcycle Diaries,83.0,92.0
The Motorcycle Diaries,83.0,92.0
Shaun of the Dead,92.0,93.0
I Heart Huckabees,64.0,75.0
Ladder 49,41.0,81.0
Shark Tale,35.0,48.0
Bride & Prejudice,64.0,70.0
Taxi,9.0,43.0
Around the Bend,29.0,60.0
Friday Night Lights,82.0,85.0
Raise Your Voice,16.0,71.0
Being Julia,77.0,74.0
The Final Cut,37.0,45.0
Final Cut,,57.0
Shall We Dance?,47.0,57.0
Team America: World Police,77.0,80.0
The Grudge,41.0,46.0
The Grudge,41.0,46.0
Sideways,97.0,79.0
Surviving Christmas,8.0,30.0
Vera Drake,93.0,84.0
Birth,39.0,43.0
Ray,79.0,87.0
Saw,50.0,84.0
Stage Beauty,64.0,78.0
Alfie,48.0,51.0
Fade to Black,,
The Incredibles,97.0,75.0
The Incredibles,97.0,75.0
Mickey's Twice Upon a Christmas,,62.0
The Polar Express,56.0,64.0
After the Sunset,18.0,52.0
Finding Neverland,83.0,87.0
Kinsey,90.0,75.0
Seed of Chucky,35.0,43.0
Kangaroo Jack: G'Day U.S.A.!,,40.0
Bridget Jones: The Edge of Reason,27.0,60.0
National Treasure,46.0,76.0
The SpongeBob SquarePants Movie,68.0,78.0
The SpongeBob SquarePants Movie,68.0,78.0
Alexander,16.0,35.0
Christmas With the Kranks,5.0,39.0
A Very Long Engagement,79.0,85.0
Closer,68.0,81.0
House of Flying Daggers,87.0,82.0
Blue Collar Comedy Tour Rides Again,,78.0
Blade: Trinity,24.0,58.0
Ocean's Twelve,55.0,60.0
Million Dollar Baby,90.0,90.0
Beyond the Sea,42.0,64.0
Flight of the Phoenix,31.0,40.0
Spanglish,54.0,60.0
Hotel Rwanda,91.0,94.0
Meet the Fockers,39.0,58.0
The Aviator,87.0,79.0
Darkness,5.0,31.0
Fat Albert,23.0,44.0
The Assassination of Richard Nixon,68.0,69.0
In Good Company,82.0,54.0
Star Wars: Episode III - Revenge of the Sith,79.0,66.0
Harry Potter and the Goblet of Fire,88.0,74.0
War of the Worlds,76.0,42.0
King Kong,84.0,50.0
Wedding Crashers,75.0,70.0
Charlie and the Chocolate Factory,83.0,51.0
Batman Begins,85.0,94.0
Madagascar,55.0,67.0
Mr. & Mrs. Smith,60.0,58.0
White Noise,7.0,31.0
Coach Carter,64.0,85.0
Elektra,11.0,29.0
Racing Stripes,35.0,42.0
Assault on Precinct 13,60.0,48.0
The Phantom of the Opera,33.0,84.0
Alone in the Dark,1.0,11.0
Hide & Seek,,0.0
Mulan II,0.0,43.0
Boogeyman,13.0,21.0
The Wedding Date,11.0,67.0
Hitch,69.0,62.0
Pooh's Heffalump Movie,80.0,68.0
Lackawanna Blues,75.0,91.0
Because of Winn-Dixie,55.0,63.0
Constantine,46.0,72.0
Son of the Mask,6.0,16.0
Cursed,,
Diary of a Mad Black Woman,16.0,86.0
Man of the House,9.0,46.0
Be Cool,30.0,42.0
The Jacket,44.0,73.0
The Jacket,44.0,73.0
The Pacifier,21.0,58.0
Hostage,,
Robots,64.0,54.0
Ice Princess,52.0,58.0
The Ring Two,21.0,33.0
Miss Congeniality 2: Armed and Fabulous,15.0,43.0
Guess Who,41.0,49.0
The Ballad of Jack and Rose,47.0,61.0
Sin City,76.0,78.0
The Upside of Anger,74.0,63.0
Fever Pitch,66.0,60.0
Kim Possible: So the Drama,,73.0
The Amityville Horror,31.0,52.0
The Amityville Horror,24.0,52.0
Reefer Madness,75.0,87.0
The Interpreter,86.0,
The Interpreter,58.0,54.0
King's Ransom,2.0,32.0
A Lot Like Love,,
The Hitchhiker's Guide to the Galaxy,60.0,65.0
XXX: State of the Union,17.0,32.0
Warm Springs,,77.0
The Sandlot 2,40.0,41.0
Crash,,
House of Wax,28.0,43.0
Jiminy Glick in Lalawood,23.0,33.0
Kingdom of Heaven,40.0,72.0
Kicking & Screaming,41.0,43.0
Mad Hot Ballroom,84.0,83.0
Mindhunters,24.0,57.0
Monster-in-Law,18.0,55.0
Unleashed,,
Star Wars: Episode III - Revenge of the Sith,79.0,66.0
Dominion: Prequel to the Exorcist,29.0,25.0
The Longest Yard,31.0,62.0
The Longest Yard,31.0,62.0
Madagascar,55.0,67.0
Empire Falls,,75.0
The Sisterhood of the Traveling Pants,82.0,78.0
Cinderella Man,80.0,91.0
Lords of Dogtown,55.0,81.0
The Adventures of Sharkboy and Lavagirl,20.0,33.0
Mr. & Mrs. Smith,60.0,58.0
Tarzan II,33.0,36.0
Batman Begins,85.0,94.0
The Perfect Man,,
The Perfect Man,6.0,58.0
Herbie: Fully Loaded,41.0,39.0
Bewitched,24.0,28.0
Land of the Dead,74.0,52.0
War of the Worlds,76.0,42.0
Rebound,14.0,38.0
Dark Water,47.0,28.0
Fantastic Four,28.0,45.0
Charlie and the Chocolate Factory,83.0,51.0
Wedding Crashers,75.0,70.0
Bad News Bears,48.0,46.0
The Devil's Rejects,54.0,78.0
The Devil's Rejects,54.0,78.0
Hustle & Flow,82.0,82.0
The Island,40.0,63.0
Island,,
March of the Penguins,94.0,81.0
November,31.0,41.0
Must Love Dogs,37.0,50.0
Sky High,,56.0
Stealth,,56.0
The Chumscrubber,37.0,75.0
The Dukes of Hazzard,14.0,46.0
Junebug,86.0,73.0
Four Brothers,53.0,80.0
The Great Raid,38.0,70.0
Supercross: The Movie,5.0,62.0
The Proud Family,,66.0
Red Eye,,
Valiant,32.0,29.0
The Brothers Grimm,38.0,39.0
The Cave,,
The Cave,12.0,28.0
Undiscovered,8.0,48.0
The Constant Gardener,83.0,82.0
A Sound of Thunder,6.0,18.0
Transporter 2,52.0,58.0
Underclassman,6.0,34.0
Thumbsucker,71.0,71.0
The Exorcism of Emily Rose,45.0,60.0
The Man,12.0,41.0
Man,,
Cry Wolf,23.0,51.0
Just Like Heaven,54.0,75.0
Lord of War,62.0,85.0
Venom,,
Tim Burton's Corpse Bride,84.0,77.0
Dirty Love,6.0,68.0
Flightplan,37.0,48.0
Roll Bounce,66.0,70.0
The Greatest Game Ever Played,63.0,82.0
A History of Violence,88.0,76.0
Into the Blue,21.0,57.0
Little Manhattan,77.0,86.0
Oliver Twist,,
Serenity,82.0,91.0
The Squid and the Whale,92.0,81.0
The Gospel,32.0,75.0
In Her Shoes,74.0,66.0
Two for the Money,22.0,48.0
Waiting ...,30.0,75.0
Domino,18.0,56.0
Elizabethtown,28.0,66.0
The Fog,,
The Fog,4.0,19.0
"The Prize Winner of Defiance, Ohio",60.0,74.0
The Batman vs. Dracula,,66.0
The Batman vs. Dracula,,66.0
Doom,18.0,34.0
Dreamer: Inspired by a True Story,64.0,78.0
Take Me Home Tonight,28.0,42.0
North Country,70.0,76.0
Shopgirl,61.0,58.0
Stay,26.0,69.0
The Legend of Zorro,28.0,48.0
Prime,50.0,52.0
Saw II,37.0,59.0
The Weather Man,60.0,56.0
Chicken Little,37.0,47.0
"Good Night, and Good Luck.",93.0,83.0
Get Rich or Die Tryin',17.0,70.0
Derailed,21.0,58.0
"Kiss Kiss, Bang Bang",86.0,87.0
Zathura,76.0,51.0
Harry Potter and the Goblet of Fire,88.0,74.0
Walk the Line,82.0,90.0
Bee Season,44.0,35.0
The Ice Harvest,47.0,43.0
In the Mix,13.0,50.0
Just Friends,42.0,71.0
"Yours, Mine & Ours",6.0,51.0
Brokeback Mountain,88.0,82.0
Syriana,73.0,67.0
Kronk's New Groove,0.0,44.0
King Kong,84.0,50.0
The Family Stone,52.0,63.0
Cheaper by the Dozen 2,7.0,57.0
Fun With Dick and Jane,29.0,49.0
Memoirs of a Geisha,36.0,83.0
Munich,78.0,83.0
The Ringer,,
Ringer,,
Transamerica,77.0,83.0
Mrs. Henderson Presents,68.0,72.0
The New World,,
New World,63.0,86.0
Rumor Has It ...,21.0,41.0
Match Point,77.0,81.0
The Matador,,
Matador,93.0,78.0
Pirates of the Caribbean: Dead Man's Chest,53.0,72.0
Night at the Museum,42.0,67.0
Cars,75.0,80.0
The Da Vinci Code,25.0,57.0
Superman Returns,74.0,60.0
Happy Feet,76.0,70.0
Casino Royale,94.0,90.0
The Pursuit of Happyness,67.0,87.0
BloodRayne,4.0,17.0
Grandma's Boy,15.0,85.0
Hostel,59.0,53.0
Hoodwinked!,,
Last Holiday,100.0,77.0
Tristan and Isolde,,43.0
End of the Spear,42.0,82.0
High School Musical,67.0,74.0
Underworld: Evolution,17.0,72.0
Wristcutters: A Love Story,67.0,82.0
Annapolis,10.0,60.0
Nanny McPhee,74.0,64.0
Something New,61.0,72.0
When a Stranger Calls,9.0,43.0
Curious George,,
Final Destination 3,43.0,57.0
Firewall,19.0,37.0
The Pink Panther,89.0,78.0
The Pink Panther,21.0,51.0
Eight Below,73.0,79.0
Freedomland,24.0,25.0
Stuart Little 3: Call of the Wild,,27.0
Madea's Family Reunion,26.0,93.0
Running Scared,,50.0
Mrs. Harris,43.0,39.0
16 Blocks,55.0,57.0
Aquamarine,53.0,62.0
Failure to Launch,23.0,52.0
The Hills Have Eyes,52.0,58.0
The Hills Have Eyes,52.0,58.0
The Libertine,34.0,58.0
The Shaggy Dog,,
The Shaggy Dog,26.0,39.0
She's the Man,44.0,79.0
Thank You for Smoking,86.0,87.0
V for Vendetta,73.0,90.0
Inside Man,86.0,85.0
Larry the Cable Guy: Health Inspector,5.0,52.0
The Secret,,
Secret,,
Unidentified,,54.0
ATL,62.0,86.0
Basic Instinct 2,6.0,27.0
Slither,87.0,63.0
The Benchwarmers,13.0,64.0
Friends With Money,72.0,40.0
Lucky Number Slevin,52.0,87.0
Phat Girlz,21.0,65.0
Take the Lead,44.0,77.0
Hard Candy,67.0,77.0
The Notorious Bettie Page,58.0,51.0
The Notorious Bettie Page,58.0,51.0
Scary Movie 4,34.0,51.0
The Wild,19.0,36.0
Wild,50.0,71.0
American Dreamz,39.0,31.0
The Sentinel,35.0,41.0
Silent Hill,32.0,63.0
Dr. Dolittle 3,,45.0
Akeelah and the Bee,86.0,81.0
RV,24.0,45.0
Stick It,32.0,73.0
United 93,90.0,83.0
An American Haunting,13.0,35.0
Art School Confidential,36.0,48.0
Hoot,26.0,54.0
Just My Luck,14.0,48.0
Poseidon,33.0,43.0
The Da Vinci Code,25.0,57.0
Over the Hedge,75.0,71.0
See No Evil,10.0,50.0
An Inconvenient Truth,93.0,79.0
The Break-Up,34.0,46.0
The Omen,26.0,40.0
Cars,75.0,80.0
The Fast and the Furious: Tokyo Drift,37.0,69.0
The Lake House,35.0,73.0
The Lake House,35.0,73.0
Loverboy,,
Nacho Libre,40.0,55.0
Click,34.0,66.0
Waist Deep,28.0,76.0
Leroy & Stitch,40.0,52.0
Superman Returns,74.0,60.0
The Devil Wears Prada,75.0,76.0
Pirates of the Caribbean: Dead Man's Chest,53.0,72.0
A Scanner Darkly,68.0,74.0
Little Man,12.0,55.0
"You, Me and Dupree",20.0,50.0
Lady in the Water,25.0,49.0
Monster House,75.0,64.0
Little Miss Sunshine,91.0,91.0
The Ant Bully,62.0,42.0
The Ant Bully,62.0,42.0
John Tucker Must Die,28.0,69.0
Miami Vice,47.0,43.0
Scoop,41.0,55.0
Barnyard: The Original Party Animals,22.0,52.0
The Descent,87.0,76.0
The Descent,87.0,76.0
The Night Listener,40.0,35.0
Talladega Nights: The Ballad of Ricky Bobby,71.0,73.0
World Trade Center,66.0,60.0
Half Nelson,91.0,82.0
Pulse,11.0,27.0
Step Up,21.0,83.0
Zoom,4.0,33.0
Accepted,38.0,72.0
The Illusionist,90.0,79.0
The Illusionist,73.0,83.0
Material Girls,4.0,44.0
Snakes on a Plane,69.0,49.0
Trust the Man,29.0,35.0
Beerfest,40.0,75.0
How to Eat Fried Worms,61.0,47.0
Idlewild,47.0,66.0
Invincible,72.0,73.0
Brother Bear 2,50.0,55.0
Crank,62.0,71.0
Crossover,2.0,59.0
Idiocracy,71.0,60.0
The Wicker Man,15.0,17.0
The Wicker Man,15.0,17.0
The Namesake,,
The Namesake,85.0,79.0
The Covenant,,
The Covenant,4.0,62.0
Hollywoodland,68.0,48.0
The Black Dahlia,32.0,27.0
Everyone's Hero,41.0,44.0
Gridiron Gang,43.0,81.0
Haven,15.0,60.0
The Last Kiss,73.0,79.0
The Last Kiss,46.0,59.0
All the King's Men,12.0,40.0
Bandidas,56.0,43.0
Flyboys,33.0,66.0
The Science of Sleep,70.0,81.0
The Science of Sleep,70.0,81.0
The Last King of Scotland,87.0,89.0
The Last King of Scotland,87.0,89.0
Facing the Giants,16.0,85.0
The Guardian,,
The Guardian,37.0,80.0
A Guide to Recognizing Your Saints,76.0,73.0
Open Season,49.0,57.0
School for Scoundrels,27.0,52.0
The Departed,91.0,94.0
The Departed,91.0,94.0
Employee of the Month,20.0,53.0
Little Children,80.0,82.0
The Queen,97.0,76.0
Queen,92.0,85.0
The Texas Chainsaw Massacre: The Beginning,15.0,53.0
The Texas Chainsaw Massacre: The Beginning,15.0,53.0
The Grudge 2,12.0,40.0
Infamous,74.0,69.0
Man of the Year,21.0,45.0
The Marine,17.0,60.0
One Night With the King,20.0,78.0
Flags of Our Fathers,76.0,69.0
Flicka,54.0,82.0
The Prestige,77.0,92.0
Babel,69.0,77.0
Catch a Fire,75.0,71.0
Death of a President,40.0,58.0
Dirty Sanchez: The Movie,40.0,74.0
Shut Up and Sing,89.0,86.0
Running With Scissors,32.0,56.0
Flushed Away,73.0,65.0
Unknown,38.0,54.0
Volver,91.0,89.0
Breaking and Entering,34.0,52.0
Come Early Morning,84.0,49.0
Harsh Times,48.0,55.0
The Return,96.0,93.0
The Return,16.0,32.0
Stranger Than Fiction,73.0,85.0
Bobby,,
Candy,47.0,77.0
Casino Royale,94.0,90.0
For Your Consideration,53.0,43.0
Fast Food Nation,49.0,42.0
Happy Feet,76.0,70.0
Let's Go to Prison,13.0,48.0
Griffin and Phoenix: A Love Story,,75.0
Deck the Halls,6.0,30.0
The Fountain,53.0,74.0
Tenacious D in: The Pick of Destiny,52.0,67.0
10 Items or Less,64.0,65.0
The Nativity Story,38.0,76.0
Sweet Land,85.0,83.0
Turistas,19.0,28.0
Miss Potter,69.0,68.0
Apocalypto,65.0,79.0
Blood Diamond,63.0,90.0
The Holiday,50.0,80.0
Holiday,100.0,89.0
Unaccompanied Minors,30.0,53.0
Charlotte's Web,79.0,62.0
Dreamgirls,79.0,71.0
Eragon,16.0,46.0
The Good German,34.0,33.0
The Good German,34.0,33.0
Home of the Brave,23.0,46.0
The Pursuit of Happyness,67.0,87.0
Salvage,86.0,20.0
Letters From Iwo Jima,91.0,86.0
The Painted Veil,74.0,85.0
The Painted Veil,74.0,85.0
Rocky Balboa,78.0,76.0
Venus,88.0,74.0
The Good Shepherd,,27.0
The Good Shepherd,56.0,51.0
Night at the Museum,42.0,67.0
We Are Marshall,49.0,79.0
Black Christmas,14.0,38.0
Children of Men,92.0,85.0
Notes on a Scandal,88.0,83.0
Perfume: The Story of a Murderer,59.0,74.0
The Dead Girl,76.0,65.0
Pan's Labyrinth,95.0,91.0
Spider-Man 3,63.0,51.0
Shrek the Third,42.0,52.0
Pirates of the Caribbean: At World's End,44.0,72.0
Harry Potter and the Order of the Phoenix,78.0,81.0
I Am Legend,68.0,68.0
The Bourne Ultimatum,92.0,91.0
National Treasure: Book of Secrets,36.0,67.0
Alvin and the Chipmunks,,57.0
300,61.0,89.0
Code Name: The Cleaner,4.0,38.0
Freedom Writers,70.0,87.0
Happily N'Ever After,6.0,34.0
Three,,
Murder Party,100.0,58.0
Alpha Dog,55.0,67.0
Arthur and the Invisibles,22.0,56.0
Primeval,21.0,32.0
Stomp the Yard,27.0,81.0
Alone With Her,68.0,46.0
The Hitcher,64.0,74.0
The Hitcher,19.0,52.0
Blood and Chocolate,11.0,52.0
Catch and Release,22.0,55.0
Epic Movie,2.0,29.0
Seraphim Falls,57.0,53.0
Smokin' Aces,31.0,62.0
Because I Said So,4.0,65.0
Factory Girl,20.0,60.0
The Messengers,11.0,44.0
Messengers,,
The Situation,,
Situation,,
Cinderella III: A Twist in Time,75.0,61.0
Hannibal Rising,16.0,55.0
Norbit,9.0,53.0
Daddy's Little Girls,26.0,81.0
Music and Lyrics,63.0,68.0
Breach,84.0,67.0
Bridge to Terabithia,85.0,70.0
Ghost Rider,27.0,48.0
Amazing Grace,,
The Astronaut farmer,58.0,49.0
The Astronaut farmer,58.0,49.0
The Number 23,7.0,56.0
RENO 911!: Miami,35.0,51.0
Black Snake Moan,66.0,69.0
Wild Hogs,14.0,61.0
Zodiac,90.0,77.0
300,61.0,89.0
The Ultimate Gift,33.0,84.0
The Namesake,,
The Namesake,85.0,79.0
Life Support,,81.0
1 More Hit,,
Dead Silence,21.0,51.0
I Think I Love My Wife,19.0,41.0
Premonition,8.0,50.0
The Wind That Shakes the Barley,90.0,87.0
The Wind That Shakes the Barley,90.0,87.0
The Hills Have Eyes 2,12.0,40.0
Pride,47.0,72.0
Reign Over Me,64.0,81.0
Shooter,48.0,80.0
TMNT,36.0,60.0
Blades of Glory,70.0,68.0
The Lookout,,
The Lookout,87.0,74.0
Meet the Robinsons,67.0,74.0
Are We Done Yet?,7.0,30.0
Firehouse Dog,37.0,62.0
The Reaping,8.0,49.0
The Reaping,8.0,49.0
Grindhouse,84.0,87.0
The Hoax,,
Hoax,,
The TV Set,64.0,58.0
Disturbia,70.0,77.0
Lonely Hearts,48.0,49.0
Pathfinder,9.0,36.0
Perfect Stranger,,
Redline,0.0,47.0
Slow Burn,9.0,55.0
Year of the Dog,70.0,43.0
Fracture,72.0,73.0
Hot Fuzz,91.0,89.0
In the Land of Women,44.0,52.0
The Tripper,38.0,33.0
The Tripper,38.0,33.0
Vacancy,55.0,42.0
The Condemned,,43.0
The Condemned,16.0,58.0
Diggers,69.0,57.0
Invisible,,
Jindabyne,65.0,49.0
Next,28.0,53.0
Snow Cake,64.0,86.0
Wind Chill,44.0,31.0
Waitress,89.0,74.0
Civic Duty,56.0,33.0
Lucky You,28.0,28.0
Spider-Man 3,63.0,51.0
28 Weeks Later,72.0,66.0
Delta Farce,5.0,38.0
The Ex,19.0,32.0
Georgia Rule,19.0,52.0
Home of the Brave,23.0,46.0
Once,97.0,91.0
Black Book,77.0,87.0
Even Money,24.0,29.0
Shrek the Third,42.0,52.0
The Wendell Baker Story,40.0,40.0
The Wendell Baker Story,40.0,40.0
Angela,,
Bug,61.0,34.0
Pirates of the Caribbean: At World's End,44.0,72.0
Bury My Heart at Wounded Knee,,78.0
Day Watch,63.0,68.0
Gracie,62.0,58.0
Knocked Up,89.0,83.0
Mr. Brooks,55.0,76.0
Pierrepoint: The Last Hangman,79.0,85.0
La Vie en Rose,74.0,84.0
Ocean's Thirteen,70.0,75.0
Surf's Up,79.0,70.0
D.O.A.: Dead or Alive,33.0,36.0
Eagle vs. Shark,57.0,67.0
Fantastic Four: Rise of the Silver Surfer,38.0,51.0
Nancy Drew,50.0,59.0
1408,80.0,61.0
Black Sheep,71.0,53.0
Evan Almighty,24.0,52.0
Live Free or Die Hard,82.0,86.0
Evening,27.0,48.0
Ratatouille,96.0,87.0
Sicko,91.0,87.0
License to Wed,7.0,53.0
Introducing the Dwights,52.0,50.0
Rescue Dawn,90.0,75.0
The Ark,,58.0
Joshua,62.0,41.0
Rise: Blood Hunter,33.0,20.0
Harry Potter and the Order of the Phoenix,78.0,81.0
Captivity,9.0,23.0
Interview,,65.0
Talk to Me,83.0,77.0
Cashback,47.0,77.0
Hairspray,92.0,84.0
I Now Pronounce You Chuck and Larry,14.0,69.0
Sunshine,77.0,73.0
Arctic Tale,61.0,61.0
I Know Who Killed Me,9.0,26.0
No Reservations,42.0,62.0
The Simpsons Movie,,
The Simpsons Movie,87.0,77.0
Who's Your Caddy?,6.0,59.0
Becoming Jane,58.0,74.0
The Bourne Ultimatum,92.0,91.0
Bratz,10.0,46.0
Hot Rod,39.0,64.0
The Ten,35.0,40.0
10,85.0,80.0
Underdog,14.0,42.0
Daddy Day Camp,1.0,38.0
Rocket Science,84.0,72.0
Rush Hour 3,17.0,63.0
Skinwalkers,13.0,25.0
Stardust,77.0,86.0
Delirious,29.0,39.0
Death at a Funeral,62.0,79.0
The 11th Hour,67.0,69.0
The 11th Hour,67.0,69.0
High School Musical 2,83.0,72.0
The Invasion,20.0,40.0
The Invasion,20.0,40.0
The Last Legion,15.0,34.0
Superbad,88.0,87.0
Marigold,30.0,40.0
Dedication,40.0,64.0
The Hottest State,32.0,52.0
Mr. Bean's Holiday,51.0,49.0
The Nanny Diaries,34.0,51.0
Resurrecting the Champ,61.0,60.0
September Dawn,16.0,49.0
War,13.0,51.0
Balls of Fury,21.0,33.0
Death Sentence,20.0,60.0
I Want Someone to Eat Cheese With,73.0,38.0
3:10 to Yuma,89.0,86.0
The Hunting Party,20.0,54.0
Hunting Party,,
Shoot 'Em Up,67.0,65.0
The Brave One,43.0,64.0
The Brave One,43.0,64.0
December Boys,41.0,52.0
Eastern Promises,89.0,83.0
In the Valley of Elah,74.0,77.0
Mr. Woodcock,14.0,32.0
The Assassination of Jesse James by the Coward Robert Ford,77.0,75.0
Good Luck Chuck,5.0,57.0
Into the Wild,83.0,89.0
Resident Evil: Extinction,24.0,58.0
Sydney White,35.0,70.0
Feast of Love,40.0,55.0
The Kingdom,52.0,76.0
Kingdom,94.0,96.0
The Darjeeling Limited,69.0,78.0
Fierce People,24.0,57.0
Feel the Noise,11.0,42.0
The Good Night,30.0,33.0
The Heartbreak Kid,29.0,37.0
The Heartbreak Kid,92.0,73.0
The Seeker,,
Across the Universe,53.0,82.0
Final Season,,
Michael Clayton,90.0,69.0
Sleuth,36.0,51.0
We Own the Night,57.0,61.0
Why Did I Get Married?,48.0,78.0
Return to House on Haunted Hill,43.0,20.0
30 Days of Night,51.0,56.0
The Comebacks,9.0,33.0
Gone Baby Gone,94.0,86.0
Rendition,48.0,62.0
Reservation Road,38.0,52.0
Sarah Landon and the Paranormal Hour,0.0,26.0
The Nightmare Before Christmas,95.0,92.0
The Ten Commandments,,
Things We Lost in the Fire,65.0,73.0
Before the Devil Knows You're Dead,89.0,72.0
Dan in Real Life,65.0,69.0
American Gangster,81.0,90.0
Bee Movie,50.0,53.0
Martian Child,35.0,72.0
Fred Claus,21.0,45.0
Lions for Lambs,27.0,47.0
No Country for Old Men,93.0,86.0
P2,34.0,36.0
Southland Tales,41.0,41.0
Beowulf,71.0,50.0
Love in the Time of Cholera,27.0,45.0
Margot at the Wedding,51.0,40.0
Mr. Magorium's Wonder Emporium,39.0,55.0
August Rush,37.0,82.0
Enchanted,93.0,80.0
Hitman,16.0,57.0
The Mist,73.0,65.0
The Mist,73.0,65.0
This Christmas,55.0,81.0
The Savages,,
The Savages,90.0,75.0
Awake,23.0,55.0
The Diving Bell and the Butterfly,94.0,92.0
Juno,94.0,88.0
The Amateurs (The Moguls) (Dirty Movie),19.0,54.0
Atonement,83.0,80.0
The Golden Compass,42.0,51.0
Grace Is Gone,63.0,60.0
Revolver,,
Alvin and the Chipmunks,,57.0
I Am Legend,68.0,68.0
The Kite Runner,65.0,84.0
Youth Without Youth,33.0,44.0
Charlie Wilson's War,82.0,73.0
National Treasure: Book of Secrets,36.0,67.0
P.S. I Love You,25.0,80.0
Sweeney Todd: The Demon Barber of Fleet Street,,86.0
The Bucket List,41.0,77.0
The Bucket List,41.0,77.0
The Great Debaters,80.0,86.0
St. Trinian's,32.0,55.0
There Will Be Blood,91.0,86.0
The Orphanage,87.0,86.0
The Dark Knight,94.0,94.0
Iron Man,94.0,91.0
Indiana Jones and the Kingdom of the Crystal Skull,77.0,53.0
Hancock,42.0,59.0
Kung Fu Panda,87.0,83.0
Twilight,49.0,72.0
Madagascar: Escape 2 Africa,64.0,66.0
Quantum of Solace,64.0,58.0
Horton Hears a Who!,,
The Killing of John Lennon,39.0,46.0
The Killing of John Lennon,39.0,46.0
One Missed Call,0.0,29.0
The Business of Being Born,81.0,85.0
First Sunday,12.0,56.0
The Pirates Who Don't Do Anything: A VeggieTales Movie,43.0,61.0
27 Dresses,41.0,57.0
Cassandra's Dream,46.0,49.0
Cloverfield,78.0,68.0
Teeth,80.0,45.0
How She Move,66.0,51.0
Meet the Spartans,2.0,25.0
Rambo,,77.0
The Eye,64.0,72.0
Hannah Montana and Miley Cyrus: Best of Both Worlds Concert,71.0,70.0
Enid Is Sleeping,,38.0
Strange Wilderness,2.0,35.0
How to Rob a Bank,29.0,42.0
Fool's Gold,,
In Bruges,85.0,87.0
Welcome Home Roscoe Jenkins,23.0,63.0
Sita Sings the Blues,100.0,85.0
Jumper,15.0,44.0
The Spiderwick Chronicles,81.0,63.0
Step Up 2 the Streets,28.0,76.0
Diary of the Dead,,45.0
Be Kind Rewind,65.0,56.0
Charlie Bartlett,58.0,71.0
Sex and Death 101,25.0,42.0
U2 3D,92.0,93.0
Vantage Point,34.0,57.0
Witless Protection,4.0,46.0
Bonneville,41.0,43.0
Chicago 10,80.0,77.0
City of Men,74.0,78.0
The Other Boleyn Girl,43.0,62.0
Penelope,,
Dr. Dolittle: Tail to the Chief,,45.0
"10,000 B.C.",9.0,37.0
The Bank Job,,59.0
The Bank Job,,59.0
College Road Trip,12.0,50.0
Miss Pettigrew Lives for a Day,78.0,71.0
Paranoid Park,77.0,65.0
Snow Angels,67.0,67.0
Doomsday,50.0,44.0
Dr. Seuss' Horton Hears a Who!,,
Never Back Down,21.0,34.0
Sleepwalking,17.0,43.0
Drillbit Taylor,27.0,44.0
The Grand,40.0,43.0
Shutter,63.0,77.0
Under the Same Moon,,
21,,17.0
Flawless,40.0,54.0
Leatherheads,52.0,38.0
My Blueberry Nights,45.0,61.0
Nim's Island,53.0,46.0
The Ruins,50.0,30.0
Ruins,,
Shine a Light,86.0,74.0
Prom Night,9.0,38.0
Street Kings,38.0,58.0
The Visitor,,
Visitor,,
88 Minutes,5.0,44.0
Anamorph,27.0,24.0
Expelled: No Intelligence Allowed,11.0,68.0
The Forbidden Kingdom,63.0,60.0
Forgetting Sarah Marshall,83.0,76.0
The Life Before Her Eyes,24.0,51.0
Where in the World Is Osama bin Laden?,38.0,52.0
Young at Heart,90.0,91.0
Zombie Strippers,38.0,30.0
Baby Mama,63.0,55.0
Deal,,
Deception,53.0,21.0
Rogue,84.0,54.0
Son of Rambow,74.0,80.0
Standard Operating Procedure,79.0,79.0
Iron Man,94.0,91.0
Made of Honor,16.0,55.0
Redbelt,68.0,65.0
Then She Found Me,51.0,43.0
Viva,60.0,39.0
The Fall,,
Fall,79.0,79.0
Speed Racer,42.0,60.0
The Tracey Fragments,42.0,54.0
The Chronicles of Narnia: Prince Caspian,66.0,73.0
How the Garcia Girls Spent Their Summer,79.0,44.0
The Flock,,32.0
The Flock,,32.0
Indiana Jones and the Kingdom of the Crystal Skull,77.0,53.0
"War, Inc.",29.0,38.0
Savage Grace,38.0,38.0
The Foot Fist Way,54.0,46.0
The Foot Fist Way,54.0,46.0
Sex and the City,50.0,77.0
The Strangers,49.0,48.0
Strangers,,
Kung Fu Panda,87.0,83.0
Mongol,87.0,76.0
The Promotion,55.0,28.0
You Don't Mess With the Zohan,37.0,45.0
The Children of Huang Shi,31.0,66.0
Happening,99.0,77.0
The Incredible Hulk,67.0,69.0
Brick Lane,68.0,60.0
Get Smart,51.0,67.0
Kit Kittredge: An American Girl,80.0,69.0
The Love Guru,13.0,33.0
Finding Amanda,40.0,28.0
Wanted,,
Hancock,42.0,59.0
The Wackness,,
The Wackness,71.0,72.0
Garden Party,15.0,25.0
Journey to the Center of the Earth,84.0,69.0
Meet Dave,20.0,35.0
Roman Polanski: Wanted and Desired,85.0,78.0
The Dark Knight,94.0,94.0
Mamma Mia!,55.0,66.0
Transsiberian,91.0,65.0
Boy A,88.0,87.0
Brideshead Revisited,62.0,52.0
Frozen River,88.0,74.0
The Midnight Meat Train,71.0,50.0
The Mummy: Tomb of the Dragon Emperor,13.0,30.0
Swing Vote,38.0,41.0
Pineapple Express,68.0,73.0
The Sisterhood of the Traveling Pants 2,66.0,66.0
Beer for My Horses,0.0,62.0
Elegy,,
What We Do Is Secret,45.0,53.0
Tropic Thunder,82.0,71.0
Fly Me to the Moon,20.0,25.0
Henry Poole Is Here,40.0,52.0
Mirrors,,
Star Wars: The Clone Wars,19.0,40.0
Vicky Cristina Barcelona,80.0,74.0
Rocker,,
Death Race,41.0,60.0
The Fifth Commandment,,25.0
Hamlet 2,62.0,56.0
The House Bunny,43.0,50.0
The Longshots,41.0,61.0
Trouble the Water,96.0,87.0
The Little Mermaid: Ariel's Beginning,33.0,57.0
Traitor,65.0,64.0
Babylon A.D.,7.0,26.0
Disaster Movie,1.0,21.0
I Served the King of England,80.0,81.0
Bangkok Dangerous,9.0,26.0
"Surfer, Dude",0.0,26.0
Burn After Reading,78.0,65.0
Tyler Perry's the Family That Preys,53.0,61.0
Towelhead,49.0,58.0
The Women,,
The Two of Them,,
Battle in Seattle,56.0,64.0
Duchess,,
Ghost Town,100.0,
Local Color,39.0,59.0
My Best Friend's Girl,,44.0
Choke,56.0,52.0
Eagle Eye,26.0,62.0
Forever Strong,29.0,75.0
Miracle at St. Anna,33.0,51.0
Nights in Rodanthe,30.0,52.0
An American Carol,12.0,48.0
The Appaloosa,,46.0
Blindness,,
Flash of Genius,62.0,55.0
How to Lose Friends & Alienate People,37.0,42.0
Nick and Norah's Infinite Playlist,75.0,65.0
Rachel Getting Married,84.0,62.0
Body of Lies,56.0,62.0
City of Ember,53.0,46.0
Happy Go Lucky,,50.0
Quarantine,,
Flick,,
The Elephant King,18.0,64.0
The Elephant King,18.0,64.0
Filth and Wisdom,24.0,42.0
Max Payne,16.0,29.0
Morning Light,33.0,49.0
The Secret Life of Bees,60.0,78.0
Sex Drive,45.0,58.0
W,,
What Just Happened?,50.0,22.0
The Changeling,85.0,79.0
Passengers,,
Pride and Glory,35.0,49.0
Saw V,13.0,52.0
"Synecdoche, New York",69.0,71.0
Immigrants,,29.0
The Haunting of Molly Hartley,2.0,18.0
The Other End of the Line,35.0,50.0
RocknRolla,60.0,71.0
The Boy in the Striped Pajamas,65.0,85.0
Madagascar: Escape 2 Africa,64.0,66.0
Repo! The Genetic Opera,37.0,73.0
Role Models,77.0,74.0
Slumdog Millionaire,91.0,90.0
Quantum of Solace,64.0,58.0
Bolt,90.0,74.0
Lake City,12.0,34.0
Special,59.0,63.0
Twilight,49.0,72.0
Australia,54.0,65.0
Four Christmases,25.0,47.0
Milk,93.0,89.0
Cadillac Records,66.0,65.0
Extreme Movie,,18.0
Frost/Nixon,93.0,88.0
Punisher: War Zone,29.0,42.0
The Reader,,50.0
The Reader,63.0,79.0
Wendy and Lucy,86.0,67.0
Che,,
The Day the Earth Stood Still,21.0,27.0
Delgo,12.0,26.0
Doubt,79.0,78.0
Gran Torino,81.0,90.0
Nothing Like the Holidays,53.0,42.0
Where God Left His Shoes,67.0,70.0
While She Was Out,38.0,17.0
The Wrestler,98.0,88.0
The Wrestler,,20.0
Nothing but the Truth,,50.0
Seven Pounds,27.0,75.0
The Tale of Despereaux,,
The Tale of Despereaux,56.0,44.0
Yes Man,46.0,66.0
Bedtime Stories,27.0,55.0
The Curious Case of Benjamin Button,72.0,80.0
Last Chance Harvey,71.0,53.0
Marley & Me,63.0,75.0
The Spirit,14.0,25.0
Spirit,,
Valkyrie,62.0,65.0
Waltz With Bashir,97.0,91.0
Revolutionary Road,67.0,71.0
Avatar,81.0,82.0
Transformers: Revenge of the Fallen,20.0,57.0
The Twilight Saga: New Moon,28.0,61.0
The Twilight Saga: New Moon,28.0,61.0
Up,98.0,90.0
The Hangover,79.0,84.0
The Hangover,79.0,84.0
Star Trek,94.0,91.0
The Blind Side,66.0,85.0
Blind Side,,42.0
Sherlock Holmes,,
Cargo 200,81.0,80.0
Bride Wars,10.0,51.0
The Unborn,,
The Unborn,,25.0
Hotel for Dogs,46.0,55.0
Notorious,,
Paul Blart: Mall Cop,34.0,43.0
Donkey Punch,54.0,24.0
Ink,,
Inkheart,38.0,45.0
Killshot,38.0,28.0
Possession,63.0,58.0
Outlander,37.0,45.0
Underworld: Rise of the Lycans,29.0,63.0
The Class,95.0,82.0
Class,29.0,49.0
Luck by Chance,83.0,67.0
New in Town,28.0,37.0
Taken,60.0,85.0
The Uninvited,,17.0
Uninvited,,0.0
Our City Dreams,75.0,59.0
Coraline,91.0,74.0
Fanboys,32.0,57.0
He's Just Not That Into You,41.0,59.0
Incendiary,20.0,34.0
The Pink Panther 2,12.0,42.0
Push,,
Confessions of a Shopaholic,27.0,49.0
Friday the Thirteenth,,47.0
Gomorra,91.0,70.0
The International,,
The International,58.0,37.0
The Secret of Moonacre,23.0,46.0
Two Lovers,82.0,59.0
Anvil! The Story of Anvil,98.0,90.0
Fired Up,25.0,52.0
Tyler Perry's Madea Goes to Jail,29.0,95.0
Taking Chance,57.0,83.0
Examined Life,77.0,74.0
An American Affair,,
Crossing Over,15.0,49.0
Echelon Conspiracy,8.0,31.0
The Girl With the Dragon Tattoo,86.0,86.0
The Girl With the Dragon Tattoo,85.0,87.0
Play the Game,28.0,61.0
Sherman's Way,33.0,22.0
Watchmen,65.0,71.0
Brothers at War,70.0,68.0
The Cake Eaters,64.0,48.0
The Cake Eaters,64.0,48.0
The Edge of Love,37.0,43.0
The Last House on the Left,43.0,52.0
Last House on the Left,65.0,50.0
The Perfect Sleep,38.0,25.0
Race to Witch Mountain,42.0,44.0
Severed Ways: The Norse Discovery of America,41.0,37.0
Sunshine Cleaning,74.0,63.0
Valentino: The Last Emperor,78.0,78.0
Duplicity,,
"I Love You, Man",83.0,74.0
Knowing,35.0,42.0
The Nameless,20.0,42.0
Super Capers,6.0,14.0
12 Rounds,31.0,45.0
The Cross,,
The Cross,18.0,96.0
The Education of Charlie Banks,48.0,45.0
Guest of Cindy Sherman,71.0,64.0
Monsters vs. Aliens,73.0,59.0
Spinning Into Butter,16.0,32.0
Enlighten Up!,56.0,50.0
Adventureland,88.0,61.0
Alien Trespass,38.0,31.0
Bart Got a Room,70.0,56.0
C Me Dance,0.0,21.0
Escapist,,
Fast & Furious,28.0,67.0
Gigantic: A Tale of Two Johns,82.0,90.0
Paris 36,64.0,57.0
The Song of Sparrows,98.0,87.0
Sugar,92.0,79.0
Lymelife,64.0,52.0
Anvil! The Story of Anvil,98.0,90.0
Hannah Montana: The Movie,43.0,67.0
In a Dream,,71.0
The Mysteries of Pittsburgh,12.0,23.0
Observe and Report,51.0,37.0
17 Again,57.0,67.0
American Violet,75.0,79.0
Crank: High Voltage,63.0,49.0
Every Little Step,92.0,88.0
Gooby,20.0,27.0
Lemon Tree,,
Sleep Dealer,73.0,50.0
Grey Gardens,94.0,85.0
Earth,,
Treeless Mountain,86.0,72.0
Fighting,39.0,36.0
Frequently Asked Questions About Time Travel,35.0,61.0
The Informers,,
Mutant Chronicles,17.0,24.0
Obsessed,,38.0
The Soloist,,
The Soloist,56.0,56.0
Tyson,,33.0
Ghosts of Girlfriends Past,28.0,40.0
The Limits of Control,43.0,43.0
The Merry Gentleman,65.0,50.0
The Merry Gentleman,65.0,50.0
Revanche,96.0,83.0
A Wink and a Smile,40.0,45.0
Adoration,63.0,49.0
The Garden,,
Julia,,
Little Ashes,24.0,49.0
Love N' Dancing,17.0,42.0
Next Day Air,21.0,31.0
The Outrage,20.0,42.0
Rudo y Cursi,73.0,66.0
Star Trek,94.0,91.0
The Brothers Bloom,68.0,64.0
Jerichow,90.0,58.0
Management,46.0,30.0
Not Forgotten,,
Summer Hours,94.0,70.0
Make the Yuletide Gay,40.0,63.0
Dogtooth,93.0,76.0
Dr. Dolittle: Million Dollar Mutts,,52.0
Terminator Salvation,33.0,53.0
Dance Flick,18.0,30.0
The Girlfriend Experience,,
The Girlfriend Experience,67.0,35.0
O'Horten,90.0,63.0
Pressure Cooker,92.0,81.0
Departures,,
Drag Me to Hell,92.0,62.0
The Maiden Heist,,37.0
Up,98.0,90.0
Into the Storm,,63.0
Unmistaken Child,81.0,88.0
After Last Season,,92.0
Away We Go,67.0,74.0
The Hangover,79.0,84.0
The Hangover,79.0,84.0
My Life in Ruins,10.0,44.0
Tennessee,33.0,55.0
Doghouse,48.0,46.0
"Food, Inc.",95.0,86.0
Moon,90.0,89.0
Sex Positive,82.0,60.0
999,,
Dead Snow,68.0,56.0
The Proposal,,27.0
The Proposal,,27.0
Whatever Works,50.0,61.0
Year One,14.0,24.0
Transformers: Revenge of the Fallen,20.0,57.0
The Hurt Locker,96.0,84.0
The Hurt Locker,96.0,84.0
My Sister's Keeper,,67.0
The Stoning of Soraya M.,58.0,87.0
Surveillance,55.0,43.0
New York,,100.0
Ice Age: Dawn of the Dinosaurs,46.0,63.0
Public Enemies,,44.0
The Girl From Monaco,48.0,28.0
I Hate Valentine's Day,19.0,28.0
Blood: The Last Vampire,50.0,66.0
Humpday,79.0,51.0
Soul Power,84.0,79.0
(500) Days of Summer,85.0,84.0
The Age of Stupid,73.0,68.0
Homecoming,0.0,33.0
The Answer Man,32.0,42.0
In the Loop,94.0,82.0
The Ugly Truth,14.0,60.0
Adam,,62.0
Aliens in the Attic,34.0,43.0
The Collector,,
Funny People,69.0,48.0
Thirst,,21.0
Cold Souls,75.0,54.0
G.I. Joe: The Rise of Cobra,33.0,50.0
Julie & Julia,77.0,70.0
Paper Heart,60.0,45.0
A Perfect Getaway,62.0,52.0
Bandslam,82.0,64.0
District 9,90.0,82.0
Grace,,
It Might Get Loud,79.0,85.0
Ponyo,91.0,83.0
Spread,22.0,28.0
The Time Traveler's Wife,38.0,59.0
The Headless Woman,77.0,55.0
Inglourious Basterds,89.0,88.0
The Marc Pease Experience,18.0,14.0
Misconceptions,,38.0
Post Grad,8.0,27.0
Shorts,47.0,32.0
The Final Destination,28.0,35.0
Final Destination,36.0,68.0
Halloween II,33.0,63.0
The Open Road,,
The Open Road,29.0,25.0
The September Issue,83.0,71.0
Taking Woodstock,48.0,47.0
We Live in Public,81.0,79.0
All About Steve,6.0,30.0
American Casino,73.0,78.0
Gamer,29.0,39.0
Walt & El Grupo,57.0,44.0
Beyond a Reasonable Doubt,68.0,56.0
Crude,,
Disgrace,83.0,62.0
Tyler Perry's I Can Do Bad All By Myself,61.0,81.0
No Impact Man,83.0,63.0
Sorority Row,25.0,33.0
White on Rice,45.0,52.0
Whiteout,,
Mr. Nobody,67.0,76.0
35 Shots of Rum,97.0,65.0
Another Cinderella Story,,74.0
The Other Woman,,
The Other Woman,,
Bright Star,83.0,68.0
The Burning Plain,38.0,56.0
Cloudy With a Chance of Meatballs,,69.0
Fuel,,55.0
The Informant!,80.0,44.0
The Informant,,43.0
Jennifer's Body,46.0,35.0
Love Happens,16.0,37.0
Paris,92.0,
The Secrets of Jonathan Sperry,,84.0
Pretty Ugly People,,26.0
Brief Interviews With Hideous Men,40.0,32.0
Coco Before Chanel,63.0,57.0
Fame,81.0,69.0
I Hope They Serve Beer in Hell,19.0,42.0
The Other Man,,
Pandorum,29.0,49.0
Paranormal Activity,83.0,57.0
Trailer Park Boys: Countdown to Liquor Day,60.0,70.0
Capitalism: A Love Story,74.0,74.0
The Invention of Lying,56.0,39.0
The Invention of Lying,56.0,39.0
A Serious Man,89.0,68.0
Whip It,86.0,74.0
Zombieland,89.0,86.0
Assassination of a High School President,55.0,46.0
Bronson,75.0,74.0
Couples Retreat,10.0,39.0
The Damned United,92.0,85.0
An Education,93.0,80.0
From Mexico With Love,,52.0
Good Hair,94.0,69.0
Peter and Vandy,65.0,56.0
St. Trinian's,32.0,55.0
Trucker,58.0,57.0
Visual Acoustics: The Modernism of Julius Shulman,95.0,80.0
Black Dynamite,83.0,85.0
The Janky Promoters,,42.0
Law Abiding Citizen,26.0,75.0
Love the Beast,61.0,72.0
The Maid,,
The Ministers,,13.0
"New York, I Love You",37.0,37.0
The Stepfather,89.0,65.0
Triangle,,
Where the Wild Things Are,73.0,57.0
Adventures of Power,32.0,49.0
Amelia,,100.0
Antichrist,0.0,34.0
Astro Boy,51.0,50.0
The Marine 2,,34.0
The Marine 2,,34.0
Motherhood,20.0,16.0
Saw VI,39.0,49.0
(Untitled),64.0,57.0
The Yes Men Fix the World,75.0,78.0
HalloweeNight,,
Night of the Demons,43.0,58.0
Tinker Bell and the Lost Treasure,100.0,73.0
Michael Jackson's This Is It,81.0,82.0
The Boondock Saints II: All Saints Day,22.0,58.0
Gentlemen Broncos,20.0,44.0
The House of the Devil,85.0,63.0
Looking for Palladin,22.0,33.0
Skin,77.0,82.0
The Box,,
Box,,
A Christmas Carol,,
The Flying Scissors,,71.0
The Fourth Kind,18.0,41.0
The Men Who Stare at Goats,51.0,39.0
"Precious: Based on the Novel ""Push"" by Sapphire",92.0,78.0
That Evening Sun,82.0,76.0
2012,39.0,47.0
Pirate Radio,60.0,71.0
Pirate Radio,60.0,71.0
Dare,61.0,42.0
Lesbian Vampire Killers,28.0,32.0
The Messenger,90.0,75.0
The Messenger,,
Uncertainty,50.0,33.0
Women in Trouble,29.0,29.0
The Young Victoria,76.0,74.0
Bad Lieutenant: Port of Call New Orleans,86.0,57.0
The Blind Side,66.0,85.0
Blind Side,,42.0
Broken Embraces,82.0,75.0
Defamation,81.0,76.0
Planet 51,23.0,40.0
The Twilight Saga: New Moon,28.0,61.0
The Twilight Saga: New Moon,28.0,61.0
Me and Orson Welles,86.0,61.0
Ninja Assassin,26.0,54.0
The Road,,
Road,40.0,40.0
The Private Lives of Pippa Lee,69.0,50.0
St Trinian's 2: The Legend of Fritton's Gold,14.0,45.0
Made for Each Other,,56.0
Armored,41.0,31.0
Brothers,,
Everybody's Fine,70.0,87.0
Transylmania,0.0,22.0
Until the Light Takes Us,46.0,57.0
Up in the Air,,12.0
Trick 'r Treat,83.0,72.0
Invictus,76.0,75.0
"My Son, My Son, What Have Ye Done",50.0,44.0
The Princess and the Frog,,
A Single Man,,
The Slammin' Salmon,35.0,48.0
Crazy Heart,90.0,76.0
A Town Called Panic,81.0,86.0
Avatar,81.0,82.0
Fall Down Dead,0.0,5.0
The New Daughter,40.0,24.0
The Young Victoria,76.0,74.0
American Pie Presents: The Book of Love,,28.0
The Last Station,71.0,67.0
The Imaginarium of Doctor Parnassus,64.0,60.0
Sherlock Holmes,,
The Loss of a Teardrop Diamond,27.0,40.0
The White Ribbon,85.0,79.0
The White Ribbon,85.0,79.0
Toy Story 3,98.0,90.0
Alice in Wonderland,,
Iron Man 2,72.0,71.0
The Twilight Saga: Eclipse,46.0,60.0
The Twilight Saga: Eclipse,46.0,60.0
Harry Potter and the Deathly Hallows: Part 1,77.0,85.0
Inception,87.0,91.0
Despicable Me,80.0,83.0
Shrek Forever After,57.0,54.0
How to Train Your Dragon,99.0,91.0
Tangled,89.0,87.0
Garbage Dreams,100.0,77.0
Sweetgrass,97.0,65.0
Daybreakers,69.0,49.0
Leap Year,,50.0
Youth in Revolt,67.0,52.0
Crazy on the Outside,8.0,29.0
Waiting for Armageddon,80.0,42.0
Wonderful World,,
The Book of Eli,47.0,64.0
The Spy Next Door,12.0,40.0
44 Inch Chest,40.0,36.0
Fish Tank,91.0,79.0
Extraordinary Measures,29.0,53.0
The Tooth Fairy,14.0,34.0
The Girl on the Train,76.0,42.0
The Girl on the Train,76.0,42.0
Soundtrack for a Revolution,81.0,78.0
To Save a Life,39.0,82.0
Bad Biology,,20.0
Edge of Darkness,55.0,49.0
When in Rome,17.0,41.0
Preacher's Kid,57.0,64.0
North Face,84.0,82.0
Saint John of Las Vegas,25.0,27.0
Ajami,97.0,81.0
Dear John,29.0,55.0
From Paris With Love,37.0,54.0
District 13: Ultimatum,75.0,55.0
Eyes Wide Open,86.0,76.0
Frozen,56.0,62.0
Jackie Chan in Shinjuku Incident,60.0,67.0
Terribly Happy,87.0,73.0
Temple Grandin,100.0,94.0
Percy Jackson & the Olympians: The Lightning Thief,49.0,53.0
My Name Is Khan,83.0,83.0
Videocracy,67.0,39.0
Valentine's Day,,
Celine: Through the Eyes of the World,33.0,78.0
Lourdes,100.0,91.0
The Ghost Writer,,
Ghost Writer,,43.0
The Good Guy,36.0,30.0
Cop Out,18.0,39.0
The Crazies,71.0,48.0
The Art of the Steal,46.0,39.0
The Art of the Steal,85.0,87.0
Defendor,72.0,58.0
Easier With Practice,88.0,70.0
Formosa Betrayed,33.0,55.0
A Prophet,96.0,89.0
The Yellow Handkerchief,,
The Yellow Handkerchief,65.0,60.0
Alice in Wonderland,,
Brooklyn's Finest,44.0,46.0
Our Family Wedding,15.0,48.0
Remember Me?,,
She's Out of My League,57.0,59.0
Children of Invention,79.0,60.0
Stolen,67.0,47.0
Monsters,,
The Bounty Hunter,,
Diary of a Wimpy Kid,54.0,49.0
Repo Men,,
City Island,83.0,79.0
Greenberg,77.0,42.0
Kimjongilia,60.0,69.0
The Killing Jar,,60.0
The Runaways,69.0,55.0
Runaways,,40.0
Hot Tub Time Machine,64.0,56.0
How to Train Your Dragon,99.0,91.0
Chloe,,
Waking Sleeping Beauty,71.0,80.0
The Last Song,,
The Last Song,,
Clash of the Titans,64.0,70.0
Tyler Perry's Why Did I Get Married Too?,27.0,68.0
Don McKay,38.0,23.0
The Greatest,,
Date Night,67.0,55.0
Letters to God,25.0,75.0
Afterlife,,67.0
The Black Waters of Echo's Pond,22.0,18.0
The Black Waters of Echo's Pond,22.0,18.0
The Doors: When You're Strange,60.0,82.0
Death at a Funeral,62.0,79.0
The City of Your Final Destination,39.0,39.0
Exit Through the Gift Shop,96.0,91.0
The Joneses,62.0,47.0
The Perfect Game,,
Perfect Game,,
Oceans,81.0,75.0
Backup Plan,,
The Losers,,
The Losers,,44.0
Behind the Burly Q,77.0,64.0
Boogie Woogie,32.0,22.0
Breath Made Visible,89.0,77.0
Paper Man,,20.0
You Don't Know Jack,83.0,83.0
A Nightmare on Elm Street,95.0,84.0
Harry Brown,63.0,75.0
Please Give,85.0,64.0
The Infidel,59.0,45.0
Infidel,58.0,86.0
Sex & Drugs & Rock & Roll,72.0,66.0
The Trotsky,79.0,70.0
Iron Man 2,72.0,71.0
Babies,,67.0
The Lightkeepers,20.0,45.0
Multiple Sarcasms,9.0,24.0
Mother and Child,79.0,76.0
OSS 117: Lost in Rio,74.0,63.0
The Oath,75.0,61.0
Trash Humpers,60.0,44.0
Metropia,50.0,56.0
Just Wright,47.0,61.0
Letters to Juliet,42.0,62.0
Robin Hood,,
Daddy Longlegs,80.0,51.0
Here and There,67.0,67.0
Looking for Eric,84.0,78.0
Princess Kaiulani,21.0,46.0
Touching Home,50.0,70.0
MacGruber,47.0,35.0
Shrek Forever After,57.0,54.0
Holy Rollers,52.0,33.0
John Rabe,75.0,75.0
Kites,72.0,53.0
Perrier's Bounty,53.0,47.0
Racing Dreams,100.0,93.0
Solitary Man,78.0,50.0
The 7 Adventures of Sinbad,,5.0
Sex and the City 2,15.0,43.0
The Father of My Children,90.0,61.0
The Last Shot,62.0,32.0
The Last Shot,62.0,32.0
Micmacs,72.0,74.0
Survival of the Dead,29.0,19.0
The Special Relationship,83.0,64.0
Killers,,
Marmaduke,9.0,42.0
Finding Bliss,30.0,30.0
Gone With the Pope,67.0,48.0
Living in Emergency: Stories of Doctors Without Borders,93.0,79.0
Ondine,70.0,60.0
Rosencrantz and Guildenstern Are Undead,40.0,35.0
The Karate Kid,90.0,82.0
12th & Delaware,,88.0
Coco Chanel & Igor Stravinsky,52.0,43.0
Joan Rivers: A Piece of Work,93.0,82.0
The Lottery,,
The Lottery,,46.0
Jonah Hex,12.0,20.0
Toy Story 3,98.0,90.0
45365,89.0,64.0
8: The Mormon Proposition,65.0,72.0
The Girlfriends,100.0,83.0
Cyrus,80.0,53.0
I Am Love,81.0,68.0
The Killer Inside Me,56.0,40.0
The Killer Inside Me,40.0,25.0
Stonewall Uprising,84.0,77.0
Knight and Day,52.0,49.0
Grown Ups,10.0,62.0
Dogtooth,93.0,76.0
"I Was Born, But ...",100.0,90.0
Restrepo,96.0,88.0
South of the Border,54.0,69.0
Wild Grass,,
The Twilight Saga: Eclipse,46.0,60.0
The Twilight Saga: Eclipse,46.0,60.0
Love Ranch,12.0,28.0
The Last Airbender,5.0,30.0
Great Directors,66.0,43.0
Despicable Me,80.0,83.0
The Kids Are All Right,93.0,74.0
The Girl Who Played With Fire,69.0,68.0
Rec 2,66.0,60.0
StreetDance,78.0,59.0
Valhalla Rising,71.0,49.0
Winnebago Man,90.0,80.0
The Sorcerer's Apprentice,40.0,53.0
Inception,87.0,91.0
Fred: The Movie,0.0,40.0
Kisses,,86.0
Ramona and Beezus,70.0,71.0
Salt,,
Countdown to Zero,80.0,72.0
Farewell,86.0,75.0
The Alarmist,56.0,13.0
Spoken Word,46.0,39.0
Cats & Dogs: The Revenge of Kitty Galore,13.0,38.0
Charlie St. Cloud,28.0,60.0
Dinner for Schmucks,42.0,42.0
The Dry Land,64.0,46.0
The Dry Land,64.0,46.0
The Extra Man,42.0,37.0
Get Low,84.0,75.0
"Hugh Hefner: Playboy, Activist and Rebel",61.0,69.0
Smash His Camera,78.0,63.0
What's the Matter With Kansas?,60.0,58.0
Flipped,55.0,79.0
The Other Guys,79.0,60.0
Step Up 3,47.0,64.0
Brotherhood,56.0,54.0
Cairo Time,80.0,62.0
The Disappearance of Alice Creed,81.0,67.0
The Disappearance of Alice Creed,81.0,67.0
"Lebanon, Pa.",50.0,48.0
Middle Men,40.0,56.0
"Patrik, Age 1.5",72.0,73.0
Spring Fever,,
12,77.0,83.0
The Wildest Dream: Conquest of Everest,77.0,70.0
Eat Pray Love,35.0,42.0
The Expendables,42.0,64.0
Scott Pilgrim vs. the World,82.0,84.0
Animal Kingdom,94.0,83.0
Double Negative,,
Neshoba: The Price of Freedom,88.0,93.0
The People I've Slept With,27.0,37.0
Salt of This Sea,54.0,65.0
The Butcher's Son,47.0,73.0
Tales From Earthsea,38.0,46.0
Vampires Suck,4.0,30.0
Nanny McPhee Returns,76.0,55.0
Piranha,74.0,45.0
The Switch,,
The Switch,,
The Army of Crime,88.0,68.0
Mao's Last Dancer,56.0,76.0
The Tillman Story,94.0,91.0
What If,,
The Last Exorcism,71.0,35.0
The Last Exorcism,71.0,35.0
Takers,28.0,62.0
Avatar,81.0,82.0
Centurion,60.0,43.0
Mesrine,,47.0
The Milk of Sorrow,78.0,69.0
The American,64.0,39.0
The American,64.0,39.0
Going the Distance,,
Machete,70.0,63.0
Resident Evil: Afterlife,21.0,48.0
Repeaters,20.0,33.0
Never Let Me Go,,62.0
Alpha and Omega,20.0,41.0
Devil,50.0,43.0
Easy A,85.0,77.0
The Town,92.0,85.0
Catfish,80.0,71.0
Jack Goes Boating,68.0,48.0
The Last Day of Summer,,67.0
You Will Meet a Tall Dark Stranger,45.0,34.0
Legend of the Guardians: The Owls of Ga'Hoole,,
Wall Street: Money Never Sleeps,55.0,44.0
You Again,19.0,43.0
Like Dandelion Dust,82.0,76.0
Norwegian Wood,74.0,49.0
Case 39,21.0,39.0
Hatchet II,42.0,36.0
Let Me In,88.0,76.0
The Social Network,96.0,87.0
It's Kind of a Funny Story,58.0,66.0
My Soul to Take,11.0,26.0
Secretariat,64.0,76.0
I Spit on Your Grave,51.0,40.0
Inside Job,98.0,91.0
It's a Wonderful Afterlife,29.0,33.0
Nowhere Boy,80.0,74.0
Stone,50.0,21.0
Tamara Drewe,65.0,42.0
Wild Target,31.0,56.0
Jackass 3,66.0,69.0
Red,72.0,72.0
Carlos,,
Conviction (Une intime conviction),,
Hereafter,47.0,38.0
Paranormal Activity 2,57.0,48.0
The Girl Who Kicked the Hornet's Nest,53.0,66.0
Crayon,,
Due Date,40.0,52.0
Fair Game,,38.0
Megamind,73.0,72.0
127 Hours,93.0,85.0
Four Lions,83.0,80.0
Guy and Madeline on a Park Bench,92.0,50.0
Five Minarets in New York,,37.0
Morning Glory,64.0,45.0
Skyline,,
Unstoppable,,24.0
Harry Potter and the Deathly Hallows: Part 1,77.0,85.0
The Next Three Days,50.0,66.0
The Next Three Days,50.0,66.0
Made in Dagenham,80.0,75.0
Burlesque,37.0,64.0
Faster,53.0,90.0
Love & Other Drugs,49.0,53.0
Tangled,89.0,87.0
Nutcracker,,
The King's Speech,94.0,92.0
The Black Swan,83.0,73.0
I Love You Phillip Morris,71.0,61.0
The Warrior's Way,33.0,47.0
Night Catches Us,80.0,66.0
The Chronicles of Narnia: The Voyage of the Dawn Treader,50.0,58.0
The Tourist,,
The Tourist,21.0,42.0
Frankie & Alice,24.0,59.0
The Tempest,,
The Tempest,31.0,27.0
The Fighter,91.0,89.0
FIGHTER,,
How Do You Know,31.0,25.0
Yogi Bear,13.0,34.0
Casino Jack,39.0,34.0
Rabbit Hole,87.0,72.0
Little Fockers,9.0,34.0
True Grit,88.0,84.0
Country Strong,22.0,53.0
Gulliver's Travels,,13.0
The Illusionist,90.0,79.0
The Illusionist,73.0,83.0
Another Year,92.0,74.0
Biutiful,66.0,75.0
Blue Valentine,86.0,77.0
Harry Potter and the Deathly Hallows: Part 2,96.0,89.0
Transformers: Dark of the Moon,35.0,55.0
The Twilight Saga: Breaking Dawn Part 1,25.0,60.0
The Twilight Saga: Breaking Dawn Part 1,25.0,60.0
The Hangover Part II,34.0,52.0
Pirates of the Caribbean: On Stranger Tides,33.0,54.0
Fast Five,78.0,83.0
Mission: Impossible - Ghost Protocol,93.0,76.0
Cars 2,39.0,49.0
Sherlock Holmes: A Game of Shadows,60.0,77.0
Thor,77.0,76.0
Phil Ochs: There But for Fortune,97.0,78.0
Season of the Witch,,
The Time That Remains,86.0,68.0
Barney's Version,77.0,78.0
The Dilemma,24.0,29.0
Dilemma,,
The Green Hornet,45.0,43.0
No Strings Attached,,
Open Season 3,,30.0
The Mechanic,53.0,51.0
The Mechanic,53.0,51.0
The Rite,22.0,40.0
The Rite,75.0,71.0
Cold Weather,77.0,52.0
The Other Woman,,
The Other Woman,,
The Roommate,3.0,27.0
Roommate,,
Sanctum,30.0,37.0
Waiting for Forever,5.0,42.0
Carancho,88.0,72.0
Carbon Nation,40.0,76.0
Cedar Rapids,86.0,59.0
The Eagle,83.0,71.0
Gnomeo & Juliet,55.0,54.0
Just Go With It,19.0,59.0
Justin Bieber: Never Say Never,66.0,65.0
The Sunset Limited,68.0,80.0
"Big Mommas: Like Father, Like Son",5.0,58.0
I Am Number Four,33.0,57.0
Unknown,38.0,54.0
Drive Angry,47.0,37.0
Hall Pass,33.0,40.0
The Adjustment Bureau,72.0,67.0
Beastly,21.0,48.0
Rango,88.0,70.0
Take Me Home Tonight,28.0,42.0
Battle: Los Angeles,37.0,48.0
Mars Needs Moms,37.0,40.0
Red Riding Hood,,
Elektra Luxx,24.0,20.0
Limitless,68.0,74.0
The Lincoln Lawyer,84.0,82.0
The Lincoln Lawyer,84.0,82.0
Paul,70.0,62.0
Diary of a Wimpy Kid: Rodrick Rules,50.0,47.0
Sucker Punch,,45.0
Insidious,67.0,62.0
Hop,,86.0
Source Code,92.0,82.0
The Super,0.0,42.0
Trust,,
Wrecked,,4.0
Hanna,72.0,66.0
Soul Surfer,45.0,75.0
Your Highness,27.0,34.0
Atlas Shrugged: Part 1,12.0,69.0
The Conspirator,56.0,62.0
Conspirator,0.0,41.0
Rio,72.0,71.0
Scream 4,60.0,57.0
African Cats,74.0,77.0
Tyler Perry's Madea's Big Happy Family,38.0,74.0
Pom Wonderful Presents: The Greatest Movie Ever Sold,72.0,64.0
Water for Elephants,60.0,70.0
Cinema Verite,61.0,60.0
Dylan Dog: Dead of Night,4.0,29.0
Fast Five,78.0,83.0
Hoodwinked Too! Hood vs. Evil,11.0,35.0
The Beaver,63.0,55.0
Beaver,,
Hobo With a Shotgun,65.0,57.0
Jumping the Broom,57.0,58.0
Thor,77.0,76.0
Bridesmaids,,62.0
Priest,15.0,46.0
Departures,,
Midnight in Paris,93.0,83.0
Pirates of the Caribbean: On Stranger Tides,33.0,54.0
Too Big to Fail,77.0,75.0
The Hangover Part II,34.0,52.0
The Tree of Life,,
Beautiful Boy,71.0,56.0
Beginners,86.0,77.0
Submarine,88.0,82.0
The Lion of Judah,0.0,61.0
The Lion of Judah,0.0,61.0
Judy Moody and the NOT Bummer Summer,21.0,41.0
Road to Nowhere,,
Super 8,81.0,75.0
The Trip,89.0,70.0
Trip,,
The Art of Getting By,20.0,46.0
Buck,90.0,89.0
Green Lantern,25.0,45.0
Mr. Popper's Penguins,47.0,53.0
A Better Life,86.0,79.0
Bad Teacher,45.0,36.0
Cars 2,39.0,49.0
Conan O'Brien Can't Stop,82.0,68.0
Transformers: Dark of the Moon,35.0,55.0
Larry Crowne,37.0,41.0
Monte Carlo,40.0,50.0
The Perfect Host,45.0,55.0
Septien,56.0,43.0
Rapt,,
"Beats, Rhymes & Life: The Travels of A Tribe Called Quest",90.0,90.0
Horrible Bosses,69.0,70.0
Project Nim,97.0,84.0
The Ward,33.0,26.0
Zookeeper,14.0,41.0
Harry Potter and the Deathly Hallows: Part 2,96.0,89.0
Lucky,,58.0
Winnie the Pooh,,
Another Earth,66.0,66.0
Captain America: The First Avenger,80.0,75.0
Friends With Benefits,69.0,65.0
Attack the Block,91.0,75.0
Cowboys & Aliens,44.0,43.0
Crazy Stupid Love,,
The Devil's Double,55.0,64.0
The Devil's Double,55.0,64.0
The Guard,,
Guard,,
The Smurfs,21.0,43.0
Bellflower,73.0,63.0
Phineas and Ferb: The Movie: Across the 2nd Dimension,100.0,81.0
Rise of the Planet of the Apes,82.0,77.0
The Help,76.0,89.0
Help!,,40.0
30 Minutes or Less,45.0,40.0
Final Destination 5,63.0,53.0
Glee the Concert Movie,60.0,65.0
The Idiotmaker's Gravity Tour,,
Conan the Barbarian,67.0,74.0
Flypaper,,33.0
You Yi Tian,42.0,
Colombiana,28.0,67.0
Higher Ground,,
Bol,,88.0
Apollo 18,24.0,23.0
Bucky Larson: Born to Be a Star,3.0,25.0
Contagion,,
Warrior,,
Drive,,68.0
I Don't Know How She Does It,17.0,32.0
Restless,,
Straw Dogs,82.0,82.0
The Set-Up,85.0,89.0
Abduction,,44.0
Dolphin Tale,81.0,80.0
Moneyball,94.0,86.0
Courageous,36.0,86.0
Dream House,,17.0
Margaret,75.0,49.0
Take Shelter,92.0,81.0
What's Your Number?,23.0,44.0
George Harrison: Living in the Material World,87.0,93.0
The Ides of March,83.0,73.0
The Ides of March,83.0,73.0
Real Steel,60.0,73.0
The Way,,
Way,,
The Big Year,42.0,41.0
Footloose,55.0,71.0
The Skin I Live In,81.0,84.0
The Thing,34.0,42.0
Johnny English Reborn,38.0,45.0
Margin Call,87.0,74.0
Paranormal Activity 3,66.0,51.0
The Three Musketeers,,
Martha Marcy May Marlene,90.0,71.0
Anonymous,20.0,33.0
In Time,37.0,51.0
Like Crazy,71.0,62.0
October Baby,25.0,79.0
Puss in Boots,,
Tower Heist,67.0,48.0
J. Edgar,43.0,44.0
Melancholia,,
Descendants,90.0,67.0
Happy Feet Two,46.0,60.0
The Twilight Saga: Breaking Dawn Part 1,25.0,60.0
The Twilight Saga: Breaking Dawn Part 1,25.0,60.0
A Dangerous Method,79.0,50.0
Arthur Christmas,92.0,77.0
Hugo,93.0,78.0
The Muppets,95.0,80.0
My Week With Marilyn,83.0,71.0
The Artist,95.0,87.0
Shame,65.0,88.0
Tinker Tailor Soldier Spy,84.0,65.0
Catch .44,,14.0
New Year's Eve,,
The Sitter,,
While the Children Sleep,,23.0
We Need to Talk About Kevin,75.0,78.0
Young Adult,80.0,49.0
Alvin and the Chipmunks: Chipwrecked,10.0,51.0
Carnage,70.0,66.0
Mission: Impossible - Ghost Protocol,93.0,76.0
Sherlock Holmes: A Game of Shadows,60.0,77.0
The Adventures of Tintin,75.0,74.0
The Girl With the Dragon Tattoo,86.0,86.0
The Girl With the Dragon Tattoo,85.0,87.0
In the Land of Blood and Honey,58.0,47.0
We Bought a Zoo,65.0,71.0
The Darkest Hour,11.0,25.0
Extremely Loud & Incredibly Close,45.0,61.0
War Horse,75.0,74.0
The Iron Lady,52.0,51.0
A Separation,,
Marvel's the Avengers,91.0,91.0
The Dark Knight Rises,87.0,90.0
The Hunger Games,84.0,81.0
The Hunger Games,84.0,81.0
Skyfall,92.0,86.0
The Hobbit: An Unexpected Journey,64.0,83.0
The Twilight Saga: Breaking Dawn Part 2,49.0,70.0
Brave,79.0,75.0
Ted,,
Madagascar 3: Europe's Most Wanted,78.0,72.0
The Devil Inside,6.0,22.0
Beneath the Darkness,0.0,15.0
Norwegian Wood,74.0,49.0
Beauty and the Beast,93.0,92.0
Albatross,54.0,39.0
The Divide,75.0,
Divide,,
Sing Your Song,95.0,79.0
Haywire,,
Red Tails,40.0,57.0
Underworld: Awakening,25.0,62.0
Coriolanus,,
The Flowers of War,42.0,74.0
Fullmetal Alchemist: The Sacred Star of Milos,83.0,81.0
We,,
The Grey,,
Grey,,
Man on a Ledge,31.0,52.0
One for the Money,2.0,42.0
Declaration of War,86.0,70.0
Big Miracle,74.0,64.0
Chronicle,85.0,72.0
The Woman in Black,100.0,78.0
Journey 2: The Mysterious Island,45.0,59.0
Safe House,,
The Vow,,
Star Wars: Episode I - The Phantom Menace,52.0,59.0
Exit Strategy,,
Rampart,,
The Secret World of Arrietty,94.0,85.0
Ghost Rider: Spirit of Vengeance,19.0,31.0
This Means War,26.0,56.0
Act of Valor,28.0,72.0
Gone,,
Tyler Perry's Good Deeds,36.0,76.0
Wanderlust,,
This Is Not a Film,,56.0
Dr. Seuss' the Lorax,54.0,63.0
Project X,,71.0
Being Flynn,51.0,41.0
Tim and Eric's Billion Dollar Movie,38.0,47.0
John Carter,52.0,60.0
A Thousand Words,0.0,46.0
Attenberg,78.0,53.0
The Ballad of Genesis and Lady Jaye,68.0,53.0
Footnote,88.0,72.0
Friends With Kids,66.0,49.0
Jiro Dreams of Sushi,99.0,91.0
Salmon Fishing in the Yemen,68.0,64.0
Game Change,67.0,76.0
Gerhard Richter Painting,89.0,73.0
21 Jump Street,,87.0
House of My Father,42.0,35.0
"Jeff, Who Lives at Home",77.0,62.0
The Hunger Games,84.0,81.0
The Hunger Games,84.0,81.0
The Raid: Redemption,87.0,87.0
A Royal Affair,90.0,82.0
"Mirror, Mirror",80.0,31.0
Wrath of the Titans,,50.0
Goon,81.0,71.0
Titanic,88.0,69.0
American Reunion,80.0,
Damsels in Distress,76.0,39.0
Keyhole,70.0,39.0
Surviving Progress,71.0,79.0
We Have a Pope,66.0,55.0
The Cabin in the Woods,92.0,74.0
Detention,,
Lockout,,25.0
The Three Stooges,51.0,47.0
Monsieur Lazhar,98.0,86.0
The Lucky One,20.0,67.0
Think Like a Man,54.0,79.0
Darling Companion,21.0,29.0
Fightville,61.0,67.0
Jesus Henry Christ,22.0,47.0
Marley,96.0,90.0
Payback,,
The Pirates! Band of Misfits,86.0,60.0
The Raven,,41.0
Raven,24.0,
Safe,87.0,75.0
Headhunters,93.0,85.0
Sound of My Voice,76.0,66.0
Marvel's the Avengers,91.0,91.0
The Best Exotic Marigold Hotel,78.0,78.0
Dark Shadows,35.0,46.0
Where Do We Go Now?,53.0,73.0
The Dictator,,
The Dictator,56.0,44.0
Rust and Bone,82.0,80.0
Battleship,34.0,54.0
What to Expect When You're Expecting,23.0,47.0
Beyond the Black Rainbow,61.0,53.0
Crooked Arrows,41.0,62.0
The Entrance,,6.0
Fury,,
Hysteria,,44.0
Lovely Molly,47.0,32.0
Mansome,25.0,23.0
Polisse,86.0,79.0
Virginia,,
Chernobyl Diaries,17.0,28.0
Moonrise Kingdom,93.0,86.0
Hemingway & Gellhorn,49.0,41.0
5 Broken Cameras,96.0,88.0
Snow White and the Huntsman,49.0,52.0
Piranha 3DD,11.0,22.0
Madagascar 3: Europe's Most Wanted,78.0,72.0
Prometheus,,
Lola Versus,36.0,31.0
Safety Not Guaranteed,91.0,80.0
Rock of Ages,,
That's My Boy,,
The Woman in the Fifth,59.0,22.0
Your Sister's Sister,84.0,66.0
Abraham Lincoln: Vampire Hunter,34.0,50.0
Brave,79.0,75.0
Seeking a Friend for the End of the World,55.0,53.0
The Invisible War,99.0,84.0
To Rome With Love,47.0,40.0
Beasts of the Southern Wild,87.0,76.0
Tyler Perry's Madea's Witness Protection,19.0,66.0
Magic Mike,78.0,60.0
Ted,,
A Burning Hot Summer,55.0,24.0
The Last Ride,,59.0
Neil Young Journeys,89.0,60.0
Take This Waltz,79.0,58.0
Unforgivable,,69.0
The Savages,90.0,75.0
Collaborator,73.0,61.0
Ice Age: Continental Drift,37.0,61.0
"Farewell, My Queen",93.0,56.0
The Imposter,,
Union Square,64.0,35.0
Shut Up and Play the Hits,86.0,84.0
The Dark Knight Rises,87.0,90.0
The Queen of Versailles,95.0,73.0
Iron Sky,41.0,37.0
Ruby Sparks,79.0,75.0
Step Up Revolution,41.0,68.0
Watch,,
Ai Weiwei: Never Sorry,98.0,87.0
Killer Joe,80.0,61.0
Searching for Sugar Man,95.0,92.0
Diary of a Wimpy Kid: Dog Days,52.0,63.0
Total Recall,82.0,79.0
360,,
Celeste and Jesse Forever,70.0,62.0
Hope Springs,25.0,27.0
The Bourne Legacy,56.0,58.0
The Campaign,66.0,51.0
2 Days in New York,67.0,42.0
The Odd Life of Timothy Green,36.0,67.0
Ek Tha Tiger,75.0,49.0
The Expendables 2,67.0,67.0
ParaNorman,89.0,72.0
Sparkle,78.0,
Compliance,89.0,60.0
Cosmopolis,67.0,31.0
Robot & Frank,86.0,75.0
Community Service the Movie,,
Hit and Run,,16.0
The Apparition,3.0,24.0
Apparition,,20.0
Premium Rush,75.0,60.0
Lawless,,
The Oogieloves in the Big Balloon Adventure,32.0,62.0
The Ambassador,71.0,75.0
Ambassador,,
The Possession,39.0,48.0
Possession,63.0,58.0
"For a Good Time, Call ...",57.0,53.0
The Cold Light of Day,4.0,29.0
Cold Light of Day,,24.0
The Words,24.0,49.0
Words,,
Anna Karenina,,70.0
Detropia,86.0,64.0
Resident Evil: Retribution,28.0,51.0
Finding Nemo,99.0,86.0
Arbitrage,87.0,62.0
Barfi!,80.0,86.0
The Master,,
Master,,64.0
Stolen,67.0,47.0
Dredd,80.0,72.0
End of Watch,85.0,86.0
House at the End of the Street,12.0,41.0
Trouble With the Curve,51.0,66.0
Diana Vreeland: The Eye Has to Travel,95.0,79.0
Head Games,88.0,77.0
The Perks of Being a Wallflower,85.0,89.0
The Perks of Being a Wallflower,85.0,89.0
Hotel Transylvania,44.0,72.0
Looper,93.0,82.0
Won't Back Down,35.0,61.0
The Waiting Room,60.0,56.0
Waiting Room,,
Pitch Perfect,82.0,83.0
Taken 2,22.0,52.0
It's Such a Beautiful Day,100.0,92.0
The Oranges,31.0,32.0
The Paperboy,,33.0
Here Comes the Boom,42.0,65.0
Seven Psychopaths,83.0,71.0
Sinister,,36.0
"3, 2, 1... Frankie Go Boom",45.0,41.0
Nobody Walks,41.0,23.0
Smashed,83.0,68.0
Smiley,,
Holy Motors,92.0,71.0
Alex Cross,11.0,47.0
Paranormal Activity 4,23.0,34.0
The Sessions,91.0,80.0
Sessions,,
The Girl,,
Girl,84.0,75.0
Chasing Mavericks,33.0,70.0
Cloud Atlas,66.0,66.0
Fun Size,25.0,47.0
Silent Hill: Revelation,8.0,35.0
Pusher,83.0,85.0
Flight,,
The Man With the Iron Fists,51.0,40.0
Amber Alert,,36.0
The Bay,76.0,43.0
The Details,47.0,34.0
Details,,
A Late Quartet,77.0,71.0
North Sea Texas,83.0,71.0
This Must Be the Place,66.0,58.0
Fire With Fire,,83.0
In Their Skin,45.0,17.0
Skyfall,92.0,86.0
As Long As I Live,90.0,67.0
The Twilight Saga: Breaking Dawn Part 2,49.0,70.0
Chasing Ice,96.0,85.0
Silver Linings Playbook,92.0,86.0
Life of Pi,86.0,84.0
Red Dawn,50.0,65.0
Rise of the Guardians,74.0,80.0
Nativity 2: Danger in the Manger!,36.0,50.0
Hitchcock,60.0,60.0
Collection,17.0,29.0
Killing Them Softly,74.0,44.0
Playing for Keeps,,57.0
Bad Kids Go to Hell,44.0,35.0
Cheerful Weather for the Wedding,37.0,27.0
Deadfall,,37.0
Dino Time,,37.0
The Fitzgerald Family Christmas,64.0,50.0
Heleno,46.0,55.0
Hyde Park on Hudson,37.0,31.0
Lay the Favorite,18.0,19.0
The Hobbit: An Unexpected Journey,64.0,83.0
The Guilt Trip,37.0,39.0
The Guilt Trip,37.0,39.0
"Monsters, Inc.",96.0,90.0
Zero Dark Thirty,91.0,80.0
Cirque du Soleil: Worlds Away,45.0,93.0
Jack Reacher,64.0,67.0
This Is 40,51.0,50.0
The Impossible,82.0,84.0
Django Unchained,87.0,92.0
Kin-Folks,,
West of Memphis,95.0,87.0
Quartet,,
Tabu,93.0,77.0
The Promised Land,,92.0
The Hunger Games: Catching Fire,90.0,89.0
Iron Man 3,79.0,78.0
Frozen,56.0,62.0
Despicable Me 2,75.0,85.0
Man of Steel,,
Gravity,,29.0
Monsters University,80.0,81.0
The Hobbit: The Desolation of Smaug,75.0,85.0
Fast & Furious 6,71.0,84.0
Oz the Great and Powerful,57.0,56.0
A Dark Truth,0.0,36.0
Texas Chainsaw,19.0,40.0
The Baytown Outlaws,23.0,54.0
A Haunted House,10.0,51.0
Struck by Lightning,,
Broken City,27.0,40.0
The Last Stand,,
Last Stand,,
Luv,,39.0
Mama,,
Officer Down,,26.0
Hansel & Gretel: Witch Hunters,16.0,53.0
John Dies at the End,59.0,54.0
Knife Fight,28.0,27.0
Movie 43,5.0,24.0
Parker,,
Supporting Characters,86.0,63.0
Bullet to the Head,45.0,39.0
The Haunting in Connecticut 2: Ghosts of Georgia,19.0,44.0
Sound City,100.0,90.0
Stand Up Guys,37.0,46.0
Warm Bodies,81.0,73.0
A Glimpse Inside the Mind of Charles Swan III,16.0,25.0
Identity Thief,19.0,53.0
Side Effects,11.0,30.0
Beautiful Creatures,38.0,33.0
A Good Day to Die Hard,15.0,40.0
Safe Haven,13.0,67.0
Escape From Planet Earth,,
"Bless Me, Ultima",68.0,73.0
Dark Skies,,
To the Wonder,47.0,37.0
21 and Over,27.0,46.0
Jack the Giant Slayer,52.0,55.0
The Last Exorcism Part II,15.0,26.0
Phantom,,
The Stoker,,
Dead Man Down,41.0,47.0
Emperor,,
Oz the Great and Powerful,57.0,56.0
The Call,,
Call,,
The Incredible Burt Wonderstone,37.0,33.0
Spring Breakers,68.0,38.0
Admission,37.0,32.0
The Croods,72.0,77.0
InAPPropriate Comedy,0.0,22.0
Love and Honor,81.0,84.0
Olympus Has Fallen,50.0,66.0
Phil Spector,51.0,32.0
Trance,,
G.I. Joe: Retaliation,29.0,48.0
The Host,10.0,50.0
The Host,93.0,72.0
The Place Beyond the Pines,78.0,75.0
Tyler Perry's Temptation: Confessions of a Marriage Counselor,21.0,66.0
The Brass Teapot,31.0,51.0
The Evil Dead,86.0,84.0
Jurassic Park,92.0,91.0
Upstream Color,87.0,69.0
'42,,
Disconnect,,42.0
It's a Disaster,79.0,59.0
Scary Movie V,4.0,38.0
Java Heat,7.0,29.0
The Lords of Salem,47.0,30.0
Oblivion,,27.0
Arthur Newman,20.0,25.0
The Big Wedding,7.0,40.0
Mud,97.0,80.0
Pain & Gain,50.0,47.0
Iron Man 3,79.0,78.0
Greetings From Tim Buckley,72.0,46.0
The Iceman,,
Iceman,,49.0
Kiss of the Damned,68.0,39.0
What Maisie Knew,86.0,80.0
Aftershock,41.0,24.0
The Great Gatsby,52.0,
He's Way More Famous Than You,45.0,46.0
No One Lives,46.0,42.0
Peeples,40.0,49.0
Star Trek Into Darkness,84.0,89.0
Black Rock,53.0,24.0
The English Teacher,43.0,31.0
Frances Ha,92.0,78.0
The Reluctant Fundamentalist,57.0,61.0
The Hangover Part III,20.0,44.0
Before Midnight,,
Epic,,
Fast & Furious 6,71.0,84.0
Behind the Candelabra,94.0,71.0
After Earth,12.0,36.0
Byzantium,66.0,51.0
The East,77.0,64.0
The Kings of Summer,77.0,77.0
Now You See Me,50.0,70.0
Hello Herman,20.0,73.0
The Internship,35.0,51.0
Internship,,
Much Ado About Nothing,,
The Purge,41.0,36.0
Tiger Eyes,63.0,53.0
Violet & Daisy,22.0,35.0
This Is the End,82.0,71.0
The Bling Ring,,33.0
Hatchet III,57.0,40.0
Man of Steel,,
My Little Pony: Equestria Girls,,74.0
Monsters University,80.0,81.0
This Is Martin Bonner,93.0,69.0
World War Z,67.0,72.0
How to Make Money Selling Drugs,76.0,91.0
Copperhead,,
The Heat,66.0,71.0
Heat,,
Hummingbird,,60.0
Some Girls,43.0,43.0
White House Down,51.0,62.0
Despicable Me 2,75.0,85.0
Kevin Hart: Let Me Explain,61.0,72.0
The Lone Ranger,31.0,51.0
Lone Ranger: The Search,,
Bad Words,66.0,61.0
Stuck in Love,58.0,69.0
"The Way, Way Back",84.0,84.0
Fruitvale Station,94.0,87.0
Grown Ups 2,8.0,53.0
Killing Season,10.0,29.0
V/H/S/2,71.0,53.0
Turbo,,71.0
The Conjuring,86.0,83.0
The Girl Most Likely,,17.0
R.I.P.D.,12.0,38.0
Red 2,45.0,63.0
The World's End,89.0,72.0
Blue Jasmine,90.0,77.0
Romeo and Juliet,,
The To Do List,56.0,46.0
X-Men Origins: Wolverine,38.0,58.0
The Smurfs 2,14.0,56.0
The Smurfs 2,14.0,56.0
2 Guns,64.0,66.0
The Canyons,21.0,15.0
Europa Report,80.0,57.0
The Spectacular Now,91.0,76.0
Percy Jackson: Sea of Monsters,42.0,54.0
We're the Millers,48.0,76.0
Elysium,,45.0
Planes,26.0,49.0
Clear History,61.0,54.0
Ain't Them Bodies Saints,77.0,61.0
Lee Daniels' The Butler,72.0,78.0
Jobs,27.0,40.0
Paranoia,,
The Mortal Instruments: City of Bones,13.0,58.0
Drinking Buddies,84.0,49.0
Scenic Route,65.0,50.0
Short Term 12,98.0,92.0
You're Next,80.0,60.0
Closed Circuit,,
Getaway,3.0,36.0
The Lifeguard,16.0,27.0
Lifeguard,47.0,72.0
Hell Baby,33.0,27.0
Riddick,58.0,56.0
Touchy Feely,42.0,22.0
August: Osage County,66.0,65.0
The Family,,
Family,,
Insidious: Chapter 2,39.0,57.0
Dick Figures: The Movie,,82.0
Battle of the Year,6.0,49.0
Enough Said,95.0,75.0
Prisoners,,
Rush,,
Baggage Claim,16.0,48.0
Cloudy With a Chance of Meatballs 2,71.0,66.0
Don Jon,80.0,58.0
Metallica: Through the Never,81.0,74.0
Grace Unplugged,50.0,78.0
Gravity,,29.0
Runner Runner,7.0,33.0
Muhammad Ali's Greatest Fight,38.0,69.0
Captain Phillips,93.0,89.0
Machete Kills,29.0,34.0
12 Years a Slave,95.0,90.0
Escape Plan,50.0,55.0
Carrie,50.0,44.0
The Fifth Estate,36.0,36.0
I'm in Love With a Church Girl,10.0,64.0
The Counselor,34.0,24.0
Jackass Presents: Bad Grandpa,61.0,60.0
About Time,71.0,82.0
Dallas Buyers Club,92.0,91.0
Ender's Game,62.0,65.0
Free Birds,,
Last Vegas,46.0,59.0
The Book Thief,49.0,73.0
Thor: The Dark World,67.0,75.0
The Best Man Holiday,71.0,83.0
The Best Man Holiday,71.0,83.0
The Christmas Candle,21.0,74.0
Contracted,50.0,29.0
Delivery Man,40.0,47.0
The Hunger Games: Catching Fire,90.0,89.0
Nebraska,91.0,83.0
Philomena,91.0,89.0
Black Nativity,51.0,51.0
Frozen,56.0,62.0
Homefront,42.0,61.0
Oldboy,83.0,94.0
Crave,,
Inside Llewyn Davis,92.0,74.0
Out of the Furnace,53.0,52.0
American Hustle,92.0,74.0
The Hobbit: The Desolation of Smaug,75.0,85.0
Saving Mr. Banks,79.0,84.0
Anchorman 2: The Legend Continues,74.0,52.0
Her,95.0,82.0
Walking With Dinosaurs,,
47 Ronin,16.0,48.0
Grudge Match,31.0,46.0
Lone Survivor,75.0,87.0
The Secret Life of Walter Mitty,52.0,71.0
The Secret Life of Walter Mitty,82.0,80.0
The Wolf of Wall Street,63.0,
Labor Day,,
American Sniper,72.0,84.0
"The Hunger Games: Mockingjay, Part 1",69.0,71.0
"The Hunger Games: Mockingjay, Part 1",69.0,71.0
Guardians of the Galaxy,92.0,92.0
Captain America: The Winter Soldier,90.0,92.0
The LEGO Movie,96.0,87.0
The Hobbit: The Battle of the Five Armies,59.0,74.0
Transformers: Age of Extinction,18.0,50.0
Maleficent,54.0,70.0
Big Hero 6,90.0,91.0
Paranormal Activity: The Marked Ones,40.0,34.0
Open Grave,24.0,39.0
Cold Comes the Night,44.0,29.0
Dumbbells,14.0,60.0
The Legend of Hercules,5.0,33.0
Raze,45.0,30.0
Back in the Day,11.0,47.0
Devil's Due,21.0,21.0
Jack Ryan: Shadow Recruit,54.0,52.0
Jamesy Boy,26.0,58.0
The Nut Job,13.0,43.0
Ride Along,17.0,58.0
"I, Frankenstein",5.0,38.0
That Awkward Moment,23.0,46.0
Somewhere Slow,56.0,83.0
The Outsider,,
Outsider,,
Acorralada,,33.0
The Philosophers,67.0,43.0
Nurse,64.0,36.0
The LEGO Movie,96.0,87.0
The Monuments Men,31.0,44.0
The Monuments Men,31.0,44.0
The Pretty One,50.0,46.0
Vampire Academy,17.0,56.0
RoboCop,49.0,49.0
About Last Night ...,63.0,60.0
Adult World,54.0,38.0
Camp Takota,,67.0
Date and Switch,30.0,38.0
Endless Love,26.0,51.0
Someone Marry Barry,20.0,45.0
Apocalypse Pompeii,,6.0
3 Days to Kill,28.0,43.0
Angels in Stardust,22.0,39.0
Barefoot,,84.0
The Bag Man,11.0,22.0
Non-Stop,67.0,75.0
Son of God,19.0,73.0
300: Rise of an Empire,45.0,51.0
Mr. Peabody & Sherman,81.0,73.0
The Grand Budapest Hotel,92.0,87.0
Better Living Through Chemistry,23.0,38.0
Need for Speed,23.0,56.0
Tyler Perry's The Single Moms Club,18.0,58.0
Tyler Perry's The Single Moms Club,18.0,58.0
Veronica Mars,80.0,78.0
Cheap Thrills,88.0,69.0
Divergent,41.0,69.0
God's Not Dead,12.0,75.0
Muppets Most Wanted,80.0,59.0
50 to 1,29.0,71.0
Noah,75.0,41.0
Sabotage!,,
15 to Life: Kenneth's Story,,
Ladies of the House,,44.0
Alien Abduction,,
Captain America: The Winter Soldier,90.0,92.0
Jinn,18.0,31.0
Draft Day,60.0,65.0
Oculus,75.0,53.0
Rio 2,49.0,58.0
Asian School Girls,,8.0
Heaven Is for Real,51.0,66.0
Authors Anonymous,8.0,16.0
A Haunted House 2,8.0,43.0
Kid Cannabis,71.0,64.0
13 Sins,66.0,45.0
Brick Mansions,24.0,47.0
The Other Woman,,
The Other Woman,,
Walking With the Enemy,44.0,59.0
Bad Johnson,28.0,22.0
Decoding Annie Parker,56.0,42.0
Walk of Shame,15.0,38.0
Devil's Knot,26.0,39.0
God's Pocket,36.0,34.0
Moms' Night Out,21.0,66.0
Neighbors,,
Stage Fright,,
Godzilla,20.0,28.0
Million Dollar Arm,65.0,68.0
The Angriest Man in Brooklyn,9.0,30.0
Blended,15.0,64.0
The Normal Heart,94.0,88.0
Maleficent,54.0,70.0
A Million Ways to Die in the West,33.0,41.0
Chef!,,
Edge of Tomorrow,91.0,90.0
The Fault in Our Stars,81.0,85.0
Ping Pong Summer,59.0,31.0
22 Jump Street,84.0,77.0
Cubbyhouse,,15.0
How to Train Your Dragon 2,92.0,90.0
Lullaby,,
Murder 101,,54.0
Obvious Child,90.0,72.0
The Signal,,
The Signal,59.0,58.0
Jersey Boys,51.0,62.0
Think Like a Man Too,23.0,59.0
Rebound,14.0,38.0
They Came Together,70.0,40.0
Transformers: Age of Extinction,18.0,50.0
Deliver Us From Evil,100.0,89.0
Earth to Echo,50.0,47.0
School Dance,,73.0
Tammy,24.0,36.0
Boyhood,97.0,80.0
Dawn of the Planet of the Apes,91.0,88.0
Rage,,
Road to Paloma,57.0,55.0
Snowpiercer,94.0,72.0
I Origins,52.0,69.0
Persecuted,0.0,58.0
Planes: Fire & Rescue,44.0,56.0
The Purge: Anarchy,58.0,56.0
Sex Tape,16.0,33.0
Tiger Orange,100.0,45.0
Wish I Was Here,45.0,59.0
And So It Goes,18.0,40.0
Happy Christmas,77.0,37.0
Hercules,82.0,76.0
Lucy,,14.0
Magic in the Moonlight,51.0,45.0
A Most Wanted Man,86.0,65.0
My Man Is a Loser,,24.0
Get On Up,81.0,68.0
Guardians of the Galaxy,92.0,92.0
Mercenaries,0.0,13.0
4 Minute Mile,23.0,44.0
Into the Storm,,63.0
Step Up: All In,42.0,57.0
TMNT,36.0,60.0
Let's Be Cops,18.0,51.0
The Expendables 3,32.0,48.0
The Giver,35.0,55.0
Life After Beth,45.0,31.0
The One I Love,83.0,76.0
If I Stay,36.0,61.0
Leprechaun: Origins,0.0,11.0
Love Is Strange,,
The Prince,,
Prince,70.0,56.0
Frank Miller's Sin City: A Dame to Kill For,43.0,44.0
When the Game Stands Tall,20.0,72.0
"The Sky Above, the Mud Below",,100.0
Cake,,
Atlas Shrugged: Part 1,12.0,69.0
Dolphin Tale 2,66.0,72.0
Honeymoon,,8.0
The House on Turk Street,25.0,25.0
The Guest,,
Guest,,
A Walk Among the Tombstones,68.0,53.0
The Maze Runner,65.0,68.0
The Scribbler,46.0,38.0
The Skeleton Twins,86.0,69.0
The Skeleton Twins,86.0,69.0
This Is Where I Leave You,44.0,60.0
The Boxtrolls,78.0,63.0
The Equalizer,61.0,77.0
The Song,31.0,82.0
The Two Faces of January,80.0,48.0
The Two Faces of January,80.0,48.0
Annabelle,28.0,35.0
Gone Girl,88.0,87.0
The Good Lie,84.0,82.0
Left Behind: The Movie,16.0,56.0
"Men, Women & Children",33.0,44.0
Last Shift,100.0,51.0
Addicted,,
"Alexander and the Terrible, Horrible, No Good, Very Bad Day",63.0,58.0
Dracula Untold,25.0,58.0
The Judge,,
Judge,,
Whiplash,,92.0
You're Not You,48.0,70.0
The Book of Life,83.0,77.0
The Book of Life,89.0,71.0
Dear White People,91.0,61.0
Fury,,
Listen Up Philip,82.0,54.0
Nightcrawler,95.0,86.0
Pernicious,80.0,71.0
The Young Ones,,54.0
John Wick,86.0,81.0
Laggies,65.0,50.0
Revenge of the Green Dragons,15.0,30.0
Ouija,,42.0
Interstellar,73.0,86.0
A Merry Friggin' Christmas,14.0,21.0
The Better Angels,45.0,43.0
Better Angels,,
Big Hero 6,90.0,91.0
Jessabelle,29.0,30.0
Peripheral,90.0,76.0
Beside Still Waters,62.0,73.0
Beyond the Lights,84.0,75.0
Dumb and Dumber To,30.0,35.0
Foxcatcher,88.0,66.0
The Homesman,81.0,53.0
Saving Christmas,0.0,30.0
"The Hunger Games: Mockingjay, Part 1",69.0,71.0
"The Hunger Games: Mockingjay, Part 1",69.0,71.0
Horrible Bosses 2,35.0,47.0
Penguins of Madagascar,74.0,63.0
Comet,44.0,53.0
Wild,50.0,71.0
Exodus: Gods and Kings,31.0,35.0
Inherent Vice,74.0,53.0
The Color of Time,5.0,18.0
Top Five,85.0,64.0
The Hobbit: The Battle of the Five Armies,59.0,74.0
Goodbye to All That,64.0,31.0
Annie,49.0,69.0
Night at the Museum: Secret of the Tomb,48.0,57.0
American Sniper,72.0,84.0
Big Eyes,72.0,68.0
The Gambler,,
Gambler,,
The Interview,,
Interview,,65.0
Selma,99.0,86.0
Unbroken,52.0,70.0
Jurassic World,71.0,78.0
Avengers: Age of Ultron,76.0,82.0
Inside Out,,37.0
Furious 7,81.0,82.0
Minions,56.0,49.0
"The Hunger Games: Mockingjay, Part 2",69.0,66.0
"The Hunger Games: Mockingjay, Part 2",69.0,66.0
The Martian,91.0,91.0
Martian,,
Cinderella,98.0,80.0
House of the Damned,,44.0
The Woman in Black 2: Angel of Death,24.0,24.0
Taken 3,13.0,43.0
Let's Kill Ward's Wife,17.0,30.0
The Match,,52.0
Blackhat,33.0,24.0
Little Accidents,,
Spare Parts,,38.0
The Wedding Ringer,29.0,63.0
Vice,,
Veronika Decides to Die,,50.0
The Boy Next Door,,22.0
The Humbling,53.0,28.0
Mortdecai,12.0,31.0
Song One,33.0,29.0
Strange Magic,18.0,53.0
Black or White,39.0,65.0
The Loft,14.0,37.0
Loft,,
Project Almanac,38.0,45.0
Wild Card,,
Enter the Dangerous Mind,23.0,30.0
Jupiter Ascending,28.0,38.0
Seventh Son,12.0,34.0
The SpongeBob Movie: Sponge Out of Water,81.0,54.0
The SpongeBob Movie: Sponge Out of Water,81.0,54.0
The Voices,74.0,58.0
Voices,,29.0
Accidental Love,9.0,15.0
Da Sweet Blood of Jesus,48.0,20.0
Fifty Shades of Grey,25.0,41.0
Kingsman: The Secret Service,75.0,84.0
The Last Five Years,60.0,57.0
The DUFF,73.0,66.0
Hot Tub Time Machine 2,14.0,26.0
"McFarland, USA",80.0,88.0
Everly,29.0,29.0
Focus,56.0,62.0
The Lazarus Effect,15.0,23.0
Maps to the Stars,62.0,44.0
Bad Asses,,29.0
Chappie,32.0,56.0
Road Hard,50.0,76.0
The Second Best Exotic Marigold Hotel,66.0,59.0
Unfinished Business,,
Faults,92.0,68.0
Cinderella,98.0,80.0
The Cobbler,,
Cymbeline,,
Home Sweet Hell,5.0,27.0
It Follows,95.0,66.0
Muck,0.0,35.0
Run All Night,59.0,56.0
Danny Collins,78.0,73.0
The Divergent Series: Insurgent,28.0,58.0
Do You Believe?,25.0,83.0
A Promise Kept,,43.0
Tracers,24.0,41.0
The Walking Deceased,0.0,27.0
Get Hard,28.0,45.0
Home.,,
Serena,,
While We're Young,84.0,51.0
Furious 7,81.0,82.0
Woman in Gold,57.0,79.0
Ex Machina,92.0,86.0
The Longest Ride,31.0,71.0
1915,40.0,81.0
Alex of Venice,74.0,43.0
Beyond the Reach,37.0,20.0
Child 44,29.0,42.0
Monkey Kingdom,93.0,76.0
Paul Blart: Mall Cop 2,6.0,34.0
The Road Within,45.0,69.0
True Story,,
Unfriended,62.0,37.0
Adult Beginners,48.0,31.0
Blackbird,,
Brotherly Love,,
Just Before I Go,9.0,63.0
The Age of Adaline,55.0,67.0
The Age of Adaline,55.0,67.0
The Water Diviner,63.0,60.0
Avengers: Age of Ultron,76.0,82.0
The D Train,,
The D Train,54.0,25.0
Hot Pursuit,,
The Maggie,83.0,65.0
Mad Max: Fury Road,97.0,86.0
Pitch Perfect 2,65.0,64.0
I'll See You in My Dreams,93.0,68.0
Bessie,91.0,68.0
Poltergeist,88.0,79.0
Aloha,,
San Andreas,49.0,52.0
Barely Lethal,26.0,38.0
Heaven Knows What,87.0,66.0
Nightingale,,
Entourage,32.0,57.0
The Spy,,
Insidious: Chapter 3,56.0,51.0
Love & Mercy,89.0,85.0
Jurassic World,71.0,78.0
Me and Earl and the Dying Girl,82.0,86.0
Dope,,
Inside Out,,37.0
Max,69.0,64.0
Ted 2,44.0,50.0
Terminator Genisys,26.0,52.0
Magic Mike XXL,65.0,55.0
Minions,56.0,49.0
The Gallows,15.0,22.0
Selfless,,
Tangerine,,
Boulevard,,20.0
Strangerland,40.0,23.0
7 Days in Hell,87.0,70.0
Ant-Man,83.0,85.0
Trainwreck,84.0,66.0
Irrational Man,47.0,46.0
Mr. Holmes,88.0,70.0
Pixels,18.0,46.0
Southpaw: The Francis Barrett Story,69.0,82.0
Paper Towns,58.0,47.0
The Vatican Tapes,20.0,58.0
Vacation,,
Mission: Impossible Rogue Nation,94.0,87.0
Fantastic Four,28.0,45.0
The Gift,,
Gift,100.0,89.0
Ricki and the Flash,65.0,43.0
Straight Outta Compton,89.0,91.0
The Man From U.N.C.L.E.,68.0,73.0
American Ultra,44.0,45.0
Hitman: Agent 47,8.0,40.0
She's Funny That Way,45.0,35.0
No Escape,59.0,41.0
The War Room,96.0,83.0
Before We Go,28.0,57.0
The Visit,,
The Visit,72.0,45.0
The Perfect Guy,18.0,51.0
Sleeping With Other People,64.0,56.0
Black Mass,,
Captive Flock,,
Maze Runner: The Scorch Trials,48.0,54.0
Sicario,,93.0
War Pigs,,20.0
Hotel Transylvania 2,57.0,64.0
99 Homes,92.0,78.0
The Intern,59.0,73.0
Intern,38.0,28.0
Stonewall,67.0,68.0
Mississippi Grind,91.0,55.0
The Walk,,
The Martian,91.0,91.0
Martian,,
Freeheld,,84.0
Steve Jobs: The Lost Interview,100.0,84.0
Knock Knock,,25.0
Beasts of No Nation,91.0,92.0
Bridge of Spies,91.0,87.0
Crimson Peak,73.0,56.0
Woodlawn,73.0,80.0
#Truth,,
Experimenter,85.0,61.0
Rock the Kasbah,7.0,29.0
Paranormal Activity: The Ghost Dimension,15.0,27.0
The Last Witch Hunter,18.0,44.0
Bone Tomahawk,91.0,74.0
I Smile Back,49.0,62.0
Scouts Guide to the Zombie Apocalypse,44.0,50.0
Our Brand Is Crisis,93.0,75.0
Freaks of Nature,0.0,45.0
Burnt,28.0,45.0
The Leisure Class,0.0,16.0
House of the Damned,,44.0
Spotlight,,
The Peanuts Movie,87.0,76.0
The 33,48.0,59.0
My All American,31.0,78.0
Love the Coopers,18.0,36.0
Carol,94.0,75.0
Legend,41.0,73.0
"The Hunger Games: Mockingjay, Part 2",69.0,66.0
"The Hunger Games: Mockingjay, Part 2",69.0,66.0
The Night Before,,
The Night Before,,54.0
Creed,95.0,89.0
The Good Dinosaur,75.0,64.0
Krampus,66.0,52.0
In the Heart of the Sea,43.0,54.0
The Big Short,89.0,88.0
Alvin and the Chipmunks: The Road Chip,15.0,51.0
Sisters,,
Extraction,,28.0
Concussion,78.0,57.0
Daddy's Home,,20.0
Joy,,
Point Break,69.0,79.0
The Hateful Eight,75.0,77.0
An American Ghost Story,,18.0
Anomalisa,91.0,71.0
Rogue One: A Star Wars Story,84.0,87.0
Finding Dory,94.0,84.0
Captain America: Civil War,90.0,89.0
The Secret Life of Pets,70.0,62.0
The Jungle Book,,75.0
Jungle Book,,
Deadpool,85.0,90.0
Zootopia,98.0,92.0
Batman v Superman: Dawn of Justice,29.0,63.0
Suicide Squad,,50.0
Sing,43.0,88.0
Forest,,
Forest,,
Anesthesia,27.0,50.0
The Lamb,,
Ride Along 2,14.0,48.0
13 Hours: The Secret Soldiers of Benghazi,52.0,83.0
Norm of the North,6.0,22.0
The Benefactor,26.0,23.0
Dirty Grandpa,10.0,44.0
The Boy,31.0,38.0
Boy,88.0,86.0
Synchronicity,,
Kung Fu Panda 3,86.0,79.0
The Finest Hours,64.0,66.0
The Finest Hours,,
Fifty Shades of Black,4.0,19.0
Jane Got a Gun,41.0,38.0
Pride and Prejudice and Zombies,47.0,45.0
The Choice,11.0,61.0
Choice,,
Deadpool,85.0,90.0
Zoolander No. 2,22.0,20.0
How to Be Single,46.0,47.0
The Risen,,
The Witch,,
Witch,,
"Crouching Tiger, Hidden Dragon: Sword of Destiny",20.0,39.0
Gods of Egypt,14.0,37.0
Triple 9,55.0,41.0
Eddie the Eagle,82.0,82.0
Zootopia,98.0,92.0
London Has Fallen,28.0,50.0
Whiskey Tango Foxtrot,68.0,54.0
The Other Side of the Door,36.0,29.0
Open Season: Scared Silly,,36.0
10 Cloverfield Lane,90.0,79.0
The Brothers Grimsby,36.0,41.0
The Brothers Grimsby,36.0,41.0
The Young Messiah,49.0,65.0
The Perfect Match,,
Perfect Match,,
"Hello, My Name Is Doris",85.0,76.0
Miracles From Heaven,45.0,80.0
The Divergent Series: Allegiant,11.0,41.0
The Bronze,36.0,44.0
Batman v Superman: Dawn of Justice,29.0,63.0
My Big Fat Greek Wedding 2,28.0,52.0
I Saw the Light,19.0,37.0
Everybody Wants Some!!,87.0,68.0
God's Not Dead 2,10.0,62.0
Meet the Blacks,17.0,72.0
The Miles Ahead,,
Pandemic,,32.0
The Boss,,
Boss,,
Hardcore Henry,51.0,55.0
Demolition,,
The Invitation,90.0,69.0
Invitation,,57.0
Hush,,
The Jungle Book,,75.0
Jungle Book,,
Barbershop: The Next Cut,90.0,66.0
Criminal,,
The Green Room,40.0,54.0
Confirmation,84.0,73.0
The Huntsman: Winter's War,20.0,45.0
A Hologram for the King,70.0,54.0
Elvis & Nixon,76.0,57.0
Keanu,78.0,55.0
Mother's Day,46.0,38.0
Ratchet & Clank,22.0,42.0
Captain America: Civil War,90.0,89.0
Money Monster,59.0,51.0
Sundown,,9.0
The Darkness,3.0,19.0
Darkness,5.0,31.0
The Angry Birds Movie,44.0,47.0
Neighbors 2: Sorority Rising,64.0,44.0
The Nice Guys,91.0,79.0
Nice Guys,,25.0
All the Way,,
Alice Through the Looking Glass,,49.0
Teenage Mutant Ninja Turtles: Out of the Shadows,38.0,47.0
Me Before You,54.0,73.0
Popstar: Never Stop Never Stopping,79.0,65.0
2 Jennifer,,
The Conjuring 2,80.0,81.0
Warcraft,29.0,76.0
Now You See Me 2,33.0,53.0
Finding Dory,94.0,84.0
Central Intelligence,71.0,62.0
Independence Day: Resurgence,29.0,30.0
The Shallows,79.0,59.0
Free State of Jones,48.0,64.0
The Neon Demon,59.0,51.0
Swiss Army Man,72.0,72.0
Adventures in Babysitting,72.0,70.0
The Legend of Tarzan,35.0,58.0
The BFG,,65.0
The Purge: Election Year,55.0,48.0
The Marauders,,
The Secret Life of Pets,70.0,62.0
Captain Fantastic,83.0,85.0
Mike and Dave Need Wedding Dates,39.0,51.0
CHARACTERz,,
The Infiltrator,71.0,71.0
The Infiltrator,,58.0
Café Society,71.0,56.0
Ghostbusters,95.0,88.0
Star Trek Beyond,86.0,80.0
Batman: The Killing Joke,35.0,50.0
Ice Age: Collision Course,18.0,39.0
Lights Out,,
Nerve,,
Jason Bourne,54.0,55.0
Bad Moms,59.0,63.0
Suicide Squad,,50.0
Pete's Dragon,56.0,60.0
Sausage Party,82.0,50.0
Hell or High Water,97.0,88.0
Ben-Hur,85.0,89.0
Kubo and the Two Strings,97.0,86.0
War Dogs,,
Mechanic: Resurrection,31.0,40.0
Don't Breathe,,83.0
Hands of Stone,45.0,52.0
The 9th Life of Louis Drax,38.0,39.0
The Light Between Oceans,62.0,61.0
Morgan!,65.0,76.0
Sully,85.0,84.0
When the Bough Breaks,,
The Disappointments Room,0.0,17.0
Bridget Jones's Baby,78.0,65.0
Snowden,61.0,70.0
Blair Witch,38.0,31.0
Hillsong: Let Hope Rise,60.0,78.0
The Last Descent,,72.0
The Magnificent Seven,64.0,71.0
Magnificent Seven,,82.0
Storks,65.0,62.0
Miss Peregrine's Home for Peculiar Children,64.0,60.0
Deepwater Horizon,82.0,82.0
Queen of Katwe,94.0,86.0
Masterminds,19.0,49.0
The Girl on the Train,76.0,42.0
The Girl on the Train,76.0,42.0
The Birth of a Nation,91.0,47.0
Middle School: The Worst Years of My Life,64.0,59.0
The Alchemist Cookbook,84.0,34.0
The Accountant,,69.0
Kevin Hart: What Now?,76.0,58.0
Max Steel,0.0,48.0
Jack Reacher: Never Go Back,38.0,42.0
Keeping Up With the Joneses,19.0,37.0
Ouija: Origin of Evil,83.0,57.0
Tyler Perry's Boo! A Madea Halloween,19.0,53.0
I'm Not Ashamed,20.0,82.0
American Pastoral,24.0,31.0
Inferno,,
Trolls,76.0,67.0
Hacksaw Ridge,84.0,91.0
Loving,,
The Love Witch,95.0,61.0
The Arrival,,
Billy Lynn's Long Halftime Walk,44.0,41.0
All Is Bright,48.0,23.0
Fantastic Beasts and Where to Find Them,74.0,79.0
The Edge of Seventeen,94.0,83.0
Edge of Seventeen,80.0,73.0
Bleed for This,71.0,70.0
Manchester by the Sea,96.0,78.0
Moana,87.0,65.0
Allied,60.0,64.0
Bad Santa 2,23.0,34.0
Rules Don't Apply,55.0,34.0
Incarnate,,
La La Land,91.0,81.0
Office Christmas Party,40.0,41.0
Collateral Beauty,13.0,64.0
Fences,,
Rogue One: A Star Wars Story,84.0,87.0
The Founder,81.0,82.0
Assassin's Creed,18.0,42.0
Passengers,,
Sing,43.0,88.0
A Monster Calls,86.0,81.0
Silence,,
Why Him?,39.0,51.0
Hidden Figures,93.0,93.0
Live by Night,35.0,42.0
Paterson,96.0,72.0
Star Wars: The Last Jedi,91.0,41.0
Beauty and the Beast,,
Wonder Woman,85.0,78.0
Jumanji: Welcome to the Jungle,76.0,87.0
Guardians of the Galaxy Vol. 2,85.0,87.0
It,,
Thor: Ragnarok,93.0,87.0
Despicable Me 3,58.0,53.0
Arsenal,83.0,73.0
Between Us,,
The Bye Bye Man,18.0,22.0
The Bye Bye Man,18.0,22.0
Sleepless,55.0,51.0
The Book of Love,8.0,63.0
Book of Love,,39.0
Split,,50.0
xXx: Return of Xander Cage,45.0,37.0
The Resurrection of Gavin Stone,54.0,84.0
Sophie and the Rising Sun,69.0,62.0
A Dog's Purpose,34.0,74.0
Resident Evil: The Final Chapter,38.0,47.0
Lost in Florence,14.0,33.0
I Am Michael,62.0,37.0
iBoy,69.0,40.0
Rings,,60.0
The Space Between Us,16.0,55.0
Youth in Oregon,45.0,47.0
I am not your negro,99.0,83.0
Growing Up Smith,73.0,81.0
The LEGO Batman Movie,90.0,80.0
John Wick: Chapter 2,89.0,85.0
Fifty Shades Darker,11.0,48.0
Bornless Ones,,14.0
The Great Wall,,
A Great Wall,56.0,53.0
A Cure for Wellness,42.0,42.0
American Fable,76.0,41.0
XX,69.0,20.0
Get Out,98.0,86.0
Rock Dog,46.0,48.0
Collide,,
I Don't Feel at Home in This World Anymore,89.0,77.0
Contemporary Color,71.0,73.0
The Shack,21.0,76.0
Before I Fall,64.0,57.0
Table 19,26.0,41.0
The Last Word,,
The Last Word,40.0,48.0
Donald Cried,89.0,70.0
Kong: Skull Island,75.0,70.0
Beauty and the Beast,,
The Belko Experiment,54.0,40.0
Song to Song,43.0,37.0
Atomica,23.0,20.0
All Nighter,14.0,39.0
The Devil's Candy,93.0,65.0
Life,52.0,77.0
CHIPS,19.0,45.0
Wilson,89.0,41.0
Car Dogs,,54.0
The Marine 5: Battleground,,49.0
Ghost in the Shell,95.0,89.0
The Boss Baby,53.0,51.0
The Boss Baby,53.0,51.0
The Zookeeper's Wife,64.0,76.0
The Blackcoat's Daughter,76.0,51.0
Carrie Pilby,63.0,76.0
The Case for Christ,61.0,78.0
The Case for Christ,,80.0
Smurfs: The Lost Village,40.0,55.0
Going in Style,82.0,75.0
Colossal,82.0,58.0
The Gifted,,
Aftermath,82.0,80.0
The Fate of the Furious,67.0,72.0
Spark: A Space Tail,13.0,34.0
The Lost City of Z,86.0,58.0
My Entire High School Sinking Into the Sea,84.0,55.0
Outcasts,,
Born in China,83.0,73.0
Unforgettable,24.0,49.0
Al Waad,,
Promise,,14.0
The Immortal Life of Henrietta Lacks,69.0,54.0
After the Reality,,50.0
The Circle,,
Circle,,
How to Be a Latin Lover,39.0,61.0
Sleight,80.0,52.0
Becoming Bond,78.0,84.0
Guardians of the Galaxy Vol. 2,85.0,87.0
The Lovers,91.0,80.0
Lovers,,50.0
3 Generations,30.0,44.0
King Arthur: Legend of the Sword,31.0,69.0
Snatched,,
Wall,71.0,
Paris Can Wait,47.0,39.0
Alien: Covenant,65.0,55.0
Diary of a Wimpy Kid: The Long Haul,19.0,30.0
"Everything, Everything",44.0,61.0
Wakefield,75.0,53.0
The Wizard of Lies,73.0,64.0
Baywatch Hawaiian Wedding,,45.0
Pirates of the Caribbean: Dead Men Tell No Tales,30.0,60.0
Buena Vista Social Club: Adiós,70.0,75.0
Wonder Woman,85.0,78.0
Captain Underpants: The First Epic Movie,87.0,62.0
Dean,65.0,66.0
The Mummy,62.0,75.0
It Comes at Night,88.0,44.0
My Cousin Rachel,60.0,74.0
Megan Leavey,86.0,82.0
Beatriz at Dinner,76.0,53.0
Cars 3,69.0,68.0
Rough Night,45.0,29.0
47 Meters Down,53.0,35.0
The Book of Henry,22.0,63.0
Once Upon a Time in Venice,21.0,28.0
Transformers: The Last Knight,16.0,43.0
The Beguiled,78.0,48.0
The Beguiled,90.0,72.0
The Big Sick,98.0,88.0
The Bad Batch,45.0,30.0
Bad Batch,,
Baby Driver,92.0,86.0
Okja,86.0,81.0
Despicable Me 3,58.0,53.0
The House,,
House!,20.0,
The Little Hours,78.0,50.0
Inconceivable,,22.0
2:22,,
A Ghost Story,91.0,67.0
Tour De Pharmacy,90.0,74.0
War for the Planet of the Apes,94.0,84.0
Wish Upon,20.0,31.0
Dunkirk,60.0,73.0
Girls Trip,91.0,78.0
The Emoji Movie,6.0,36.0
An Inconvenient Sequel: Truth to Power,80.0,50.0
Brigsby Bear,83.0,87.0
Menashe,95.0,65.0
The Dark Tower,,43.0
Dark Tower,,6.0
Kidnap,,
Step,,
Wind River,,57.0
Armed Response,,33.0
Annabelle: Creation,70.0,68.0
The Glass Castle,,
Glass Castle,,
The Nut Job 2: Nutty by Nature,15.0,44.0
Good Time,91.0,82.0
Ingrid Goes West,85.0,71.0
The Only Living Boy in New York,33.0,59.0
The Hitman's Bodyguard,44.0,67.0
Logan Lucky,92.0,76.0
Patti Cake$,86.0,78.0
Victor Crowley,67.0,60.0
All Saints,95.0,73.0
Served Like a Girl,100.0,81.0
Beach Rats,84.0,57.0
Birth of the Dragon,25.0,67.0
Film Stars Don't Die in Liverpool,81.0,67.0
Tulip Fever,10.0,43.0
Unlocked,,
Valley of Bones,,71.0
It,,
Home Again,,57.0
9/11,,88.0
The Good Catholic,43.0,81.0
Fallen,,98.0
American Assassin,,
Okaasan,,95.0
Brad's Status,79.0,55.0
Kingsman: The Golden Circle,50.0,64.0
The LEGO NINJAGO Movie,56.0,46.0
Stronger,,
Battle of the Sexes,84.0,71.0
(Romance) in the Digital Age,,
Jeepers Creepers 3,17.0,29.0
American Made,,
Flatliners,50.0,59.0
Mark Felt: The Man Who Brought Down the White House,36.0,41.0
Blade Runner 2049,88.0,88.0
The Mountain Between Us,39.0,49.0
My Little Pony,,72.0
The Florida Project,96.0,81.0
Brawl in Cell Block 99,90.0,74.0
Happy Death Day,70.0,67.0
Marshall,80.0,84.0
Breathe,,
Carving a Life,,89.0
Professor Marston & the Wonder Women,87.0,77.0
Blood Money,,
Geostorm,18.0,35.0
Only the Brave,,
The Snowman,,
The Snowman,80.0,91.0
Tyler Perry's Boo 2! A Madea Halloween,5.0,41.0
Same Kind of Different as Me,40.0,84.0
Playing With Dolls,,50.0
Wonderstruck,69.0,55.0
Playground,,
Thank You for Your Service,,67.0
Suburbicon,28.0,26.0
Jigsaw,,
Novitiate,86.0,68.0
All I See Is You,30.0,31.0
Amityville: The Awakening,29.0,32.0
Thor: Ragnarok,93.0,87.0
A Bad Moms Christmas,32.0,43.0
Last Flag Flying,76.0,72.0
Lady Bird,99.0,79.0
Murder on the Orient Express,90.0,78.0
Daddy's Home 2,21.0,51.0
LBJ,56.0,54.0
"Three Billboards Outside Ebbing, Missouri",90.0,87.0
Mayhem,,
The Star,25.0,59.0
Star,,
Wonder,86.0,88.0
Cook Off!,25.0,60.0
Mr. Roosevelt,100.0,58.0
"Roman J. Israel, Esq.",55.0,57.0
Coco,,15.0
Call Me by Your Name,94.0,86.0
The Disaster Artist,91.0,85.0
Wonder Wheel,31.0,43.0
"I, Tonya",90.0,88.0
Just Getting Started,4.0,12.0
Star Wars: The Last Jedi,91.0,41.0
Ferdinand,71.0,52.0
Beyond Skyline,67.0,38.0
Jumanji: Welcome to the Jungle,76.0,87.0
The Greatest Showman,57.0,86.0
Pitch Perfect 3,28.0,43.0
Downsizing,47.0,25.0
Father Figures,,
The Post,88.0,74.0
Bright,26.0,83.0
Crooked House,58.0,54.0
Hostiles,70.0,76.0
All the Money in the World,79.0,66.0
Molly's Game,81.0,84.0
Phantom Thread,91.0,70.0
Black Panther,,50.0
Avengers: Infinity War,85.0,92.0
Incredibles 2,93.0,84.0
Jurassic World: Fallen Kingdom,46.0,48.0
Aquaman,65.0,72.0
Deadpool 2,84.0,85.0
Dr. Seuss' The Grinch,59.0,52.0
How the Grinch Stole Christmas,49.0,58.0
Mission: Impossible - Fallout,97.0,88.0
Bohemian Rhapsody,60.0,85.0
Insidious: The Last Key,33.0,49.0
The Commuter,55.0,40.0
Proud Mary,25.0,45.0
Freak Show,52.0,71.0
Humor Me,71.0,53.0
12 Strong,50.0,62.0
Den of Thieves,41.0,62.0
Forever My Girl,24.0,79.0
Thane of East County,,45.0
Maze Runner: The Death Cure,42.0,58.0
Please Stand By,,
Winchester,13.0,32.0
A Fantastic Woman,94.0,76.0
The Cloverfield Paradox,22.0,41.0
Bad Apples,,
Peter Rabbit,64.0,56.0
Pad Man,74.0,89.0
Fifty Shades Freed,11.0,38.0
The 15:17 to Paris,23.0,37.0
Permission,67.0,33.0
Golden Exits,67.0,36.0
Black Panther,,50.0
Nostalgia,,
Samson,,40.0
Game Night,85.0,78.0
Annihilation,88.0,67.0
Every Day,,
The Cured,71.0,45.0
Cured,89.0,
Red Sparrow,45.0,51.0
Death Wish,66.0,69.0
The Vanishing of Sidney Hall,11.0,77.0
Pickings,80.0,57.0
A Wrinkle in Time,,40.0
Thoroughbreds,,
The Strangers: Prey at Night,40.0,36.0
The Strangers: Prey at Night,40.0,36.0
The Hurricane Heist,47.0,23.0
"Love, Simon",92.0,87.0
7 Days in Entebbe,24.0,37.0
Furlough,20.0,31.0
Josie,13.0,32.0
Flower,,
Pacific Rim Uprising,42.0,37.0
Isle of Dogs,,11.0
Sherlock Gnomes,27.0,36.0
Unsane,80.0,59.0
"Paul, Apostle of Christ",48.0,83.0
Final Portrait,73.0,48.0
Ready Player One,72.0,77.0
Acrimony,18.0,60.0
God's Not Dead: A Light in Darkness,11.0,52.0
Gemini,100.0,71.0
The Last Movie Star,61.0,73.0
A Quiet Place,96.0,83.0
Blockers,84.0,51.0
You Were Never Really Here,89.0,64.0
Chappaquiddick,80.0,68.0
The Miracle Season,52.0,82.0
Paterno,71.0,49.0
Beirut,82.0,57.0
Rampage,,
Truth or Dare?: A Critical Madness,,58.0
The Rider,97.0,82.0
Rider,,
Sgt. Stubby: An American Hero,89.0,92.0
Sign Gene,,
I Feel Pretty,35.0,35.0
Super Troopers 2,35.0,64.0
Traffik,,80.0
The House of Tomorrow,,
Avengers: Infinity War,85.0,92.0
Disobedience: The Sousa Mendes Story,,
Backstabbing for Beginners,39.0,52.0
Kings,,65.0
Overboard,46.0,74.0
The Truth About Tully,81.0,76.0
Bad Samaritan,54.0,65.0
The Cleanse,79.0,36.0
Life of the Party,,39.0
Breaking In,80.0,43.0
The Seagull,,33.0
Seagull,,
Terminal,,
Deadpool 2,84.0,85.0
Book Club,55.0,51.0
First Reformed,94.0,69.0
Show Dogs,16.0,27.0
Fahrenheit 451,31.0,22.0
Solo: A Star Wars Story,69.0,63.0
How to Talk to Girls at Parties,48.0,39.0
Future World,0.0,12.0
The Tale,99.0,81.0
Tale,,
Action Point,16.0,27.0
Adrift,70.0,65.0
American Animals,88.0,82.0
Social Animals,58.0,43.0
Ocean's 8,68.0,47.0
Won't You Be My Neighbor?,97.0,94.0
Hereditary,90.0,71.0
Hotel Artemis,57.0,35.0
Superfly,93.0,70.0
Incredibles 2,93.0,84.0
Tag,,
Gotti,60.0,83.0
Jurassic World: Fallen Kingdom,46.0,48.0
Barriere (Boundaries),,
Damsel,67.0,53.0
The Domestics,100.0,49.0
Sicario: Day of the Soldado,62.0,65.0
Leave No Trace,100.0,79.0
Love All You Have Left,,86.0
Uncle Drew,61.0,48.0
Woman Walks Ahead,59.0,61.0
Who's Watching Oliver,80.0,65.0
The First Purge,56.0,27.0
Sorry to Bother You,93.0,70.0
Whitney,47.0,39.0
Hotel Transylvania 3: Summer Vacation,62.0,49.0
Skyscraper,,17.0
Eighth Grade,99.0,82.0
"Don't Worry, He Won't Get Far on Foot",77.0,76.0
Mamma Mia! Here We Go Again,79.0,66.0
The Equalizer 2,52.0,61.0
The Equalizer 2,52.0,61.0
Blindspotting,94.0,87.0
Unfriended: Dark Web,59.0,40.0
Mission: Impossible - Fallout,97.0,88.0
Teen Titans GO! to the Movies,91.0,71.0
Hot Summer Nights,45.0,59.0
Puzzle,,
Extinction,,
Christopher Robin,72.0,83.0
The Darkest Minds,15.0,71.0
The Spy Who Dumped Me,49.0,58.0
The Miseducation of Cameron Post,87.0,77.0
Never Goin' Back,76.0,64.0
Dog Days,49.0,69.0
The Meg,47.0,44.0
BlacKkKlansman,96.0,83.0
Slender Man,8.0,16.0
A Prayer Before Dawn,92.0,75.0
Elizabeth Harvest,52.0,60.0
Crazy Rich Asians,91.0,76.0
Alpha,,
Mile 22,23.0,44.0
The Wife,,
The Wife,,93.0
Billionaire Boys Club,7.0,34.0
"Juliet, Naked",82.0,74.0
Down a Dark Hall,48.0,20.0
To All the Boys I've Loved Before,96.0,85.0
The Happytime Murders,23.0,40.0
Papillon,72.0,90.0
A-X-L,25.0,58.0
Operation Finale,61.0,67.0
Destination Wedding,51.0,57.0
Reprisal!,,
The Nun,,20.0
The Nun,86.0,80.0
Peppermint,,67.0
The Predator,34.0,32.0
Predator,80.0,87.0
White Boy Rick,57.0,50.0
A Simple Favor,84.0,73.0
The Children Act,74.0,63.0
Lizzie,,7.0
Unbroken: Path to Redemption,38.0,73.0
Hell House LLC II: The Abaddon Hotel,,32.0
The House With a Clock in Its Walls,65.0,45.0
Life Itself,98.0,88.0
The Sisters Brothers,87.0,69.0
Assassination Nation,74.0,55.0
Little Italy,,
Colette,,
Fahrenheit 11/9,82.0,60.0
"Love, Gilda",89.0,81.0
Smallfoot,76.0,62.0
Night School,,27.0
The Old Man & the Gun,93.0,66.0
The Old Man & the Gun,93.0,66.0
Hell Fest,39.0,41.0
Venom,,
A Star Is Born,90.0,80.0
The Great Buster: A Celebration,94.0,86.0
First Man,87.0,68.0
Bad Times at the El Royale,75.0,75.0
Goosebumps 2: Haunted Halloween,48.0,37.0
Beautiful Boy,71.0,56.0
The Oath,75.0,61.0
Gosnell,60.0,96.0
After Everything,84.0,71.0
The Hate U Give,97.0,81.0
Can You Ever Forgive Me?,98.0,81.0
Mid90s,81.0,81.0
What They Had,87.0,83.0
Hunter Killer,38.0,67.0
Johnny English Strikes Again,36.0,50.0
Suspiria,65.0,72.0
Indivisible,,
Bullitt County,50.0,75.0
Bohemian Rhapsody,60.0,85.0
The Nutcracker and the Four Realms,32.0,35.0
Nobody's Fool,,
Boy Erased,80.0,74.0
The Other Side of the Wind,83.0,58.0
A Private War,87.0,63.0
Bodied,89.0,85.0
Dr. Seuss' The Grinch,59.0,52.0
How the Grinch Stole Christmas,49.0,58.0
The Girl in the Spider's Web,38.0,36.0
Overlord,89.0,73.0
The Ballad of Buster Scruggs,89.0,78.0
Lazer Team 2,,61.0
Fantastic Beasts: The Crimes of Grindelwald,36.0,54.0
Widows,,20.0
Green Book,77.0,91.0
Instant Family,82.0,83.0
Ralph Breaks the Internet,88.0,64.0
Creed II,83.0,80.0
Robin Hood,,
Roma,96.0,72.0
The Favourite,93.0,70.0
Mowgli: Legend of the Jungle,52.0,51.0
The Possession of Hannah Grace,21.0,28.0
The Cabin,,
Cabin,,
Mary Queen of Scots,62.0,41.0
Ben Is Back,81.0,69.0
Mortal Engines,26.0,48.0
The Mule,,50.0
If Beale Street Could Talk,95.0,68.0
Mary Poppins Returns,79.0,64.0
Aquaman,65.0,72.0
Bumblebee,90.0,75.0
Welcome to Marwen,34.0,48.0
Second Act,,
Holmes & Watson,10.0,25.0
Vice,,
On the Basis of Sex,72.0,76.0
Destroyer,74.0,50.0
Avengers: Endgame,94.0,90.0
The Lion King,92.0,93.0
The Lion King,92.0,93.0
Star Wars: The Rise of Skywalker,51.0,86.0
Frozen II,77.0,92.0
Toy Story 4,97.0,94.0
Captain Marvel,79.0,45.0
Aladdin,57.0,94.0
Joker,,33.0
Jumanji: The Next Level,72.0,87.0
Escape Room,,19.0
Rust Creek,84.0,60.0
American Hangman,44.0,54.0
A Dog's Way Home,59.0,71.0
The Upside,43.0,82.0
In Their Skin,45.0,17.0
After Darkness,,
Glass,,
Close,,
The Standoff at Sparrow Creek,78.0,66.0
The Final Wish,67.0,23.0
The Kid Who Would Be King,90.0,55.0
Serenity,82.0,91.0
I Am Mother,89.0,75.0
The Vast of Night,92.0,66.0
Miss Bala,88.0,63.0
Velvet Buzzsaw,61.0,36.0
O.G.,89.0,66.0
The LEGO Movie 2: The Second Part,84.0,68.0
Cold Pursuit,68.0,49.0
High Flying Bird,91.0,50.0
The Prodigy,,
Prodigy,,50.0
Isn't It Romantic?,13.0,
Happy Death Day 2U,71.0,60.0
Alita: Battle Angel,61.0,91.0
How to Train Your Dragon: The Hidden World,90.0,87.0
Fighting With My Family,93.0,86.0
Tyler Perry's A Madea Family Funeral,11.0,31.0
I Am Greta,79.0,36.0
Triple Frontier,70.0,58.0
Captain Marvel,79.0,45.0
Gloria Bell,90.0,47.0
Disney's The Kid,49.0,49.0
Kid,,
Wonder Park,34.0,43.0
Nancy Drew and the Hidden Staircase,,44.0
Captive State,42.0,39.0
The Aftermath,,
Aftermath,82.0,80.0
Five Feet Apart,53.0,79.0
The Highwaymen,59.0,76.0
Highwaymen,13.0,37.0
Red 11,67.0,67.0
Never Grow Old,90.0,62.0
Triple Threat,,
Us,,
Hotel Mumbai,76.0,88.0
Dirt,,
Dragged Across Concrete,76.0,67.0
Dumbo,95.0,70.0
The Beach Bum,58.0,42.0
Unplanned,42.0,94.0
Shazam!,90.0,82.0
Pet Sematary,56.0,60.0
High Life,,
Unicorn Store,66.0,43.0
The Haunting of Sharon Tate,18.0,28.0
Native Son,44.0,
The Silence,,
Silence,,
Hellboy,81.0,66.0
Missing Link,,55.0
After...,,11.0
Her Smell,84.0,44.0
Breakthrough,,
Penguins,92.0,80.0
The Curse of La Llorona,,
Under the Silver Lake,58.0,59.0
Family,,
Fast Color,82.0,58.0
Someone Great,83.0,65.0
I Spit on Your Grave: Deja Vu,,13.0
Avengers: Endgame,94.0,90.0
I Trapped the Devil,73.0,43.0
Body at Brighton Rock,64.0,17.0
Buffaloed,80.0,60.0
Long Shot,88.0,84.0
The Intruder,,
Les Passagers (The Intruder) (The Passengers),,
UglyDolls,29.0,54.0
"Extremely Wicked, Shockingly Evil and Vile",54.0,57.0
The Last Summer,,
Last Summer,78.0,73.0
The Hustle,,89.0
Hustle,,24.0
Tolkien,51.0,71.0
Poms,36.0,73.0
The Professor and the Madman,39.0,79.0
John Wick: Chapter 3 -- Parabellum,89.0,86.0
A Dog's Journey,52.0,91.0
The Sun Is Also a Star,52.0,60.0
The Professor,,
Professor,,
The Souvenir,90.0,36.0
Souvenir,,
The Tomorrow Man,,
The Tomorrow Man,,0.0
Aladdin,57.0,94.0
Brightburn,57.0,67.0
Booksmart,96.0,77.0
The Perfection,70.0,56.0
Always Be My Maybe,,65.0
Deadwood: The Movie,98.0,81.0
"Godzilla, King of the Monsters!",84.0,73.0
Rocketman,,
Ma,92.0,50.0
Dark Phoenix,22.0,64.0
The Secret Life of Pets 2,60.0,90.0
The Last Black Man in San Francisco,93.0,84.0
Changeland,50.0,63.0
Men in Black: International,23.0,66.0
Shaft,34.0,94.0
The Dead Don't Die,,40.0
The Dead Don't Die,,40.0
Murder Mystery,44.0,46.0
Plus One,,
Toy Story 4,97.0,94.0
Anna,,
Child's Play,74.0,65.0
Annabelle Comes Home,64.0,70.0
Yesterday,,
Ophelia,,
Killers Anonymous,0.0,17.0
Escape Plan: The Extractors,25.0,11.0
Midsommar,83.0,63.0
Stuber,42.0,79.0
Crawl,63.0,63.0
Point Blank,91.0,77.0
La despedida,,
Farewell,86.0,75.0
Darlin',68.0,45.0
The Lion King,92.0,93.0
The Lion King,92.0,93.0
Once Upon a Time... In Hollywood,86.0,70.0
Skin,77.0,82.0
The Red Sea Diving Resort,29.0,77.0
The Red Sea Diving Resort,29.0,77.0
Fast & Furious Presents: Hobbs & Shaw,67.0,88.0
A Score to Settle,15.0,18.0
Newcomer,,40.0
The Operative,,15.0
Dora and the Lost City of Gold,85.0,88.0
The Kitchen,24.0,69.0
Kitchen,,
The Art of Racing in the Rain,45.0,96.0
Scary Stories to Tell in the Dark,78.0,72.0
The Peanut Butter Falcon,95.0,96.0
After the Wedding,87.0,87.0
Light of My Life,82.0,72.0
The Angry Birds Movie 2,72.0,84.0
Good Boys,,
Blinded by the Light,89.0,91.0
"Where'd You Go, Bernadette",51.0,74.0
47 Meters Down: Uncaged,44.0,68.0
Gwen,72.0,74.0
Ready or Not,,
Angel Has Fallen,38.0,93.0
Brittany Runs a Marathon,88.0,87.0
Overcomer,56.0,98.0
Jacob's Ladder,72.0,84.0
Burn!,80.0,81.0
Official Secrets,82.0,89.0
Don't Let Go,,
The Last Horror Film,,40.0
The Last Horror Film,,40.0
"Debunkers, Inc.",,
It: Chapter Two,62.0,78.0
Satanic Panic,,20.0
Strange but True,52.0,83.0
The Obituary of Tunde Johnson,95.0,57.0
The Goldfinch,25.0,72.0
Distortions,,
Sound of Silence,,
Monos,93.0,85.0
Tall Girl,38.0,23.0
Ad Astra,83.0,40.0
Downton Abbey,84.0,94.0
Rambo: Last Blood,26.0,81.0
Bloodline,,
Fractured,57.0,53.0
Abominable,82.0,95.0
The Laundromat,41.0,40.0
Prey,,
10 Minutes Gone,0.0,16.0
Joker,,33.0
Lucy in the Sky,21.0,31.0
Dolemite Is My Name,97.0,91.0
Low Tide,,
Wrinkles the Clown,71.0,38.0
Little Monsters,44.0,62.0
Gemini Man,,
The Addams Family,45.0,69.0
The Addams Family,67.0,66.0
The King,77.0,53.0
King,,
Jexi,21.0,71.0
Polaroid,,
El Camino: A Breaking Bad Movie,91.0,81.0
Maleficent: Mistress of Evil,39.0,95.0
Zombieland: Double Tap,68.0,88.0
Jojo Rabbit,80.0,94.0
The Lighthouse,,
The Southern Lighthouse,,70.0
The Wounds,,87.0
Black & Blue,,
The Current War,33.0,86.0
Countdown,,
The Kill Team,91.0,73.0
The Gallows Act II,0.0,29.0
Terminator: Dark Fate,70.0,82.0
Motherless Brooklyn,64.0,80.0
The Irishman,95.0,86.0
The Irishman,,
Harriet,74.0,97.0
Arctic Dogs,12.0,60.0
Doctor Sleep,78.0,89.0
Last Christmas,,
Playing With Fire,,50.0
Snow Days,53.0,63.0
Midway,41.0,71.0
Klaus,95.0,96.0
Honey Boy,95.0,92.0
Lady and the Tramp,93.0,80.0
Noëlle,57.0,55.0
Ford v Ferrari,92.0,98.0
Charlie's Angels,68.0,45.0
The Good Liar,64.0,85.0
Gozaresh,,57.0
Report,,
Frozen II,77.0,92.0
A Beautiful Day in the Neighborhood,95.0,92.0
21 Bridges,54.0,91.0
Dark Waters,67.0,54.0
Knives Out,97.0,92.0
Queen & Slim,82.0,92.0
The Two Popes,89.0,88.0
Playmobil: The Movie,17.0,62.0
The Aeronauts,72.0,95.0
A Million Little Pieces,27.0,51.0
Daniel Isn't Real,84.0,57.0
Trauma Center,20.0,55.0
Jumanji: The Next Level,72.0,87.0
Richard Jewell,77.0,96.0
Black Christmas,14.0,38.0
6 Underground,36.0,60.0
Bombshell,,0.0
Uncut Gems,91.0,52.0
Seberg,35.0,51.0
A Hidden Life,,
Star Wars: The Rise of Skywalker,51.0,86.0
Cats,,
Togo,83.0,70.0
Spies in Disguise,77.0,92.0
Little Women,,
Just Mercy,85.0,99.0
Bad Boys for Life,75.0,96.0
Sonic the Hedgehog,,90.0
Birds of Prey,,
Dolittle,15.0,76.0
The Invisible Man,,
The Call of the Wild,,
Call of the Wild,,100.0
Onward,88.0,95.0
The Croods: A New Age,77.0,94.0
Tenet,69.0,76.0
Wonder Woman 1984,57.0,73.0
The Grudge,41.0,46.0
The Grudge,41.0,46.0
Underwater!,,14.0
Like a Boss,22.0,65.0
Three Christs,43.0,67.0
Inherit the Viper,45.0,41.0
The Sonata,48.0,65.0
Sonata,,100.0
The Murder of Nicole Brown Simpson,0.0,5.0
Angels Fallen,,40.0
Bad Boys for Life,75.0,96.0
Dolittle,15.0,76.0
A Fall From Grace,20.0,
The Gentlemen,75.0,84.0
Gentlemen,,43.0
The Turning,86.0,54.0
The Turning,,0.0
The Last Full Measure,61.0,96.0
The Rhythm Section,29.0,44.0
The Rhythm Section,29.0,44.0
Gretel & Hansel,62.0,23.0
The Assistant,,
The Assistant,,
Birds of Prey,,
The Lodge,75.0,51.0
The Lodge,,13.0
Timmy Failure: Mistakes Were Made,85.0,60.0
Horse Girl,71.0,48.0
To All the Boys: P.S. I Still Love You,77.0,41.0
Sonic the Hedgehog,,90.0
Fantasy Island,,82.0
The Photograph,,60.0
Photograph,,
Downhill,89.0,62.0
Spy Intervention,33.0,48.0
Kindness of Strangers,,
The Call of the Wild,,
Call of the Wild,,100.0
The Last Thing He Wanted,5.0,14.0
Brahms: The Boy II,11.0,44.0
The Night Clerk,,49.0
Impractical Jokers: The Movie,35.0,76.0
The Invisible Man,,
All the Bright Places,65.0,61.0
Wendy,42.0,75.0
Guns Akimbo,52.0,40.0
Onward,88.0,95.0
The Way Back,74.0,72.0
Spenser Confidential,36.0,51.0
The Banker,,36.0
The Burnt Orange Heresy,66.0,81.0
Swallow,88.0,71.0
First Cow,96.0,65.0
Bloodshot,,
The Hunt,,
The Hunt,,19.0
I Still Believe,49.0,98.0
Lost Girls,,
Stargirl,69.0,69.0
The Roads Not Taken,43.0,28.0
Never Rarely Sometimes Always,99.0,55.0
Big Time Adolescence,85.0,82.0
Lost Transmissions,54.0,39.0
Resistance,,
At Sachem Farm,,88.0
Vivarium,72.0,39.0
Coffee & Kareem,21.0,30.0
Trolls World Tour,72.0,58.0
Love. Wedding. Repeat,34.0,37.0
The Main Event,29.0,25.0
We Summon the Darkness,67.0,34.0
The Lost Husband,58.0,61.0
Corona Zombies,,17.0
Sergio,44.0,71.0
The Willoughbys,91.0,66.0
Extraction,,28.0
Braking for Whales,,56.0
Bad Education,88.0,86.0
All Day and a Night,51.0,59.0
The Wretched,67.0,33.0
The Half of It,97.0,80.0
Arkansas,51.0,53.0
Valley Girl,84.0,71.0
Capone,40.0,24.0
The Wrong Missy,32.0,56.0
SCOOB!,48.0,53.0
Proximity,,14.0
Blood and Money,39.0,35.0
Body Cam,43.0,33.0
The Lovebirds,,
Lovebirds,,
The Inheritance,,75.0
Night Hunt,,
The Wanting Mare,81.0,35.0
The High Note,71.0,73.0
High Note,,
Shirley,74.0,70.0
The Last Days of American Crime,0.0,22.0
Becky,,
Mighty Oak,52.0,78.0
Think Like a Dog,70.0,52.0
Da 5 Bloods,92.0,53.0
Artemis Fowl,8.0,20.0
The King of Staten Island,76.0,83.0
Sniper: Assassin's End,,39.0
You Should Have Left,40.0,26.0
Feel the Beat,50.0,55.0
7500,71.0,61.0
Athlete A,100.0,92.0
Eurovision Song Contest: The Story of Fire Saga,64.0,77.0
Irresistible,22.0,32.0
My Spy,48.0,39.0
We Bare Bears: The Movie,,86.0
Relic,92.0,51.0
The Desperados,,27.0
The Old Guard,80.0,70.0
Money Plane,23.0,32.0
Greyhound,78.0,76.0
Fatal Affair,,
The Silencing,20.0,90.0
A Nice Girl Like You,10.0,76.0
Ghosts of War,40.0,65.0
Animal Crackers,97.0,89.0
The Kissing Booth 2,29.0,39.0
4 Dead Girls: The Soul Taker,,20.0
Black Is King,94.0,89.0
The Secret: Dare to Dream,28.0,72.0
Summerland,,
She Dies Tomorrow,84.0,24.0
An American Pickle,72.0,44.0
The Tax Collector,18.0,72.0
Waiting for the Barbarians,,
Project Power,61.0,46.0
The SpongeBob Movie: Sponge on the Run,66.0,49.0
Magic Camp,100.0,75.0
The Spree,,
Boys State,95.0,91.0
The One and Only Ivan,71.0,65.0
Unhinged,,25.0
Tesla,58.0,43.0
Cut Throat City,70.0,39.0
Words on Bathroom Walls,89.0,94.0
Hard Kill,0.0,59.0
Chemical Hearts,60.0,67.0
Bill & Ted Face the Music,82.0,65.0
The New Mutants,36.0,56.0
The Personal History of David Copperfield,92.0,54.0
I'm Thinking of Ending Things,82.0,50.0
Phineas and Ferb the Movie: Candace Against the Universe,100.0,86.0
All Together Now,,78.0
Rogue,84.0,54.0
Centigrade,41.0,22.0
Fatima,,
Tenet,69.0,76.0
"Love, Guaranteed",58.0,36.0
Mulan,86.0,85.0
Critical Thinking,94.0,91.0
The Owners,62.0,30.0
Guest House,0.0,40.0
The Babysitter: Killer Queen,45.0,58.0
Unpregnant,92.0,16.0
The Devil All the Time,65.0,79.0
The Broken Hearts Gallery,80.0,88.0
I Met a Girl,,
The Secrets We Keep,63.0,43.0
Antebellum,31.0,50.0
The Nest,,
Nest,,
Blackbird,,
Lost Girls & Love Hotels,50.0,34.0
Killian & the Comeback Kids,,100.0
Enola Holmes,91.0,71.0
The Trial of the Chicago 7,89.0,90.0
Ava,85.0,67.0
Kajillionaire,90.0,47.0
The Last Shift,64.0,37.0
Last Shift,100.0,51.0
She's in Portland,67.0,56.0
Sightless,40.0,41.0
The Boys in the Band,84.0,74.0
The Boys in the Band,90.0,87.0
The Glorias,68.0,84.0
On the Rocks,87.0,50.0
Spontaneous,96.0,68.0
Vampires vs. The Bronx,90.0,45.0
Possessor: Uncut,94.0,59.0
Death of Me,31.0,23.0
The Call,,
Call,,
American Pie Presents: Girls' Rules,30.0,14.0
The Lie,74.0,48.0
Love Intelligence Enmity,,
Black Box,71.0,65.0
Hubie Halloween,52.0,48.0
Books of Blood,20.0,33.0
Charm City Kings,79.0,67.0
The War With Grandpa,29.0,85.0
A Rainy Day in New York,47.0,56.0
Yellow Rose,87.0,76.0
Nocturne,,47.0
Evil Eye,,
A Babysitter's Guide to Monster Hunting,65.0,
Love and Monsters,94.0,89.0
Honest Thief,41.0,87.0
Clouds,,
The Devil Has a Name,35.0,38.0
The Kid Detective,85.0,77.0
Alone,,58.0
2 Hearts,17.0,87.0
The Opening Act,81.0,83.0
Opening Act,,
Tremors: Shrieker Island,44.0,38.0
The Witches,94.0,70.0
Witches,,
Over the Moon,,33.0
Borat Subsequent Moviefilm,85.0,62.0
After We Collided,12.0,93.0
The Empty Man,76.0,61.0
Synchronic,79.0,76.0
Bad Hair,95.0,69.0
Friendsgiving,19.0,22.0
The Craft: Legacy,48.0,25.0
Holidate,45.0,54.0
Come Play,56.0,67.0
His House,100.0,73.0
Spell,0.0,
Sweet Taste of Souls,,
Jungleland,74.0,47.0
Let Him Go,85.0,76.0
The Informer,,
The Dark and the Wicked,91.0,63.0
Hillbilly Elegy,25.0,81.0
Mank,83.0,63.0
Freaky,83.0,80.0
Jingle Jangle: A Christmas Journey,90.0,69.0
Dreamland,,22.0
Fatman,44.0,84.0
La vida por delante,,
The Climb,,72.0
Chick Fight,37.0,20.0
The Princess Switch: Switched Again,56.0,34.0
Run,89.0,74.0
Sound of Metal,97.0,90.0
Jiu Jitsu,27.0,63.0
Buddy Games,16.0,67.0
The Croods: A New Age,77.0,94.0
Happiest Season,82.0,72.0
Ma Rainey's Black Bottom,97.0,72.0
The Christmas Chronicles 2,64.0,44.0
Uncle Frank,,
Folklore: The Long Pond Studio Sessions,100.0,95.0
Superintelligence,30.0,52.0
Black Beauty,,
The Prom,,
Godmothered,68.0,57.0
Half Brothers,,
Wander,33.0,31.0
Black Bear,89.0,65.0
Let Them All Talk,87.0,49.0
The Midnight Sky,49.0,26.0
Wild Mountain Thyme,26.0,53.0
Safety,78.0,78.0
Wander Darkly,75.0,70.0
I'm Your Woman,81.0,49.0
Archenemy,75.0,47.0
Farewell Amor,97.0,71.0
Monster Hunter,44.0,70.0
Greenland,78.0,63.0
Fatale,45.0,88.0
Skylines,54.0,20.0
Hunter Hunter,94.0,64.0
Breach,84.0,67.0
"ariana grande: excuse me, i love you",50.0,89.0
Sylvie's Love,93.0,76.0
Wonder Woman 1984,57.0,73.0
Soul,95.0,88.0
We Can Be Heroes,74.0,42.0
News of the World,88.0,89.0
One Night in Miami,98.0,78.0
Promising Young Woman,90.0,87.0
Pieces of a Woman,76.0,84.0
Venom: Let There Be Carnage,57.0,84.0
Black Widow,,
F9 The Fast Saga,59.0,82.0
Eternals,47.0,77.0
Sing 2,72.0,98.0
No Time to Die,,
A Quiet Place Part II,91.0,92.0
Ghostbusters: Afterlife,63.0,94.0
Shadow in the Cloud,77.0,32.0
Dr. Bird's Advice for Sad Poets,80.0,76.0
White Tiger,,58.0
White Tiger,,
Locked Down,,4.0
The Dig,75.0,82.0
DIG!,89.0,90.0
Outside the Wire,37.0,54.0
The Marksman,,
The Marksman,,23.0
The Ultimate Playlist of Noise,44.0,66.0
American Skin,35.0,95.0
Don't Tell a Soul,73.0,57.0
Our Friend,86.0,95.0
No Man's Land,93.0,92.0
Born a Champion,,80.0
Wrong Turn,41.0,54.0
Penguin Bloom,67.0,82.0
The Little Things,,
Little Things,,
Finding 'Ohana,82.0,81.0
Nomadland,93.0,82.0
Malcolm & Marie,57.0,67.0
Palmer,72.0,88.0
Falling,,
Bliss,,
Little Fish,90.0,57.0
Son of the South,61.0,90.0
PVT Chat,67.0,45.0
Music,7.0,15.0
Judas and the Black Messiah,96.0,95.0
The Mauritanian,75.0,84.0
Breaking News in Yuba County,11.0,45.0
Barb & Star Go to Vista Del Mar,80.0,59.0
Minari,98.0,87.0
To All the Boys: Always and Forever,78.0,58.0
The World to Come,74.0,63.0
World to Come,,
French Exit,,
The Land,,
Willy's Wonderland,61.0,67.0
The Map of Tiny Perfect Things,78.0,72.0
Fear of Rain,47.0,60.0
I Care a Lot,79.0,36.0
Flora and Ulysses,72.0,60.0
Silk Road,52.0,39.0
Tom & Jerry,30.0,82.0
The United States vs. Billie Holiday,55.0,79.0
Cherry,,50.0
Crisis,,
Billie Eilish: The World's a Little Blurry,96.0,95.0
The Vigil,,
Vigil,,62.0
Moxie,70.0,68.0
Coming 2 America,49.0,38.0
The SpongeBob Movie: Sponge on the Run,66.0,49.0
Raya and the Last Dragon,93.0,97.0
Chaos Walking,21.0,71.0
Boss Level,74.0,77.0
Yes Day,52.0,57.0
The Long Weekend,,38.0
Cosmic Sin,6.0,54.0
Trust,,
Zack Snyder's Justice League,71.0,93.0
The Courier,85.0,95.0
City of Lies,51.0,83.0
Happily,69.0,25.0
Nobody,,
Bad Trip,,
The Seventh Day,,
Senior Moment,21.0,76.0
North Hollywood,78.0,89.0
Godzilla vs. Kong,76.0,91.0
Concrete Cowboy,80.0,70.0
The Unholy,25.0,45.0
Unholy,,29.0
Every Breath You Take,20.0,89.0
Shiva Baby,96.0,78.0
The Girl Who Believes in Miracles,40.0,93.0
The Believer,82.0,82.0
The Believer,82.0,82.0
Dawn of the Beast,,29.0
Voyagers,25.0,55.0
Thunder Force,22.0,23.0
Arlo the Alligator Boy,85.0,85.0
Monday,,86.0
In The Earth,80.0,24.0
Mortal Kombat,47.0,57.0
Vanquish,5.0,56.0
Together Together,91.0,77.0
We Broke Up,59.0,50.0
The Deep Ones,,
Things Heard & Seen,38.0,23.0
The Mitchells vs. the Machines,97.0,89.0
Tom Clancy's Without Remorse,45.0,41.0
The Virtuoso,18.0,27.0
Virtuoso,,
Four Good Days,55.0,81.0
Separation,,
The Resort,,
Wrath of Man,67.0,90.0
Monster,82.0,81.0
The Paper Tigers,98.0,93.0
Paper Tigers,,80.0
Mainstream,36.0,41.0
The Water Man,77.0,69.0
Here Today,,
Reboot Camp,,94.0
Benny Loves You,80.0,61.0
Oxygen,77.0,55.0
Army of the Dead,,14.0
Those Who Wish Me Dead,63.0,86.0
The Woman in the Window,86.0,83.0
Spiral,,
Georgetown,62.0,58.0
Finding You,51.0,91.0
The Killing of Two Lovers,93.0,68.0
616 Wilford Lane,,24.0
Dream Horse,88.0,97.0
Aquarium of the Dead,,38.0
Blast Beat,61.0,75.0
A Quiet Place Part II,91.0,92.0
Cruella,75.0,97.0
Plan B,,
Changing the Game,83.0,78.0
Spirit Untamed,47.0,95.0
The Conjuring: The Devil Made Me Do It,55.0,83.0
Gully,25.0,80.0
Flashback,,
Under the Stadium Lights,11.0,47.0
Grace and Grit,,87.0
Awake,23.0,55.0
Infinite,17.0,34.0
Peter Rabbit 2: The Runaway,67.0,89.0
Wish Dragon,68.0,79.0
The Misfits,17.0,46.0
The Misfits,97.0,78.0
12 Mighty Orphans,63.0,94.0
The House Next Door: Meet the Blacks 2,17.0,50.0
Queen Bees,53.0,89.0
Domino: Battle of the Bones,57.0,70.0
Lucía,,86.0
Fatherhood,,
The Birthday Cake,22.0,90.0
Birthday Cake,,78.0
Rita Moreno: Just a Girl Who Decided to Go For It,96.0,93.0
The Sparks Brothers,95.0,98.0
Truman & Tennessee: An Intimate Conversation,91.0,100.0
Stalker,,
Love Spreads,,
A Crime on the Bayou,100.0,88.0
Good on Paper,50.0,37.0
F9 The Fast Saga,59.0,82.0
The Ice Road,43.0,30.0
Werewolves Within,86.0,80.0
False Positive,47.0,19.0
Lansky,40.0,24.0
I Carry You With Me,97.0,84.0
Mary J. Blige's My Life,60.0,40.0
Fathom,33.0,41.0
Rollers,,
America: The Motion Picture,34.0,43.0
Zola,88.0,68.0
No Sudden Move,92.0,59.0
The Tomorrow War,52.0,76.0
The Boss Baby: Family Business,46.0,89.0
The Forever Purge,49.0,78.0
Fear Street Part One: 1994,84.0,63.0
"Summer of Soul (...Or, When the Revolution Could Not Be Televised)",99.0,98.0
Till Death,,
Let Us In,20.0,20.0
Black Widow,,
Fear Street Part Two: 1978,87.0,81.0
Summertime,92.0,79.0
Gunpowder Milkshake,60.0,48.0
Space Jam: A New Legacy,25.0,79.0
Escape Room: Tournament of Champions,51.0,75.0
Fear Street Part Three: 1666,88.0,76.0
Die in a Gunfight,16.0,62.0
Pig,,
Out of Death,0.0,43.0
Roadrunner: A Film About Anthony Bourdain,91.0,94.0
How It Ends,16.0,17.0
Trollhunters: Rise of the Titans,88.0,46.0
Snake Eyes,43.0,35.0
Old,50.0,53.0
Joe Bell,40.0,73.0
Jolt,40.0,38.0
Midnight in the Switchgrass,8.0,20.0
Broken Diamonds,56.0,77.0
Val,93.0,88.0
Ailey,90.0,88.0
Jungle Cruise,62.0,92.0
Stillwater,,
The Green Knight,89.0,50.0
Nine Days,90.0,72.0
Ride the Eagle,84.0,67.0
The Evening Hour,71.0,60.0
Lorelei,90.0,65.0
Enemies of the State,78.0,29.0
The Suicide Squad,90.0,82.0
Suicide Squad,,50.0
Naked Singularity,28.0,29.0
John and the Hole,60.0,27.0
Vivo,86.0,73.0
Playing God,16.0,33.0
Swan Song,,
She Ball,,44.0
The Kissing Booth 3,24.0,20.0
Homeroom,85.0,
Free Guy,80.0,94.0
Respect,,
Beckett,48.0,33.0
Don't Breathe 2,43.0,85.0
Not Going Quietly,100.0,91.0
Reminiscence,,
Protégé,,
Sweet Girl,23.0,49.0
The Loud House Movie,,64.0
The Night House,88.0,69.0
Cryptozoo,71.0,
Habit,75.0,62.0
Forest of the Damned,,13.0
Annette,71.0,76.0
The Risen,,
The Witcher: Nightmare of the Wolf,100.0,83.0
Really Love,88.0,82.0
Candyman,79.0,63.0
Vacation Friends,57.0,54.0
He's All That,28.0,22.0
No Man of God,80.0,62.0
RUSHED,90.0,88.0
Afterlife of the Party,56.0,71.0
Cinderella,98.0,80.0
Worth,81.0,76.0
The Gateway,51.0,40.0
Gateway,,
Wild Indian,90.0,58.0
We Need to Do Something,55.0,24.0
Kate,46.0,51.0
Malignant,,40.0
Queenpins,48.0,82.0
The Card Counter,87.0,42.0
Come From Away,98.0,95.0
The Voyeurs,,
Small Engine Repair,88.0,73.0
Language Lessons,96.0,83.0
Show Me the Father,,97.0
Catch the Bullet,,11.0
Dating & New York,43.0,62.0
Bad Candy,50.0,28.0
My Son,,80.0
Nightbooks,88.0,58.0
The Starling,19.0,71.0
The Eyes of Tammy Faye,87.0,72.0
The Eyes of Tammy Faye,87.0,72.0
Cry Macho,57.0,64.0
Copshop,82.0,74.0
Blue Bayou,,
Prisoners of the Ghostland,61.0,51.0
Best Sellers,53.0,52.0
Lady of the Manor,25.0,39.0
The Nowhere Inn,68.0,75.0
My Name Is Pauli Murray,94.0,80.0
The Killing of Kenneth Chamberlain,97.0,85.0
Intrusion,,
My Little Pony: A New Generation,92.0,82.0
Dear Evan Hansen,29.0,88.0
The Guilty,40.0,41.0
Birds of Paradise,,
After We Fell,8.0,37.0
Venom: Let There Be Carnage,57.0,84.0
The Many Saints of Newark,71.0,59.0
The Addams Family 2,28.0,69.0
Bingo Hell,66.0,30.0
Black as Night,70.0,31.0
Old Henry,95.0,92.0
The Jesus Music,63.0,97.0
Mayday,,43.0
God's Not Dead: We the People,,100.0
There's Someone Inside Your House,47.0,17.0
No Time to Die,,
Mass,,50.0
South of Heaven,,55.0
The Manor,89.0,57.0
Manor,,
Madres,,
Justin Bieber: Our World,57.0,86.0
Survive the Game,14.0,69.0
Halloween Kills,39.0,66.0
The Last Duel,,
Needle in a Timestack,38.0,50.0
Hard Luck Love Song,37.0,89.0
"Introducing, Selma Blair",100.0,71.0
The Velvet Underground & Nico,,81.0
Night Teeth,37.0,48.0
Ron's Gone Wrong,81.0,94.0
The French Dispatch,75.0,76.0
The Harder They Fall,88.0,93.0
Harder They Fall,,
The Electrical Life of Louis Wain,69.0,71.0
Warning,,29.0
The Passing,,
Hypnotic,24.0,24.0
Antlers,59.0,67.0
Army of Thieves,69.0,69.0
A Mouthful of Air,68.0,80.0
The Souvenir Part II,90.0,86.0
Paranormal Activity: Next of Kin,30.0,37.0
The Spine of Night,80.0,62.0
Violet,,
Heart of Champions,29.0,75.0
Eternals,47.0,77.0
Red Notice,36.0,92.0
Finch,74.0,67.0
According to Spencer,,22.0
Dangerous,29.0,68.0
Love Hard,52.0,90.0
The Beta Test,92.0,
Beta Test,,23.0
Clifford the Big Red Dog,58.0,94.0
"Tick, Tick... Boom!",87.0,96.0
Home Sweet Home Alone,15.0,12.0
APEX,,23.0
The Power of the Dog,94.0,76.0
Bruised,50.0,56.0
The Princess Switch 3: Romancing the Star,53.0,41.0
Ghostbusters: Afterlife,63.0,94.0
King Richard,90.0,98.0
Extinct,43.0,41.0
C'mon C'mon,94.0,78.0
Black Friday,100.0,52.0
Zeros and Ones,54.0,9.0
Friend of the World,91.0,95.0
House of Gucci,62.0,83.0
The Unforgivable,39.0,75.0
Unforgivable,,69.0
Resident Evil: Welcome to Raccoon City,30.0,65.0
The Humans,92.0,45.0
South Park: Post COVID,,72.0
Licorice Pizza,90.0,66.0
Single All the Way,68.0,67.0
Back to the Outback,82.0,70.0
Diary of a Wimpy Kid,54.0,49.0
Encounter,,
Mixtape,100.0,78.0
Deadlock,,
West Side Story,92.0,84.0
Don't Look Up,,6.0
National Champions,66.0,79.0
Being the Ricardos,68.0,75.0
Red Rocket,90.0,75.0
The Hating Game,69.0,77.0
South Park: Post COVID: The Return of COVID,,68.0
Nightmare Alley,88.0,86.0
The Lost Daughter,94.0,56.0
Swan Song,,
The Tender Bar,51.0,70.0
Fortress,,74.0
Sing 2,72.0,98.0
The Matrix Resurrections,63.0,63.0
The King's Man,41.0,80.0
King's Man,,
Macbeth,80.0,73.0
A Journal for Jordan,39.0,95.0
American Underdog,76.0,98.0
Memoria,,
Top Gun: Maverick,96.0,99.0
Avatar: The Way of Water,76.0,92.0
Black Panther: Wakanda Forever,84.0,94.0
Doctor Strange in the Multiverse of Madness,74.0,85.0
Jurassic World Dominion,29.0,77.0
Minions: The Rise of Gru,70.0,89.0
The Batman,85.0,87.0
Thor: Love and Thunder,63.0,76.0
Sonic the Hedgehog 2,68.0,96.0
Puss in Boots: The Last Wish,95.0,94.0
The 355,24.0,86.0
The 355,24.0,86.0
The Legend of La Llorona,7.0,28.0
The Commando,,18.0
Commando,,
American Siege,8.0,91.0
Scream,76.0,82.0
Hotel Transylvania: Transformania,47.0,44.0
Shattered,,61.0
The Royal Treatment,33.0,37.0
Redeeming Love,11.0,95.0
The Tiger Rising,18.0,73.0
Hellblazers,,
Fallout,,
Home Team,,12.0
The Ice Age Adventures of Buck Wild,19.0,33.0
Clean,,
Jackass Forever,85.0,91.0
Moonfall,35.0,70.0
Last Looks,67.0,70.0
The Long Night,,
The Long Night,,51.0
Kimi,92.0,60.0
Shut In,4.0,23.0
Death on the Nile,80.0,79.0
Marry Me,,
I Want You Back,87.0,71.0
Tall Girl 2,63.0,27.0
The Sky is Everywhere,65.0,60.0
The In-Between,100.0,78.0
In Between,,
Fistful of Vengeance,43.0,66.0
Uncharted,,17.0
Dog,,
The Texas Chainsaw Massacre,37.0,58.0
The Cursed,,
Cursed,,
A Fairy Tale After All,,92.0
Cyrano,85.0,86.0
P,,20.0
No Exit,,50.0
I'll Find You,73.0,83.0
Gasoline Alley,31.0,86.0
The Batman,85.0,87.0
After Yang,89.0,69.0
Fresh,88.0,91.0
A Day to Die,,87.0
The Hyperions,,82.0
The Adam Project,68.0,73.0
Turning Red,95.0,67.0
Tyson's Run,67.0,86.0
Rescued by Ruby,88.0,87.0
The Outfit,80.0,73.0
The Outfit,,
Intrepid,,
Cheaper by the Dozen,24.0,56.0
Windfall,,29.0
X,,
Umma,31.0,51.0
A.LI.CE,,
Master,,64.0
Measure of Revenge,12.0,50.0
The Lost City,79.0,83.0
Everything Everywhere All at Once,93.0,77.0
Infinite Storm,56.0,55.0
Moonshot,,
Morbius,15.0,71.0
Fantastic Invasion of Planet Earth,,0.0
The Contractor,,28.0
Better Nate Than Ever,83.0,75.0
Apollo 10 1/2: A Space Age Childhood,91.0,82.0
Sonic the Hedgehog 2,68.0,96.0
Ambulance,68.0,88.0
All the Old Knives,64.0,45.0
Metal Lords,63.0,84.0
Father Stu,43.0,95.0
Fantastic Beasts: The Secrets of Dumbledore,46.0,83.0
Titanic 666,,16.0
The Bad Guys,,
Bad Guys,,
The Northman,90.0,64.0
The Unbearable Weight of Massive Talent,87.0,87.0
Polar Bear,74.0,67.0
The Survivor,,
Survivor,,25.0
Memory,14.0,47.0
Crush,36.0,57.0
Fortress: Sniper's Eye,0.0,58.0
Corrective Measures,60.0,27.0
Doctor Strange in the Multiverse of Madness,74.0,85.0
Forever Lulu,,56.0
Marmaduke,9.0,42.0
Escape The Field,18.0,69.0
Operation Mincemeat,83.0,66.0
Senior Year,23.0,51.0
Firestarter,40.0,53.0
Sneakerella,92.0,50.0
On the Count of Three,85.0,80.0
Private Property,71.0,
Family Camp,40.0,84.0
Montana Story,86.0,69.0
Vendetta,,
Downton Abbey: A New Era,87.0,97.0
Chip 'n' Dale: Rescue Rangers,80.0,79.0
Good Mourning,0.0,57.0
The Valet,71.0,68.0
The Valet,71.0,68.0
Emergency!,,
Top Gun: Maverick,96.0,99.0
The Bob's Burgers Movie,87.0,89.0
Zero Contact,10.0,9.0
A Chiara,91.0,56.0
South Park: The Streaming Wars,,58.0
Hollywood Stargirl,94.0,74.0
Benediction,92.0,65.0
Interceptor,,16.0
Fire Island,,43.0
The Watcher,11.0,28.0
DASHCAM,47.0,36.0
White Elephant,,
Hustle,,24.0
Jurassic World Dominion,29.0,77.0
Father of the Bride,,
Lightyear,74.0,84.0
Spiderhead,39.0,30.0
Jerry & Marge Go Large,67.0,78.0
Cha Cha Real Smooth,85.0,61.0
The Abandoned,36.0,42.0
Elvis,77.0,94.0
The Black Phone,82.0,88.0
The Man From Toronto,,
The Sea Beast,94.0,84.0
Marcel the Shell with Shoes On,98.0,90.0
Rise,100.0,87.0
Beauty,,
Minions: The Rise of Gru,70.0,89.0
The Forgiven,68.0,57.0
Forgiven,,60.0
Mr. Malcolm's List,83.0,82.0
Princess,57.0,67.0
Hot Seat,16.0,15.0
"Hello, Goodbye, and Everything in Between",29.0,32.0
Thor: Love and Thunder,63.0,76.0
South Park The Streaming Wars Part 2,,74.0
The Gray Man,,35.0
Where the Crawdads Sing,35.0,96.0
Paws of Fury: The Legend of Hank,54.0,67.0
Persuasion,30.0,73.0
1UP,,46.0
Wrong Place,0.0,53.0
Don't Make Me Go,52.0,68.0
He's Watching,,
Nope,83.0,69.0
Anything's Possible,,
Alone Together,,
Thirteen Lives,85.0,94.0
Vengeance,,
Sharp Stick,49.0,37.0
Not Okay,71.0,60.0
Paradise Highway,14.0,67.0
Resurrection,,
A Love Song,95.0,68.0
Honor Society,86.0,78.0
Allegoria,,56.0
Kung Fu Ghost,,
Bullet Train,,56.0
Easter Sunday,,
Rise of the Teenage Mutant Ninja Turtles: The Movie,79.0,94.0
Luck,43.0,38.0
Prey,,
Bodies Bodies Bodies,86.0,69.0
Secret Headquarters,45.0,44.0
Day Shift,56.0,76.0
Mack & Rita,23.0,48.0
Fall,79.0,79.0
Emily the Criminal,94.0,79.0
Summering,33.0,40.0
Beast,92.0,73.0
Orphan: First Kill,71.0,77.0
Spin Me Round,47.0,33.0
Delia's Gone,31.0,83.0
Three Thousand Years of Longing,71.0,73.0
Samaritan,,
The Invitation,90.0,69.0
Invitation,,57.0
Breaking,82.0,84.0
Funny Pages,82.0,49.0
Honk for Jesus. Save Your Soul.,72.0,26.0
Gigi & Nate,19.0,95.0
Wire Room,,91.0
One Way,,
After Ever Happy,0.0,92.0
Pinocchio,0.0,33.0
The Barbarian,,
End of the Road,,
Lifemark,83.0,96.0
Clerks III,62.0,93.0
The Woman King,94.0,99.0
See How They Run,75.0,69.0
Blonde,42.0,36.0
Pearl,,
Do Revenge,85.0,78.0
The Silent Twins,,
"Confess, Fletch",86.0,75.0
Moonage Daydream,92.0,75.0
God's Country,,91.0
Goodnight Mommy,85.0,66.0
Running the Bases,,97.0
Jeepers Creepers: Reborn,0.0,8.0
Don't Worry Darling,38.0,74.0
Catherine Called Birdy,88.0,65.0
Section 8,31.0,36.0
Lou,,56.0
On the Come Up,75.0,73.0
A Jazzman's Blues,65.0,85.0
The Munsters,54.0,35.0
Smile,,
Bros,89.0,90.0
Hocus Pocus 2,65.0,47.0
The Greatest Beer Run Ever,43.0,91.0
Luckiest Girl Alive,44.0,71.0
Dead for a Dollar,,
My Best Friend's Exorcism,49.0,35.0
Mr. Harrigan's Phone,45.0,50.0
Terrifier 2,86.0,80.0
"Lyle, Lyle, Crocodile",71.0,93.0
Amsterdam,,19.0
Hellraiser,70.0,73.0
Significant Other,70.0,69.0
Grimcutty,25.0,23.0
Halloween Ends,40.0,57.0
Till,96.0,97.0
Rosaline,75.0,76.0
Raymond & Ray,48.0,55.0
The Curse of Bridge Hollow,46.0,53.0
Bitch Ass,68.0,68.0
The School for Good and Evil,37.0,66.0
The Good Nurse,75.0,76.0
V/H/S/99,76.0,65.0
Black Adam,39.0,88.0
Ticket to Paradise,,
Wendell & Wild,81.0,64.0
The Banshees of Inisherin,96.0,75.0
My Policeman,45.0,96.0
Aftersun,96.0,81.0
Detective Knight: Rogue,60.0,79.0
The Return of Tanya Tucker: Featuring Brandi Carlile,92.0,94.0
Armageddon Time,76.0,48.0
Call Jane,82.0,87.0
Causeway,85.0,73.0
Prey for the Devil,17.0,69.0
Run Sweetheart Run,62.0,46.0
The Wonder,,
Wonder,86.0,88.0
The Independent,60.0,49.0
The Independent,60.0,49.0
Enola Holmes 2,93.0,79.0
My Father's Dragon,,
Weird: The Al Yankovic Story,84.0,80.0
The Estate,,
Estate,,
The Minute You Wake Up Dead,0.0,19.0
Dear Zoe,71.0,87.0
Something In The Dirt,90.0,47.0
Aqua Teen Forever: Plantasm,100.0,76.0
Guillermo del Toro's Pinocchio,96.0,90.0
A Snow Capped Christmas,,42.0
Black Panther: Wakanda Forever,84.0,94.0
The Fabelmans,92.0,83.0
Spirited,70.0,81.0
Is That Black Enough for You?!?,100.0,62.0
Paradise City,,
Poker Face,,
A Christmas Story Christmas,79.0,75.0
She Said,88.0,91.0
The Menu,88.0,76.0
Menu,,
The Disenchanted,100.0,42.0
Slumberland,40.0,86.0
Bones and All,82.0,62.0
The Inspection,88.0,91.0
Inspection,,
Scrooge: A Christmas Carol,38.0,67.0
Lamborghini: The Man Behind the Legend,6.0,55.0
The People We Hate at the Wedding,31.0,39.0
Strange World,72.0,66.0
Glass Onion: A Knives Out Mystery,91.0,92.0
Devotion,,
Nanny,90.0,68.0
The Noel Diary,69.0,63.0
White Noise,7.0,31.0
Violent Night,73.0,88.0
eMANNzipation,,86.0
Spoiler Alert,,
Diary of a Wimpy Kid: Rodrick Rules,50.0,47.0
Darby and the Dead,54.0,74.0
Lady Chatterley's Lover,,
The Eternal Daughter,95.0,44.0
Almighty Zeus,,
Roald Dahl's Matilda the Musical,93.0,72.0
Empire of Light,45.0,74.0
Night at the Museum: Kahmunrah Rises Again,71.0,36.0
The Whale,86.0,84.0
Whale,,
Something from Tiffany's,70.0,60.0
Detective Knight: Redemption,67.0,88.0
The Mean One,21.0,49.0
Avatar: The Way of Water,76.0,92.0
Puss in Boots: The Last Wish,95.0,94.0
Babylon,100.0,46.0
Whitney Houston: I Wanna Dance with Somebody,43.0,92.0
The Pale Blue Eye,63.0,69.0
Women Talking,90.0,81.0
A Man Called Otto,70.0,97.0
"Alice, Darling",84.0,44.0
Barbie,88.0,83.0
The Super Mario Bros. Movie,59.0,95.0
Guardians of the Galaxy Vol. 3,82.0,94.0
The Little Mermaid,,54.0
Little Mermaid,,44.0
Wonka,82.0,91.0
John Wick: Chapter 4,94.0,93.0
Sound of Freedom,57.0,99.0
M3GAN,93.0,78.0
The Old Way,32.0,70.0
The Devil Conspiracy,26.0,51.0
Plane,78.0,94.0
House Party,94.0,81.0
S.I.C.K.,,18.0
The Drop,89.0,76.0
Drop,,
Dog Gone,41.0,67.0
There's Something Wrong with the Children,62.0,26.0
Missing,,56.0
The Son,29.0,59.0
The Son,88.0,86.0
When You Finish Saving the World,62.0,73.0
Detective Knight: Independence,67.0,83.0
Kids vs. Aliens,58.0,43.0
Teen Wolf: The Movie,32.0,65.0
You People,,
Shotgun Wedding,,
Maybe I Do,32.0,61.0
Life Upside Down,,
Fear,,40.0
Knock at the Cabin,67.0,63.0
80 for Brady,58.0,89.0
The Locksmith,,
Baby Ruby,67.0,31.0
Freedom's Path,91.0,99.0
The Wedding Hustler,,
Magic Mike's Last Dance,48.0,73.0
Sharper,69.0,72.0
Your Place or Mine,,46.0
Somebody I Used To Know,69.0,60.0
Consecration,41.0,32.0
The Outwaters,75.0,40.0
Cocaine Bear,66.0,71.0
We Have a Ghost,43.0,61.0
Luther: The Fallen Sun,67.0,85.0
Jesus Revolution,54.0,99.0
Bruiser,67.0,35.0
God's Time,62.0,83.0
Creed III,88.0,95.0
Operation Fortune: Ruse de guerre,51.0,82.0
A Little White Lie,,
Children of the Corn,12.0,38.0
Palm Trees and Power Lines,90.0,77.0
The Year Between,76.0,82.0
The Unseen,,40.0
Craving,80.0,85.0
Scream VI,76.0,91.0
65,36.0,65.0
Champions,,72.0
Chang Can Dunk,96.0,72.0
Southern Gospel,100.0,98.0
Shazam! Fury of the Gods,49.0,86.0
The Boston Strangler: The Untold Story,,14.0
The Magician's Elephant,65.0,82.0
Moving On,100.0,
Wildflower,63.0,93.0
Supercell,50.0,75.0
Pinball: The Man Who Saved the Game,95.0,91.0
John Wick: Chapter 4,94.0,93.0
A Good Person,57.0,96.0
The Tutor,,
Tutor,,
The Last Sentinel,,14.0
Adalynn,80.0,67.0
Dungeons & Dragons: Honor Among Thieves,91.0,93.0
Murder Mystery 2,45.0,46.0
Tetris,82.0,87.0
Spinning Gold,30.0,82.0
Space Oddity,56.0,60.0
A Thousand and One,97.0,85.0
Assassin,,
Acidman,76.0,71.0
Malum,81.0,49.0
Miracle at Manchester,,
The Super Mario Bros. Movie,59.0,95.0
Air,,87.0
Praise This,50.0,85.0
Showing Up,,80.0
Paint,83.0,87.0
Chupa,,
How to Blow Up a Pipeline,95.0,65.0
One True Loves,29.0,36.0
Renfield,58.0,79.0
Beau Is Afraid,68.0,71.0
The Pope's Exorcist,50.0,81.0
Mafia Mamma,21.0,67.0
Sweetwater,25.0,95.0
Nefarious,,
Rare Objects,40.0,69.0
Quasi,41.0,60.0
Evil Dead Rise,84.0,76.0
Guy Ritchie's The Covenant,83.0,98.0
Ghosted,36.0,50.0
Chevalier,83.0,52.0
Somewhere in Queens,90.0,92.0
Carmen,78.0,
A Tourist's Guide to Love,68.0,66.0
The Artifice Girl,91.0,74.0
Peter Pan & Wendy,65.0,11.0
"Are You There God? It's Me, Margaret.",99.0,95.0
Sisu,94.0,88.0
The Clock,100.0,83.0
Guardians of the Galaxy Vol. 3,82.0,94.0
"Love, Again",,12.0
One Ranger,25.0,27.0
Book Club: The Next Chapter,46.0,84.0
The Mother,,
Okaasan,,95.0
Fool's Paradise,,
Hypnotic,24.0,24.0
Crater,,
Knights of the Zodiac,21.0,60.0
Mercy,,17.0
Monica,,
The Starling Girl,92.0,97.0
Rally Road Racers,70.0,78.0
Fast X,56.0,84.0
White Men Can't Jump,75.0,69.0
Master Gardener,71.0,55.0
Sanctuary,,89.0
Robots,64.0,54.0
Moon Garden,86.0,69.0
The Little Mermaid,,54.0
Little Mermaid,,44.0
About My Father,,
Kandahar,89.0,75.0
The Machine,,
Machine,,
You Hurt My Feelings,,100.0
The Wrath of Becky,86.0,77.0
Reality,,
The Boogeyman,61.0,66.0
Boogeyman,13.0,21.0
Past Lives,95.0,84.0
Shooting Stars,,
Transformers: Rise of the Beasts,52.0,91.0
Flamin' Hot,68.0,87.0
Jagged Mind,67.0,45.0
The Flash,,
Flash,,
Elemental,100.0,60.0
Asteroid City,76.0,62.0
Extraction 2,79.0,85.0
The Blackening,87.0,85.0
Surrounded,,30.0
Sans rancune!,,100.0
The Perfect Find,70.0,79.0
World's Best,100.0,81.0
God Is a Bullet,24.0,56.0
Wonderwell,38.0,74.0
Indiana Jones and the Dial of Destiny,70.0,88.0
"Ruby Gillman, Teenage Kraken",65.0,81.0
Nimona,92.0,91.0
Confidential Informant,0.0,39.0
Prisoner's Daughter,43.0,79.0
The Unseen,,
The Unseen,,40.0
Sound of Freedom,57.0,99.0
Insidious: The Red Door,39.0,70.0
Joy Ride,74.0,66.0
The Outlaws,,
The Outlaws,,
Earth Mama,97.0,74.0
Biosphere,80.0,62.0
Cocaine Shark,,50.0
Mission: Impossible - Dead Reckoning Part One,96.0,94.0
They Cloned Tyrone,95.0,100.0
Theater Camp,86.0,78.0
Barbie,88.0,83.0
The Cobweb,75.0,48.0
The Beanie Bubble,47.0,56.0
The Venture Bros.: Radiant Is the Blood of the Baboon Heart,92.0,
The Venture Bros.: Radiant Is the Blood of the Baboon Heart,92.0,
Zoey 102,56.0,44.0
The Haunted Mansion,13.0,31.0
Sympathy for the Devil,44.0,57.0
Circus Maximus,,
Happiness for Beginners,33.0,53.0
War Pony,93.0,87.0
The Unknown Country,92.0,74.0
Blue Hour: The Disappearance of Nick Brandreth,,88.0
Teenage Mutant Ninja Turtles: Mutant Mayhem,95.0,90.0
Mike & Fred Vs. The Dead,,
Meg 2: The Trench,27.0,73.0
Shortcomings,,
Dreamin' Wild,90.0,65.0
Corner Office,22.0,60.0
What Comes Around,,
The Passenger,,
The Passenger,88.0,84.0
The Last Voyage of the Demeter,49.0,75.0
Heart of Stone,,25.0
"Red, White & Royal Blue",75.0,92.0
Jules,85.0,90.0
Inside Man,86.0,85.0
Blue Beetle,77.0,91.0
Strays,40.0,44.0
The Lost Empire,,59.0
Master Qi and the Monkey King,,
Landscape with Invisible Hand,71.0,50.0
Back on the Strip,25.0,70.0
The Adults,72.0,46.0
Gran Turismo: Based on a True Story,65.0,98.0
Retribution,,
Vacation Friends 2,19.0,39.0
You Are So Not Invited to My Bat Mitzvah,91.0,60.0
Bottoms,90.0,89.0
Golda,,
The Hill,44.0,97.0
Bravo Company: Tour of Duty II,,
The Equalizer 3,76.0,94.0
The Good Mother,22.0,35.0
The Good Mother,54.0,28.0
All Fun and Games,38.0,37.0
Yoshiki: Under the Sky,,
The Nun II,52.0,73.0
My Big Fat Greek Wedding 3,31.0,71.0
Sitting in Bars with Cake,75.0,84.0
Aristotle and Dante Discover the Secrets of the Universe,88.0,95.0
After Everything,84.0,71.0
A Haunting in Venice,75.0,77.0
Dumb Money,84.0,85.0
Love at First Sight,,0.0
A Million Miles Away,,
The Retirement Plan,60.0,41.0
Outlaw Johnny Black,65.0,92.0
Camp Hideout,33.0,70.0
The Inventor,75.0,59.0
Expend4bles,13.0,70.0
Spy Kids: Armageddon,54.0,43.0
The Reptile,71.0,39.0
Cassandro,91.0,74.0
Flora and Son,93.0,83.0
No One Will Save You,82.0,56.0
It Lives Inside,,
Everybody Dies by the End,80.0,
The Kill Room,61.0,51.0
The Creator,,
Creator,38.0,75.0
Saw X,80.0,89.0
Fair Play,,27.0
Heist 88,33.0,44.0
Deliver Us,83.0,
The Oracle,,0.0
Appendage,52.0,61.0
The Exorcist: Believer,22.0,59.0
Pet Sematary: Bloodlines,22.0,40.0
Totally Killer,87.0,77.0
The Caine Mutiny Court-Martial,,77.0
Dicks: The Musical,67.0,66.0
Foe,,
She Came to Me,48.0,74.0
The Burial,,67.0
Burial,61.0,53.0
Desperation Road,60.0,77.0
Miranda's Victim,82.0,91.0
Cat Person,46.0,46.0
The Mill,,
Down Low,67.0,
Dark Harvest,,27.0
TAYLOR SWIFT | THE ERAS TOUR,99.0,98.0
Dear David,,63.0
Divinity,59.0,63.0
In the Fire,15.0,29.0
Killers of the Flower Moon,93.0,84.0
Pain Hustlers,23.0,64.0
Nyad,85.0,87.0
Old Dads,25.0,84.0
Butcher's Crossing,74.0,47.0
The Other Zoey,80.0,79.0
Sick Girl,,25.0
The Persian Version,84.0,93.0
Five Nights at Freddy's,32.0,87.0
Under the Boardwalk,,53.0
Freelance,,
The Holdovers,97.0,92.0
The Killer,,
Killer,,
Fingernails,60.0,47.0
Sight,71.0,98.0
Priscilla,84.0,63.0
Suitable Flesh,85.0,61.0
Hell House LLC Origins: The Carmichael Manor,88.0,80.0
What Happened at 625 River Road,,67.0
Quiz Lady,81.0,80.0
Rustin,,
The Marsh King's Daughter,43.0,73.0
What Happens Later,51.0,28.0
All Dirt Roads Taste of Salt,90.0,61.0
Helen's Dead,17.0,
At the Gates,70.0,100.0
Rumble Through the Dark,64.0,96.0
The Marvels,62.0,82.0
Dream Scenario,91.0,68.0
Journey to Bethlehem,75.0,94.0
Your Lucky Day,86.0,60.0
It's a Wonderful Knife,55.0,72.0
Manodrome,49.0,27.0
The Master Chief: Part One,,
Best. Christmas. Ever!,38.0,19.0
The Hunger Games: The Ballad of Songbirds & Snakes,64.0,89.0
Trolls Band Together,63.0,92.0
Thanksgiving,,
Next Goal Wins,100.0,89.0
Saltburn,71.0,79.0
May December,91.0,65.0
Dashing Through the Snow,33.0,63.0
Please Don't Destroy: The Treasure of Foggy Mountain,42.0,90.0
Leo,,
Wish,,
Napoleon,,
Maestro,,80.0
Leave the World Behind,67.0,71.0
Good Burger 2,59.0,63.0
Genie,31.0,62.0
Family Switch,43.0,43.0
Silent Night,,
Candy Cane Lane,46.0,45.0
Eileen,82.0,53.0
The Shift,,65.0
Shift,,
Holiday Twist,,82.0
Abigail,,38.0
Waitress: The Musical,100.0,98.0
Poor Things,92.0,79.0
Origin,,
Diary of a Wimpy Kid Christmas: Cabin Fever,67.0,58.0
Our Son,86.0,78.0
The Cello,,50.0
Cello,,
The Oath,75.0,61.0
Wonka,82.0,91.0
Chicken Run: Dawn of the Nugget,81.0,71.0
Rebel Moon: Part One - A Child of Fire,22.0,56.0
American Fiction,93.0,96.0
The Family Plan,25.0,61.0
Family Plan,,55.0
Finestkind,29.0,62.0
The Zone of Interest,93.0,78.0
City of Love,,
Aquaman and the Lost Kingdom,33.0,81.0
Migration,,
Anyone but You,,43.0
The Iron Claw,100.0,100.0
Freud's Last Session,45.0,72.0
Memory,14.0,47.0
The Color Purple,82.0,95.0
The Color Purple,73.0,94.0
The Boys in the Boat,57.0,97.0
Ferrari,,
Good Grief,,
